userId,mean_latency_minutes,valid_comment_count,filtered_comment_count,latency_variance_score,mean_text_length,std_text_length,unique_comment_ratio,max_duplicate_count,total_duplicates,unique_channel_count,labels,anomaly_score
UC--FsVX4q4Ek_2DD89J5cOg,8.248655388114345,-0.4,0.0,-0.2552280744541135,0.7697180019197111,0.0398406517704332,0.0,-0.2217127734342647,-0.2478718084569988,0.0,1,0.09506369796932129
UC-1YF8d0KYSg3ksrpQJi3Kw,19.80259470570964,-0.4,0.0,0.3615324948063153,-0.3262033546704577,-0.4347085975036988,0.0,-0.2217127734342647,-0.2478718084569988,0.0,1,0.05806650684557929
UC-3Nj6oYW1QqHjBmm3iL-oQ,-0.2306168491754712,3.6,0.0,0.7053732488526965,0.2450657824848198,0.3603922468347774,0.0,-0.2217127734342647,-0.2478718084569988,0.0,1,0.09591508103307211
UC-3PP_G2wsXPI0In8hr1z4A,0.048116246684552,0.2,0.0,0.1254937833820702,-0.3562924561081615,-0.4688496938650701,0.0,-0.2217127734342647,-0.2478718084569988,0.25,1,0.14785913391152483
UC-3rwZnz8xmpX4wByAA5CQw,-0.260530255808504,-0.2,0.0,0.4622529949767736,-0.4523515592895633,-0.5204764932547425,0.0,0.6913574657089212,0.7154674764909068,0.0,1,0.09387623244754484
UC-4JFXwbKLjHEpRYu22yROQ,-0.292535039553629,0.0,0.0,1.486435817774,-0.4141095423717573,-0.405461705671454,0.0,-0.2217127734342647,-0.2478718084569988,0.0,1,0.16285159806734706
UC-7-qCkA4GVQznRkXeop4Lw,-0.3360063853185683,3.8,0.0,6.421015620633103,-0.2951688751810817,-0.3174563233179843,0.0,-0.2217127734342647,-0.2478718084569988,0.0,1,0.08694485400040625
UC-7CsrBveGCDiDQtCSi75NA,-0.0611619794633222,0.2,0.0,3.890268695312536,0.5087692102258223,0.7087380993419501,0.0,-0.2217127734342647,-0.2478718084569988,0.0,1,0.11966799655341959
UC-7UGGUfegIlYvAMQEEZoWA,0.2911115106434526,-0.4,0.0,-0.1383647903040996,-0.3389170595032903,-0.4526035034499062,0.0,-0.2217127734342647,-0.2478718084569988,0.25,1,0.1521065928654503
UC-8JKGrT19vvhAvsSxAYjSQ,3.0402828960879447,0.0,0.0,-0.2447236905646989,-0.1035318957411327,0.3517766584792256,0.0,-0.2217127734342647,-0.2478718084569988,0.25,1,0.11901372081262068
UC-8SI97g7bH6iCOyRhC6Emg,0.3686376091031729,-0.2,0.0,-0.1869713759597713,0.3034075613288182,0.2739601029868309,0.0,-0.2217127734342647,-0.2478718084569988,0.25,1,0.13813627642837023
UC-9oSS0x2AoD2EC2WWP6XgA,-0.3500906296373501,-0.4,0.0,3.563006444035015,-0.4287605736553072,-0.5200942310154237,0.0,-0.2217127734342647,-0.2478718084569988,0.0,1,0.14164913462199685
UC-AAsyvqCmt4FS4x02OFxxQ,0.4253131572640624,1.6,0.0,-0.2298768385651695,0.2091848821788256,0.3534084181613619,0.0,-0.2217127734342647,-0.2478718084569988,0.5,1,0.06765006555815223
UC-AbeGBC9-f2huFbou2g-zQ,0.1608758092041151,-0.4,0.0,0.9204460238826132,-0.4151992885002858,-0.5203433252633316,0.0,-0.2217127734342647,-0.2478718084569988,0.0,1,0.15755574410294637
UC-B97mdpY4nQf6U5g5sLgAw,-0.2292035305290542,-0.4,0.0,0.1023422019123309,-0.1388881034667242,-0.276184121964536,0.0,-0.2217127734342647,-0.2478718084569988,0.0,1,0.17172690746808594
UC-BU1Oft2db2OJGvjJu0cVQ,-0.2843153227646363,-0.2,0.0,0.6892759880050612,0.283630687144412,0.143135963734178,0.0,-0.2217127734342647,-0.2478718084569988,0.0,1,0.15459439566622268
UC-E_u0tONL7jX233EX8yy1A,-0.0334836813704942,4.2,0.0,0.2633932708084274,-0.2899995666226773,-0.2804287756645806,0.0,-0.2217127734342647,-0.2478718084569988,0.25,1,0.0905092774942528
UC-EzdIsompamqS86hM6BoFw,-0.1767003546426512,-0.4,0.0,0.2472441947034132,-0.350783184013934,-0.3087891353857838,0.0,-0.2217127734342647,-0.2478718084569988,0.25,1,0.15490259830142689
UC-ISj9vvmY4p2GaXHlCJrtw,0.2926696110319597,-0.2,0.0,-0.1807240445007318,-0.1528731787828401,-0.1757409284898274,0.0,-0.2217127734342647,-0.2478718084569988,0.0,1,0.172585538285289
UC-JVRGWnjzZuEGi88c9eLAA,2.8381729972870464,1.6,0.0,-0.2288574652956225,-0.0154239032012167,0.0872527725849208,0.0,-0.2217127734342647,-0.2478718084569988,0.0,1,0.12129976707741069
UC-LDOX6xdSyeUiFMggIRC0w,-0.1974144651161726,0.6,0.0,10.953390591977142,-0.3249319841871744,-0.0459208912947553,0.0,0.6913574657089212,0.7154674764909068,0.0,1,0.04691751989351661
UC-NuZui4n3wDtTmgMBKT9Sg,0.1397789356883369,3.2,0.0,0.6026299881726991,-0.3420125702451973,-0.1737579662032379,0.0,-0.2217127734342647,-0.2478718084569988,0.0,1,0.12113386385321812
UC-Nw5S0c6bq3ldlu9CT-GHw,0.4266881596486567,-0.2,0.0,-0.2228181518671964,0.0943377485222379,0.1398937768765012,0.0,-0.2217127734342647,-0.2478718084569988,0.25,1,0.14971666805659717
UC-OYdlMvgSQIzV9mhqVLnRg,-0.3645108345941398,-0.2,0.0,31.34789156497952,0.673517635351278,1.7925455257052727,0.0,-0.2217127734342647,-0.2478718084569988,0.0,-1,-0.023906569118289922
UC-PDPi-5c3jTo6E1lizbJFg,0.6744195232949909,2.2,0.0,-0.0815306245099009,1.0848295305912503,2.4913260188448,0.0,0.6913574657089212,0.7154674764909068,0.0,-1,-0.012914173944629792
UC-PETw1P1_voShih9WRmkMg,0.051323112785897,-0.2,0.0,0.0770077056519609,-0.2870733964627396,-0.3040321735122425,0.0,-0.2217127734342647,-0.2478718084569988,0.5,1,0.11981931063456608
UC-RAnK0D2x7DewvatyRqcHQ,-0.2732191595622748,-0.4,0.0,0.1714972920347582,-0.0202268583602867,-0.0895103529975872,0.0,-0.2217127734342647,-0.2478718084569988,0.25,1,0.15411325313023172
UC-S7pAVa8NuLbGZRT--xCBg,-0.240333626952218,-0.4,0.0,0.5893368126521438,0.0102860332385113,0.0068470568183821,0.0,-0.2217127734342647,-0.2478718084569988,0.0,1,0.16661399305967217
UC-T9vpeDnjGxmKSzIiM920A,-0.0246333974761905,0.2,0.0,-0.1258701263917464,-0.3626493085245778,-0.4000415279240389,0.0,-0.2217127734342647,-0.2478718084569988,0.25,1,0.14978148843991412
UC-TdHGwX918DS0qknMVDUUQ,-0.1449204794770702,-0.2,0.0,-0.0514227715499754,0.0237060550065013,-0.1135468457194285,0.0,-0.2217127734342647,-0.2478718084569988,0.5,1,0.1195192767734215
UC-UGpuEQAvfwbzcdAWvBLeA,2.704618202687981,-0.2,0.0,-0.195454410006146,0.183333682352066,0.6857524481915727,0.0,-0.2217127734342647,-0.2478718084569988,0.0,1,0.12580357944980858
UC-W82dsdqQfqgyuHRSalQBw,-0.1268015534528268,0.0,0.0,0.1070377301352561,-0.1604408602309547,-0.0167912665876954,0.0,-0.2217127734342647,-0.2478718084569988,0.5,1,0.11953598623909578
UC-WgwqxLnjpffl0hPn3hS-g,22.811857765133357,-0.2,0.0,3.447012656535976,0.3302476048647981,0.2220547830921124,0.0,-0.2217127734342647,-0.2478718084569988,0.0,1,0.00556310998396492
UC-XCNEk1uZcaM4h-rNp-3cw,0.4664656707920865,-0.4,0.0,0.247299677178047,0.0984343867461507,-0.1877736435252501,0.0,-0.2217127734342647,-0.2478718084569988,0.0,1,0.16006500496056436
UC-XFuI62LLtCjTXM2Kd74Xg,0.2448223558164761,-0.4,0.0,-0.0764457259906088,-0.1905905031202434,-0.3798701506890449,0.0,-0.2217127734342647,-0.2478718084569988,0.0,1,0.16960391643345052
UC-XRuhdgwtAU3ZPyHp8v3ZA,-0.2645873965206824,-0.4,0.0,0.2726695467114423,-0.3490880233695563,-0.4379451229535088,0.0,-0.2217127734342647,-0.2478718084569988,0.0,1,0.1678090316294577
UC-XwCzDwf3LWXpkMYHQ2RlQ,-0.0271142340407857,-0.4,0.0,0.1146727462857989,-0.1100703725123037,-0.2317858713187722,0.0,-0.2217127734342647,-0.2478718084569988,0.0,1,0.1728523868849508
UC-ZDi9r-41GiPdxTe3HwebA,-0.040914147800647,0.0,0.0,-0.031850838247104,-0.0720503409169758,-0.2885952643396495,0.0,-0.2217127734342647,-0.2478718084569988,0.25,1,0.15893852642962703
UC-_rI_t4-KRvrbgWFEZa5uA,0.2347569141959853,0.0,0.0,-0.0655493333102677,-0.3341948262796667,-0.3202482558896827,0.0,-0.2217127734342647,-0.2478718084569988,0.0,1,0.17227194171546928
UC-aQ1VwwK6EsHxkO2s4MQ1Q,-0.2028833049346843,0.8,0.0,0.1058845731610436,-0.2944576189666575,-0.3520064307013235,0.0,-0.2217127734342647,-0.2478718084569988,0.0,1,0.16115310881712874
UC-bNysdfGc8M00JORt9wFSw,1.8003848221842278,-0.4,0.0,-0.2257419025792433,-0.1346502018557801,-0.1436073487096677,0.0,-0.2217127734342647,-0.2478718084569988,0.0,1,0.16137841678346715
UC-bPEgY4UCenObQ02iWK0cQ,1.051461672466432,-0.4,0.0,-0.2116867890732827,0.0246948987157216,0.2829596217489749,0.0,-0.2217127734342647,-0.2478718084569988,0.25,1,0.1366138450693412
UC-bu3cnBZmFtmOd3JOlhtng,-0.3196058723990581,0.6,0.0,1.56880259063399,-0.1579586607159731,-0.0253345651720807,0.0,-0.2217127734342647,-0.2478718084569988,0.0,1,0.15516190282113146
UC-dRtPqdUtIYwsYfxnp_t4g,0.5030287162065957,-0.4,0.0,-0.0968956090191844,0.1467464651109144,0.1715739343805516,0.0,-0.2217127734342647,-0.2478718084569988,0.0,1,0.15797692475217373
UC-dXrO29mz1F846RHJAPS-Q,-0.134104265346328,-0.2,0.0,-0.1408070165473057,-0.17971322231882,-0.1130224183455223,0.0,0.6913574657089212,0.7154674764909068,0.25,1,0.09717097377236855
UC-dtn_v6-lmpa6j7Vwl-BgQ,16.133302223996633,-0.4,0.0,-0.2544736575710722,-0.3228130333817023,-0.3894937071349229,0.0,-0.2217127734342647,-0.2478718084569988,0.0,1,0.0704054754115429
UC-edhzZuiP2P19s_tu88CQg,0.2183120270646567,-0.4,0.0,2.171618207366512,1.0307727411538736,1.7507456059330644,0.0,-0.2217127734342647,-0.2478718084569988,0.25,1,0.04768482492978765
UC-gCpMc94-3CWd9MJw107_w,-0.1992189348265465,1.0,0.0,0.2680191405874478,0.242311146437706,0.3217532388242906,0.0,-0.2217127734342647,-0.2478718084569988,0.0,1,0.136422231623669
UC-h6mJDreiBJG8fPtQ3OA-g,-0.1800670699929367,0.8,0.0,0.676587113341736,-0.2913755087041527,-0.314480264345693,0.0,-0.2217127734342647,-0.2478718084569988,0.0,1,0.16047758241911342
UC-jznjjSTKr15h65W95yDoA,-0.279954373684962,0.2,0.0,1.2453174381004393,0.0388918691123847,0.6093585874359452,0.0,-0.2217127734342647,-0.2478718084569988,0.25,1,0.11539087192841607
UC-k-axvrivMCH12r4Lg9tbQ,-0.2696678982999252,2.0,0.0,2.1888769953078007,-0.1313097382330358,-0.3109061612214192,0.0,0.6913574657089212,0.7154674764909068,0.0,1,0.08636903975380839
UC-k0fXW2TZgXNyZiAPK_AQQ,1.0112126309422702,-0.2,0.0,4.364060752058675,-0.2729470577595923,-0.4509690685419686,0.0,-0.2217127734342647,-0.2478718084569988,0.0,1,0.14452766441793802
UC-kAVBFQAr54Etg76uska7g,-0.03478825687613,5.4,0.0,0.0542608791083066,-0.2567017682509729,-0.2901771305318157,0.0,-0.2217127734342647,-0.2478718084569988,0.5,1,0.01806286186549244
UC-kEpkvZNXjfm0eeLljdiPw,1.4204720167918556,-0.2,0.0,-0.1363495438072459,-0.5109758649076246,-0.566660996736173,0.0,-0.2217127734342647,-0.2478718084569988,0.25,1,0.12532130255650242
UC-mWbS71hcXLB0jOqv8-Z7Q,1.1054572575061994,3.8,0.0,-0.2206998882524177,3.4610789180577246,1.4334497439997052,0.0,12.561270574570338,7.9405121136002,0.0,-1,-0.21752753470876574
UC-mwgFQEo2PS0IGEHAJpoYg,0.0278155206040338,1.0,0.0,-0.1193224259335811,-0.0483382723795499,0.1252772476033315,0.0,-0.2217127734342647,-0.2478718084569988,0.25,1,0.13974999006627287
UC-nf2ZdwpfjBQYW79Gi1AHA,-0.320060671816756,0.4,0.0,1.1552695933064223,-0.111671357565327,-0.066166093511308,0.0,-0.2217127734342647,-0.2478718084569988,0.0,1,0.16251747070110717
UC-nyyAcb8rt4vTYr2HbMUAg,-0.1579046493812946,0.4,0.0,2.392823510269162,0.1091704041605426,0.1131648423615947,0.0,-0.2217127734342647,-0.2478718084569988,0.0,1,0.1431750371342257
UC-p42GezfAlIR-YMhvst8jg,0.2006771635765557,0.8,0.0,-0.1865486261750986,-0.29599867409791,-0.3533175359367544,0.0,-0.2217127734342647,-0.2478718084569988,0.25,1,0.14744741352601937
UC-pSt_GMFA_b-owUKoE8KOw,0.8153543221238292,0.8,0.0,-0.1990796999057769,-0.2628659887759826,-0.1100298090318517,0.0,-0.2217127734342647,-0.2478718084569988,0.0,1,0.15778380951304294
UC-qUUzLEE1BM8VDWZaE1lrQ,0.471165421873209,-0.4,0.0,-0.2095730217222509,-0.3168799711263805,-0.4197345198662175,0.0,-0.2217127734342647,-0.2478718084569988,0.25,1,0.15061861654171727
UC-qrLi0LFsZcMa8iFNSto7A,-0.0232537242241493,1.4,0.0,0.4262528112143546,-0.0090872312686621,0.078686214633034,0.0,-0.2217127734342647,-0.2478718084569988,0.25,1,0.13452436615268204
UC-shWlsEYm5Qd3eaCoWusPw,1.8023312105211864,0.2,0.0,-0.2248052577451764,0.0383621314110166,-0.0979142126371859,0.0,-0.2217127734342647,-0.2478718084569988,0.0,1,0.1545709978616806
UC-t2zx9mcjh4CR-V4CcGlPg,-0.12344829142493,0.4,0.0,15.006206339703224,-0.1851283188216931,-0.2016762753985522,0.0,-0.2217127734342647,-0.2478718084569988,0.0,1,0.0961556163867372
UC-tAztCfSbLUftcrb3r4lHw,-0.0226774654208812,-0.4,0.0,1.425903452873266,-0.4185896097890412,-0.5335601538578526,0.0,-0.2217127734342647,-0.2478718084569988,0.0,1,0.1571064054758614
UC-tP9luhDME3Y0yO-WqbbcQ,-0.2352234959820173,1.0,0.0,0.6116620313581496,-0.3418129589374355,-0.3237834522431315,0.0,-0.2217127734342647,-0.2478718084569988,0.25,1,0.14303625046724205
UC-th9WaXgUbwOoJ1S5mX5uQ,0.3126633475055317,-0.4,0.0,-0.1759901608036012,-0.1575348705548787,-0.2543223204335253,0.0,-0.2217127734342647,-0.2478718084569988,0.25,1,0.15950835682238668
UC-tukbjmNwzijx2trCa1yHw,-0.3230882691838971,-0.4,0.0,34.7055091624424,-0.3524783446583117,-0.3726126764492941,0.0,-0.2217127734342647,-0.2478718084569988,0.0,1,0.03933157758656186
UC-uTPn6USADmLGXeBe44aBA,0.4789973304244607,0.0,0.0,5.556488746700747,-0.4098716407608131,-0.4382186293779797,0.0,0.6913574657089212,0.7154674764909068,0.0,1,0.07186281775872438
UC-xW1QyTj9XfHwzTWDVarpw,-0.2677007695292961,-0.4,0.0,0.2746958574930166,-0.3312888366035907,-0.2689333068778013,0.0,-0.2217127734342647,-0.2478718084569988,0.25,1,0.15745756423298696
UC-xnXR4fv772MVr4WUN5uTw,0.0771971936476726,-0.2,0.0,0.3009414133335414,-0.3202702924151358,-0.3622370925037375,0.0,-0.2217127734342647,-0.2478718084569988,0.25,1,0.15594406081469886
UC-yPYOzjhFnwzbTJkw4Oo3g,0.8294763742499234,0.2,0.0,-0.1411412641356894,3.1585171924686803,3.5898964111739167,0.0,0.6913574657089212,1.6788067614388125,0.5,-1,-0.1255562431574302
UC-z-vIKgXF_ORkE9pZWZ6EQ,-0.127568686623108,5.6,0.0,0.0205154208802925,-0.3765738423891087,-0.3613328061579102,0.0,-0.2217127734342647,-0.2478718084569988,0.25,1,0.04677468203356522
UC0-uMmXdJLxnBsZhnQKIb0w,0.2036989279062825,0.0,0.0,-0.1927483548876936,-0.2887887375909789,-0.2287848079166092,0.0,-0.2217127734342647,-0.2478718084569988,0.5,1,0.12098530643809358
UC0-ysskkXPHysgsUGBYhsGA,-0.2732461243538052,1.4,0.0,0.7044340709471932,-0.2479232577711599,-0.2613971555995773,0.0,-0.2217127734342647,-0.2478718084569988,0.0,1,0.15655110291766355
UC007tubOj6VJhslWWKSWnYg,0.5279060087073029,0.6,0.0,-0.031356122619078,-0.0079369436885486,0.030032596174463,0.0,-0.2217127734342647,-0.2478718084569988,0.0,1,0.1587713721770323
UC01O-uumR9ZROb21Hs1Tfwg,13.658739063597215,-0.4,0.0,-0.2499402300550935,2.227556156084514,5.808093054323661,0.0,-0.2217127734342647,-0.2478718084569988,0.0,-1,-0.08115120348399785
UC025gI1MY50e0WLX9KHNScw,0.337468531912034,-0.2,0.0,-0.1663906201846633,0.1783894638059644,0.0043826846000457,0.0,-0.2217127734342647,-0.2478718084569988,0.0,1,0.1614164446777308
UC04iSUzuD5h5WR9fe-mINjA,6.625027122469722,-0.4,0.0,-0.2471551047866454,0.443399577877008,0.5450117393890815,0.0,-0.2217127734342647,-0.2478718084569988,0.0,1,0.1032204047624592
UC04kVGgTePaBx-2TS6U6VnQ,-0.2597364608218782,1.4,0.0,0.1982266871891824,-0.1985819747294525,-0.1212479345653359,0.0,-0.2217127734342647,-0.2478718084569988,0.0,1,0.15519611343719814
UC04o2mBHApVFKXeWRkkITzQ,-0.1403218211162546,-0.2,0.0,0.0516515637538448,-0.0384498352873468,-0.3933430845550459,0.0,-0.2217127734342647,-0.2478718084569988,0.25,1,0.14977076566873188
UC05d3jeIXecQvsHDqfOJ4Vg,0.0699616412536761,-0.2,0.0,-0.1500464645117552,-0.1662932005508301,-0.4317273211234463,0.0,0.6913574657089212,0.7154674764909068,0.5,1,0.05434486335375782
UC09xnooOZiUMUa7ntYIXcow,-0.0131549553332277,-0.4,0.0,-0.161531240910689,-0.2761961156613162,-0.2727792147337712,0.0,-0.2217127734342647,-0.2478718084569988,0.0,1,0.17325031171124394
UC0ALhDTSr9cSr69qFh8lcSQ,-0.2974530259916148,1.2,0.0,2.2182058630321264,-0.274957344421194,-0.2088510360978287,0.0,-0.2217127734342647,-0.2478718084569988,0.25,1,0.12319711814507506
UC0B140mvBpAYyQaQzAt_ZUg,-0.2400165634203463,1.0,0.0,0.113189734202405,-0.3354561065210192,-0.1072894892712838,0.0,-0.2217127734342647,-0.2478718084569988,0.0,1,0.15231419309591704
UC0B4K8eXgbayzhjXCr3Gb6w,0.5925657609461402,-0.4,0.0,0.1925486603778342,-0.1965235653755653,0.0219960050434981,0.0,-0.2217127734342647,-0.2478718084569988,0.25,1,0.14857173840159227
UC0CSjZtlEdmz4reiLuSLY_w,2.7584256867489736,-0.4,0.0,-0.2498263377828843,-0.1600776115214452,-0.2719638875067969,0.0,-0.2217127734342647,-0.2478718084569988,0.0,1,0.1493794188734714
UC0Emt6egSgzy6-3Lv6-tMWw,0.5773806446370982,-0.4,0.0,-0.1991282787132965,2.180091658041939,2.426499784377574,0.0,-0.2217127734342647,-0.2478718084569988,0.0,1,0.034335013231673484
UC0EtW3yQzTBYwrRBFh7aEcg,-0.2766336899055092,-0.4,0.0,1.6487107004939618,-0.2651775714728613,-0.4447480729512653,0.0,-0.2217127734342647,-0.2478718084569988,0.0,1,0.16589849866174566
UC0FCSAxhpuGQTQRzsF4KrSQ,3.6535416349884016,-0.4,0.0,13.202808299526655,-0.2261888766521747,-0.2597924330235292,0.0,-0.2217127734342647,-0.2478718084569988,0.0,1,0.06911908873160971
UC0FWQr_e5lJCEGvqYZ8LW8w,2.0882869924289853,-0.4,0.0,4.041554130258697,-0.398247682056509,-0.4649379722517605,0.0,-0.2217127734342647,-0.2478718084569988,0.0,1,0.1357132541304112
UC0JK4HrDpgWyWOLeMdCeU9g,1.8298152257761613,0.0,0.0,-0.2347832715036795,0.2373164766819504,0.6080629840776238,0.0,-0.2217127734342647,-0.2478718084569988,0.0,1,0.1343536312654613
UC0L1X3iro6II3nJB0ySwmpg,1.0082731656902686,-0.4,0.0,1.000675469653659,-0.5575927826280108,-0.6003272946293761,0.0,-0.2217127734342647,-0.2478718084569988,0.0,1,0.13455394475046473
UC0Lv5YLenCRITzqrIBIPAPQ,14.34046655877157,0.0,0.0,-0.2518103974435716,0.1634559057483515,-0.475546420993011,0.0,-0.2217127734342647,-0.2478718084569988,0.0,1,0.06488159279863076
UC0MY8ErvkPIu65fCEGBmmWQ,-0.1705791509224782,8.8,0.0,0.418518384555401,3.334878298969223,6.169801721652517,0.0,15.300481291999896,8.422181756074153,0.25,-1,-0.27771403308856457
UC0NgDwAaPqWvrlXwzJq-eow,-0.1541347628091026,0.6,0.0,0.0789221890947594,0.5768934786217502,0.7368375394128592,0.0,0.6913574657089212,1.6788067614388125,0.25,1,0.026938941187570342
UC0P7ZJSN8jgQFvUXVAlTnfw,-0.3031609852677296,-0.4,0.0,1.151806420676537,-0.008360733849643,-0.1562967428388881,0.0,-0.2217127734342647,-0.2478718084569988,0.25,1,0.14409664326648353
UC0Pah0FnvKA1xJ_Ts-ajulg,-0.1382822931576147,-0.2,0.0,0.0777950818740331,0.2151179444341475,-0.0645538811836782,0.0,-0.2217127734342647,-0.2478718084569988,0.0,1,0.15913070423010944
UC0Qpf8nNz09Cu2bJ-vtfkHg,2.329572794646172,0.0,0.0,-0.2249611855870869,3.059153535054936,4.874865515508365,0.0,-0.2217127734342647,-0.2478718084569988,0.0,-1,-0.06856137886215585
UC0R8mCvGGGEEKMgWJmAoxtA,1.9055474081611443,-0.2,0.0,-0.1997396284824655,1.1107278182136875,1.491157333798252,0.0,-0.2217127734342647,-0.2478718084569988,0.0,1,0.07943305424316238
UC0RSVKxl1or-AIBO6lbaEKQ,-0.3302736286887902,-0.4,0.0,31.18131783254288,-0.4151992885002858,-0.2831475924569995,0.0,-0.2217127734342647,-0.2478718084569988,0.0,1,0.04686585209728
UC0STFkkGT2ZDc18gZp1QjTg,-0.3469130258893607,0.0,0.0,3.039164745019034,-0.406239153665718,-0.4957744187511198,0.0,-0.2217127734342647,-0.2478718084569988,0.0,1,0.149593255993005
UC0TrFwDaV06zckO6v5f6mIQ,-0.1891130615559491,6.4,0.0,0.1566188608474613,-0.0022103433065804,0.02560068226565,0.0,-0.2217127734342647,-0.2478718084569988,0.25,1,0.018428116729245936
UC0VRhMJvKrtMCEYdRCQReVw,0.5471731854375501,0.2,0.0,-0.2235253975984169,0.4229517026042024,1.0054418983038529,0.0,-0.2217127734342647,-0.2478718084569988,0.0,1,0.12873623968624454
UC0WmntVL_fy1qRU_fhyvJnQ,-0.0999359862957331,0.2,0.0,11.072761689576666,-0.0230874419476741,0.6702175275166526,0.0,-0.2217127734342647,-0.2478718084569988,0.0,1,0.08939381767497334
UC0WtOA7yunwSsSiy_OmLq0g,0.0296677089061609,0.2,0.0,-0.1602536174294526,-0.2461070142236124,-0.2779734495814449,0.0,-0.2217127734342647,-0.2478718084569988,0.0,1,0.17022069731544404
UC0XuK0OcU1tj9i_ksTZeayg,0.0761657651237019,-0.4,0.0,14.603479941153513,0.3103294672933605,0.5536987137790537,0.0,-0.2217127734342647,-0.2478718084569988,0.0,1,0.06594793350674377
UC0Ype554r1Bz6DkNMPiBc9A,0.2791839835314342,-0.4,0.0,-0.1490660881876644,-0.3092517482266809,-0.3097764270348036,0.0,-0.2217127734342647,-0.2478718084569988,0.0,1,0.1713293246808646
UC0a8VrAO1wApos7B8dNQNMQ,-0.2711492330933328,-0.4,0.0,4.3258867630324325,0.1798020976762792,0.7128574000700392,0.0,-0.2217127734342647,-0.2478718084569988,0.0,1,0.12354703854373061
UC0aA0vamcbHv0tif7rDY4UQ,0.4160663545954278,-0.4,0.0,-0.1445448785357294,-0.4669016881538049,-0.5356552140102063,0.0,-0.2217127734342647,-0.2478718084569988,0.25,1,0.1408276788264745
UC0bD9jiD7wlQlYgIxzVZzBg,0.5632698783366726,0.0,0.0,-0.2014387356874836,-0.1525704715249155,-0.1522116893430685,0.0,-0.2217127734342647,-0.2478718084569988,0.25,1,0.15610201316951677
UC0bN8JagMTQ1ywkfOTYCPAA,-0.2432852869554456,0.2,0.0,0.1928589647909133,-0.3043781613740951,-0.3351966642776018,0.0,-0.2217127734342647,-0.2478718084569988,0.25,1,0.15481927302783255
UC0bf0SDC-epak0Q24x985dA,2.617606409509972,1.2,0.0,-0.2390051860697249,0.7607206108072451,2.3242110445465225,0.0,-0.2217127734342647,-0.2478718084569988,0.0,1,0.04607471047998957
UC0ceZLTdPJQhwrt5pf7Q3vA,1.4300192698530112,-0.2,0.0,-0.222534238196779,-0.1669995174859874,-0.3122825506660647,0.0,-0.2217127734342647,-0.2478718084569988,0.0,1,0.16659749848249267
UC0cgJ93XWryCESv7H_XyJPw,0.0541013952390877,-0.2,0.0,-0.1308514279895334,-0.32450819402608,-0.3753367284588449,0.0,0.6913574657089212,0.7154674764909068,0.25,1,0.09172078804671874
UC0cuFt4J3uYqRZcbsxHLZuw,2.417862793521231,0.0,0.0,-0.2194740635247616,0.058719194506445,-0.0958750295479472,0.0,-0.2217127734342647,-0.2478718084569988,0.0,1,0.15225168222171315
UC0d4HVGkA4MvrWfrefCbR_g,-0.3478467954117962,-0.4,0.0,7.515791867050893,-0.1990663063421318,-0.023219196298192,0.0,-0.2217127734342647,-0.2478718084569988,0.0,1,0.13161012543497497
UC0hnhAzWDUfUGDiTNDtPaKg,0.0616338633151046,0.2,0.0,0.024325849578422,-0.1322134084294871,-0.3486286681956106,0.0,0.6913574657089212,0.7154674764909068,0.0,1,0.11430839191805753
UC0jJxJsBKdyLKNMM81Fb1Ng,-0.0415920547787292,0.2,0.0,0.0406314509741062,1.3955501223158953,0.7468174911107284,0.0,-0.2217127734342647,-0.2478718084569988,0.0,1,0.09089765798834393
UC0jYnPQ3azaq0WyopIn_hYA,1.5398667611269494,-0.4,0.0,-0.2082359496997475,-0.1236316576673251,-0.3816423064423713,0.0,-0.2217127734342647,-0.2478718084569988,0.0,1,0.16070262728952128
UC0jjiAQJwS8oqPWAKYVY2nw,0.0224669144987501,0.4,0.0,0.1247292727311678,0.1539038100538424,0.2881193323000126,0.0,-0.2217127734342647,-0.2478718084569988,0.0,1,0.153931212698021
UC0k_vomz2tNwySnlk3Zs5Rg,-0.2309991634631775,1.6,0.0,0.4153997588006158,-0.3106643820969956,-0.2747050495090323,0.0,0.6913574657089212,0.7154674764909068,0.25,1,0.09416650905193563
UC0lETRLeo0sWFMUgx_arffA,-0.3195351781890533,0.4,0.0,0.441671063509685,-0.2147936300983025,-0.4278259925700103,0.0,-0.2217127734342647,-0.2478718084569988,0.0,1,0.165357761064317
UC0lg9ewe4uVGFvEVbfCW7XQ,-0.220209813132237,-0.2,0.0,1.401945626176578,-0.164174249745358,-0.1257181446940055,0.0,-0.2217127734342647,-0.2478718084569988,0.0,1,0.1697917707260832
UC0m-h-L5fnz-01ZDmiUhERg,-0.1258471816177613,0.0,0.0,0.3110953992112999,-0.4020012520547738,-0.3397096481110214,0.0,0.6913574657089212,0.7154674764909068,0.0,1,0.10776759736364128
UC0mwka0AAqmYFilSucI0MtQ,-0.0025847570533023,0.0,0.0,-0.1332750565028521,1.2235367230002496,0.7388689177913342,0.0,-0.2217127734342647,-0.2478718084569988,0.0,1,0.1057497231945187
UC0nPIiUXNalTlxDnkt_XowA,1.4402266301000866,0.2,0.0,-0.2433678487757655,0.0420702953205928,-0.2120274929902647,0.0,-0.2217127734342647,-0.2478718084569988,0.25,1,0.14496210251175035
UC0nhSdpIFWWJbwn5w1J1dJg,0.7911811439547702,-0.4,0.0,7.304895723807346,-0.1516018082995568,-0.311851053829791,0.0,-0.2217127734342647,-0.2478718084569988,0.0,1,0.12893193836176464
UC0o6Pm-SRQSvCjLQwlL9wfg,21.75797474023046,0.0,0.0,0.9115487792322732,0.2409489637770454,0.0051615780092611,0.0,-0.2217127734342647,-0.2478718084569988,0.0,1,0.020405979679359032
UC0ps7AWv5TuIsngMzdxMUOA,-0.0440560004767197,0.0,0.0,0.1889262257622738,-0.0048493296577179,-0.03384030888588,0.0,-0.2217127734342647,-0.2478718084569988,0.0,1,0.1695283763159438
UC0qMcKM_p4Vp5lDM7sSOlZQ,4.165345993020815,0.8,0.0,-0.2447637946311654,0.6425039008348227,0.5700197507344982,0.0,-0.2217127734342647,-0.2478718084569988,0.0,1,0.09920971311499305
UC0ss0Q6It-5M5sC8A-byypw,-0.3378974942791706,2.8,0.0,2.4714520960935897,0.0552885122499664,-0.1095874124350807,0.0,1.6044277048521072,5.0504942587564825,0.25,-1,-0.05066419361192087
UC0viMufzTU9aYptcTaSr_UQ,-0.2977719656390598,-0.2,0.0,1.498872452143514,-0.1648805666805153,0.2425305354979871,0.0,-0.2217127734342647,-0.2478718084569988,0.25,1,0.13061750265493893
UC0yv-OovB0Gm2FDLILaDHAA,1.476042614450369,-0.4,0.0,-0.2420221057070433,-0.2855194992053934,-0.3754875532012391,0.0,-0.2217127734342647,-0.2478718084569988,0.25,1,0.14271207319554713
UC0zy_5p_Cekk9SJlvz0aFmg,-0.1863225435664115,2.2,0.0,0.5036120462122459,-0.271063545932506,-0.1726514893374715,0.0,-0.2217127734342647,-0.2478718084569988,0.25,1,0.12816039040694827
UC1097hTvhbfwlob-QabxODw,-0.2088957097796034,0.0,0.0,-0.0781106354012771,0.0012048155007738,-0.2670314130459544,0.0,-0.2217127734342647,-0.2478718084569988,0.5,1,0.11912810271955043
UC13bTSnfoE6-yCX_VxpJAKg,0.2258452020827737,-0.4,0.0,-0.0900424124673538,-0.1100703725123037,-0.43042649437945,0.0,-0.2217127734342647,-0.2478718084569988,0.0,1,0.1678439020500913
UC15g0XAgYN2S9VXFYS0mMOA,0.2590531002904527,-0.4,0.0,-0.1262073523551073,-0.1880477621536769,0.0491553080157892,0.0,-0.2217127734342647,-0.2478718084569988,0.25,1,0.1546028403109735
UC178EW-8X5DhhH7CbE0x30A,14.493002445781752,0.0,0.0,-0.2553210768876631,1.7054466776161894,2.249461717270398,0.0,-0.2217127734342647,-0.2478718084569988,0.0,-1,-0.025776735720075772
UC178K2GpAD3ixne4n9bc3Sg,0.3052849928073254,-0.2,0.0,-0.1603489018608908,-0.0589330264069104,-0.1516310555391273,0.0,-0.2217127734342647,-0.2478718084569988,0.25,1,0.1586220227111344
UC19_brJuQg39ocRlhv-J1FQ,-0.3106739308657529,1.2,0.0,0.8774294374384415,-0.3072305951506921,-0.3427384412239994,0.0,-0.2217127734342647,-0.2478718084569988,0.25,1,0.1336102663858636
UC19lAxVK1IKP2q02012gxJQ,-0.2236384823174723,-0.2,0.0,-0.0349256311356322,-0.1627616158750432,-0.1020408292509665,0.0,-0.2217127734342647,-0.2478718084569988,0.5,1,0.12145229741206703
UC19vDD0xuulm-XddkcozXbw,-0.2034152253087511,0.4,0.0,0.4325253675379559,-0.330158729507339,-0.4420145005898273,0.0,-0.2217127734342647,-0.2478718084569988,0.5,1,0.10103018318376794
UC1BK8uYkW2kZFH2JpjSkvyw,0.0179672280319413,2.2,0.0,0.2887060488875559,-0.2708281069541202,-0.2187543160709019,0.0,-0.2217127734342647,-0.2478718084569988,0.5,1,0.08162660812465578
UC1DGACDHQr-2psPAk9Nr-Fg,-0.2881360729145908,1.2,0.0,1.6705900324072012,0.1710003020227797,0.0560482854605464,0.0,-0.2217127734342647,-0.2478718084569988,0.25,1,0.11513686904925552
UC1ESGKRTPh_MTwT08XPVMDQ,-0.2404849125616284,-0.2,0.0,0.6248252764221787,-0.0942488731647787,-0.0821079659338358,0.0,-0.2217127734342647,-0.2478718084569988,0.25,1,0.1551268390715388
UC1F5xbRoE-T_YEcy6XFPsMA,0.1993475982887553,-0.4,0.0,21.81456018195731,-0.4092662262449639,-0.3952316219199868,0.0,-0.2217127734342647,-0.2478718084569988,0.0,1,0.06667228853431434
UC1FVFKyx2KcJIT899O-FsUQ,0.0433488058973498,-0.2,0.0,-0.1768743681250961,-0.374656696422253,-0.4150908257235565,0.0,-0.2217127734342647,-0.2478718084569988,0.5,1,0.11753715030408507
UC1FY06yrvjVD8v1CEEqHmDA,0.143518966763724,-0.2,0.0,-0.0738332621861254,-0.1175573320249718,-0.424462988336917,0.0,-0.2217127734342647,-0.2478718084569988,0.0,1,0.16961963909584504
UC1JbxMi_Zv6VeWSLahrbVxQ,0.4845973217741309,-0.2,0.0,-0.1981912443928946,-0.237631211001724,-0.3591146557644439,0.0,-0.2217127734342647,-0.2478718084569988,0.0,1,0.17213705297448756
UC1K6jBYLly7LD1GvH31uJ9Q,-0.3112321432239835,-0.2,0.0,1.2559990350116743,-0.4177420294668523,-0.5601734740163877,0.0,-0.2217127734342647,-0.2478718084569988,0.0,1,0.14816015152129902
UC1K6y3vwIyi767YFiV3sPgw,-0.3471076874461954,4.2,0.0,8.713374910774867,-0.3971579359279805,-0.5060795646866226,0.0,0.6913574657089212,1.6788067614388125,0.0,-1,-0.02419119669247305
UC1Lw2zuslznBBzq3aR4hT4g,0.0299027671544271,-0.2,0.0,-0.1148221005829136,0.480693112053317,1.2933537536400268,0.0,-0.2217127734342647,-0.2478718084569988,0.75,1,0.02526657908904406
UC1PZN8T53aaa2T2G6t2qu0A,0.1983794410827389,1.0,0.0,-0.1545803525098853,-0.0522230155229154,-0.0251526080800108,0.0,-0.2217127734342647,-0.2478718084569988,0.0,1,0.15346763864213958
UC1Q3T4ZSDZTr7X_Fo6oAkxw,-0.278570004317542,0.6,0.0,1.6480876918609009,-0.3707013215853718,-0.496845366307417,0.0,-0.2217127734342647,-0.2478718084569988,0.0,1,0.15324679527426133
UC1SgB6EBoN-7MSL4vlJZCKA,4.814231694184655,-0.4,0.0,-0.240719294806901,-0.1922856637646211,-0.2822429424437634,0.0,-0.2217127734342647,-0.2478718084569988,0.0,1,0.13967824348525698
UC1Vubzpcxtyd1h0z5h813nA,0.2178793784994271,-0.4,0.0,-0.1316564706751711,0.1959061237978671,0.1133871491235424,0.0,-0.2217127734342647,-0.2478718084569988,0.25,1,0.14643230301302773
UC1WwkL3Oedh9vKzDrUdAQsg,1.9919130096481428,0.0,0.0,-0.2310407710625679,-0.3341948262796667,-0.3391997039404936,0.0,-0.2217127734342647,-0.2478718084569988,0.0,1,0.16032910250608468
UC1Ybc_HA5Gy-vScsaO3gOTg,0.3142794171462426,-0.4,0.0,-0.2003885950020426,0.0450368264482537,0.0308154162251085,0.0,-0.2217127734342647,-0.2478718084569988,0.0,1,0.16369115598107348
UC1ZhA4pAPE3yV7pwR-6fF3Q,1.4166085782150906,-0.4,0.0,-0.2237485260315249,-0.0117510551383983,0.4049027714691148,0.0,-0.2217127734342647,-0.2478718084569988,0.0,1,0.15088912487547906
UC1_yIinfNbWInCUj59ZaGQg,-0.2096118673748847,0.2,0.0,0.4007104803403185,-0.4791916028255432,-0.439053125783985,0.0,-0.2217127734342647,-0.2478718084569988,0.25,1,0.14176857629822454
UC1d0iP0k7JQzOlVYzemM8rg,2.4645512696430063,-0.4,0.0,-0.19450737110923,-0.3321364169257795,-0.4490794192340332,0.0,-0.2217127734342647,-0.2478718084569988,0.0,1,0.14934833631138322
UC1fjvIU-p43y8tgyUMH6A4w,0.8365583434726844,-0.4,0.0,-0.1008550889826066,-0.3592589872358224,-0.4336995969774037,0.0,-0.2217127734342647,-0.2478718084569988,0.0,1,0.16459858721961113
UC1gAxNW48V2LUejs6Hh7MUA,0.0028964006957404,2.2,0.0,0.0743845544230374,0.0877454571274358,0.6857148243339847,0.0,0.6913574657089212,0.7154674764909068,0.0,1,0.07316035455894432
UC1gGxPtQgGVe6BeRY6nA9Vw,0.1534302950064042,1.0,0.0,-0.1380849376962684,-0.4043220076988624,-0.353694818605157,0.0,0.6913574657089212,0.7154674764909068,0.25,1,0.08628544560029372
UC1hbivnVC5srFXFHFRddb_g,1.6708240737149114,0.2,0.0,-0.201802920973928,-0.0071953109066334,-0.0184388657146267,0.0,-0.2217127734342647,-0.2478718084569988,0.0,1,0.15817284725023456
UC1i8xDoIwEynr-AYgZ8wMYQ,5.672195007298133,-0.4,0.0,5.332160887068844,-0.2846719188832046,-0.3968138875168823,0.0,-0.2217127734342647,-0.2478718084569988,0.0,1,0.09500360260989438
UC1ig_r4dKD--Rn81iwTLkdw,-0.3378096314753074,1.6,0.0,2.6540714902626967,-0.1993488331161948,-0.3995884843320864,0.0,-0.2217127734342647,-0.2478718084569988,0.0,1,0.1353554354003948
UC1ipeFUAJEcExghnzuI-R2g,5.813012571562047,0.2,0.0,-0.2139399818144836,-0.0474553762106032,0.3030528120436629,0.0,-0.2217127734342647,-0.2478718084569988,0.0,1,0.1190380529233227
UC1jGCBnlGYRQF3-8QrAcFRA,1.323574997848706,-0.2,0.0,-0.2173159094049562,0.2666790807006352,0.1940626067961266,0.0,-0.2217127734342647,-0.2478718084569988,0.25,1,0.13359674224748547
UC1mT-pNI5yc2PCORvvC2M1Q,0.0872619283260634,-0.4,0.0,-0.1485101248521667,-0.0397212057706301,-0.3154356999354417,0.0,-0.2217127734342647,-0.2478718084569988,0.0,1,0.1700485092809707
UC1ohzUUnpwG_hH2xCVgId8w,0.4265856530441497,2.2,0.0,-0.2236694967204383,1.422919903553243,2.6687297108893606,0.0,3.430568183138479,3.123815688860671,0.25,-1,-0.11777315561936585
UC1pAiw_R2lQfCC_fTdxkWPA,-0.2579364852434261,-0.4,0.0,0.2123724810386917,-0.3287460956370242,-0.3966962610315124,0.0,-0.2217127734342647,-0.2478718084569988,0.0,1,0.16678546691463847
UC1pcDtNf5SpnasVTawbLeSg,-0.336026370027935,0.2,0.0,2.4474295432116886,-0.4272773080914767,-0.494092954427397,0.0,-0.2217127734342647,-0.2478718084569988,0.0,1,0.14700182519912286
UC1q6FvCP8TIaNrS8HncMFGg,-0.1158333467705741,-0.2,0.0,0.2121708667872248,0.1918094855739544,0.0094138377519029,0.0,-0.2217127734342647,-0.2478718084569988,0.0,1,0.1590642520778212
UC1q9Hue0A8JjCrW4LG-v5bA,6.950103439078616,1.4,0.0,1.936017828394183,-0.1958576094081312,-0.2568790016489512,0.0,-0.2217127734342647,-0.2478718084569988,0.0,1,0.09809393483570472
UC1qdCRkGSO0kUnmCi78Wmjg,1.9712974418537812,0.2,0.0,-0.2359684312251302,-0.3727143248505702,-0.4699847500306875,0.0,-0.2217127734342647,-0.2478718084569988,0.0,1,0.15323091271006045
UC1qhTWmjLxasqDsx0tiIswg,-0.1647489200341582,0.8,0.0,0.0851865440158175,-0.0328635104365568,-0.1856478317540234,0.0,-0.2217127734342647,-0.2478718084569988,0.25,1,0.1465776352886527
UC1sCQrneggy6dr91CTJmbdw,2.329825778926261,-0.2,0.0,-0.2342766602193077,-0.251051232769714,-0.3462884351146238,0.0,-0.2217127734342647,-0.2478718084569988,0.0,1,0.15737451806369512
UC1saEQ0b2qE12Pd8C5N08Lg,-0.2644458313651477,0.2,0.0,22.347533750522796,-0.2884860303330543,-0.3812528937859689,0.0,-0.2217127734342647,-0.2478718084569988,0.0,1,0.07465489640707268
UC1uyEUXbFjsCaRWgM4hQK5Q,-0.0907227633768509,1.0,0.0,0.2522949823225373,-0.2157353860118456,-0.2994438226801,0.0,-0.2217127734342647,-0.2478718084569988,0.0,1,0.15967102615960538
UC1v8CKUyRK7I96rGss146Sw,4.587755251718379,0.4,0.0,-0.2413224881673168,-0.1771233935565764,-0.0698773122672202,0.0,-0.2217127734342647,-0.2478718084569988,0.0,1,0.13178195321178127
UC1wGFcfiIw9h1ufd9p-mx_A,-0.2054078594414212,-0.4,0.0,0.0586767401789604,-0.1694009950655225,-0.3034580358573512,0.0,-0.2217127734342647,-0.2478718084569988,0.5,1,0.12249884566833097
UC1xYeInNy3E4eTcZvnt1cZg,0.9770593744113012,0.2,0.0,-0.1936040122128969,-0.36741694783689,-0.3340446837208992,0.0,-0.2217127734342647,-0.2478718084569988,0.0,1,0.16275460175169815
UC1xwbtx-4X5LHS7zXM5VmCg,-0.2630561599319774,-0.4,0.0,0.1869940516807099,-0.3660396298133331,-0.5353781126575349,0.0,-0.2217127734342647,-0.2478718084569988,0.0,1,0.15843580141291563
UC2-04aOECX8Sv7TO8fKZynw,-0.2917961076411767,6.0,0.0,1.3429354785867802,0.082903050031447,-0.0079373271040111,0.0,1.6044277048521072,2.160476403912765,0.0,-1,-0.03782041376756207
UC24fyZRs2_oDc7SDsftguLQ,-0.3052078182947367,0.4,0.0,10.316548396812356,-0.2312743585853077,0.1226043482771686,0.0,0.6913574657089212,0.7154674764909068,0.0,1,0.05906654361429875
UC25D-qOqoscFTegm7tthTGA,8.857357986171717,-0.2,0.0,-0.2548946476870892,0.9616949448954832,1.1248244052158118,0.0,-0.2217127734342647,-0.2478718084569988,0.0,1,0.06749271640133064
UC25Rc78s5wAfXa6XO21mkLA,-0.2263920217971613,-0.2,0.0,1.3221171622686654,-0.4198609802723244,-0.4477265607932421,0.0,-0.2217127734342647,-0.2478718084569988,0.0,1,0.16538183581248966
UC25m-hK3Y2apJHXX1U4qh5Q,-0.2111538848306156,0.4,0.0,-0.0094680850001858,0.0036937418437093,-0.3319485857001659,0.0,-0.2217127734342647,-0.2478718084569988,0.25,1,0.14991877855882052
UC25yTpQxtfwOAKxmaZ0Qd6Q,0.2353125706866234,-0.4,0.0,-0.1722419601780366,-0.1160034347676256,-0.0998896424810877,0.0,-0.2217127734342647,-0.2478718084569988,0.25,1,0.15850397459692644
UC26QvVvAcpQHXLdlNRZ20hQ,-0.1506387573888377,3.4,0.0,0.1108751735506363,0.025118688876816,0.0166466597531744,0.0,4.343638422281664,4.087154973808577,0.25,-1,-0.06341977375393781
UC26WMjABV42q64Nzn620i0Q,-0.3087295681898118,-0.2,0.0,0.9177346253460932,-0.3280397787018669,-0.5015323268165367,0.0,-0.2217127734342647,-0.2478718084569988,0.25,1,0.14110193684753658
UC27bsIR1rlIZwQPphj2uxdA,-0.160435737746835,0.6,0.0,0.1686277765877919,0.3137197885821157,0.4907935382149808,0.0,-0.2217127734342647,-0.2478718084569988,0.0,1,0.14361071257575253
UC29AQCQZRSBpPKCa_PDV-jQ,0.7633771111598622,-0.4,0.0,-0.213643968119459,-0.2304267782631189,-0.5271439169621869,0.0,-0.2217127734342647,-0.2478718084569988,0.25,1,0.14167448504462105
UC29Q8C0ZR51rpCHgSWtXhew,2.355792645938668,0.2,0.0,-0.2313802617423633,0.0500163608411132,-0.1281949555604484,0.0,-0.2217127734342647,-0.2478718084569988,0.0,1,0.14904001430652908
UC2ARbzc3qI6cRSdO1glEWJg,-0.3327386814114978,1.2,0.0,2.5565496648262784,-0.037308861776708,-0.1010209981640854,0.0,-0.2217127734342647,-0.2478718084569988,0.25,1,0.1091556783311119
UC2AoKEeDzqbSlXcJ9Ev74kQ,-0.1115770503696391,0.0,0.0,0.0857014515843098,2.16495629514571,3.1808288793119157,0.0,-0.2217127734342647,-0.2478718084569988,0.25,1,0.011738687617083965
UC2B1Z1N8t3CzrS3MKqB9znw,-0.0563768651236189,0.2,0.0,0.0803881499016041,0.0277673773836561,0.4058125875197744,0.0,-0.2217127734342647,-0.2478718084569988,0.25,1,0.144241372234247
UC2BJ_2PiQeTQwXDiewus6SA,-0.3526568294605263,-0.4,0.0,25.73642989555865,-0.3550210856248783,-0.4014856834968217,0.0,-0.2217127734342647,-0.2478718084569988,0.0,1,0.06503339346220854
UC2Bxf7dJ9mnd1QzzBsyonQw,1.4700915758521609,-0.4,0.0,-0.2166291547248378,-0.3948573607677536,-0.5464256667413182,0.0,-0.2217127734342647,-0.2478718084569988,0.0,1,0.14766434488988034
UC2Jz6Fd0n0wLrTnTzE3vjrA,0.038631381263726,-0.4,0.0,0.0120502779501848,-0.2499211256734622,-0.5034220782813291,0.0,-0.2217127734342647,-0.2478718084569988,0.0,1,0.1657789670226853
UC2K_o5oJJOjIS8VZpua18KQ,0.8157851149660463,1.8,0.0,-0.1603641563821284,0.003664311971411,-0.0506510618253973,0.0,-0.2217127734342647,-0.2478718084569988,0.25,1,0.12208132088354706
UC2KkMHjVYIa-4qSoqhmN0WQ,-0.3126283538715793,0.8,0.0,1.0393358933674524,-0.1607710863305088,-0.1617611165005112,0.0,-0.2217127734342647,-0.2478718084569988,0.25,1,0.1406678213593811
UC2LXWAhG9BTaB2bzIlRaGlA,-0.2267773052416877,-0.4,0.0,0.2337725998700948,-0.4380839571993845,-0.4436998730937759,0.0,-0.2217127734342647,-0.2478718084569988,0.0,1,0.16683273852497799
UC2NE3OJ9s2Rnd-LVmibOjmw,-0.224143238976907,0.6,0.0,0.1213579259958286,0.6938595630838101,1.114576842488827,0.0,-0.2217127734342647,-0.2478718084569988,0.5,1,0.05782628558166475
UC2OLP8gzstoepaNjTMvxckg,-0.0897549596418844,-0.4,0.0,-0.1205294390304772,1.3274258539199673,1.7193919102832922,0.0,-0.2217127734342647,-0.2478718084569988,0.25,1,0.06544727242269627
UC2PaUhvF_PfYfREKaG4YcAQ,0.5332038328050664,-0.4,0.0,60.409437154814704,-0.5660685858498992,-0.6003272946293761,0.0,-0.2217127734342647,-0.2478718084569988,0.0,-1,-0.0507110660908191
UC2Pq1gLK9e9lGLMiMTMj54A,-0.2799920999220319,1.2,0.0,0.7888185672033473,0.037343405062232,0.069609369158878,0.0,-0.2217127734342647,-0.2478718084569988,0.25,1,0.1319028509843702
UC2Qu0bdXN6dr5biJqmDUeVg,1.0789371403253023,1.2,0.0,-0.1591848408444626,-0.1941112213816432,-0.1734944778348909,0.0,-0.2217127734342647,-0.2478718084569988,0.25,1,0.13299126016830604
UC2REi0zKf9eAhByMFHvU8sg,0.1263661949428802,0.4,0.0,-0.1240116609062284,-0.1319191097065049,-0.2870897927998188,0.0,-0.2217127734342647,-0.2478718084569988,0.25,1,0.155167233844134
UC2RvgSK3oIGq5B19k-cWlmA,-0.3503817130470452,1.8,0.0,5.105524478559851,0.0558434755561614,-0.0518647508972011,0.0,-0.2217127734342647,-0.2478718084569988,0.25,1,0.08661090506242664
UC2SMfWk1FvG6vVMifl1TcNA,0.7934419447907255,-0.4,0.0,-0.1515751131798969,0.0272376396822881,-0.3484630848902809,0.0,-0.2217127734342647,-0.2478718084569988,0.0,1,0.1612572482079631
UC2WTklSvpH8xuCk2zouisHg,-0.0375911159635047,-0.4,0.0,-0.1368479007766627,-0.1482114870108015,-0.0902883197014358,0.0,-0.2217127734342647,-0.2478718084569988,0.0,1,0.1716241225708221
UC2WtNrUJp0UnOOMDJdCG5DQ,0.3531985374397288,1.2,0.0,-0.1007178156680803,-0.3121204816248585,-0.2978792464172848,0.0,-0.2217127734342647,-0.2478718084569988,0.25,1,0.14278433586784045
UC2ZVho-u6jiyJ1BsGs-6IMw,0.1125761110446006,-0.4,0.0,-0.0816086683787754,-0.1872001818314881,-0.1228203342893829,0.0,-0.2217127734342647,-0.2478718084569988,0.5,1,0.12027674553346962
UC2_5i5-K-uNJHFTtV0ieIMw,2.420421115989578,-0.4,0.0,-0.2414913342663825,-0.2439880634181403,-0.0738778364842291,0.0,-0.2217127734342647,-0.2478718084569988,0.0,1,0.15546128659661507
UC2aox3V4wQa4fOYSg8rkOAQ,-0.1837033230857317,-0.4,0.0,0.1189046601649398,-0.3660396298133331,-0.4947686272450989,0.0,-0.2217127734342647,-0.2478718084569988,0.25,1,0.1462931151652226
UC2bp5OW1v4_DufXp7owOZ_g,-0.2442656389126879,-0.4,0.0,0.4644967532285602,-0.150754227977368,-0.0640947300658729,0.0,-0.2217127734342647,-0.2478718084569988,0.25,1,0.1546655641404313
UC2fAK4L9LsihWAp12hsNL7w,5.288074482526272,-0.2,0.0,-0.2452735154688603,-0.1832448069946068,-0.486848884333923,0.0,-0.2217127734342647,-0.2478718084569988,0.0,1,0.13259963263720415
UC2gwwB8nIpnZ0TjOwGIBUDw,-0.3126849092395832,-0.2,0.0,35.685687890551655,-0.3930209367363445,-0.5261777877472448,0.0,-0.2217127734342647,-0.2478718084569988,0.0,1,0.029340442934381705
UC2hZe__NLW92DEsiP_E8CcQ,-0.3156293230862853,-0.2,0.0,25.100070187135845,-0.3513482375620599,-0.4814219605636579,0.0,0.6913574657089212,0.7154674764909068,0.0,1,0.0010875715174579748
UC2hynKRJ4KGgxCQomOheztg,-0.1815643182744421,0.0,0.0,-0.0461953467885286,-0.0532824909256515,-0.0171756905918844,0.0,0.6913574657089212,0.7154674764909068,0.25,1,0.09631973386038112
UC2ib0Bwvza2oi9W10sSWJ-g,0.2695623248142488,0.2,0.0,-0.0801288691902763,-0.3838388165792987,-0.6003272946293761,0.0,-0.2217127734342647,-0.2478718084569988,0.0,1,0.14574335052830645
UC2jDkoeUUF1KSgUWi2oRPiw,1.5137721143299587,-0.4,0.0,-0.2168414126944281,-0.2202558143968528,-0.1288975265295668,0.0,-0.2217127734342647,-0.2478718084569988,0.25,1,0.14637052339667106
UC2jkAGVjHa-iOBeANBlJjxA,-0.355129712926496,0.2,0.0,12.523737242673,-0.2026685227114344,-0.309792125380434,0.0,-0.2217127734342647,-0.2478718084569988,0.25,1,0.07253702439611459
UC2jwtnKMUzXoNP-s7pK3XHQ,9.706024303727457,-0.2,0.0,-0.1792724996705935,1.6595360768309606,2.757063394378464,0.0,-0.2217127734342647,-0.2478718084569988,0.0,1,0.0007812002988705213
UC2lXZ5Vpmj86A21klDNYZzA,-0.2462761822452258,-0.4,0.0,1.866764031042817,-0.2575493485731617,-0.304677161286367,0.0,-0.2217127734342647,-0.2478718084569988,0.0,1,0.1647547911243979
UC2n5Zo0oD2ehypn_NIRxN4w,-0.0284376296520765,-0.2,0.0,-0.0397020194454729,0.5795774829753482,0.3392220429447043,0.0,-0.2217127734342647,-0.2478718084569988,0.0,1,0.14965797389664115
UC2oXCtQWFOi6dt1pPlJSPXA,0.1910933423285888,-0.4,0.0,0.025022442433272,1.2892847394214697,0.8970582287352944,0.0,-0.2217127734342647,-0.2478718084569988,0.25,1,0.09240056749139669
UC2ouDDp9vM9axTeAZbLFfgQ,-0.0106603923095232,0.4,0.0,-0.1318301317654238,-0.1903079763461805,-0.183285284844226,0.0,-0.2217127734342647,-0.2478718084569988,0.25,1,0.15511070922629766
UC2ppVpKjU_uY2oAMWh4GRbQ,0.2498911306738239,-0.4,0.0,-0.1176503058957074,-0.0320929828709305,-0.0088684386239753,0.0,-0.2217127734342647,-0.2478718084569988,0.25,1,0.15516410190150093
UC2rqJDlMDh_7fZsnhKgb_qA,1.229291308202069,2.2,0.0,-0.1225740369410009,-0.2974327115117143,-0.2657197234018887,0.0,-0.2217127734342647,-0.2478718084569988,0.25,1,0.12152361008106044
UC2sECp-IRVOirad8PXk1iNg,-0.2660514736098829,-0.2,0.0,3.842295482804383,-0.4707157996036548,-0.4430387803894038,0.0,0.6913574657089212,0.7154674764909068,0.0,1,0.07711358437016541
UC2sbWjxcqkU1IV5PIGtLgOg,-0.2603579386716173,0.2,0.0,0.5213955626171246,-0.2524638666400287,-0.259189410300129,0.0,-0.2217127734342647,-0.2478718084569988,0.25,1,0.1533604374704568
UC2tFnaBeXc4md7cPpU26qVA,-0.3192495735806337,-0.4,0.0,0.431111659117396,-0.4609686258984831,-0.508736347980572,0.0,-0.2217127734342647,-0.2478718084569988,0.25,1,0.14043302233283278
UC2udVDs5xe-u011Tka-NNgw,-0.3094343894635601,-0.4,0.0,1.9237000065604644,-0.2897574008163376,-0.4046723729794815,0.0,-0.2217127734342647,-0.2478718084569988,0.0,1,0.1606670494635981
UC2vMm3YS6hg1v1YLZ9ngj3Q,1.6926510877894343,-0.4,0.0,-0.243218436522908,0.896855050248037,0.6738515804866659,0.0,-0.2217127734342647,-0.2478718084569988,0.5,1,0.051100280511805485
UC2vNeM12dENw_Tl9O5aanBg,-0.0081364277451449,1.2,0.0,0.1919637201273247,-0.4386055450899622,-0.4189762472332711,0.0,-0.2217127734342647,-0.2478718084569988,0.5,1,0.0860303019296138
UC2vTkBYAbh2xLT6phBwNUUg,-0.3350061010899721,1.4,0.0,2.356751368994652,-0.1210889167007586,0.0901068756889347,0.0,-0.2217127734342647,-0.2478718084569988,0.0,1,0.14199282199512991
UC2vfpW_j4TTYO6lpzzDoR8Q,-0.2201739004735545,3.6,0.0,0.1578347078906679,-0.2446661276758913,-0.3963480276515636,0.0,-0.2217127734342647,-0.2478718084569988,0.0,1,0.11576409459177778
UC2wjIMtYLzpQotTEZYETc2A,2.170634436011036,-0.4,0.0,-0.218013669793266,-0.1838098605427327,-0.1657722531887403,0.0,-0.2217127734342647,-0.2478718084569988,0.0,1,0.16004244136522766
UC32h7-CSTjtSbYts--EhpOQ,0.2419677236164802,-0.4,0.0,-0.1417245216500472,-0.1405832641111019,-0.0746820167231851,0.0,-0.2217127734342647,-0.2478718084569988,0.0,1,0.17087654357840093
UC33cr7U_NQcUUm-eAb9T9gw,13.96191471791352,1.0,0.0,-0.0032620816517156,-0.0691746219666922,0.2144824192382479,0.0,-0.2217127734342647,-0.2478718084569988,0.0,1,0.0644823574565857
UC343wQEBzmnnz5NsIE9jCnA,-0.1846704198785981,-0.4,0.0,-0.1035263465486803,-0.0982042480016599,-0.4468399461983557,0.0,-0.2217127734342647,-0.2478718084569988,0.25,1,0.14866005757847245
UC34WFQ-cgdb4z_3_Qm2agWg,0.9833608795556088,0.2,0.0,-0.2297830022392445,3.1860635529398174,5.790740781484598,0.0,-0.2217127734342647,-0.2478718084569988,0.0,-1,-0.0740974722505684
UC35jhAAwv4jDLm9PHkV9dYg,-0.3295398227889399,-0.4,0.0,1.1439906188022766,-0.3440025414364233,-0.2090939502537885,0.0,-0.2217127734342647,-0.2478718084569988,0.0,1,0.16586947523057466
UC35v6Ll1NeccUd3dW7GWzkw,-0.2459117030967865,1.4,0.0,0.2384416089746303,-0.3650709665879744,-0.4536564288651671,0.0,-0.2217127734342647,-0.2478718084569988,0.0,1,0.15349754059379173
UC36IlB3MDFL8s1qFLNlzlPA,0.1052857706378502,0.2,0.0,11.8552795654396,-0.0760612120844765,-0.2838469169300269,0.0,-0.2217127734342647,-0.2478718084569988,0.0,1,0.1068708688557457
UC36QqtZHuMit7OQgv6WCdHA,-0.2093695629700931,-0.4,0.0,0.1316862361047086,-0.1931332440868099,-0.0435560172652304,0.0,-0.2217127734342647,-0.2478718084569988,0.0,1,0.16969911322749803
UC36ZJH-VhJCs-QWMIgbjanw,-0.2079146761281933,-0.4,0.0,-0.0635114511415171,-0.2397501618071961,-0.370154782981117,0.0,-0.2217127734342647,-0.2478718084569988,0.25,1,0.15592637278340404
UC373Id-2O4B_TqDmzG1xxyw,0.2790270423852234,-0.4,0.0,-0.2008773877821312,-0.298233204038226,-0.1931289283595625,0.0,-0.2217127734342647,-0.2478718084569988,0.5,1,0.1191913107482438
UC38AKgSLz6b7OymnCO3ksvg,-0.0732969619479732,0.8,0.0,0.4865114517135683,-0.3580261431308205,-0.2908090706787974,0.0,-0.2217127734342647,-0.2478718084569988,0.0,1,0.16138038478882655
UC38OeYuWYNN8lZQeSlbmSGg,0.7188991419932099,-0.4,0.0,-0.173828658003641,0.7748034838528441,0.5299750565440291,0.0,-0.2217127734342647,-0.2478718084569988,0.0,1,0.13751965872538852
UC3C2O78cOsT4kvR_d_ZEImw,7.658365803994835,-0.4,0.0,-0.2552908116569851,0.3747455717797122,0.0974917277285593,0.0,-0.2217127734342647,-0.2478718084569988,0.0,1,0.11674281666280628
UC3CXT6XKj30C_PUPCy3O0Ug,1.0405739561918566,0.0,0.0,-0.1894985442676261,-0.136829694112837,-0.4078905978024473,0.0,-0.2217127734342647,-0.2478718084569988,0.0,1,0.16312755903426507
UC3EHztyZ4tEQqy8PuawZXtg,-0.2171105789656243,-0.4,0.0,0.8126908456327532,-0.4067234852783974,-0.5317612910348051,0.0,-0.2217127734342647,-0.2478718084569988,0.0,1,0.15937213705526893
UC3FShP-VH_s0BvVD1m1vLbA,-0.2159681605319459,-0.2,0.0,0.1009105255561761,-0.1818321731242921,-0.1506182293481575,0.0,-0.2217127734342647,-0.2478718084569988,0.0,1,0.17272171801340186
UC3H2ijtlL7-OGurllsKNrwQ,0.962157918619904,0.6,0.0,-0.1994688579385886,0.0437654559649705,0.2105544884358099,0.0,-0.2217127734342647,-0.2478718084569988,0.0,1,0.14922047315613984
UC3IOkYdbtpq8oRBzQKGEInQ,2.712534775971691,0.4,0.0,-0.2404953650643985,-0.171943736032089,-0.123230042920582,0.0,-0.2217127734342647,-0.2478718084569988,0.0,1,0.14416609653860285
UC3Jgo_95HK0jQT3mmeHa3Xw,0.2327548541686479,-0.4,0.0,-0.1005957976039353,-0.155839709910501,-0.1266847445386499,0.0,-0.2217127734342647,-0.2478718084569988,0.0,1,0.17050533006904628
UC3KRoaMtuAEWasHUQMtFh8Q,0.0198451018970368,-0.4,0.0,0.5950178761863889,-0.1914380834424322,-0.3611583746765265,0.0,-0.2217127734342647,-0.2478718084569988,0.25,1,0.1523869328566918
UC3KZgktE6pCCjIaxKyGs0Iw,-0.3623996025082092,1.4,0.0,11.928084225377331,0.0272376396822881,-0.0436925009205698,0.0,0.6913574657089212,0.7154674764909068,1.0,-1,-0.07602754866212202
UC3L03q1hl5K2gkLso2IFz6Q,0.0280022711421299,0.4,0.0,-0.0864332650416935,0.5536791953529115,1.941567254873674,0.0,0.6913574657089212,0.7154674764909068,0.5,-1,-0.007683137961080333
UC3Lw6okOlAEnfaaaQ3mhg3Q,-0.3396179893672315,-0.4,0.0,38.55876580059273,-0.3829912362571099,-0.4352637590211782,0.0,-0.2217127734342647,-0.2478718084569988,0.0,1,0.028953868551511164
UC3Moaf59U9kRkW5KTjOPz9g,-0.1826154639482453,2.0,0.0,0.782643075919698,-0.3815952216087989,-0.3688244327343501,0.0,0.6913574657089212,0.7154674764909068,0.5,1,0.032448401669065985
UC3Nx4RQajSzJ6MGBK4X4BMA,-0.2969172726401011,-0.4,0.0,1.7743431103269391,-0.2355122601962519,-0.3062811167998277,0.0,-0.2217127734342647,-0.2478718084569988,0.0,1,0.164730698653843
UC3OI-scmfgqginG2fVmdqoA,0.0518538243195763,0.0,0.0,-0.1114447270282803,0.0508488058004058,0.1300039818946911,0.0,0.6913574657089212,0.7154674764909068,0.25,1,0.09265582167414288
UC3PIn-e4HzfOQmvXgls6oow,-0.2030791921638614,-0.4,0.0,2.6188211340195062,0.1001295473905282,0.52749014618133,0.0,-0.2217127734342647,-0.2478718084569988,0.25,1,0.10013908362791663
UC3RkKV3O97deF-cA5PKVD-A,-0.2157035622030706,0.0,0.0,0.0909963668110087,-0.2064523634354917,-0.4077968020927693,0.0,-0.2217127734342647,-0.2478718084569988,0.25,1,0.15407542859168488
UC3S9S2IkjfgAyEjBu2JrvNg,-0.3216545906049987,-0.4,0.0,1.7787304427888233,-0.4279129933331184,-0.5051884841778139,0.0,-0.2217127734342647,-0.2478718084569988,0.0,1,0.15443959053804496
UC3TtOthQfVHS6vCCsoDLK2g,0.9422815345349396,-0.4,0.0,-0.2144332863540602,-0.198218726019943,-0.4269503490702925,0.0,-0.2217127734342647,-0.2478718084569988,0.0,1,0.1644949992647502
UC3XEpDanrCsH_k3yxkq_hZg,-0.083725251643105,11.4,0.0,0.0461509171466618,-0.2767655836902868,-0.4042892638580395,0.0,2.517497943995293,3.605485331334624,0.25,-1,-0.10571163748426637
UC3YZrdCPwT4fDQFGZFpS6vw,1.0879992679653396,-0.4,0.0,7.428878099267003,-0.4075710656005862,-0.555970551425254,0.0,-0.2217127734342647,-0.2478718084569988,0.0,1,0.11019476791099309
UC3YfJCacGDPSZCCmPD1rTEQ,0.4713421573982211,3.4,0.0,-0.1248777601516838,-0.1436910586257943,-0.2902992195430033,0.0,-0.2217127734342647,-0.2478718084569988,0.5,1,0.055993985288989245
UC3Z1G2iWoVkkInN_hXljfIg,0.4087495038599257,0.0,0.0,-0.1883540902952107,-0.1592300311992564,-0.0963348526898066,0.0,-0.2217127734342647,-0.2478718084569988,0.25,1,0.15906662621805034
UC3ZRMUyFm1AXAGiN8JUGDLA,-0.0757149973250818,7.8,0.0,0.5781182064121919,0.4981053599765442,0.0042055343895352,0.0,1.6044277048521072,8.422181756074153,0.0,-1,-0.13179885131350155
UC3bDPYPCUw1kwDaNyyc0zfA,-0.195808347045024,1.2,0.0,0.2515437476999338,-0.3968785138437424,-0.3906379037797209,0.0,0.6913574657089212,0.7154674764909068,0.0,1,0.09472945454791043
UC3egsNvp3cMIh3Evby0fzhg,-0.2700591283750579,-0.4,0.0,0.6473296377663892,-0.4007904230230755,-0.5106518131506903,0.0,-0.2217127734342647,-0.2478718084569988,0.0,1,0.16235218994723405
UC3f2saeTnp73YrQLqH5Pqcg,0.6856688236217866,0.0,0.0,-0.2049108135133078,0.67563658615675,0.3716171386727037,0.0,-0.2217127734342647,-0.2478718084569988,0.25,1,0.12656521936748316
UC3fm3y03XaYZwCoeurb3pyw,-0.0214276749576543,2.0,0.0,-0.0039327368309726,0.1032705803492281,-0.2352124401912681,0.0,-0.2217127734342647,-0.2478718084569988,0.0,1,0.13783268325955123
UC3gRVNPrfYCPID5v_xiIDGg,2.9114977388461787,-0.2,0.0,-0.2339261619132899,-0.2235048722985767,-0.2820568872324169,0.0,-0.2217127734342647,-0.2478718084569988,0.25,1,0.1277407683692996
UC3jTZ0S5n6rOFPwvcadjPOQ,4.145523497204114,0.2,0.0,-0.2428353198368568,-0.3234487186233439,-0.595860240715879,0.0,-0.2217127734342647,-0.2478718084569988,0.0,1,0.11362476591097453
UC3kH3tw7DUUOxiwKO_lhCNg,3.590546428419993,0.0,0.0,0.3063863041880446,-0.1925278295709608,-0.2756443006008918,0.0,-0.2217127734342647,-0.2478718084569988,0.0,1,0.14666861489102528
UC3kZ_gVFkfXBekteQCL4Thw,4.677886442018454,4.0,0.0,-0.2488973057708283,0.0314755412932323,0.6183417441437181,0.0,4.343638422281664,2.6421460463867183,0.0,-1,-0.09268560545177562
UC3lp5a-PD1A4-CQGaAwxizg,-0.0204548394583287,-0.4,0.0,-0.1647729256764493,-0.3380694791811015,-0.4659142436221262,0.0,-0.2217127734342647,-0.2478718084569988,0.25,1,0.1518228946166466
UC3olOvZu7sZjvrbe--iUQuQ,0.1730938895192537,-0.2,0.0,-0.0373055011716141,-0.2637649376025466,-0.3604114255446257,0.0,-0.2217127734342647,-0.2478718084569988,0.25,1,0.15744531317623595
UC3pB3o3hKPi6Y6U1P4Ofx6w,0.5463652095290363,0.4,0.0,-0.2067925139248957,-0.2854253236140391,-0.2141301671553767,0.0,-0.2217127734342647,-0.2478718084569988,0.25,1,0.15132249087909433
UC3ptpMeNPg01hTTW-6H2PRA,4.63231145581077,-0.2,0.0,-0.2452691304732075,-0.4127978109207508,-0.3558062418769394,0.0,-0.2217127734342647,-0.2478718084569988,0.0,1,0.13211429305749856
UC3qbPF-TD2ODzz7KwTz7XJA,-0.045483013601532,0.0,0.0,14.520794404064986,-0.3463031165966501,-0.2708652138335408,0.0,-0.2217127734342647,-0.2478718084569988,0.0,1,0.09797254369095004
UC3qdncclBAW91ax0WJvVA7w,-0.1539863049680924,-0.4,0.0,-0.0298742959031445,-0.3278985153148354,-0.3061657739703492,0.0,-0.2217127734342647,-0.2478718084569988,0.0,1,0.17074452625411163
UC3rA9hB_LZkJb4cqY0VjoTw,-0.108838154690594,-0.4,0.0,0.0397893705434322,-0.2702630534059943,-0.3180745215211278,0.0,-0.2217127734342647,-0.2478718084569988,0.0,1,0.17197664506972632
UC3rjcoyYR5KZP-eNUGP67Ag,-0.2392230209130418,-0.2,0.0,0.6723430716448924,0.1805084146114365,0.1098687203408813,0.0,-0.2217127734342647,-0.2478718084569988,0.0,1,0.15819976284130072
UC3topO6CyNKCnPN9qzrKHTQ,3.846044796600012,-0.4,0.0,-0.2491500106575734,-0.4313033146218737,-0.5890264427914405,0.0,-0.2217127734342647,-0.2478718084569988,0.0,1,0.11247682170748058
UC3trDIRbTI2opyZdCWA2pBA,0.2420313484054845,0.4,0.0,-0.0839455802160813,0.0644369982672427,0.2252489137134849,0.0,0.6913574657089212,0.7154674764909068,0.25,1,0.09115482451500095
UC3u_sEZm_UmreDRsOF5g07A,1.7036030348033857,-0.4,0.0,11.788911752885284,-0.1855050211871104,-0.3597110205941553,0.0,-0.2217127734342647,-0.2478718084569988,0.0,1,0.10147276630058866
UC3unQf1s6eDTYcxoRH_SFKQ,-0.3562890979705755,-0.2,0.0,7.244096063298353,-0.3125008061284047,-0.4006578130200525,0.0,-0.2217127734342647,-0.2478718084569988,0.0,1,0.13211358694718445
UC3vxMtx_12w8yAz0SZ3rcdw,-0.1960592571103797,0.6,0.0,0.4933941753087484,-0.3918908296400927,-0.4857812542556056,0.0,-0.2217127734342647,-0.2478718084569988,0.0,1,0.1597578101763043
UC3xKM8nFvIF507sPttmxp9Q,-0.2245751806000366,2.2,0.0,0.2459189110178372,0.492935938929378,0.8061098883568432,0.0,-0.2217127734342647,-0.2478718084569988,0.0,1,0.10878227398199575
UC3ygKXVlsnN6QhECu5qnubg,0.3030390377554712,-0.4,0.0,-0.1947324254170377,-0.4050283246340197,-0.3473168942565544,0.0,-0.2217127734342647,-0.2478718084569988,0.0,1,0.1686935969367347
UC3zv2LeAnGc779wsY2cbX_w,-0.2798969346393331,2.2,0.0,0.8163435759629094,-0.2162062639686172,-0.2623543651482726,0.0,2.517497943995293,4.56882461628253,0.0,-1,-0.024938524206431834
UC403T30BeENa6WKoJg8jTuw,-0.0054605975162997,-0.4,0.0,4.778109589340038,-0.1787243786095997,-0.1735284031330815,0.0,-0.2217127734342647,-0.2478718084569988,0.0,1,0.151833724973594
UC41yDqYqNLXtVShN7TnEe_A,0.1727298143377287,-0.2,0.0,16.567485195669608,-0.2136164352063735,-0.2980317082942246,0.0,-0.2217127734342647,-0.2478718084569988,0.0,1,0.08584188806591031
UC43sDIATvY6v4mF0ajyDIUw,0.096059115819067,0.6,0.0,-0.1879780901590997,0.1077577702902278,0.3879903667305991,0.0,-0.2217127734342647,-0.2478718084569988,0.0,1,0.15110781942712714
UC45v7I77Dcp8kEl1Xa65_yQ,0.533284424204472,-0.4,0.0,33.05099249116424,-0.3067090072601144,-0.1141894929447448,0.0,-0.2217127734342647,-0.2478718084569988,0.0,1,0.029169670911403045
UC45xYpkdcSRjPJzTnf6Am5Q,-0.1659555416640138,-0.2,0.0,0.0544870092332304,-0.361236674654263,-0.4429922697187106,0.0,-0.2217127734342647,-0.2478718084569988,0.25,1,0.15219036543262704
UC46C2trYQlyreUYs5wl8K_w,-0.0039420858853955,-0.2,0.0,-0.0355074895555053,-0.085066753007733,-0.4445173762276111,0.0,-0.2217127734342647,-0.2478718084569988,0.25,1,0.15206930299971005
UC46axpz_GsFizhya3Hj04Cw,-0.2259619653529651,0.4,0.0,0.8681358962764617,-0.1253268183117028,-0.0242505074319256,0.0,-0.2217127734342647,-0.2478718084569988,0.0,1,0.16304025066440275
UC49-EJeh-aff1bJMTX50qOQ,-0.3060416733336987,0.0,0.0,0.4455314844528404,0.6745771107540139,1.00148107512909,0.0,0.6913574657089212,0.7154674764909068,0.5,1,0.0046728798405864524
UC492VniSZS4aFSiMixnRhSg,0.0708255244999354,-0.4,0.0,-0.1275304640080145,0.1272521177005711,-0.1925853407399188,0.0,-0.2217127734342647,-0.2478718084569988,0.0,1,0.15733741418451885
UC494xD1tQzrm45FNRyK5l5A,0.4387464710491843,-0.4,0.0,-0.161530998322676,0.0501223083813868,0.1710075854012532,0.0,-0.2217127734342647,-0.2478718084569988,0.25,1,0.14870882239297378
UC4A949Cm86URf_mfq-KyO9g,-0.1565243102769254,2.0,0.0,0.5737274353805574,-0.1101202301783148,-0.1976597426750624,0.0,-0.2217127734342647,-0.2478718084569988,0.25,1,0.12911749949784213
UC4Aw2p1UvcE8S96BepTr_2w,2.057168815069049,-0.2,0.0,-0.2423901182969113,0.3535560637249912,0.7704804737310842,0.0,-0.2217127734342647,-0.2478718084569988,0.0,1,0.13454601848414727
UC4CQXThX52kuB6azr9TK4KQ,2.401846919252903,-0.4,0.0,-0.243354401455093,-0.4533404029987836,-0.4902164543968355,0.0,-0.2217127734342647,-0.2478718084569988,0.0,1,0.1438991124929337
UC4CabbN_XlGmt5t5WxOaQDg,0.0001450493701706,0.0,0.0,-0.0802557534625197,0.2373164766819504,1.250014140163408,0.0,-0.2217127734342647,-0.2478718084569988,0.0,1,0.1367224418910567
UC4D-bBmqHV4rF4srkBYAyGg,-0.0726674621416118,-0.2,0.0,5.761141891206348,-0.2340996263259372,-0.0176526633622588,0.0,-0.2217127734342647,-0.2478718084569988,0.0,1,0.1490079403271412
UC4ErvUt-aioI3zm0Gyjruzw,-0.1202411307643766,0.4,0.0,0.3367906755255736,-0.3866640843199282,-0.4692514183458159,0.0,0.6913574657089212,0.7154674764909068,0.0,1,0.10489438844455223
UC4FIpXYKh9B_5sNaPNkREVw,16.187824426520777,0.2,0.0,-0.2560162596887806,-0.1973711456977541,-0.1515844678896416,0.0,-0.2217127734342647,-0.2478718084569988,0.0,1,0.07670612799504928
UC4Fo0S0K7dnZcChZYkAj-0A,-0.2382255256098734,-0.4,0.0,0.4272441439610254,-0.3465452824029899,-0.4411722381481754,0.0,-0.2217127734342647,-0.2478718084569988,0.25,1,0.14984002877983515
UC4Gn6sFAfXkorAMW65tqwdQ,-0.2694922618025476,1.4,0.0,0.3688940951572187,-0.3629141773752618,-0.4156919181765991,0.0,0.6913574657089212,1.6788067614388125,0.0,1,0.07214317396963338
UC4Ihi6CkdzSinbxf5T433-g,-0.327749845391617,-0.2,0.0,1.0839742261753298,-0.3584114069136336,-0.383649852648962,0.0,-0.2217127734342647,-0.2478718084569988,0.0,1,0.16824426562684103
UC4JPLBZkXO6xj9cH91YSDCA,-0.1519969698985558,1.0,0.0,0.5836595941683651,-0.2227985553634193,-0.3321416706893483,0.0,-0.2217127734342647,-0.2478718084569988,0.25,1,0.1423664138166501
UC4KDffGz6fGkvJLjINa4VKw,1.951123965351272,-0.2,0.0,-0.2427012641012112,-0.3407534835346995,-0.4225669846552188,0.0,-0.2217127734342647,-0.2478718084569988,0.0,1,0.15772500593318717
UC4K_xs9lV6j64LwYQ8Amp0g,2.560673177069317,0.0,0.0,-0.2310084333821148,0.2603222282842189,0.4804905313186924,0.0,-0.2217127734342647,-0.2478718084569988,0.0,1,0.13208242655251584
UC4LDJW1kdONyfOHiAFGL1NQ,2.86153177815685,-0.4,0.0,-0.2443411072451269,-0.2745009550169385,-0.1176497683710439,0.0,-0.2217127734342647,-0.2478718084569988,0.0,1,0.14692609019734298
UC4Lcj_GF-yRAOyeFiWJVqhQ,-0.2622502459379221,-0.4,0.0,-0.0208361991966168,-0.071929258013806,-0.1457049666129334,0.0,-0.2217127734342647,-0.2478718084569988,0.25,1,0.1549109400882948
UC4MLGn0sMiY7P5SpuhhZjKw,-0.0348955457360197,-0.2,0.0,-0.0409278635212563,-0.2750660085650644,-0.274834641578919,0.0,-0.2217127734342647,-0.2478718084569988,0.0,1,0.175066708751266
UC4Mip8tK3WQka_sca5s-TdQ,-0.3256528783873481,0.2,0.0,3.462176916668848,-0.3822496034751947,-0.4733076778500315,0.0,-0.2217127734342647,-0.2478718084569988,0.0,1,0.15059586641228023
UC4N9viSQiOxpZZr6VmVIyCw,0.3446439942275264,-0.2,0.0,-0.183230153859865,-0.4862547721771168,-0.4865152699056487,0.0,-0.2217127734342647,-0.2478718084569988,0.0,1,0.16285895368640085
UC4No3Yti85UTcZqV2SzWJlQ,3.68616135736884,-0.2,0.0,13.234063011556938,-0.150754227977368,-0.2913311300526848,0.0,-0.2217127734342647,-0.2478718084569988,0.0,1,0.07241917978448553
UC4NuuTSgZ6MHkZnngREFYDA,1.0868177320687915,0.4,0.0,2.1231922446837617,0.3196528508374376,0.2380579237682742,0.0,-0.2217127734342647,-0.2478718084569988,0.0,1,0.12449623963895351
UC4OOoVnTxelrcBIivjzKVVw,-0.3499400509700399,0.6,0.0,3.565709280241021,-0.2435642732570459,-0.3618713987798963,0.0,-0.2217127734342647,-0.2478718084569988,0.0,1,0.14699643672721052
UC4Q7HfmEFo3hs4EmRcQbB9w,-0.0976693531874526,0.2,0.0,0.3069142089494531,-0.1311539330267511,-0.2538672221070897,0.0,-0.2217127734342647,-0.2478718084569988,0.25,1,0.15529313308111092
UC4RYlyYUDYjJmDTtRJfJxxg,0.3670307297097627,0.6,0.0,-0.0035079269821232,0.3395709884088753,0.0447736523942035,0.0,-0.2217127734342647,-0.2478718084569988,0.25,1,0.13147954256798516
UC4T340TyV8MD0ix89WqkrEg,-0.067176642850535,-0.4,0.0,0.0851680734872995,-0.1939808244089988,-0.2694515528433784,0.0,-0.2217127734342647,-0.2478718084569988,0.0,1,0.1739846159281605
UC4U2WM_IVm9gMS6S_vXWpKg,2.306979531078993,4.6,0.0,-0.1904419340669121,0.1004120741645913,1.6179199395793404,0.0,-0.2217127734342647,-0.2478718084569988,0.0,1,0.025117796574677498
UC4UEscCqWUQSBccXXGrB2yQ,-0.2238647037894878,5.2,0.0,3.143731845139994,-0.045705636530327,0.1458859350004669,0.0,-0.2217127734342647,-0.2478718084569988,0.0,1,0.04445543374636468
UC4W8jjB03fLEi-2Qn4uui8w,-0.0226562571578797,-0.4,0.0,-0.1104599088472841,-0.150754227977368,-0.0952340498062485,0.0,-0.2217127734342647,-0.2478718084569988,0.25,1,0.1580661411470745
UC4X2-qTh7TIb86O5cnQS4xA,0.0841446671358994,1.0,0.0,-0.175860649751986,-0.3658277347327859,-0.2754990007559723,0.0,-0.2217127734342647,-0.2478718084569988,0.25,1,0.1465929223963061
UC4Y1ko2RlihrsOeugAvsEzg,-0.3403996102600306,0.8,0.0,3.4906907903732964,-0.2407281391020294,-0.2910433093327,0.0,1.6044277048521072,2.6421460463867183,0.0,1,0.03062725001021188
UC4Y9hpIj_ELiJBfqxCyyi9A,-0.1380737452381004,-0.2,0.0,0.0705543161218759,-0.2863670795275823,-0.6003272946293761,0.0,-0.2217127734342647,-0.2478718084569988,0.0,1,0.14795643681599663
UC4YAFHsGQoAb0fBAazdB-0Q,12.21198771138473,-0.4,0.0,-0.25558776383492,1.739349890503743,4.793493714268989,0.0,-0.2217127734342647,-0.2478718084569988,0.0,-1,-0.054656221842580344
UC4YTDsXlHDyBxP0quuKchCw,-0.2909141223099463,0.0,0.0,3.8608788388737496,0.1174444025438145,-0.1130740946249724,0.0,-0.2217127734342647,-0.2478718084569988,0.25,1,0.10665464743471187
UC4Z0NiP2s185zHJCE-6wY0w,-0.3042404858545037,3.0,0.0,4.777285584162927,-0.338377690207352,-0.5101776833338486,0.0,5.256708661424851,7.458842471126247,0.25,-1,-0.11178026374501793
UC4ZQ4ek2kDuwmtNb6AxZi-Q,-0.2897895017262812,3.8,0.0,1.3952110468417729,-0.0151413764271537,-0.1178027558420375,0.0,-0.2217127734342647,-0.2478718084569988,0.5,1,0.024384897704683384
UC4_M9OKVunXe27EOUzHW--g,1.9196650418991128,-0.2,0.0,-0.2205967517613312,-0.1542858126531548,-0.271668274328753,0.0,-0.2217127734342647,-0.2478718084569988,0.25,1,0.15016304626259575
UC4aACN36C38rOP2rlA8t6PA,-0.2571793502542741,2.6,0.0,0.7704889093142823,0.1384825569695733,0.4096634619087562,0.0,-0.2217127734342647,-0.2478718084569988,0.25,1,0.08668378191167253
UC4aOQVdgshdRTJTvDGFR0yA,-0.2927837821811175,0.6,0.0,1.3923202943851505,-0.3838388165792987,-0.1984027551762744,0.0,2.517497943995293,1.6788067614388125,0.5,-1,-0.022443853252236412
UC4b4RMlS6lfdlNYRV1paZlg,0.1934538220006509,0.2,0.0,-0.0709526620146125,0.58981907853513,0.2002231073334254,0.0,2.517497943995293,1.6788067614388125,0.0,1,0.005895330750974148
UC4bDEe8-2UIBA6ZEXEwKEYg,0.8247029244548708,-0.4,0.0,0.0255789119555022,0.011981193882889,-0.1677697524368303,0.0,-0.2217127734342647,-0.2478718084569988,0.0,1,0.16249276918508965
UC4bUzJ3K4JB11AY0chnHZTg,1.384189627391066,-0.4,0.0,-0.1401109104463974,-0.1821146998983551,-0.2409695348374583,0.0,-0.2217127734342647,-0.2478718084569988,0.25,1,0.15335027343541918
UC4brXKBCSEaDIs7Tam7firA,13.669727594864844,0.2,0.0,2.9485334318690075,1.0347987476842706,1.2412099246880242,0.0,-0.2217127734342647,-0.2478718084569988,0.0,-1,-0.004578272910184311
UC4eL0AnOPkUJjDi4W-n0gVA,-0.0329592313239868,-0.4,0.0,-0.1159547962628207,0.0458844067704426,-0.1682313146731466,0.0,-0.2217127734342647,-0.2478718084569988,0.5,1,0.11969721882002515
UC4eOOEiL_hafripFxG1u_7A,1.8553184650105972,-0.4,0.0,-0.2481158167387577,0.03317070193761,0.2248646479827938,0.0,-0.2217127734342647,-0.2478718084569988,0.0,1,0.15109777731896734
UC4el4QaPEv4A1S7yRCK8Rvw,-0.3140837709200542,0.2,0.0,3.717645804634719,-0.3117944891932474,-0.3560064547054535,0.0,-0.2217127734342647,-0.2478718084569988,0.0,1,0.15292856038309383
UC4faAEanWbfwQlhuRPiBNyg,-0.0817226835011332,4.6,0.0,0.0145104024352112,-0.3098168017748068,-0.1754694551673215,0.0,-0.2217127734342647,-0.2478718084569988,0.0,1,0.08784409097998419
UC4ghCfH0JKBA4Dvn1lO3h2w,-0.3454629866504326,-0.4,0.0,49.18406958845333,-0.503347642007925,-0.475217881592304,0.0,-0.2217127734342647,-0.2478718084569988,0.0,-1,-0.011854146288445166
UC4hdml6cjgdGFFa0khQBWaQ,0.4951272243543534,-0.2,0.0,-0.2242277725714407,-0.3562924561081615,-0.4896200351424198,0.0,-0.2217127734342647,-0.2478718084569988,0.25,1,0.14889425139539497
UC4jBrZowue9myHVU86RlaSQ,-0.3103732085724245,0.4,0.0,0.9302498104312016,-0.1827739290378353,-0.1134787566228706,0.0,-0.2217127734342647,-0.2478718084569988,0.25,1,0.14534212439571348
UC4jGtCVMc2KWvIySIX-OCFQ,-0.3387366477247623,3.2,0.0,1.9070919904671972,-0.2513583270893476,-0.3124993774352697,0.0,-0.2217127734342647,-0.2478718084569988,0.0,1,0.12478429938971936
UC4jpaiaJDHrjCL18XySDDrA,5.301158374111579,0.8,0.0,-0.2473238207812871,1.0739993375855044,3.238313788170144,0.0,-0.2217127734342647,-0.2478718084569988,0.5,-1,-0.06681626887274517
UC4jzdMmyaI3uQdha_78uIjA,-0.1201718504385718,-0.4,0.0,0.0918191716973269,-0.1422784247554796,-0.1040418266459338,0.0,-0.2217127734342647,-0.2478718084569988,0.0,1,0.16919258335008253
UC4kf3M7FiGHvLE-VLiSgCAw,1.4215783811784315,-0.2,0.0,-0.2121828332302854,-0.4467010238083043,-0.4105361972045654,0.0,0.6913574657089212,0.7154674764909068,0.0,1,0.0795311445654876
UC4mR3QCYUXscW6Q9-J9QhsA,9.320521707150002,-0.2,0.0,-0.2502054455594228,-0.2764786424353792,-0.5908162105506319,0.0,-0.2217127734342647,-0.2478718084569988,0.0,1,0.10225715627423099
UC4p2Tc7O9Att8lqwXNE7Uag,-0.3467171019359186,-0.2,0.0,2.5886811107308767,-0.3767756472277251,-0.3064598744821409,0.0,-0.2217127734342647,-0.2478718084569988,0.0,1,0.1573546316611586
UC4p9nYAaAG-i9WJSGsYsg0g,2.774327642347465,-0.4,0.0,-0.2498609841968292,-0.171943736032089,-0.3048594509235979,0.0,-0.2217127734342647,-0.2478718084569988,0.0,1,0.1487194302547986
UC4qpdrqJqrIj5l6-4bdPVzw,-0.2505446986453188,-0.2,0.0,0.1152532801867164,-0.1549921295883122,-0.1636696328065018,0.0,-0.2217127734342647,-0.2478718084569988,0.5,1,0.12291814274664342
UC4qxlzoOR_GpMQQylGmvIpQ,0.8630976568506057,-0.2,0.0,0.263996951413405,-0.4445820730028322,-0.3937322890022926,0.0,-0.2217127734342647,-0.2478718084569988,0.0,1,0.16255509258343637
UC4s3K-Td0OZP2IqMfwVbEiw,-0.3424224286781239,-0.2,0.0,2.580010588192841,-0.0483382723795499,-0.3239349140662598,0.0,-0.2217127734342647,-0.2478718084569988,0.0,1,0.15829509958018073
UC4uyD_SEjbuPrV_TPdr5D5w,-0.0964567707503444,-0.4,0.0,0.8809881182409364,-0.3380694791811015,-0.5323751964120793,0.0,-0.2217127734342647,-0.2478718084569988,0.25,1,0.13411746562407584
UC4zSFYCbPrz9kkblfv8VdeA,-0.1669912118405848,-0.4,0.0,-0.0339262822551443,0.1230142160896269,0.3350443553563925,0.0,-0.2217127734342647,-0.2478718084569988,0.25,1,0.14163651579974557
UC5-Nhj5EAZsc1c8jaFeDBuQ,1.2504842541246903,-0.4,0.0,-0.2420966237742437,-0.0727768383359948,0.034035255332996,0.0,-0.2217127734342647,-0.2478718084569988,0.0,1,0.16101901055836854
UC5-jYiq6vsEkZ1v6ngeUPRA,8.043830225698887,0.0,0.0,0.2449406421202493,3.024039493135683,10.6952786878523,0.0,-0.2217127734342647,-0.2478718084569988,0.0,-1,-0.12512803445772025
UC50A87xuO9Bb42JM8p3Hi-w,0.3078454827135395,1.2,0.0,-0.0279622212972302,0.0060481316275671,0.0432489415637179,0.0,-0.2217127734342647,-0.2478718084569988,0.0,1,0.15129600417356864
UC510tIqqxvIb1-AE8U5OK7A,0.149157713689236,0.2,0.0,-0.1526801045597796,-0.3372218988589126,-0.4194569176170588,0.0,0.6913574657089212,0.7154674764909068,0.25,1,0.09668594660545848
UC51YiiEjaoERO__aQc2pz_g,4.550719733333671,-0.2,0.0,-0.2452895866755455,-0.187482708605551,-0.0577441834285429,0.0,-0.2217127734342647,-0.2478718084569988,0.0,1,0.14100778359358235
UC52H_yYy4GgF9s-Hpt9N9VA,0.5234455575270468,1.0,0.0,-0.2081094538711993,-0.1235610259738094,0.0519318782231947,0.0,-0.2217127734342647,-0.2478718084569988,0.25,1,0.13787688817920435
UC52bodhD1hI3f1LGwW8ftvg,-0.2328508215587295,0.2,0.0,0.2531305511136892,-0.2450475388208763,-0.1363830604059036,0.0,-0.2217127734342647,-0.2478718084569988,0.0,1,0.16645467390078733
UC57OnleANxJNZUhQ23J224w,-0.2020060540559878,-0.2,0.0,0.7019260524163676,0.2695043484412646,0.1793231407105367,0.0,-0.2217127734342647,-0.2478718084569988,0.0,1,0.1567591757591567
UC58DbgrhLOeaR_whwDQbC2w,1.2568644065776282,-0.2,0.0,-0.2164431485322007,-0.1945458779571247,-0.0831255242317035,0.0,-0.2217127734342647,-0.2478718084569988,0.25,1,0.15445765241833825
UC58UxSSINjt74QHgp2p4grA,7.117618722246726,-0.4,0.0,1.852685291088734,0.212010149919455,-0.2714416826719579,0.0,-0.2217127734342647,-0.2478718084569988,0.0,1,0.10198974213395567
UC58XpyAMPT9N-duiX5N97aA,3.334229421288117,0.0,0.0,-0.2508812023047427,-0.204030705372095,-0.1615716743758909,0.0,-0.2217127734342647,-0.2478718084569988,0.0,1,0.15111918400461644
UC594Mp21oUxj3iklukovrJQ,-0.3035342506965552,-0.4,0.0,0.3832222281319674,0.0882634228798846,0.7934694069626788,0.0,-0.2217127734342647,-0.2478718084569988,0.0,1,0.14631295071121636
UC59GrL3iE1Aubxh7jM68jWQ,0.2764810527891428,2.0,0.0,-0.0767627430400759,-0.1462670380363682,-0.1693638227768557,0.0,-0.2217127734342647,-0.2478718084569988,0.25,1,0.13081694665312804
UC5A2MoAN_SR-HElogxl9pAQ,2.943930121570104,-0.4,0.0,-0.2451775960371849,-0.366887210135522,-0.4463596683200948,0.0,-0.2217127734342647,-0.2478718084569988,0.25,1,0.11494088997328
UC5Lz9Jp23PE26lIrNr8Zweg,-0.3326781155065803,0.2,0.0,4.421577624036605,-0.2466367519249804,-0.4587466501283528,0.0,-0.2217127734342647,-0.2478718084569988,0.0,1,0.1509449233367139
UC5ME-dq2HgEsYxdYsITxs5Q,14.783731374509417,-0.2,0.0,-0.2551506713470617,0.480693112053317,-0.1724404208233366,0.0,-0.2217127734342647,-0.2478718084569988,0.0,1,0.0637701080447135
UC5MGhAHzb7Gfa02AQBrmpLQ,0.0450320350375653,-0.4,0.0,-0.172071948818503,-0.3787533346461657,-0.3753544672980076,0.0,-0.2217127734342647,-0.2478718084569988,0.0,1,0.167088652711038
UC5NlQr0Bx8OgtGQYcLP3Hhg,2.648023952868597,-0.4,0.0,-0.2259633234796578,0.8748179618711273,0.3261853472080175,0.0,-0.2217127734342647,-0.2478718084569988,0.0,1,0.11196920971967789
UC5OuIwopIq14lgAbHz6zlNA,-0.3112964749550879,-0.4,0.0,11.701680579067244,-0.203304207953076,-0.1729910699680611,0.0,-0.2217127734342647,-0.2478718084569988,0.0,1,0.12080741940459905
UC5Oxr1b8kvWhT4DGdGYvCdA,-0.2290810528102208,0.2,0.0,0.8039112308131479,0.1798020976762792,0.157049619247273,0.0,-0.2217127734342647,-0.2478718084569988,0.0,1,0.15300972320335143
UC5PJza19Mgv_6UL2LV-_C5Q,1.504453203567119,0.2,0.0,-0.2302633544695015,0.0982224916656034,0.5669128794480982,0.0,-0.2217127734342647,-0.2478718084569988,0.0,1,0.1419314022653495
UC5PcgaKK8HFFuNbTPUyFttw,-0.0777171495622583,-0.4,0.0,-0.1706939704072986,-0.4202847704334188,-0.445030501014582,0.0,-0.2217127734342647,-0.2478718084569988,0.25,1,0.14979343577094878
UC5S6NhV2Ouj6Jyj4SIrmEUQ,0.6864717078639846,0.0,0.0,-0.2333958592144237,-0.2052415344037934,-0.0877836646802573,0.0,-0.2217127734342647,-0.2478718084569988,0.0,1,0.16880216230907286
UC5U2rZHyEbEiSn_1HJjr_xw,2.545151152353738,-0.4,0.0,-0.2042872639484685,0.3866116962903559,0.400007567814526,0.0,-0.2217127734342647,-0.2478718084569988,0.0,1,0.13085832351183735
UC5UZ8Dn9pE77SJA5OrCDh3A,-0.3042632089934338,0.0,0.0,0.7663708994560857,-0.3584114069136336,-0.2554661034670561,0.0,-0.2217127734342647,-0.2478718084569988,0.0,1,0.16956662215916346
UC5WHSdJK0w9AaE4wdCBoO7w,6.582945687022234,-0.4,0.0,1.0501419833542112,-0.3770581740017881,-0.4599451946670586,0.0,-0.2217127734342647,-0.2478718084569988,0.0,1,0.117255255310807
UC5XboaFcKw1ESbzC_kICHMw,0.0331375322207919,1.4,0.0,-0.0024694252965527,-0.2939347609756969,-0.3452483333012642,0.0,0.6913574657089212,0.7154674764909068,0.0,1,0.10771683775993823
UC5YZlvxNE9LSJVEfSEWXjag,0.5092498066870226,1.6,0.0,-0.2098441184968363,-0.1840923873167956,-0.0866085108149513,0.0,-0.2217127734342647,-0.2478718084569988,0.0,1,0.1471439387686731
UC5ZsRQK6u0-47oXnWXEBxZw,3.6550559049667055,-0.2,0.0,-0.2476814368267905,-0.2446943803532977,0.042635768927777,0.0,-0.2217127734342647,-0.2478718084569988,0.0,1,0.14638007931674396
UC5aEhB4qXglWYbOP7lb94FA,-0.3208359516531425,0.2,0.0,11.1028013010914,-0.2021387850100664,-0.217075378317278,0.0,-0.2217127734342647,-0.2478718084569988,0.0,1,0.11954763479374514
UC5adToZwdzD65qq4TkHBIbw,-0.2817137758364578,4.0,0.0,1.905428100120576,0.1678731894380659,0.0346595622804013,0.0,-0.2217127734342647,-0.2478718084569988,0.25,1,0.05555630883541751
UC5c-liGCQvgdB-ggkO1DetQ,0.8268545027363684,0.2,0.0,-0.2141978570390439,0.176623671468071,0.3193636810473768,0.0,-0.2217127734342647,-0.2478718084569988,0.0,1,0.14238905080952297
UC5dcjY3aWgH87IS54MfTmpg,0.2141000660325678,-0.4,0.0,-0.2189157845563039,0.0035053906610007,-0.1123417779376947,0.0,-0.2217127734342647,-0.2478718084569988,0.25,1,0.15550315961248196
UC5eDMSgJtHv9n2dYRnpcLEA,-0.2269823184507018,-0.2,0.0,0.0417863691173228,-0.4594147286411369,-0.5602895976820923,0.0,-0.2217127734342647,-0.2478718084569988,0.25,1,0.13457652489508976
UC5em__jWSmKXXj5lmrkyAvQ,0.7306909362220191,0.0,0.0,-0.156306447205247,-0.0460175167354615,-0.1333016427034168,0.0,-0.2217127734342647,-0.2478718084569988,0.0,1,0.16552365188924145
UC5fs7NDS0LXMxyphy3okG9g,-0.2196004290419952,-0.4,0.0,0.1769254048051444,0.3154149492264934,-0.0020922029669782,0.0,-0.2217127734342647,-0.2478718084569988,0.0,1,0.1541065327260217
UC5hBEWjn0xHblxa_VpntCxA,3.058289317326552,-0.4,0.0,-0.2425602073355697,-0.4779202323422599,-0.4979352469500592,0.0,-0.2217127734342647,-0.2478718084569988,0.0,1,0.13419113681223038
UC5hF9u1xBTx8wKh9hE1LnXg,0.4660648346213589,-0.2,0.0,-0.1202047758130107,-0.158523714264099,-0.3096619855615198,0.0,-0.2217127734342647,-0.2478718084569988,0.5,1,0.12333666040723512
UC5hZ9rSvywA7sdyG9pKIJIQ,-0.3462469854393864,-0.2,0.0,3.728595223137641,-0.1790069053836626,-0.3852891776433751,0.0,-0.2217127734342647,-0.2478718084569988,0.0,1,0.15424320538396896
UC5i1BZ2BJ_1mtpYKIF7QKrA,0.3585962035140839,-0.4,0.0,-0.1820153562318069,-0.3372218988589126,-0.376840627516498,0.0,-0.2217127734342647,-0.2478718084569988,0.0,1,0.1680439289620858
UC5iNBq3th3BDQpO6dlGs-zw,4.957781943136307,-0.4,0.0,21.363731971232088,-0.3728202723908438,-0.2826132861697537,0.0,-0.2217127734342647,-0.2478718084569988,0.0,1,0.031232698688734184
UC5mHOm3cx4BBvDNmkoWekAQ,7.19024359112681,1.0,0.0,-0.2139867038543856,-0.1274457691171749,0.0095969783523381,0.0,-0.2217127734342647,-0.2478718084569988,0.0,1,0.1126832245402073
UC5n21EG4ZLzV1_RqK5bOGwQ,0.3816847305182113,0.0,0.0,-0.0871725253011456,0.158007175105709,0.3846517021233802,0.0,-0.2217127734342647,-0.2478718084569988,0.0,1,0.15557349918028857
UC5nO_u3qUK8DhwrQxTSh3XA,0.6853010117463043,-0.4,0.0,-0.1444001627371001,0.111995671901172,0.5618280998698297,0.0,-0.2217127734342647,-0.2478718084569988,0.0,1,0.14905632713779482
UC5oM1NWo72GNZTmc3mGyeZQ,-0.2527301596517545,0.0,0.0,0.8083299612210411,1.0963996746719236,2.666148600100728,0.0,-0.2217127734342647,-0.2478718084569988,0.25,1,0.04417162034144051
UC5pj2AEdQKnjU55Cg-wVtjQ,-0.2119739376666718,3.4,0.0,0.1098335399487065,-0.2604099321605491,-0.4089357182467017,0.0,-0.2217127734342647,-0.2478718084569988,0.0,1,0.12186532085266505
UC5q2dZ2RmyK1pKk-iJA3lZA,0.5048950433507237,-0.4,0.0,-0.2043437759614293,-0.3482404430473675,-0.4421658271759854,0.0,-0.2217127734342647,-0.2478718084569988,0.25,1,0.1506991506160048
UC5s2tx8kT-IBf3mCnCtJkow,-0.1085327557033731,-0.4,0.0,-0.0718295167328388,-0.0914236054241492,0.0169186998717217,0.0,-0.2217127734342647,-0.2478718084569988,0.25,1,0.15316973312466237
UC5vB70VlaMSe2DFFT69DrZg,3.3043406437833647,0.8,0.0,-0.2394434918894434,-0.3680430014839613,-0.4008726438922529,0.0,-0.2217127734342647,-0.2478718084569988,0.0,1,0.13212618073566818
UC5vvZ1pVezgHVTYtsyvDV_A,0.1286943909257067,-0.4,0.0,0.4089210482123619,-0.1702485753877113,-0.1071961042962479,0.0,-0.2217127734342647,-0.2478718084569988,0.25,1,0.1537927144781896
UC5w7gOfUIINxlBYz9jfpyJg,10.437776536777172,1.2,0.0,-0.2515918546519475,-0.3287460956370242,-0.3823094345201054,0.0,-0.2217127734342647,-0.2478718084569988,0.0,1,0.08966000389591716
UC5whgfTi1uxBF4wuRv7fTrg,-0.2080122341379999,-0.4,0.0,0.0915149176912494,0.5459567968618576,0.9151999949799688,0.0,-0.2217127734342647,-0.2478718084569988,0.25,1,0.11794809521379851
UC5y0xv-7duPKoKPLjgpSpUA,2.4276234421048724,-0.4,0.0,-0.2412419520083968,-0.0219220190046644,0.5100442989902646,0.0,-0.2217127734342647,-0.2478718084569988,0.0,1,0.14362163977198428
UC5y5aLBPYj44j9cLhqLvE9Q,1.2915187083220063,-0.2,0.0,-0.2181620591682539,-0.1267394521820175,-0.1217114256615109,0.0,-0.2217127734342647,-0.2478718084569988,0.0,1,0.16615395828013352
UC5yZPfAo-iPYINF3_afqP7g,0.0816102797072255,1.0,0.0,-0.0415628677856687,-0.1292115614550684,-0.1873727468030781,0.0,-0.2217127734342647,-0.2478718084569988,0.25,1,0.14704603371179736
UC6-0sqmV4X7qGsEL6luxHlA,-0.0838972374008825,-0.4,0.0,0.0447976293711729,-0.0371784648040636,-0.1972910840350474,0.0,-0.2217127734342647,-0.2478718084569988,0.0,1,0.16965799564926304
UC608o8zcADaTKqLJ5RlHkHg,-0.2208299023457081,0.0,0.0,0.161165983589382,-0.1241159892800044,-0.1793845590414189,0.0,-0.2217127734342647,-0.2478718084569988,0.0,1,0.171480374030679
UC61VZNNDf53zcGgaohUwtcw,-0.2501311375167904,-0.2,0.0,0.7938442537468565,-0.2192669706876325,-0.2008534378801003,0.0,-0.2217127734342647,-0.2478718084569988,0.25,1,0.15357285091631823
UC61f0Gy1kMxxYDSvhniIrig,-0.2965878376214785,-0.2,0.0,0.4420096577282736,-0.4410504883270454,-0.4781715418213244,0.0,-0.2217127734342647,-0.2478718084569988,0.0,1,0.1663040085714632
UC62TjRKnWx07sWvUvMwqEKA,1.4508599229624413,-0.4,0.0,12.041498170988298,-0.1583824508770675,-0.1806523936319808,0.0,-0.2217127734342647,-0.2478718084569988,0.0,1,0.10142606093541601
UC63DKLqyQwe06Fqb-H5_dpA,-0.2667548809994312,-0.2,0.0,2.366236163223356,-0.1203825997656012,-0.0108736187891893,0.0,-0.2217127734342647,-0.2478718084569988,0.0,1,0.15988390486954707
UC64MbaEbKlit8DXeUfJgO3Q,0.3047138845822147,0.0,0.0,-0.1576726448517151,-0.225220213426816,-0.4187333703031771,0.0,-0.2217127734342647,-0.2478718084569988,0.25,1,0.1531679137075599
UC64RiOUiMOmEC5nGSx_D9Jg,-0.3437327186704831,1.2,0.0,7.829551309354355,0.6759625785883612,0.6403654980017305,0.0,-0.2217127734342647,-0.2478718084569988,0.0,1,0.07749843677023266
UC64qjU9oXT4NZMZ-24uDtdg,0.1778009456687433,0.4,0.0,-0.1012039039553237,-0.0853021919861188,-0.1628397255133406,0.0,-0.2217127734342647,-0.2478718084569988,0.5,1,0.11693482617480822
UC64rDRGjrrL_8N55q77Fcig,0.3954179897372107,-0.4,0.0,-0.1855222520607538,0.3306713950258925,0.6086905642853726,0.0,-0.2217127734342647,-0.2478718084569988,0.0,1,0.1456887415362536
UC654iHwyqxCSDh6DXx7Zo9Q,0.008176315593636,-0.4,0.0,-0.1365104272721502,3.181084018546958,2.22660640183018,0.0,-0.2217127734342647,-0.2478718084569988,0.0,-1,-0.004876470962755786
UC66GMbg71SH6DoCMc0a2Q0Q,-0.1664892829495504,-0.2,0.0,0.435876696872243,0.8232568256046394,2.9809784832056865,0.0,-0.2217127734342647,-0.2478718084569988,0.25,1,0.05033333941847934
UC66R1qBWIAPrioMbXmqGJVQ,0.1505789618695419,0.4,0.0,-0.1971649078980417,0.4463190212089919,0.4016750407611166,0.0,0.6913574657089212,0.7154674764909068,0.25,1,0.07452568980562962
UC6775lAYD18Vyr0_xT9VAtg,-0.0770681767144138,-0.4,0.0,0.0514377450868444,-0.1677058344211448,-0.2697954892053886,0.0,-0.2217127734342647,-0.2478718084569988,0.0,1,0.17330276138206613
UC67rYMrvcAISJLafiMBGLUw,1.5116887559611156,-0.2,0.0,-0.2331830883134145,-0.2545828174455008,-0.2478487167254029,0.0,-0.2217127734342647,-0.2478718084569988,0.0,1,0.16806699844794187
UC68YlmC5kxu6gU33mPVZwpg,0.1653677193078234,-0.4,0.0,-0.1897056111912361,-0.3202702924151358,-0.5211708976096018,0.0,-0.2217127734342647,-0.2478718084569988,0.0,1,0.15893285243790228
UC68mcOGfZFMzdI2kGX3jwRQ,0.0094686057525247,-0.2,0.0,-0.0653275665193386,-0.2333933093907798,0.0299770201420244,0.0,-0.2217127734342647,-0.2478718084569988,0.25,1,0.15700355324722115
UC6AHdxUHk8nx4h_mB93tH9g,10.213605196851791,-0.2,0.0,-0.2529579695648006,3.580718140458996,6.492396426703909,0.0,-0.2217127734342647,-0.2478718084569988,0.0,-1,-0.09285826458796709
UC6Bz1DB99wSDyFE5IuSQ8uA,0.2390975386902832,-0.2,0.0,-0.1387836337365346,-0.2227985553634193,-0.30380103915938,0.0,-0.2217127734342647,-0.2478718084569988,0.0,1,0.1733697757247098
UC6E7u8mMp3ccAjBIDLox6Dw,3.4363739704481984,-0.2,0.0,-0.2352127702799109,0.0272376396822881,0.3495410665562019,0.0,-0.2217127734342647,-0.2478718084569988,0.25,1,0.11792863659462627
UC6F-JIL3kJpmdYaGhFWxRxw,0.2662554264057469,-0.4,0.0,0.1366976689249235,-0.0685389367250506,0.2292660759113777,0.0,-0.2217127734342647,-0.2478718084569988,0.25,1,0.14619188573335679
UC6HydYNXcAJ-2w02PyQORtQ,-0.3101894036264119,-0.2,0.0,1.3675992772358851,-0.2581144021212876,-0.4484124298936031,0.0,-0.2217127734342647,-0.2478718084569988,0.0,1,0.16912715852833388
UC6IPVLzyOcCl870YqCml_Dw,-0.2981812851149879,-0.4,0.0,0.139559699422201,-0.3990952623786978,-0.5483096074227946,0.0,-0.2217127734342647,-0.2478718084569988,0.25,1,0.13514562427129834
UC6Ie9yG5HNoABD1sz7oM2Bw,-0.2436378743278448,0.0,0.0,0.1872209351921783,0.54426163621748,0.9533386306527089,0.0,-0.2217127734342647,-0.2478718084569988,0.25,1,0.11571829857405608
UC6KbEa3JA_BZixvZ2TB9yqA,-0.2207842035885264,1.0,0.0,0.3666954224922217,-0.3453445436132223,-0.4121229518468355,0.0,-0.2217127734342647,-0.2478718084569988,0.0,1,0.15550062309785112
UC6Ls8FLzq9ClLp0fs8_y8QA,-0.2785961611752438,1.0,0.0,1.3526436356577989,0.0071076070303032,-0.3584436279238414,0.0,-0.2217127734342647,-0.2478718084569988,0.0,1,0.14678942963982056
UC6NOihAZ8N4s5daUf6kPCRw,1.4534119839436164,0.4,0.0,-0.2428140723276789,-0.1465163263664238,-0.2341378424654418,0.0,-0.2217127734342647,-0.2478718084569988,0.5,1,0.09565540738823064
UC6OyAAeXclPUfSXxrAMtEmg,-0.2849380334655301,8.0,0.0,0.6706268479641759,-0.2466029388802122,-0.3665603477550553,0.0,1.6044277048521072,2.160476403912765,0.25,-1,-0.0665407982765659
UC6QO4NlE5E9RDRaJaAhkK1g,-0.2443907676643965,-0.2,0.0,3.9311535355425513,-0.3040250029065164,-0.424462988336917,0.0,-0.2217127734342647,-0.2478718084569988,0.0,1,0.15569625418720417
UC6RUSSN_Z_YDT30BGtEFt8Q,-0.2440225150977348,3.0,0.0,1.7063946882064855,-0.358218775022227,-0.4456887127173619,0.0,-0.2217127734342647,-0.2478718084569988,0.0,1,0.12026148519411889
UC6RtHzv-6pHC02m4QrNKNEw,0.0791125017801613,0.0,0.0,16.777519200058716,-0.3021078569396607,-0.2352527431583581,0.0,-0.2217127734342647,-0.2478718084569988,0.0,1,0.08608348278555766
UC6S3qNL6FWV9muKRlDPcbfg,5.272459015213825,0.2,0.0,-0.2468587012178409,0.6989450450169431,0.740941309248444,0.0,-0.2217127734342647,-0.2478718084569988,0.0,1,0.09535043717559222
UC6TgaFUM1kdhYINH8ZzE_0Q,0.0843139797688611,-0.4,0.0,-0.1314126715018975,-0.3321364169257795,-0.4206761810916822,0.0,-0.2217127734342647,-0.2478718084569988,0.0,1,0.1681630951105349
UC6UAQzp4bqwdDJmf7FeyZEQ,1.7280943369174666,0.6,0.0,-0.2193181991576145,-0.2524638666400287,-0.3383786030939403,0.0,-0.2217127734342647,-0.2478718084569988,0.0,1,0.15768287517749163
UC6WV3j4sMlUhx1JK5o_fPrw,0.3898158270653763,1.8,0.0,1.6628873736021803,0.1864238189433795,0.5108352687035718,0.0,-0.2217127734342647,-0.2478718084569988,0.0,1,0.11973956353533005
UC6Xqg-0RPyO5ampqEuigqCw,-0.2940408262267323,0.0,0.0,0.5020064168882147,0.0030210590483213,0.0023080721159122,0.0,-0.2217127734342647,-0.2478718084569988,0.5,1,0.10491674173420129
UC6ZCwWBZQm7I2308A2mDpFg,-0.0959965514432128,-0.2,0.0,0.1322984948029261,0.3761582056500269,0.3747164190554688,0.0,-0.2217127734342647,-0.2478718084569988,0.25,1,0.14068482483949268
UC6_JufbI6FsAwTa3EdkHT3Q,-0.3108716027529588,-0.2,0.0,0.8124346111375339,-0.0455130046389205,-0.1882640684041051,0.0,-0.2217127734342647,-0.2478718084569988,0.0,1,0.1698948192377051
UC6_su8-WzjsoowXTUNdCmBQ,-0.2677940858865025,-0.4,0.0,8.671654593213798,-0.2702630534059943,-0.4191828881374345,0.0,-0.2217127734342647,-0.2478718084569988,0.0,1,0.1334627340855004
UC6_t_QixcXNbYU7vzyF5sFQ,-0.0964348555452428,-0.2,0.0,-0.0293371319991938,-0.3845451335144561,-0.3677857796252981,0.0,-0.2217127734342647,-0.2478718084569988,0.25,1,0.15552552865790337
UC6avWoJ6ZsOxFvkozDYNSdA,5.893388707098112,-0.4,0.0,-0.2531441833723489,-0.2177130734302863,-0.0416883123919724,0.0,-0.2217127734342647,-0.2478718084569988,0.25,1,0.10857197512411965
UC6bYAwpr3B-4UEUW8l99HVQ,4.887393839060775,-0.2,0.0,-0.2469925103901957,-0.282129177916638,0.057638055153534,0.0,0.6913574657089212,0.7154674764909068,0.25,1,0.05085710432479601
UC6bnFDmc7SzET3ZCtRoPBLA,-0.3237096712898398,1.8,0.0,3.3071721288233173,0.0939845900546592,0.1298850537205524,0.0,-0.2217127734342647,-0.2478718084569988,0.0,1,0.11945723273230119
UC6f1RqNI_0MLcn8E7sf_3HQ,-0.3085818172909016,-0.4,0.0,1.3003807013216029,-0.4482549210656505,-0.4074457207301114,0.0,-0.2217127734342647,-0.2478718084569988,0.0,1,0.16414139705861192
UC6fJ8RpEsxuRUrUMD7UBm0A,-0.3252260620944439,0.0,0.0,3.129589049148808,0.0520596348321041,-0.173582507661054,0.0,-0.2217127734342647,-0.2478718084569988,0.0,1,0.15048057955963257
UC6gWyg1Tfm8N8KKjKFh6kCw,-0.1692463571397396,0.4,0.0,-0.0204678065439252,-0.1079043339111544,-0.332444726207511,0.0,-0.2217127734342647,-0.2478718084569988,0.25,1,0.1534536956694295
UC6go1s-xIqdUA7cLRMgGlnA,-0.3507979252084487,1.0,0.0,2.584304765649945,-0.330158729507339,-0.3793206170856629,0.0,0.6913574657089212,0.7154674764909068,0.25,1,0.06305118040222318
UC6hBEBavyQUBFOmrSFKUb5A,-0.0304615038927868,0.0,0.0,-0.1596049400442301,0.0169455929128523,0.0490503997270066,0.0,-0.2217127734342647,-0.2478718084569988,0.25,1,0.155098109713741
UC6hzVjMe6SAsO9bKPbduixA,0.7527390464383322,-0.4,0.0,-0.2339976979954464,1.2689428116889374,-0.1470588757228093,0.0,-0.2217127734342647,-0.2478718084569988,0.25,1,0.09813575294157217
UC6i8rwX1tcutmOD6e3YmEDQ,-0.282563520240716,-0.4,0.0,0.3496565867933434,-0.2906049811385264,-0.3413537206710911,0.0,-0.2217127734342647,-0.2478718084569988,0.0,1,0.17103172587534904
UC6iFcNVNzw6BuFBXhhFqehQ,1.127580442007347,0.8,0.0,-0.2137447548693936,-0.5067379632966804,-0.4312388300601653,0.0,4.343638422281664,3.605485331334624,0.0,-1,-0.03403473465979279
UC6iTV3pZcOTqDsj2av06aQQ,1.0138000390284476,-0.4,0.0,-0.2390874317216358,-0.3940097804455648,-0.3847207830771448,0.0,-0.2217127734342647,-0.2478718084569988,0.0,1,0.16137435817239915
UC6ijYlBqUdwO8o2t6Q6T6Lw,-0.2972417590640234,-0.2,0.0,0.3493005475122405,-0.3160323908041916,-0.3453058509919452,0.0,-0.2217127734342647,-0.2478718084569988,0.25,1,0.15693576969759865
UC6j0zds21gc-vAyK3UoRItQ,2.993171466606883,-0.4,0.0,-0.170205605441674,0.7773462248194107,0.653722014116173,0.0,-0.2217127734342647,-0.2478718084569988,0.0,1,0.10978613066696907
UC6lRPBNqMhMizaFpw50SW0w,0.4356585479561723,-0.4,0.0,21.389673862823784,-0.3745154330352215,-0.4396126522653822,0.0,-0.2217127734342647,-0.2478718084569988,0.0,1,0.07482165822989506
UC6lV6VuuP288neus2M62TTA,0.892085817663095,5.2,0.0,0.8679450202433696,-0.3807567063167939,-0.1473829162227239,0.0,6.169778900568036,3.605485331334624,0.0,-1,-0.09767024644761779
UC6lgJxQP_5DIKMdNgTwKDKg,-0.0724589142220975,-0.2,0.0,-0.0506710826333381,-0.5017937447505788,-0.5217867131110053,0.0,-0.2217127734342647,-0.2478718084569988,0.0,1,0.15894669355533542
UC6oCXyWQ3euJ17NcyyVVvnQ,-0.1989591336047787,0.4,0.0,0.0463209558063247,-0.0160831323406969,0.0200368000577835,0.0,0.6913574657089212,0.7154674764909068,0.25,1,0.09896649608774077
UC6ovhvd2Vi673O5Ha9BU52Q,-0.2290805226036458,0.6,0.0,0.9489443983498216,-0.1308360904059303,0.1801400225844346,0.0,-0.2217127734342647,-0.2478718084569988,0.0,1,0.15615886399160117
UC6pOSsS5bNbfqTU5761s59Q,0.1269850049277894,-0.4,0.0,-0.1778498865150183,0.5942688752266215,1.4389031215714712,0.0,-0.2217127734342647,-0.2478718084569988,0.25,1,0.10799027251453897
UC6qMCsx3sQPw6JPSMZUuzdw,0.862475547802563,-0.2,0.0,-0.2088603467660817,-0.17971322231882,-0.4031518519873017,0.0,-0.2217127734342647,-0.2478718084569988,0.0,1,0.1649900348160837
UC6qtZM95tKqhiUEC3I_Wgvw,0.0680508777489735,0.0,0.0,-0.1141591564907441,-0.3874713036743938,-0.4219644987675386,0.0,-0.2217127734342647,-0.2478718084569988,0.5,1,0.11586220035959544
UC6rDCBjaBOAtuJTBhSUUuRw,0.5015568627542946,0.4,0.0,-0.1474084610878265,-0.3621784305678062,-0.5982215052199363,0.0,-0.2217127734342647,-0.2478718084569988,0.0,1,0.1431581675186625
UC6sBBrdwoOiKozAC0m9tVnw,-0.3226198022189316,2.2,0.0,3.6315166830813017,0.0131113009791408,-0.4263987773304814,0.0,7.995919378854408,4.56882461628253,0.0,-1,-0.10431742266894961
UC6sdQWmyPSfDAExfX2PGAEg,-0.1591211789117948,1.0,0.0,1.239821084756653,-0.0893046546186772,-0.0224128620409708,0.0,-0.2217127734342647,-0.2478718084569988,0.0,1,0.1514397851391442
UC6uVYJChxOZyHzebID-Fz6g,3.2133786792021093,0.0,0.0,-0.2435340207896502,0.7204372603295885,1.6510113213915525,0.0,-0.2217127734342647,-0.2478718084569988,0.0,1,0.0930161331777607
UC6vCr4E4rxWGyoPzLxnP4Ig,-0.2229875517838122,3.8,0.0,1.0611908904439484,-0.1556441144515344,-0.2014108570954969,0.0,6.169778900568036,3.605485331334624,0.0,-1,-0.06429217594035663
UC6wUO8f5IM0ZtGfdwUBZXRg,-0.2416478323162082,-0.2,0.0,-0.0498894399729636,0.465154139479855,0.6633274359468936,0.0,-0.2217127734342647,-0.2478718084569988,0.0,1,0.14338675759391295
UC6xhFw_JuChyPaD_UK4vS-Q,0.772001097838354,-0.2,0.0,-0.1742804958291042,-0.1465163263664238,-0.2813408580203499,0.0,-0.2217127734342647,-0.2478718084569988,0.0,1,0.1704454481974768
UC7-JMqy2bn858FObKykUKRw,0.1712911871641299,-0.2,0.0,-0.1779097258180424,-0.3336903141831257,-0.3722565939516007,0.0,-0.2217127734342647,-0.2478718084569988,0.0,1,0.16976750094012588
UC7-VeFEddqp3kYF4qTEmgBQ,1.7998418906513904,-0.4,0.0,-0.2261557814299241,-0.0253123402934198,0.1451971043710795,0.0,-0.2217127734342647,-0.2478718084569988,0.0,1,0.15722922488390917
UC70kw8IOdRbbEfKnYlSI2bQ,0.4809000145908771,-0.4,0.0,-0.1529248130260236,-0.1448211657220461,-0.3293202969455349,0.0,-0.2217127734342647,-0.2478718084569988,0.0,1,0.17047047160916873
UC74FShHozIYkwzmqHf6HLuw,-0.3128156935280922,-0.2,0.0,2.856751291740488,-0.0864793868780477,-0.0772214849182726,0.0,-0.2217127734342647,-0.2478718084569988,0.0,1,0.15697948411802426
UC74WFSxB3jgqjHmxw1TeeMg,-0.3358938183841759,-0.4,0.0,1.5218463823541457,-0.4423218588103286,-0.5597778603190705,0.0,-0.2217127734342647,-0.2478718084569988,0.0,1,0.1471445942572545
UC74tCd0BCk90bxYx8_SRQuw,-0.1998852277558422,-0.4,0.0,10.494960317210191,-0.1516018082995568,-0.2997572974013523,0.0,-0.2217127734342647,-0.2478718084569988,0.0,1,0.1281016404311
UC77AmJ-pGTH7kehrRW112kg,0.2437522474604598,0.0,0.0,-0.1721469425491478,-0.3674926246513711,-0.4158057542546721,0.0,-0.2217127734342647,-0.2478718084569988,0.0,1,0.1679253800861481
UC78GS5rpJd7kikd5Rw6MAQg,8.360465350658016,-0.4,0.0,-0.2541162681091972,-0.2346646798740631,-0.4251754834995844,0.0,-0.2217127734342647,-0.2478718084569988,0.0,1,0.11906126300013237
UC79VfI_KYuCToVp7OAOrJZQ,-0.3075001958778274,0.6,0.0,1.1669137127017897,0.0162190954938332,-0.1466462187216698,0.0,-0.2217127734342647,-0.2478718084569988,0.0,1,0.15795765136319118
UC79fBLH9Y4rwOF5yYPZmIFw,-0.1737036270805455,-0.2,0.0,-0.0080532853250651,0.0505460985424812,-0.2899972301034237,0.0,-0.2217127734342647,-0.2478718084569988,0.0,1,0.16605261597887527
UC7As1Gp59jLNWOeUWVyjOrA,-0.0149643231424376,0.0,0.0,-0.1180764171265944,-0.3002916133921132,0.0546380169016923,0.0,-0.2217127734342647,-0.2478718084569988,0.25,1,0.15582322251459996
UC7BdIUFT18MPHmSA2WL09pQ,1.220416239254377,0.2,0.0,0.1365800501680033,-0.1369810477417994,-0.1290069867560927,0.0,-0.2217127734342647,-0.2478718084569988,0.25,1,0.14569479415292574
UC7DPOUD6UtFBkmgmEkMMihA,-0.1875541376964246,0.0,0.0,1.4411633178081982,-0.3517518472392927,-0.4188066422011529,0.0,-0.2217127734342647,-0.2478718084569988,0.25,1,0.13371370029195767
UC7DUl54uby1kgU8lQrJcrhQ,0.181025779881798,0.6,0.0,-0.1534765256627418,0.0984343867461507,0.1656175288021137,0.0,-0.2217127734342647,-0.2478718084569988,0.0,1,0.15510450545899662
UC7F0cTeOtWqr1xfFWAVASiQ,-0.2127119852191225,-0.4,0.0,0.2120513930121249,-0.0388736254484412,0.2317758634672493,0.0,-0.2217127734342647,-0.2478718084569988,0.25,1,0.14651641239021151
UC7GMWBDGjr-4_C3DgYiQbIw,-0.3457768689428541,-0.4,0.0,7.468707042984339,-0.2134751718193421,-0.4070839673331402,0.0,-0.2217127734342647,-0.2478718084569988,0.0,1,0.1334250494571413
UC7HFQmnGGXd8bDBPJ7pmfmQ,-0.088932079037428,-0.4,0.0,0.1301598645985258,-0.1049848905791707,-0.0712048057163608,0.0,-0.2217127734342647,-0.2478718084569988,0.0,1,0.17085150217496148
UC7IYnS66R24-XwUR7gdxYlQ,-0.1139875209473474,-0.4,0.0,44.12723791421804,4.848274512292404,0.9013843512697908,0.0,-0.2217127734342647,-0.2478718084569988,0.0,-1,-0.12885368327125257
UC7Ic8lvjPqqwCNbtpJ_toZg,-0.2235015926199175,0.8,0.0,0.1792580474332174,-0.2462996461150189,-0.2065635119391413,0.0,-0.2217127734342647,-0.2478718084569988,0.0,1,0.16191431513770688
UC7LWv1EMV_oazncor2Bs4hQ,0.0022973850896326,-0.4,0.0,0.0661153645090321,-0.3753630133574103,-0.384286231893646,0.0,-0.2217127734342647,-0.2478718084569988,0.25,1,0.15229078385685435
UC7Lsn0GF30lPeyvmp-SUf4A,4.905661222926029,-0.2,0.0,19.418113950894774,-0.4262178326887407,-0.4882407312447757,0.0,-0.2217127734342647,-0.2478718084569988,0.0,1,0.030824208157560873
UC7Nn2LPIbWPfZBvG9T0atCg,0.0594423428049543,-0.2,0.0,-0.1485389061581931,-0.1246205013765454,-0.1762550810072677,0.0,-0.2217127734342647,-0.2478718084569988,0.0,1,0.17263236894964612
UC7Nuq6vWm1wWwmWFvqATaCw,0.0246636192509675,-0.4,0.0,-0.1258828780320853,-0.008360733849643,0.2032285343929342,0.0,-0.2217127734342647,-0.2478718084569988,0.0,1,0.16209290549115873
UC7P5m5O6Ei2CacES6tiRGVg,-0.1264452546344024,0.6,0.0,0.0510122783893667,-0.0549776515700292,-0.0746200157032428,0.0,-0.2217127734342647,-0.2478718084569988,0.5,1,0.11170242804907038
UC7RYehfeXhmAy4-tPluPrOw,-0.0333438078264132,-0.2,0.0,0.0609209697050019,0.3662697685578238,0.0798863636786255,0.0,-0.2217127734342647,-0.2478718084569988,0.0,1,0.15846311487657277
UC7RZl2LQ5EipCtuG9NK0lhg,0.0096630148300381,-0.2,0.0,-0.0993585475759785,1.0457466601792096,0.7700359341103779,0.0,-0.2217127734342647,-0.2478718084569988,0.0,1,0.12446013435025555
UC7RwKs1359DW1pf7yWwfylg,-0.2044598500852562,0.6,0.0,0.1805216268569372,-0.1138844839621535,0.0733413637393343,0.0,0.6913574657089212,0.7154674764909068,0.75,1,0.017061042879636168
UC7V23X7ASxoDBxXo8kgzlHQ,-0.2708183841905101,-0.4,0.0,0.3614959522654376,-0.3092517482266809,-0.3899674697836599,0.0,-0.2217127734342647,-0.2478718084569988,0.0,1,0.16692941149775797
UC7X7G6T9Qra2Ehf8l61iyeg,-0.3033532735189428,-0.2,0.0,8.400053203161944,28.02140304770933,3.96099397549229,0.0,-0.2217127734342647,-0.2478718084569988,0.0,-1,-0.1541153144066204
UC7bWUQP6sXnrz_EmJkj1iWw,-0.0954636938353012,0.2,0.0,4.214755983026933,-0.2561720305496048,-0.1769297876752059,0.0,-0.2217127734342647,-0.2478718084569988,0.0,1,0.15462898864774843
UC7bY4ZYmRgqEUkT69ro7eeg,0.0564348091278907,0.0,0.0,-0.0399821804486507,-0.0417796151245173,-0.1935438115087817,0.0,-0.2217127734342647,-0.2478718084569988,0.0,1,0.1712344105958304
UC7bnkYpXPdmyu0Aj7SQCgDg,-0.1469105214887068,-0.2,0.0,-0.1199404666035089,-0.1274457691171749,-0.3080645101472199,0.0,-0.2217127734342647,-0.2478718084569988,0.25,1,0.16066465821934894
UC7c8hy8BwXvS7IplJuBXq5Q,-0.3008330249322699,-0.2,0.0,1.030505425861105,-0.3499356036917452,-0.4934909037271967,0.0,-0.2217127734342647,-0.2478718084569988,0.0,1,0.16517783817970927
UC7dVsiyJVPNLlEfnOQARrTQ,1.8169357506305637,-0.4,0.0,-0.227400391045536,-0.2906049811385264,-0.225813373376849,0.0,-0.2217127734342647,-0.2478718084569988,0.0,1,0.16336068016806876
UC7fY7MYRqJX-Mw5iwr1nlow,-0.2206110027740145,0.2,0.0,8.499550261144675,-0.258290981355077,-0.461964465211939,0.0,-0.2217127734342647,-0.2478718084569988,0.0,1,0.13220040848767162
UC7fYBo-qbr-e9RK25CGqfkw,-0.0215838259921061,-0.2,0.0,-0.028310116657375,-0.4368125867161012,-0.4529957570327966,0.0,-0.2217127734342647,-0.2478718084569988,0.5,1,0.11285706507235377
UC7fbSuuLNc893O6_Jn0jzoQ,-0.0006866175146721,0.6,0.0,-0.0684279869288885,-0.0024276715943211,-0.4845280222326454,0.0,-0.2217127734342647,-0.2478718084569988,0.25,1,0.14297557775759928
UC7gwNinqwqxbdutEeuDEgAw,3.694774739915832,-0.4,0.0,-0.2424814561420498,-0.0066655732052653,-0.1868170577092703,0.0,-0.2217127734342647,-0.2478718084569988,0.0,1,0.14238008289129983
UC7hV6LtH6GD1_wggLpZlMpg,-0.3010461471830198,2.0,0.0,1.5498010784477756,2.3909895852689265,0.1725392911180248,0.0,1.6044277048521072,3.123815688860671,0.5,-1,-0.10376619288999789
UC7halm3jzebc_q0sQUs1LPw,-0.1578700273451127,1.2,0.0,1.3143317847723344,-0.1667278571263115,-0.251485429658031,0.0,0.6913574657089212,0.7154674764909068,0.0,1,0.09459008655983941
UC7iHaDNj9YoPJ3-xHlMsG_w,0.3626766733155638,-0.4,0.0,1.2580419496961173,-0.3151848104820028,-0.4887939841197338,0.0,-0.2217127734342647,-0.2478718084569988,0.0,1,0.16241364410513232
UC7iTI44nyA4mNGO3yv4SOsg,-0.1493228007364632,0.8,0.0,0.1104730844851415,0.1686294479746991,-0.0167086396192131,0.0,4.343638422281664,2.6421460463867183,0.25,-1,-0.025524159320591377
UC7iUr7ByRqKJeRs1hZEqwpA,-0.0482779596899381,-0.2,0.0,-0.0928157711417756,0.4693920410907992,0.2194292327547748,0.0,-0.2217127734342647,-0.2478718084569988,0.25,1,0.1404622695668607
UC7jP5PmYlmh97umGfVnrNww,0.0420003138415073,0.2,0.0,-0.0042839293009635,-0.1994900965032262,-0.2158491294569023,0.0,-0.2217127734342647,-0.2478718084569988,0.25,1,0.15809267489874262
UC7l-ReHmQ-vmmgUIqw1IEqw,2.0610965022072603,2.0,0.0,-0.2309031175086336,-0.2828770429068047,-0.380654095737145,0.0,-0.2217127734342647,-0.2478718084569988,0.0,1,0.1345756703495115
UC7l4tDRQJK6MvfiCoUvbpTQ,-0.1118126135765482,0.2,0.0,0.0852671610276293,-0.1645274082129366,-0.1175104088701771,0.0,-0.2217127734342647,-0.2478718084569988,0.25,1,0.15463720416800175
UC7lDXRL5vZt-yRF3BCPu6IA,-0.2966094179592695,2.4,0.0,1.3398391621533694,-0.394545094333263,-0.3374882614673622,0.0,3.430568183138479,5.0504942587564825,0.0,-1,-0.054054265222616915
UC7luQxKQrI-LcB69hiPgy9Q,-0.2661893273193924,-0.2,0.0,0.2542476008691238,-0.1104941626733981,0.1241814790923488,0.0,-0.2217127734342647,-0.2478718084569988,0.0,1,0.16791556146129905
UC7mUW9Us-WPBl-Tm0mH7cPA,-0.1226507934082562,1.4,0.0,0.0481824000866506,-0.1758789303851086,-0.2673920369558198,0.0,-0.2217127734342647,-0.2478718084569988,0.5,1,0.1053556822308771
UC7nvDbIO9Q7ZwmskhpC0fwQ,0.2061116203020195,-0.2,0.0,-0.1116341038391768,0.1155272565769589,-0.0819270191684947,0.0,-0.2217127734342647,-0.2478718084569988,0.25,1,0.15363501621470155
UC7nydkMEMjHIOHVVvXe3A7Q,0.2218858550277687,0.4,0.0,2.828150087839633,-0.2227985553634193,-0.3356001668556876,0.0,-0.2217127734342647,-0.2478718084569988,0.0,1,0.15227658848200726
UC7pg904ryeNYNJsVVLR4Sgg,0.6608270618474066,0.8,0.0,-0.0603364765719604,0.0307050137276061,-0.196798079798461,0.0,0.6913574657089212,0.7154674764909068,0.25,1,0.09489416615184254
UC7qqe8CihxjtaXb79-C0WFA,-0.3609372422783945,-0.2,0.0,12.03902724769996,-0.2280959323770996,0.0194259854262845,0.0,-0.2217127734342647,-0.2478718084569988,0.0,1,0.11276971698110522
UC7rDdDWLKpJ8slc33kA991w,-0.3435040500911981,-0.2,0.0,2.803346826892964,-0.2948428827494707,-0.1950889268090878,0.0,-0.2217127734342647,-0.2478718084569988,0.0,1,0.15994286385346246
UC7r_jS3XLZu-QFgIUGYwiiw,-0.172690932522226,0.2,0.0,0.2318712865336516,-0.1465163263664238,-0.3473168942565544,0.0,-0.2217127734342647,-0.2478718084569988,0.5,1,0.11008339113642512
UC7ss4YV7qGsx_sPfo3R2caA,-0.3228472019277806,-0.2,0.0,18.471227031106896,0.7603946183756339,0.6134033956433612,0.0,-0.2217127734342647,-0.2478718084569988,0.0,1,0.03950813346896659
UC7uTn5RYQjqF1hUV4txYm5Q,0.6972115722479216,0.6,0.0,0.0185005131191954,-0.0121748452994928,-0.1571294061260393,0.0,-0.2217127734342647,-0.2478718084569988,0.0,1,0.16067024122755785
UC7vr3LZULmd5KuGcisMrMzQ,-0.2673769900474739,0.4,0.0,1.3151098491841449,-0.1823030510810637,-0.3990838854103705,0.0,0.6913574657089212,0.7154674764909068,0.0,1,0.10329469034686711
UC7zVlvrs_Uqc8rd32FCXGtA,-0.3173666332971545,3.4,0.0,2.2127051496201555,-0.2936068281129452,-0.3869187693051071,0.0,-0.2217127734342647,-0.2478718084569988,0.0,1,0.11487214990126654
UC81iGvzVHDDpGrTI63n_DVg,0.0699262941486737,-0.2,0.0,-0.1191527679896919,-0.3040250029065164,-0.4217605742705697,0.0,-0.2217127734342647,-0.2478718084569988,0.0,1,0.1708169028546183
UC82CrDe4dMsfUwPjQN_3k0w,-0.132867116671243,-0.2,0.0,0.0684073639507005,-0.2764786424353792,-0.507509983157289,0.0,-0.2217127734342647,-0.2478718084569988,0.0,1,0.1661867470749308
UC856jQ19ooOGZjUs8v-JlxA,0.2280254115193234,-0.4,0.0,-0.1479536656994474,-0.445712180099084,-0.4751222199906857,0.0,-0.2217127734342647,-0.2478718084569988,0.25,1,0.1455387383175638
UC85nuGLJFY-M0eyEs3LcTBA,18.680799186973857,-0.2,0.0,6.0170655968148905,0.0893935299761363,0.1117571560443453,0.0,-0.2217127734342647,-0.2478718084569988,0.0,1,0.03218079297478538
UC86ElgDU_mispgIMab_SVzw,0.387551844989971,-0.2,0.0,-0.1893015255042181,0.0321818582283896,-0.1381926296016236,0.0,-0.2217127734342647,-0.2478718084569988,0.0,1,0.16831862526987185
UC86S4UCiVamj5iLqsdjX7DQ,-0.1492681733923686,-0.2,0.0,1.052777569470556,-0.0052529393349506,0.2258208844790019,0.0,-0.2217127734342647,-0.2478718084569988,0.0,1,0.1578061397203558
UC86XsdejS2XfwxoYWfepHPQ,4.509225766771324,-0.2,0.0,-0.2425467508226759,-0.1945458779571247,-0.1699356715828779,0.0,-0.2217127734342647,-0.2478718084569988,0.0,1,0.1416759804213995
UC86pnWLjPLu-gHLrUr7Zs3g,-0.1013728461140817,0.0,0.0,-0.0979174758789205,-0.1549921295883122,-0.1937681226128345,0.0,-0.2217127734342647,-0.2478718084569988,0.25,1,0.16077174411992573
UC8717GfKidzurrq1pHO5BOw,0.3253416471278018,-0.4,0.0,26.641215411362715,-0.1193937560563809,-0.1278827522303637,0.0,-0.2217127734342647,-0.2478718084569988,0.0,1,0.05553214117153038
UC87DIrva7SxY68qjqXw2fVQ,-0.1172790433651733,-0.2,0.0,0.7606428298621174,0.1070514533550705,0.2144066827011961,0.0,-0.2217127734342647,-0.2478718084569988,0.25,1,0.13939550938427053
UC87qHreU8T2aEw9Cd2GJ06Q,-0.3167003403678587,1.8,0.0,1.3983726838983046,-0.1597597689006244,-0.3730205199267599,0.0,1.6044277048521072,1.1971371189648596,0.5,-1,-0.004187505296680882
UC88Mayyqdzypt-avzbyapSg,15.99043558805573,1.0,0.0,-0.2531194758650511,-0.0836541191374182,-0.0531884750702856,0.0,-0.2217127734342647,-0.2478718084569988,0.0,1,0.06748532541690572
UC895dogyBMHai0816Ko7pKw,0.0573634280721687,1.4,0.0,-0.0561656092238585,0.4032000540246232,0.4951864339533587,0.0,-0.2217127734342647,-0.2478718084569988,0.5,1,0.06882235168449957
UC89z8fybC4G3CAujFCDrTxQ,-0.3203192412454707,0.8,0.0,5.326760903836764,-0.108375211867926,-0.3059894547176605,0.0,2.517497943995293,1.6788067614388125,0.0,1,0.013234167573223932
UC8BFlm9kWiVWNScc_NWSRow,-0.2391714141397383,-0.4,0.0,0.3253315834993756,-0.498262160074792,-0.5282982145770576,0.0,-0.2217127734342647,-0.2478718084569988,0.0,1,0.1560429474453765
UC8BnLISTjGRD5L5BTAzz1aA,-0.291013599162596,-0.2,0.0,0.6599209332992886,-0.0038403054646359,-0.0591140164267634,0.0,-0.2217127734342647,-0.2478718084569988,0.5,1,0.10560326666663089
UC8Bo7fR7Ju87SSuBftYPYww,-0.2885428365229264,-0.2,0.0,0.6602404245651132,-0.1853637578000789,-0.1999353735986777,0.0,-0.2217127734342647,-0.2478718084569988,0.0,1,0.17272966122237499
UC8CAwrilPdOe1Tvl6u9Q62Q,-0.1976206565620201,0.4,0.0,-0.0211720425408406,-0.4097371042017355,-0.4506161821258095,0.0,0.6913574657089212,0.7154674764909068,0.25,1,0.08981790331374573
UC8CidO3_doF3ay2xSyHNVvA,0.1108836916570844,-0.4,0.0,26.01618876348685,0.6341051503694969,1.100989348637409,0.0,-0.2217127734342647,-0.2478718084569988,0.0,1,0.00806821568524696
UC8DFXsqqMkQmq0YSJtfYYtg,-0.1646583029104248,-0.2,0.0,0.14026142483188,-0.2319806755204651,-0.2962677831757538,0.0,-0.2217127734342647,-0.2478718084569988,0.0,1,0.17325580871192792
UC8FOOSJ9E15HCQXTxEtWxdw,0.5327118011034326,-0.4,0.0,-0.1635753655019632,-0.1804195392539773,-0.4110696545045164,0.0,-0.2217127734342647,-0.2478718084569988,0.25,1,0.14618543175626264
UC8I4eIk2ttQkhrH2xkiQ7Xg,-0.3245235383825206,0.2,0.0,2.337597298805594,-0.4288665211955808,-0.5148383391646183,0.0,-0.2217127734342647,-0.2478718084569988,0.0,1,0.1485827703958712
UC8K914ktRiWW6U24xNjUGGA,0.5018992247141754,0.0,0.0,-0.1986654970201527,-0.3075565875823032,-0.3902649056439141,0.0,-0.2217127734342647,-0.2478718084569988,0.0,1,0.1668200689218789
UC8KZbe3eimh8G611QaQtgIA,0.0731414668196943,0.6,0.0,-0.092157643148365,0.8489667620443675,1.174508299154207,0.0,-0.2217127734342647,-0.2478718084569988,0.0,1,0.11375343856325904
UC8Kw2ASMAjH9E7TRyuZ-4bw,17.370166531621788,0.2,0.0,-0.2526347680483636,0.0563732132575295,0.042568854752872,0.0,-0.2217127734342647,-0.2478718084569988,0.0,1,0.06536157596700481
UC8LCYq5dRjj177Rh-maY6CA,-0.0395253095492374,-0.4,0.0,-0.0804533412604566,1.7520635953365755,5.002174007371514,0.0,-0.2217127734342647,-0.2478718084569988,0.25,-1,-0.017830948231384536
UC8LZcoy_lluHGqQqNLUz1eQ,0.1169821276831529,1.0,0.0,-0.066704527336165,-0.4431694391325175,-0.4910399780295344,0.0,1.6044277048521072,1.1971371189648596,0.5,1,0.010783251084597156
UC8PE-cPFP6oJSudk6ezf71Q,1.566657038950388,-0.4,0.0,1.3922888992972369,0.3637270275912573,0.8892633916092658,0.0,-0.2217127734342647,-0.2478718084569988,0.0,1,0.1224445035155094
UC8PPzBD52fFX88zt65pwf0Q,12.785806958457307,0.0,0.0,0.1241635902247583,-0.1204835021849095,-0.1554358064895238,0.0,-0.2217127734342647,-0.2478718084569988,0.0,1,0.0949437493087717
UC8PqonHPepD7dJGdotlTzdA,-0.3411084000496588,0.2,0.0,2.514319905881219,-0.2386906864044601,-0.2668675223774471,0.0,-0.2217127734342647,-0.2478718084569988,0.0,1,0.1565741161101234
UC8QE1hwQ7hTPzex_V9ElfVg,-0.3281194751182138,0.0,0.0,0.8851235097949267,0.1374230815668372,0.1223880979758002,0.0,-0.2217127734342647,-0.2478718084569988,0.0,1,0.15764833257737865
UC8QLDWJM18dx9WvosvQiH-A,0.2999511146624593,-0.4,0.0,10.660883238228203,-0.1744864769986555,-0.2425277088758922,0.0,-0.2217127734342647,-0.2478718084569988,0.0,1,0.12191303067720027
UC8R9BNF0dOmEbP-2R8T-M2g,-0.1397579579499334,3.2,0.0,4.153326217267626,-0.3160323908041916,-0.3936895606075514,0.0,0.6913574657089212,0.7154674764909068,0.0,1,0.042904292644331876
UC8RwDfK9sKEveKtSpT0MIJA,0.0767892880559447,-0.4,0.0,14.498425621987948,-0.4643589471872384,-0.4751700416518504,0.0,-0.2217127734342647,-0.2478718084569988,0.0,1,0.09042948123435224
UC8SjIn0tx_Kpf20qfQ4LG9w,0.1006570672377826,0.6,0.0,0.1695769688425761,0.254389166028897,0.5633464897864328,0.0,-0.2217127734342647,-0.2478718084569988,0.0,1,0.1448348578082383
UC8SqVJZAXXm0SXhP_1G7eOQ,-0.2296159496741902,1.2,0.0,0.1431826809430974,-0.1967191608345319,-0.2394821729934116,0.0,-0.2217127734342647,-0.2478718084569988,0.25,1,0.14462822818206839
UC8ULaeJmdcDvGY9Jj5gkdTQ,0.1675938799808762,-0.2,0.0,-0.1726227188502956,-0.2884860303330543,-0.3935359869362574,0.0,-0.2217127734342647,-0.2478718084569988,0.0,1,0.16885335338009222
UC8UuJpP1hlJgHyp2vwxm2nQ,-0.076586446169095,2.8,0.0,-0.0026384058086576,-0.2625541085708482,-0.2393104206694469,0.0,-0.2217127734342647,-0.2478718084569988,0.25,1,0.11835175908803053
UC8Vyp3ZbFNthwN0f6m6kO1w,-0.3155466108605795,-0.4,0.0,1.264420193876074,0.2501512644179528,-0.118825295940867,0.0,-0.2217127734342647,-0.2478718084569988,0.25,1,0.12944671954530257
UC8W1IWY3FwFqQmbdGu5BCww,-0.2240838558405029,-0.2,0.0,0.1067104944396816,0.0646724372456286,-0.1314880489121837,0.0,-0.2217127734342647,-0.2478718084569988,0.25,1,0.1561590379962845
UC8Wc7_4BVViYV51vB-EO7DA,1.6775020255274948,-0.2,0.0,-0.2396129429776773,-0.3852514504496135,-0.4249515696273124,0.0,-0.2217127734342647,-0.2478718084569988,0.0,1,0.16089195855736738
UC8XV_bw2TOLvrrgxyoVOCaA,-0.1191605192685881,0.0,0.0,0.0121747343151513,-0.3475139456283485,-0.4205371279245096,0.0,-0.2217127734342647,-0.2478718084569988,0.5,1,0.11525050897345207
UC8Y6T7EuToAWvV6S4DAs65w,-0.1070855809571101,0.8,0.0,0.0901468912907135,-0.1850427046477347,-0.2910670573013422,0.0,-0.2217127734342647,-0.2478718084569988,0.25,1,0.150978038258551
UC8Y7E0w7LdcsyMerXRZEELQ,-0.1857817328598744,-0.2,0.0,0.1183525141437431,-0.0200855949732553,-0.3259638639830061,0.0,-0.2217127734342647,-0.2478718084569988,0.0,1,0.16882303524438264
UC8ZQT4qBIAXbnHoVVBvmn8Q,2.065379947561113,-0.2,0.0,2.510331816011912,-0.0342119336764026,0.3962863491185966,0.0,-0.2217127734342647,-0.2478718084569988,0.0,1,0.13321769201081224
UC8bgwskNm3PinnLRogsWHuw,0.1375933780811174,-0.4,0.0,-0.1121981227565489,2.7267809658537403,-0.6003272946293761,0.0,-0.2217127734342647,-0.2478718084569988,0.0,1,0.05336059847831043
UC8bzNsH5sNaMgkaNPQDHdyw,0.4761614826859804,0.0,0.0,-0.1873127985367587,-0.0484391747988581,0.0517241503998619,0.0,-0.2217127734342647,-0.2478718084569988,0.0,1,0.16659390458981743
UC8desUWqq_1htmYNBfpvGgA,0.3781283067963243,-0.2,0.0,-0.1988277370661744,0.1798020976762792,0.7572514730215368,0.0,-0.2217127734342647,-0.2478718084569988,0.0,1,0.1494291168827434
UC8eDQ24Vmz9OCxHix6V2i9A,-0.2598379575090994,0.0,0.0,1.4109603583942736,0.2530572540940288,0.1902589211496268,0.0,-0.2217127734342647,-0.2478718084569988,0.0,1,0.1504596827604584
UC8ePMpIpadjvemT0x2KEq1w,4.276063537217523,-0.4,0.0,-0.2291514276136911,-0.2304267782631189,-0.2828080466563575,0.0,-0.2217127734342647,-0.2478718084569988,0.0,1,0.13817750409607577
UC8f0rFzClsfWN3UmEPP426Q,0.0132281238405828,0.6,0.0,0.1389229043518862,0.1090291407735111,0.0326931067039497,0.0,-0.2217127734342647,-0.2478718084569988,0.0,1,0.15781896431611847
UC8g4p6UXi7qpIoVAS5ZA75A,-0.3355488306393522,1.6,0.0,4.27418502873602,-0.3835562898052358,-0.4556675100336105,0.0,-0.2217127734342647,-0.2478718084569988,0.0,1,0.12875982487071536
UC8hkAI9yLo-hWYPMLEVOigg,-0.1450043026117903,0.0,0.0,-0.0960379506155935,-0.3923146198011871,-0.4096864681873346,0.0,0.6913574657089212,0.7154674764909068,0.0,1,0.10103418475430631
UC8is_9-Ip2WkeMx-NcN6jJQ,-0.2429592099117982,0.0,0.0,0.232272092373107,-0.1114022844471719,-0.1177515577239929,0.0,-0.2217127734342647,-0.2478718084569988,0.0,1,0.17029915841497956
UC8jd5Od2Z0JaF9wsB40VaDA,0.414581776185326,0.0,0.0,-0.1646258583175715,6.119523912672493,7.580024552576612,0.0,-0.2217127734342647,-0.2478718084569988,0.25,-1,-0.11421689926326506
UC8jw4cyRm3WhgYZeBcyPiXg,-0.0406281392253131,-0.4,0.0,-0.1405423248771619,-0.3728202723908438,-0.3744162281992633,0.0,-0.2217127734342647,-0.2478718084569988,0.25,1,0.15300937760494882
UC8lj3GnciSgj_CKIPLF0Xnw,-0.355727785943137,-0.4,0.0,4.903884132106799,-0.4728347504091268,-0.4989537088536121,0.0,-0.2217127734342647,-0.2478718084569988,0.0,1,0.1330301331937498
UC8m1iUmSTLZBkqg-ybCkqhw,0.0641222995072754,0.4,0.0,-0.0874187763465623,-0.1394531570148501,-0.0614868910988528,0.0,-0.2217127734342647,-0.2478718084569988,0.0,1,0.16581390082024478
UC8mcpxzInjecz0z2oIoLpFw,0.1764575200312844,0.6,0.0,0.2874589519384188,-0.1655868836156727,-0.3517326338804381,0.0,-0.2217127734342647,-0.2478718084569988,0.25,1,0.14432966079834775
UC8npnXRk3594QNQClrfrPwQ,6.148498661090019,-0.4,0.0,-0.2548144927297828,-0.3448501217586122,-0.4609580760537822,0.0,-0.2217127734342647,-0.2478718084569988,0.0,1,0.12743944543803937
UC8oxq9NB0rXBfT9_8zxDLXw,0.246817346422813,0.4,0.0,14.313188726830212,-0.5354615186597466,-0.545637547643355,0.0,-0.2217127734342647,-0.2478718084569988,0.0,1,0.07457455000211943
UC8p5pTvsPgNTSDTFm6qAcOQ,-0.3321691888440825,6.0,0.0,5.10289159133179,-0.0184629749870829,-0.0922139348172164,0.0,0.6913574657089212,0.7154674764909068,0.0,-1,-0.010015796051335513
UC8pf1GjbgLFCggSV66hEQHQ,0.1745241217554143,1.8,0.0,-0.0786941386917535,2.4748906888532445,4.247032320873491,0.0,-0.2217127734342647,-0.2478718084569988,0.5,-1,-0.08775046851710133
UC8q7vqg4A8G-mTJF2Iw5rPQ,-0.004561367165038,-0.4,0.0,0.3550378190687724,-0.2490735453512733,-0.4638516694806775,0.0,-0.2217127734342647,-0.2478718084569988,0.0,1,0.1706827078972904
UC8rF1hiZtJUfQDH3gTbBaBw,-0.0273436367522514,1.0,0.0,-0.0500805674197012,-0.0776504251885806,-0.2878642101866219,0.0,-0.2217127734342647,-0.2478718084569988,0.25,1,0.14569946461276406
UC8scW9SpxWDXHLrNtQwT_SQ,-0.1699264354399863,-0.4,0.0,0.5194173729260742,-0.3889242985124318,-0.3324753516219402,0.0,-0.2217127734342647,-0.2478718084569988,0.0,1,0.16889699231509353
UC8tmn5A9Gf3IqLfuD00Pbtg,0.7147550474027256,-0.4,0.0,-0.2240843996940188,0.0925013244908288,0.044316720982121,0.0,-0.2217127734342647,-0.2478718084569988,0.0,1,0.15814879716218883
UC8vaB5oqxQUV2sTFN4-zkJQ,0.0826300436865455,-0.2,0.0,-0.0068559657800018,2.969753991547875,4.424746877669353,0.0,-0.2217127734342647,-0.2478718084569988,0.5,-1,-0.0630331891663497
UC8xUTZbTcnm6fV9RFkUMq_Q,4.846783550123489,-0.2,0.0,-0.2539158664098656,0.08303667755972,-0.027687686878329,0.0,-0.2217127734342647,-0.2478718084569988,0.25,1,0.11397514715517187
UC8xwzIXxCNxDFWOYh01QzDA,0.8843496958821024,1.2,0.0,-0.192089523309403,-0.0953355146034823,-0.1814911683704984,0.0,-0.2217127734342647,-0.2478718084569988,0.0,1,0.15135687948624665
UC8yxWXFOE5cxvazDaB2YovA,7.5541992994368865,-0.4,0.0,-0.2466764374460064,-0.0575203925365957,0.0646938702011441,0.0,-0.2217127734342647,-0.2478718084569988,0.0,1,0.1325669536784908
UC8zCmHaOvKTnA32rXL-Qa0w,-0.3294315358931442,2.0,0.0,2.5342092508095355,-0.3412105121398012,-0.4552430742378842,0.0,1.6044277048521072,2.6421460463867183,0.0,1,0.024230189076111186
UC8zP6_lbEir3iJ9XF-smz-A,0.5334904473307719,0.0,0.0,-0.1132385548136874,-0.2694154730838055,-0.2527571998103503,0.0,-0.2217127734342647,-0.2478718084569988,0.0,1,0.1697135020396779
UC8zm9Jr-MzctGPVwbUSG1Sw,2.246954491248073,-0.4,0.0,-0.2278616833413311,-0.3499356036917452,-0.2738654102882102,0.0,-0.2217127734342647,-0.2478718084569988,0.0,1,0.15807174415550712
UC9-b9sdsE6uRm63AQqEIS0w,0.0124996200064828,1.8,0.0,0.0416605582121696,-0.345697702080801,-0.2895538690861456,0.0,-0.2217127734342647,-0.2478718084569988,0.25,1,0.13953563499276161
UC90ew9zUWFd7lOSgL0_SrHA,-0.1976922933614917,-0.4,0.0,-0.1083385679067326,-0.1549921295883122,0.0232548720255793,0.0,-0.2217127734342647,-0.2478718084569988,0.5,1,0.11629108716407
UC90zSMndNMgIZ8uNdEr4rdA,0.1829330086760003,0.0,0.0,8.204437955890931,-0.0720503409169758,-0.0683431559576555,0.0,-0.2217127734342647,-0.2478718084569988,0.0,1,0.12490220694726872
UC91WqQFsNFl1YB4PMamGOhQ,-0.2137493722550794,0.0,0.0,-0.0615736943768599,-0.1810249537698265,-0.3712866518091576,0.0,-0.2217127734342647,-0.2478718084569988,0.0,1,0.17099684352773592
UC92OdpEh1sy-OuAd6geyGXg,0.1391458229328239,0.6,0.0,-0.117485213796938,0.6294434585974584,1.6412743054301189,0.0,-0.2217127734342647,-0.2478718084569988,0.25,1,0.08458861715760174
UC93AYYx8O7_wKGtIpeBEXJA,-0.118818763259079,-0.4,0.0,0.0559385046506481,0.918044558302758,1.3652952067448172,0.0,-0.2217127734342647,-0.2478718084569988,0.25,1,0.09389361972907478
UC94Fn4BR2rx72m1q4IfKBGA,-0.2014652433494506,-0.2,0.0,0.4967313365084895,0.0837429944948774,0.0818158744032212,0.0,-0.2217127734342647,-0.2478718084569988,0.0,1,0.1657062038926142
UC95d7DIbyJ32qYidbI0fyyA,-0.2821860131592902,-0.4,0.0,0.4237297006902752,-0.2066945292418314,-0.4358693210287692,0.0,-0.2217127734342647,-0.2478718084569988,0.25,1,0.15093955791498387
UC95v2Sac_BAmAWGAgUt0Rzw,3.39151354560542,-0.4,0.0,-0.2457911948680037,-0.1346502018557801,0.340286194547423,0.0,-0.2217127734342647,-0.2478718084569988,0.0,1,0.13738575343638948
UC97Qh3rU4YJVVPi0zL9Z8pA,0.1276587207491356,-0.2,0.0,0.1886011588995947,-0.2340996263259372,-0.3225450157470515,0.0,-0.2217127734342647,-0.2478718084569988,0.0,1,0.17430161783003106
UC98I2SkFcD73Lx8b-8ZjQxA,-0.2878097919453377,1.2,0.0,2.974617779676405,-0.1996530927190317,0.0816735711333769,0.0,-0.2217127734342647,-0.2478718084569988,0.0,1,0.138918877907662
UC98i0C-1jDfCO3zIUJfdBdA,0.6429129654108524,0.0,0.0,-0.2000324116417589,-0.3130053182249457,-0.2760484230702051,0.0,-0.2217127734342647,-0.2478718084569988,0.0,1,0.16766979486441658
UC99jvrjs_qCb8Ko2lkDTWfA,-0.0344492082010345,0.8,0.0,0.0179870209393525,-0.3572556155651942,-0.3553780576443432,0.0,-0.2217127734342647,-0.2478718084569988,0.25,1,0.14911278200441436
UC9A2XqHl8WszXfOvwmygTYw,-0.2950467038433728,0.0,0.0,1.5737269773039892,0.0223943235554948,-0.0410180294507663,0.0,-0.2217127734342647,-0.2478718084569988,0.0,1,0.1631277889300098
UC9AgkxjklF7AgCPfJHs8n3A,-0.2522029828285754,0.0,0.0,0.2327457321981583,-0.0236171796490421,-0.0682913593561684,0.0,-0.2217127734342647,-0.2478718084569988,0.0,1,0.16794798324371257
UC9D-ZwQzXEEvm5AuEgFnI4g,0.2557371883701751,3.4,0.0,-0.112170411182137,-0.0377435183521894,-0.019886243066384,0.0,-0.2217127734342647,-0.2478718084569988,0.0,1,0.11177062614591637
UC9DV_i9rRNOXHO1WN3k4kWw,-0.2475058575323959,2.8,0.0,0.2643880423227281,1.4638862857923702,2.049141090451516,0.0,1.6044277048521072,3.123815688860671,0.0,-1,-0.07814142950606695
UC9FoTn18uusGNabUFB1dvSQ,-0.0182859410953799,0.4,0.0,0.2296567187732768,-0.2006672913951551,-0.0447509639835421,0.0,-0.2217127734342647,-0.2478718084569988,0.0,1,0.16678104157817158
UC9J-LCaHVtR858a3JBScWXA,-0.1516818757053914,1.4,0.0,0.0521771104265198,-0.3487247746600469,-0.4316782523194458,0.0,-0.2217127734342647,-0.2478718084569988,0.75,1,0.04388799206801253
UC9JPyIBPSi_EIMgDqisVwRg,1.4817126435638086,0.2,0.0,-0.2274586935956795,-0.4023796361271796,-0.4804666329578065,0.0,-0.2217127734342647,-0.2478718084569988,0.0,1,0.15569351460786474
UC9LES9No7l5T94n8CuZFozw,-0.1740880268474469,0.2,0.0,0.051346444826595,0.0113455086412474,-0.3470522595675414,0.0,-0.2217127734342647,-0.2478718084569988,0.25,1,0.14755312345189636
UC9MLHh7O4f3pROQfkmWMU2Q,1.5572971255457455,-0.2,0.0,-0.2038835551799319,-0.1408657908851649,-0.2153166540681023,0.0,-0.2217127734342647,-0.2478718084569988,0.0,1,0.16697353077307148
UC9MN_c4EADW5XHtolTlY1Kg,-0.2864467531962826,0.2,0.0,0.9618675880987262,2.308817919474369,3.280749652094002,0.0,-0.2217127734342647,-0.2478718084569988,0.0,-1,-0.007888137295480546
UC9Mdofy_wqa6XxhIc28n8vA,0.5888061418663536,1.4,0.0,-0.1072141132579033,-0.3732440625519382,-0.4209977290835216,0.0,-0.2217127734342647,-0.2478718084569988,0.5,1,0.0825908047830281
UC9ORV__cLL7-lAkdwbEgNmA,0.5764686893280355,-0.4,0.0,-0.2172151732498181,-0.2177130734302863,-0.1162049812606477,0.0,-0.2217127734342647,-0.2478718084569988,0.25,1,0.15386905720672162
UC9OoK579TBNaJQK-6L_ITkw,-0.0219963772033487,0.0,0.0,-0.0689588524752053,-0.1598354457151055,-0.296426892608307,0.0,-0.2217127734342647,-0.2478718084569988,0.25,1,0.16207719595984466
UC9RU0W6038nJJYKDiglcw_g,0.2238346587502358,0.2,0.0,12.693800829920525,0.0007507546138869,-0.0563964920816565,0.0,-0.2217127734342647,-0.2478718084569988,0.0,1,0.09906881517047045
UC9UFhr7c23xG9SHgLYJcpdA,-0.1015043373446908,-0.4,0.0,4.849848390705804,-0.1007469889682265,-0.1477770315929435,0.0,-0.2217127734342647,-0.2478718084569988,0.0,1,0.1497651979851844
UC9UIMfirtcsVUmOu1e-cqog,0.9944962780445228,-0.4,0.0,0.2664803065574708,-0.2846719188832046,-0.3682725502273073,0.0,-0.2217127734342647,-0.2478718084569988,0.0,1,0.16565588603064213
UC9UZbofP6B9j7zCFYYWJdhQ,0.0616197244731037,0.4,0.0,0.2562064994035056,-0.0702340973694283,-0.3035454304258509,0.0,1.6044277048521072,1.1971371189648596,0.0,1,0.07505734467385095
UC9VNqwPcpmfUq7baC6e_Xww,0.3847417501422781,0.0,0.0,-0.1744861592737512,0.4746389668948254,1.3049601619221594,0.0,-0.2217127734342647,-0.2478718084569988,0.0,1,0.1297324973834676
UC9VToXRWBZTC6ZzGuH_Q13g,7.111252001693689,-0.4,0.0,0.636406534570348,-0.3796009149683546,-0.484614214483067,0.0,-0.2217127734342647,-0.2478718084569988,0.0,1,0.11877203440451645
UC9Z2iRoiuBRGlEGKSp5aX0A,-0.2761819539035781,-0.2,0.0,0.600091411249786,0.4531467515821797,0.9052156760399394,0.0,-0.2217127734342647,-0.2478718084569988,0.0,1,0.14242459875913666
UC9ZAL-3woZTbhmSMphqV2tw,-0.3073220464686151,-0.4,0.0,1.4214195326095325,1.0078880724547747,2.45387884150802,0.0,-0.2217127734342647,-0.2478718084569988,0.0,1,0.062379121794290504
UC9_19pECBe7OK-LPTt7kfCw,0.6497983794818678,-0.4,0.0,-0.1909619952243159,-0.0109034748162095,-0.0683351182234169,0.0,-0.2217127734342647,-0.2478718084569988,0.0,1,0.1649713849417082
UC9_QFb4LYFe2WoUV5-FAkeQ,13.405296079077225,-0.4,0.0,-0.2547013609788261,-0.4050283246340197,-0.4971973466752256,0.0,-0.2217127734342647,-0.2478718084569988,0.0,1,0.0862675591307892
UC9_nhEkB8_81m5eqZr7duTA,6.193311485164728,2.2,0.0,-0.2484028226294007,-0.1606426650695711,-0.0814789627814344,0.0,-0.2217127734342647,-0.2478718084569988,0.0,1,0.10165455979281135
UC9bHnZhPsz7lELQdOlI8HUA,-0.3324277822593666,0.0,0.0,0.982505963619806,-0.3874713036743938,-0.4877653021305039,0.0,-0.2217127734342647,-0.2478718084569988,0.0,1,0.1632318439246947
UC9brqiMi5bCnRPE6d7ZCUag,-0.1797458612096601,-0.4,0.0,-0.070179807926645,0.7866696083634879,0.6053999851215465,0.0,-0.2217127734342647,-0.2478718084569988,0.75,1,0.02469511506360006
UC9csDDQDexOZEFPkAwb2tvA,-0.0147837499317395,-0.4,0.0,-0.0701967437061025,-0.1626203524880117,-0.1209268647280036,0.0,-0.2217127734342647,-0.2478718084569988,0.25,1,0.15973301302204101
UC9dVgbM0sGBpiCR14hyKU9A,-0.3206026607601265,-0.2,0.0,12.497981841948112,-0.3351029480534405,-0.2943226895860987,0.0,-0.2217127734342647,-0.2478718084569988,0.0,1,0.11646565113423801
UC9eRRf9gEynV4wzE3z5SJwQ,0.5900759108697693,0.6,0.0,-0.0456456554993059,-0.2906049811385264,-0.2950967698363043,0.0,-0.2217127734342647,-0.2478718084569988,0.25,1,0.14649718662077815
UC9ecbVMjWhlD19KCDkZQLcg,0.5829584178064808,-0.4,0.0,-0.2253982866033825,-0.0117510551383983,0.2070289047250884,0.0,-0.2217127734342647,-0.2478718084569988,0.0,1,0.1569394173225202
UC9fyQcu11s2Lvo0n5aR7JXg,1.1781343857215254,-0.4,0.0,-0.2005831009537185,-0.3177275514485693,-0.5380122928110254,0.0,-0.2217127734342647,-0.2478718084569988,0.25,1,0.13832426689116112
UC9hntnMFZcvNFpyAaJDrdow,0.8825774464174424,-0.2,0.0,-0.1742990855103169,-0.3125008061284047,-0.3248895568958518,0.0,-0.2217127734342647,-0.2478718084569988,0.0,1,0.168250149112193
UC9i9VL5oQ5Y89P9gf95w2rw,-0.2103045443932715,0.0,0.0,0.719805858003167,-0.1156401860581161,-0.3271735094213702,0.0,-0.2217127734342647,-0.2478718084569988,0.0,1,0.17104967514579272
UC9jV35h-F5yHW5-WYhGRsJQ,1.706546741707988,-0.2,0.0,-0.2340347230080608,-0.3294524125721815,-0.4743965102250178,0.0,-0.2217127734342647,-0.2478718084569988,0.0,1,0.16253480905615242
UC9k2_CYulDFOXmgtlc3Zp4g,-0.3115976322897086,-0.4,0.0,0.2747539175580175,-0.22957919794093,-0.3105328742115481,0.0,-0.2217127734342647,-0.2478718084569988,0.0,1,0.17227827835068277
UC9ktLYdqdHILeW8x5X1OmzA,1.38606003908955,4.0,0.0,8.169947210763745,-0.3339257531615116,-0.4233339915833898,0.0,-0.2217127734342647,-0.2478718084569988,0.0,1,0.04940876388453713
UC9lbZcM5g5kkddI0aMkCe8Q,-0.0226619126946801,-0.2,0.0,22.40615834844527,-0.3591177238487909,-0.4738904656871729,0.0,-0.2217127734342647,-0.2478718084569988,0.0,1,0.0739764487201951
UC9ltqPiwSyLlyyl1Dy3RGnw,12.282269774145254,-0.2,0.0,-0.2516551356467433,1.936412315412648,1.1714833388473564,0.0,-0.2217127734342647,-0.2478718084569988,0.0,1,0.012101937048574984
UC9m1oHRQfWrWc0hnNtX0Jew,-0.3136940690874025,0.2,0.0,0.8611873106824998,0.1617910158297663,0.7712370104675742,0.0,-0.2217127734342647,-0.2478718084569988,0.0,1,0.13833524374998096
UC9m2PWKzAW9agOCbCNXgiQw,-0.3389053917303826,-0.4,0.0,0.7346488856782958,-0.2592445092175394,-0.1539436470309177,0.0,-0.2217127734342647,-0.2478718084569988,0.0,1,0.16865952974449033
UC9mqNHYybS_Ym0BO8jmqesQ,0.523594899045682,0.2,0.0,-0.170406712650392,-0.4124446524531721,-0.4673513559671214,0.0,-0.2217127734342647,-0.2478718084569988,0.25,1,0.14289586631627071
UC9n0ucXLFsUad9ZVILZD2CQ,2.622488025978012,2.2,0.0,-0.2421055938152047,-0.147458082279967,-0.1834735915141004,0.0,-0.2217127734342647,-0.2478718084569988,0.25,1,0.09498949814218105
UC9oSL-zMWiaNxQ28JIG_K0g,-0.1363806189084842,0.4,0.0,0.3083615053676993,-0.3028478080145874,-0.3621356097351931,0.0,-0.2217127734342647,-0.2478718084569988,0.0,1,0.16601557839797698
UC9ocoJzAYQ3kjZbxr1Ia6Mw,0.7175751404315477,0.0,0.0,-0.2131205894562513,-0.0617582941475399,0.1070205016360325,0.0,-0.2217127734342647,-0.2478718084569988,0.5,1,0.10012564852212463
UC9pGMK4ugyFM6FiDDJORUPw,-0.1200962076338666,-0.2,0.0,0.0502775616236868,-0.3154269762883425,-0.5024299237472751,0.0,-0.2217127734342647,-0.2478718084569988,0.0,1,0.1647234445104786
UC9rDURdPGVcvZuYLrLGKkzA,0.2317962406809821,-0.4,0.0,-0.1236186621856619,-0.2363598405184407,-0.0746858129415783,0.0,-0.2217127734342647,-0.2478718084569988,0.0,1,0.1695099490037889
UC9rNmcNlmTLBeKe2vqx98Lg,-0.3301803123315838,-0.4,0.0,2.2111040151090786,-0.2287316176187412,-0.2163269100017875,0.0,-0.2217127734342647,-0.2478718084569988,0.0,1,0.16200096846604684
UC9s8UzFLCBKVmwrYnkOEiJg,-0.1450170948974102,0.4,0.0,0.0960470053304609,-0.3419306784266284,-0.4015196952946741,0.0,-0.2217127734342647,-0.2478718084569988,0.25,1,0.14999338544087393
UC9uVdOMCsWvOTElzE3e--QQ,0.4847493143256413,-0.2,0.0,-0.1855235075411706,0.3620318669468796,0.3768288792756226,0.0,-0.2217127734342647,-0.2478718084569988,0.0,1,0.1538324456454459
UC9uZJd0lkwJuLBOyKdPg0eQ,0.1645151471351649,-0.2,0.0,-0.0972116958850633,-0.2489322819642419,-0.4319286440233349,0.0,-0.2217127734342647,-0.2478718084569988,0.25,1,0.15713159594701198
UC9ubK2iKe1SuvfzbeUF-2Ew,2.7778906305317097,-0.4,0.0,-0.1976806800285542,-0.3465452824029899,-0.341839607459688,0.0,-0.2217127734342647,-0.2478718084569988,0.0,1,0.14592350373138352
UC9v36oRzfmPVEIvo9-w3L2w,0.0819241115037827,0.0,0.0,-0.0603457443801467,-0.3771792569049579,-0.4556767064180897,0.0,-0.2217127734342647,-0.2478718084569988,0.75,1,0.05883753524357005
UC9wSfcbymWt3iZgaQeFRQ8w,-0.1103142497954953,-0.4,0.0,40.65999398621871,0.0289328003266658,-0.0600057777643793,0.0,-0.2217127734342647,-0.2478718084569988,0.0,1,0.013897056025534371
UC9ymYmlkc3DCNFg58tPQiJg,-0.2916618650683405,-0.4,0.0,12.145370400709318,-0.3634968888467666,-0.4116292927942471,0.0,-0.2217127734342647,-0.2478718084569988,0.0,1,0.12106306754007296
UCA1uGM0bo9ul-OkN-do7TPw,-0.2648915836071605,0.0,0.0,0.4790064835163201,0.4419465830389701,-0.5123797439117088,0.0,-0.2217127734342647,-0.2478718084569988,0.25,1,0.12091523805366067
UCA1uZ6yNk0MDlmlL02SE90A,-0.232171689313352,2.0,0.0,0.712253317292429,-0.2816306012565269,-0.0217020471488953,0.0,-0.2217127734342647,-0.2478718084569988,0.0,1,0.14853178252814997
UCA2vr_mab5x_tl56R3fNPKg,-0.1785115403029754,-0.4,0.0,0.056429773260802,0.1416609831777814,-0.3427444002735046,0.0,-0.2217127734342647,-0.2478718084569988,0.25,1,0.14038691566519418
UCA34qLHakUMd_oVLWwlwZVg,-0.3571197549381326,-0.2,0.0,4.328462757001946,0.0922187977167658,-0.1464839967557605,0.0,-0.2217127734342647,-0.2478718084569988,0.0,1,0.14209031040267972
UCA4oIm81v91S8vJ6Wnyynwg,-0.0235264018913109,0.0,0.0,-0.0815015762286881,-0.4425640246166683,-0.5327355313376572,0.0,1.6044277048521072,1.1971371189648596,0.5,1,0.015261444061315244
UCA4soPNWJ336GKa8NGo8J2Q,-0.285986533889151,-0.4,0.0,7.295316022809065,-0.4126565475337193,-0.4902345781464822,0.0,-0.2217127734342647,-0.2478718084569988,0.0,1,0.12986507453283413
UCA6r22NbJ88uc672iZlFFeg,0.6987857555692046,0.2,0.0,-0.2311161756691545,0.7699298970002584,0.5812196240251939,0.0,1.6044277048521072,1.1971371189648596,0.5,-1,-0.026194005535641662
UCA6ra5i-3ju5OfeTSPd7hhQ,-0.3195676975256555,-0.4,0.0,0.8646756891745697,-0.3872291378680541,-0.4447865556714842,0.0,-0.2217127734342647,-0.2478718084569988,0.0,1,0.1662842002840797
UCA8yb5OtZppnmuwBqUnAPJQ,4.378374318762844,0.2,0.0,-0.2426595379160083,-0.3155026531028236,0.0065388725409619,0.0,1.6044277048521072,2.160476403912765,0.0,1,0.004840332734571795
UCA9sCaTAliLuZ5_pKugL8sg,-0.2576183612984042,-0.4,0.0,14.284794832295844,-0.4821581339532041,-0.4566575069320208,0.0,-0.2217127734342647,-0.2478718084569988,0.0,1,0.0934261782236902
UCAAyZD0j8WFRCmqW0VWZkqg,0.4166050444756647,-0.4,0.0,-0.2297090083404702,-0.3660396298133331,-0.4823598517371488,0.0,-0.2217127734342647,-0.2478718084569988,0.0,1,0.16512735861842676
UCAD-wJutlrwvaU-SIP045lw,-0.079479859192865,0.0,0.0,4.849180630105622,-0.1489379844298205,-0.342631911004747,0.0,-0.2217127734342647,-0.2478718084569988,0.0,1,0.15311994596026596
UCADrB9XMjnNB7o0Per-ePPQ,-0.2425859444829726,-0.4,0.0,0.1493332129518774,-0.4067234852783974,-0.4400353572474322,0.0,-0.2217127734342647,-0.2478718084569988,0.0,1,0.16728564768015441
UCAEXuCLh5JIM4ResNk-543g,3.5073639178982368,0.4,0.0,-0.2504909305557861,0.2584387164571325,-0.0456735967724492,0.0,-0.2217127734342647,-0.2478718084569988,0.0,1,0.12502184828483415
UCAF2SpNe25TsaNSMo-_avkQ,-0.3179410237534439,-0.2,0.0,1.53435942400356,0.1451925678535683,0.108642620894235,0.0,-0.2217127734342647,-0.2478718084569988,0.0,1,0.15724965549980452
UCAFB0tUYdwlKJ8p2CE1U_Ww,0.1000844441367433,-0.2,0.0,-0.172428564395718,0.1981663379903707,0.2648400706537674,0.0,-0.2217127734342647,-0.2478718084569988,0.5,1,0.10288895861001857
UCAFbj6B1ugyUfqar0q0Sl2A,1.3831949598562978,0.2,0.0,-0.1641622757837057,-0.3949633083080273,-0.4614298269853678,0.0,-0.2217127734342647,-0.2478718084569988,0.0,1,0.15736278249718283
UCAG2KSvHOq3wM5UhUnOd9Hg,-0.2310684437889822,-0.2,0.0,-0.0384484509202939,-0.2793039101760086,-0.3963763992995949,0.0,-0.2217127734342647,-0.2478718084569988,0.0,1,0.1705195193449337
UCAHiK8RpEGPmJNwHYdW1Cvg,-0.2327226883030957,-0.2,0.0,0.0869708337281003,-0.3054376367768311,-0.3433804275423766,0.0,-0.2217127734342647,-0.2478718084569988,0.0,1,0.17161968371353886
UCAKggySl9ZdokP_q1GGvNSg,0.1477472246715932,10.0,0.0,0.069485700897362,-0.3465155427425622,-0.4012391136844744,0.0,-0.2217127734342647,-0.2478718084569988,0.0,-1,-5.928370674324057e-05
UCAMo_qgoQJcEJQY3nmHMGkw,3.2326933472927206,0.4,0.0,-0.2394392780874935,1.190306192908084,2.662842764507906,0.0,-0.2217127734342647,-0.2478718084569988,0.0,1,0.02812404715860911
UCAN4m_N1N376qwO2n3ZgAXw,3.5069833474010443,-0.2,0.0,-0.2183866513735325,0.5421426854120079,-0.3143869899375827,0.0,-0.2217127734342647,-0.2478718084569988,0.0,1,0.119394016323851
UCAOK9QQdvqTXPJEbZTAlJmw,0.2440858988837505,0.2,0.0,-0.0799342591695368,-0.4378720621188373,-0.5318902958595113,0.0,-0.2217127734342647,-0.2478718084569988,0.5,1,0.10139081902327651
UCAOQYZXcweb0brCj9A-uldw,3.9411159860821936,0.0,0.0,-0.2410472070463081,-0.1380405231445354,-0.0113985686608942,0.0,-0.2217127734342647,-0.2478718084569988,0.0,1,0.14101990525780195
UCASIifKs6WvO2WwQe8luAAg,16.210576651068735,-0.4,0.0,-0.254636118711782,0.5976591965153769,0.5017284942321852,0.0,-0.2217127734342647,-0.2478718084569988,0.0,1,0.04817306673770311
UCAUJoWMicKCLyzfv6jlccwg,0.1964547912153568,0.0,0.0,-0.216795845557754,-0.1501488134615188,-0.2516789865069762,0.0,-0.2217127734342647,-0.2478718084569988,0.0,1,0.1720358983063699
UCAUOD5xx6muOmpc5VqOZfTg,-0.3224672205490045,1.0,0.0,1.7801959526599678,-0.3103818553229326,-0.423700980501009,0.0,-0.2217127734342647,-0.2478718084569988,0.0,1,0.1456947233448721
UCAUcshGYx9HNwVflYIXGCbw,2.596971422171494,-0.4,0.0,-0.2487623677133923,-0.3567162462692559,-0.5227496012317722,0.0,-0.2217127734342647,-0.2478718084569988,0.0,1,0.13654167460171657
UCAWm_L1YvjANZ-VXJaAE_DA,-0.2578940687174231,-0.4,0.0,9.92682366467539,-0.1422784247554796,-0.088445015763988,0.0,-0.2217127734342647,-0.2478718084569988,0.0,1,0.1298849881193762
UCAX07OUOngQNbmkLcqUHc6Q,-0.2631525060410412,0.0,0.0,0.3071747005876209,-0.406239153665718,-0.5048176645004971,0.0,-0.2217127734342647,-0.2478718084569988,0.0,1,0.16350554373564435
UCAXVhnopwiAQpShjhUQ-Pdg,-0.2451097277801458,-0.4,0.0,0.2443697878442895,-0.4372363768771956,-0.4148181235063877,0.0,-0.2217127734342647,-0.2478718084569988,0.25,1,0.14673526945565646
UCAXh7cKLaTmfV7LU2DOrPxg,-0.2229925943078825,0.8,0.0,1.6644127381913258,-0.3564850879995681,-0.4428900714250483,0.0,-0.2217127734342647,-0.2478718084569988,0.0,1,0.15213024172467265
UCAYM0tS4Ev0MMGKGjde2hQw,0.2673285645136206,-0.4,0.0,-0.1215213441158079,-0.1838098605427327,-0.3716595072752731,0.0,-0.2217127734342647,-0.2478718084569988,0.25,1,0.15233703961811595
UCAaU7tz-UfP7GQMGNnG5_8A,0.968541605783342,-0.4,0.0,-0.2282600621211502,0.6273245077919863,0.3791765238256534,0.0,-0.2217127734342647,-0.2478718084569988,0.0,1,0.13614154108817872
UCAbgxASDzupy65LJeDTYeaQ,1.0376084350738817,-0.4,0.0,-0.2156852965328159,-0.0015800912721324,-0.0784384972311911,0.0,-0.2217127734342647,-0.2478718084569988,0.25,1,0.14999427618866606
UCAePXvgwY5JRt16MtP5zrqg,-0.3193867203480431,-0.2,0.0,1.8986986081712167,-0.0836541191374182,-0.3566564302050358,0.0,-0.2217127734342647,-0.2478718084569988,0.0,1,0.16266670117149556
UCAgO97nOYvuhhcLmtPc2aEQ,-0.1780651879370371,1.2,0.0,0.0112872097915254,-0.1853094257281438,-0.1420542521910042,0.0,-0.2217127734342647,-0.2478718084569988,0.5,1,0.10621659869248429
UCAjhTOmMT99N1YzDr-gKBNQ,0.0292833091392595,0.2,0.0,-0.1282201802528592,-0.2487557027304525,-0.3445727834664178,0.0,-0.2217127734342647,-0.2478718084569988,0.25,1,0.1553981891568273
UCAk5oi5nMMyk5R_wgamFfkQ,3.6997035402373695,-0.4,0.0,-0.2494901793109173,-0.0676913564028618,-0.16968846922882,0.0,-0.2217127734342647,-0.2478718084569988,0.25,1,0.1192088052671097
UCAmMfDSFgTLcXjotPHIPFWw,-0.0242808101037913,-0.2,0.0,6.680600980986813,-0.2114974844009014,-0.1434515438995019,0.0,-0.2217127734342647,-0.2478718084569988,0.0,1,0.14236947109193926
UCAm_4xDZcBHa28RHeqKABgA,0.0390496082101147,3.6,0.0,0.1061939818147539,0.3594891259803131,0.7294637117219452,0.0,-0.2217127734342647,-0.2478718084569988,0.25,1,0.06343374003236141
UCAnnj_4dqYKB_0xsIJ2vthw,-0.0891321436517417,-0.2,0.0,-0.1159264176819689,-0.3520545544972173,-0.4638516694806775,0.0,-0.2217127734342647,-0.2478718084569988,0.25,1,0.15373725132177474
UCAodV6aIILldl3P4zjSfSYg,-0.170232813270115,1.2,0.0,1.9408856587310628,-0.3701471344516329,-0.4413404624019981,0.0,-0.2217127734342647,-0.2478718084569988,0.0,1,0.1424292106414755
UCAopgKsa2GvA1Mf3pikD7lA,-0.05071787394706,0.8,0.0,-0.0819555954029038,0.462970978043914,0.5257701926833194,0.0,-0.2217127734342647,-0.2478718084569988,0.0,1,0.13886545870330536
UCAqYgMES6ZG1CPK_kfgd_-Q,0.2899662644413741,-0.4,0.0,0.1998696253501736,-0.3372218988589126,-0.4009545162295891,0.0,-0.2217127734342647,-0.2478718084569988,0.5,1,0.10662948161597408
UCAs49XS_oOqCeo99NEuRHVg,0.3296766160852993,-0.4,0.0,-0.1849615829333013,0.2891399592386395,0.9072051227865422,0.0,-0.2217127734342647,-0.2478718084569988,0.25,1,0.1258741486787493
UCAuJXo3BE6qsgOQAq_ApOpQ,4.759294415656056,0.0,0.0,-0.2468003678554841,0.0484271477370091,-0.0159109776764781,0.0,-0.2217127734342647,-0.2478718084569988,0.0,1,0.1365434715433952
UCAug43P3rkpaJRBGBDq-pZg,-0.335582322021342,1.8,0.0,5.564390947746327,-0.4590615701735582,-0.4752604213463515,0.0,-0.2217127734342647,-0.2478718084569988,0.0,1,0.1186047378199695
UCAvjFYm4h-TLEvucfjiFDFA,3.128260325563054,-0.2,0.0,-0.2385946664252457,-0.1973711456977541,-0.2367848453395513,0.0,-0.2217127734342647,-0.2478718084569988,0.0,1,0.1521082159646806
UCAw4Rw8UT5JAIw76fPdQYmA,9.172114059028916,-0.4,0.0,-0.253605582542538,0.1789545173540904,0.0483867584058841,0.0,-0.2217127734342647,-0.2478718084569988,0.0,1,0.1151251244118181
UCAw4WFG-uhugjVTM_IREEgQ,1.7148518974993578,-0.4,0.0,-0.2293584800216688,0.0653787541807859,-0.2254405901421813,0.0,-0.2217127734342647,-0.2478718084569988,0.0,1,0.15450734097012336
UCAwtL6d46-7kj-wIG0jtHKQ,-0.290687080280136,1.8,0.0,1.3093460400219012,-0.4018498984258116,-0.4911872543923281,0.0,-0.2217127734342647,-0.2478718084569988,0.25,1,0.10950015132235391
UCAwvA7OVxnoYCN0qPvp-y1Q,-0.1460597724825168,2.4,0.0,0.0984774421437103,-0.2187837012056827,-0.0794711338611976,0.0,-0.2217127734342647,-0.2478718084569988,0.0,1,0.14154410165682574
UCAzKg4xGAnkj7dyEmoVeOMQ,-0.2841498983132249,-0.4,0.0,0.2863453056992489,-0.0431115270593854,-0.187817177405391,0.0,-0.2217127734342647,-0.2478718084569988,0.25,1,0.15467784625957837
UCAzmxb-aGdxEuuXQHtOJtPQ,-0.175474517041167,0.6,0.0,1.7761914850826277,-0.4317271047829681,-0.4569154601522774,0.0,0.6913574657089212,0.7154674764909068,0.0,1,0.08979252224433493
UCAzn6BC99RNT4cdzNxQPXig,0.6096518445622128,-0.2,0.0,-0.139225935839188,0.6113617450574297,0.6287826776088024,0.0,-0.2217127734342647,-0.2478718084569988,0.0,1,0.13726616128084018
UCB-E7le4rWSJKHbF4vqC0Gg,0.2596527639268188,0.2,0.0,-0.0363848438588958,0.5087692102258223,0.0004724779809416,0.0,-0.2217127734342647,-0.2478718084569988,0.25,1,0.131426675167291
UCB-MBnk6XuVC87HSSnkofPg,-0.2251265954380744,-0.2,0.0,0.5387143111720932,-0.3711251117464662,-0.53868842495428,0.0,-0.2217127734342647,-0.2478718084569988,0.0,1,0.1606443565704716
UCB-r_XzE_9LeQOelD__d9nA,-0.1773790190586977,-0.4,0.0,-0.0673297454778119,4.680453608499014,7.239758293160158,0.0,-0.2217127734342647,-0.2478718084569988,0.0,-1,-0.10729275743599309
UCB0zSUXPYQfGT55Pow_GEEQ,0.1659954838926665,-0.4,0.0,-0.1384461117624935,-0.2550066076065952,-0.439228211428024,0.0,-0.2217127734342647,-0.2478718084569988,0.0,1,0.1693737237628022
UCB2BZSYssUrn-MAT_u1gIuw,-0.2992070581021582,-0.2,0.0,1.4466033977788164,0.0109923501736687,-0.1112239878846375,0.0,-0.2217127734342647,-0.2478718084569988,0.25,1,0.14477205567570878
UCB5g27rz7ngDx8K0vhv5Bvw,-0.1868124544417451,-0.4,0.0,-0.0346845023006224,1.107902550473058,3.4854400696467573,0.0,-0.2217127734342647,-0.2478718084569988,0.25,1,0.024495968983118843
UCB5uwyuPUUGipThwdy18A5w,1.646453128493364,-0.2,0.0,-0.210638883755256,-0.2475196480939271,-0.3466106915776757,0.0,-0.2217127734342647,-0.2478718084569988,0.0,1,0.1650952023146962
UCB5yKRjHzgCH4oTqHsFncqg,0.2144818147665939,-0.4,0.0,-0.1291739077669198,0.111995671901172,-0.0322908453845505,0.0,-0.2217127734342647,-0.2478718084569988,0.0,1,0.16199687449573602
UCB6YOHE115rfDo5PoGfXoOQ,-0.0881843362790338,1.4,0.0,0.0901423132122489,0.0066535461434163,0.21478781849394,0.0,-0.2217127734342647,-0.2478718084569988,0.5,1,0.08392562403640508
UCB9DWxQyF_zrNfSVq_roYsA,0.1463093682243441,0.0,0.0,-0.0027171285316763,-0.4631481181555402,-0.5160656409159291,0.0,-0.2217127734342647,-0.2478718084569988,0.25,1,0.14503615964596733
UCB9EBkeTe_kngYVXitoPblw,-0.1467186075009584,5.4,0.0,6.815388128000603,-0.3561678119431337,-0.3884207115494435,0.0,1.6044277048521072,1.1971371189648596,0.0,-1,-0.049927161730425884
UCB9oDZDawozevm3LzDcbY0w,0.264667634449038,-0.2,0.0,-0.1878707911993642,-0.0356245675467173,-0.1429320930948179,0.0,-0.2217127734342647,-0.2478718084569988,0.0,1,0.17056323297359682
UCBAEMW6blRkY2UE3vsBM0nQ,4.2533167662229046,0.0,0.0,-0.2405177592462708,-0.0454121022196123,0.321925014328055,0.0,-0.2217127734342647,-0.2478718084569988,0.0,1,0.13097091446601344
UCBAcgAjmTzxICt7ZbfcW0Rw,-0.3040177990929884,0.0,0.0,0.5236312998384536,-0.2324851876170061,0.2285627301972489,0.0,-0.2217127734342647,-0.2478718084569988,0.0,1,0.15923706320456182
UCBAg5RJVtoIySvpvAaMdO-w,1.633706962429489,-0.2,0.0,-0.2361403407374429,0.5534437563745258,1.3527325000954489,0.0,-0.2217127734342647,-0.2478718084569988,0.0,1,0.11292885045398754
UCBBvZ9jWvpU4An_-1FgOyng,-0.1280826896363592,4.0,0.0,0.0509153177553605,-0.2526208259589526,-0.2228333580637477,0.0,-0.2217127734342647,-0.2478718084569988,0.25,1,0.0900457398373477
UCBCuZiu_Df1iF_S1jCf-Fig,0.177679418955354,0.0,0.0,-0.067284992489309,-0.1870790989283182,-0.2690245006850718,0.0,-0.2217127734342647,-0.2478718084569988,0.0,1,0.1736146612427485
UCBJiCKGqeqaIxxDDKSKsF0A,-0.0752513355172891,-0.2,0.0,-0.074474807588011,-0.1486352771718959,-0.0593930718874561,0.0,-0.2217127734342647,-0.2478718084569988,0.25,1,0.1607414223811427
UCBK1sUZO_YGojC9dsH2Etnw,-0.0455633020257518,1.8,0.0,1.7522876451095135,2.6973805234278148,2.961576844110445,0.0,0.6913574657089212,0.7154674764909068,0.0,-1,-0.07876578584864813
UCBLU7CKnkpa1021wvqZnnFA,-0.1271875438394533,-0.4,0.0,-0.0592949661185308,-0.0693865170472394,-0.259441027940754,0.0,-0.2217127734342647,-0.2478718084569988,0.25,1,0.15663703646004373
UCBLeYZcUhw8B_aOfQrfDw3w,-0.2348458710769081,0.4,0.0,0.4431391607779821,-0.0692923414558851,0.0269222989526131,0.0,-0.2217127734342647,-0.2478718084569988,0.25,1,0.14843909606064704
UCBMgDSiu14js6H6zq5T14EA,2.14561716897452,-0.4,0.0,-0.240904322659143,0.1145384128677385,1.0738622964217743,0.0,-0.2217127734342647,-0.2478718084569988,0.0,1,0.1284381036044231
UCBN-K0VQVfgfj64c0gY1xxg,-0.2524504125635924,2.8,0.0,0.2439110924701326,0.1386339105985355,0.4663564356417658,0.0,1.6044277048521072,2.160476403912765,0.25,1,0.004698430349140137
UCBQBN3o-auWYncjheyKZ26w,1.1920088313770774,-0.4,0.0,-0.2435052576052148,0.0111336135607001,-0.276800317435964,0.0,-0.2217127734342647,-0.2478718084569988,0.5,1,0.09787332502523027
UCBQBSTBtYk7WKUlEilNUhBg,-0.2962697136764567,-0.2,0.0,3.3738177049061924,-0.1323899876632765,-0.1529493734147712,0.0,-0.2217127734342647,-0.2478718084569988,0.25,1,0.12300043981986586
UCBQLSyQg_J-IZyenXuOyBJw,-0.0892141489353473,0.6,0.0,-0.1503520936745342,-0.2202558143968528,-0.3406022644742685,0.0,-0.2217127734342647,-0.2478718084569988,0.5,1,0.11381468875955081
UCBQnPTcvyxcqXvEER1N4APQ,1.3923948013711431,0.0,0.0,-0.2316390968741864,0.8990345425050941,-0.1187173606039007,0.0,-0.2217127734342647,-0.2478718084569988,0.0,1,0.12278826317172342
UCBSF7r-SK47FbphYpCaI18A,1.850605988971674,-0.4,0.0,-0.2264295655304564,0.8392195883391961,1.5428234665050145,0.0,-0.2217127734342647,-0.2478718084569988,0.0,1,0.09296460743980128
UCBUG52TcRk2our-apB6kT0A,1.2342069122710733,-0.2,0.0,-0.1961296650438832,0.1268283275394767,-0.095162942739465,0.0,-0.2217127734342647,-0.2478718084569988,0.25,1,0.14613060905954195
UCBVBp9C490z4OF5Hb8Hi2iA,0.564381039830356,0.2,0.0,-0.1336692263328128,0.177153409169439,-0.0028867161615555,0.0,-0.2217127734342647,-0.2478718084569988,0.0,1,0.15160960703395726
UCBVgvALLbRbZq5ZHcF0j-kQ,-0.0654460485896162,-0.2,0.0,0.1174439232781021,-0.3704187948113088,-0.4598930846175277,0.0,-0.2217127734342647,-0.2478718084569988,0.0,1,0.17073630433971954
UCBWiEHfYf4rUVN0k8WKx6Bw,2.5148784777454605,-0.4,0.0,-0.2402532318685188,0.0679214951473524,-0.0517592510950928,0.0,-0.2217127734342647,-0.2478718084569988,0.0,1,0.14890204477599567
UCB_-7iKYhryvuCwVOZjLjyQ,-0.1447474865867054,2.0,0.0,0.2210490447049994,-0.452642395674628,-0.5230030748750752,0.0,-0.2217127734342647,-0.2478718084569988,0.0,1,0.13752683776009172
UCBcVvd4jvx7aC9smT59ZOuQ,-0.2753556473489445,3.8,0.0,0.532918489969303,-0.3072305951506921,-0.3902490252723071,0.0,1.6044277048521072,2.160476403912765,0.25,1,0.0025907258499119346
UCBdj2yDh80KDz4gbaNDFDHg,0.5814844435278798,0.6,0.0,-0.0353503258156187,0.7175918121050975,1.793614368447458,0.0,-0.2217127734342647,-0.2478718084569988,0.25,1,0.0700215243953321
UCBe-0vSHIhA8Wx6xqQ-Y0LA,0.1571417410316589,0.4,0.0,-0.0695128856925536,-0.3475812139078873,-0.3156930284357515,0.0,1.6044277048521072,1.1971371189648596,0.25,1,0.06290535373419048
UCBffLFQD8katUYew-7dSgUA,0.1433493006597124,-0.4,0.0,0.0901310136143169,-0.3524783446583117,-0.4970426710008246,0.0,-0.2217127734342647,-0.2478718084569988,0.0,1,0.16501840617784336
UCBfjfZ5KxviN8jrMFN_k9_A,0.4887788842959177,-0.2,0.0,-0.16336226784133,0.2158242613693048,-0.3541362855710016,0.0,-0.2217127734342647,-0.2478718084569988,0.5,1,0.10193499155491431
UCBgAncleUdGK-ofhWudgsQQ,-0.0597374911317245,-0.2,0.0,-0.1367197856705395,-0.345697702080801,-0.3039087298313427,0.0,-0.2217127734342647,-0.2478718084569988,0.75,1,0.06957343726960274
UCBgN2ztjU7ZFIFgXoWvcRLA,-0.1342305050070509,0.0,0.0,3.585225154047793,0.1876724863823184,-0.3183379085051526,0.0,-0.2217127734342647,-0.2478718084569988,0.0,1,0.13179842871012754
UCBgpP40ca9NXdbyZj3lNF9g,-0.1301595284280572,-0.2,0.0,0.1585303335225881,-0.0377435183521894,-0.3166312688907435,0.0,-0.2217127734342647,-0.2478718084569988,0.0,1,0.16903064986952165
UCBhVMNGLRn_VA0IPYatqf3A,-0.0282507568441203,9.2,0.0,0.7213807120245332,0.4831718846936806,0.5430186460740558,0.0,-0.2217127734342647,-0.2478718084569988,0.0,-1,-0.020259512037573812
UCBhqJ2KqpMvHCaD-a-q4b4w,0.6298583706078994,-0.4,0.0,-0.2160016796877871,-0.1973711456977541,-0.4281862552484571,0.0,-0.2217127734342647,-0.2478718084569988,0.0,1,0.16468254297143747
UCBi9CFPF4ZiOKMBv-Kd6q5A,0.908493943805221,0.4,0.0,-0.223358862465009,-0.4271595886022839,-0.5158788379317633,0.0,-0.2217127734342647,-0.2478718084569988,0.25,1,0.1351939559798116
UCBiGW-Vgukkw_n7M4PiYSJQ,-0.0265416109397464,-0.4,0.0,1.007399841376626,-0.3278985153148354,-0.3047446628588222,0.0,-0.2217127734342647,-0.2478718084569988,0.0,1,0.1714571069869888
UCBjEQQUGgIH3QOxOCjovWkA,0.2290130096330911,-0.2,0.0,-0.0839692217432464,-0.1931332440868099,-0.1659421887399781,0.0,-0.2217127734342647,-0.2478718084569988,0.0,1,0.17362742126643654
UCBkCTVdl87z6FidwHr06s7Q,8.98258005423751,-0.4,0.0,-0.2535338576032443,-0.1473639066886126,0.0044167821714562,0.0,-0.2217127734342647,-0.2478718084569988,0.0,1,0.12419116738472585
UCBlZ7uzSxgc4i6x27ccsaeQ,0.0005031660397095,-0.4,0.0,-0.05986733055749,0.0984343867461507,0.1300107474667771,0.0,-0.2217127734342647,-0.2478718084569988,0.0,1,0.16458095465453548
UCBmZMAj3-h5yYDye2l4dnCg,-0.3110295771222388,1.2,0.0,1.7004375963895075,-0.1628159479469784,-0.2949858752899587,0.0,-0.2217127734342647,-0.2478718084569988,0.25,1,0.1270426778556648
UCBokKzzfSbawYpd8cLyuWgw,12.042357661420189,0.6,0.0,-0.2530966924837926,0.0920775343297344,-0.5807876566573499,0.0,1.6044277048521072,3.605485331334624,0.0,-1,-0.06606554330654935
UCBpWlER5Lxm1d6kEmaZhbdQ,0.367749689825512,-0.4,0.0,-0.1521052979197362,-0.4236750917221742,-0.3936518147875925,0.0,-0.2217127734342647,-0.2478718084569988,0.0,1,0.1644070769464251
UCBqRJ1dhDNbgTVkDTGfZ7Gw,20.881952288196054,0.0,0.0,26.516570865168507,0.175564196065335,-0.6003272946293761,0.0,-0.2217127734342647,-0.2478718084569988,0.0,-1,-0.08399660475951776
UCBqc0wjS8LZXPza__W3R-ag,0.1465262984573304,0.6,0.0,-0.1177653134188791,1.8575873454490857,7.471731527498624,0.0,-0.2217127734342647,-0.2478718084569988,0.0,-1,-0.05052636050243953
UCBroBYphdsNaMkT71hpL4iA,1.4116935632645031,0.2,0.0,-0.2450294763230129,-0.3202702924151358,-0.4523258848879083,0.0,1.6044277048521072,1.1971371189648596,0.25,1,0.03213552863275049
UCBshpJ-bCV2i-OQhIRVzyqA,0.8453852225338901,-0.2,0.0,-0.1865291059534243,-0.2129101182712162,-0.3083400203806111,0.0,-0.2217127734342647,-0.2478718084569988,0.0,1,0.16970479744753364
UCBta2_DUdjgqjacWO89bUYA,1.6589935744061244,-0.4,0.0,19.21488351896165,-0.1600776115214452,0.0556668351023545,0.0,-0.2217127734342647,-0.2478718084569988,0.0,1,0.06574383703056152
UCBuI2GcON8MkVlQOej1r_XQ,-0.3444301442422617,1.4,0.0,2.243675292206861,-0.3284433883790996,-0.3582493116065783,0.0,-0.2217127734342647,-0.2478718084569988,0.0,1,0.14282026652733953
UCBv9abEQU1fwOwLyZ0ipgsA,0.0483694779552813,3.2,0.0,-0.0420770655650557,0.5284155693243843,0.5388920293440067,0.0,4.343638422281664,8.422181756074153,0.25,-1,-0.11883110695972032
UCBzAJvJ-QqHnb4w1jyx-WTw,-0.1439714097077551,1.0,0.0,0.1522544802998543,-0.2881328718654757,-0.3320813636631461,0.0,-0.2217127734342647,-0.2478718084569988,0.0,1,0.15776768994777435
UCC-b5VmHTdLq5BmTNRduU1w,4.674718892558109,0.0,0.0,-0.2437878973233252,0.7192264312978903,0.6445667885711549,0.0,-0.2217127734342647,-0.2478718084569988,0.0,1,0.10351781604786786
UCC-jP_LIL00yt4pRQVMY9aQ,-0.0341002358734651,-0.4,0.0,-0.1213150558663968,-0.1753340573208443,-0.3827950697118596,0.0,-0.2217127734342647,-0.2478718084569988,0.5,1,0.11953219172651475
UCC0PYKwfZleV0nLKHznCw9g,0.06346060170163,1.6,0.0,-0.1962607552645523,0.0932596858317345,0.1303310041480167,0.0,0.6913574657089212,1.6788067614388125,0.25,1,0.03957430909999887
UCC1SXvUwgrkw4P5e8JmUjdA,-0.0958304200497014,1.6,0.0,0.1589653453586159,-0.1962410386015023,-0.2250836237496993,0.0,-0.2217127734342647,-0.2478718084569988,0.0,1,0.15543824758309843
UCC1nRgVTJTyobWW7XFhn6fQ,0.2132093189865066,-0.2,0.0,-0.149919237051796,-0.4184483464020097,-0.4737642707004825,0.0,-0.2217127734342647,-0.2478718084569988,0.25,1,0.15098167324619627
UCC2feCWJxxUxYUqKjJqEcJQ,-0.1173550396409285,1.0,0.0,-0.0298802003965783,-0.346757177483537,-0.4212369703737602,0.0,-0.2217127734342647,-0.2478718084569988,0.0,1,0.1542219683798441
UCC2yhPH4Q9J9K4xr0bI3Cnw,8.473993889446907,2.2,0.0,-0.2426513988978132,0.169913660584076,0.732571355497023,0.0,-0.2217127734342647,-0.2478718084569988,0.0,1,0.0547644570381276
UCC319UDOXCc5Y0l5qzXapEQ,0.0839025394666328,-0.2,0.0,-0.110101117888089,-0.4219799310777965,-0.3799606837896308,0.0,-0.2217127734342647,-0.2478718084569988,0.5,1,0.11656356974477788
UCC3MP7vnV0f1ejlx885GftQ,-0.2420437198922354,-0.2,0.0,1.9378489366716545,0.0145239348494555,0.1046525056754922,0.0,-0.2217127734342647,-0.2478718084569988,0.0,1,0.15833226173940296
UCC5PdCc2rfvk2cH_DWusvcw,-0.2855750935869227,0.6,0.0,0.8339035739826648,-0.3423073807920456,-0.3246731066385992,0.0,-0.2217127734342647,-0.2478718084569988,0.0,1,0.162255574555159
UCC5V9ZwcDLOivazam0bwIeA,-0.0819545605099491,-0.4,0.0,-0.068285235813686,-0.3592589872358224,-0.3922661363056398,0.0,-0.2217127734342647,-0.2478718084569988,0.25,1,0.15311890951765988
UCC6Edg-EbQdSB-_i99mjpsQ,14.07008296462999,0.8,0.0,-0.2512498582160064,0.1489809950512304,0.3525491926811082,0.0,-0.2217127734342647,-0.2478718084569988,0.0,1,0.05921914375407311
UCC8F4FUnUk0zwRpONNzZJXw,-0.2358629251115112,-0.4,0.0,0.4805400287327116,-0.2990807843604148,-0.4912726105622099,0.0,-0.2217127734342647,-0.2478718084569988,0.25,1,0.1472505040191885
UCC8RTTIuqXlptNwsgyLiT5g,-0.0262626044575939,2.2,0.0,-0.077247784165563,-0.1811258561891348,0.0177548683628817,0.0,0.6913574657089212,0.7154674764909068,0.0,1,0.10026792992148659
UCC8mTNqaDb7Wpxghc_p-nBg,-0.2364588773018521,1.8,0.0,0.3021013558057588,-0.3043781613740951,-0.3418499006478322,0.0,-0.2217127734342647,-0.2478718084569988,0.0,1,0.15306028461703813
UCC9G_M1MWEgRTWYdCQoo5-g,1.2460022412103828,-0.2,0.0,-0.2380493222923802,-0.2715344238892775,-0.3195986331274653,0.0,-0.2217127734342647,-0.2478718084569988,0.5,1,0.1025509344434194
UCC9JgWuu3LFV98968d-f32Q,-0.0792031418565603,-0.2,0.0,2.1508115826657157,-0.3132071230635622,-0.4697140195965695,0.0,-0.2217127734342647,-0.2478718084569988,0.0,1,0.1635590964053234
UCC9d7a0W2GBfTAKiD8Q-Uyg,-0.0397755670526546,-0.4,0.0,-0.0847197600478556,-0.0659961957584841,0.0601323292392743,0.0,-0.2217127734342647,-0.2478718084569988,0.75,1,0.06051712261323999
UCCC6_3Ij68phq8gxXN7ePrA,6.211709653318491,0.4,0.0,-0.2472265213694344,-0.3183867805880495,-0.2376956229888671,0.0,-0.2217127734342647,-0.2478718084569988,0.5,1,0.04359558005274894
UCCD_usbJs1Lm4kceySQEhTA,-0.1860913734996956,-0.4,0.0,0.0336816849619927,-0.2956904630716595,-0.445429341870451,0.0,-0.2217127734342647,-0.2478718084569988,0.0,1,0.16909513582171998
UCCEHhMeUlHapVFHAds5AtvA,-0.2041127415141324,-0.2,0.0,0.0506903961630299,-0.3181513416096637,-0.4532126204991561,0.0,-0.2217127734342647,-0.2478718084569988,0.25,1,0.15347493668836087
UCCG6eFnrFvSOhEKU5-TzJWQ,-0.3291665573601142,-0.4,0.0,0.9251264268509338,-0.0761671596247502,-0.2833363861695893,0.0,-0.2217127734342647,-0.2478718084569988,0.0,1,0.16868562626511885
UCCHRRXAPC15Lfle1PlFm6yg,-0.098809676042763,0.0,0.0,0.1412340746094101,-0.4346936359106291,-0.4284762993287591,0.0,-0.2217127734342647,-0.2478718084569988,0.25,1,0.15089902714839037
UCCIf2S5ZIjWmsP1D5kgZ9ww,-0.23470010634866,0.0,0.0,1.2257296690697688,-0.1513596424932171,-0.4303666621779414,0.0,-0.2217127734342647,-0.2478718084569988,0.0,1,0.16739113558755653
UCCJ5h_r49dHmnokZRhXv0bw,2.533367841430129,-0.4,0.0,-0.2208728572797572,1.007040492132586,-0.4479621164785641,0.0,-0.2217127734342647,-0.2478718084569988,0.0,1,0.09729473046926723
UCCJINsHPps35nZbNn193BhA,-0.0080969774097715,5.2,0.0,0.3576403921500728,-0.1852995471696101,-0.0921002200208137,0.0,-0.2217127734342647,-0.2478718084569988,0.25,1,0.054595700765401045
UCCJTGKOCXzYTkL4vn0qBBTA,-0.2162704822417902,2.0,0.0,0.4737564522168501,-0.2390022968170295,-0.2722250332852008,0.0,-0.2217127734342647,-0.2478718084569988,0.0,1,0.15232671573668694
UCCOSgdLk0JMCCAovByT4hTg,2.7947639245756672,-0.2,0.0,-0.2354688212148193,-0.251051232769714,-0.3179001881471625,0.0,-0.2217127734342647,-0.2478718084569988,0.25,1,0.12590178281197228
UCCPj7JOSc-yTbsUa-uCfYhA,-0.3234103611265128,4.8,0.0,4.0949657270263575,-0.2824025909237957,-0.4214298405201439,0.0,-0.2217127734342647,-0.2478718084569988,0.0,1,0.07336481618219132
UCCQ4sRhpha3v83HTRoIh5BA,1.712026956867564,-0.4,0.0,-0.2199280574465647,0.2450657824848198,-0.1400559671130868,0.0,-0.2217127734342647,-0.2478718084569988,0.0,1,0.1408787293070306
UCCQa32HMX1VMIPRnmcDfqDQ,-0.1289181381003721,-0.4,0.0,-0.0564367524377329,-0.0066655732052653,-0.1668849307316672,0.0,-0.2217127734342647,-0.2478718084569988,0.25,1,0.15410643770910548
UCCQnnXtf6yJch3FZOdIX9nQ,-0.3459101780245776,0.0,0.0,3.4799692588705247,-0.1447000828188763,-0.1358559666021782,0.0,-0.2217127734342647,-0.2478718084569988,0.25,1,0.11945839184906082
UCCQqgcQyleyNjgXAeywkNmQ,-0.2858833203425439,10.6,0.0,1.479363655695173,-0.3613779380412945,-0.4034183022012161,0.0,2.517497943995293,2.6421460463867183,0.0,-1,-0.0943833796718958
UCCQyF8vB9mgntYrE0gwUbag,0.1934898760477533,-0.4,0.0,-0.1646324186461206,0.0814827803023739,0.0481867863178081,0.0,-0.2217127734342647,-0.2478718084569988,0.25,1,0.1519257744363297
UCCR7Omm7dilajDY_kZ3A9LQ,1.1486464168443016,-0.4,0.0,-0.2221110475042168,-0.3414598004698568,-0.3672686295832209,0.0,-0.2217127734342647,-0.2478718084569988,0.0,1,0.16333921585601702
UCCSiJNH26GIzBk9y6E8J4Jw,-0.0881558566115747,-0.4,0.0,-0.0662594434505766,0.212010149919455,-0.0275401883991649,0.0,-0.2217127734342647,-0.2478718084569988,0.25,1,0.14678778437002538
UCCSmtEwvhWXglcJZVJFdQ-w,-0.1924450548984427,4.0,0.0,0.275651979026876,5.5079431378656,4.536050082233031,0.0,2.517497943995293,9.38552104102206,0.5,-1,-0.23363951315950704
UCCTTbX_dDOsQrbC9m9cuBVA,-0.3273511300471897,-0.4,0.0,2.581884643591521,0.0162190954938332,-0.1964947498466603,0.0,-0.2217127734342647,-0.2478718084569988,0.0,1,0.15306218944880906
UCCVRL75z1cqEqUjnnpQ5Gdw,0.1148978577310757,2.4,0.0,-0.0697704372378037,-0.2234676977230421,-0.2927215295931576,0.0,-0.2217127734342647,-0.2478718084569988,0.25,1,0.12401740542028206
UCCWt08UICpo7EqhBYuSI4Jw,-0.1278343958609977,0.6,0.0,1.255292062954154,-0.2698392632448999,-0.3266159803881291,0.0,-0.2217127734342647,-0.2478718084569988,0.0,1,0.16079483897902336
UCCYF_NyV8NtagqhLVOSh5ww,5.38041808740301,0.6,0.0,-0.2343024991477102,-0.0240409698101365,0.0288947729473254,0.0,-0.2217127734342647,-0.2478718084569988,0.0,1,0.12931289843983074
UCCYxQJxlhRW_l5MfltjguyQ,17.34153272553695,0.4,0.0,-0.2535908315884815,-0.2345705042827087,-0.3109708339439549,0.0,-0.2217127734342647,-0.2478718084569988,0.0,1,0.0640228733571892
UCC_uJfRk9L7pQdKXYt54WMw,-0.0328004723266616,0.0,0.0,0.1334461881745658,0.0278430541981373,0.0316245829451047,0.0,-0.2217127734342647,-0.2478718084569988,0.25,1,0.15421688650749232
UCCaJlvvRcnZ42U836K-cFQQ,2.9474952305806488,-0.2,0.0,-0.241653037165276,-0.2800102271111659,-0.2978117545511509,0.0,-0.2217127734342647,-0.2478718084569988,0.0,1,0.1497741788610924
UCCbXlpjKj9lTP2cK7nmPO2Q,0.0179914997107096,-0.4,0.0,-0.1844178658334916,-0.1880477621536769,-0.3180391749750726,0.0,-0.2217127734342647,-0.2478718084569988,0.0,1,0.17275839347963928
UCCcNvPclDJbAJFUK6mnLUQA,4.218275262191157,-0.4,0.0,-0.1121325340246089,0.0238473183935327,-0.0511448450959399,0.0,-0.2217127734342647,-0.2478718084569988,0.0,1,0.13987360477393285
UCCdkFRowAgGdQbAKC9QzPLQ,-0.0858746554464467,2.8,0.0,-0.0178996503561732,0.8653331344561569,1.029023385159492,0.0,-0.2217127734342647,-0.2478718084569988,0.25,1,0.0664857170823896
UCCeWvKmgERhfZHEOzYIaf8Q,-0.2390395373043474,0.8,0.0,0.1584551522057665,0.5558195497018733,1.501169893720362,0.0,-0.2217127734342647,-0.2478718084569988,0.0,1,0.09632262517594425
UCCee0Fz-WoBdaANCF8iC-AA,0.531316297397937,-0.4,0.0,-0.1461163680836819,-0.2270364569743635,-0.4038276909684948,0.0,-0.2217127734342647,-0.2478718084569988,0.25,1,0.1477148129772654
UCCfb0rdM_z3kw6_Nrc2w6rQ,-0.1389644922841615,-0.2,0.0,-0.099239329538121,-0.2058469489196425,-0.3987250388565515,0.0,-0.2217127734342647,-0.2478718084569988,0.0,1,0.16809242721226209
UCChaBuFnyDLQi6VGYCzm5Gg,1.8092136705841408,4.2,0.0,-0.2444481760330953,-0.0050006832866801,0.1470219637951642,0.0,-0.2217127734342647,-0.2478718084569988,0.0,1,0.08811342877255757
UCCi8_Sl8b-AQMPnNxfqbAdA,-0.119751926831143,-0.4,0.0,-0.0913696482802449,-0.41943719011123,-0.4621660037437545,0.0,-0.2217127734342647,-0.2478718084569988,0.25,1,0.1474058914813094
UCCin6iY4wLlSFOZ6gYv31kQ,-0.3406811017507772,0.8,0.0,1.4075021571052613,-0.3083271151479295,-0.2522429631190461,0.0,-0.2217127734342647,-0.2478718084569988,0.25,1,0.13584540017051883
UCCl1qWoRZvfwahw1rfVfAyg,10.854826424569294,-0.2,0.0,-0.2439570433369829,-0.1684121513563022,-0.1363998553678772,0.0,-0.2217127734342647,-0.2478718084569988,0.0,1,0.12216264958954931
UCClYmUwCTDXpJLUuHqTITTQ,-0.1939741818821508,0.0,0.0,0.0043872922593605,-0.1864736844124691,-0.2502619156660883,0.0,-0.2217127734342647,-0.2478718084569988,0.25,1,0.15987255653276455
UCCq2a7h_3lTf36MQY-p9BNA,-0.2147133383043598,-0.2,0.0,10.093331581440667,-0.3555861391730042,-0.3309771549912879,0.0,-0.2217127734342647,-0.2478718084569988,0.0,1,0.12613529688734704
UCCqzsuOyzjYgqQMp_Getz5w,0.0387678210890354,-0.2,0.0,-0.0844947783799219,-0.0871857038132051,-0.6003272946293761,0.0,-0.2217127734342647,-0.2478718084569988,0.0,1,0.15110961332131329
UCCr6O6NbPFcFGIEGlUvW2bA,-0.1261228890367803,-0.2,0.0,-0.1272546163723877,0.0604345356346844,0.2040939066597951,0.0,-0.2217127734342647,-0.2478718084569988,0.5,1,0.10622894115974968
UCCsZLYbBHS8re17hR7eIsUA,-0.0799737087456132,-0.2,0.0,-0.0820437796564425,-0.2778912763056939,-0.0696382815973343,0.0,-0.2217127734342647,-0.2478718084569988,0.0,1,0.17269080111019514
UCCspP0gCKn3r4Cc-4kuarhA,3.2826600149241494,-0.2,0.0,-0.2472700889834937,0.0350071259690192,0.0387508228653047,0.0,-0.2217127734342647,-0.2478718084569988,0.0,1,0.1480065819586195
UCCtWnaI870dRrMQc2b-YJuA,-0.3040255111886253,0.8,0.0,31.5243809246024,0.6810302791161335,-0.5527083399115404,0.0,-0.2217127734342647,-0.2478718084569988,0.0,1,0.0004059096075220703
UCCuBv92C1QBK-3RdxMJVb6g,-0.0741117448520109,-0.4,0.0,-0.0118229072276399,-0.0414163664150078,-0.2157090239037268,0.0,-0.2217127734342647,-0.2478718084569988,0.0,1,0.1703015336124814
UCCue1m9UF1W5xR8I7w_fyRw,2.9028164898575826,-0.2,0.0,-0.2492489703691432,0.6593912966481307,0.3445737572012022,0.0,-0.2217127734342647,-0.2478718084569988,0.25,1,0.10163307322558551
UCCuvKqjGlT0jUkrcfjQD2iQ,0.1993900148147583,-0.4,0.0,-0.1903080992559579,2.88019300416992,-0.592090454199654,0.0,-0.2217127734342647,-0.2478718084569988,0.0,1,0.047841452880797886
UCCv64fcljDThLjOGC7Z7beg,-0.1381722121734643,0.0,0.0,0.7294707376554062,-0.1313809634701945,-0.1850136680742422,0.0,-0.2217127734342647,-0.2478718084569988,0.0,1,0.16964307136224954
UCCvzmqP9D_PUoZJXU10Aihw,-0.1191199205936996,-0.4,0.0,0.6220642032911359,0.0424940854816872,0.2817049152707129,0.0,-0.2217127734342647,-0.2478718084569988,0.0,1,0.15668085503945672
UCCwYYV3nT5OpE5J1jYRQdoA,-0.2452231919872036,1.8,0.0,0.4270470803702231,-0.2310094897346237,-0.2405406023691625,0.0,-0.2217127734342647,-0.2478718084569988,0.0,1,0.1536418966680776
UCCy74Mtqewf_MN-CBxp-c0g,-0.2892944445102053,3.0,0.0,2.984525665073346,0.1243241129511915,0.0925782020324921,0.0,2.517497943995293,1.6788067614388125,0.0,-1,-0.008564717971729974
UCCysEPNZVExI8tUfzXXz9jw,-0.098403689293878,-0.2,0.0,4.572651030459955,0.0441892461260649,0.0917864543901603,0.0,-0.2217127734342647,-0.2478718084569988,0.0,1,0.14456985334071015
UCCzDAIWcyIvBacOm88IMAeA,3.10343746760405,-0.4,0.0,-0.2399776557634308,0.2603222282842189,-0.1766159869176176,0.0,-0.2217127734342647,-0.2478718084569988,0.0,1,0.12758189901997075
UCD-3v4zPl6-Q9lWeFKoGSwg,-0.1377158557999508,0.2,0.0,2.087315534628622,-0.2921941942426305,-0.3190612140776138,0.0,-0.2217127734342647,-0.2478718084569988,0.0,1,0.1591708692698247
UCD2Uu4Exo53wl9mVCxbppjg,-0.2055619728192318,-0.2,0.0,0.0937564433515524,0.046308196931537,-0.0917458007781084,0.0,-0.2217127734342647,-0.2478718084569988,0.25,1,0.15798334972191008
UCD4KYtQ-fYVlRWTgUUxFuiQ,-0.0476014161001916,-0.4,0.0,-0.0212070512616295,-0.2973856237160371,-0.4862117706342154,0.0,-0.2217127734342647,-0.2478718084569988,0.25,1,0.15113180297114187
UCD4OLJLdE7N8UG28YpecQwg,-0.3437898178401024,1.2,0.0,6.8825532059236725,-0.2873450568224155,-0.3278961599511625,0.0,-0.2217127734342647,-0.2478718084569988,0.0,1,0.12802082880665921
UCD7KtpwR0OgrdvYNOrSOLzA,0.056772929435171,-0.4,0.0,-0.1602862527168033,-0.0871857038132051,-0.2640498021254472,0.0,-0.2217127734342647,-0.2478718084569988,0.0,1,0.17066842466298748
UCD7u-9FzZq2JmwmRJkTPsaw,-0.0261418351821689,0.2,0.0,2.504998113700768,-0.2768318009029578,-0.3239521042507192,0.0,-0.2217127734342647,-0.2478718084569988,0.0,1,0.1569933906049657
UCD90z36bO3Zl7uaIrG0Pkng,-0.3332912615387116,1.4,0.0,3.910293756576299,-0.3411570932119322,-0.3613379604881859,0.0,0.6913574657089212,0.7154674764909068,0.0,1,0.0801678978904144
UCD9U_RGrP7JMRlD-CP4B-Yw,0.4201383410917073,-0.2,0.0,1.7897301132083785,-0.3845451335144561,-0.4586481931875081,0.0,-0.2217127734342647,-0.2478718084569988,0.0,1,0.16010281748446675
UCDBZ7VWdGY8Ho4xBHz9c6eA,-0.0284206630416753,-0.4,0.0,10.102087363996464,-0.4635113668650496,-0.5021130417941194,0.0,-0.2217127734342647,-0.2478718084569988,0.0,1,0.11203268459143528
UCDBdU5IbL0NnRNLDvtMaWew,0.7885513193425899,-0.4,0.0,2.9784362418345998,0.1297948586671376,4.541608442991466e-05,0.0,-0.2217127734342647,-0.2478718084569988,0.0,1,0.13211481203350245
UCDByNAU1WpFz1dKAAqPRnbw,-0.2781046950272901,3.6,0.0,11.926739000324307,-0.4941937745282855,-0.442366979290932,0.0,0.6913574657089212,1.6788067614388125,0.0,-1,-0.030085015338696675
UCDDp8g48EzeJXaG_D5GL4PA,1.654310789935403,0.0,0.0,18.132288634407303,-0.3360110698272143,-0.423978993604741,0.0,-0.2217127734342647,-0.2478718084569988,0.0,1,0.06994403612580391
UCDFcYAxXhkD7X9N0-WQQpWg,-0.1933919645668966,-0.2,0.0,0.1612075656945696,-0.4467010238083043,-0.4908039748306135,0.0,-0.2217127734342647,-0.2478718084569988,0.25,1,0.1429499594631246
UCDGrBM9N3YjIN_FlVOfpgIw,-0.2837898291369336,0.4,0.0,0.4223486011236422,-0.2411627956775108,-0.2774145989736441,0.0,-0.2217127734342647,-0.2478718084569988,0.5,1,0.10899154695779018
UCDHJB4f2XRB0RFDj2tlsjwA,-0.1892810962551145,0.0,0.0,0.0189903531926548,0.0326863703249306,-0.0735214784566885,0.0,-0.2217127734342647,-0.2478718084569988,0.5,1,0.11533310558102405
UCDI-0TT4g1myeFIMAfdAdgg,5.226284208271532,-0.2,0.0,-0.2529342228219834,-0.3449913851456437,-0.4342193477624134,0.0,-0.2217127734342647,-0.2478718084569988,0.0,1,0.1349675077835395
UCDLcMIecm5zxamcLL3hixUA,-0.2287308219114884,0.4,0.0,0.7342088221370469,-0.2854253236140391,-0.0121774475602144,0.0,-0.2217127734342647,-0.2478718084569988,0.25,1,0.14691018489956748
UCDMkeY2MoXdO-JxXNXjFmTA,-0.1983158162937345,-0.2,0.0,7.891649556852624,-0.3223892432206079,-0.2828017621953929,0.0,-0.2217127734342647,-0.2478718084569988,0.0,1,0.13459800484849388
UCDNr2wzD90OFJeg-ioF-Row,-0.0148091998473413,0.6,0.0,-0.0155284891640465,-0.0524349106034626,0.1824589556181528,0.0,-0.2217127734342647,-0.2478718084569988,0.0,1,0.15879950955420097
UCDO0f2FNeU-G1EbA9W5mcyw,-0.0115528225510606,0.0,0.0,-0.1092215788902722,0.6605012232605209,-0.0243849543984622,0.0,-0.2217127734342647,-0.2478718084569988,0.5,1,0.09872324527407911
UCDPgbYfof_dzQZuOfEe6z5g,0.1371734544736886,-0.4,0.0,-0.1816266743516024,0.0145239348494555,0.221853364279875,0.0,-0.2217127734342647,-0.2478718084569988,0.5,1,0.10591920479863431
UCDRFfOBwSK87gSMJZi0R2Qg,5.73247242545877,-0.2,0.0,-0.2278588728257992,0.8967137868610057,-0.036565740923824,0.0,0.6913574657089212,0.7154674764909068,0.0,1,0.02481702598878982
UCDRJ0V_Y5qoQEr9mqyKXVQw,-0.2949891385580831,0.0,0.0,0.637673562080987,-0.3687034536830695,-0.4178564024771024,0.0,-0.2217127734342647,-0.2478718084569988,0.0,1,0.1670297481127142
UCDSP3bFF-Hk4Bc_9IFvW4Og,0.0404128753558483,-0.4,0.0,-0.1288987019971536,-0.3940097804455648,-0.4142810684451316,0.0,-0.2217127734342647,-0.2478718084569988,0.0,1,0.1671739373396569
UCDTTc6_ImAZXItYMTsSO67g,-0.3051701147160675,-0.2,0.0,0.5547229328127348,-0.142984741690637,-0.1530252056000083,0.0,-0.2217127734342647,-0.2478718084569988,0.0,1,0.17150411077920563
UCDTcRTk949dRPpdT6p7IkiQ,3.186540632291053,-0.2,0.0,-0.2023783159163125,-0.440344171391888,-0.3723878711071317,0.0,-0.2217127734342647,-0.2478718084569988,0.0,1,0.1430740087000908
UCDTfySTAkgvPMZPHe24aJDA,1.611249179266198,1.0,0.0,-0.2059227942983689,1.0782372391964483,1.0002363758161814,0.0,-0.2217127734342647,-0.2478718084569988,0.25,1,0.05660478913381989
UCDUJnGevGUHE3vMzZHhhusw,-0.3146855553827204,0.2,0.0,1.831284679974617,-0.3033186859713591,-0.3890156105113321,0.0,-0.2217127734342647,-0.2478718084569988,0.0,1,0.15744966095346563
UCDUdrGjj5a47veA7Q6ro6Og,-0.0715455450288348,-0.4,0.0,-0.0850371521525159,0.0009626496944342,-0.0760542377372781,0.0,-0.2217127734342647,-0.2478718084569988,0.0,1,0.1698661097999885
UCDXITmQLven8Tp3QqnzOFGQ,-0.2320411961186489,-0.4,0.0,0.7852668522900988,-0.1583824508770675,-0.2159685189141233,0.0,-0.2217127734342647,-0.2478718084569988,0.0,1,0.17094305495353074
UCDXqP0gqBY7NBH5w_J49cUg,-0.2894810496814194,1.4,0.0,0.4335660216975679,-0.2887887375909789,-0.434370393178637,0.0,0.6913574657089212,0.7154674764909068,0.5,1,0.04741382769638747
UCDXwuTpVjsgHphbEWxMXFnw,-0.2768118393147213,0.6,0.0,0.3110625523958343,2.4271613219599857,7.772460372487239,0.0,-0.2217127734342647,-0.2478718084569988,0.0,-1,-0.06646986650014197
UCDYQFG5CkxQFKG-cgD_vpBg,-0.1958247755780373,10.0,0.0,0.2112315137619946,-0.3331326955501068,-0.3246492982335389,0.0,6.169778900568036,8.422181756074153,0.25,-1,-0.16759412735708912
UCDZ4SfXBO6t3scGKUNwnxPQ,0.8503328073169439,0.0,0.0,-0.1524559804095117,-0.0429904441562156,0.1265714794483062,0.0,-0.2217127734342647,-0.2478718084569988,0.25,1,0.14828307754569386
UCDaxRt13m6OLy4ghXrWgxVA,-0.0521239966150097,1.2,0.0,0.3859953924753133,1.5105032035127566,2.549262510786533,0.0,-0.2217127734342647,-0.2478718084569988,0.0,1,0.026192952756421695
UCDe6D78tNje1O4jMZeO-1tg,-0.2546237545625987,-0.4,0.0,29.64479726335247,-0.4974145797526031,-0.5175480727996489,0.0,-0.2217127734342647,-0.2478718084569988,0.0,1,0.0404596581086043
UCDhBMz_rmDf7ZrGth5JOxSw,0.9700990875975112,1.8,0.0,-0.0375036413804696,0.0131995905960355,0.6391884743457739,0.0,-0.2217127734342647,-0.2478718084569988,0.25,1,0.09562923449711103
UCDhHJYzhRUxW3TrrlnPT3qw,0.4939582450960589,0.0,0.0,-0.1728555988654115,-0.2379339182596486,-0.0430024821967609,0.0,-0.2217127734342647,-0.2478718084569988,0.0,1,0.16819413430668506
UCDhyswSIqpVBF-q2mXa4GfA,-0.3363830710720371,4.4,0.0,6.330885157348473,-0.1653676818082101,-0.3326361772303332,0.0,-0.2217127734342647,-0.2478718084569988,0.25,1,0.04353789240430178
UCDlrg9TFOVWdpef8B9BzeoA,-0.2614285772342085,0.0,0.0,70.70260979701477,-0.1973711456977541,-0.3161861449959612,0.0,-0.2217127734342647,-0.2478718084569988,0.0,-1,-0.0320959115677949
UCDn1u-bjtOvxUMcH2-3R55Q,-0.2953860360513961,0.0,0.0,11.620366381791024,-0.3911037907694888,-0.4710286892711586,0.0,-0.2217127734342647,-0.2478718084569988,0.0,1,0.12192559779216561
UCDpQfuq88OQCCke4mkkWVIg,-0.1528488351291143,-0.2,0.0,0.9319019580710344,0.0314755412932323,-0.2230158994129715,0.0,-0.2217127734342647,-0.2478718084569988,0.25,1,0.14386949224581846
UCDqLSztdEKhWwPBla9kaTaA,-0.3359543012082912,4.0,0.0,17.007521198258974,1.2698845676024806,0.3128553439743151,0.0,19.865832487715824,10.830529968443916,0.0,-1,-0.21352671398856482
UCDrd-kV2v-7elk0Ve-z7QNg,1.016691432217646,-0.2,0.0,0.3824153749656641,0.3387234080866865,0.3245125434599737,0.0,-0.2217127734342647,-0.2478718084569988,0.0,1,0.141492745991465
UCDsZ1i_j0GTrmTCIPNIOLGA,-0.2094586376746992,-0.4,0.0,0.9216723297952512,0.1111480915789832,-0.1323642188232457,0.0,-0.2217127734342647,-0.2478718084569988,0.0,1,0.16035424494041284
UCDtCbN12sZlpUWpz11jMwnQ,0.4598317261252312,-0.4,0.0,-0.0343040747705572,-0.3363743185367238,-0.3428838814094024,0.0,-0.2217127734342647,-0.2478718084569988,0.0,1,0.17050250762138514
UCDtpOFhhNN2h26W8P4KGyfw,-0.2471626876386866,-0.4,0.0,-0.0132347251342474,-0.3872291378680541,-0.4979352469500592,0.0,-0.2217127734342647,-0.2478718084569988,0.5,1,0.10474493751767977
UCDvCc2I4ZB9EAiDILaBs6Bw,0.2693433494987589,-0.4,0.0,-0.1841780373392671,0.9349961647465348,0.3352128733022999,0.0,-0.2217127734342647,-0.2478718084569988,0.0,1,0.12838831889598074
UCDw1JRxTd39ex6OgdhXshrw,-0.0159438419179191,0.6,0.0,0.0016185939849548,1.0748469179076932,1.9377575400159568,0.0,-0.2217127734342647,-0.2478718084569988,0.0,1,0.06721566676095903
UCDxZVNr5C60lYoy6P4Hhw7g,1.437420953640519,-0.2,0.0,-0.2176677825701184,-0.2030216811790131,-0.2088203230314365,0.0,-0.2217127734342647,-0.2478718084569988,0.0,1,0.16814722417299366
UCDy9MbeU12vGfQZ3c5UKsOg,0.9124174724604904,-0.2,0.0,-0.1627549712363761,-0.2185606537524751,-0.319648394478827,0.0,-0.2217127734342647,-0.2478718084569988,0.5,1,0.11025745079502175
UCDzke-Pm3W_1AgqW8Lc80Tg,23.16279796243944,0.0,0.0,5.639625363615127,-0.427428661720439,-0.5230662612288766,0.0,-0.2217127734342647,-0.2478718084569988,0.0,-1,-0.005100849136852159
UCE-iOAGuWToKBR3UuVn_pNw,-0.3161022673512177,-0.4,0.0,22.1444355610083,-0.1685534147433336,-0.2830909762524342,0.0,-0.2217127734342647,-0.2478718084569988,0.0,1,0.07862045131353124
UCE-mCWs5-ahaRFKjdTxLGOw,1.37929476029033,0.6,0.0,-0.2289952877417465,-0.0147175862660593,-0.2460605344658994,0.0,-0.2217127734342647,-0.2478718084569988,0.25,1,0.14162793356567327
UCE0BTyUu5DQJzSgRU72dEqg,-0.0394447181498318,-0.4,0.0,0.0406523237510161,0.095891645779584,-0.116019535619174,0.0,-0.2217127734342647,-0.2478718084569988,0.0,1,0.1656640620062994
UCE0MStrYeTURgogcBoarsUg,2.396666649527205,0.0,0.0,-0.2446427522422087,-0.2427772343864419,-0.3697732328914407,0.0,-0.2217127734342647,-0.2478718084569988,0.0,1,0.15376992276857654
UCE0OC7ZMMNG5hKXa4W7M13w,1.1074170991066936,9.8,0.0,0.0326148385217838,-0.1998684805756319,-0.0850716829400439,0.0,0.6913574657089212,4.56882461628253,0.0,-1,-0.08893273681235958
UCE1-nvHZdRP2Cu_RGyAMnNQ,-0.1324196223219123,0.6,0.0,0.0285263961123276,-0.2198320242357584,-0.1925423852482368,0.0,-0.2217127734342647,-0.2478718084569988,0.25,1,0.14976669077783494
UCE2DOOn7IgUWtMR3-guHlfw,1.6856141861255514,-0.4,0.0,-0.2396791857795403,-0.3745154330352215,-0.3835761904194057,0.0,-0.2217127734342647,-0.2478718084569988,0.0,1,0.15886936690901438
UCE2n8UE7HUVcsvvHlApgJow,1.666552199339843,-0.4,0.0,5.187148995238027,0.291682700205206,0.0746059701515876,0.0,-0.2217127734342647,-0.2478718084569988,0.0,1,0.10685731649435809
UCE3huRw13OfMB1SgJQV7fgw,1.0688466437609094,2.4,0.0,-0.1477143305509094,0.1465680271483484,1.1592878544342449,0.0,-0.2217127734342647,-0.2478718084569988,0.0,1,0.0869822391297812
UCEAWHBzOQHqjOAU-6zRsaLQ,0.0718523900339877,0.8,0.0,-0.1449082414610462,-0.321040819980762,-0.3679749002955343,0.0,-0.2217127734342647,-0.2478718084569988,0.0,1,0.1593095938535497
UCEAZJbZ47pt7nFMRmCaQ0Ww,-0.0157466050720055,-0.4,0.0,0.0210083164994731,3.3183920307415504,2.4424270627348004,0.0,-0.2217127734342647,-0.2478718084569988,0.0,-1,-0.013944758435049498
UCEDN7Ipad-v1uHDCQVC3cCQ,3.7160932858848943,-0.4,0.0,7.195335176727228,-0.1176985954120033,-0.0965513408963754,0.0,-0.2217127734342647,-0.2478718084569988,0.0,1,0.10011304515796338
UCEG4hSnpCCI-B1LkAQQdz9w,-0.1776660375513174,-0.2,0.0,0.113685374823241,-0.1196762828304439,-0.1765139606142367,0.0,-0.2217127734342647,-0.2478718084569988,0.0,1,0.17165123180092828
UCEH2llxZpHaH8VJbs-ccbOQ,-0.2857956595221379,0.6,0.0,0.2832818320073311,-0.2240699258467026,-0.2538107053348369,0.0,-0.2217127734342647,-0.2478718084569988,0.0,1,0.1655306188565916
UCEHkgIIBjKbcuiE1SNucBUg,-0.333953003682189,6.8,0.0,6.690381872226135,-0.3983097001288643,-0.4424248330349017,0.0,-0.2217127734342647,-0.2478718084569988,0.0,1,0.017169052915708916
UCEHpezvAhnBEQr1egE1-I3A,-0.1214535364659598,-0.2,0.0,0.276378910348931,1.7951489283811748,0.3533435560913114,0.0,-0.2217127734342647,-0.2478718084569988,0.25,1,0.0899558345375322
UCEI0NLOWmBMoU7WOz0ASFRA,2.6728977106588045,-0.2,0.0,-0.2371606709323562,-0.2800102271111659,-0.4163302169566922,0.0,-0.2217127734342647,-0.2478718084569988,0.5,1,0.0657243871006934
UCEIU6OKVVtFtwqDO3FySxkA,-0.2775616692355062,0.4,0.0,9.445104909150857,-0.0603456602772252,0.0796927202348632,0.0,-0.2217127734342647,-0.2478718084569988,0.0,1,0.1215860468789633
UCEJhsPS9UHx9JdUwQxKfLKA,-0.2578807378092508,0.0,0.0,1.0013589727177268,-0.2754696182422972,-0.3003386060613524,0.0,-0.2217127734342647,-0.2478718084569988,0.0,1,0.17092503857416735
UCELHfre64haTZ-jCRObe34g,-0.3257168818953346,0.0,0.0,10.060730602703313,-0.1549921295883122,-0.2639608045077704,0.0,-0.2217127734342647,-0.2478718084569988,0.0,1,0.12900482040629435
UCEMSMwFU1D6fZy_D_ZsRFzQ,0.480301941574236,-0.4,0.0,13.65025016388807,-0.0939663463907157,-0.0853242155459623,0.0,-0.2217127734342647,-0.2478718084569988,0.0,1,0.09622986587204346
UCEMe3R1TfhEEFwXp85xY0dw,1.083685121666062,0.8,0.0,-0.080616698699966,-0.3587966706964467,-0.4171354985907603,0.0,-0.2217127734342647,-0.2478718084569988,0.25,1,0.1370060681903177
UCEMotgV3wtB_IFnkKDTjlRQ,-0.0884711527881963,3.4,0.0,-0.0440924397226469,-0.345167964379433,-0.3811836710156526,0.0,1.6044277048521072,3.123815688860671,0.25,-1,-0.0009964517876055456
UCEN2jAYaqBmS19SfETu1p1A,-0.1721629982610826,1.4,0.0,0.2431433365899363,-0.1895007569917149,-0.2151243476662756,0.0,-0.2217127734342647,-0.2478718084569988,0.0,1,0.15654162912266412
UCEPm6Q9ero_ovH5QXLO9BXw,-0.1825029353998493,-0.4,0.0,-0.0529196229855804,-0.2151703324637198,-0.4881695425660304,0.0,-0.2217127734342647,-0.2478718084569988,0.0,1,0.16529938512048697
UCEQyqOWdd2G-kpXYJDIfQsQ,-0.197025646961146,-0.2,0.0,0.3254080992760213,-0.0448066877037631,0.1057611964098965,0.0,-0.2217127734342647,-0.2478718084569988,0.25,1,0.1509195939673756
UCERe4RCslT6x4HOSHqEo17A,-0.357855681664283,1.6,0.0,11.364503794544596,-0.3233780869298282,-0.4414668510218856,0.0,0.6913574657089212,0.7154674764909068,0.0,1,0.02112597297689134
UCES3opk08Ftfnh_kSHUjlRw,0.4201913617492109,-0.2,0.0,-0.1779161242451174,1.826226873528099,1.4519473422216949,0.0,-0.2217127734342647,-0.2478718084569988,0.25,1,0.0631438691698592
UCES5_uC9Qc7vyWL98eyiNXA,0.0790549364948716,1.4,0.0,0.539209650191132,-0.079920729623015,-0.2461866826666205,0.0,-0.2217127734342647,-0.2478718084569988,0.25,1,0.1377242106204013
UCETTl9LR8zjBYuku2co96GA,8.707922208589794,0.4,0.0,11.716833365038417,0.0197035923739429,0.5882439349155636,0.0,-0.2217127734342647,-0.2478718084569988,0.0,1,0.022533639462331
UCETsko5d9pUveqzNJlB4f6Q,0.1856465301832401,0.2,0.0,0.3917583691157595,-0.347286915184905,-0.4608154826023788,0.0,-0.2217127734342647,-0.2478718084569988,0.0,1,0.16573978789562444
UCEUfF2h_v3YGNjK0TE2w2qg,-0.1291768789089898,-0.4,0.0,-0.0971235122265646,-0.2100848505305867,-0.3932467007500204,0.0,-0.2217127734342647,-0.2478718084569988,0.0,1,0.16745766338687662
UCEUqdGSY7POFitTZdYIEZqA,10.065473963091826,-0.4,0.0,-0.2532143564924543,-0.1922856637646211,-0.2405311276970561,0.0,-0.2217127734342647,-0.2478718084569988,0.0,1,0.1266960023098479
UCEV07swyCZst6xyPzZ2JPbA,-0.0941379363947216,3.0,0.0,9.853142809166153,-0.2572796639251926,-0.3490255078183464,0.0,-0.2217127734342647,-0.2478718084569988,0.0,1,0.0846819410481634
UCEV1jsSewDFV3a5oGXNT0_Q,0.0680847099780473,-0.2,0.0,8.56766742647899,-0.1535794957179975,0.2436945365814968,0.0,-0.2217127734342647,-0.2478718084569988,0.0,1,0.11818173151674138
UCEWE9W3dUOqTHc2aLKgH4kg,-0.2395446795685639,-0.4,0.0,3.581968605578355,0.9595759940900112,0.011610180215757,0.0,-0.2217127734342647,-0.2478718084569988,0.0,1,0.11333116234791835
UCEX-6ml9RE1zgU24hBd9UBQ,-0.12801466609651,-0.4,0.0,-0.015157922666034,-0.4118089672115304,-0.4259633537847904,0.0,-0.2217127734342647,-0.2478718084569988,0.0,1,0.16676725284326577
UCEX8tZ8V8Ci9x1lksQqfuDg,5.970306835351791,-0.4,0.0,-0.2522814873387157,-0.4168944491446634,-0.4104696204330868,0.0,-0.2217127734342647,-0.2478718084569988,0.0,1,0.12306941148669653
UCEXZEZr4ZWLASvf13NGxziA,24.93781929269365,-0.4,0.0,1.273672345893519,-0.1685534147433336,-0.2734256156107812,0.0,-0.2217127734342647,-0.2478718084569988,0.0,1,0.03513830955855751
UCEYGDSXVOS6zHTjDt2y1s3w,-0.04572539375012,0.0,0.0,-0.130839016288126,-0.1568083731358597,-0.1864254460509561,0.0,-0.2217127734342647,-0.2478718084569988,0.25,1,0.16201566155951086
UCEa7wFgMYANJgr27kC55Ndg,17.27465953758286,-0.2,0.0,1.077942456421584,3.3504588195976948,4.033124314340428,0.0,0.6913574657089212,0.7154674764909068,0.0,-1,-0.146513686635807
UCEbszsKVcWvWn1INOKxD0jQ,1.6333124887376622,0.6,0.0,4.342784038522768,-0.3401884299865735,-0.3480180434934605,0.0,-0.2217127734342647,-0.2478718084569988,0.0,1,0.12858111127518296
UCEdf86yOoB3soQnTyhoqiTA,-0.1284460775130647,3.4,0.0,0.1598501333526548,-0.3404003250671207,-0.3074074231728658,0.0,-0.2217127734342647,-0.2478718084569988,0.0,1,0.1194558771820855
UCEeDwXqK5Oq3yMTwQ1Nu9pw,-0.1692097805702154,3.2,0.0,1.5566814452839015,-0.1459635565910832,-0.0749650677312785,0.0,-0.2217127734342647,-0.2478718084569988,0.0,1,0.120539041782254
UCEebZyssW_53VYxpvHsGn7w,0.3460331354541217,-0.2,0.0,-0.1521710594005602,0.5901722370027087,-0.1678497212655307,0.0,-0.2217127734342647,-0.2478718084569988,0.0,1,0.14771287202184114
UCEewwawaBcGhprBKiayorSg,2.022751338928188,-0.2,0.0,-0.2457561801818696,0.2377200863591831,0.4206787669053932,0.0,-0.2217127734342647,-0.2478718084569988,0.0,1,0.1412090384114274
UCEh-zTuCVe4N1vQl0ElRnJA,0.0690532206551138,-0.2,0.0,0.4175383655319671,-0.0681151465639562,0.0866556388003297,0.0,-0.2217127734342647,-0.2478718084569988,0.0,1,0.16945980874362682
UCEhXNCbjL5yHp2naW7hG_EQ,-0.0594229018972029,0.0,0.0,0.0247310806225621,-0.1701274924845414,-0.182220320701944,0.0,-0.2217127734342647,-0.2478718084569988,0.0,1,0.17313102695846733
UCEioiIdnuSu2NDUyJl4QR6A,-0.3423602177733196,0.6,0.0,3.396876247048469,-0.2363598405184407,-0.4049960903256492,0.0,-0.2217127734342647,-0.2478718084569988,0.0,1,0.14803960388053922
UCEiseDQyevwOmrnwJV4DSdQ,1.9305272072663588,-0.4,0.0,-0.2236515433071944,-0.1049848905791707,0.1009916339659128,0.0,-0.2217127734342647,-0.2478718084569988,0.0,1,0.15927259970256974
UCEizkZ_X8YEih_vNsd_fWgA,-0.3060214218344417,2.4,0.0,1.3997591014736637,-0.3180398178830599,-0.2763752333378576,0.0,-0.2217127734342647,-0.2478718084569988,0.25,1,0.11393493011840139
UCEjGMkr1FWE-tQaXTaUR90w,0.0413036224019095,-0.4,0.0,0.5907097350631992,-0.1855050211871104,-0.3592967218024972,0.0,-0.2217127734342647,-0.2478718084569988,0.0,1,0.17153797425969697
UCEjHHc_TR4O_SpgkDnIPm0Q,0.2295057482768249,-0.4,0.0,-0.1810504341444064,0.3671173488800126,-0.0164677973896072,0.0,-0.2217127734342647,-0.2478718084569988,0.25,1,0.13992142160326576
UCEjiXbG-2OngOcVM54HqXOQ,-0.2002285365131783,1.8,0.0,0.4998599123012739,0.0076373447316712,-0.0503031226131854,0.0,-0.2217127734342647,-0.2478718084569988,0.0,1,0.14407627007638696
UCElv92R2uprtwDloZbQMuwQ,2.3421644433653217,0.0,0.0,-0.2343298805626545,0.1925158025091118,0.2095616118519258,0.0,-0.2217127734342647,-0.2478718084569988,0.0,1,0.13870338658336773
UCEnKHc84sOOgIxES6SxDdrw,4.3278668404248775,0.6,0.0,-0.114103182238249,-0.2473783847068956,-0.2918625674815636,0.0,-0.2217127734342647,-0.2478718084569988,0.0,1,0.1285238688786614
UCEnR7ce-9DoSlrO9g2qLatA,-0.2252836375760138,1.4,0.0,1.178056680975781,0.0572056582168221,0.0654076938973268,0.0,-0.2217127734342647,-0.2478718084569988,0.0,1,0.1475601605777519
UCEoL_6YqJ5b00j4fR1NlcyQ,2.3649530249355712,-0.4,0.0,-0.2488956027904715,0.7002164155002264,1.7678745019934148,0.0,-0.2217127734342647,-0.2478718084569988,0.0,1,0.08961848803959838
UCEoZ12TIVYg0StnJ0A5GYOg,-0.2891083902029652,-0.4,0.0,0.2985392163776647,-0.3007759450047925,-0.5059254341631986,0.0,-0.2217127734342647,-0.2478718084569988,0.5,1,0.10375589183982409
UCEpaUS3avfjjvS05zOOe3IA,-0.2246617810072925,0.2,0.0,0.7589701779174676,-0.2736533746947497,0.0108597167421007,0.0,-0.2217127734342647,-0.2478718084569988,0.0,1,0.16508589198124385
UCEqzrEN5pj_9w8DtHHxWwMA,11.784399437707188,-0.4,0.0,1.18815912769948,0.0068957119497559,0.0663481393518703,0.0,-0.2217127734342647,-0.2478718084569988,0.0,1,0.10187249719856328
UCErc-JqLN_uvgbKtxCYd3Sw,-0.0646674023622771,0.0,0.0,-0.1284268133065388,-0.3971579359279805,-0.4922880720201233,0.0,-0.2217127734342647,-0.2478718084569988,0.25,1,0.14916348093131704
UCEt6Npnli1APQhR9kbCVEVA,0.9287047757709715,0.8,0.0,1.8800104597841851,-0.076398317894438,-0.1061300832052218,0.0,-0.2217127734342647,-0.2478718084569988,0.25,1,0.1127397391050794
UCEtHoEr9rYiXXtd5enAZfFQ,2.17928740731563,-0.4,0.0,-0.2276056280734894,1.387604056795375,2.767378103336828,0.0,-0.2217127734342647,-0.2478718084569988,0.0,1,0.026158991050933778
UCEu5f96McuLVXG6U-bHB-mg,0.6976187708975495,-0.4,0.0,-0.2369900842548913,4.023578858802664,10.42266024251298,0.0,-0.2217127734342647,-0.2478718084569988,0.0,-1,-0.12123310981023316
UCEuCg-v6WhAbIOBNYzf-uyA,0.1820374140269674,-0.4,0.0,-0.1666089417215342,0.375593152101901,0.4229050104252084,0.0,-0.2217127734342647,-0.2478718084569988,0.25,1,0.13517842631993993
UCEuGSmqzdiCAGma5lz_vQEw,-0.101973746899123,-0.2,0.0,-0.0879366873896593,-0.0306803490006158,-0.3072758470506182,0.0,-0.2217127734342647,-0.2478718084569988,0.0,1,0.1688865624432369
UCEwKwjMKaQ8ZuOGUe4ZWjkg,0.6781274346097453,0.4,0.0,-0.1436910206063829,0.2918710513879146,0.3786615396683127,0.0,-0.2217127734342647,-0.2478718084569988,0.25,1,0.12781565850220505
UCEwsUj_5EpxlihhZvUV95_g,2.9006535189322418,1.2,0.0,-0.2308144917301058,-0.1132650983420924,0.0116745583834935,0.0,4.343638422281664,4.087154973808577,0.0,-1,-0.05726023833439797
UCExOYald_VcfY96EG0bzOdg,3.874052428719734,-0.2,0.0,-0.2392421875827104,-0.2340996263259372,0.3178162068520149,0.0,-0.2217127734342647,-0.2478718084569988,0.0,1,0.13224971239689404
UCExREirOaigLUGcUTs5dWWw,1.8951977758164344,-0.2,0.0,-0.1947617379469054,-0.2270364569743635,-0.4616326439678945,0.0,-0.2217127734342647,-0.2478718084569988,0.0,1,0.16230216806359332
UCEziuXcdtMN5f5RVuBjw2bg,1.7686742273444516,-0.4,0.0,-0.2426368807668405,0.3306713950258925,0.279530388029213,0.0,-0.2217127734342647,-0.2478718084569988,0.0,1,0.13825454994035735
UCF0wDDlP-4WhFt0G44yNQ0w,-0.1025180923161603,1.0,0.0,-0.0258504373062935,-0.3453445436132223,-0.3719078169261636,0.0,0.6913574657089212,0.7154674764909068,0.5,1,0.05666816611992681
UCF26tNCLPlPjqJhvabQQDpw,2.034765819918512,-0.4,0.0,-0.2237611586964424,-0.0312454025487417,-0.0419026733712791,0.0,-0.2217127734342647,-0.2478718084569988,0.25,1,0.1385704061713255
UCF2CaYLUCCY4j1wHZ3J6Fig,-0.0472960171129707,-0.4,0.0,-0.1742121684974406,0.2577794873176524,0.2665988658591237,0.0,-0.2217127734342647,-0.2478718084569988,0.25,1,0.140968240828306
UCF2iH0FLm41bLZ7OhdQ1_3A,-0.1900379661409789,1.8,0.0,0.0376164361801771,-0.1984306211004902,-0.1876946493258477,0.0,-0.2217127734342647,-0.2478718084569988,0.25,1,0.1346163948849055
UCF2pmb2kYiAHVqQ3y5Aie8Q,0.0341444197547181,-0.2,0.0,11.40318391006606,-0.4410504883270454,-0.4841323613806486,0.0,-0.2217127734342647,-0.2478718084569988,0.0,1,0.11870605336232687
UCF4w3k0dTQPm--5CaPl9BYw,-0.210578433961176,-0.4,0.0,1.2649014822744131,-0.1253268183117028,-0.2748755146440705,0.0,-0.2217127734342647,-0.2478718084569988,0.0,1,0.17038201707331957
UCF5Ilg972RSdjxL6DG6oNCA,7.00516968404461,-0.2,0.0,0.8154719393090641,0.3005822935881888,0.4122800307960757,0.0,-0.2217127734342647,-0.2478718084569988,0.0,1,0.11348201503203248
UCF5PXhjp5GPCkBKKd1Vgk-g,1.1443114478868042,-0.4,0.0,-0.1991642814424314,-0.1965235653755653,-0.2687587321453037,0.0,-0.2217127734342647,-0.2478718084569988,0.25,1,0.1539612972695556
UCF5VLpS90p2MT-XX0o-CaSA,-0.1030240608763379,0.0,0.0,0.0240648607220392,-0.2567017682509729,-0.3492168740872504,0.0,-0.2217127734342647,-0.2478718084569988,0.5,1,0.11962359810027251
UCF7bO2cyH3L3PQvWdLYKstQ,6.527346104737618,-0.4,0.0,-0.2536113615606234,-0.22957919794093,-0.1811947877583548,0.0,-0.2217127734342647,-0.2478718084569988,0.0,1,0.13192687867239344
UCF7my9js5jmUINg3BRbXC2A,-0.0092805086580475,0.0,0.0,-0.1038778970545819,-0.0678124393060316,-0.1725328128195217,0.0,0.6913574657089212,0.7154674764909068,0.0,1,0.10545123176347287
UCFA7ZKk0ib5JOkqRfFpC77g,-0.0186054789246017,-0.4,0.0,-0.182568144845731,-0.0490445893147073,-0.1084845756784856,0.0,-0.2217127734342647,-0.2478718084569988,0.25,1,0.1560274210125182
UCFBMN8ZQ00ra2CFDK3ItevA,0.3362045194371472,1.6,0.0,-0.1567490407013038,-0.113743220575122,0.0977203191132067,0.0,-0.2217127734342647,-0.2478718084569988,0.5,1,0.09237058988141744
UCFBZ4rvfaQh7LIMZn1ZHKBw,1.2361601932935071,-0.4,0.0,-0.2120007821393029,-0.4414742784881398,-0.4825969043953084,0.0,-0.2217127734342647,-0.2478718084569988,0.0,1,0.15615885446304517
UCFD11PNrqA8XIxK2BdqiwYA,-0.3166488345862838,1.4,0.0,8.241699459537253,-0.1976738529556787,-0.4188922306253244,0.0,-0.2217127734342647,-0.2478718084569988,0.0,1,0.11591389452607026
UCFF1MiF5_f7X97saaCAEu7Q,3.1586213679338373,-0.4,0.0,-0.2517535878675283,-0.1329550412114024,-0.0097564115592902,0.0,-0.2217127734342647,-0.2478718084569988,0.25,1,0.12564754300926362
UCFFCrzAripcuGcyxGggdFAQ,-0.2429719348695991,-0.4,0.0,11.801501061555127,-0.3151848104820028,-0.4087432731578418,0.0,-0.2217127734342647,-0.2478718084569988,0.0,1,0.11950699108514651
UCFFneaCEaEG6c8uTLzFj5JA,0.4123730870813171,0.0,0.0,4.958954164065858,0.2306569170076095,0.3864097615482387,0.0,-0.2217127734342647,-0.2478718084569988,0.0,1,0.12724496755382458
UCFG44AeT5appUuPl1LsLMFg,-0.0733779389521606,-0.4,0.0,-0.1278126699371106,0.5001874594636603,1.7594300328385817,0.0,-0.2217127734342647,-0.2478718084569988,0.5,1,0.05632620917875791
UCFKEeZLtP7TRatSqbK4P3uQ,-0.3243819732269859,-0.4,0.0,1.8420853859073951,0.1196238948008716,0.5402367556071664,0.0,-0.2217127734342647,-0.2478718084569988,0.0,1,0.1419044112949509
UCFLwCL8ygk7vXPbBKeF_CQA,8.246641815029948,0.0,0.0,0.4375098409976438,1.125459571432684,-0.1062726319719804,0.0,-0.2217127734342647,-0.2478718084569988,0.0,1,0.05124860675063486
UCFMw87q0hBblwJSKQ1rtO7g,4.009800460688336,0.0,0.0,-0.1898184736880928,0.7089343845284544,1.5039583450690386,0.0,-0.2217127734342647,-0.2478718084569988,0.0,1,0.09462691940528456
UCFNiyGDS2KAHPHVa6_s0K0Q,1.3552276234362783,-0.4,0.0,-0.2201481116119489,-0.2465308043847068,-0.3799154125910844,0.0,-0.2217127734342647,-0.2478718084569988,0.0,1,0.16264617167336098
UCFONKHUkz0Q0CptEK80yaSA,0.1259415583881178,-0.4,0.0,0.1062576194489649,-0.2117800111749644,-0.3589161948692752,0.0,-0.2217127734342647,-0.2478718084569988,0.0,1,0.1713743466103913
UCFP1gufbMYkHeeUT0cQXthw,0.7167419586707762,0.0,0.0,4.849551595098468,-0.2421718198705928,-0.2290713577355199,0.0,-0.2217127734342647,-0.2478718084569988,0.0,1,0.1447103056653689
UCFPJIveu_8kE0DiXQzdmRhA,27.253050832666847,0.0,0.0,-0.2449090818375435,0.4147029298257574,1.1897851607297905,0.0,-0.2217127734342647,-0.2478718084569988,0.0,-1,-0.03257387377383403
UCFQ1H1gbgaPYtlDVMugjOZw,-0.1945649834943343,0.0,0.0,-0.0422586133829692,-0.2754696182422972,-0.3917630033022798,0.0,-0.2217127734342647,-0.2478718084569988,0.0,1,0.16890279479972348
UCFQ3EdtuKzsl9H8fDj33Rkw,-0.2512546704972246,0.0,0.0,0.1667602348852309,-0.3317731682162701,-0.4022359316020096,0.0,-0.2217127734342647,-0.2478718084569988,0.0,1,0.16862637912071576
UCFQbaI6INxsm3t0It77KCMg,-0.2989944705135008,0.0,0.0,0.7938777136727168,0.3686914266212205,0.0860779203022245,0.0,-0.2217127734342647,-0.2478718084569988,0.25,1,0.13333363387506858
UCFRjzr55O442fJeohQkAGxQ,0.3045405827759743,-0.4,0.0,-0.1615358922675141,-0.2795864369500715,-0.1668020712851838,0.0,-0.2217127734342647,-0.2478718084569988,0.0,1,0.1698082979516064
UCFSZsQ9oRTX6nw1mCrH3ibA,2.4344814874174427,-0.2,0.0,-0.2401788842440572,0.3012886105233461,0.0515157269000431,0.0,-0.2217127734342647,-0.2478718084569988,0.0,1,0.14164474848620523
UCFT_lnUyQJtTTzHr5GS7wXg,-0.360416629917573,0.0,0.0,9.07752152458377,-0.1065589683203785,-0.3159554905580083,0.0,-0.2217127734342647,-0.2478718084569988,0.0,1,0.12713699832749664
UCFTpOwzktuN0VJ3ehdLyrww,-0.0848600925411485,-0.4,0.0,-0.0283834784837362,-0.2372074208406296,-0.326026904265896,0.0,-0.2217127734342647,-0.2478718084569988,0.5,1,0.12245877486830076
UCFVc4M9rrIoUe-MBpKlyK_A,0.053008159777227,0.0,0.0,-0.1008537515633561,-0.4746509939566743,-0.5208474421993827,0.0,0.6913574657089212,0.7154674764909068,0.75,-1,-0.0009718516680599087
UCFWvl27zWOHHZO36ZhFjIMw,1.8610878194890932,-0.2,0.0,0.4286653313959007,1.1538131512582863,2.90707057709868,0.0,-0.2217127734342647,-0.2478718084569988,0.0,1,0.03044496128468288
UCFYAxmKsQkdOnmv_ZjAt81A,-0.2373729534372148,-0.4,0.0,1.997344147286155,0.1925158025091118,-0.1576154322602587,0.0,-0.2217127734342647,-0.2478718084569988,0.0,1,0.14399894986200906
UCFZjC7CPTyy7QqwtABoXAlw,0.0517508127564264,-0.2,0.0,0.6432569427664578,-0.0490445893147073,0.0462577353081996,0.0,-0.2217127734342647,-0.2478718084569988,0.0,1,0.16903788204832149
UCF_Z4iwGp7i5iLc7t37Kozw,-0.2576395695614056,-0.4,0.0,0.6535833541044014,-0.1236316576673251,0.2750625587854199,0.0,-0.2217127734342647,-0.2478718084569988,0.0,1,0.1575261144139879
UCF_kEO3NPmJqDSDPwS0VrTQ,-0.2583245964563527,-0.2,0.0,0.5233970192201242,-0.0942488731647787,-0.3598133240241682,0.0,-0.2217127734342647,-0.2478718084569988,0.0,1,0.1703936386008495
UCFbsPCqC9H4HdnMMWip8w4A,12.809356613694126,-0.4,0.0,-0.2564843424199434,-0.0439591073815743,-0.2094052001026266,0.0,-0.2217127734342647,-0.2478718084569988,0.0,1,0.10845617664805463
UCFfmkWQGP6cb6wrEtPjXupQ,0.1574315872926788,-0.4,0.0,-0.1471350923160112,-0.403333163989642,-0.3004818117667299,0.0,-0.2217127734342647,-0.2478718084569988,0.25,1,0.1571585444960566
UCFgRdy_SQEzRyFZSuJnCUtQ,-0.1853734737970964,0.2,0.0,-0.0590086000391946,-0.3117944891932474,-0.1227194541965295,0.0,2.517497943995293,1.6788067614388125,0.25,1,0.021308671599738538
UCFh4zJBOEcDzK9j2U0b19JA,0.4203095220716476,1.4,0.0,-0.1407009739275667,0.3350909209915915,0.3247590014342431,0.0,-0.2217127734342647,-0.2478718084569988,0.25,1,0.11657350584860027
UCFhLjJZaBj8lNr5kUFnbbMQ,-0.2298694699872999,-0.4,0.0,8.177011078005153,0.0229997380713439,0.2896484204601374,0.0,-0.2217127734342647,-0.2478718084569988,0.0,1,0.11378877258005482
UCFi-HP0WG6piAsLc-uI2awg,2.750309942685789,4.4,0.0,-0.2127008684458568,-0.4053205937106366,-0.461233135907686,0.0,0.6913574657089212,0.7154674764909068,0.5,-1,-0.05486114974123901
UCFifa1MM-ndOSeccOPc3bPA,6.444769611915151,0.0,0.0,-0.2533641051799948,0.4643469201253894,0.6719464827462948,0.0,-0.2217127734342647,-0.2478718084569988,0.0,1,0.098583440488126
UCFimYrpn31WMnbCXok5Hhvw,-0.0944271399811051,2.2,0.0,0.0529925342127216,0.0439538071476792,0.144307546129119,0.0,-0.2217127734342647,-0.2478718084569988,0.25,1,0.11825957764472611
UCFjdwx59JjMLMCvmpDh9A7A,-0.3324538381253399,-0.4,0.0,2.4099923287926552,0.0780924590136185,0.6673719217323743,0.0,-0.2217127734342647,-0.2478718084569988,0.5,1,0.0530170443588624
UCFjjXgsfsVZ42wrGoo0uubA,0.3780010572183155,-0.2,0.0,-0.100036183438514,-0.2030216811790131,-0.2477147600879996,0.0,-0.2217127734342647,-0.2478718084569988,0.25,1,0.16203401503900905
UCFk3bmH_mFp7t1Cw2aqwwSw,-0.1742219819791987,2.0,0.0,0.2364805546247932,-0.2948428827494707,-0.4434744596756717,0.0,1.6044277048521072,4.087154973808577,0.75,-1,-0.06409677476881348
UCFkKVRIUuMtYKGNqD0wvHcQ,4.995293906832537,0.0,0.0,0.4507834459596271,-0.101110237677736,0.5658716238435405,0.0,1.6044277048521072,1.1971371189648596,0.0,1,0.020421718131548028
UCFkOVGsH0mZXGGpDSufKzFQ,-0.2126229105145164,-0.4,0.0,11.734488609344336,-0.4575783046097277,-0.4441975296077919,0.0,-0.2217127734342647,-0.2478718084569988,0.0,1,0.1167280977358664
UCFkbH4lzSYalbzO71vqxb_A,-0.2658277769310819,0.0,0.0,0.8358134946577678,-0.0720503409169758,-0.2266782895567381,0.0,0.6913574657089212,0.7154674764909068,0.0,1,0.10816021193628639
UCFoszg6el2SgTsfthCGCAlg,-0.283509408770581,1.2,0.0,0.646431742281816,0.0813523833297294,0.5507610903829727,0.0,-0.2217127734342647,-0.2478718084569988,0.5,1,0.06697109482091779
UCFpFS2aw2xYomSPX3ux6qIA,-0.1575824551635755,0.8,0.0,-0.0584892672051333,-0.139966842058601,-0.3931529886171884,0.0,-0.2217127734342647,-0.2478718084569988,0.0,1,0.15597361102245172
UCFq5oXlqKKMJ5cDOII5VUOw,0.6191071951503616,-0.2,0.0,-0.1568406642024527,0.3698013532336106,0.2545358056886578,0.0,-0.2217127734342647,-0.2478718084569988,0.0,1,0.1482398573381723
UCFr4aPMID8LuUSYplHLmCmA,0.0505928415965469,-0.4,0.0,-0.0792091665902404,-0.3431549611142345,-0.5421525992286367,0.0,-0.2217127734342647,-0.2478718084569988,0.25,1,0.1412858938948951
UCFrcjRqrexBtb7vGbkg9b-g,-0.1785751650919798,-0.4,0.0,0.1593441470750048,-0.1761816376430332,-0.012947922488432,0.0,-0.2217127734342647,-0.2478718084569988,0.25,1,0.15445960169565404
UCFrdd6aXpKGd-T3-2z6zgnw,-0.0457944720924676,-0.4,0.0,-0.1471117021946427,-0.3423073807920456,-0.3387317964986021,0.0,-0.2217127734342647,-0.2478718084569988,0.25,1,0.15865738267320095
UCFrjDWNckEdHldNr-kpt0VQ,-0.2436633242434465,-0.4,0.0,0.4882448712270614,0.5857930720047332,0.6613319635945845,0.0,-0.2217127734342647,-0.2478718084569988,0.0,1,0.1346434624191804
UCFro1ie1XI8kPDunhndSkSA,0.0175560233770798,1.0,0.0,9.025997806995482,-0.1609958235371498,-0.1921090547840533,0.0,-0.2217127734342647,-0.2478718084569988,0.0,1,0.11401185132938413
UCFs_wD14ujDPl4VVjf_d5ag,1.953416982548644,0.0,0.0,-0.2118800642117557,-0.0345146409343272,-0.2081098340884935,0.0,-0.2217127734342647,-0.2478718084569988,0.25,1,0.14259502918312433
UCFtGU5UOy1skFyDuS7QAyAw,-0.1356972415451039,0.4,0.0,0.0079260253075687,0.5922911878081808,0.6055373408121897,0.0,-0.2217127734342647,-0.2478718084569988,0.0,1,0.1338968190478833
UCFtgY-icGYqV5k_x9FSfhjg,20.364104070985803,0.0,0.0,-0.2515940296081631,-0.2421718198705928,-0.1781673466154742,0.0,-0.2217127734342647,-0.2478718084569988,0.0,1,0.05647047502007785
UCFutqmK7dOqgg9P6M_OhJnA,6.897612685174828,-0.4,0.0,-0.2298525086548951,-0.077014739946939,0.0480206087555075,0.0,-0.2217127734342647,-0.2478718084569988,0.0,1,0.13440177767884443
UCFx9iJ-XldmGe8OSu_oAufw,-0.0283453113307761,2.0,0.0,0.164098934962291,-0.3344797272283016,-0.3475048568660656,0.0,-0.2217127734342647,-0.2478718084569988,1.0,1,0.02300550997654277
UCFxmune2KzFb93XzUEGbIiQ,1.2971459674383925,-0.2,0.0,-0.2294703930207815,-0.3626493085245778,-0.2965676285115742,0.0,-0.2217127734342647,-0.2478718084569988,0.0,1,0.16615399907951334
UCFxsxT71HsqcjPSYPKrvEmA,-0.2629762754746719,-0.2,0.0,0.1028806883735027,0.2504337911920157,-0.0188593899713645,0.0,-0.2217127734342647,-0.2478718084569988,0.25,1,0.1458967106638807
UCFyPxB6dVl9Vx6zHRvqBf9w,0.0815356973156704,-0.4,0.0,-0.0373995780995797,-0.1371929428223466,-0.2789352605091347,0.0,-0.2217127734342647,-0.2478718084569988,0.0,1,0.17272017321396305
UCFyeEDMHqL1Io_YjORG8x0Q,0.0283623403184213,-0.4,0.0,-0.1535906580896745,-0.3440025414364233,-0.4067125832737665,0.0,-0.2217127734342647,-0.2478718084569988,0.5,1,0.11537464453704693
UCFzkk8FC6CW73LGPBFMNvvA,5.27377657855279,-0.2,0.0,-0.2491174007489744,-0.3294524125721815,-0.3994621369187314,0.0,-0.2217127734342647,-0.2478718084569988,0.25,1,0.10442213708719233
UCG0702rjqlPx86GVg5qMqcw,-0.1520664858717273,2.2,0.0,0.7204371878419387,-0.2171480198821604,-0.1282346914557184,0.0,-0.2217127734342647,-0.2478718084569988,0.5,1,0.07492254163327727
UCG0ElPvd-Bdk_NONqJvEbiQ,0.0903710596820767,-0.4,0.0,-0.1372598166505584,-0.1075276315457372,-0.1423420611343052,0.0,-0.2217127734342647,-0.2478718084569988,0.0,1,0.1692375882703877
UCG3-ryhuVLBadlg4txxIrXQ,-0.1447478224641738,3.8,0.0,0.1239900766889933,0.7646325199865781,1.0264551772291208,0.0,0.6913574657089212,0.7154674764909068,0.25,1,0.0030300818849937627
UCG7Use9WgzsKghwDtK68B_A,0.0,0.0,0.0,0.0,-0.0012168425626228,-0.0398029278168943,0.0,-0.2217127734342647,-0.2478718084569988,0.0,1,0.16941390569669007
UCG9WEAVAum76VW_EMvpedDQ,3.5351585247984776,0.4,0.0,-0.2465617435495663,0.029592029466146,0.1995006178439412,0.0,-0.2217127734342647,-0.2478718084569988,0.0,1,0.13490031540855002
UCGAW5yKwtl8PlHO2l6sRzRA,0.7091610145650415,1.0,0.0,-0.2347835105557406,-0.2764786424353792,-0.3199286014080427,0.0,-0.2217127734342647,-0.2478718084569988,0.5,1,0.08664328058669324
UCGBY8Kx2WORoZlYuoBXQBQg,1.569007621433049,-0.2,0.0,-0.1997512759453816,-0.029267715130301,-0.0291496275734462,0.0,0.6913574657089212,0.7154674764909068,0.0,1,0.08926960090346747
UCGCiRUEhEmAnjFpblyxlvuA,0.397544199673349,3.8,0.0,-0.1821277576485742,0.1548636766580306,-0.0364517973736775,0.0,-0.2217127734342647,-0.2478718084569988,0.25,1,0.07186431375311741
UCGEiUm1x-K8Q6AAaz0yVWhQ,-0.1297525317618865,0.0,0.0,1.2304365827325665,-0.4310611488155341,-0.5135216152611702,0.0,-0.2217127734342647,-0.2478718084569988,0.0,1,0.15870780692868858
UCGF-PkGdH58RtCXD0YCABDQ,3.492603261408432,0.2,0.0,-0.2430096076014775,0.1570233765174541,0.3967821370860286,0.0,-0.2217127734342647,-0.2478718084569988,0.0,1,0.12529865753008584
UCGG0Nrc_uxFUIrIazV44Vww,0.0236498642794979,1.0,0.0,-0.0951447959811851,1.1206162553058905,0.6019086352565769,0.0,4.343638422281664,2.6421460463867183,0.0,-1,-0.05546048331153708
UCGGefblb_5ZEObps4mbozWg,-0.2588967145987491,2.8,0.0,0.6263167102951807,-0.1283090453712562,-0.2642355643926389,0.0,-0.2217127734342647,-0.2478718084569988,0.0,1,0.13514953337535984
UCGGum1Ol2mmMF-nZ3i095Gw,-0.1145832374903216,0.4,0.0,4.949496116410493,-0.266590205343176,-0.2730260379545778,0.0,-0.2217127734342647,-0.2478718084569988,0.0,1,0.15068473771309543
UCGIA8g4ugbpDzPBJjtxKXkg,-0.1553234043800918,1.2,0.0,0.0533835052391275,0.7548527470382453,0.6185957256678193,0.0,-0.2217127734342647,-0.2478718084569988,0.25,1,0.10085529676944488
UCGKSQz37YNkhsv-7iRErnvw,0.0,0.0,0.0,0.0,-0.3660396298133331,-0.4442103108910208,0.0,-0.2217127734342647,-0.2478718084569988,0.25,1,0.15414329580607666
UCGL2semgUuZPXcPw-GreQSQ,-0.1360006375297081,1.8,0.0,0.0985520729780772,0.8660772897985548,0.6796895119049383,0.0,-0.2217127734342647,-0.2478718084569988,0.0,1,0.10541150052420817
UCGL4_K2DAkuQqdXY5_qiZyg,1.641994091197308,0.2,0.0,-0.2367682571840997,-0.3292758333383923,-0.432931936695363,0.0,0.6913574657089212,0.7154674764909068,0.0,1,0.09101482862949739
UCGM54ibslU4euGBaVG0T-Dg,-0.3012183083767963,-0.4,0.0,0.5911441399309273,-0.2016090473086983,-0.4566158454007124,0.0,-0.2217127734342647,-0.2478718084569988,0.5,1,0.10310195667748018
UCGNbT9of1Ice_oq4994SdLQ,0.0738592486986103,0.4,0.0,-0.1623973364749948,-0.0589330264069104,-0.2203912944944949,0.0,-0.2217127734342647,-0.2478718084569988,0.25,1,0.15294590383991458
UCGNn3ao84U5kI5fGXgtJekg,1.8345004340483688,-0.4,0.0,5.980306447157676,0.4789979514089393,-0.2116011933369232,0.0,-0.2217127734342647,-0.2478718084569988,0.0,1,0.10145610105960179
UCGOo2UEcpkhHYLvP5n4LCLw,-0.1887418004245061,0.0,0.0,-0.0253362211270728,0.1168389880279654,-0.1056133783080959,0.0,-0.2217127734342647,-0.2478718084569988,0.25,1,0.15053971997789867
UCGRE6ow-MvhfpZG9BNPuTsg,-0.1846025534369934,-0.4,0.0,32.84680682723116,-0.3796009149683546,-0.4802142037875249,0.0,-0.2217127734342647,-0.2478718084569988,0.0,1,0.04331723904665474
UCGScNGi7DFUYtxGDPspEBNQ,0.2311467965384042,0.4,0.0,0.1041503812526684,0.0992819670683394,0.2058181514086657,0.0,-0.2217127734342647,-0.2478718084569988,0.0,1,0.1554849442720858
UCGSgH8DyLEM3rzDlPVyxb0Q,-0.1660707732263217,-0.4,0.0,-0.1013652372948311,-0.3872291378680541,-0.4567964660395887,0.0,-0.2217127734342647,-0.2478718084569988,0.0,1,0.16614231922272887
UCGSjkhylxdTJ0eb_J0psA1A,0.575395551220162,-0.4,0.0,0.1181926076933907,0.0001150693722452,-0.1967666127631205,0.0,-0.2217127734342647,-0.2478718084569988,0.0,1,0.16385796516806606
UCGTs1gZfi0Wmyp8TfJr0HNA,-0.2258907998482269,-0.4,0.0,0.2679433520485736,-0.3262033546704577,-0.4362823800471542,0.0,-0.2217127734342647,-0.2478718084569988,0.25,1,0.1524314211780839
UCGW4QXJknpv9kuZz2c-UE5g,-0.244091731156076,-0.4,0.0,0.1654455224993337,-0.0880332841353939,-0.177738327997375,0.0,-0.2217127734342647,-0.2478718084569988,0.0,1,0.16783994775226901
UCGXjOcHSckAyeB7NvASQl2g,0.6737225120482525,0.0,0.0,-0.2096790232345665,-0.1374351086286863,-0.5606352190352437,0.0,-0.2217127734342647,-0.2478718084569988,0.0,1,0.14569885448986908
UCGY2u_qOjKAO17y3a9oQAKQ,-0.2227247596531596,5.8,0.0,0.2019024114317505,-0.1791246248728555,-0.0272400271218568,0.0,-0.2217127734342647,-0.2478718084569988,0.0,1,0.06432289369085564
UCGZj5i2i_vK0DKkjwyPfZZw,-0.0309432344381056,0.0,0.0,-0.1372690790035071,0.5769540200733353,1.1843179155429613,0.0,-0.2217127734342647,-0.2478718084569988,0.0,1,0.12781163165433634
UCGb8thn_4H8mPBkD-bVAEIw,0.2529674707924274,3.8,0.0,-0.0677089294212581,-0.466314901776905,-0.5076322207034158,0.0,-0.2217127734342647,-0.2478718084569988,0.0,1,0.09578742895853093
UCGbUqpbM7GzGw5i0Cf6RWMA,0.7243314870734399,0.0,0.0,-0.2078637005148766,0.1701154654226925,-0.2601126388018713,0.0,-0.2217127734342647,-0.2478718084569988,0.0,1,0.14861104243879353
UCGdCr4Q4JfWc9xVmNQG2ERw,-0.1299721887715444,2.2,0.0,1.5932133924796856,-0.3064007962338639,-0.2373635677361676,0.0,-0.2217127734342647,-0.2478718084569988,0.0,1,0.14345745662533327
UCGhWBdpDf1pN6PcjyCr8s6Q,0.8249404570004871,0.0,0.0,-0.1985203135895313,-0.2197714827841735,-0.0979116120960472,0.0,-0.2217127734342647,-0.2478718084569988,0.25,1,0.15460354759305261
UCGhjKYxXrxOc2Av35LkCsaA,0.3139612932012208,-0.4,0.0,-0.1441709922318366,-0.3592589872358224,-0.4034016420787787,0.0,-0.2217127734342647,-0.2478718084569988,0.25,1,0.15065145954326303
UCGiB3Tj2S4HAc3xyZEKeHVw,0.593028101079572,-0.4,0.0,-0.1534149135260499,-0.3787533346461657,-0.4791885672634245,0.0,-0.2217127734342647,-0.2478718084569988,0.0,1,0.16129963729965718
UCGisurWQjw7mPLI1xBwAjcw,-0.2931082686050397,-0.4,0.0,0.2092546271235514,-0.1151558544454367,-0.1727343232358873,0.0,-0.2217127734342647,-0.2478718084569988,0.0,1,0.1693782883593239
UCGk8Saz-4lYn6EzY93TgF_w,-0.178927222257804,-0.4,0.0,0.0353765052668483,-0.3957049410899425,-0.3474588975481718,0.0,-0.2217127734342647,-0.2478718084569988,0.0,1,0.1684019656718181
UCGkDkm75Fl-HWCvlcLOzr2w,0.7468455731254134,0.0,0.0,-0.2182105201333391,0.352950649209142,1.1225177000518922,0.0,-0.2217127734342647,-0.2478718084569988,0.0,1,0.13028454570862974
UCGme1EUtgJm7vElf3fWkT1A,-0.2206238792194083,0.0,0.0,0.1708273273916125,-0.236117674712101,-0.2346935684475666,0.0,-0.2217127734342647,-0.2478718084569988,0.0,1,0.17333333773221293
UCGnRWglqdjWgA0y6kags7zw,0.0844893014096731,-0.2,0.0,-0.0464708979382294,-0.3294524125721815,-0.3767811104269974,0.0,-0.2217127734342647,-0.2478718084569988,0.0,1,0.17108783911595765
UCGnkBITT6ipjqiJp0e47uRA,-0.3416612876837384,2.2,0.0,1.614145455877656,-0.3680644050274509,-0.4569092762087414,0.0,-0.2217127734342647,-0.2478718084569988,0.25,1,0.10411067912958105
UCGoYoocZUyxtcR_TCTxkH8A,2.016024784846226,1.0,0.0,-0.1357752501728163,1.2678833362862014,1.955686625791707,0.0,-0.2217127734342647,-0.2478718084569988,0.0,1,0.029709162037398984
UCGoa1Gsm8DtYYRDhPu8cMOA,-0.0714479870190281,0.2,0.0,0.3463570244445671,-0.2927239319439986,-0.3167183672274781,0.0,-0.2217127734342647,-0.2478718084569988,0.5,1,0.10364085197826761
UCGrMixoh4EWVisi2axrE9Zw,-0.1311563167891256,-0.2,0.0,0.6013732437790397,-0.3047313198416738,-0.385103666652452,0.0,-0.2217127734342647,-0.2478718084569988,0.0,1,0.16941571763235785
UCGrV362sUxYyOjp7XE2RQpA,-0.3102176813104139,-0.2,0.0,30.987614487453964,-0.5046190124912083,-0.5925901302910497,0.0,-0.2217127734342647,-0.2478718084569988,0.0,1,0.025410298800200737
UCGrdbvMduAXuikgeWOf5NMg,-0.154247540866475,5.4,0.0,0.231419058162625,-0.3732440625519382,-0.4623297876265143,0.0,2.517497943995293,2.6421460463867183,0.25,-1,-0.04755282454239129
UCGrfoN1kUdpin1wIFDtsneQ,-0.1471917834527975,0.0,0.0,0.0167441316223497,-0.2694154730838055,-0.2509819723566939,0.0,-0.2217127734342647,-0.2478718084569988,0.0,1,0.17246343843050221
UCGsOXxLWJO3mVq6hnXEvn2w,0.0,0.0,0.0,0.0,-0.2533114469622176,-0.5209946305616374,0.0,-0.2217127734342647,-0.2478718084569988,0.0,1,0.16383906917276758
UCGsPlcv1_GPR15ThOnAA57A,-0.2333430299958883,1.0,0.0,0.6313705898079547,0.2228874307208784,0.1040564728448983,0.0,-0.2217127734342647,-0.2478718084569988,0.25,1,0.12572275541240246
UCGtyWwYj4UJMloE3pprjPVQ,-0.2324858626995795,-0.2,0.0,0.6613644293012856,0.5760458982995614,2.483748855391505,0.0,0.6913574657089212,0.7154674764909068,0.25,1,0.013763694639058077
UCGzlIbXcr_WFZs6Ou_sm-yg,0.6764274745064953,-0.4,0.0,-0.1541983542902774,-0.1363453625001577,-0.0684551610249859,0.0,-0.2217127734342647,-0.2478718084569988,0.0,1,0.16748875647140787
UCH-ItWqf9ZMlPxjjDSl4U4A,14.215883667355948,-0.2,0.0,-0.2559107527539421,-0.3315713633776536,-0.4623442484792361,0.0,-0.2217127734342647,-0.2478718084569988,0.0,1,0.0907583079836029
UCH16yczDotyaxgZ9NpF7qSA,0.1133353668600527,-0.4,0.0,-0.1472673505206039,-0.0414163664150078,0.1642360937961353,0.0,-0.2217127734342647,-0.2478718084569988,0.25,1,0.15084530827875725
UCH26vrbT4dg-cFblacg5vAQ,-0.2460683412678116,-0.4,0.0,1.4387443635455652,-0.1338026215335912,0.0016154718815734,0.0,-0.2217127734342647,-0.2478718084569988,0.0,1,0.1660751923685692
UCH2CAE9cxoUJwH8XmC1Gk7A,-0.1002791056935781,0.0,0.0,0.415626914826295,-0.2754696182422972,-0.2668632480467488,0.0,-0.2217127734342647,-0.2478718084569988,0.0,1,0.17409455580135041
UCH2Hnz75mVKqI7L1JN8ZIGg,0.0910947916570014,0.2,0.0,-0.1791472817561065,-0.4293962588969489,-0.4802379392073478,0.0,-0.2217127734342647,-0.2478718084569988,0.5,1,0.10631961024923053
UCH5isavuGQ00bDzZNqLSxaw,-0.237579380530429,-0.2,0.0,0.3398286794806416,0.5181279096166573,-0.3592580902435641,0.0,-0.2217127734342647,-0.2478718084569988,0.0,1,0.14247079401299978
UCH5sJtjqJ14Ho2uW0-LvcAA,4.515509068156555,-0.4,0.0,-0.2492345105293887,0.1026722883570949,-0.0497477228898917,0.0,-0.2217127734342647,-0.2478718084569988,0.0,1,0.13706312811078686
UCH7AIR1vA-yS2PwC9rhXqZg,2.413439355809499,-0.2,0.0,-0.2391797847639831,-0.1274457691171749,-0.3431010023989355,0.0,-0.2217127734342647,-0.2478718084569988,0.0,1,0.15755110278537876
UCH7p5El406DKOjwGjclbHeA,0.1176731635859503,-0.2,0.0,-0.0917683446701544,-0.3972588383472887,-0.5069313204629093,0.0,-0.2217127734342647,-0.2478718084569988,0.0,1,0.16487690574132546
UCH7wQWfnK816kkIxPpxDD5w,0.7784428552457247,0.0,0.0,-0.1477029033709898,-0.3632547230404269,-0.5044899125057714,0.0,-0.2217127734342647,-0.2478718084569988,0.0,1,0.16051177456577437
UCH8UBPASi-RoOApMgd3afGw,0.7348265475073029,-0.4,0.0,-0.2302646367839978,-0.0778623202691278,0.3044623181561552,0.0,-0.2217127734342647,-0.2478718084569988,0.25,1,0.1385395985318678
UCH9UBdaSn3rwVy2ou5tWFNw,4.545947167216244,-0.4,0.0,-0.2441538288856041,-0.1838098605427327,-0.2391196468100636,0.0,-0.2217127734342647,-0.2478718084569988,0.0,1,0.13923826217329727
UCHApgi6_6kR3auqTvdW8mLw,0.5344084621435491,-0.2,0.0,-0.1534718591909878,-0.3661808932003647,-0.1673516946366423,0.0,-0.2217127734342647,-0.2478718084569988,0.0,1,0.1643183112225432
UCHBRgZYreunE0XjPJAYWo8g,3.0744748110873243,3.8,0.0,-0.2323144036787973,-0.2751203406369996,-0.3639669168026326,0.0,3.430568183138479,2.160476403912765,0.0,-1,-0.045733381652857896
UCHCCPoV2RJLtcCXNU1isDHw,0.4690156752144251,0.8,0.0,-0.1803719412745913,-0.157688976068004,-0.3673324644243161,0.0,-0.2217127734342647,-0.2478718084569988,0.0,1,0.15897881293031407
UCHCPP0VIYSpuTAx38wI9zaQ,-0.1225429342421346,-0.4,0.0,2.144125915204177,-0.4143517081780969,-0.4123179159326973,0.0,-0.2217127734342647,-0.2478718084569988,0.25,1,0.1203182803455709
UCHDdQOm521KCiu7E_El3avA,-0.3403108470054406,3.8,0.0,6.60241316863209,-0.3267901410473577,-0.3674486336111981,0.0,-0.2217127734342647,-0.2478718084569988,0.25,1,0.04391497798819688
UCHEFvfUj69tsfJyHgEVe1Hg,-0.0010195872437949,-0.4,0.0,-0.1373234961556934,0.3713552504909567,0.2260342149973277,0.0,-0.2217127734342647,-0.2478718084569988,0.0,1,0.15412064367315254
UCHFv_2y4gXBOFpUbxEHnP_w,-0.3337063375431687,0.0,0.0,1.103332308037431,0.1967537041200559,0.3160686105114219,0.0,-0.2217127734342647,-0.2478718084569988,0.0,1,0.1495627194936443
UCHI-VdlvnkvE53TYDY8n3dQ,0.2738352596024671,-0.4,0.0,-0.2139156213651105,0.2137053105638327,0.2119889878531613,0.0,-0.2217127734342647,-0.2478718084569988,0.25,1,0.14214432914562236
UCHJ3GWaBeVdEkutJa2Ltq7g,0.1990718908697364,0.6,0.0,-0.0778136054035628,-0.453764193159878,-0.4662081801519065,0.0,-0.2217127734342647,-0.2478718084569988,0.25,1,0.13921925723264122
UCHKB0mWZogpwQdm_0VHXF1A,6.455454720420066,0.8,0.0,-0.2541505524563209,-0.0575203925365957,0.7852603746536887,0.0,-0.2217127734342647,-0.2478718084569988,0.25,1,0.0650581347303848
UCHKiVdxnfHpcUkArc-_SL0Q,-0.1185550738557609,-0.2,0.0,0.0378353269377557,-0.287779713397897,-0.3304738531391545,0.0,-0.2217127734342647,-0.2478718084569988,0.25,1,0.16022274938565262
UCHKirits1xhUghdH2wYJEBw,-0.1400991343547394,0.6,0.0,-0.0578151844908762,-0.4414742784881398,-0.5350002901586288,0.0,-0.2217127734342647,-0.2478718084569988,0.25,1,0.1347381019220193
UCHKnZjdTkiZ31L7t9Poy8sQ,1.2325173206519573,-0.2,0.0,-0.0620421011644182,-0.0363308844818747,-0.2670479491011521,0.0,0.6913574657089212,0.7154674764909068,0.0,1,0.09721269018456946
UCHL2QC1zY2DIqs0EjyEM6vg,-0.214162630408422,-0.4,0.0,-0.0191720293373658,-0.0812526415578832,-0.0615220730579146,0.0,-0.2217127734342647,-0.2478718084569988,0.0,1,0.1684388410077799
UCHMnj7e-Tci2LFVcKRoKa9w,-0.1446886024682543,-0.4,0.0,-0.0206476503598485,-0.3846863969014876,-0.399091597722087,0.0,-0.2217127734342647,-0.2478718084569988,0.0,1,0.16506225675924713
UCHNV3KE2FfnD8p2I4P4dC4Q,-0.0731743396273466,-0.4,0.0,-0.135832769199413,0.2620173889285966,0.6018713648882315,0.0,-0.2217127734342647,-0.2478718084569988,0.25,1,0.13289514850099526
UCHRRhVXewlF8SEKVaCdOzsQ,-0.1740238718518675,-0.4,0.0,17.633071066685716,-0.3567162462692559,-0.4817524638627806,0.0,-0.2217127734342647,-0.2478718084569988,0.0,1,0.08630424517000568
UCHSyxtC5VWeckH6vqE9W7sw,-0.2626145567668138,0.4,0.0,0.2217311190974444,-0.318857658544821,-0.4421090627450276,0.0,-0.2217127734342647,-0.2478718084569988,0.25,1,0.14862161460996498
UCHUmT467VSQmbnoCKfck1XQ,10.34794893883451,1.0,0.0,-0.2499105072940948,-0.3103818553229326,-0.3432155111635904,0.0,-0.2217127734342647,-0.2478718084569988,0.0,1,0.09843782054169353
UCHW4-rA2uYHrej1e-tVRhIA,-0.1805432918985149,-0.2,0.0,0.0971823628471101,0.5025889370431954,-0.5043185380338324,0.0,0.6913574657089212,0.7154674764909068,0.25,1,0.06263216850768616
UCHW_eWsY55vv-dTBb2j-GTw,-0.2237196587724089,4.4,0.0,4.09042050524866,0.5964316663935861,0.9904960032422876,0.0,-0.2217127734342647,-0.2478718084569988,0.0,1,0.0388967231508901
UCHXLcvHC5iPkszbnh41m50g,-0.1297225096753,0.8,0.0,-0.0512034524816167,-0.3734366944433448,-0.5489764834290668,0.0,-0.2217127734342647,-0.2478718084569988,0.0,1,0.14389821074204695
UCHZ3SwjNlrRfzb1iX6jeSsw,-0.3527791304438347,1.0,0.0,9.601290689770122,-0.1843042823973429,-0.3531859900786356,0.0,2.517497943995293,3.605485331334624,0.0,-1,-0.030671966192902023
UCHZq3MuhuWADyGTFLSjuGIA,12.76850949915332,-0.4,0.0,-0.2532259525648841,-0.2728057943725608,-0.2015467090107496,0.0,-0.2217127734342647,-0.2478718084569988,0.0,1,0.10626697398559193
UCHZt8nTMrHnHh3_-OzJlLHg,0.3433458717963123,0.2,0.0,-0.1709625340022533,-0.4135041278559081,-0.4413675897693894,0.0,-0.2217127734342647,-0.2478718084569988,0.0,1,0.16464494427015441
UCH_DE6VIdrF1UA2-WXE3vNw,-0.0134045058945449,-0.2,0.0,-0.0465159735804693,-0.3788945980331972,-0.4684520752443352,0.0,-0.2217127734342647,-0.2478718084569988,0.0,1,0.17020458524442345
UCHbITMHZoRw0eZQlZE0Ea8w,14.17625885570613,1.6,0.0,8.62154491130231,-0.1369104160482836,-0.2526549674407085,0.0,-0.2217127734342647,-0.2478718084569988,0.0,1,0.02180010925013981
UCHdAu6riUiqViLO3736o_8g,0.1881270132767853,2.2,0.0,3.802229384492321,0.7422658170399282,0.9198936527624578,0.0,-0.2217127734342647,-0.2478718084569988,0.0,1,0.08595728514398954
UCHe6Mzr1N7kJGCucYUKzUqw,0.1142064962628374,0.2,0.0,-0.1144735180560635,-0.3112647514918794,-0.3654425897728285,0.0,-0.2217127734342647,-0.2478718084569988,0.0,1,0.1667707020670996
UCHeXaExM_ERKw93cr_ZzyxA,-0.2662204327717946,-0.4,0.0,1.2105844233527252,-0.3863815575458653,-0.4119362136655815,0.0,-0.2217127734342647,-0.2478718084569988,0.0,1,0.16566233343682346
UCHgRlC6TL2vc8XXhOeMycnA,0.0671422276237554,0.8,0.0,-0.0376895235201603,-0.3699693203980268,-0.4590923327446689,0.0,1.6044277048521072,2.160476403912765,0.0,1,0.04418823674008521
UCHgcKFlOTD1P0HjJdTLhPRQ,-0.242358309126757,0.4,0.0,0.1789958926181184,-0.154050373674769,-0.3417049759903731,0.0,-0.2217127734342647,-0.2478718084569988,0.25,1,0.15199107370943998
UCHgp8gG_UIfF-qHiqb5QteQ,-0.2627503753399746,5.2,0.0,1.3301925538249637,-0.414403076682472,-0.3948685650505308,0.0,3.430568183138479,3.123815688860671,0.0,-1,-0.05744336686185603
UCHh72EAMz4KbJKgmQMuL46A,-0.1327692323804671,1.2,0.0,0.2400635702293911,1.3823881778895974,1.601386792316021,0.0,2.517497943995293,1.6788067614388125,0.0,-1,-0.054319915435394495
UCHjVts7pc7o73oRmF9HvroQ,-0.2798276543135283,-0.4,0.0,0.1864136394391419,-0.1227840773451363,-0.1989481450342068,0.0,-0.2217127734342647,-0.2478718084569988,0.0,1,0.16982352151003127
UCHj_wHp37pkg-mEgPGOHLIQ,-0.1553539349565005,0.0,0.0,-0.0931209803704202,-0.2518584521241795,-0.3145887753071947,0.0,-0.2217127734342647,-0.2478718084569988,0.0,1,0.17232084546788456
UCHjkSlyEFmx9TZo4GWdNbGg,0.1801816910143401,0.6,0.0,-0.1548742427848612,-0.2918763516218097,-0.2465164458035673,0.0,-0.2217127734342647,-0.2478718084569988,0.0,1,0.164843251388275
UCHmQXFu6cbUh9wI9BLmW43g,0.0401392887631295,-0.2,0.0,-0.1648588138298882,1.215969041552135,1.2665282370145063,0.0,-0.2217127734342647,-0.2478718084569988,0.0,1,0.10091201029484032
UCHml6xRdPPpjTklBZB-6IMA,0.0674260755881688,0.4,0.0,-0.1604498521927844,-0.2260947010608203,-0.2324554676530481,0.0,-0.2217127734342647,-0.2478718084569988,0.0,1,0.1694119285439834
UCHn8Ha9haHJbVLQiVYxF7Ig,-0.1391871790456768,1.2,0.0,0.0606781164321967,0.5768608793785891,1.2077692411485654,0.0,0.6913574657089212,0.7154674764909068,0.25,1,0.03849844240790501
UCHounbmpBVBFlkNZ_9n7JjA,3.45111724794471,0.0,0.0,-0.2515535055927312,-0.2470151359973861,-0.2539704295697561,0.0,-0.2217127734342647,-0.2478718084569988,0.0,1,0.1471773475220201
UCHq6TBb0dPN2kdo186YMiCg,3.518835231708357,0.4,0.0,-0.239355366146218,-0.1813612951675206,-0.3131339787709407,0.0,-0.2217127734342647,-0.2478718084569988,0.0,1,0.1410515811083108
UCHqtlVLOvvdY_0Cfv4S4LFA,-0.1526241285330275,1.4,0.0,-0.0029361205792894,-0.2240093843951177,-0.3029777880004325,0.0,-0.2217127734342647,-0.2478718084569988,0.0,1,0.15753991291483638
UCHrdGvuRuJErIQTFIikwpLg,-0.2344365179370705,0.0,0.0,2.222313485192485,-0.1695220779686923,-0.0277671759393562,0.0,-0.2217127734342647,-0.2478718084569988,0.0,1,0.15999127562795473
UCHtdSSRRFnfCX5oI4FN6gOw,-0.2994640820513902,0.0,0.0,0.8010165789914644,-0.2397501618071961,-0.2037729857435729,0.0,1.6044277048521072,1.1971371189648596,0.0,1,0.07485231587287866
UCHu6ZVZNIHMeadyhsyJwbjA,-0.2346184713680592,2.2,0.0,0.4533686013362589,-0.3704187948113088,-0.4574267397632156,0.0,-0.2217127734342647,-0.2478718084569988,0.0,1,0.14327766788471702
UCHuDttKPWFeWe5B3VZv76LQ,0.5058968445739561,0.8,0.0,-0.2088572813013468,0.0927324827605167,-0.2450758495885104,0.0,-0.2217127734342647,-0.2478718084569988,0.25,1,0.138600735887353
UCHuG9TECjndKDdr4m98XwrQ,0.2916268714343881,0.2,0.0,-0.1660226442382036,-0.2720641615906456,-0.3041138830347787,0.0,-0.2217127734342647,-0.2478718084569988,0.0,1,0.1690752797255196
UCHudXXrGZWkCZqFRsD2fU3Q,-0.3284900137703678,0.6,0.0,1.228967768964604,-0.3753630133574103,-0.3819537853776417,0.0,-0.2217127734342647,-0.2478718084569988,0.0,1,0.1576634772112338
UCHvNDk9ZoxxsyP2NIsYRVTQ,2.893857412623668,-0.4,0.0,-0.2421385446651165,-0.0592155531809734,-0.3206954283978272,0.0,-0.2217127734342647,-0.2478718084569988,0.0,1,0.14659670850268935
UCHwN3xtmg7ai4LFERmfAXqA,-0.3249731943432726,1.2,0.0,5.174867398589903,-0.4350196283422402,-0.5105605693939445,0.0,0.6913574657089212,3.605485331334624,0.0,1,0.009630244848926495
UCHwQM9LCCcvYAqTSFQL09hQ,-0.3060712579694822,2.0,0.0,1.0867003581833723,-0.2634325531624725,-0.362983564061367,0.0,-0.2217127734342647,-0.2478718084569988,0.25,1,0.12559530777628286
UCI0TzL6rSa4XgtfpwE-GiNw,0.7329856702787766,0.6,0.0,-0.0468250703070501,-0.3308650464424963,-0.4092392333999378,0.0,-0.2217127734342647,-0.2478718084569988,0.0,1,0.15890856609442006
UCI0VZYWpcMV1gI4r2z_QkBQ,-0.1127404750828618,-0.4,0.0,-0.0879248002601924,-0.2829767582388269,-0.3280421282086005,0.0,-0.2217127734342647,-0.2478718084569988,0.0,1,0.17089628959646436
UCI59icGA3Yr9IhuugvF9g5A,-0.2330231386956163,0.2,0.0,0.0712674066949229,0.6851718647813745,-0.0692199982354264,0.0,-0.2217127734342647,-0.2478718084569988,0.0,1,0.14143564738916725
UCI8R66KwQO4Pl1VMDhchQOQ,-0.0739160986258225,0.2,0.0,-0.1326112226127452,0.8663421586492388,1.2513406426990692,0.0,-0.2217127734342647,-0.2478718084569988,0.5,1,0.06136949174454637
UCI9gH9OakYiZ7qeOusxNnZw,0.0335117065751747,-0.2,0.0,0.900812919353863,-0.2637649376025466,-0.1630364070174503,0.0,-0.2217127734342647,-0.2478718084569988,0.25,1,0.15252422810027527
UCIB-7-yqD_HbBnXM2kJEnGQ,0.6639636813157257,0.0,0.0,0.0475875799576205,-0.1737599795796365,-0.0321520190315228,0.0,-0.2217127734342647,-0.2478718084569988,0.0,1,0.16723077562534377
UCIChgrdXrnOi6ATjyuUg5Og,0.6779629527478007,-0.4,0.0,-0.2307370601693547,-0.3295936759592131,-0.4011848487726815,0.0,-0.2217127734342647,-0.2478718084569988,0.0,1,0.16438098483928965
UCICugCI-jYbsJ1qpBJdI6Kg,-0.3152982385360959,0.4,0.0,1.7435745737233042,0.4557365803444235,1.2386982138877245,0.0,1.6044277048521072,1.1971371189648596,0.25,1,0.0025005389373184417
UCIFB9HYsSdUoGdfKp2wI95g,2.2204494645620048,0.2,0.0,-0.2204832751737422,-0.411385177050436,-0.4894065204609615,0.0,-0.2217127734342647,-0.2478718084569988,0.0,1,0.1493129075699854
UCIFYyW40aODb7pNSjI0PXYQ,1.3089456467906253,1.2,0.0,-0.2075656273001042,0.0181098515971775,0.2537988252834638,0.0,-0.2217127734342647,-0.2478718084569988,0.0,1,0.13541930363801197
UCIFqWs7BMEt0yh8_L7ugI3g,-0.1472208690706281,-0.4,0.0,-0.0576369075076353,0.2306569170076095,-0.1061774375607548,0.0,-0.2217127734342647,-0.2478718084569988,0.25,1,0.14331039596568923
UCIGS88I04MYi9HTklEovIKg,31.90111838677211,-0.2,0.0,-0.2518039021528548,-0.1076688949327687,0.2623802145526745,0.0,-0.2217127734342647,-0.2478718084569988,0.0,1,0.00659083531276794
UCIHM2_JlqJVosSlHu_EgbLQ,0.1889721304236615,0.8,0.0,-0.1607114613164874,-0.4423989115668912,-0.5547004830375415,0.0,-0.2217127734342647,-0.2478718084569988,0.25,1,0.1311409593527499
UCIIuNcopOb3_obFMXWM6I0w,3.63030283229215,0.0,0.0,-0.2486510803586929,0.0859628477196577,0.0719450614872573,0.0,-0.2217127734342647,-0.2478718084569988,0.0,1,0.14335216806145773
UCIJxypAnMMl1cLjSE9v-Weg,-0.2238590482526874,-0.4,0.0,0.2585110699073142,-0.1270219789560805,-0.2019171694813365,0.0,-0.2217127734342647,-0.2478718084569988,0.0,1,0.17086496768174225
UCINWBKC6Z8IVDab_qaUOZBw,-0.2476716859507216,-0.4,0.0,6.918974624307306,-0.1736388966764667,-0.4166558565447051,0.0,-0.2217127734342647,-0.2478718084569988,0.0,1,0.14099366125190693
UCIRZ6M6cxlLOUoVhg_UVdlQ,-0.2470230393838463,1.2,0.0,2.2091002411702743,-0.1813975165488106,-0.214811191681196,0.0,-0.2217127734342647,-0.2478718084569988,0.25,1,0.12211340970862661
UCIWO2ze7Layxv_-j3oZTWSg,-0.1452047446162476,2.4,0.0,1.538299264657888,-0.3057722079566425,-0.1965737316536544,0.0,0.6913574657089212,2.6421460463867183,0.0,1,0.03746173758685495
UCIWUGDTfoT54Q0NHIkNae-w,-0.2553542613993155,0.4,0.0,0.1986624925570617,0.4613871158256824,0.3725069595673787,0.0,-0.2217127734342647,-0.2478718084569988,0.25,1,0.13028792185153099
UCIY50ZRS92XsX-8OwPvao4w,-0.0087818115023276,-0.4,0.0,0.5233248527856939,0.1340327602780818,-0.000170663114582,0.0,-0.2217127734342647,-0.2478718084569988,0.5,1,0.10093708367577592
UCIYWz9veQch9ZhonEbc5Hsg,0.985664627124142,0.2,0.0,-0.2253636142096652,-0.1226781298048627,-0.1481300755854734,0.0,-0.2217127734342647,-0.2478718084569988,0.25,1,0.14966944986314312
UCIYis9dawTENxxF11hmQTcA,-0.0570564132172905,1.0,0.0,-0.0789857454190021,-0.4043220076988624,-0.3900117420823394,0.0,-0.2217127734342647,-0.2478718084569988,0.5,1,0.09694509736503448
UCIZLiaoFRm5_E43LmSaiQEQ,1.0200595063657345,0.0,0.0,-0.1629767833085427,-0.1640733473260497,-0.0648341744330354,0.0,-0.2217127734342647,-0.2478718084569988,0.0,1,0.16472531162685738
UCIZjTh0NJer4J35KQNpqRFA,4.870724144341632,1.0,0.0,-0.2502521512423543,0.6360828377879376,1.9686348870347257,0.0,-0.2217127734342647,-0.2478718084569988,0.0,1,0.04225920315971321
UCI_oezs0oX0NUhx6ic88pfw,-0.2159716952424462,0.2,0.0,0.3779664437537886,-0.2386906864044601,-0.3598224109885459,0.0,-0.2217127734342647,-0.2478718084569988,0.0,1,0.16853687350712376
UCIcx84vN5-Ea2rSAZT0CIOw,0.4787332370542284,-0.2,0.0,-0.1585414635710805,-0.4304557342996849,-0.4725351953699627,0.0,-0.2217127734342647,-0.2478718084569988,0.5,1,0.11060282433153379
UCIcygDdlHbyifvGSCCwR73w,-0.3066577667874739,3.2,0.0,5.521529776641966,-0.3270877863110025,-0.285017953181769,0.0,-0.2217127734342647,-0.2478718084569988,0.0,1,0.10704692795206111
UCId8qcsQlSQW-xBkFi4wwFg,-0.026956907289793,0.8,0.0,0.4764470880391144,-0.2983102567947886,-0.1263156761444846,0.0,0.6913574657089212,0.7154674764909068,0.0,1,0.11821766131778971
UCIe7t1hfh_ZtcaTDD3_qwyg,0.2452677293395066,-0.4,0.0,-0.2190282097852496,-0.0973566676794712,-0.2972384272679861,0.0,-0.2217127734342647,-0.2478718084569988,0.5,1,0.12259460503610647
UCIfnYcZpWfA29lReIKrDsFw,3.627333675471946,0.0,0.0,-0.2498354581454088,-0.3166378053200408,-0.3944408953683297,0.0,-0.2217127734342647,-0.2478718084569988,0.0,1,0.14082623722350324
UCIh6nJbibP71pdRvNV6AfCg,1.8818500020254183,-0.4,0.0,-0.146060891357905,0.0925013244908288,0.1539119733030743,0.0,-0.2217127734342647,-0.2478718084569988,0.0,1,0.15318126438689167
UCIhntUb5sVPhbTY0KkvbWfw,-0.0296804338639618,-0.4,0.0,0.0003184915780704,0.6315624094029305,-0.0630612176922721,0.0,-0.2217127734342647,-0.2478718084569988,0.25,1,0.13654806793919688
UCIiSNSUseFm7SN99n7zw_9w,-0.2756623514600425,0.6,0.0,8.53500636393242,0.1369992914057428,0.0703357224111267,0.0,-0.2217127734342647,-0.2478718084569988,0.0,1,0.11114789816695231
UCIjz6hUaP8qHamCESVTXuJQ,-0.3242250320807751,2.6,0.0,1.8727885211985973,-0.2079658997251146,-0.235341523282476,0.0,-0.2217127734342647,-0.2478718084569988,0.25,1,0.09927780317617135
UCIkBmLnAvv2fApQ1WSuclDQ,-0.0343288138191474,0.4,0.0,-0.01326382821302,-0.3965525214121314,-0.4921452457688485,0.0,3.430568183138479,2.160476403912765,0.5,-1,-0.039649543751658634
UCIlWLFsf3XF-ZzNLtWAQUEg,0.6012549791002274,0.8,0.0,-0.2025972745565549,-0.1222447080491979,-0.0301233677525529,0.0,2.517497943995293,1.6788067614388125,0.5,-1,-0.016651466618032962
UCImBsxvOXfK2QwTwBkhvHjA,-0.1297530367205293,-0.2,0.0,21.949001180667807,-0.4417568052622028,-0.5033877646170166,0.0,-0.2217127734342647,-0.2478718084569988,0.0,1,0.06858859627316194
UCIo3_dlfHgNvTGx2MEfOPFA,-0.2164017516866423,0.4,0.0,0.038067309010106,-0.2680028392134908,-0.2928622095699508,0.0,-0.2217127734342647,-0.2478718084569988,0.25,1,0.1572759933884586
UCIp8kFqQRf_1J9zlGCfD6ag,-0.3266611545575423,-0.2,0.0,19.120945637195003,-0.4410504883270454,-0.5463147198769881,0.0,-0.2217127734342647,-0.2478718084569988,0.0,1,0.07050647672346666
UCIrBoaQsbP6I-BklX-hBoXw,-0.0882958311473843,-0.4,0.0,0.3975099292692678,0.0365610232263653,0.0532898603004649,0.0,-0.2217127734342647,-0.2478718084569988,0.0,1,0.16821838147475698
UCIsz8huZX0674iyT5Qrq0RQ,-0.1295692317745167,-0.2,0.0,0.0078010473234218,-0.1443973755609517,0.036440233610568,0.0,-0.2217127734342647,-0.2478718084569988,0.5,1,0.11727408044627408
UCIuW9GPH7Xf7MnjyRdCyiRg,5.311270859515455,0.8,0.0,2.1573857798460345,1.0223739906885478,1.3728444332933722,0.0,-0.2217127734342647,-0.2478718084569988,0.0,1,0.04546714498340987
UCIut4kCQ2XHoqQNlZeyxltA,-0.2821443035753873,4.6,0.0,0.7802275154557052,-0.2891923472682117,-0.3034998367685785,0.0,0.6913574657089212,0.7154674764909068,0.0,1,0.0494088484907918
UCIv96egh9ZEqq0LGZCfTs9Q,0.2645934055285329,-0.2,0.0,-0.1370105524675681,-0.3047313198416738,-0.2920379990353288,0.0,-0.2217127734342647,-0.2478718084569988,0.0,1,0.17254344883605882
UCIzEDge8YALYLYR-cdbvmTg,-0.2940711237453058,2.4,0.0,1.6546134898282494,-0.0216097525701738,0.166325730639327,0.0,-0.2217127734342647,-0.2478718084569988,0.0,1,0.1282598138025513
UCJ-PRvq0JvqP5lTSPghNlvg,1.313733353898745,0.0,0.0,-0.2349350630523357,-0.0060601586894162,0.3464242089513846,0.0,-0.2217127734342647,-0.2478718084569988,0.25,1,0.13926794301778905
UCJ-fC7bPLw5uCm2z6mRVzCw,-0.2592129870287469,2.2,0.0,0.4955844829218676,-0.312265367150019,-0.5120199107507013,0.0,7.082849139711223,6.495503186178341,0.5,-1,-0.13427611009185902
UCJ0jTXCPEbm2FtHqWj_09wg,6.846072364428691,0.0,0.0,-0.2422353928915719,0.0139185203336064,0.356487628630018,0.0,0.6913574657089212,0.7154674764909068,0.0,1,0.04259023525304462
UCJ10H7JDjKikK7LG1ItesPA,7.252456010807008,1.4,0.0,3.07895321792154,0.5811919216842795,0.8539671138729251,0.0,-0.2217127734342647,-0.2478718084569988,0.0,1,0.04441793941471772
UCJ1CyNmjy1SGIFeORxlyPAg,-0.3143165316064951,-0.4,0.0,6.714972626568686,-0.1490590673329903,-0.2339035997298094,0.0,-0.2217127734342647,-0.2478718084569988,0.0,1,0.14365105994908717
UCJ1f4W-pr94N6mMaTdVMOUw,8.926072758296431,6.0,0.0,-0.2372036373549283,-0.0516789605863753,0.5973249058353816,0.0,-0.2217127734342647,-0.2478718084569988,0.0,-1,-0.022062940096214456
UCJ1w_7wVsY95U__eo0xdpbg,0.48454480607527,0.0,0.0,-0.1549611340755815,-0.2512530376083303,-0.2484830740688885,0.0,-0.2217127734342647,-0.2478718084569988,0.0,1,0.17291470785061475
UCJ22QVKUqxACcXxeDY11P5g,0.1160993337357174,0.2,0.0,-0.1451763939702787,-0.5062082255953124,-0.5474252291128098,0.0,-0.2217127734342647,-0.2478718084569988,0.25,1,0.1370975849665111
UCJ4S0vDCeOUQQbEBSuTr_Vw,0.0828039514431575,-0.4,0.0,0.1105614679661679,0.4145818469225876,0.7046535261215722,0.0,-0.2217127734342647,-0.2478718084569988,0.25,1,0.12724401614486147
UCJ5RYEq9Vj0T-VfihkqY6rw,-0.2629495126665986,1.4,0.0,0.4163121121245804,-0.3102809529036245,-0.4199078735564103,0.0,-0.2217127734342647,-0.2478718084569988,0.25,1,0.1350498183812558
UCJ7IhXj8cs02NFkdDYDOYzw,-0.2741790205948231,2.0,0.0,1.637970051563158,-0.2200563837328084,-0.1172915685113684,0.0,0.6913574657089212,0.7154674764909068,0.0,1,0.09184607608007106
UCJ8efZFZ8NgCHhUAigzqI5w,-0.2778298359387912,-0.4,0.0,0.1398760784249212,-0.3465452824029899,-0.3365667684503155,0.0,-0.2217127734342647,-0.2478718084569988,0.0,1,0.17031753448722436
UCJ9igqsG4YRsPVP6ypfA--g,-0.221054608941795,1.0,0.0,0.2106052239293365,-0.3269803032991308,-0.3902944132866963,0.0,-0.2217127734342647,-0.2478718084569988,0.25,1,0.14121958219554281
UCJA0xWV0LuNTFwKdeX_c1pg,-0.1103184914480956,2.6,0.0,0.1305717929660373,-0.1876239719925825,-0.1938494167424649,0.0,-0.2217127734342647,-0.2478718084569988,0.25,1,0.11268211562680097
UCJAvjBImqTOxcKhRa4dfXBA,0.5106933824553217,-0.4,0.0,-0.1284627635478136,0.0704642361139189,-0.064720265433557,0.0,-0.2217127734342647,-0.2478718084569988,0.25,1,0.14989640466142717
UCJB36JSkIPDSaZdTMuEquqQ,0.181187492887184,0.2,0.0,-0.1588335499592654,-0.2386906864044601,-0.3888066145852602,0.0,-0.2217127734342647,-0.2478718084569988,0.5,1,0.11436267479721929
UCJBkt9-oZdjebUNjUBcqt8A,0.7486896820892542,0.4,0.0,148.25860521181818,-0.4389315375215733,-0.6003272946293761,0.0,-0.2217127734342647,-0.2478718084569988,0.0,-1,-0.0806798870141947
UCJCLl_yLTgIHySnhujMBxbQ,0.0200529428744511,-0.4,0.0,-0.1553776847256433,-0.3906194591568094,-0.525499141311893,0.0,-0.2217127734342647,-0.2478718084569988,0.0,1,0.1597391931253005
UCJFhyccskiDJ5AJ5sKNHDiw,2.8431111056795686,5.8,0.0,1.6899286789242924,0.2239469061236145,0.6716259249459802,0.0,-0.2217127734342647,-0.2478718084569988,0.0,-1,-0.006920163321200712
UCJHEjhVZD_8xbKaYvsLkMGg,1.6155123936005404,-0.4,0.0,-0.236860873888618,-0.2863670795275823,-0.4802142037875249,0.0,-0.2217127734342647,-0.2478718084569988,0.0,1,0.1592412505162612
UCJJlnST3Sdk0Wi319dCPX-A,-0.2992431121492607,1.6,0.0,1.0878542330981054,-0.0479144822184555,-0.3128898501776522,0.0,-0.2217127734342647,-0.2478718084569988,0.0,1,0.14912541655441097
UCJKZfNmEW0MWpyw0VRVkz1A,4.92694937038479,-0.4,0.0,-0.2426355856526821,-0.4389315375215733,-0.4410093298944912,0.0,-0.2217127734342647,-0.2478718084569988,0.0,1,0.12909416278169578
UCJMgVeEoQkWL_ppHrSN5QQQ,7.42222452043143,-0.4,0.0,-0.2546876046398033,-0.4753774913756933,-0.5529259797003396,0.0,-0.2217127734342647,-0.2478718084569988,0.75,-1,-0.020838195367997914
UCJNU85vNbc0XVLVUFh_n8xA,0.2421267855889911,-0.2,0.0,-0.1625637468454365,-0.000308720788849,0.4640452070138094,0.0,-0.2217127734342647,-0.2478718084569988,0.5,1,0.1011039562140178
UCJNkqBt4Cly0S1ugI5xg_-w,-0.3185072843755828,-0.4,0.0,7.787297642189664,-0.282129177916638,-0.3136342940632248,0.0,-0.2217127734342647,-0.2478718084569988,0.0,1,0.1371967031436605
UCJO5OTLmo7wOAm9kAdZK_Dw,0.0396833111085982,-0.4,0.0,-0.0866711281633614,-0.2049993685974537,-0.1672902495887575,0.0,-0.2217127734342647,-0.2478718084569988,0.0,1,0.17198072428660582
UCJOMnbsM59uzLl7cUtQl2WA,-0.1792688680945183,0.8,0.0,-0.0956402237443117,-0.3765188047058497,-0.3830044852575744,0.0,-0.2217127734342647,-0.2478718084569988,0.25,1,0.14163128605659975
UCJPQGeUxT9LaCYa5r7HMuWA,-0.2523155886059403,-0.2,0.0,0.067910387816326,-0.3209766093502931,-0.3844833665552349,0.0,-0.2217127734342647,-0.2478718084569988,0.25,1,0.15467533199211636
UCJQr0Ol9FKFUvy9Y8ygJeGA,-0.3374349521622817,-0.2,0.0,4.318423313132669,-0.3732440625519382,-0.4601016410050669,0.0,-0.2217127734342647,-0.2478718084569988,0.0,1,0.14915103631259602
UCJQw9j7CYrxv4rjVazw-KFg,-0.3034312391334053,5.6,0.0,0.8493655658549336,-0.246577892180384,-0.3578838644596405,0.0,-0.2217127734342647,-0.2478718084569988,0.25,1,0.05178137833211638
UCJR3ooZUg4yyhK9TkbuK0-w,-0.1904228077466928,-0.2,0.0,0.2378499662620494,0.0893935299761363,-0.1611785574630502,0.0,-0.2217127734342647,-0.2478718084569988,0.25,1,0.14920546621851966
UCJS4DGBn25_RSHFUNDo1agA,0.0555585116676108,1.2,0.0,-0.1298318736428129,-0.3020147162449147,-0.3395698746750951,0.0,0.6913574657089212,1.6788067614388125,0.25,1,0.05842650860786902
UCJTojC31Q7K7zBE37-ZSxjw,6.486903361078043,-0.2,0.0,-0.2476559993762756,-0.2220922384282619,0.2385223151553626,0.0,-0.2217127734342647,-0.2478718084569988,0.0,1,0.12251876166517328
UCJULrzO4zV57_AVJRbDnznA,-0.3179279245321783,2.0,0.0,0.4489159635006153,-0.3870795648700208,-0.5076553189560226,0.0,1.6044277048521072,2.160476403912765,0.0,1,0.0395267904370622
UCJUpTjrz2fKlscksJWWle4w,-0.1859991175556393,0.2,0.0,3.795973142587845,-0.2291554077798356,-0.3753722075359669,0.0,-0.2217127734342647,-0.2478718084569988,0.0,1,0.1535370345524114
UCJWF7zV80aFlZwc9Xz8_V6A,-0.226771245737973,0.0,0.0,-0.0636878935289626,-0.4195582730143998,-0.3933637440673567,0.0,0.6913574657089212,0.7154674764909068,0.25,1,0.09204959391775747
UCJX0Z73fXAvEfyZ7BLRTbVQ,0.265704011567709,-0.4,0.0,-0.1723922471544628,-0.245683224062518,-0.3683155496058894,0.0,-0.2217127734342647,-0.2478718084569988,0.0,1,0.16950693001848854
UCJXaNoaAAekMOjiTA52DocA,-0.0985400281274587,0.0,0.0,15.670483426310572,-0.3977633504438296,-0.3675337958831774,0.0,-0.2217127734342647,-0.2478718084569988,0.0,1,0.09658526439015136
UCJYFMvBeWFACoaJ42LSXMXA,-0.2359095832901144,-0.4,0.0,0.4400207052972976,-0.4016380033452644,-0.5314998649510154,0.0,-0.2217127734342647,-0.2478718084569988,0.25,1,0.13844067924194164
UCJYQ9HhkLAqIicJ9DrmsdLQ,-0.0959774640065115,-0.4,0.0,0.0658960526315971,0.1848875796094121,0.0634384378130701,0.0,-0.2217127734342647,-0.2478718084569988,0.25,1,0.14720684143958723
UCJZC8Ne57-pQv0wY3la_zxQ,-0.2290200790540916,0.2,0.0,0.5923012856667059,0.0314755412932323,0.1553766221605779,0.0,1.6044277048521072,1.1971371189648596,0.0,1,0.06651052837617583
UCJZmMp35VWVxoxVwKhbp7PA,5.103830525469528,-0.4,0.0,-0.2429662229543477,-0.1838098605427327,-0.3700507737071019,0.0,-0.2217127734342647,-0.2478718084569988,0.0,1,0.13441441020333345
UCJaMo-yoEyrfsojR3--qRLg,-0.24196595626123,-0.2,0.0,-0.080337735928205,-0.5060316463615231,-0.5307310342915138,0.0,0.6913574657089212,0.7154674764909068,0.0,1,0.09071480734572834
UCJbzOc5EU4CP3eTp7xwc_CQ,0.4126188336208579,0.4,0.0,0.0389225356429026,1.098955869294398,0.9180092972095488,0.0,-0.2217127734342647,-0.2478718084569988,0.0,1,0.10728060714165283
UCJd1jEOP47wUCypDh3zVFjQ,-0.272952588010395,1.2,0.0,2.003006609303945,0.2401106975243312,0.4146549670707842,0.0,-0.2217127734342647,-0.2478718084569988,0.0,1,0.12576637850317596
UCJdTxETmZZxm1evck_IA6uw,1.9802733089625728,-0.4,0.0,-0.2460369571256177,-0.4338460555884402,-0.4186878519432881,0.0,-0.2217127734342647,-0.2478718084569988,0.25,1,0.12567319801570181
UCJeO8r3kD3jEHecuOAcQ_ag,-0.3510827907410365,0.8,0.0,11.939154905986737,-0.2663333628213006,-0.4703954186163541,0.0,-0.2217127734342647,-0.2478718084569988,0.0,1,0.10699491133938854
UCJeX9EdxerDA_UwTXh_NpZA,0.0773200248375561,0.2,0.0,-0.113126236468678,0.2322461301117136,0.5373249987974554,0.0,-0.2217127734342647,-0.2478718084569988,0.0,1,0.14943652734097918
UCJelg0VQxWMY2RQz54c5weg,-0.2523417454636421,0.6,0.0,0.7299844071640327,-0.1651630934545783,-0.1100336733875317,0.0,-0.2217127734342647,-0.2478718084569988,0.25,1,0.1438342377991001
UCJfJAewcxF60YrGvDtpJTpg,0.9333538346542348,1.2,0.0,-0.2135136242994637,-0.0441547028405409,-0.0654991954577606,0.0,-0.2217127734342647,-0.2478718084569988,0.25,1,0.13003038755137492
UCJhN9x3_1hDvxASC1Z41ETA,-0.1678353007080428,-0.4,0.0,0.3554097979788872,-0.0651486154362952,-0.1351870609470916,0.0,-0.2217127734342647,-0.2478718084569988,0.0,1,0.1673869208671741
UCJi_YSz_syE4_-zEEHpuFzQ,1.2255518201401794,-0.4,0.0,-0.0731913402361235,-0.3796009149683546,-0.4873187762500195,0.0,-0.2217127734342647,-0.2478718084569988,0.0,1,0.15799180761072473
UCJicAXh0_sdGP5zOmkNWEQw,0.7080044572893622,0.6,0.0,-0.0148609196968948,1.0218731477708909,1.6714282438366057,0.0,-0.2217127734342647,-0.2478718084569988,0.0,1,0.07242651084209495
UCJjr7Fvt9itt4LMeU7EYTpw,-0.0179572130188573,-0.2,0.0,2.9894933767353757,-0.0970741409054082,-0.110714275056479,0.0,-0.2217127734342647,-0.2478718084569988,0.0,1,0.15895275479106358
UCJkCKwWQTe1gmTrss409nZg,-0.1369815196935254,-0.4,0.0,0.1622810078636169,-0.3050138466157368,-0.4394761326017058,0.0,-0.2217127734342647,-0.2478718084569988,0.25,1,0.149925070878192
UCJkVKu8RezbgbOZ6O_yjBrg,1.3130168175844816,0.6,0.0,-0.1868774205355398,0.3382996179255921,0.3791169901506819,0.0,-0.2217127734342647,-0.2478718084569988,0.5,1,0.07168819751462302
UCJkq1E0mhfWHEW8b5_OQ0Og,0.4282420183845634,0.6,0.0,-0.131356988389325,0.5764696884606559,0.6138614564502858,0.0,0.6913574657089212,0.7154674764909068,0.0,1,0.07580425630895182
UCJlZJIc14IZ7jKkKTuicCiA,-0.2550780578805772,2.4,0.0,0.4861940620259338,-0.1857726781309595,-0.2288010954717351,0.0,-0.2217127734342647,-0.2478718084569988,0.5,1,0.07698827936512598
UCJl_BAwNPpp7c7knvzz9xqA,-0.2071985437808441,-0.2,0.0,0.2712636958152997,-0.164174249745358,-0.2263430083177125,0.0,-0.2217127734342647,-0.2478718084569988,0.0,1,0.17362006954727588
UCJmuTfLf2YxbTLVaKdVQeGw,-0.2178887707301849,9.8,0.0,1.5657432734125676,-0.2939347609756969,-0.350838247446452,0.0,-0.2217127734342647,-0.2478718084569988,0.0,1,0.010621380851616513
UCJnEET48xtf1DFr3ULx605w,0.9336964296719504,-0.4,0.0,-0.2236617643887356,-0.1694009950655225,-0.0857506036388659,0.0,-0.2217127734342647,-0.2478718084569988,0.0,1,0.16578464015962113
UCJp5UaAYXanpEWtSzQOEbXQ,-0.3473860458980896,0.2,0.0,18.78172422519305,-0.4622399963817664,-0.5076657238876542,0.0,0.6913574657089212,0.7154674764909068,0.0,1,0.007436501022930031
UCJrO9dyQQnKjRNOxAKho5ZQ,-0.2686494858275612,-0.2,0.0,20.93705568553137,-0.3499356036917452,-0.4483423907636784,0.0,-0.2217127734342647,-0.2478718084569988,0.0,1,0.0817362681249385
UCJrd0Li-F3K3VgT-YL1t5RQ,-0.1139665777876335,1.8,0.0,0.3518276658860249,4.66826964136755,3.795095091259805,0.0,-0.2217127734342647,-0.2478718084569988,0.0,-1,-0.0965778670233488
UCJs1iZV0tf7Yuj6NjJNnvzA,-0.0882449313161808,-0.2,0.0,-0.0652340874261086,0.2426643049052848,0.2589594195344518,0.0,-0.2217127734342647,-0.2478718084569988,0.25,1,0.14300407293610273
UCJt38Oo-PA6VEu0w3wkSaTA,0.3209854699073028,-0.4,0.0,-0.1032630297723682,-0.4177420294668523,-0.4858277185270128,0.0,-0.2217127734342647,-0.2478718084569988,0.0,1,0.16418090172600158
UCJtmGL916BF9-EousyS3BHQ,-0.0007057049513734,0.6,0.0,-0.0188849903483436,-0.2096610603694923,-0.3202105997088526,0.0,-0.2217127734342647,-0.2478718084569988,0.5,1,0.1160844800362178
UCJvK-fWapn0Wxcn-9WLybJw,-0.0931682780843758,0.0,0.0,-0.073883070917444,-0.0520716618939531,-0.2702946464382844,0.0,-0.2217127734342647,-0.2478718084569988,0.0,1,0.17164403461318345
UCJwSwlV2b-wNMiy4Kyq45fA,0.4047744694230815,0.0,0.0,56.90393193062469,-0.437720708489875,-0.5712138244740781,0.0,-0.2217127734342647,-0.2478718084569988,0.0,-1,-0.039231493164203934
UCJxaNTe5NEF1ewIv1qCbIKQ,-0.0036324452455742,-0.4,0.0,-0.1074642282081067,-0.3957049410899425,-0.4376381968646479,0.0,-0.2217127734342647,-0.2478718084569988,0.5,1,0.11320274347379533
UCJy6XBK4s2e9qY3wBclOeMg,0.2303159039234805,0.6,0.0,-0.2023112503915724,-0.0070893633663597,-0.0181578280605141,0.0,-0.2217127734342647,-0.2478718084569988,0.25,1,0.14687813630210805
UCJydCjxYk8EXl5DGwxsArsg,1.2387030640273815,-0.2,0.0,-0.2212613720021374,-0.2524638666400287,-0.2696928742537814,0.0,-0.2217127734342647,-0.2478718084569988,0.0,1,0.1685392637953247
UCJz3aHk2yzhYnn79l_vMaHw,-0.2177673281765694,-0.2,0.0,0.1217165084792557,-0.5017937447505788,-0.528141398823675,0.0,-0.2217127734342647,-0.2478718084569988,0.25,1,0.14155167220052772
UCJzcjyFJfsc5yIGPFdCFOHQ,-0.0936445550763514,-0.4,0.0,1.6676033154290937,0.0619884328920305,-0.1058060662263935,0.0,-0.2217127734342647,-0.2478718084569988,0.0,1,0.16313000745883038
UCK-MpPSnKHIbevDsJizLN4A,2.28610070309616,-0.4,0.0,-0.2471417776940054,-0.4262178326887407,-0.4169059050832626,0.0,-0.2217127734342647,-0.2478718084569988,0.25,1,0.12353405285845803
UCK036Q0eohGBZC_N5DHYkSA,0.1687325617205972,0.0,0.0,0.6942548331807488,-0.274864203726448,-0.4721135459194394,0.0,-0.2217127734342647,-0.2478718084569988,0.0,1,0.16806290538716878
UCK0y3iTYCC0niTi0QS3p_rw,3.133384140912477,0.0,0.0,-0.230415260418902,-0.4570939729970484,-0.5129651279268846,0.0,-0.2217127734342647,-0.2478718084569988,0.0,1,0.13596254506640115
UCK2rn6pdf5jMmgPFaX_vU1g,0.6538406744099453,-0.4,0.0,-0.2323948307211986,0.2993109231049055,0.4181061376136299,0.0,-0.2217127734342647,-0.2478718084569988,0.25,1,0.12916748289222996
UCK42_mpjxeX6oX0GzQ1N6LQ,-0.2372026813828317,0.0,0.0,0.1087326098020439,-0.0156711141285218,-0.1799162199831738,0.0,-0.2217127734342647,-0.2478718084569988,0.0,1,0.16801578479845036
UCK8D-7ipayTAflMD09NlI-Q,6.5174423761225135,0.2,0.0,-0.1750257864355578,-0.0967209824378295,-0.3012633610326182,0.0,-0.2217127734342647,-0.2478718084569988,0.0,1,0.13168300975820313
UCK8Fy84XupSnTEPsQbYRodg,-0.3520026723706148,0.4,0.0,21.08819711991548,-0.0273842033032147,-0.1175294339261311,0.0,-0.2217127734342647,-0.2478718084569988,0.0,1,0.07422160200300965
UCK8Ie3Wzo_v79xCBgYMaWrQ,0.1780884354560964,-0.4,0.0,-0.1315397687427656,-0.1888953424758657,-0.1921842364738854,0.0,-0.2217127734342647,-0.2478718084569988,0.25,1,0.15864496561087432
UCKAR1Xzu55ZGZe6pZVg-Cyg,0.0369941033600137,-0.4,0.0,-0.0955358774129399,-0.1143082741232479,-0.1184731647909441,0.0,-0.2217127734342647,-0.2478718084569988,0.25,1,0.15931042897933084
UCKBYRwVjh6bn9dJyMoeDr6A,-0.2253889797175155,1.2,0.0,0.057610542487265,-0.0686041352113728,-0.1704634720557653,0.0,0.6913574657089212,0.7154674764909068,0.25,1,0.0927616082909406
UCKBeO4KkYnTEnYJPFGQZitQ,-0.2927491420182151,-0.2,0.0,9.381784633592856,0.1974600210552133,-0.1562128634439154,0.0,-0.2217127734342647,-0.2478718084569988,0.0,1,0.11003355247213625
UCKCG91b9Yez3AEaVqwcFfBg,-0.3341941275922021,0.0,0.0,1.534528081129112,0.1834345847713742,-0.0897861079006584,0.0,-0.2217127734342647,-0.2478718084569988,0.0,1,0.1545330434765405
UCKCncIyOS831QUoacCrJLPA,-0.0373196501970861,-0.4,0.0,0.5493961356848854,-0.0744719989803725,0.0188070223775087,0.0,-0.2217127734342647,-0.2478718084569988,0.0,1,0.16853834917077382
UCKE1pFEf1puwkU76z2Z02Og,-0.3377012336866333,0.4,0.0,1.1530280868693792,0.1181170853392026,0.5020992164319181,0.0,-0.2217127734342647,-0.2478718084569988,0.0,1,0.1475504322497846
UCKE98tJiYD3_Kkbd8cf7Kbg,2.9399617525873456,0.0,0.0,-0.2501765396181533,0.5430508071857817,0.0664739821474529,0.0,-0.2217127734342647,-0.2478718084569988,0.0,1,0.12684523940003678
UCKED68JWmO_n20tke_BRJQA,-0.1951709338658044,0.0,0.0,0.2647374520204998,-0.1707329070003906,-0.290181308379256,0.0,-0.2217127734342647,-0.2478718084569988,0.5,1,0.11718486297358388
UCKEdInYW3ajoEzolFDeXesA,-0.1630464749223141,0.8,0.0,0.9493811544072972,0.2375916650982454,0.4853644884916155,0.0,-0.2217127734342647,-0.2478718084569988,0.0,1,0.13804499266910947
UCKEy2jZPzhyM2_mB1xxxgCA,0.5543442293649172,0.2,0.0,-0.2076833703256732,-0.1020183594515097,-0.0658359137189368,0.0,-0.2217127734342647,-0.2478718084569988,0.0,1,0.16161073964914174
UCKF5zVkzv9lG1m5BtqYzmzA,0.7562808263595753,-0.4,0.0,-0.2187095240372537,-0.3601065675580113,-0.3932177943551823,0.0,-0.2217127734342647,-0.2478718084569988,0.0,1,0.1621411387331576
UCKF95oyzOefzQpWOX3C4Pew,1.3297001461869835,0.0,0.0,-0.2402714202083054,-0.3317731682162701,-0.4581413925936922,0.0,-0.2217127734342647,-0.2478718084569988,0.5,1,0.0934671658802621
UCKG2TD8hFxHBZLFj8_upznw,0.948957895727798,-0.4,0.0,-0.2292413037936186,-0.3423073807920456,-0.3109876917878147,0.0,-0.2217127734342647,-0.2478718084569988,0.0,1,0.16618872767600812
UCKG6PCKy5kVATpmSB50VJZw,0.6182388346041353,2.2,0.0,-0.1887948725804385,0.9320296336188738,1.0968243550543886,0.0,-0.2217127734342647,-0.2478718084569988,0.25,1,0.06003522285293361
UCKGU7SRNk6wa13UBT8xMP_A,-0.3076072976059847,1.0,0.0,3.2450531191176224,-0.0327992998060879,0.1639334401691783,0.0,-0.2217127734342647,-0.2478718084569988,0.0,1,0.13323710521401955
UCKH3o0lnmgLJ5erzPFcHkDw,0.0,0.2,0.0,-0.1017184028592584,0.242311146437706,0.5388715509628481,0.0,-0.2217127734342647,-0.2478718084569988,0.25,1,0.13378180653712152
UCKHN3NcDui5tws5VhlTh3fA,0.1883293754529242,0.2,0.0,0.8340563606101067,-0.3112647514918794,-0.396894094540915,0.0,-0.2217127734342647,-0.2478718084569988,0.0,1,0.16143800802888436
UCKIJEO7ZQldZMzjYACzSzXA,-0.2266818680581812,-0.2,0.0,0.0010499628696397,-0.4523515592895633,-0.5403400106147492,0.0,-0.2217127734342647,-0.2478718084569988,0.0,1,0.16072124105499802
UCKJSXnMQv8znickZQpiQyyg,3.5634267829057507,0.4,0.0,-0.2450248388762075,-0.3348675090750547,-0.459948353473579,0.0,-0.2217127734342647,-0.2478718084569988,0.0,1,0.13824258112637594
UCKNK94GclrIH3FYZLBI2cRQ,-0.2583479255456543,-0.4,0.0,0.6084728945950671,-0.3575638265914447,-0.2397831847798678,0.0,-0.2217127734342647,-0.2478718084569988,0.0,1,0.17041646473737943
UCKNXK-jSe7Uws637VrSnDAA,0.844232906910811,-0.2,0.0,-0.2156197301567417,-0.1839511239297642,-0.4136742740851549,0.0,-0.2217127734342647,-0.2478718084569988,0.0,1,0.16522982720852675
UCKQ5aXoMGnL_nNMKn4UhspA,0.0,0.0,0.0,0.0,-0.4050283246340197,-0.4615607255546292,0.0,-0.2217127734342647,-0.2478718084569988,0.0,1,0.16920402196732864
UCKQoepgoXPPXCm4EXBZ0RHw,-0.2328000517781954,9.2,0.0,0.7160723501048377,-0.2396702013994424,-0.3453121993831284,0.0,-0.2217127734342647,-0.2478718084569988,0.0,1,0.018584498837783237
UCKWILPzNeVFhnlHyCfiCzwA,4.649709300892964,3.4,0.0,-0.207705737234774,5.307663046918755,12.370527697936266,0.0,-0.2217127734342647,-0.2478718084569988,0.0,-1,-0.15870344056594377
UCKYzQfwdX_aYo50RUKlwZUA,-0.3393323847588119,1.6,0.0,20.517246234572337,-0.3714076385205291,-0.4968395509190439,0.0,3.430568183138479,6.013833543704388,0.0,-1,-0.1104928273782455
UCK_Bf5cbN8i86JM46h-zOLQ,-0.107875299550328,-0.4,0.0,-0.1380963380667225,-0.0965090873572823,0.0699749468601941,0.0,-0.2217127734342647,-0.2478718084569988,0.0,1,0.16675868261345833
UCKaPp5CQo4Id55X4OIlk65Q,1.7169918112362048,-0.2,0.0,7.700054964844821,0.262441179089691,-0.013910123907893,0.0,-0.2217127734342647,-0.2478718084569988,0.0,1,0.09495375486407953
UCKcUfoeKp75eh9dJKy8KNwQ,0.7864008014742422,-0.4,0.0,-0.1251603902580925,0.35440364404718,-0.0542055179131916,0.0,-0.2217127734342647,-0.2478718084569988,0.0,1,0.14787208546432862
UCKdCoO2xMJpzInq54XcRrSA,1.7001969877653522,-0.4,0.0,-0.2129589734015075,-0.1117655331566814,-0.1553584957488167,0.0,-0.2217127734342647,-0.2478718084569988,0.0,1,0.16272248130480416
UCKga2g4ArDsV3QRzgTVHkTw,0.009122204123501,-0.4,0.0,0.1149726262586738,-0.4313033146218737,-0.4637055342796418,0.0,-0.2217127734342647,-0.2478718084569988,0.25,1,0.14874745977255238
UCKhkVHPnUxB4VDK23fqafzg,-0.2085611746786876,1.0,0.0,0.3422469593274374,0.1571999557512434,0.1267233389473466,0.0,-0.2217127734342647,-0.2478718084569988,0.25,1,0.13482571741015942
UCKj4L52BQ2eLJ45IHSH-uyw,2.2611597858064485,-0.4,0.0,-0.2456361520236275,0.1628504912325024,0.6872230235319712,0.0,-0.2217127734342647,-0.2478718084569988,0.0,1,0.12963616198168698
UCKjHuspfgaAH7EOnEwH0a1g,-0.2885145588389244,0.2,0.0,4.847895978526643,0.1607315404270303,0.111820137745074,0.0,-0.2217127734342647,-0.2478718084569988,0.0,1,0.12886118541090047
UCKk7L-IIr_H-TS0C2FPk-2g,0.6502597770258328,0.4,0.0,-0.1905984096908329,0.5678055340560588,-0.0321844924379507,0.0,-0.2217127734342647,-0.2478718084569988,0.0,1,0.13802043070945003
UCKkC7aNFOEL4Fzkojh8_zGg,-0.2671127704375808,0.2,0.0,0.4810136004903845,-0.171943736032089,-0.2668461512718096,0.0,2.517497943995293,1.6788067614388125,0.0,1,0.03234457059068785
UCKl2ZSGMKMnIN5QiPAmb9Vg,-0.1432591655419562,-0.4,0.0,0.1613742216517874,-0.2363598405184407,-0.299790493782977,0.0,-0.2217127734342647,-0.2478718084569988,0.25,1,0.15778322024247882
UCKlRPQI_KGGmefo_Esw-9RQ,-0.2661787231878917,-0.2,0.0,0.3289723857104326,-0.2079658997251146,-0.3283794507279003,0.0,-0.2217127734342647,-0.2478718084569988,0.25,1,0.1601777318058999
UCKltxhASFYKqfH-B0xSzXRQ,-0.2267433720208854,-0.4,0.0,0.0043312143189034,1.4782951512695806,1.6207716913832722,0.0,-0.2217127734342647,-0.2478718084569988,0.25,1,0.06048932027159132
UCKmKXCwuHwi6TYJRrDYovag,2.551564531085378,-0.4,0.0,-0.2399179295048674,-0.3584114069136336,-0.3311896132878267,0.0,-0.2217127734342647,-0.2478718084569988,0.0,1,0.14971638866046877
UCKmoUByX84VlPofWHGJwPbQ,-0.1793828969371495,0.0,0.0,0.5073101206462665,-0.3559897488502369,-0.377306684120606,0.0,-0.2217127734342647,-0.2478718084569988,0.25,1,0.14829828472476064
UCKnU-wOy9EeFU0_VJeYQ6jg,-0.3153083071053996,3.0,0.0,3.290479334171104,-0.0931572924468082,-0.2795060357021505,0.0,-0.2217127734342647,-0.2478718084569988,0.5,1,0.02897065929856668
UCKnUFvifVMD_Cm9EbP-N8lQ,-0.0069748674946036,-0.4,0.0,-0.0212950134026879,-0.3787533346461657,-0.4678582437391428,0.0,-0.2217127734342647,-0.2478718084569988,0.5,1,0.11189649316127254
UCKnsn7hPNmhCqziJfZTYa7w,3.669608308096204,-0.2,0.0,-0.2520835882854222,-0.1740626868375611,-0.3967256612819625,0.0,-0.2217127734342647,-0.2478718084569988,0.25,1,0.11616488201347108
UCKoNd1bK_QcDaQ9VsOZVauQ,0.4419574020676046,-0.4,0.0,-0.190886873316486,-0.3117944891932474,-0.552841860175555,0.0,-0.2217127734342647,-0.2478718084569988,0.25,1,0.13978117528755152
UCKoOXrdJ8G444u7VYhQ6olQ,-0.3105746870709384,-0.2,0.0,1.143851568934204,-0.1055499441272966,0.0365394606407981,0.0,-0.2217127734342647,-0.2478718084569988,0.25,1,0.14719839048683664
UCKpcGZGw11y6sMkqLACXL-A,0.3394541555355453,0.2,0.0,-0.1675401310408256,-0.2699452107851735,-0.2327480025442436,0.0,-0.2217127734342647,-0.2478718084569988,0.0,1,0.16953038081432953
UCKqErh0-wWVJQ9K-5j4LKsg,-0.054412449763109,0.2,0.0,-0.0731872264585856,-0.2423988503140362,0.0966880342487568,0.0,-0.2217127734342647,-0.2478718084569988,0.25,1,0.15250846996451745
UCKqnolV4Merceiwp1vIfiDQ,-0.031706731906158,0.0,0.0,-0.0006553189681764,-0.4728347504091268,-0.4787008649887433,0.0,-0.2217127734342647,-0.2478718084569988,0.0,1,0.16343870346240047
UCKrGHsSd7KAvY0XzfXYgntg,-0.2795646718523103,0.0,0.0,0.5920233995023814,-0.158019202167558,-0.4043627668748252,0.0,-0.2217127734342647,-0.2478718084569988,0.5,1,0.10298507774810184
UCKruRnsA98g_W9nrwZy41Xw,-0.316857887464441,0.0,0.0,1.5358025312547328,-0.3529626762709911,-0.3918632592656229,0.0,-0.2217127734342647,-0.2478718084569988,0.0,1,0.16389223816344078
UCKsYLVrkoi5XM_ldCuM3nUw,-0.197309938677094,0.0,0.0,-0.0074156227666937,-0.4576993875128976,-0.5074199367961026,0.0,-0.2217127734342647,-0.2478718084569988,0.5,1,0.10383732838201454
UCKumhTl9x-hlvku3EZlCKug,0.2909545694972418,-0.4,0.0,-0.1438246645957603,-0.3770581740017881,-0.4533483226534208,0.0,-0.2217127734342647,-0.2478718084569988,0.25,1,0.1498225363535236
UCKv1S7WgHRFzDxr17RtTCKw,0.0293230746323873,-0.2,0.0,0.1683506460018895,0.117646207382431,0.240919102210707,0.0,-0.2217127734342647,-0.2478718084569988,0.0,1,0.15785899252177826
UCKvz4reZG7X0cKkQa6t_PZw,-0.3111612953309134,3.2,0.0,2.1819202695853748,-0.3132685419274889,-0.4260485955156541,0.0,-0.2217127734342647,-0.2478718084569988,0.0,1,0.12078795120782942
UCKwJJysQwopS4dmdi3zTClw,0.7498759309331358,-0.4,0.0,0.4774159241554317,-0.3948573607677536,-0.4534841502140631,0.0,-0.2217127734342647,-0.2478718084569988,0.25,1,0.1412810141912394
UCKwbC24BFP-f6NLsC3Cv5_w,-0.254550703878927,0.4,0.0,0.0253089936462595,-0.1126131134788702,0.1048308056774186,0.0,-0.2217127734342647,-0.2478718084569988,0.0,1,0.1656175179413426
UCKxQlxka5eaVOR-Xna0e9vg,0.764231804158821,0.2,0.0,-0.1921598820999463,-0.2868379574843538,0.0313419638460004,0.0,0.6913574657089212,1.6788067614388125,0.25,1,0.05323245236492691
UCKxlnGDhVxkjqAQDDn-oaWw,4.722268424157743,-0.4,0.0,-0.2502803850721858,-0.0388736254484412,-0.3168329757890462,0.0,-0.2217127734342647,-0.2478718084569988,0.75,1,0.00825252856896197
UCKxyGnx_ZjvTKbTuB5jVKvg,1.03000668667206,-0.2,0.0,-0.2182039054145969,-0.2390438448720387,-0.2262149741329219,0.0,-0.2217127734342647,-0.2478718084569988,0.25,1,0.15634241171533403
UCKyrQ7sZrzynReVrxLJQXDg,0.2780783260869583,-0.2,0.0,-0.1653917801451237,-0.2058469489196425,-0.1222732109478418,0.0,-0.2217127734342647,-0.2478718084569988,0.25,1,0.16059446472476568
UCKzIVR2hZppwMHFOOjTjMUg,0.1004273110552669,-0.2,0.0,-0.2009770233695854,0.3500244790492043,0.4148516994266895,0.0,-0.2217127734342647,-0.2478718084569988,0.25,1,0.14249810898771587
UCKzMS7xpAWba62Mbso53t3A,-0.3431894608566766,-0.4,0.0,20.640697966107325,-0.3406122201476679,-0.4067744311307528,0.0,-0.2217127734342647,-0.2478718084569988,0.0,1,0.08046195211839641
UCL1ER-jYd0izRIlPYuQFbMw,-0.0565258531712041,-0.4,0.0,0.1488999399856615,0.1077577702902278,0.2180706308367727,0.0,-0.2217127734342647,-0.2478718084569988,0.25,1,0.14593486799268146
UCL1WcxlDxvedLFkJA2H8fWQ,-0.2951497154065227,0.0,0.0,2.364318368024467,0.3111770476155492,0.7116589369108466,0.0,-0.2217127734342647,-0.2478718084569988,0.0,1,0.1281793605673855
UCL1sLmduA18r2QqGnWYps2g,0.1270452878086844,5.2,0.0,2.2330492751517754,-0.3903883008871216,-0.4197421793304073,0.0,-0.2217127734342647,-0.2478718084569988,0.0,1,0.05455734601652179
UCL2krQC--M9cQ15_ckj6uEw,-0.3367482084079489,0.0,0.0,1.7304027208677313,-0.2282472860060619,-0.3706693295521178,0.0,-0.2217127734342647,-0.2478718084569988,0.0,1,0.16606295020989292
UCL5Ap6B_5sZWDeo-JbOaC-g,-0.0111868285266926,-0.4,0.0,-0.1014527936465381,-0.2626348305062948,-0.1828405368273753,0.0,-0.2217127734342647,-0.2478718084569988,0.0,1,0.17051741752109828
UCL6935wR_nH2qU1HhhBMevA,-0.207371744595356,-0.4,0.0,1.0465591568339003,-0.2914525614607153,-0.2310070104166225,0.0,-0.2217127734342647,-0.2478718084569988,0.0,1,0.17138141527638334
UCL6faS2AxWRHyhe9PST-BGA,-0.3218655164206678,0.8,0.0,2.8333762651628893,0.2556990628904615,0.1072035891416508,0.0,-0.2217127734342647,-0.2478718084569988,0.25,1,0.10039003323090212
UCL9DzZ00vJegnZue-sTdLYQ,1.0374507869855707,-0.2,0.0,-0.2323858891322437,0.5527374394393684,0.8409633413318559,0.0,-0.2217127734342647,-0.2478718084569988,0.25,1,0.11384582789515574
UCLAbDYTF06nFXXtUKvhhh_A,-0.2241814138503095,-0.4,0.0,0.1293413116303246,-0.3482404430473675,-0.3876092078515357,0.0,-0.2217127734342647,-0.2478718084569988,0.5,1,0.1124574263222975
UCLAdj5BwJOuPbRSAymyZ0gw,0.1350611114787436,-0.4,0.0,-0.20278999850896,0.0696166557917301,-0.1007556628078894,0.0,-0.2217127734342647,-0.2478718084569988,0.25,1,0.15399296889262892
UCLAydouMu612cGgFtZSFB2g,0.346677159707266,-0.4,0.0,-0.1820192860580745,-0.1363453625001577,-0.2443448561972691,0.0,-0.2217127734342647,-0.2478718084569988,0.0,1,0.17144173019010855
UCLAzDSXXhkaffpsZgskYBSg,-0.1775387879733087,-0.2,0.0,-0.0578225127722115,-0.0956615070350934,0.1362355793125885,0.0,-0.2217127734342647,-0.2478718084569988,0.0,1,0.1672194071570282
UCLC2l-SBIcOUEr7fnapodEg,-0.244598305666625,0.0,0.0,0.0085153819809953,-0.3015024424238115,-0.2938674894894083,0.0,-0.2217127734342647,-0.2478718084569988,0.0,1,0.1722503158820663
UCLCKgdY-CupG8q06lnv_uLw,0.2771893463961473,0.2,0.0,-0.1070684631368417,-0.3043781613740951,-0.2381494438433067,0.0,-0.2217127734342647,-0.2478718084569988,0.0,1,0.16899163837122927
UCLDC3YLAhzljtL3tElB_3lg,-0.3252472703574453,-0.2,0.0,3.460539264769145,-0.374656696422253,-0.4272075821880843,0.0,-0.2217127734342647,-0.2478718084569988,0.0,1,0.1538790982933999
UCLDKpaAlA0Ap6V4hQP_-8IQ,-0.3265020925850314,-0.2,0.0,0.6632011765503599,-0.0144350594919964,-0.2023748799745047,0.0,-0.2217127734342647,-0.2478718084569988,0.0,1,0.16904825665461526
UCLEcCbIAoe-08hV4RRHvWLw,-0.2220407931713627,-0.2,0.0,0.0607466404514475,0.0985756501331821,0.33983987866943,0.0,-0.2217127734342647,-0.2478718084569988,0.0,1,0.15734192767384408
UCLEkptekQRH0pLYhQg1TQrQ,3.000399242637779,1.0,0.0,-0.2513298693730056,0.2617348621545337,0.3971454240763011,0.0,-0.2217127734342647,-0.2478718084569988,1.0,-1,-0.021278076876173335
UCLEna8M8WAfgWliReqL-sug,19.81599772197619,0.0,0.0,0.0448764255926067,0.4286274636902884,0.4964092793878593,0.0,-0.2217127734342647,-0.2478718084569988,0.0,1,0.021697626672066983
UCLFHCsLpHqjpm4ZHkTnXZBA,0.1039231397400067,-0.2,0.0,-0.1746153675001249,-0.4700094826684974,-0.545447335938899,0.0,-0.2217127734342647,-0.2478718084569988,0.25,1,0.14144539348850171
UCLGPv4eWxcoGspJMW-R8fGw,-0.0657156965049204,2.8,0.0,0.0563392053353717,-0.1717419311934726,-0.2077524092843696,0.0,-0.2217127734342647,-0.2478718084569988,0.25,1,0.11616894786666837
UCLGi8FtHW9VDu23UgFSZsdw,0.7210164335828553,-0.2,0.0,-0.1826911042583175,-0.1627616158750432,-0.1851379224562627,0.0,-0.2217127734342647,-0.2478718084569988,0.0,1,0.16971607685369205
UCLHH7O65atyGeiiAvdeuYgA,2.6742409006488965,-0.2,0.0,-0.2503075726562793,0.1261220106043194,0.4587595957657675,0.0,-0.2217127734342647,-0.2478718084569988,0.0,1,0.1373718583922856
UCLHODIo7vxDr1nws64huSTA,-0.2371566291546,-0.4,0.0,0.6586069855914986,-0.3033186859713591,-0.416851517716746,0.0,-0.2217127734342647,-0.2478718084569988,0.25,1,0.1483588729052705
UCLKO63b6ffdn5q84ftPRb7w,-0.0596084741984656,0.2,0.0,-0.0560883017589829,0.132125704553157,0.7975506453527373,0.0,-0.2217127734342647,-0.2478718084569988,0.0,1,0.14441375358027253
UCLMIFbJIUEn4oaMy5Mvy8TQ,-0.1513013388721081,-0.4,0.0,-0.0918757725414631,1.211307349780096,2.342985342811396,0.0,-0.2217127734342647,-0.2478718084569988,0.0,1,0.06465116073287808
UCLOAAt2Dn6tuY77ckWiKpxA,-0.3015385531481183,0.6,0.0,1.068955024432642,-0.0380260451262524,-0.2458634468939703,0.0,-0.2217127734342647,-0.2478718084569988,0.0,1,0.15914599642326543
UCLPrt2I7dVmli5WeJAEu9pw,-0.1325666662787224,-0.2,0.0,-0.0532977805400357,-0.4353999528457865,-0.4104521041099729,0.0,-0.2217127734342647,-0.2478718084569988,0.25,1,0.15126626148511263
UCLRGB5QAOLLZGF5wM3mrd3g,0.7347598929664412,0.0,0.0,-0.1862187388841236,0.1204714751230604,0.1167426998089635,0.0,-0.2217127734342647,-0.2478718084569988,0.0,1,0.15725016511911455
UCLUt8H_RWr6L2qArTCPIAdg,-0.2312249809682787,0.0,0.0,0.3921322797712772,1.2017418004296796,0.978780701654887,0.0,-0.2217127734342647,-0.2478718084569988,0.5,1,0.03712079209911101
UCLVGqFdlqiUZopgnp6DTWkQ,0.4267086609695582,-0.4,0.0,-0.230077831981098,-0.3863815575458653,-0.4115658542307353,0.0,-0.2217127734342647,-0.2478718084569988,0.0,1,0.1660619151809959
UCLX-iBfkiBa1MtFJkBvxjLg,0.3591094434787191,-0.4,0.0,16.795670692647697,-0.2261888766521747,-0.4117879825892286,0.0,-0.2217127734342647,-0.2478718084569988,0.0,1,0.08458593178657403
UCLXIh_LSDBDz5mZ-5EI9fSA,0.1812696749063147,0.0,0.0,-0.0843481745027385,-0.0593366360841432,-0.0895330478456288,0.0,-0.2217127734342647,-0.2478718084569988,0.25,1,0.1578261064596524
UCLXg9208qefNkM1ptY9MEpA,1.9524183763364609,-0.4,0.0,-0.232285769412893,-0.3406122201476679,-0.2999565307230704,0.0,-0.2217127734342647,-0.2478718084569988,0.0,1,0.15987759427274306
UCL_KO4NMP4tjspOMgQIHRxA,-0.3230763154356599,3.0,0.0,3.1361032149098014,-0.4044504289598001,-0.5142958001133368,0.0,0.6913574657089212,2.6421460463867183,0.25,-1,-0.014334143332404459
UCL_Pw62I9qIhDhm1eno_whg,-0.344531640929483,0.0,0.0,1.3114132761075097,-0.1180618441215128,-0.2933934601184811,0.0,-0.2217127734342647,-0.2478718084569988,0.0,1,0.16787987847816566
UCL_TrpYcl3Lbj209zxlFg1A,-0.2237280283168118,0.4,0.0,0.2803617470641579,-0.3174450246745064,-0.3041006508173632,0.0,-0.2217127734342647,-0.2478718084569988,0.0,1,0.16775114360635068
UCLbajGW4KYIKCUF89LaZOPA,-0.2940884759604888,0.8,0.0,0.5171983673686325,-0.4196683483809179,-0.3913691574334054,0.0,0.6913574657089212,0.7154674764909068,0.0,1,0.10476781778090527
UCLcHUhR-yjQgh1hOGq2xAmA,-0.262459029504803,0.4,0.0,0.3499871630963654,-0.0170248882542401,0.1082403336400809,0.0,-0.2217127734342647,-0.2478718084569988,0.25,1,0.1485131447749255
UCLcaNshR03MPgXpaKZPQtHw,9.42053015501099,0.2,0.0,-0.2516587943030213,-0.2625288829660211,-0.1003599522779837,0.0,-0.2217127734342647,-0.2478718084569988,0.0,1,0.11536242326531809
UCLgDK_z0EeoTdLXEC4_ARaw,-0.0456410656567571,-0.2,0.0,-0.0878080376263176,-0.3054376367768311,-0.3305601372153779,0.0,-0.2217127734342647,-0.2478718084569988,0.25,1,0.16123168067457916
UCLgn78loM1JEeQeA3t1Ok7Q,4.245222481160806,-0.4,0.0,7.79758106648662,-0.2380550011628184,0.0593705183116342,0.0,-0.2217127734342647,-0.2478718084569988,0.0,1,0.08377691370109369
UCLhPVbIGHSInWL156c1a_Qg,1.6304666428180523,0.0,0.0,-0.2459159997651,-0.3578059923977844,-0.4099857631959743,0.0,-0.2217127734342647,-0.2478718084569988,0.25,1,0.13752004054588823
UCLjBBYf8XEYYzUKeB7PfX4Q,0.422696383890652,1.2,0.0,53.881806936376826,-0.5227115924456239,-0.5950709265355624,0.0,-0.2217127734342647,-0.2478718084569988,0.0,-1,-0.046900938207578124
UCLjFChohT8YDwy92945ntFg,-0.2018293185309757,0.4,0.0,0.3168312236978657,-0.2355122601962519,-0.2726908911296594,0.0,-0.2217127734342647,-0.2478718084569988,0.25,1,0.15500933905600217
UCLkLNBPS7TMMYAiNAat8pFQ,0.1244569799780159,-0.4,0.0,0.4516030478334981,-0.3651920494911442,-0.4122012025172595,0.0,-0.2217127734342647,-0.2478718084569988,0.0,1,0.16814126038670385
UCLkWMXPCsuhxaZzTL1RxeFA,0.7703461463821405,-0.4,0.0,-0.221531880142915,-0.266872732117239,-0.2614901393697834,0.0,-0.2217127734342647,-0.2478718084569988,0.25,1,0.15717887270774067
UCLlumAMcmoP3o3OXc7pVSqg,-0.191023001589634,1.6,0.0,0.4277458194231976,-0.3493705501436193,-0.3160169801114955,0.0,-0.2217127734342647,-0.2478718084569988,0.0,1,0.15198125271533414
UCLm6qNhePyDd8xMR77NW0dQ,-0.2246183040681396,-0.4,0.0,0.1858506843368375,0.149289206077481,-0.2281812181339648,0.0,-0.2217127734342647,-0.2478718084569988,0.25,1,0.14211813464720674
UCLnoRyq-YxUT7n8Z9KjytvA,0.1718362395232673,-0.4,0.0,0.1346117281028024,-0.0626058744697287,-0.1628888875988549,0.0,-0.2217127734342647,-0.2478718084569988,0.0,1,0.1687025472722909
UCLpJqfrTcLpvrEme3Vp8-vQ,-0.3597113215072515,5.4,0.0,10.344143992119552,-0.2552060382706396,-0.1296069032557495,0.0,0.6913574657089212,1.6788067614388125,1.0,-1,-0.13319043881486814
UCLqcZGfLm06xYitWZTeF9Ww,-0.2531586877544581,3.6,0.0,0.12291267903392,0.2289617563632318,0.3369347095259536,0.0,-0.2217127734342647,-0.2478718084569988,0.0,1,0.09737273090437037
UCLqhWi2NJ65pHfGhbvmgc1w,0.540905260042995,0.4,0.0,-0.2211946055560089,0.0653787541807859,0.0180975604551149,0.0,-0.2217127734342647,-0.2478718084569988,0.5,1,0.10313818863139618
UCLs-zwOMDNwWaTa8dI4qsjA,-0.1169801996592437,0.8,0.0,-0.035819364041515,0.9541823011306276,0.3481581336732766,0.0,-0.2217127734342647,-0.2478718084569988,0.5,1,0.06358404272715207
UCLsU3Kbv_qpfnclM-EDMv_Q,0.17743249417898,1.4,0.0,-0.086930554309775,-0.0438985659299894,-0.0394061888292035,0.0,-0.2217127734342647,-0.2478718084569988,0.5,1,0.09597785371431017
UCLt7ivYV0_Oe6iOSo-y_UFw,0.3458215577827501,0.0,0.0,46.43712030006039,7.388472737892355,9.71771892165223,0.0,-0.2217127734342647,-0.2478718084569988,0.0,-1,-0.22072238445469095
UCLtCvtRATucCy5GfFV3NDvA,-0.3124459628097668,-0.4,0.0,2.813373874177412,0.349318162114047,0.2101568272120132,0.0,-0.2217127734342647,-0.2478718084569988,0.0,1,0.13800359842162396
UCLxf7BbSIQzwlp-4Nzd76zA,-0.3150438634050083,2.4,0.0,0.8758632795778667,-0.073133714261127,-0.1796010436750089,0.0,-0.2217127734342647,-0.2478718084569988,0.25,1,0.11210163222366792
UCLxmocXutWCN0e3HELNrDJQ,-0.2213366788397143,1.6,0.0,0.7634175074922502,-0.3660396298133331,-0.3620049295798982,0.0,-0.2217127734342647,-0.2478718084569988,0.75,1,0.03360699369093195
UCLzjELvRi3-FYl8nLIujqjQ,0.760323592582386,0.4,0.0,-0.1932200785389858,-0.2712989849108917,-0.2582677476381018,0.0,-0.2217127734342647,-0.2478718084569988,0.0,1,0.16600254455826308
UCM-1CgVJYCMnDUUof06arkQ,0.1070449960538209,0.6,0.0,-0.1641132006799274,-0.3240844038649856,-0.395676413324897,0.0,-0.2217127734342647,-0.2478718084569988,0.5,1,0.1099747756207522
UCM-5cLUaC9H7zz2-pSp9wxA,-0.0676490569088924,0.2,0.0,0.1842849906789483,-0.5279274713514014,-0.6003272946293761,0.0,-0.2217127734342647,-0.2478718084569988,0.0,1,0.14238396157001998
UCM-KCKTyhibGDR-Gu8uYwjg,0.9943432250798624,3.4,0.0,-0.2096723847353952,-0.0370372014170321,0.0594296089518461,0.0,-0.2217127734342647,-0.2478718084569988,0.0,1,0.10540128776058927
UCM0xjvQEw0uaGcJuqV81cww,-0.2962944566499584,-0.2,0.0,0.602698868697456,-0.1648805666805153,0.3306793313118662,0.0,-0.2217127734342647,-0.2478718084569988,0.0,1,0.1578754130278605
UCM1e0HvRXcTS-wLT7BxsahQ,0.906965534984916,-0.4,0.0,-0.2188879976988093,-0.2346646798740631,-0.4197897757420523,0.0,-0.2217127734342647,-0.2478718084569988,0.0,1,0.16468408201220058
UCM2IiH-NaaZ0ttd6tdcXCow,0.6210760288989967,0.2,0.0,-0.2021786758004671,-0.3536437676013214,-0.4062453133729118,0.0,-0.2217127734342647,-0.2478718084569988,0.0,1,0.15996951286771666
UCM2jxaOY97bci7UHdklU4RQ,0.181070317234101,-0.4,0.0,-0.1272560971025399,-0.2965380433938483,-0.3029543379506579,0.0,-0.2217127734342647,-0.2478718084569988,0.0,1,0.17185345130317653
UCM2obt59EEQuYLqnOfWXn5g,-0.3575813881294643,-0.4,0.0,6.153284543490655,-0.3584114069136336,-0.3256488795901071,0.0,-0.2217127734342647,-0.2478718084569988,0.0,1,0.1384184428454785
UCM3xdIIhq-rUMBXUjmxVL1w,-0.1277320659920157,0.2,0.0,0.85819406595241,-0.3075565875823032,-0.3793096731812494,0.0,-0.2217127734342647,-0.2478718084569988,0.0,1,0.16294707176338696
UCM4USSyFycozS4FgCd3ZLLA,0.0265402475514106,0.0,0.0,-0.1592140631531509,-0.2760750327581464,0.0065003140344984,0.0,0.6913574657089212,0.7154674764909068,0.5,1,0.06111015928071817
UCM4ytcATXD7BknyhC3ej7LQ,2.9733374990479224,-0.4,0.0,-0.2349508261115379,0.2671028708617295,-0.0526511819273586,0.0,-0.2217127734342647,-0.2478718084569988,0.0,1,0.13157647720325993
UCM678nXZtJeqVMGgrT5QEqA,0.3841182272100353,-0.4,0.0,-0.2025662766189334,-0.32450819402608,-0.4303443004079017,0.0,-0.2217127734342647,-0.2478718084569988,0.25,1,0.15187663764921255
UCM9wm9xAHHLx2c4TShu6roQ,-0.0993326112133417,-0.4,0.0,-0.0504955723172494,-0.1660106737767671,0.041291568547065,0.0,-0.2217127734342647,-0.2478718084569988,0.0,1,0.1700518091777573
UCMA3oZvKkdkS_YI7qus98nQ,-0.0978011251156601,2.0,0.0,9.048467868566997,-0.141530559765313,-0.5754322049745214,0.0,-0.2217127734342647,-0.2478718084569988,0.0,1,0.09375162245642799
UCMCdR-NxEi3UZArlV1iQGCg,-0.1115400873969795,-0.4,0.0,-0.0118008926864104,-0.3634968888467666,-0.2946228029097348,0.0,-0.2217127734342647,-0.2478718084569988,0.25,1,0.1580792159271075
UCMG4vrEq3fFEvxXr_fMiSRA,-0.1123136587899575,0.2,0.0,1.16845083612696,0.0102860332385113,-0.2188263940635279,0.0,-0.2217127734342647,-0.2478718084569988,0.0,1,0.16071976691367879
UCMGgC1x6oejPaDx1ku-PcwQ,1.076970971204583,-0.4,0.0,-0.2378103327860405,-0.0541300712478403,-0.1047983107399376,0.0,-0.2217127734342647,-0.2478718084569988,0.25,1,0.14903615475641158
UCMJkf1_BT83re1Oop0U-iaw,0.5213088250296501,4.6,0.0,0.0409376490785861,-0.358552670300665,-0.3736749703843722,0.0,-0.2217127734342647,-0.2478718084569988,0.0,1,0.07744640088866295
UCML8L-NJfdPqt4Ldw1CEoOA,-0.1648035795119847,2.6,0.0,0.1769913178783307,-0.4455002850185368,-0.3496901387368054,0.0,3.430568183138479,3.123815688860671,0.0,-1,-0.01781959247335063
UCMLiDHwjl53Gy6BWoxCqMKQ,-0.2203865486572491,0.4,0.0,0.0892258841236493,-0.3409889225130852,-0.3524069203141678,0.0,-0.2217127734342647,-0.2478718084569988,0.0,1,0.16633288239725846
UCMLkTrKuK8a9PwL4x51dG3g,-0.3237626919473434,8.0,0.0,2.7848658011828946,-0.3749121727605014,-0.3714333611692846,0.0,1.6044277048521072,1.1971371189648596,0.25,-1,-0.08684221878059939
UCMOY5KeLaRAt8ulUmJqRSrQ,-0.0382840477564795,0.8,0.0,0.1350565513703839,-0.3229671388948275,-0.3494987730089234,0.0,0.6913574657089212,0.7154674764909068,0.25,1,0.10439859312267114
UCMOrZFrLv5PmJLK6BdG2F2Q,-0.0018594344586526,-0.4,0.0,-0.1076751891770869,0.8205728212510415,0.6782290652410028,0.0,-0.2217127734342647,-0.2478718084569988,0.25,1,0.12115171921739121
UCMQt40_NQZcynX8k5x_MWjQ,3.209453332695726,-0.4,0.0,-0.2441240625456542,-0.2448356437403291,-0.2454733489963988,0.0,-0.2217127734342647,-0.2478718084569988,0.25,1,0.12595169231206832
UCMRFUlKSjiL7SNaRevcsNCQ,0.0089843504139915,-0.2,0.0,-0.1171116018801783,2.070612533092548,6.492230622542311,0.0,-0.2217127734342647,-0.2478718084569988,0.25,-1,-0.03542112906228989
UCMRPv_JDHY9eL82XsqeSs3g,-0.3203524032567094,-0.4,0.0,0.4440427835687511,-0.2422929027737626,-0.2618731494844922,0.0,-0.2217127734342647,-0.2478718084569988,0.25,1,0.15754630093879152
UCMSobC7lyIxCukAx-4viKTw,0.563477921297544,-0.2,0.0,-0.1996741222747935,-0.2461070142236124,-0.2150247967895961,0.0,-0.2217127734342647,-0.2478718084569988,0.25,1,0.1571721218782925
UCMU6ZtfiqOJJ88gWdSX4iDg,1.9390079674753808,3.6,0.0,-0.218113983638388,-0.245683224062518,-0.3214791094780362,0.0,-0.2217127734342647,-0.2478718084569988,0.0,1,0.10751698191319625
UCMU91wEB_tzUT7E-79u8pgA,1.075028294313649,-0.2,0.0,-0.2254465118644102,0.4319572435274588,0.3817156734765204,0.0,-0.2217127734342647,-0.2478718084569988,0.0,1,0.1404762307760003
UCMUaVI67Zarw-K-cxfc-5Hg,13.440433929218033,-0.4,0.0,9.066780488563282,0.2509988447401417,0.906086216700536,0.0,-0.2217127734342647,-0.2478718084569988,0.0,1,0.004767949896479218
UCMUxNxR6ZmPh6kSUk9wHtFQ,-0.0538027122018172,0.0,0.0,-0.1013262713865203,0.1374230815668372,-0.143157552458459,0.0,-0.2217127734342647,-0.2478718084569988,0.25,1,0.14729416712958476
UCMVUntv8DALJMDCgsElhndg,0.5216071545958707,-0.4,0.0,-0.2133400060540079,-0.0795574809135055,-0.4526845738618546,0.0,-0.2217127734342647,-0.2478718084569988,0.25,1,0.14467452891078225
UCMVdVnDIK6U9BRL_1aCSwuA,-0.3395283844560503,0.2,0.0,3.353836357917686,-0.1380405231445354,-0.3706569172853838,0.0,-0.2217127734342647,-0.2478718084569988,0.25,1,0.11386166075705406
UCMWAKDQiH3mE4gHJF1ZgNZg,14.900241088134214,-0.4,0.0,-0.2553987623588954,0.0001150693722452,0.015082950178195,0.0,-0.2217127734342647,-0.2478718084569988,0.25,1,0.06827259955858739
UCMWZt0fx1rg-v1SE4yeCryQ,2.100922875525252,-0.4,0.0,-0.2457300773464162,-0.3660396298133331,-0.3763322668211326,0.0,-0.2217127734342647,-0.2478718084569988,0.0,1,0.15533915759905148
UCMX0YCcUgTaPa8lq9htHdGg,-0.3298028052501579,0.6,0.0,2.030191067747045,-0.0541300712478403,-0.1079164584381334,0.0,-0.2217127734342647,-0.2478718084569988,0.0,1,0.153209024520312
UCMXJ1E1iuvkGEQxBDkYRDzg,-0.3322459971479256,-0.4,0.0,6.259692801760042,-0.2583969288953506,-0.3829235318291432,0.0,-0.2217127734342647,-0.2478718084569988,0.0,1,0.14273130218593139
UCMY6SbDXkB0mq9b7vuT6LTQ,-0.2834500256341769,-0.4,0.0,0.1148819967324208,-0.1694009950655225,-0.2437567652020877,0.0,-0.2217127734342647,-0.2478718084569988,0.0,1,0.1717075952315752
UCMYIWB7GC_LYwq11Ai5o8jg,14.356706533685614,-0.2,0.0,-0.252475893866436,0.0293565904877602,0.1425022691341491,0.0,-0.2217127734342647,-0.2478718084569988,0.0,1,0.09204026320130171
UCMYngNZP8uJhMJtdTlQiTrA,-0.3285042536040973,0.0,0.0,2.7656945546852163,-0.3547789198185385,-0.4999474760963437,0.0,-0.2217127734342647,-0.2478718084569988,0.0,1,0.15081491308255596
UCMZNBr8C0TLvHhHMw6m5RPQ,3.617390029876121,0.0,0.0,-0.2416282314336449,-0.2657829859887105,-0.377110779255681,0.0,0.6913574657089212,0.7154674764909068,0.0,1,0.07017907927826939
UCMbD_E_1AT3ptdQ809cSqoA,4.208156799913162,0.2,0.0,-0.2523917381387265,-0.432574685105157,-0.3874832749390685,0.0,-0.2217127734342647,-0.2478718084569988,0.0,1,0.12652836532456196
UCMbquPz0eKVjKKaSMkPr4Zg,5.321762394419884,-0.4,0.0,-0.2434567839624138,0.1552222683328028,0.2328279592212279,0.0,-0.2217127734342647,-0.2478718084569988,0.0,1,0.12179986666122433
UCMdP47I4KgNQ2U-bbHdX1cg,-0.1907073519419624,0.2,0.0,0.3247857094944363,-0.3319245218452323,-0.5438482661885287,0.0,-0.2217127734342647,-0.2478718084569988,0.25,1,0.1337890274881044
UCMdxF12nhZUs8y1Xlf9JXqQ,-0.3601094130792377,-0.4,0.0,13.836169991216009,-0.4236750917221742,-0.3679717773844178,0.0,-0.2217127734342647,-0.2478718084569988,0.0,1,0.09675428315987084
UCMe_4S5x94XtmKxj2L_CS-A,-0.2967145822408444,1.4,0.0,0.9464059721637194,-0.2591234263143696,-0.2980192077333754,0.0,-0.2217127734342647,-0.2478718084569988,0.0,1,0.15592345746544095
UCMgH0CiOhHEUAO2THBFMECw,0.2286731724664249,0.0,0.0,-0.1347469765482519,0.1949374605725085,0.4918398728844112,0.0,-0.2217127734342647,-0.2478718084569988,0.0,1,0.15513747411020412
UCMgIMWSzAr1_4BptPaMdLqQ,0.3551774315182492,-0.4,0.0,-0.2066037212613559,-0.2838243385610158,-0.4543017687313901,0.0,-0.2217127734342647,-0.2478718084569988,0.25,1,0.152889885565402
UCMgxlaKqhDiA2LM05KyvZ2Q,-0.3035257673913547,-0.4,0.0,13.24912983683198,-0.3957049410899425,-0.4617477910617681,0.0,-0.2217127734342647,-0.2478718084569988,0.0,1,0.10960934278398632
UCMhwhHNMcIN_agMNjhtURQg,-0.251989688297818,-0.4,0.0,0.1304764050314046,-0.4847008749197706,-0.5670784869078748,0.0,-0.2217127734342647,-0.2478718084569988,0.0,1,0.1449477662859816
UCMi3o_s3DkCY0VoThHuufoA,0.0718223128610038,-0.4,0.0,-0.1716198436303957,-0.2024566276308872,-0.1943558905138883,0.0,-0.2217127734342647,-0.2478718084569988,0.0,1,0.1719509408877129
UCMjhKYSfaM8uUxRQbdHSHsg,0.9548168298695426,0.0,0.0,-0.2308856409276451,-0.3420652149857059,-0.3542084721044786,0.0,-0.2217127734342647,-0.2478718084569988,0.0,1,0.16636488815544137
UCMjkExwd9qR-E54XsxZmWFQ,3.1916723249953054,-0.4,0.0,-0.2308421649110181,-0.2160179127859086,-0.205539795277434,0.0,-0.2217127734342647,-0.2478718084569988,0.0,1,0.15019154636492732
UCMlKsztqDZx2S-Hqwjg_ohw,-0.0410544253116424,0.6,0.0,-0.0200127729093986,-0.034635723837497,-0.2834749063864749,0.0,2.517497943995293,1.6788067614388125,0.25,1,0.02605296423081338
UCMoc4RbV0-QfMg0_TUl3y9Q,0.1653528735237224,-0.2,0.0,0.4920289180406889,-0.4071472754394918,-0.4486709787380327,0.0,-0.2217127734342647,-0.2478718084569988,0.0,1,0.16948753385740484
UCMohUwkYIMKOxGjMA9mreFw,-0.3441056578183394,-0.4,0.0,2.4860913283365464,-0.4482549210656505,-0.4908707999480634,0.0,-0.2217127734342647,-0.2478718084569988,0.25,1,0.11142756209544014
UCMq5wUMWEA5ZComYJg-XWlA,-0.1555634927933006,-0.2,0.0,-0.1060840756961392,-0.4106788601152787,-0.3857722568839116,0.0,-0.2217127734342647,-0.2478718084569988,0.0,1,0.16621384565359998
UCMqUU_y-tZUzQi43pr1fH6Q,1.723621321448069,0.8,0.0,-0.2226019072986752,-0.3302871507682767,-0.3310373270055817,0.0,-0.2217127734342647,-0.2478718084569988,0.25,1,0.13572358557418485
UCMr_8ULu56JMFUR983cEieQ,-0.3281245247046427,-0.2,0.0,1.5426860106665934,-0.2079658997251146,0.0202395907946398,0.0,0.6913574657089212,0.7154674764909068,0.0,1,0.10353789065286195
UCMs2aCr-xMCuJzUnYBT5Cxg,0.8584212348587846,-0.2,0.0,-0.1902400139749188,-0.0419814199631336,0.0243536341072106,0.0,-0.2217127734342647,-0.2478718084569988,0.0,1,0.16367336389224313
UCMt30rzhJLXqzVGZzby-4wQ,-0.1643189707024014,0.0,0.0,0.1291578235121318,-0.2833400069483364,-0.4736269513305368,0.0,-0.2217127734342647,-0.2478718084569988,0.0,1,0.1702905421127376
UCMt6_IDmq7bx-tdq4fT73rQ,-0.342175705885207,-0.4,0.0,1.6253298706314765,-0.255854187928784,-0.3267626371421514,0.0,-0.2217127734342647,-0.2478718084569988,0.25,1,0.1414616288227437
UCMuu5BumdEb9pldKjzQCLvg,0.9415604535928902,-0.4,0.0,-0.2235862408341827,-0.155839709910501,-0.0883787494056518,0.0,-0.2217127734342647,-0.2478718084569988,0.5,1,0.10470598672987819
UCMvPNLVVT3Bc5T5k4t8fZ1g,-0.2202429277885024,2.4,0.0,0.3857106171384333,-0.1485237534452921,-0.008763978784595,0.0,-0.2217127734342647,-0.2478718084569988,0.25,1,0.12014383695709752
UCMvgnuYTIg2AvHJuQiaJWGw,3.444030153391724,-0.2,0.0,-0.2326472970979514,0.1854526331575381,-0.0520515474440179,0.0,-0.2217127734342647,-0.2478718084569988,0.0,1,0.13566540932979132
UCMx53_rtRk9ea0hZLh0cS7Q,-0.2698141729373912,1.0,0.0,1.114545087061276,0.0583155848292123,1.1313762212931164,0.0,-0.2217127734342647,-0.2478718084569988,0.0,1,0.11296449983111678
UCMxgQFNb99YYZnW96nETJFA,0.6073737236448065,1.0,0.0,-0.2162768357341292,-0.273300216227171,-0.3219006604078999,0.0,-0.2217127734342647,-0.2478718084569988,0.5,1,0.09146365731096578
UCMxv92zAEm4ud0XO-uhs28w,-0.3244286314055891,1.6,0.0,2.0636343633977603,-0.1188287025082551,-0.1536227541478899,0.0,0.6913574657089212,0.7154674764909068,0.0,1,0.08875899418358985
UCMzUyEMJEvHvgmf5hpoBPQw,-0.2595959139996066,0.4,0.0,2.133145851058868,0.0427766122557501,-0.049845587271868,0.0,-0.2217127734342647,-0.2478718084569988,0.0,1,0.1509800193925498
UCMzcnTMWhEshylJI3yjLwfA,0.1853946820600978,-0.2,0.0,-0.1654090235927086,-0.2362185771314093,-0.3073371366021711,0.0,-0.2217127734342647,-0.2478718084569988,0.0,1,0.17316983300752536
UCN-cEdQkMszwEfbU6UkSl9w,-0.3188886475048271,0.8,0.0,22.640458925139324,-0.512516920038877,-0.5499249310837934,0.0,-0.2217127734342647,-0.2478718084569988,0.0,1,0.040317725405758176
UCN2atYDqj7l_a2jjbBlxJLg,-0.2388518763105163,0.4,0.0,0.6816920999519818,-0.2599979139483739,-0.2657187489630849,0.0,-0.2217127734342647,-0.2478718084569988,0.0,1,0.167014691799793
UCN6LhhVRj4HqqyCsVdUdKfg,5.839863292935039,-0.4,0.0,0.5117218118527895,-0.1329550412114024,-0.3367938285453541,0.0,-0.2217127734342647,-0.2478718084569988,0.0,1,0.1314218578680008
UCN6rzZOB6vJu8NkHFVakA3g,50.34530443157872,0.0,0.0,-0.2540001203996901,1.143622006908159,1.1689225446697449,0.0,0.6913574657089212,1.6788067614388125,0.0,-1,-0.14868528697374928
UCNASD8o9gbXmLprttmvG3yA,-0.3290718271187077,5.2,0.0,5.797529450275121,-0.2668470478650514,-0.3694571982559635,0.0,-0.2217127734342647,-0.2478718084569988,0.0,1,0.05718460683180593
UCNCCdmeoEoLf8yHUK54wtLQ,1.5941853643262769,-0.2,0.0,-0.2460432613131396,-0.0419814199631336,0.0831484985795593,0.0,-0.2217127734342647,-0.2478718084569988,0.25,1,0.14350085111090694
UCNDc2ZtP60SCVFo74NRQ68Q,6.2551380491139374,-0.4,0.0,-0.2272445047387758,1.0562001508195389,1.393882849085989,0.0,-0.2217127734342647,-0.2478718084569988,0.0,1,0.060569523037968476
UCNIb7iUMK5z7pgsNi_itedw,1.2543370885699547,-0.2,0.0,-0.2226681919181068,0.0773861420784611,-0.1804733355441666,0.0,-0.2217127734342647,-0.2478718084569988,0.0,1,0.15852471409046298
UCNJmQsnr8QL3qtPRYTUf76g,0.3905867474254793,-0.4,0.0,-0.1934138781088328,-0.3829912362571099,-0.5413351161294594,0.0,-0.2217127734342647,-0.2478718084569988,0.25,1,0.13904381942321214
UCNKtaPsZEcCoF1pZuX-6M_g,-0.2029109399440499,0.4,0.0,0.3241885721308038,-0.1950167559138962,-0.3438874455080712,0.0,-0.2217127734342647,-0.2478718084569988,0.0,1,0.16628073697674522
UCNMJBrUazekd7kif0zWgGbg,8.830185959614253,-0.4,0.0,-0.176408842119167,1.313016988442757,0.3717943697455457,0.0,-0.2217127734342647,-0.2478718084569988,0.0,1,0.06174628638402474
UCNRXyB_8cro_Y7s8Uvd11cw,-0.1087024218073847,-0.4,0.0,0.0174200262666994,-0.4414742784881398,-0.4199999024853658,0.0,-0.2217127734342647,-0.2478718084569988,0.5,1,0.109919990797202
UCNStoqqT7LKJDQ6vh-D6S8A,6.228539588246979,2.2,0.0,-0.2535870292902473,-0.278833032219237,-0.2493357207370667,0.0,-0.2217127734342647,-0.2478718084569988,0.5,1,0.010939757875899292
UCNT-1gDY4IwtQ25JCXg31LQ,-0.2127445045557247,0.4,0.0,0.1776786607951396,-0.2034925591357846,-0.4238896602472549,0.0,-0.2217127734342647,-0.2478718084569988,0.5,1,0.11036289699034868
UCNTp0NfNznrIAL2PMWMOwIA,-0.0280169991025476,-0.2,0.0,-0.0950534206438013,-0.245400697288455,-0.1764386338761546,0.0,-0.2217127734342647,-0.2478718084569988,0.0,1,0.172764474467008
UCNWjHyfqVi0II7Hj1vCs_nQ,-0.0902363872120175,0.6,0.0,-0.0791788547868538,-0.0020038814332268,0.0909520848747255,0.0,-0.2217127734342647,-0.2478718084569988,0.0,1,0.16287281428907052
UCNWkn1DIu-IdJ1AdwSpehLQ,-0.2715805765346855,3.8,0.0,2.1544981613494905,-0.0705600898010394,-0.3051341884164809,0.0,-0.2217127734342647,-0.2478718084569988,0.5,1,0.01923790095988359
UCNZ3HreDsv3_AgP9Mitwnnw,3.0980447365293555,0.2,0.0,-0.2397854342732807,-0.3255676694288161,-0.2022435744507848,0.0,-0.2217127734342647,-0.2478718084569988,0.0,1,0.1423107949487326
UCNZ7472fqApbBviqvWEjOxQ,1.2850510717841874,0.2,0.0,-0.2210540344250297,0.0341242298000724,-0.1661530602874954,0.0,-0.2217127734342647,-0.2478718084569988,0.0,1,0.15767846845018962
UCNZNPJTYmnT_cMTE9824nZw,0.0201292926212564,-0.4,0.0,-0.1622436100883978,-0.2261888766521747,-0.1740476888379676,0.0,-0.2217127734342647,-0.2478718084569988,0.25,1,0.15886364246386436
UCN_W8danXa80CyLkWKZBCRw,-0.3301857658849271,0.0,0.0,1.3768214141137989,-0.1991873892453017,0.0117499164289803,0.0,-0.2217127734342647,-0.2478718084569988,0.0,1,0.1656012796497381
UCN_cD3fKU1hJ6f6a8_49_pQ,0.0877560808539973,0.6,0.0,-0.1337550043218296,0.1115718817400776,-0.0460008807921027,0.0,-0.2217127734342647,-0.2478718084569988,0.25,1,0.14254217850281725
UCN_ki28vlXdUbpBqr8KYRLA,0.1660766054986471,0.2,0.0,-0.0268915437670021,0.3784537356892883,1.1250014928598584,0.0,-0.2217127734342647,-0.2478718084569988,0.0,1,0.13106665119026445
UCNauCZB1B_hzrXgtV8EH86Q,6.279953130709841,-0.2,0.0,-0.247243674222566,-0.3004934182307296,-0.1498556744056146,0.0,-0.2217127734342647,-0.2478718084569988,0.0,1,0.13380898785693085
UCNbYCngSJqfAhQ7stfUKqkQ,0.561029073862976,-0.4,0.0,-0.1702077609502649,-0.0397212057706301,0.2557565205906855,0.0,-0.2217127734342647,-0.2478718084569988,0.0,1,0.1548707706268036
UCNd-tBDNq7m8iBA3eTV1Uxg,-0.3275014057393142,0.0,0.0,20.414070079508885,-0.555171124564614,-0.5953568158878542,0.0,-0.2217127734342647,-0.2478718084569988,0.0,1,0.05275134780991647
UCNdTyTFYcy061xWT8sxdZjA,-0.2430405082533038,-0.2,0.0,0.5046471075851253,0.2398390371646552,-0.0922220840940416,0.0,-0.2217127734342647,-0.2478718084569988,0.0,1,0.15770063370331844
UCNdjO23xxDPtLEAIluSuDIw,2.500156913470593,0.0,0.0,-0.2237382020696451,-0.2167444102049276,-0.218211677764491,0.0,-0.2217127734342647,-0.2478718084569988,0.0,1,0.15675871638424782
UCNhaLlMCpSlI99xl5D5zT8Q,-0.0760374551325431,-0.4,0.0,4.289180958998545,-0.2312743585853077,-0.2910987341245263,0.0,-0.2217127734342647,-0.2478718084569988,0.25,1,0.11442196034536245
UCNi2SscoEJI1XtBWo-3vbRA,-0.3231306857099,-0.4,0.0,0.755535137053059,-0.1795719589317885,-0.2901515911813391,0.0,-0.2217127734342647,-0.2478718084569988,0.0,1,0.17133722243933147
UCNiwLeKNdIisbd74yA5MitA,-0.3397807523895603,8.8,0.0,3.827051593252544,-0.0266086396097087,-0.3475716288210522,0.0,4.343638422281664,5.532163901230436,0.0,-1,-0.1402011738979706
UCNkvaxO8PxehbRmmbHQGFTg,0.0514157222010034,-0.4,0.0,-0.1922962671348397,-0.2439880634181403,-0.032958689589092,0.0,-0.2217127734342647,-0.2478718084569988,0.0,1,0.16885295044638982
UCNma11iqW58LQ9E4qaBkntw,-0.2675183784674836,-0.2,0.0,0.0207474011345273,-0.3993777891527608,-0.5569868948615546,0.0,-0.2217127734342647,-0.2478718084569988,0.25,1,0.13609971729953424
UCNml2Rf4TQq61kmTnseivig,-0.1936787810760591,1.4,0.0,0.0746958155774237,-0.4534614859019534,-0.4781623871875726,0.0,1.6044277048521072,2.160476403912765,0.25,1,0.02064702847443539
UCNpMK6H4t-gI3MkzR68FtOg,0.986992794594608,-0.4,0.0,-0.2308021801343518,-0.4236750917221742,-0.3218037069002754,0.0,-0.2217127734342647,-0.2478718084569988,0.0,1,0.16296602764154244
UCNpP4A5GxQrl-jTQgwlw7tQ,0.7509745189566112,-0.4,0.0,-0.2244216333488769,-0.5109758649076246,-0.5925901302910497,0.0,-0.2217127734342647,-0.2478718084569988,0.0,1,0.13954104888152086
UCNq7lnAS8kHAVRNsx_su7tA,-0.1515042856349836,6.4,0.0,1.2267151601554376,-0.2684374957889722,-0.0715747931198316,0.0,4.343638422281664,2.6421460463867183,0.0,-1,-0.07154975888703463
UCNscPzLD1jN_0NhRnHqTvlQ,2.2170805319842235,-0.4,0.0,-0.2269087126393499,-0.388076718190243,-0.4172325685474089,0.0,-0.2217127734342647,-0.2478718084569988,0.25,1,0.12950754544777532
UCNt6PhWZYrrKRfHDj14521Q,-0.0868540227343354,3.4,0.0,4.818811109984496,-0.3190342377786105,-0.2702460641455174,0.0,1.6044277048521072,1.1971371189648596,0.0,1,0.010871639833569702
UCNtc35PKUsHLdu_lsnlsyZA,0.3771951432242603,-0.2,0.0,-0.1973723169469498,0.1155272565769589,-0.113628838541517,0.0,-0.2217127734342647,-0.2478718084569988,0.0,1,0.16577435063256152
UCNthl3PYE3ZlVB4X_e64pjA,3.013100341142776,0.2,0.0,-0.2402733669064441,0.7508593397510095,0.7772139231325905,0.0,-0.2217127734342647,-0.2478718084569988,0.25,1,0.0845739230596318
UCNuAznZGQMkS-uE-opwntUA,-0.3466072540096034,1.2,0.0,20.73995727670613,0.2212031364908878,-0.1492126900246774,0.0,-0.2217127734342647,-0.2478718084569988,0.0,1,0.0399629803506415
UCNxI_HDUisdTY7XEPB4tnwQ,-0.3495680287842178,4.4,0.0,8.291272182081247,-0.2000015673873057,-0.3539591103180246,0.0,-0.2217127734342647,-0.2478718084569988,0.0,1,0.05839437263523617
UCNxlK7dJBpQkXTxsXUlL5cw,0.0083083370308201,0.2,0.0,-0.0931049958540223,-0.3642385216286818,-0.3747410719977732,0.0,-0.2217127734342647,-0.2478718084569988,0.25,1,0.15129988574833064
UCNy35ptog4P0UO1rGmQMLVA,-0.3151203247742503,0.2,0.0,1.3439857419973205,1.175179238546797,2.1094827253054667,0.0,-0.2217127734342647,-0.2478718084569988,0.25,1,0.03675403622418261
UCNzibLvHdIudTgwVxo0SxIg,-0.0921917890607517,2.6,0.0,1.0119146407813917,-0.3143372301598139,-0.3267242488909742,0.0,2.517497943995293,1.6788067614388125,0.0,1,0.023534841402797824
UCO0FkOCxGlWgsD2BaDzL1jQ,0.1058318834101377,-0.4,0.0,-0.085902702429728,-0.1168510150898144,-0.2166804345704449,0.0,-0.2217127734342647,-0.2478718084569988,0.0,1,0.17155444814757048
UCO0NO0k1C5LzmhXxx-Wm_WA,0.2017073710187172,-0.2,0.0,-0.0758973041093634,-0.3909019859308724,-0.5174115859438476,0.0,-0.2217127734342647,-0.2478718084569988,0.25,1,0.14715648490610783
UCO1ZOk2VbyceXfOHIDa1LQg,0.3454701065672974,0.0,0.0,-0.1911490140624802,0.0520596348321041,-0.045483609889949,0.0,-0.2217127734342647,-0.2478718084569988,0.0,1,0.1661414739516544
UCO25VJKh1rJ097G4oeYVcBg,-0.2112976297242921,0.4,0.0,4.549056135561491,0.0380678326880343,0.152481374814285,0.0,-0.2217127734342647,-0.2478718084569988,0.0,1,0.1391163752853516
UCO2RdNSI57z2f-QZpheo7jw,16.263431884120962,-0.4,0.0,-0.2543990916784575,-0.0176841173937202,-0.1885191909417126,0.0,-0.2217127734342647,-0.2478718084569988,0.0,1,0.0838666180797572
UCO34J0tfaisSaxDS_odnrwA,-0.0849853135026963,3.2,0.0,0.1510465769452977,-0.2091635675716858,-0.1093873481260778,0.0,-0.2217127734342647,-0.2478718084569988,0.5,1,0.05834261847624961
UCO8791kVrVRd22l8eb7LAFw,2.083790234722305,0.0,0.0,-0.2443653085257587,-0.0030330861101703,-0.0389881144801809,0.0,-0.2217127734342647,-0.2478718084569988,0.25,1,0.13912126473808495
UCO90TjJi5T1SvGfH1WCAvjA,4.246168369690671,-0.4,0.0,-0.1084261687850599,0.8960074699258482,1.4416441113100134,0.0,-0.2217127734342647,-0.2478718084569988,0.0,1,0.07699458035896206
UCOB2TfE-J1QyQW40N1n4kqQ,1.608861482323284,-0.4,0.0,-0.2466725803624646,0.4705221481870509,0.55564407067216,0.0,-0.2217127734342647,-0.2478718084569988,0.0,1,0.13422473387671557
UCOBNkglJN0RPvIjXWmzY9xg,0.089618166345525,-0.2,0.0,-0.0324087822589479,-0.3075565875823032,-0.3304048457370573,0.0,-0.2217127734342647,-0.2478718084569988,0.0,1,0.17330595118299907
UCOBRw0YHPSxv3m-QHRfedew,-0.0388660355450779,0.0,0.0,0.090200739762545,0.0496379767687074,-0.3263468318674738,0.0,-0.2217127734342647,-0.2478718084569988,0.0,1,0.1655186847994703
UCOBue1PH-JNU-lVaZmg9M1A,1.0014126460803476,1.0,0.0,-0.2024413835821877,-0.4092662262449639,-0.3487693773661612,0.0,-0.2217127734342647,-0.2478718084569988,0.0,1,0.14864498637083096
UCOEYfejyDmEUT33-HJx63ug,-0.3436489732217081,-0.2,0.0,0.7288172855126562,-0.5060316463615231,-0.5318875190037446,0.0,-0.2217127734342647,-0.2478718084569988,0.0,1,0.1573075155941649
UCOFlYbL1XlJuUgUg8BOITaQ,18.83615091166647,10.4,0.0,-0.2503069208883921,0.3430690529589259,0.6268122561363995,0.0,2.517497943995293,4.56882461628253,0.0,-1,-0.1909705759144995
UCOGS7MVA2Nh359RS2ZkDr9w,1.7786548359129364,-0.4,0.0,-0.2414591220758311,0.6459712748801407,2.4556208217516264,0.0,-0.2217127734342647,-0.2478718084569988,0.0,1,0.07349823655664633
UCOH7P4vi19uqPXT4t5Bl68Q,0.0870166194173465,-0.2,0.0,-0.0278694288574981,-0.0398624691576615,-0.1374505444558267,0.0,-0.2217127734342647,-0.2478718084569988,0.5,1,0.12231816374675952
UCOHBX-VEGAjsP1amx8S9ZYg,36.04424305269524,-0.4,0.0,-0.2551835536768629,1.422354850005117,1.7239723336394697,0.0,-0.2217127734342647,-0.2478718084569988,0.0,-1,-0.08541113598311711
UCOHhIeXoMQU62_gVqQ9s2nA,-0.3325393781194457,-0.2,0.0,1.5530358714211296,-0.2277427739095209,-0.406417360230779,0.0,-0.2217127734342647,-0.2478718084569988,0.0,1,0.16825381846866194
UCOHl1cyutua5NuXsNtGXJXQ,-0.0819842520781512,-0.4,0.0,-0.103288713389544,-0.2448356437403291,-0.4223500896975346,0.0,-0.2217127734342647,-0.2478718084569988,0.25,1,0.15433986956714835
UCOIwaSMx6CbtVsp_ufHb0fQ,1.2469283353614462,0.4,0.0,-0.220335259800245,-0.117321893046586,-0.3379008140339296,0.0,-0.2217127734342647,-0.2478718084569988,0.25,1,0.1476449114896115
UCOJOBZNJLZCIW1FEaySuaAA,-0.321505526813617,0.0,0.0,0.5867765551605207,-0.3892875472219412,-0.4245835194323475,0.0,-0.2217127734342647,-0.2478718084569988,0.0,1,0.16661264720913105
UCOKIPfw_xp5YeR_LUMDnHMA,1.9873490380617964,1.2,0.0,-0.229677942035274,-0.051652528767596,-0.3777123084378291,0.0,-0.2217127734342647,-0.2478718084569988,0.0,1,0.13640374443315795
UCOKXaauDtahsPXzhZ5mx70Q,-0.3215782408581935,-0.2,0.0,0.7736026839023241,-0.0144350594919964,-0.2896716085961653,0.0,-0.2217127734342647,-0.2478718084569988,0.0,1,0.16735029585686728
UCOLNChBfTnznJ1I5PesdplA,0.3466729180546657,-0.4,0.0,-0.189619945979151,-0.4440170194547063,-0.4474391522564066,0.0,-0.2217127734342647,-0.2478718084569988,0.25,1,0.14834528808858677
UCOM4a2QTWooucQrESCL22Ng,-0.2440832478508753,3.6,0.0,1.1901140141736903,-0.3055223948090501,-0.402376481657926,0.0,-0.2217127734342647,-0.2478718084569988,0.25,1,0.08039065249562993
UCOMbDLR7ma8bpUaI9M15S1A,0.6620609971493094,-0.4,0.0,6.359382943130932,-0.2872146598497711,-0.1335597032515759,0.0,-0.2217127734342647,-0.2478718084569988,0.0,1,0.13352851031013957
UCOO-PqTx5q4lc5M5Ehp49EA,-0.1118370030789998,-0.4,0.0,0.1355779405098912,0.0153715151716443,-0.3705712909209343,0.0,-0.2217127734342647,-0.2478718084569988,0.0,1,0.16261454816006882
UCOOYzLfBjWHsXTMy2q7_DWw,0.934315710951593,-0.4,0.0,-0.2389885669702122,-0.1922856637646211,-0.493453554874141,0.0,-0.2217127734342647,-0.2478718084569988,0.25,1,0.14325912546815306
UCORKyLSn_1kB6FeTglUJAlw,2.2458516615719977,0.0,0.0,-0.240252640970015,-0.1525704715249155,-0.1954919701221785,0.0,0.6913574657089212,0.7154674764909068,0.25,1,0.07922673812075781
UCOTml_gIIqTMOWYzVKfbyxw,0.0641970333864234,0.0,0.0,0.1536333161700917,0.2094674089528885,-0.0566175256399248,0.0,-0.2217127734342647,-0.2478718084569988,0.0,1,0.15712730344402542
UCOWXz88XBCezFdNJITdVo_Q,-0.2650412533489136,-0.4,0.0,1.1288206311357298,-0.2024566276308872,-0.438191082155091,0.0,-0.2217127734342647,-0.2478718084569988,0.0,1,0.16782827178618798
UCOWlNOZjIXy-5LLeFIoIj1Q,0.519499053253526,2.0,0.0,-0.1261760691168012,-0.3544227936327449,-0.4604423271216061,0.0,-0.2217127734342647,-0.2478718084569988,0.25,1,0.11975485528379615
UCOX-HcA1qSeNCbNq_up7q0w,-0.2065276557278981,-0.4,0.0,2.250373186173733,0.2755786740836179,0.161519550304884,0.0,-0.2217127734342647,-0.2478718084569988,0.0,1,0.14264642900123498
UCOYvo3AjQuR19MepKm_Fbqg,0.3416380764181201,-0.4,0.0,-0.1294290505595754,-0.1202413363785698,-0.4268928118352572,0.0,-0.2217127734342647,-0.2478718084569988,0.5,1,0.11650193970092171
UCOZ1ypuDGFTxDXBsSlsbk0w,-0.0752994075800924,-0.4,0.0,20.969738893568127,-0.4541879833209724,-0.4404716622763232,0.0,-0.2217127734342647,-0.2478718084569988,0.0,1,0.07897352262751267
UCO_cJQMTRU7LC5SuxCMNh-g,3.050977261502685,3.2,0.0,-0.1412729339550459,-0.4387472809297931,-0.363428066896112,0.0,0.6913574657089212,0.7154674764909068,0.0,1,0.020749556643876954
UCOaFox655s6MzVAC83kTI_Q,0.3707639899483903,1.4,0.0,-0.2077340192550934,-0.4138068351138327,-0.4980578188216686,0.0,-0.2217127734342647,-0.2478718084569988,0.5,1,0.08589047379123749
UCOaHbz8qAE0GL9MLo-3kAvg,-0.2839305442787527,0.0,0.0,1.4167564537694086,-0.313610732740795,-0.3807936087247744,0.0,-0.2217127734342647,-0.2478718084569988,0.0,1,0.1655951407372951
UCObVMTiout7KscK0I1_0PPg,-0.3189059997200101,0.4,0.0,9.838589005766076,-0.3428724343401715,-0.4587491669609857,0.0,0.6913574657089212,0.7154674764909068,0.0,1,0.05393183533706236
UCOcGyutuwSVLTne2lJAkYqw,-0.3081215979837701,1.0,0.0,1.1352681227158166,-0.1853637578000789,-0.1672903892267086,0.0,-0.2217127734342647,-0.2478718084569988,0.0,1,0.1553194862718139
UCOhaqXJiXe2y-Q0DRyF4gPQ,-0.2983995374215119,0.8,0.0,0.5130913821269258,-0.3206555561979489,-0.2075977493999683,0.0,-0.2217127734342647,-0.2478718084569988,0.25,1,0.14557895578218832
UCOiWER0zk6Sd8jwO_etqTvQ,-0.256596123021734,0.0,0.0,0.6031934123664244,0.9607868231217094,0.4665333367916378,0.0,-0.2217127734342647,-0.2478718084569988,0.25,1,0.10242892698141198
UCOjaA-WqeSVv5yYzcZVHRSw,3.956153149508869,-0.2,0.0,1.414019565610768,1.7061529945513467,2.1777188929638363,0.0,-0.2217127734342647,-0.2478718084569988,0.0,1,0.01775441799490257
UCOkuyzzPVBvlX5sWhpJf3mA,0.0118934171556912,0.4,0.0,0.0111835098172234,-0.3513482375620599,-0.454103758669138,0.0,0.6913574657089212,0.7154674764909068,0.0,1,0.1109541401223455
UCOlE-jjlntU6MdyCVSecwCw,3.3034319936581467,0.0,0.0,-0.2436751590058364,2.08504157905362,4.949565916213696,0.0,-0.2217127734342647,-0.2478718084569988,0.0,-1,-0.04050459905365977
UCOljzDRpDcHrQgvQFjuiN1w,6.936309281847283,-0.4,0.0,-0.2550225249735297,-0.198218726019943,-0.0656524764541917,0.0,-0.2217127734342647,-0.2478718084569988,0.0,1,0.13178521199579124
UCOlnVMMaCwpT6JQqgYH92vA,-0.2076513080621934,0.8,0.0,0.1386754588316816,0.0996672308511526,0.3148649131839383,0.0,-0.2217127734342647,-0.2478718084569988,0.0,1,0.14652916600848315
UCOmuYcwzKikgTT-y5tPQRnQ,-0.2530147543428883,1.6,0.0,0.4164547973434933,0.1117131451271091,0.2858927996458458,0.0,-0.2217127734342647,-0.2478718084569988,0.25,1,0.11706231921341276
UCOnULsxLCgbXeD313udb7Ow,-0.3430172240541193,5.2,0.0,2.2433267335976304,-0.3771609110105382,-0.4358023703958559,0.0,0.6913574657089212,0.7154674764909068,0.25,-1,-0.009176322347383414
UCOnUmG2umqGw6-BIdE2Dz1w,0.0489301137772328,0.8,0.0,-0.024950838143211,-0.1981416732633804,-0.260892117040932,0.0,-0.2217127734342647,-0.2478718084569988,0.25,1,0.1517846841827053
UCOnesLMmE6xQw8TYEBx-Zuw,-0.1653298979054708,1.0,0.0,12.38477931852237,-0.3206234508827145,-0.3974645859345251,0.0,-0.2217127734342647,-0.2478718084569988,0.0,1,0.0944351613381762
UCOp2OQUz-BfGNLBvmDMbSRQ,-0.3457005191960489,-0.4,0.0,4.867121969444694,-0.3168799711263805,-0.476339386988528,0.0,-0.2217127734342647,-0.2478718084569988,0.0,1,0.14211002246159649
UCOpQ4iXUaX1QjPKJKOxuwdw,0.4474376172271807,-0.4,0.0,-0.1791727893118802,-0.2126275914971532,-0.2708960756707062,0.0,-0.2217127734342647,-0.2478718084569988,0.0,1,0.17271111215761392
UCOpUI8M0Dd-mK6wmL98E2wA,-0.1355959131774303,0.4,0.0,0.1341031859605297,0.0126404230223692,0.3924753678563534,0.0,-0.2217127734342647,-0.2478718084569988,0.0,1,0.15394444310414757
UCOq_lWI50yTa9F3Y_FxVdzQ,0.2165687078459372,-0.4,0.0,-0.1386924047671755,-0.1448211657220461,-0.0638789408076142,0.0,-0.2217127734342647,-0.2478718084569988,0.0,1,0.17006489814741954
UCOqhn4eQQ8kQCN1FpmYUTEw,7.837677426019541,-0.4,0.0,10.394783411272996,-0.3609541478802001,-0.4526710590354482,0.0,-0.2217127734342647,-0.2478718084569988,0.0,1,0.06364080348485934
UCOsKYxFZmG37huU0f2AFM1w,-0.3310116762412409,0.6,0.0,1.899174305719915,-0.0270075009377975,-0.2359855607732512,0.0,-0.2217127734342647,-0.2478718084569988,0.0,1,0.15212130172748506
UCOt-Xm-JhhDuVqJvinDa9Ew,-0.2465688562746459,-0.4,0.0,3.894833443173385,-0.366887210135522,-0.3825383727961133,0.0,-0.2217127734342647,-0.2478718084569988,0.0,1,0.15048294264517348
UCOvmYM5PJctApj3vD9zzk8w,1.1944011234436416,-0.4,0.0,-0.2290789719267917,-0.0363308844818747,0.6121960484598014,0.0,-0.2217127734342647,-0.2478718084569988,0.0,1,0.14385985373737264
UCOxMw8uERlc4rM80LqvQsUQ,-0.0360573778873686,6.4,0.0,-0.090192806613023,-0.2025870246035316,-0.000640424272674,0.0,-0.2217127734342647,-0.2478718084569988,0.25,1,0.02875709946358812
UCOzz0A5l00GQy-NSyFvC_vA,1.0655870825675018,-0.2,0.0,-0.2344949508513577,0.4418456806196619,0.1610811385858906,0.0,-0.2217127734342647,-0.2478718084569988,0.0,1,0.14264691251269856
UCP0J7_ZJsnLryTJxyQzeQxA,-0.0630537565230521,-0.4,0.0,5.836010587859628,-0.3278985153148354,-0.3792464827312831,0.0,-0.2217127734342647,-0.2478718084569988,0.0,1,0.14574498976386252
UCP1WR1zpq41mtwrTHy4CNBA,2.7506931540586432,-0.4,0.0,-0.2446641735795842,-0.2626348305062948,-0.4379328347721997,0.0,-0.2217127734342647,-0.2478718084569988,0.0,1,0.14577745420435678
UCP2WOW299R0Zyz8LooMD4ow,-0.2140184142200121,-0.4,0.0,0.017432549727312,-0.0702340973694283,-0.4064859766286805,0.0,-0.2217127734342647,-0.2478718084569988,0.25,1,0.14915304783043382
UCP31odWRcEMmtMTHs3n9zEQ,-0.278931453714124,0.0,0.0,0.3040892849939103,-0.0314875683550814,0.3714626583178972,0.0,-0.2217127734342647,-0.2478718084569988,0.0,1,0.1571329448047588
UCP3NXOW-3FUS1xhTVMcRW2w,1.4906720742687734,-0.4,0.0,-0.2361609679517774,-0.055825231892218,0.4201633259371659,0.0,-0.2217127734342647,-0.2478718084569988,0.0,1,0.14932470967728606
UCP3O0bqJF8uKF6SYSnFUynA,59.1837092748002,-0.4,0.0,-0.1181762048370879,0.3306713950258925,1.0210815971334974,0.0,-0.2217127734342647,-0.2478718084569988,0.0,-1,-0.04395198906291209
UCP3UzMEFEUu1C-qGLClvapw,1.1569043085066968,1.4,0.0,-0.2265110776397984,0.0151293493653047,0.0818713345251368,0.0,0.6913574657089212,0.7154674764909068,0.0,1,0.08835465722107166
UCP55Rzf5jGZBOJ9eRgLQBsw,-0.0619885579187636,6.4,0.0,0.3304625731526522,0.4636328414656699,0.6126606437810815,0.0,1.6044277048521072,1.1971371189648596,0.25,-1,-0.04565459601433308
UCP5zn7jDrjoP_oGTi8CITrQ,-0.1543722953547188,0.4,0.0,0.426779599640342,-0.3508773596052884,-0.3527223649590604,0.0,-0.2217127734342647,-0.2478718084569988,0.0,1,0.16461136252639275
UCP6LmAM_xtRUIfNszHJs86w,-0.038256133323359,3.2,0.0,0.3354506579327047,0.0532178191232938,0.1525373956172367,0.0,-0.2217127734342647,-0.2478718084569988,0.25,1,0.0944611231141344
UCP7RwmfnS9EA2uSDrSjJhRw,-0.1543952709729704,1.0,0.0,0.0612256439753772,-0.2023153642438557,-0.2063154288001117,0.0,-0.2217127734342647,-0.2478718084569988,0.0,1,0.1582473009032953
UCP7UJ77QFGFI2V5WY0J8hVQ,-0.2778159541666448,5.2,0.0,1.5813658541614106,-0.1790069053836626,-0.2459816862826783,0.0,-0.2217127734342647,-0.2478718084569988,0.0,1,0.06795708850643717
UCP8uQCp9tzhkm_-5J8o-k4A,0.1180499637252762,2.6,0.0,-0.026035721976993,0.3448683654225555,1.7219614657896103,0.0,-0.2217127734342647,-0.2478718084569988,0.75,-1,-0.03398005650387648
UCP9r66BsJpwwef9sOymzCsA,0.1271886042526034,0.8,0.0,-0.1361788789868708,-0.3896177733214954,-0.3530885077721755,0.0,-0.2217127734342647,-0.2478718084569988,0.0,1,0.16019636901355078
UCPACLGYMFAxvWEtu958suwg,15.23824212418311,-0.2,0.0,-0.2554842722166914,5.999853643372973,12.65669163259832,0.0,-0.2217127734342647,-0.2478718084569988,0.0,-1,-0.16415268878884892
UCPAFLmpLQt0c6Fk7bOkxglQ,-0.0349154284825835,1.8,0.0,3.7911896668844833,-0.2988159155097308,-0.4268204379248498,0.0,-0.2217127734342647,-0.2478718084569988,0.0,1,0.1351287752665183
UCPF1wTA_kIj-KltiK0can0Q,0.772042807422257,-0.4,0.0,-0.2091675743488525,0.7892123493300545,1.238039885266925,0.0,-0.2217127734342647,-0.2478718084569988,0.0,1,0.11858161008359763
UCPK0iAz4nv7pOvXwi_ob-KQ,-0.0158780963026146,0.6,0.0,-0.1237411274225204,-0.2550066076065952,-0.3488780506299945,0.0,-0.2217127734342647,-0.2478718084569988,0.25,1,0.1502705231310028
UCPK4S5GzQARdJC4qAfTrDLw,-0.340572361202297,-0.4,0.0,1.0745310075026462,-0.4694444291203715,-0.5198707055637223,0.0,-0.2217127734342647,-0.2478718084569988,0.0,1,0.15706791477757404
UCPMPqj6RfOrfqUnhh1b_oXQ,-0.2023114530432087,-0.4,0.0,0.0477329748150578,-0.0320929828709305,-0.1857567733099871,0.0,-0.2217127734342647,-0.2478718084569988,0.5,1,0.11876933212333535
UCPN-UUTa-ZzmrR7U3fIO8BQ,-0.2993896848113375,0.4,0.0,2.794816840275824,-0.1964293897842109,0.1091034378354633,0.0,-0.2217127734342647,-0.2478718084569988,0.0,1,0.15169813261497744
UCPOKPWQMtZscKv5roshke_Q,-0.1751309431805434,-0.4,0.0,-0.0690200619354682,0.0314755412932323,0.017225743230778,0.0,-0.2217127734342647,-0.2478718084569988,0.0,1,0.16638504093332934
UCPOZVGwr_tI3CTYyXxREPpg,-0.0504659454895882,-0.2,0.0,12.67732937236664,-0.1966648287625967,-0.4400893115279495,0.0,-0.2217127734342647,-0.2478718084569988,0.0,1,0.11381130089111857
UCPOe9yAAKmedmzNrcEtw5qw,3.762875684314248,0.0,0.0,-0.2285709889139205,-0.4813105536310152,-0.5262944950766151,0.0,-0.2217127734342647,-0.2478718084569988,0.0,1,0.12895135087016585
UCPP7rQOIv-DqkAG1Yq-7oUg,-0.1868799070635839,6.8,0.0,0.3429797111236454,-0.1299781737383489,-0.1823585327463795,0.0,15.300481291999896,10.830529968443916,0.5,-1,-0.1902623944737578
UCPQs-p_ccMvK1YuEjP5rW5A,0.3306023567653128,0.2,0.0,-0.1738871729586573,-0.2286256700784676,-0.370236847268235,0.0,-0.2217127734342647,-0.2478718084569988,0.25,1,0.15110992969461917
UCPRPPv8tzX2EbZj3JSy0JzQ,-0.1924665773579331,-0.4,0.0,0.258909235169981,-0.3151848104820028,-0.3940964242008599,0.0,-0.2217127734342647,-0.2478718084569988,0.0,1,0.16660262678807825
UCPT_76MwHgN5085vjZQQbMg,-0.1535125450007368,1.2,0.0,-0.0597828814981473,0.7978837480109096,2.453349634674834,0.0,-0.2217127734342647,-0.2478718084569988,0.5,1,0.02037012392725862
UCPUeGS4s08TG7wgfeaIt3Lw,-0.0696692592220799,3.2,0.0,0.0918825750244954,0.8112494377069642,3.5457739039189096,0.0,2.517497943995293,2.6421460463867183,0.75,-1,-0.15530343615108
UCPUp2eMTThfrXCyRnXKSmrw,0.0653665176033607,0.8,0.0,-0.1680657007064117,-0.5383295934873553,-0.5970281566703916,0.0,-0.2217127734342647,-0.2478718084569988,0.0,1,0.1386819893989149
UCPWL7ZC5t0CYrlr7ztyiNgQ,-0.1906030779822052,-0.2,0.0,0.0540522729858436,-0.3075565875823032,-0.4153675261662206,0.0,-0.2217127734342647,-0.2478718084569988,0.75,1,0.06098050996975268
UCPXB8a7JUa9Hi4npX-B3idA,-0.3590360098680766,1.8,0.0,15.598300328469378,-0.323978456324712,-0.4261866588166618,0.0,-0.2217127734342647,-0.2478718084569988,0.5,-1,-0.017839967835128534
UCPYZov-3cu5T00MLD_tL-zA,0.2647571804483775,0.4,0.0,-0.1727317545499078,-0.3664163321787504,-0.0667579045383236,0.0,2.517497943995293,2.6421460463867183,0.0,1,0.023059101104369095
UCPYt0AodY3elxHEQiLTbNRQ,0.1840237193446466,0.0,0.0,-0.0285039744009244,-0.4262178326887407,-0.2854924108854959,0.0,-0.2217127734342647,-0.2478718084569988,0.0,1,0.1697639512367487
UCPZigcEwXI1yvcr9ycPFWPg,0.1529524021467714,-0.4,0.0,3.378491204112453,-0.2846719188832046,-0.4048152091513645,0.0,-0.2217127734342647,-0.2478718084569988,0.0,1,0.15214596699374322
UCP__YUyDBvcTDvcJ_IVo1tw,-0.2640402233352449,0.0,0.0,1.4733076662264504,-0.2094794360147376,-0.1680384975616304,0.0,-0.2217127734342647,-0.2478718084569988,0.0,1,0.16884099871421104
UCPa-HQx8CJXw3AowL0N1FOQ,0.2433280822004307,1.4,0.0,-0.0187829770016195,-0.0036385006260195,-0.3046342946633389,0.0,-0.2217127734342647,-0.2478718084569988,0.25,1,0.1367759188368191
UCPbqYVwuet5H6Jm-8HPUZGQ,0.037493557953698,0.2,0.0,0.2468251181450592,-0.2233282930647873,0.0378424884376681,0.0,-0.2217127734342647,-0.2478718084569988,0.0,1,0.16681615388891458
UCPcTPyYwVZiyzmXuk_u5Jyw,-0.2486571632381893,-0.2,0.0,0.3347544011249581,-0.2122038013360588,-0.4189957156267586,0.0,-0.2217127734342647,-0.2478718084569988,0.25,1,0.15365074717375654
UCPco6E8erUp1HxRvhf3HsZg,2.593552650175659,-0.4,0.0,-0.2390360321511462,-0.1888953424758657,-0.2921976997682942,0.0,-0.2217127734342647,-0.2478718084569988,0.0,1,0.1518211968226867
UCPd5xl8c4YpMECLBKWpCJNQ,-0.2641462646502522,-0.2,0.0,0.1482651459874748,0.8112494377069642,2.422457817699234,0.0,-0.2217127734342647,-0.2478718084569988,0.0,1,0.08583898744049018
UCPdD3YpXTI2gROpI-LtEiNg,-0.2666318730740228,-0.4,0.0,0.7179485806897585,-0.3448501217586122,-0.5749003779940208,0.0,-0.2217127734342647,-0.2478718084569988,0.0,1,0.1460736440235843
UCPeZOW8GUyv2rL9P_e7BMzw,0.2866959502865497,-0.2,0.0,0.0265600918620602,-0.0582267094717531,-0.187915548646347,0.0,-0.2217127734342647,-0.2478718084569988,0.0,1,0.17138673557392115
UCPessuZQy5_st-CzifVsuUw,0.6561590405311901,0.0,0.0,-0.2233087591844762,0.0223943235554948,0.552654013126171,0.0,0.6913574657089212,1.6788067614388125,0.25,1,0.03549900710938414
UCPfUe_j5kVggThOU4Xp8-1g,0.4539443123160272,1.2,0.0,1.7989557194727634,-0.2055209564880314,-0.2060062521219808,0.0,-0.2217127734342647,-0.2478718084569988,0.0,1,0.14745302376455954
UCPgEkm1wDqJE34YKNVeYqFQ,1.6872684306396648,-0.4,0.0,0.3569854657087892,-0.3295936759592131,-0.5278287848967753,0.0,-0.2217127734342647,-0.2478718084569988,0.0,1,0.15280171092246603
UCPi-Xsta1dTIphd5Su316RA,-0.0459005134074749,-0.4,0.0,-0.0876964606718265,-0.3550210856248783,-0.3652057461202385,0.0,-0.2217127734342647,-0.2478718084569988,0.0,1,0.16925837579885722
UCPjX5Wo5KiLclR-FpZGMj9A,1.04638364309432,0.8,0.0,-0.2051924010260051,-0.1461310625836107,0.0912352941303556,0.0,-0.2217127734342647,-0.2478718084569988,0.0,1,0.15439320475340113
UCPkIKAY6qaQTynmJV43cAFQ,-0.2097131368307166,-0.4,0.0,-0.0095038970134425,0.3950874995122443,-0.0047096831285005,0.0,-0.2217127734342647,-0.2478718084569988,0.25,1,0.14137138562795348
UCPmgpaTGmxNKoceOnFbgk4A,0.8883828549430408,-0.4,0.0,-0.2322549889814306,0.2984633427827167,1.6260364220364358,0.0,-0.2217127734342647,-0.2478718084569988,0.0,1,0.10901534576317634
UCPpzmjPrlbsfTgGQFhOzV9Q,-0.2349197633583179,1.4,0.0,0.573095789128387,0.0257241033926652,0.343722551795891,0.0,0.6913574657089212,0.7154674764909068,0.0,1,0.08338024064963373
UCPqh3FoQvdQEoW6z_dgWESA,-0.3161149923090185,-0.4,0.0,0.8316029466934736,-0.3211178727373246,-0.2435385782897864,0.0,-0.2217127734342647,-0.2478718084569988,0.25,1,0.15181920005265087
UCPquI0r7ma8No-lF_cP_cig,28.870465217086743,1.2,0.0,-0.2479085407032655,-0.125978803174925,-0.1868665545523118,0.0,-0.2217127734342647,-0.2478718084569988,0.0,1,0.011990852770923044
UCPsWVFUj9DAR-MYVoM8v20A,1.5239011807394536,0.8,0.0,0.2708985417381999,0.587025916109735,0.8840780265372423,0.0,-0.2217127734342647,-0.2478718084569988,0.0,1,0.11178810936979483
UCPszdnrj_8eyEJFglR2yd8g,-0.1806731925093988,0.2,0.0,-0.0427496039005146,-0.1549921295883122,-0.266197122056142,0.0,-0.2217127734342647,-0.2478718084569988,0.0,1,0.16769187676544112
UCPt5_QsxGU1ZQ2ektIK_K1A,0.8917959714020751,-0.2,0.0,-0.2202381787593445,0.0258250058119734,-0.3456608161242272,0.0,-0.2217127734342647,-0.2478718084569988,0.0,1,0.1623733325005025
UCPtIEoB1-cgGymoVE4prZyQ,-0.3216984210152017,-0.2,0.0,3.987280510980506,-0.1189699658952865,-0.3353967247418984,0.0,-0.2217127734342647,-0.2478718084569988,0.0,1,0.15746489782897416
UCPvFVAH-ZkS9M3qezMKAo5g,-0.0535708351930013,1.6,0.0,0.0485784883385176,-0.3414598004698568,-0.4115598135746894,0.0,-0.2217127734342647,-0.2478718084569988,0.5,1,0.09116859787834863
UCPvjq_ahVgFMFnSpVDR9B5Q,2.5657104425073487,-0.4,0.0,-0.2429083523496062,0.2399803005516867,-0.2602908785389964,0.0,-0.2217127734342647,-0.2478718084569988,0.0,1,0.12805332956256305
UCPyILZ97cIKMveQzjggwN3w,-0.1941130455089461,-0.2,0.0,9.502787803869955,-0.2616459867970745,-0.329182886873233,0.0,-0.2217127734342647,-0.2478718084569988,0.0,1,0.130992593030608
UCQ-ZSxvPWWtxpC-MVNnQk5Q,5.153801434753558,-0.4,0.0,-0.1397578154739668,-0.3575638265914447,-0.2827766255952559,0.0,-0.2217127734342647,-0.2478718084569988,0.0,1,0.13288350906444674
UCQ1rKvydNl_JLCrWsD9VByA,0.322518120380208,1.6,0.0,-0.1543795995034584,0.1117131451271091,0.4047398875957345,0.0,-0.2217127734342647,-0.2478718084569988,0.0,1,0.13571074220174056
UCQ27c9LVOyiR8_3ZcrISUiw,0.2748325781701106,0.2,0.0,-0.1096240881611973,0.1782128845721751,-0.2183941850253752,0.0,-0.2217127734342647,-0.2478718084569988,0.0,1,0.14939812733306157
UCQ2BQpQhF0UpdKa6uH3DLFw,5.529766372484072,0.0,0.0,-0.2513091110995675,0.9032724441160382,1.1111110486444378,0.0,-0.2217127734342647,-0.2478718084569988,0.0,1,0.08391264396842846
UCQ44fJIOlHecPBtM12GPhbQ,-0.2994014671796716,-0.2,0.0,10.796015204416868,0.175564196065335,-0.0875686544326486,0.0,-0.2217127734342647,-0.2478718084569988,0.0,1,0.10822749548210225
UCQ6qMcRdFqernyfpskLObmA,-0.3448352220655895,-0.4,0.0,176.01634340444073,1.0528098295307835,-0.6003272946293761,0.0,-0.2217127734342647,-0.2478718084569988,0.0,-1,-0.10822953138750036
UCQ76yTYSle9F8qcfkIltS_g,-0.2779189106433973,-0.4,0.0,1.5193176899639134,-0.4787678126644487,-0.5546408842683839,0.0,-0.2217127734342647,-0.2478718084569988,0.0,1,0.14941295403390753
UCQ7FZZPTBHLy9lOVZN5fXew,1.6583686375896816,-0.2,0.0,-0.2045586485102183,-0.282129177916638,-0.2998170535285856,0.0,-0.2217127734342647,-0.2478718084569988,0.0,1,0.16705483086752626
UCQ8vn1PsMKP5Lp8wd_-RIBw,13.6220436493688,4.4,0.0,0.1346849211935148,0.1966075695817475,0.3109180481034809,0.0,-0.2217127734342647,-0.2478718084569988,0.0,-1,-0.010635753417122307
UCQ966uhlk8H3sfvxjDULIXA,-0.1762481768019076,8.2,0.0,0.3796464125520795,-0.1481055394705279,0.1499574127182543,0.0,1.6044277048521072,1.1971371189648596,0.5,-1,-0.08639246062445682
UCQ98jn4akS3KpFAYfWDaNIg,-0.1276032257942818,-0.4,0.0,-0.1601633534141995,-0.0303978222265528,-0.0916594894766243,0.0,-0.2217127734342647,-0.2478718084569988,0.0,1,0.1678027924712569
UCQANb2YPwAtK-IQJrLaaUFw,-0.3575568114952802,5.4,0.0,3.712670137386126,-0.0236171796490421,-0.6003272946293761,0.0,-0.2217127734342647,-0.2478718084569988,0.0,1,0.033933865333605484
UCQArSxIgNNSI6WyN4aBzAPA,-0.1909742225847307,-0.2,0.0,0.0602507316278038,-0.3704187948113088,-0.4429542257578586,0.0,-0.2217127734342647,-0.2478718084569988,0.0,1,0.1692196063519879
UCQCyztyqmA8dc2wPGR1ymog,0.0,0.0,0.0,0.0,0.4688269875426732,0.3685848341960998,0.0,-0.2217127734342647,-0.2478718084569988,0.25,1,0.1391977739104575
UCQE3zzg16zALp1A3Ru54fEQ,0.2949777769886181,0.2,0.0,-0.1704935209941826,-0.3393408496643847,-0.4247999260840623,0.0,-0.2217127734342647,-0.2478718084569988,0.25,1,0.14983066268896478
UCQE9PyvVDQwmsR17i-PvCmQ,-0.271632781489766,-0.4,0.0,88.50102348740684,-0.4728347504091268,-0.5314129433044935,0.0,-0.2217127734342647,-0.2478718084569988,0.0,-1,-0.05649913285872277
UCQEsf2Y3AeAzelDcfTA7v1w,-0.0912777129253889,-0.4,0.0,0.0043255503628737,0.0611408525698417,0.0247889804379374,0.0,-0.2217127734342647,-0.2478718084569988,0.25,1,0.15274108682951648
UCQF-RBaGpjFJpx4EbwRMpNw,-0.0166034188972644,1.0,0.0,-0.1007023623747228,-0.2959023581522067,-0.3500544629138341,0.0,-0.2217127734342647,-0.2478718084569988,0.25,1,0.14620934510057737
UCQGFNbtx9aLWj3qCW0J0wTQ,-0.2289490313730367,-0.4,0.0,1.6035821683902645,-0.0465018483481408,0.442139918868315,0.0,-0.2217127734342647,-0.2478718084569988,0.0,1,0.15004757026150994
UCQG_f0SLQvkZpqCQxkHEtAA,1.0732070347283995,0.2,0.0,0.7102167579692439,0.4828120628587891,1.0936195342799264,0.0,-0.2217127734342647,-0.2478718084569988,0.0,1,0.11382649165919101
UCQHmbWpdleFVdJOBb2mZIqg,0.7952601998720503,1.6,0.0,-0.1548665695060479,-0.2979506772641631,-0.3358105906754726,0.0,0.6913574657089212,0.7154674764909068,0.75,1,0.0004420810539639275
UCQKbUkkZ4kDmEL7GWdeEIXQ,-0.0256766994140688,0.8,0.0,-0.0941685255175485,-0.1511394917601811,-0.2790910825793642,0.0,-0.2217127734342647,-0.2478718084569988,0.0,1,0.16244429410457478
UCQNNgFrabu5-gaIv8h9tnCQ,0.0643997742815444,1.0,0.0,-0.0322176408655622,-0.0758846328506872,-0.1278602264457943,0.0,-0.2217127734342647,-0.2478718084569988,0.75,1,0.05519819300795614
UCQNRkfW2-DMxs6SPerh6rJQ,2.898781971292605,-0.4,0.0,-0.236754193170728,0.4323810336885532,0.6603763072238801,0.0,-0.2217127734342647,-0.2478718084569988,0.0,1,0.1181207945162524
UCQNnnqyPfqzi-Jgnbd79QSQ,-0.2693119915670353,0.0,0.0,9.163573436545857,0.0829357751404118,0.2180375396598323,0.0,-0.2217127734342647,-0.2478718084569988,0.0,1,0.11142300946004324
UCQOHekr5ykscySeOjzbU-iA,-0.3245261894153958,0.6,0.0,31.30688171475075,-0.4863960355641483,-0.4798805582304563,0.0,1.6044277048521072,2.160476403912765,0.0,-1,-0.08082779593291345
UCQOUQXFYKzb0O0uT0I-5aNg,-0.3390962660973957,2.4,0.0,3.5459579029019954,-0.3470359868000466,-0.4146944318259119,0.0,4.343638422281664,6.495503186178341,0.0,-1,-0.06115351437415384
UCQQGl92ujpYeXQ_0ZsN_kLQ,16.97044909676761,0.2,0.0,11.283001031845512,-0.1597597689006244,-0.0451435516604455,0.0,-0.2217127734342647,-0.2478718084569988,0.0,1,0.010652044941200589
UCQQYC8P3PrpXREuOmAYoIqw,0.6422361654574873,1.2,0.0,0.0403338312403794,-0.1549921295883122,-0.2079548131625473,0.0,-0.2217127734342647,-0.2478718084569988,0.25,1,0.13879965456291554
UCQQkSWu7z_e3jrYjWhjRJLQ,2.391789960937613,-0.4,0.0,-0.2376764027487559,-0.3134896498376252,-0.3006815268148833,0.0,-0.2217127734342647,-0.2478718084569988,0.25,1,0.13230636628803416
UCQSSAFhoaOYMV29cMnuwH7A,-0.2249215822290604,0.6,0.0,0.7627740172227808,-0.3846863969014876,-0.4714502301351627,0.0,-0.2217127734342647,-0.2478718084569988,0.0,1,0.1593894285580456
UCQSgJb6uMhddEhjMmMbm7Nw,-0.32317260321795,2.0,0.0,1.6071712054566063,-0.3850852582295764,-0.4040465938071147,0.0,-0.2217127734342647,-0.2478718084569988,0.0,1,0.14122744480932004
UCQV3aaUP4YUpOEwayB30Kvg,-0.3475880546031784,-0.4,0.0,3.4155846724462364,-0.1685534147433336,-0.2489487088570456,0.0,-0.2217127734342647,-0.2478718084569988,0.0,1,0.1577225370576844
UCQVbKy2KgIMzeUbmodbkgaA,9.03079067769242,-0.4,0.0,-0.2531240980913831,-0.1371929428223466,-0.1346725441049168,0.0,-0.2217127734342647,-0.2478718084569988,0.0,1,0.123947752800318
UCQWTks93HFXUh9KKcW-Q3dA,-0.0123791185121563,0.8,0.0,0.0018319647026209,-0.2382091066759437,-0.4010091164711716,0.0,-0.2217127734342647,-0.2478718084569988,0.0,1,0.15990577347892587
UCQWcsTQAO_IvosDt5sx9Fkw,2.770539846575405,-0.4,0.0,-0.2406761343705505,-0.4753774913756933,-0.4102490327264907,0.0,-0.2217127734342647,-0.2478718084569988,0.0,1,0.1375610902596855
UCQYZzbVyNL6mUhTQI0vNqag,-0.2156490266696383,0.0,0.0,16.612126367342775,-0.3929200343170363,-0.4198882257283973,0.0,-0.2217127734342647,-0.2478718084569988,0.0,1,0.08979298293195193
UCQa4nYh-3sGpPrJGcQQDkPg,-0.2198245296877106,-0.2,0.0,0.1384923814764014,0.5449679531526375,0.440474538829405,0.0,-0.2217127734342647,-0.2478718084569988,0.0,1,0.14666587442408502
UCQaT1yPnnvH7949yyvEMxrA,-0.1206773556249359,5.4,0.0,0.4247288845508153,-0.010654186486154,-0.3894464400108011,0.0,6.169778900568036,13.238878180813682,0.25,-1,-0.13845116929190204
UCQaUGLgCQg6Kf3yh5Lm9_Fw,-0.2699997452386539,-0.2,0.0,6.677471676888052,-0.2220922384282619,-0.2825588583523146,0.0,-0.2217127734342647,-0.2478718084569988,0.0,1,0.1441637368424909
UCQbBXHs3kS4fE4JQN4b6riw,9.031303917657054,-0.4,0.0,-0.2548384775304647,0.0552077903145198,0.4254292919075909,0.0,-0.2217127734342647,-0.2478718084569988,0.5,1,0.023511736121651583
UCQbnEjUaQen0Vfrkswq4hqw,1.4046980177134734,-0.4,0.0,0.10591962274211,-0.0651486154362952,-0.2102227730869233,0.0,-0.2217127734342647,-0.2478718084569988,0.0,1,0.16327472455740555
UCQbz6ZDEVMELTKz77eVoMXg,-0.33022818241093,0.0,0.0,2.4451262843301205,-0.0980831650984901,-0.5450299131347198,0.0,-0.2217127734342647,-0.2478718084569988,0.25,1,0.11277272389476972
UCQdJdpuO9gchZT4aVd-7SIA,0.0492785352408282,1.4,0.0,-0.187178693512926,-0.2560963537351237,-0.3743801228353528,0.0,-0.2217127734342647,-0.2478718084569988,0.25,1,0.14049495314654709
UCQeKX3uCsng1t5G7Q3zBnAg,-0.1153490914320409,0.0,0.0,0.0486113748409056,0.1743533670336366,-0.2771579551249762,0.0,-0.2217127734342647,-0.2478718084569988,0.5,1,0.10835177113945532
UCQfGxIQAQ4-0lWbOkoe9LPg,-0.0790628138497007,2.6,0.0,0.6745469690456063,-0.3003521548436981,-0.4263734181261275,0.0,-0.2217127734342647,-0.2478718084569988,0.0,1,0.13810172864870102
UCQglK45dlF_bXAvHrOmP1uA,26.65209349225761,0.0,0.0,-0.2502921503936894,-0.4080553972132656,-0.3495159932172942,0.0,-0.2217127734342647,-0.2478718084569988,0.0,1,0.020285542139886537
UCQkRji1TJMI_M_CrfY4QgTg,0.7765962214886695,-0.2,0.0,-0.2111243522329516,1.5825475308988075,-0.6003272946293761,0.0,-0.2217127734342647,-0.2478718084569988,0.25,1,0.07431422234268037
UCQlIllfrYJYT-QVq4CcjakA,14.13780403323189,-0.4,0.0,-0.2565448169827946,2.871717200948032,1.3660970339614251,0.0,-0.2217127734342647,-0.2478718084569988,0.0,-1,-0.03774540203695986
UCQlZUMBAkmyJ8tU9USLUehg,1.9500223139120296,0.4,0.0,-0.2398808627608356,-0.2661193273864045,0.0264290064623018,0.0,-0.2217127734342647,-0.2478718084569988,0.0,1,0.15647310262056147
UCQlsN4pD3nqhAlendcB6R8g,-0.336186492413596,-0.4,0.0,3.972660583554372,-0.0659961957584841,-0.1506833132520867,0.0,-0.2217127734342647,-0.2478718084569988,0.0,1,0.1511562162210009
UCQmaal1SpzrWiVVIHjd_RuA,-0.183037383627486,-0.4,0.0,-0.0293542504191619,-0.2126275914971532,-0.3791021151952722,0.0,-0.2217127734342647,-0.2478718084569988,0.25,1,0.15338722148817008
UCQpFkb-rTn03Np-89OWCA6Q,-0.225455323514597,0.4,0.0,1.784436540090957,-0.1436910586257943,0.1216168919341922,0.0,-0.2217127734342647,-0.2478718084569988,0.0,1,0.15341661412820173
UCQpV0iCHTga5D2PBrJz2r5Q,25.38865667022376,0.0,0.0,-0.2564674425913958,0.0441892461260649,-0.159618220730726,0.0,-0.2217127734342647,-0.2478718084569988,0.25,1,0.014106407807815913
UCQqRcukWbDR56i7EIS218Lw,0.079482131506758,0.0,0.0,-0.0815022932245028,-0.423796174625344,-0.5041138841619986,0.0,-0.2217127734342647,-0.2478718084569988,0.25,1,0.14839915983355773
UCQqWCUmjqwywrGYTET0s7dg,0.7719975631278538,-0.2,0.0,5.3977441483710935,-0.245400697288455,-0.1770604803743782,0.0,-0.2217127734342647,-0.2478718084569988,0.0,1,0.14133950479782048
UCQtdV-wVWcF90eTU614NI0w,-0.3335617577845359,3.6,0.0,3.4737443897559626,-0.282129177916638,-0.2640250782025164,0.0,0.6913574657089212,0.7154674764909068,0.0,1,0.051065959656982296
UCQtvUmn5rG0QiOLQo2YwEGg,-0.3380903884807552,0.0,0.0,10.4686069483832,0.2633493008634648,0.4719996076193613,0.0,-0.2217127734342647,-0.2478718084569988,0.0,1,0.09895171518954488
UCQuTblxRC3HQIVf7QNeZ4Yw,-0.0941646877264621,0.2,0.0,-0.1021580772757687,0.1077577702902278,-0.0184823456825178,0.0,-0.2217127734342647,-0.2478718084569988,0.25,1,0.1471651987786235
UCQv5e5zUSfTL6E_YSZzo3Fg,3.012172858355444,0.0,0.0,-0.1513586996917156,0.1023090396475853,0.2751371280439798,0.0,-0.2217127734342647,-0.2478718084569988,0.0,1,0.13705159597908628
UCQvA2-D5unfK9Qamk95Ga_Q,0.2479272455198891,-0.2,0.0,-0.1283112776496792,-0.2256238231040488,0.2507951692889146,0.0,0.6913574657089212,0.7154674764909068,0.0,1,0.09194691387954057
UCQvJGoOlnlsiFYCuJUHOomw,-0.1969184274093053,2.2,0.0,0.1573695501964832,0.8924758852500614,1.354616142408103,0.0,0.6913574657089212,0.7154674764909068,0.25,1,0.016515649712215863
UCQvm7pd5-dgTG2EtgTblJuA,-0.3115315836992183,0.0,0.0,5.581935789240762,-0.2234039698792685,-0.4598491106607901,0.0,-0.2217127734342647,-0.2478718084569988,0.0,1,0.1484219793718931
UCR-A5BhmwnBH82fXLYbX3DQ,-0.1958719718340283,1.2,0.0,0.163624958015339,-0.2730013898315275,-0.2874862898325335,0.0,-0.2217127734342647,-0.2478718084569988,0.0,1,0.15723740883989923
UCR28u2Ke2t-cExWCvC3Vr9w,-0.2787552231477547,-0.2,0.0,0.2589726015718298,-0.4149167617262229,-0.4852424837139505,0.0,-0.2217127734342647,-0.2478718084569988,0.0,1,0.16698230356497823
UCR3BnWuIwK2Dxzvem79BlSg,-0.3485551513960448,-0.4,0.0,2.7848511617807006,-0.3007759450047925,-0.3125366745482629,0.0,-0.2217127734342647,-0.2478718084569988,0.0,1,0.15807679035769284
UCR3PsGYkNWVJUBFF8wjXQYA,-0.3265869256370373,-0.2,0.0,1.675850116436423,-0.2884860303330543,-0.4669874188851491,0.0,-0.2217127734342647,-0.2478718084569988,0.0,1,0.16692042303139099
UCR4DFNGrs2GlKcmjT5Khvsg,4.408800067128197,5.4,0.0,-0.2145785268017695,-0.1223353583510363,-0.0422135793016227,0.0,1.6044277048521072,2.160476403912765,0.0,-1,-0.07117708525146171
UCR70gfrDqTz2gsEqen2BVFQ,0.3122929098451062,1.6,0.0,0.1222891146568459,-0.2205383411709157,-0.3466432768494403,0.0,-0.2217127734342647,-0.2478718084569988,0.25,1,0.13536513010622564
UCR7PyWuSQtYKIbN4rJxeong,1.7531280403578096,0.2,0.0,0.2900039189292345,-0.3965525214121314,-0.4377854490575275,0.0,-0.2217127734342647,-0.2478718084569988,0.0,1,0.15699655904717602
UCR8JGN56uZJD43Xite3vG0Q,0.7632244116662519,-0.2,0.0,-0.2058293115888705,-0.1669995174859874,-0.108489985180245,0.0,-0.2217127734342647,-0.2478718084569988,0.25,1,0.15789394221203196
UCR8rshYkNNQSqs6W6FMd02Q,-0.2368713780172304,2.6,0.0,0.1031621443229383,-0.3175156563680221,-0.3981894355720533,0.0,-0.2217127734342647,-0.2478718084569988,0.0,1,0.13420335735893352
UCR9UuIBwPdhhW8bpPmnRo-Q,0.7656891148022066,1.4,0.0,-0.2049628787831101,-0.0015195498205474,0.1056767508068469,0.0,-0.2217127734342647,-0.2478718084569988,0.0,1,0.1469916475730545
UCR9z6OFrajaTWBgu3Umfh8w,-0.3293107735485241,-0.4,0.0,0.8120659481731104,-0.3812960756127322,-0.4209985850330874,0.0,-0.2217127734342647,-0.2478718084569988,0.0,1,0.1659916546374693
UCRA1PRX4eCYPq6lKUCFF6EQ,0.9550036645674128,1.0,0.0,-0.2105558106309987,-0.216441702947003,-0.3458798313838818,0.0,-0.2217127734342647,-0.2478718084569988,0.0,1,0.15163562173980094
UCRBfb6hc7QJD0IjAPRVKTyw,0.0009442979101397,-0.4,0.0,-0.0030295744503934,0.0670739148251636,0.5074984734492077,0.0,-0.2217127734342647,-0.2478718084569988,0.25,1,0.14021105183428872
UCRBpFIalBn-M7mmRV81tO2g,-0.2564158527862217,0.6,0.0,0.920022519818836,-0.2757723255002218,-0.3252778231807243,0.0,-0.2217127734342647,-0.2478718084569988,0.0,1,0.1628580625747505
UCRC1RnPWiE3h8yA4mHt227Q,-0.225950182984631,-0.4,0.0,0.3670482095295621,-0.3211178727373246,-0.3725776272543535,0.0,-0.2217127734342647,-0.2478718084569988,0.25,1,0.152665369284205
UCREdcQjCGJF-LcChGdv1sAg,0.3961820931556347,0.0,0.0,-0.1509869011783129,-0.2942374682336215,-0.4228242894038172,0.0,-0.2217127734342647,-0.2478718084569988,0.0,1,0.1693157207230458
UCREzd_hIP92_wI5K1TKjwDg,-0.1108451261051528,2.4,0.0,4.434829577205909,-0.2428728261521024,-0.2690494593398991,0.0,-0.2217127734342647,-0.2478718084569988,0.5,1,0.03542199646890598
UCRF0f3n46KQfBGRNc8WP9vA,-0.0470061708519508,1.6,0.0,-0.0300077791816145,0.0054830780794413,0.2036284800362697,0.0,-0.2217127734342647,-0.2478718084569988,0.25,1,0.12636809463103876
UCRGAJrSN_BLSJ9fOmoEW2Ag,5.380751057132133,-0.4,0.0,-0.2399046184150028,-0.4067234852783974,-0.3085770304765018,0.0,-0.2217127734342647,-0.2478718084569988,0.0,1,0.13097626402713436
UCRHNGkLkUbGZHwfjSx3qqfA,0.1300474781051996,-0.4,0.0,0.5229924012045858,-0.3346791578923461,-0.3762342948764137,0.0,-0.2217127734342647,-0.2478718084569988,0.0,1,0.16897796978555663
UCRJmRbuqfi60SuxtYiW3oew,-0.1525457337037185,0.2,0.0,24.971481441048763,-0.3324542595466004,-0.3884380043491366,0.0,-0.2217127734342647,-0.2478718084569988,0.0,1,0.07174027978389258
UCRKUzPDYdsc7gUJb8Cbx-1Q,0.0,0.0,0.0,0.0,-0.1985819747294525,-0.5132702100095072,0.0,0.6913574657089212,1.6788067614388125,0.0,1,0.06969701524638217
UCRKXbLrqPThjrlRYcUWjFaQ,0.6055494595556312,0.6,0.0,-0.1953998868207879,-0.3732440625519382,-0.3343926868493052,0.0,-0.2217127734342647,-0.2478718084569988,0.0,1,0.1594251968130761
UCRKp9xGVz9nIw_eHduy1E6A,-0.1096228604216479,0.2,0.0,0.0238096112585154,-0.2413393749113002,-0.3954002182582345,0.0,-0.2217127734342647,-0.2478718084569988,0.0,1,0.16485976079256304
UCRMWaAC3bJ2FOZRRDuNHM1Q,0.1070079779947639,3.0,0.0,0.569282659492092,-0.4302631024082783,-0.519649512530923,0.0,-0.2217127734342647,-0.2478718084569988,0.0,1,0.12300922639065481
UCROecyVH2v_irQucpSXVCKg,5.702066845735684,0.2,0.0,-0.2497700855435524,2.440192869413639,2.4044581472632958,0.0,-0.2217127734342647,-0.2478718084569988,0.0,-1,-0.00875529778948303
UCROh_jMW6Pu3x_o0KegRV7g,0.1513236075482596,0.8,0.0,-0.1411576619084114,0.5365563605612178,0.6498663688625755,0.0,-0.2217127734342647,-0.2478718084569988,0.0,1,0.12832563762043142
UCROqGDh9OMFavfKReiteO0Q,0.4665287653745158,0.2,0.0,-0.1178994202327475,-0.1120833757775022,-0.3745263512266231,0.0,-0.2217127734342647,-0.2478718084569988,0.5,1,0.1132280355504679
UCRQeF8gEJzqzX3IFIPxL3cA,0.7857381610791301,0.4,0.0,-0.2364887199571186,-0.2939011268359275,-0.3272375828312354,0.0,1.6044277048521072,2.160476403912765,0.25,1,0.0239010777980746
UCRS18GYITkjpW5W0SqvMtHg,0.4776148546519516,0.6,0.0,-0.0163198448169731,0.0662263345029747,-0.2416649299727122,0.0,1.6044277048521072,1.1971371189648596,0.0,1,0.0735754501467707
UCRSbGeloMR4L_oZz_bBAxsQ,0.12262175828629,-0.2,0.0,-0.0249265360261451,-0.4092662262449639,-0.5905404698533198,0.0,-0.2217127734342647,-0.2478718084569988,0.25,1,0.1366409449718698
UCRSlhe2nkHIIHCWQAMvYMLg,1.4135333800798795,-0.4,0.0,-0.2306862095434909,-0.3567162462692559,-0.4157887612582978,0.0,-0.2217127734342647,-0.2478718084569988,0.0,1,0.15956173481606312
UCRT817aaVgXP3cWlxAq-_iQ,-0.2552971169128949,0.2,0.0,0.1604716727578863,0.3011120312895567,0.5982374037153082,0.0,-0.2217127734342647,-0.2478718084569988,0.0,1,0.14082461045263095
UCRVCVTtNANjyhPgUsjC9rkw,-0.3131255698152801,2.2,0.0,2.1618191800950965,0.1082286482469994,0.0720667173072938,0.0,0.6913574657089212,0.7154674764909068,0.25,1,0.05386667566051995
UCRY3A47Jie-_Olsa591jqog,12.734890160643417,-0.4,0.0,-0.2564781945391121,-0.198218726019943,-0.0445891620279361,0.0,-0.2217127734342647,-0.2478718084569988,0.0,1,0.10696956999475632
UCR_30faWJ88xF-QiH4ruwEA,-0.1817945794156008,-0.4,0.0,4.649346736468124,-0.0532824909256515,0.0022946694178739,0.0,-0.2217127734342647,-0.2478718084569988,0.0,1,0.14672827359380497
UCR_YSxno8pxJNVId28VSw5Q,0.0235226147014892,-0.4,0.0,-0.0845052638182961,-0.4389315375215733,-0.5057775846435271,0.0,-0.2217127734342647,-0.2478718084569988,0.25,1,0.14689179593837737
UCRb2TnINcmAFNklQxvB4itg,-0.068517712014327,-0.2,0.0,0.060922304433591,-0.3259208278963948,-0.2788566253997135,0.0,-0.2217127734342647,-0.2478718084569988,0.0,1,0.17365304108698126
UCRbUMOwFnjHZkX_nN1Nx2EQ,1.2156602862763004,-0.2,0.0,-0.2337777289662931,-0.3414598004698568,-0.5072237743020043,0.0,-0.2217127734342647,-0.2478718084569988,0.0,1,0.15830199101437498
UCRbzxb55iqh_yFaF7y8rZ6Q,-0.0810644194142595,0.0,0.0,-0.0934697734634144,1.9736453081373724,1.0449265812447044,0.0,-0.2217127734342647,-0.2478718084569988,0.25,1,0.07074397998098719
UCRc3gIC2TXbnHV0Iai8u7sA,0.0289148155696092,0.2,0.0,0.1705573784717586,0.0717356065972022,0.0545582185463299,0.0,-0.2217127734342647,-0.2478718084569988,0.0,1,0.1638446521182208
UCRd_9czd0mkQLf-c6hxRODg,-0.3102795387441681,0.2,0.0,1.2320595138056851,-0.3287460956370242,-0.4137776464344242,0.0,-0.2217127734342647,-0.2478718084569988,0.25,1,0.1362061000028854
UCRdjGa8Gg1hTQ2YKZRdZT2Q,0.3128634121198455,-0.2,0.0,-0.0748547762596648,-0.484842138306802,-0.4632874770353188,0.0,-0.2217127734342647,-0.2478718084569988,0.25,1,0.14938838405050653
UCRdyhvvXLO4jNo60djOFkMw,-0.0681442109381347,0.4,0.0,10.910761430933546,-0.0123161086865243,-0.4598457286188754,0.0,-0.2217127734342647,-0.2478718084569988,0.0,1,0.11584135402607176
UCReXeTcGQPqZdHHzSnnnwsw,-0.3201078012900926,0.4,0.0,1.479128150832007,-0.5095632310373099,-0.5163395530806079,0.0,2.517497943995293,1.6788067614388125,0.0,1,0.024851614966171942
UCRgqAkj_qI2UTSGbRsSPfnw,6.351890144926577,-0.4,0.0,-0.2412111063209252,0.718015602266192,2.301246878570959,0.0,-0.2217127734342647,-0.2478718084569988,0.0,1,0.05404942186102407
UCRhuU8B54CT4kWDmg7oLkOA,-0.2107960633676679,1.2,0.0,0.1257393319524599,0.2762958574331624,0.7907737185579863,0.0,-0.2217127734342647,-0.2478718084569988,0.25,1,0.10642642142287645
UCRii9yjmoGpOlNzZCBRf2cQ,-0.0397143660651361,0.0,0.0,4.892461383228631,0.4371032669121768,0.5394148443641813,0.0,-0.2217127734342647,-0.2478718084569988,0.0,1,0.1263283519577751
UCRk4aTSxez8bnZTOHOJG2Vg,3.858909728936695,0.2,0.0,-0.246578660229823,0.3583237030373034,0.5035655024608192,0.0,-0.2217127734342647,-0.2478718084569988,0.0,1,0.1201685615676944
UCRkP97bcSb4iIwE7xF3lvng,3.0176274216159613,-0.2,0.0,-0.247257573397596,-0.2411627956775108,-0.3377597578952463,0.0,-0.2217127734342647,-0.2478718084569988,0.0,1,0.14979730402154962
UCRlO38cIew3bRGLRIJBSxqA,-0.1122696516442295,-0.4,0.0,-0.0788053451068929,-0.2422929027737626,-0.1850690402043976,0.0,-0.2217127734342647,-0.2478718084569988,0.25,1,0.15794822352971016
UCRljB1MO6gJr4D_FQ6thizw,0.4329132897982268,1.4,0.0,-0.2164208271137148,-0.1764843449009577,-0.1534538067791985,0.0,-0.2217127734342647,-0.2478718084569988,0.0,1,0.15321650685509453
UCRllauuwNU-Oycwi3DRkl3w,0.3658845745821268,0.0,0.0,-0.1723075675658429,0.6950098506639234,0.843993383075132,0.0,-0.2217127734342647,-0.2478718084569988,0.0,1,0.13677663734025358
UCRnmCEmz3iTiZUIA_K8L3qA,0.2014981161571029,-0.4,0.0,-0.1923220967689481,0.3408423588921586,0.6707045858231252,0.0,-0.2217127734342647,-0.2478718084569988,0.0,1,0.14451091040201075
UCRpi4ZOzNkh60r4FBYXLj8Q,-0.2445710378999088,0.4,0.0,0.5189063799875704,-0.2303326026717645,-0.2609520381504293,0.0,-0.2217127734342647,-0.2478718084569988,0.0,1,0.1684523032932022
UCRqjdA7uJzu1J6PvD5wqrYg,-0.1411489433733114,-0.2,0.0,-0.1025141776522821,-0.0815351683319462,-0.479029437663709,0.0,-0.2217127734342647,-0.2478718084569988,0.25,1,0.14889347905757255
UCRr73IzPT9vO8ICaLzMt6_g,5.043785691259807,-0.4,0.0,-0.2450460527223439,1.3325113358531002,1.4697461681736732,0.0,-0.2217127734342647,-0.2478718084569988,0.0,1,0.05645304582515398
UCRsrOw4Bqp2toVJBwF5YD8w,0.8393158032676554,0.8,0.0,-0.2236641813717421,0.491095234189271,1.11128400477662,0.0,-0.2217127734342647,-0.2478718084569988,0.25,1,0.09385185416142305
UCRt-kh-2FC24gW91i7ijslQ,-0.3462597647773488,1.2,0.0,3.471771163839138,-0.0953355146034823,-0.2040795394833094,0.0,0.6913574657089212,1.6788067614388125,0.25,1,0.032417664088056686
UCRtPH-t8SifJkJX6cqmwj2A,0.8938461034922158,1.6,0.0,-0.1941836865036007,-0.3558686659470671,-0.3549144683244289,0.0,0.6913574657089212,0.7154674764909068,0.5,1,0.031201285896740483
UCRu9mL0ujOnxUY--PlqTt3A,-0.263297934130194,0.0,0.0,0.2619741074863347,-0.2669938150204088,-0.1989239984672533,0.0,-0.2217127734342647,-0.2478718084569988,0.25,1,0.15787843983426403
UCRv0M_jcnCPoZG9Q_d7iUWg,3.874606494590647,0.2,0.0,-0.2264628858524535,0.111995671901172,-0.5824590789753877,0.0,-0.2217127734342647,-0.2478718084569988,0.0,1,0.11009398396987952
UCRvMSJ5Ss-7wgXgXbTihZYQ,-0.3321248070736315,0.0,0.0,1.5441098303519811,-0.101110237677736,-0.184583755606741,0.0,-0.2217127734342647,-0.2478718084569988,0.0,1,0.16704469344440803
UCRvkmG7fkSysN4SMaGaZ-7Q,5.810477123720223,-0.4,0.0,-0.2489360274704055,0.4510278007767077,0.3914793980056128,0.0,-0.2217127734342647,-0.2478718084569988,0.25,1,0.08571991584230221
UCRw14qvBPk_pnRx7mHQ9dOg,0.1466026482041357,-0.4,0.0,-0.1302128241083412,0.0840255212689404,-0.3121555727620169,0.0,-0.2217127734342647,-0.2478718084569988,0.25,1,0.1489784661047035
UCRwsjitJW1YHmQL7GzJgyuw,-0.1822479060372568,0.2,0.0,-0.1237024882326022,-0.1602895066019924,-0.1006700772199285,0.0,-0.2217127734342647,-0.2478718084569988,0.25,1,0.15208026566405225
UCRyMCXAVxGh4ShHxpVVJP8w,-0.1279892161809083,1.6,0.0,-0.0276710006678393,-0.2414453224515738,-0.0673217290253296,0.0,0.6913574657089212,1.6788067614388125,0.0,1,0.07290902115350356
UCRyhBjm5HW73BhI_mgLlX8w,-0.2928410444912214,0.4,0.0,1.4659501287822847,-0.2486968429858561,-0.1359529819761733,0.0,1.6044277048521072,2.160476403912765,0.0,1,0.0481834361258473
UCS0BKkADiDte-YltNS20lFA,1.112788899645641,1.6,0.0,-0.2395682558517263,-0.2631998840544207,-0.2140895309066072,0.0,-0.2217127734342647,-0.2478718084569988,0.25,1,0.1308235078535509
UCS11wAYOnWu8ksrRAQyqf3g,-0.0500771273345615,-0.2,0.0,-0.108258655644745,-0.4127978109207508,-0.4647514111069343,0.0,0.6913574657089212,0.7154674764909068,0.25,1,0.08482631289114623
UCS2uGFIavn4hetsaXZbBClQ,-0.2933045965253961,0.0,0.0,0.2683341879030262,-0.2560963537351237,-0.2801622133134217,0.0,-0.2217127734342647,-0.2478718084569988,0.0,1,0.1726970919975176
UCS5MrdaDOdaEtve7jXfp9UQ,0.4172716908760105,-0.2,0.0,-0.1878612924120477,-0.1274457691171749,0.2565812665864025,0.0,-0.2217127734342647,-0.2478718084569988,0.25,1,0.14561540783983112
UCS6903cdTxHUQH2wnE5PXEg,0.4332917058052098,-0.4,0.0,-0.1851867330784226,-0.0125986354605872,0.0294100757001914,0.0,-0.2217127734342647,-0.2478718084569988,0.0,1,0.16672056029690124
UCS6Iurq14Z6uc9EgnYFEjkA,2.388619628594081,0.0,0.0,-0.240076782872096,-0.2191660682683243,-0.3309073132953481,0.0,-0.2217127734342647,-0.2478718084569988,0.0,1,0.15672935482763395
UCS7bb3vxlu8QPW63fgv8unw,0.0176214155213342,0.2,0.0,0.1206961951014486,-0.3319245218452323,-0.3846692251843624,0.0,-0.2217127734342647,-0.2478718084569988,0.0,1,0.16615814282991248
UCS9GHXdFBfcoNR59oAgGjjg,-0.3316461062801701,0.0,0.0,2.239437775635553,-0.5012892326540379,-0.5209431434411115,0.0,-0.2217127734342647,-0.2478718084569988,0.75,1,0.002912205089901476
UCS9fwF-italmITMm-fq2cxQ,41.70845261876674,-0.4,0.0,-0.2548445022635401,0.1526795273662363,0.2693910094272823,0.0,-0.2217127734342647,-0.2478718084569988,0.0,-1,-0.013153915566609276
UCSAHT5CECANBo1ZBgvPE1zg,-0.3231211419915494,3.4,0.0,2.680676137350509,-0.2579378228874983,-0.3773207401496926,0.0,-0.2217127734342647,-0.2478718084569988,0.5,1,0.01812925942710103
UCSCm490iUWT2tSn64O-YkqQ,5.6575570641745285,-0.4,0.0,-0.2529581522713286,-0.2956904630716595,-0.4109431735546949,0.0,-0.2217127734342647,-0.2478718084569988,0.0,1,0.12880147686565036
UCSDdGp66w8Df5FNqosEkL8w,0.219160357584715,-0.4,0.0,-0.1363195936000114,-0.4118089672115304,-0.463763969594697,0.0,-0.2217127734342647,-0.2478718084569988,0.0,1,0.16735911539930104
UCSEjNVXZbdns-GDtG1U3JMg,10.154705608844148,-0.4,0.0,-0.2533693175248897,-0.0092083141718318,-0.47584147383325,0.0,-0.2217127734342647,-0.2478718084569988,0.0,1,0.11480811250188977
UCSEnTsBo7CaSPJy8qSOwchQ,-0.1189847936608618,0.0,0.0,0.0445862343550075,-0.2010036327928492,-0.2171587557070353,0.0,-0.2217127734342647,-0.2478718084569988,0.0,1,0.17254260156887652
UCSF6UomQwIxC8T3wnPvainA,1.3477665565123664,-0.2,0.0,-0.2304390864546594,-0.187482708605551,-0.2823014991765059,0.0,0.6913574657089212,0.7154674764909068,0.25,1,0.09031905758995068
UCSF72pFFjfyuXnp_ZH3IebA,5.345736214916729,0.6,0.0,-0.2415007143016304,-0.1401594739500075,0.0771497012093932,0.0,-0.2217127734342647,-0.2478718084569988,0.0,1,0.12532225914343031
UCSFnvHBtXEfniAWp7IFMi_w,10.872439886992003,-0.2,0.0,-0.2546839458294747,-0.0313866659357731,0.0238902797610666,0.0,-0.2217127734342647,-0.2478718084569988,0.0,1,0.12116914513868898
UCSH9j3351LbD_isZZnT3swg,0.4615368704705483,-0.2,0.0,-0.1832868785759183,-0.2559954513158155,-0.306901577955918,0.0,-0.2217127734342647,-0.2478718084569988,0.5,1,0.11955698442959184
UCSIUusiaGHzvdQEWiShs9KA,12.831228695327528,0.6,0.0,-0.2525646547675959,0.0708880262750134,1.0907489140116229,0.0,-0.2217127734342647,-0.2478718084569988,0.0,1,0.04852341736100152
UCSIwJtVU38K6jn-T55Sx3sQ,0.8226048970374519,0.2,0.0,-0.1963469542723064,-0.3011997351658869,-0.4527888727056227,0.0,-0.2217127734342647,-0.2478718084569988,0.0,1,0.1632007542438308
UCSJeAvoN75qeUKLRKVvEXzg,1.2585858105912462,1.2,0.0,-0.1654113058506729,-0.4503412726279615,-0.5811337521258281,0.0,4.343638422281664,4.087154973808577,0.0,-1,-0.04998178041630186
UCSK3GvCts3xjt4MNerjrQWQ,-0.0771753342537896,2.4,0.0,0.0145524521068839,-0.1529847025094439,-0.3137126585476233,0.0,-0.2217127734342647,-0.2478718084569988,0.0,1,0.1446921300909892
UCSL5_XX844vS-YAbLgO0lSA,-0.1069082027574616,-0.4,0.0,0.0714284544735687,0.095891645779584,0.0818080736225135,0.0,-0.2217127734342647,-0.2478718084569988,0.25,1,0.1492956764959708
UCSL5vxKWOH2v-LXUU2jsAUw,-0.0984955917668843,-0.2,0.0,1.9952007220541712,-0.2552891343806582,-0.2080056726518145,0.0,-0.2217127734342647,-0.2478718084569988,0.0,1,0.16567172623308646
UCSLQYMjdxUCYP1sEUwuvbCw,-0.0734521678726657,-0.2,0.0,-0.0433983957440353,-0.2319806755204651,-0.4108308169154517,0.0,-0.2217127734342647,-0.2478718084569988,0.25,1,0.1569401754018075
UCSLa4Lll44idGWrO0IhFieQ,-0.3409171469636635,0.0,0.0,3.213358821365413,-0.0006114280467737,-0.1744027085655111,0.0,-0.2217127734342647,-0.2478718084569988,0.0,1,0.15358758454788007
UCSLaYPgIdARlxHkHO1W1s0g,0.3605525479522848,0.4,0.0,-0.1582721069305711,-0.2590561580348308,-0.2260250781867339,0.0,-0.2217127734342647,-0.2478718084569988,0.0,1,0.16871991907298262
UCSLz4GtoLvp1AhxFY6jCX5w,-0.0259350546179048,-0.2,0.0,-0.0281690814886797,-0.1811258561891348,-0.2562210726166598,0.0,-0.2217127734342647,-0.2478718084569988,0.0,1,0.1746373190996423
UCSMvFrrT9XyHB2PVoFHSWcA,0.1711830250228225,-0.4,0.0,-0.1541202378229517,1.8215651817560603,1.9376536713662609,0.0,-0.2217127734342647,-0.2478718084569988,0.25,1,0.04338659281922813
UCSN63doDgnvcppEluN_P0tw,-0.2629840518377724,0.6,0.0,0.8734680059333011,-0.1520255984606512,-0.1636813114509724,0.0,-0.2217127734342647,-0.2478718084569988,0.0,1,0.16056649637760068
UCSOzCFRSlMcmCnSF81whhZQ,-0.0094208871607714,-0.2,0.0,-0.0872453699924356,-0.0758846328506872,-0.1791020328702733,0.0,-0.2217127734342647,-0.2478718084569988,0.25,1,0.1599772944458111
UCSP3gcMnOhvoudPk_8y0-Ag,0.91154086425643,-0.2,0.0,-0.1393771732601009,-0.2637649376025466,-0.2742221603503417,0.0,-0.2217127734342647,-0.2478718084569988,0.0,1,0.16996507455144522
UCSPA3ltspWsJ_oYsmwCdo1g,-0.0463055912308027,-0.2,0.0,-0.0465136977403608,-0.1168510150898144,-0.0262039802702264,0.0,-0.2217127734342647,-0.2478718084569988,0.0,1,0.1723844645026829
UCSR_QSO0HJyMqJsPHKFqUGA,0.7580344467346098,0.0,0.0,1.2293100953215372,-0.2343014311645535,-0.2914707746068645,0.0,-0.2217127734342647,-0.2478718084569988,0.0,1,0.16517612188899522
UCSTjtpyqIt5CeqRYGjI-ecA,1.732009382267535,-0.4,0.0,-0.2421735910347156,-0.2405977421293849,-0.3518771610039709,0.0,-0.2217127734342647,-0.2478718084569988,0.0,1,0.1621965829460274
UCSTzzyk6HvlFnzsx7muZ97g,24.22439877524029,-0.4,0.0,-0.2551758046572185,0.2043819270197555,0.2674707949028722,0.0,-0.2217127734342647,-0.2478718084569988,0.0,1,0.020541343673774137
UCSU7sG44tJRYCf_mZWs2N-w,2.370983947991085,-0.2,0.0,-0.2459608990397115,-0.4841358213716447,-0.5466234715475369,0.0,-0.2217127734342647,-0.2478718084569988,0.25,1,0.11129818327379165
UCSVz193DQGmnwOncMD3LxXg,-0.1197114679909556,1.2,0.0,0.2320515551806416,0.3841993522964338,0.114090216553684,0.0,7.082849139711223,4.087154973808577,0.0,-1,-0.08654014901698148
UCSWfx2gNSjAM3wXx9AJH6XA,-0.0930379987545098,-0.4,0.0,0.0533088580358753,-0.3999428427008867,-0.4483555206417959,0.0,-0.2217127734342647,-0.2478718084569988,0.0,1,0.16848627485474926
UCSZid2wzqxgPDUpuUDaB6Cg,1.3600715907058107,-0.4,0.0,-0.2320406743846692,0.2459133628070086,0.3488202281686766,0.0,-0.2217127734342647,-0.2478718084569988,0.25,1,0.12847259270380973
UCS_5IEhg2wqMeTDwEFizitA,0.3991244871677652,-0.2,0.0,-0.2061315258621096,-0.027148764324829,0.1972380465113338,0.0,-0.2217127734342647,-0.2478718084569988,0.5,1,0.103176762245132
UCS_8UngNbgwoCEDecrueXzA,4.545646009881623,-0.4,0.0,-0.2535473501762048,-0.4228275113999853,-0.3829786102650565,0.0,-0.2217127734342647,-0.2478718084569988,0.25,1,0.09983161304258015
UCSclSvMq4D3GCi7r90bAFWQ,-0.1479709346387795,-0.2,0.0,0.0755425319559641,-0.4255115157535833,-0.552479051111395,0.0,-0.2217127734342647,-0.2478718084569988,0.25,1,0.1391961852958069
UCScpOrZ3XaroUs4TDhP5KIw,-0.3180661525051525,-0.4,0.0,0.5084291364648746,0.1399658225334037,-0.096032716717769,0.0,-0.2217127734342647,-0.2478718084569988,0.0,1,0.1584747843842328
UCSdpxZ3i3HFqPkk_Dt3eyTg,1.2227544502502872,-0.2,0.0,-0.2372050184123915,-0.4233925649481113,-0.3577644846989978,0.0,-0.2217127734342647,-0.2478718084569988,0.25,1,0.14778796666884075
UCSeN4d16aIIluNOdkY30tWg,1.1924160300267053,-0.4,0.0,-0.2128734438343832,0.6985212548558486,1.0788132562412789,0.0,-0.2217127734342647,-0.2478718084569988,0.0,1,0.12195200618101526
UCSezhcz1LOLfPy_BvLgGHEw,0.4020855646496827,1.4,0.0,-0.0024497140384695,-0.3717305262623153,-0.3848396063894685,0.0,-0.2217127734342647,-0.2478718084569988,0.0,1,0.1527279441770103
UCSgpgSpedoYZCNgNfvPevOw,-0.1704439170572218,-0.4,0.0,-0.0912417909152174,0.117081153834305,-0.0797784526336441,0.0,-0.2217127734342647,-0.2478718084569988,0.0,1,0.16253936607307862
UCShjx-A9up3IXsksClxr8uw,6.740472888233944,-0.2,0.0,-0.254156092099592,-0.3916083028660298,-0.4916085871412882,0.0,-0.2217127734342647,-0.2478718084569988,0.0,1,0.1261365173957949
UCSj6YzM0Tnf-AVYbHjSLGsA,1.946489959885454,-0.2,0.0,-0.2290101332362972,-0.1274457691171749,-0.3132447842511167,0.0,-0.2217127734342647,-0.2478718084569988,0.0,1,0.16244839349199724
UCSkUwNioVrXLtwUNWZ7p7rQ,0.5549210941185568,-0.4,0.0,-0.2168793558959012,0.7307293070990246,1.0146717835818917,0.0,-0.2217127734342647,-0.2478718084569988,0.5,1,0.06468608344956933
UCSkvzJvM2N6C-3AoB9JQG6w,-0.2616955320367507,0.4,0.0,19.28245962015568,-0.4671842149278679,-0.5450728892673444,0.0,-0.2217127734342647,-0.2478718084569988,0.0,1,0.06414856220129816
UCSl3cldrsFxmGNwkTOw7XIw,0.0599178382087694,3.2,0.0,-0.0940393797146765,0.2396854900048384,0.3068122766322503,0.0,0.6913574657089212,0.7154674764909068,0.25,1,0.03755934778322384
UCSnFbM8agTkZsBJYpLnoDOA,-0.2833079302720672,1.0,0.0,0.3902115307907955,-0.4117383355180147,-0.4456201579289143,0.0,-0.2217127734342647,-0.2478718084569988,0.0,1,0.15438723248688002
UCSqUuCs4GNpkcqRFuOuxPaA,1.8652390844923068,0.0,0.0,-0.2287728707197643,-0.4262178326887407,-0.4149221336059648,0.0,-0.2217127734342647,-0.2478718084569988,0.25,1,0.1341694911173581
UCSr0cVjai_tDvk8plNPgr0w,-0.296624598610681,-0.4,0.0,1.5629378923844808,-0.2134751718193421,-0.4567964660395887,0.0,-0.2217127734342647,-0.2478718084569988,0.0,1,0.16482774132086525
UCSs7CXaQq6VXGqx9Rybw8nA,-0.2898264413931574,0.0,0.0,0.5329820542933018,-0.4722293358932777,-0.4823413268886128,0.0,-0.2217127734342647,-0.2478718084569988,0.0,1,0.162206534538686
UCSsdoUpOAqTqwpOojiWy9wg,0.3210038504019041,-0.2,0.0,-0.1666596467871334,-0.1860700747352363,-0.2688811254851562,0.0,-0.2217127734342647,-0.2478718084569988,0.5,1,0.12633347650006854
UCStb05Z0RVc_kGNXymqzb6Q,-0.0990278181764922,0.0,0.0,-0.1693860703086546,-0.4310611488155341,-0.416202702724776,0.0,-0.2217127734342647,-0.2478718084569988,0.25,1,0.15055941870996242
UCSvJAXq4Klh3vH_rzFkeF3w,-0.0160338255480824,2.8,0.0,-0.0609858054024153,-0.4905935762073692,-0.5067402433125827,0.0,2.517497943995293,1.6788067614388125,0.0,1,0.01159704431289793
UCT-8oFVNQHeH-ma0K9moZVQ,-0.2137483623377936,-0.2,0.0,-0.0193061842993327,-0.0525761739904941,0.0132113533535118,0.0,-0.2217127734342647,-0.2478718084569988,0.25,1,0.15583353948805212
UCT027MsUrcJw70UteguhLmg,6.269763267279742,-0.4,0.0,-0.2478954424482407,-0.0481970089925184,-0.3816058102825399,0.0,-0.2217127734342647,-0.2478718084569988,0.0,1,0.13240665088638998
UCT0cX1LIBjqseP9q4y6IkRw,-0.1566585461062758,-0.4,0.0,12.308973256928018,-0.2745009550169385,-0.387056461236048,0.0,-0.2217127734342647,-0.2478718084569988,0.0,1,0.11780533669168591
UCT38sbSPio9wLTp-oR-CAKw,10.959706587177244,1.0,0.0,-0.2491842223594801,-0.0031339885294785,-0.0875132314557952,0.0,-0.2217127734342647,-0.2478718084569988,0.0,1,0.09743940844370819
UCT3_dxZ_pmfCKpJJmyAfdAQ,0.4384481414829637,-0.2,0.0,-0.2285510179583007,-0.3598240407839483,-0.3821203602328908,0.0,-0.2217127734342647,-0.2478718084569988,0.25,1,0.15356863964279516
UCT4700WW7RNXRnqn9cMlPYQ,10.015814108331815,1.6,0.0,-0.2536404148776037,0.0385387106448059,0.5594873095213142,0.0,-0.2217127734342647,-0.2478718084569988,0.25,1,0.042763649500705436
UCT4h4tL5nDSO1rmkCXxitpQ,-0.3268803066085574,7.2,0.0,2.7723610953193387,-0.1345910683449297,-0.1854732153862799,0.0,-0.2217127734342647,-0.2478718084569988,0.0,1,0.02820085099376818
UCT6Fi1ZtOq-XDZMdBJZYoHQ,-0.3477555998808899,0.6,0.0,3.167093292258092,-0.4313033146218737,-0.4822978451925821,0.0,-0.2217127734342647,-0.2478718084569988,0.0,1,0.14191958482154238
UCT6fmYeQhbDITHf5huyjFPA,0.2348452819584914,-0.2,0.0,-0.1700191918276733,-0.2362185771314093,-0.2557806337806757,0.0,-0.2217127734342647,-0.2478718084569988,0.5,1,0.12493786794942002
UCT7wdwhxwUvSJkHHMrc4Hkg,-0.3008259555112694,1.0,0.0,2.181001243839852,-0.2358654186638306,-0.0424479866378164,0.0,-0.2217127734342647,-0.2478718084569988,0.0,1,0.14531136281208912
UCT8m3FXCoQz2R8oPgR0DN-w,0.2946320823016943,-0.4,0.0,-0.0907980657393039,0.664618041968295,0.975730105739419,0.0,-0.2217127734342647,-0.2478718084569988,0.0,1,0.13302478053951905
UCT8rzlmv7RBp4i8sf3iVwtg,0.1797469216228102,-0.4,0.0,-0.0138623527380287,-0.2482259650290845,-0.3096253738051586,0.0,-0.2217127734342647,-0.2478718084569988,0.25,1,0.1584252476985511
UCT8t2SuqoFfnI5Ub9RXavPg,0.5069126561042623,1.6,0.0,-0.2044438356618782,0.3741805182315863,0.4414089062566259,0.0,-0.2217127734342647,-0.2478718084569988,0.0,1,0.12398078673211016
UCTB2-6cbIjyH3cQLipK3jmA,-0.3036445336641628,-0.4,0.0,13.364098584772144,0.2687980315061073,0.5777729592154277,0.0,-0.2217127734342647,-0.2478718084569988,0.0,1,0.0780210924838719
UCTBLOjmW2hYr6uRFVlMLkjA,6.357649330314866,1.2,0.0,-0.250760027234954,0.8389587943939071,2.3241850639663704,0.0,0.6913574657089212,2.6421460463867183,0.0,-1,-0.06784972988663462
UCTFIxp3ac9LgeSbleTkdd6A,-0.2094477978958318,0.4,0.0,0.090484573681789,-0.0071364511620369,0.047676150481497,0.0,-0.2217127734342647,-0.2478718084569988,0.25,1,0.1507355649712298
UCTFrl0KTzHTqpYYKAl8p0pg,1.4844538115567465,-0.2,0.0,15.789991564562076,16.76059215049544,0.3581384332832261,0.0,-0.2217127734342647,-0.2478718084569988,0.0,-1,-0.11184177900333303
UCTFxVVYzyaWaL4a27duBS4g,3.678739297014919,2.0,0.0,-0.2437353519906834,-0.2482259650290845,-0.0995687577321851,0.0,-0.2217127734342647,-0.2478718084569988,0.0,1,0.1141302176466133
UCTG1OPWCER0zdGkMOgtlJjA,-0.2208601998642816,1.4,0.0,3.413515310193004,-0.2951455900073952,-0.2930360987826866,0.0,-0.2217127734342647,-0.2478718084569988,0.0,1,0.14294727625310566
UCTGEPPRerDe-_wOEemVmm4g,-0.3587223926789425,-0.4,0.0,4.285252829452892,-0.0117510551383983,-0.1676129334299984,0.0,-0.2217127734342647,-0.2478718084569988,0.0,1,0.14681466263516307
UCTGUaQxmF7ApDZhMM_5KRfg,-0.0961599638286471,6.4,0.0,-0.0445598295455388,-0.2133447748466977,-0.2289930069092303,0.0,-0.2217127734342647,-0.2478718084569988,0.25,1,0.03726639101335444
UCTHJez5byxuR8cd9-92KX1g,-0.297468687478139,-0.4,0.0,1.8642013166859053,-0.2312743585853077,-0.2191328775788837,0.0,-0.2217127734342647,-0.2478718084569988,0.0,1,0.16363398863952733
UCTLn6KtFGPipBKO_reldlvQ,-0.2823132627372989,-0.4,0.0,0.806483383223895,-0.1473639066886126,-0.0492405566330017,0.0,-0.2217127734342647,-0.2478718084569988,0.25,1,0.15000634023712017
UCTMIhzxjycbx2aaixQKPaNw,0.1754098318390126,0.6,0.0,-0.2132382930303726,0.9769513906948823,0.2506224402229219,0.0,0.6913574657089212,1.6788067614388125,0.5,-1,-0.023135208594972756
UCTMXFWOOHSX7jRYSk9A6bLA,0.0726480212338605,-0.2,0.0,-0.1442529034962648,-0.1726500529672464,-0.2948012707439201,0.0,0.6913574657089212,0.7154674764909068,0.25,1,0.09927561441742228
UCTNWJL89ZKGPwI5vsaKOc1A,0.0066255202734963,2.2,0.0,3.270480378043099,0.3450802605031028,1.6202158761141106,0.0,-0.2217127734342647,-0.2478718084569988,0.0,1,0.07743502398767155
UCTNe1PH2LuC-sV8txr__DUQ,0.4116168610177225,-0.4,0.0,5.822675559663305,-0.0702340973694283,-0.0847936616803241,0.0,-0.2217127734342647,-0.2478718084569988,0.0,1,0.14573928049654022
UCTPTnBO46Q7gUbnZeamoRDg,0.2472521158143428,-0.2,0.0,-0.1351520675768895,-0.1987837795680689,-0.2675832481114047,0.0,-0.2217127734342647,-0.2478718084569988,0.25,1,0.16157227721875783
UCTRzwbjZxwzSwuIt9GfqqHg,0.3806491791554384,5.4,0.0,-0.0861461625090172,0.4686026280456233,0.5037043918758226,0.0,-0.2217127734342647,-0.2478718084569988,0.25,1,0.018159598940530097
UCTSUFE45B-liBKLuJgfbvAQ,-0.2649491488924501,0.0,0.0,1.595049580612109,-0.3759684278732595,-0.461037869354721,0.0,-0.2217127734342647,-0.2478718084569988,0.25,1,0.12825442601489578
UCTTK3BDWg-_WRBpQq5Bb_QA,-0.31817643547276,-0.4,0.0,0.7465860813690166,-0.3626493085245778,-0.5041040085232282,0.0,-0.2217127734342647,-0.2478718084569988,0.0,1,0.1625119371039
UCTV-WQyRb6uYh7F33nyrifA,-0.3238574221887499,1.6,0.0,2.9121574119258344,-0.4050283246340197,-0.4276323868094084,0.0,-0.2217127734342647,-0.2478718084569988,0.25,1,0.09370278103106516
UCTVmgKyPB8f7pdR6EAz3Y5g,0.7738780291139828,-0.2,0.0,-0.1614979521548494,-0.316738707739349,-0.3318453384955027,0.0,-0.2217127734342647,-0.2478718084569988,0.0,1,0.16849131146425056
UCTWNBGi-GCLeop4Xa2sYaWQ,0.0618388765241187,2.2,0.0,17.707004382184245,-0.4259823937103549,-0.4562940336059032,0.0,-0.2217127734342647,-0.2478718084569988,0.0,1,0.058410052919447564
UCTWVdFpZaBtYDd-Sra7-wkg,7.412277314877173,0.2,0.0,-0.2531897273190091,-0.281069702513902,-0.2545621515532592,0.0,-0.2217127734342647,-0.2478718084569988,0.0,1,0.12543754601470458
UCTW_udshchHbLB6NDD21oDQ,-0.3381503775675307,-0.4,0.0,6.849742849673098,-0.3541735053026894,-0.4659439383206012,0.0,-0.2217127734342647,-0.2478718084569988,0.25,1,0.08949459260161652
UCTWqdUVXwbpNW4Rc7UWUSkw,1.27510704746938,-0.2,0.0,-0.2312809630603043,0.6558597119723437,0.3715925016796115,0.0,-0.2217127734342647,-0.2478718084569988,0.5,1,0.07545491087791234
UCTXPIcL4hmR-y4sDn99cL_A,0.6537332192107379,-0.2,0.0,-0.1879142054084691,-0.2383375279368814,-0.3780971614478906,0.0,-0.2217127734342647,-0.2478718084569988,0.25,1,0.15062890634726545
UCTXfX3bgc6a-SGZjjLX7WEg,-0.2090987031540459,0.0,0.0,0.4608183298939477,1.1085079649889071,1.864273449983484,0.0,1.6044277048521072,1.1971371189648596,0.25,-1,-0.029934157844735076
UCTY0NEGXgkskpHE2UQ2jC_Q,1.104908085849825,0.2,0.0,-0.2409921503410389,-0.150754227977368,0.1199001808419889,0.0,-0.2217127734342647,-0.2478718084569988,0.25,1,0.14268729693068682
UCT_YRvViA6I5pKSzvAjL8ZA,-0.1560519897844341,0.6,0.0,0.0703434133146557,-0.4092662262449639,-0.487083586571311,0.0,-0.2217127734342647,-0.2478718084569988,0.0,1,0.15942717631359138
UCTaJU7c1y_Bxw1UBC9idMUQ,0.2056850985683236,0.4,0.0,-0.0934045888912975,0.4882271593616623,0.4553953725965288,0.0,-0.2217127734342647,-0.2478718084569988,0.25,1,0.1261375953929199
UCTb40Otegvfv42VUd0MWNBQ,1.9573927744234525,0.2,0.0,-0.2295245145615382,-0.3652979970314179,-0.4345576297418592,0.0,-0.2217127734342647,-0.2478718084569988,0.0,1,0.15323091271006045
UCTcN_m1rruYCI3lkWxCnn-w,-0.1894931788851291,0.6,0.0,0.2693404626789274,-0.0549776515700292,-0.0367211088493225,0.0,-0.2217127734342647,-0.2478718084569988,0.25,1,0.1442596371817515
UCTdSnPV0W7h3-FtPkPTND6w,-0.1966494527721916,1.4,0.0,0.2291589149460832,-0.3090701238719262,-0.2448785789208752,0.0,-0.2217127734342647,-0.2478718084569988,0.25,1,0.1414951657163182
UCTe19yIBjNLXb0g--EummIA,-0.3194877120766214,0.0,0.0,1.5901083385747212,-0.3850496456109971,-0.4881627650482998,0.0,-0.2217127734342647,-0.2478718084569988,0.0,1,0.16005559324242774
UCTf6DpyUcgfOxXWs3OKoLEw,0.9276002322958656,2.2,0.0,-0.1856888654153727,-0.1790069053836626,0.0133283638829916,0.0,8.908989617997594,7.458842471126247,0.0,-1,-0.11775160333634449
UCTfIVF6hSBPXSnLoNqIUbmw,0.9667025464059298,0.0,0.0,-0.0935660981630236,-0.4292449052679866,-0.393111380175824,0.0,-0.2217127734342647,-0.2478718084569988,0.0,1,0.16229225531307068
UCTiw2Kk7TAAQDsxpHK0C4gQ,-0.2604660419010829,5.8,0.0,6.40062613305802,-0.3574696510000904,-0.4050742646548504,0.0,-0.2217127734342647,-0.2478718084569988,0.0,1,0.03388606069262684
UCTlbHzcI7qr70LrriWUNfPg,13.386827923655554,-0.4,0.0,-0.2550733760421859,8.55304810057982,26.807327186341965,0.0,-0.2217127734342647,-0.2478718084569988,0.0,-1,-0.16802972369555536
UCTlfDryLc8PfDf4_I9mXBqg,0.3842380538959935,0.2,0.0,-0.177219860321475,-0.0093142617121055,0.220478776305161,0.0,-0.2217127734342647,-0.2478718084569988,0.25,1,0.14426721341640075
UCTp3b5p_bImdxeoBkDJbgUw,0.910056285846328,-0.2,0.0,-0.1826467646191231,-0.2213859214931046,-0.345191115065978,0.0,-0.2217127734342647,-0.2478718084569988,0.0,1,0.1693727340672841
UCTqA0l_3MfL52auQ834ItBQ,-0.3390314294076484,5.6,0.0,3.991943578338173,-0.1164877663803049,-0.1459509056461426,0.0,-0.2217127734342647,-0.2478718084569988,0.0,1,0.05464116066437125
UCTqAo8XD8qDaOVKKRhMRWjg,-0.3323485037524326,-0.2,0.0,3.2006025988015177,-0.229861724714993,-0.3209691095508545,0.0,-0.2217127734342647,-0.2478718084569988,0.0,1,0.16012877729390296
UCTqnYf3KeKyZ__cN_-FGy_w,-0.3377862480058443,1.2,0.0,4.21001117403585,0.3013972746672164,-0.2212467317296709,0.0,0.6913574657089212,0.7154674764909068,0.0,1,0.0625594108828792
UCTrQzL5qwQG-MQYUXMtQmVQ,1.7908354482967723,-0.2,0.0,-0.2310691894573887,0.6537407611668716,0.2092075591669309,0.0,0.6913574657089212,0.7154674764909068,0.0,1,0.055991758017586934
UCTrxIWNCl0sVZmE3JKJem8g,-0.2865649135187192,1.4,0.0,3.485191025090113,0.0590219017643696,0.5564525868369327,0.0,-0.2217127734342647,-0.2478718084569988,0.0,1,0.1208173659701336
UCTt4H-yiLhxMBNtdg4jbvFg,-0.1036506135604381,-0.4,0.0,0.0234310862359544,-0.0753195793025613,0.1184437512352516,0.0,-0.2217127734342647,-0.2478718084569988,0.25,1,0.15184460935534194
UCTwXFoAN_jz9ZitdPAHJJ0A,-0.2986674256324546,2.2,0.0,1.5159396452493168,0.1280055224314056,0.5730168658768491,0.0,-0.2217127734342647,-0.2478718084569988,0.25,1,0.09312373710923227
UCTxY-2FMHlji_V0_3VifdEQ,1.6946170937696694,-0.2,0.0,-0.2207744618783817,-0.3781882810980398,-0.3918094796190076,0.0,-0.2217127734342647,-0.2478718084569988,0.0,1,0.1596521288919801
UCTzP4kyP71GCcsemgVQkBDQ,0.2576936506320594,0.2,0.0,-0.1365047798859653,-0.0442769500023951,-0.2908695065285135,0.0,-0.2217127734342647,-0.2478718084569988,0.25,1,0.15270435445333447
UCU-Ct6Q9jjU7PGeBUfKX4HA,-0.233177959015527,-0.4,0.0,4.629913522935114,0.1560698486549917,0.2561433647792566,0.0,-0.2217127734342647,-0.2478718084569988,0.0,1,0.13224553568753222
UCU13CW1HqrY3k22Lz83wf9g,0.0736094624899265,-0.2,0.0,-0.0686391382433426,-0.2129101182712162,-0.119581521830413,0.0,-0.2217127734342647,-0.2478718084569988,0.75,1,0.06832581104819174
UCU17oKMQKIuVNmOLiooMV8w,21.426116930039257,-0.4,0.0,-0.2566758560907298,0.2145528908860215,0.313809203718712,0.0,-0.2217127734342647,-0.2478718084569988,0.0,1,0.03387056196517951
UCU21FOWGN-pL0XXZU-KQEkw,-0.3485248538774713,0.0,0.0,4.085259108063233,-0.4352990504264782,-0.5235226647171345,0.0,0.6913574657089212,0.7154674764909068,0.0,1,0.07170986216730801
UCU3K3YwRZXKjnhAVcy4gGFw,-0.2194331867394694,0.0,0.0,0.2423760474447111,-0.3590168214294827,-0.4291189008782666,0.0,-0.2217127734342647,-0.2478718084569988,0.0,1,0.16920671469619636
UCU3jA93DwrRu15m5fRIn9cw,0.8660123791291057,2.6,0.0,85.19826471468986,-0.4878793011279787,-0.5262715643484964,0.0,-0.2217127734342647,-0.2478718084569988,0.0,-1,-0.08751187692017881
UCU74vVs6dNI7tKakVEO_nkQ,2.13149246581555,-0.4,0.0,-0.2386591775844948,-0.1990663063421318,-0.2995183915988141,0.0,-0.2217127734342647,-0.2478718084569988,0.0,1,0.16160519319207928
UCU9cSKi__6qzJ1qW9rw_aKA,4.5824508294943485,-0.4,0.0,-0.2538710343819544,0.0314755412932323,-0.094543154961801,0.0,-0.2217127734342647,-0.2478718084569988,0.0,1,0.14018242275176607
UCUCQPwG8XSG6Ah4ahZMhzsw,0.7464614005899014,-0.4,0.0,-0.2214902230157017,-0.3329839972479684,-0.2893613005916511,0.0,-0.2217127734342647,-0.2478718084569988,0.5,1,0.10602265702226038
UCUCn5RLzBPoyl8kB-0OYE6Q,-0.3412774543768531,3.8,0.0,2.449193465220074,-0.1117981323998425,-0.4522578944113533,0.0,16.213551531143082,8.903851398548106,0.0,-1,-0.15836200778461929
UCUCrZKV_ARlnodDuMMOmJWg,1.09150287301318,-0.4,0.0,-0.2178966942691522,0.3188052705152489,0.3509286634720365,0.0,-0.2217127734342647,-0.2478718084569988,0.0,1,0.14024281138892453
UCUEYQ20eOQ0eLzUrPgPrvWA,0.0085623059802625,-0.4,0.0,-0.114855282464692,0.2374375595851202,0.1771788059903681,0.0,-0.2217127734342647,-0.2478718084569988,0.5,1,0.10220051061938812
UCUEnZzmPJukk_Whs0riexcw,-0.3148012919036713,5.6,0.0,1.4233508640623749,-0.1807827879634869,-0.4093417466277135,0.0,-0.2217127734342647,-0.2478718084569988,0.0,1,0.07032981487627743
UCUFhQHlcIFbRMyi8fxg4Tow,-0.281104391746216,-0.4,0.0,0.444278754357718,0.1670883928434466,0.037758169764613,0.0,-0.2217127734342647,-0.2478718084569988,0.0,1,0.1562324561063861
UCUGRF0yjFAfhUH1TQccTalA,-0.29150916557473,-0.4,0.0,0.6880261275440046,0.8841413454152044,0.1200798511652252,0.0,-0.2217127734342647,-0.2478718084569988,0.0,1,0.1360266601349151
UCUH3Sx4ZPmwhFgtNI6PDeDQ,-0.1391852510217675,0.8,0.0,13.496314037814662,0.7365082638412213,0.4622505586552356,0.0,-0.2217127734342647,-0.2478718084569988,0.0,1,0.06309708183009843
UCUI-X-3pHnhsZBr5AJ5a6dg,-0.1490207436573516,-0.2,0.0,0.0969593826696519,-0.129564719922647,-0.3209024494522238,0.0,-0.2217127734342647,-0.2478718084569988,0.25,1,0.16048099943361455
UCUKG5Sa2n6Xo92Rd_uTx7eA,3.4305193116229638,0.4,0.0,-0.2402076767887795,0.4072361507969509,0.3469514860278204,0.0,-0.2217127734342647,-0.2478718084569988,0.0,1,0.1232448138760896
UCUMjr51IH7WYuKuQ_W-_QFw,-0.2927562114392156,0.6,0.0,0.4807442055626985,-0.2863670795275823,-0.1580714101914484,0.0,-0.2217127734342647,-0.2478718084569988,0.5,1,0.10447808526076907
UCUOgwTU_S01F3EqqLuY64vQ,-0.1957474956442583,0.6,0.0,0.3568568316957174,-0.2528876568011231,-0.3532498983418567,0.0,-0.2217127734342647,-0.2478718084569988,0.0,1,0.16336280635525602
UCUP1QRlC4di3B0eyqSUMCTw,-0.2096622369995132,-0.2,0.0,2.887629564270211,0.2243000645911932,0.4960355353869969,0.0,-0.2217127734342647,-0.2478718084569988,0.0,1,0.13886472727501847
UCUPMXMaExZBJEwNZayvqbwQ,0.2674906899018984,0.4,0.0,-0.1624239421507275,-0.1969002677409826,-0.3738154063507399,0.0,-0.2217127734342647,-0.2478718084569988,0.5,1,0.11539803496575884
UCUPvAQk12H1q8OB_1yvP_5Q,-0.3186907358505453,2.6,0.0,2.4218011853395685,-0.2363598405184407,-0.1868940213437069,0.0,-0.2217127734342647,-0.2478718084569988,0.25,1,0.09243869677294897
UCUQdGOO2l7gazdxXNLqChkw,0.5867250053155394,-0.4,0.0,-0.1895721111861363,-0.266872732117239,-0.3752125957232379,0.0,-0.2217127734342647,-0.2478718084569988,0.0,1,0.165636629476546
UCUR7-JiGUdY_KyQqDAI4D3Q,-0.2614834494067361,0.4,0.0,1.325807156995343,-0.3475812139078873,-0.4506272898021287,0.0,-0.2217127734342647,-0.2478718084569988,0.0,1,0.16090286993886638
UCUSC0H8kN839IPP3Tg-oPQg,3.854768058147697,0.0,0.0,-0.2457809794844198,-0.3838388165792987,-0.3438960916366032,0.0,-0.2217127734342647,-0.2478718084569988,0.0,1,0.13705962188121573
UCUT7WJQJxuqwNlA1nSEonnA,0.6033650084664813,-0.4,0.0,-0.2340601623466081,0.4713697285092398,0.6354523092947109,0.0,-0.2217127734342647,-0.2478718084569988,0.25,1,0.11838320062276064
UCUWLxg7B7FZDhrg02WBv_2Q,-0.0616073529863528,1.2,0.0,0.0185085737480113,-0.317336360530636,-0.4582594209025461,0.0,-0.2217127734342647,-0.2478718084569988,0.25,1,0.1416509278267884
UCUXXBMefuAOpnhVMVcLYZrA,-0.0365780679341352,-0.2,0.0,-0.0512313905974284,0.0357134429041765,-0.0292567741942585,0.0,-0.2217127734342647,-0.2478718084569988,0.0,1,0.1702716212702441
UCUYIcYAUyrQ30Ll0orLMEiA,0.3963766032248765,-0.4,0.0,-0.17677726932596,0.4332286140107421,1.473989966540311,0.0,-0.2217127734342647,-0.2478718084569988,0.0,1,0.11988705341104583
UCUYIpLxQ1nsxNNAsF8ho15A,2.530400805436225,2.6,0.0,-0.2176126183055647,-0.3974001017343202,-0.4054878339762065,0.0,-0.2217127734342647,-0.2478718084569988,0.0,1,0.1065950390215557
UCUYfUcLocDsoyPP6TDf4G5Q,31.891298961002438,-0.2,0.0,-0.2560524335648173,-0.4452883899379896,-0.5133630359799287,0.0,-0.2217127734342647,-0.2478718084569988,0.0,1,0.003991639934565194
UCUYrz6xb_yaVCIi8VKeijAg,-0.2585366790863672,-0.2,0.0,-0.0145182743728571,0.7519188151537456,0.4973179347163494,0.0,-0.2217127734342647,-0.2478718084569988,0.0,1,0.14361427160756202
UCUZgtC6qc9WVEgBgr7GM4Jw,0.5486561732279269,-0.4,0.0,0.9368539126276528,-0.4855484552419594,-0.5233434814747354,0.0,-0.2217127734342647,-0.2478718084569988,0.0,1,0.14956725252135222
UCU_m4npIjhqpVFc5IFLvkVQ,0.0270827751173335,1.6,0.0,-0.1113003987141225,-0.2804340172722603,-0.3177979267592692,0.0,0.6913574657089212,0.7154674764909068,0.0,1,0.1014837875678859
UCUaiVwYIJC8YnaEz-_dHQ0A,0.1927173168673276,3.0,0.0,-0.0018173706445204,-0.1025962551257294,-0.0524060971421691,0.0,1.6044277048521072,1.1971371189648596,0.25,1,0.029091850980974554
UCUbz8JgxFWoYEL_tjJnG1DQ,-0.1907381039233145,0.6,0.0,0.1381207107502538,0.1149622030288329,0.6088765038128617,0.0,-0.2217127734342647,-0.2478718084569988,0.25,1,0.12206243141224904
UCUcIj_OAk2kd51GMBoqF5Dw,-0.2699295948302644,1.2,0.0,1.4538779397439117,-0.3890546954850762,-0.4347818315099881,0.0,-0.2217127734342647,-0.2478718084569988,0.25,1,0.11872613128048387
UCUcYgGJOQGb9vLjH3804qgg,-0.3156865853963892,-0.4,0.0,0.917611405048514,-0.2829767582388269,-0.3377800247731842,0.0,-0.2217127734342647,-0.2478718084569988,0.0,1,0.17051721234141481
UCUcc61QgH1PpVTTYM7sPokw,-0.2518695081408097,1.6,0.0,0.7312506154428271,0.1925158025091118,0.4665226487330526,0.0,-0.2217127734342647,-0.2478718084569988,0.5,1,0.054291986653194124
UCUdeDQRwJJv2lIMVjq0jwbg,1.999165629644269,-0.4,0.0,-0.24309908825833,-0.2906049811385264,-0.0794412251796156,0.0,-0.2217127734342647,-0.2478718084569988,0.25,1,0.1371879300356162
UCUdfMjM7jwdYc6hxPs7_P_Q,-0.3129093633563486,2.6,0.0,13.473908792576433,-0.3601065675580113,-0.405296034172013,0.0,10.735130096283966,6.013833543704388,0.0,-1,-0.14871279315520614
UCUdkIjy2FOWOX-gBzsiOSIQ,-0.0886775798814105,-0.4,0.0,-0.0098278552748563,-0.1838098605427327,0.1407918182076809,0.0,-0.2217127734342647,-0.2478718084569988,0.25,1,0.15424176828593184
UCUeAIcI2klubl2pUn2JX9fQ,-0.0824253839485815,-0.4,0.0,-0.0318108030348977,0.0840255212689404,0.1682474731063218,0.0,-0.2217127734342647,-0.2478718084569988,0.25,1,0.15114881111780087
UCUeSfdhkSWR65NsHfOkBu_A,-0.0218913458056273,-0.2,0.0,-0.1213110369100677,0.8953011529906907,1.1496882307509917,0.0,-0.2217127734342647,-0.2478718084569988,0.25,1,0.1095302944603388
UCUi6SmD9t7L8YnZxDQLwvbw,0.5231002163111731,-0.4,0.0,-0.228082601391087,-0.4007904230230755,-0.5254458259126689,0.0,-0.2217127734342647,-0.2478718084569988,0.25,1,0.13776538798105814
UCUjOlqFAlN3YfPGiCMCrwdQ,-0.1876021087674993,-0.2,0.0,13.22011697310914,-0.0342119336764026,-0.3562527665307972,0.0,-0.2217127734342647,-0.2478718084569988,0.0,1,0.1066261720181298
UCUjZOJznRf_NnwFu31KXr-w,-0.1362569040409757,-0.2,0.0,-0.1423955734934281,-0.2863670795275823,-0.4527656888139167,0.0,-0.2217127734342647,-0.2478718084569988,0.0,1,0.16985374027934314
UCUjtx4qHm6XMrNdZXt8Ee-A,3.309208518549372,-0.4,0.0,-0.2473775822932087,0.1925158025091118,-0.1012552045921443,0.0,-0.2217127734342647,-0.2478718084569988,0.0,1,0.1353081128075227
UCUkeYMqyGxfiOkEqBpqm7YQ,-0.2807199640737053,2.4,0.0,0.7403948728516837,-0.1114978762128323,-0.3213134391820224,0.0,-0.2217127734342647,-0.2478718084569988,0.0,1,0.14022975143586786
UCUqQ92MRE9v-JzP6r4-Gg9g,0.1605209242698909,-0.2,0.0,11.973457278693433,-0.2369248940665666,-0.3169690917456402,0.0,-0.2217127734342647,-0.2478718084569988,0.0,1,0.11591147910195315
UCUr8JbXBq7Wqm6VlF_UoCrg,0.2811690769483704,-0.4,0.0,-0.1760209258810711,-0.3262033546704577,-0.2829274750566168,0.0,-0.2217127734342647,-0.2478718084569988,0.25,1,0.15815417448830338
UCUspgbblsfoVfy9H_nZE7Jw,0.1396767364499604,-0.2,0.0,-0.0848358140147048,-0.2736533746947497,-0.2746058471969643,0.0,-0.2217127734342647,-0.2478718084569988,0.5,1,0.12327311301060279
UCUt5zhiX8GZTPUThiXGAOEw,-0.1891348708628413,2.4,0.0,0.3940451498161522,-0.3064413503162653,-0.4451284421590231,0.0,-0.2217127734342647,-0.2478718084569988,0.0,1,0.14189190482086383
UCUtedbv70CB9HVJty-RG4Sg,-0.050416875390879,2.0,0.0,0.1553321029375452,0.2635629765749409,0.1770701379874993,0.0,-0.2217127734342647,-0.2478718084569988,0.25,1,0.11328243571341734
UCUtssbb5P6_9IIpmDAIB4bQ,3.1372900970069737,-0.4,0.0,-0.0915366525960941,0.7069970580777369,1.6572397290862737,0.0,-0.2217127734342647,-0.2478718084569988,0.0,1,0.09092036993540165
UCUuBEBzneee-q4b-U5tXQ_A,0.1822410133517814,-0.4,0.0,6.217348173591556,-0.3736678527130326,-0.4102490327264907,0.0,-0.2217127734342647,-0.2478718084569988,0.0,1,0.13504176793449318
UCUv6iDRbILxcN73nmGSJosg,-0.0945040199344854,0.2,0.0,0.903748927965632,-0.0532824909256515,0.1312727315622404,0.0,-0.2217127734342647,-0.2478718084569988,0.0,1,0.1624151443661313
UCUvFPA0ktTkZ9flnVrqbTdA,0.6426318717663093,0.4,0.0,-0.1503967910656922,-0.1276812080955607,0.2875782542599517,0.0,-0.2217127734342647,-0.2478718084569988,0.25,1,0.138213869271409
UCV-z7WGW4VW2BHhSAx1cBWA,-0.3375183713300874,-0.4,0.0,1.2242799021644906,-0.5219944090960795,-0.5384944899087201,0.0,-0.2217127734342647,-0.2478718084569988,0.25,1,0.12495214902821061
UCV12cNem0ZVh2uO3neqXdRQ,1.1126178196574292,-0.4,0.0,-0.2417643087889103,-0.2168654931080974,-0.3278516523780859,0.0,-0.2217127734342647,-0.2478718084569988,0.0,1,0.16587933601252375
UCV298b0dGtqTDCeOOo9fYaw,-0.2213161775188129,0.6,0.0,0.0683635541739651,-0.3478166528862731,-0.4401418998454794,0.0,-0.2217127734342647,-0.2478718084569988,0.0,1,0.16285717549015888
UCV2i20IfuXEfRoB30s1SRuA,-0.3088702496677214,2.6,0.0,1.032073612470546,-0.0511635401201794,-0.0629756048576191,0.0,-0.2217127734342647,-0.2478718084569988,0.0,1,0.13065280272323793
UCV309AtZqwaitkSXgoNScFw,-0.0007778130455783,-0.4,0.0,3.014802173206788,0.0441892461260649,0.0662373837411125,0.0,-0.2217127734342647,-0.2478718084569988,0.0,1,0.15037754459794034
UCV3VsxMT_zBnOMxfMMmn_yQ,-0.2106844752761833,-0.4,0.0,10.232828819654031,-0.1753340573208443,-0.355355100653819,0.0,-0.2217127734342647,-0.2478718084569988,0.0,1,0.12752703948730992
UCV5saiNPvDIkOnGgcMdC4tg,-0.2092338300868838,-0.4,0.0,-0.0912308166203815,-0.4024855836674532,-0.4432418971995499,0.0,-0.2217127734342647,-0.2478718084569988,0.25,1,0.14962494056616293
UCV5zjmNdYEDfKLRRwPR4L2A,0.1122707120573796,-0.4,0.0,-0.1754774141372153,-0.2583969288953506,-0.484390247915748,0.0,-0.2217127734342647,-0.2478718084569988,0.0,1,0.1677529561612796
UCV6FwihAYyx5n9aSOZGDlbw,-0.2044059810972325,3.6,0.0,0.3112201056261897,-0.2841633706898913,-0.316302512663333,0.0,-0.2217127734342647,-0.2478718084569988,0.0,1,0.11933108717424667
UCV9ZPHxCFnrf1BfbGWCLncQ,-0.2631428108350976,5.6,0.0,0.4100594189773172,-0.3839598994824686,-0.3157795874905259,0.0,0.6913574657089212,1.6788067614388125,0.0,1,0.005661050095717657
UCV9uANSvyGm8Ku1szG2zv4w,-0.0823999340329797,-0.4,0.0,-0.0422652910479721,-0.0922711857463381,-0.0914673032845607,0.0,-0.2217127734342647,-0.2478718084569988,0.0,1,0.17035819681459746
UCVCRUztC2VDqLtdcSqjyPSQ,-0.1912075134777467,1.0,0.0,0.1011252421589322,-0.340047166599542,-0.4693737261646507,0.0,-0.2217127734342647,-0.2478718084569988,0.0,1,0.15487319869325916
UCVCUs-xHFWERqMyXxgLhWWg,15.041329966676953,0.0,0.0,-0.2555750057858628,-0.2458043069656878,-0.3515893367767655,0.0,-0.2217127734342647,-0.2478718084569988,0.0,1,0.07993704225721449
UCVD4HmAHzpBa34MFYvPcLdw,3.455658845978879,0.0,0.0,8.536431885193524,0.4280220491744392,0.5045733479032252,0.0,-0.2217127734342647,-0.2478718084569988,0.0,1,0.07344278943587768
UCVDtkX7LZmOSzOkc2VVELFQ,-0.300130161344337,1.2,0.0,0.9988334664524272,-0.395248551685687,-0.4560987522533565,0.0,-0.2217127734342647,-0.2478718084569988,0.25,1,0.12418632299375448
UCVG4fnmDpfQ6U1ovDWdYtoQ,5.139139455598552,-0.2,0.0,-0.2487747042551544,-0.2715344238892775,-0.3660985675497396,0.0,-0.2217127734342647,-0.2478718084569988,0.0,1,0.13513197387305187
UCVG5Q0liFyRhlsbfiNPNK5g,-0.1176466532571985,-0.2,0.0,-0.0739602063460611,0.0703229727268874,-0.4481630626422914,0.0,-0.2217127734342647,-0.2478718084569988,0.0,1,0.1617133669914913
UCVHX6pDzR8y3lQ1jnWncLzQ,0.6893051318009791,-0.4,0.0,-0.2039511590308898,-0.2541590272844064,-0.2207433474562023,0.0,-0.2217127734342647,-0.2478718084569988,0.0,1,0.16876763859719107
UCVHbZr9rieS7kIGIJJypyLg,0.0314580397745338,-0.2,0.0,12.991944332894676,-0.2771849593705365,-0.332291651623678,0.0,-0.2217127734342647,-0.2478718084569988,0.0,1,0.11272223858546143
UCVI416YJyz2ziQxP7MN_07Q,0.9575118951383847,1.6,0.0,-0.2186916965237503,-0.2730883211466238,-0.3596048132525763,0.0,-0.2217127734342647,-0.2478718084569988,0.0,1,0.14915236007801086
UCVIZe_89OvywjoCT4SDaNVQ,0.1661358530008111,7.2,0.0,0.0482362703290034,0.4813830030132381,0.3975559412030487,0.0,0.6913574657089212,5.532163901230436,0.25,-1,-0.09237641898315996
UCVJqQMNwonLqzJS_hCYNUYw,0.4226762632308814,-0.2,0.0,-0.2214393407431262,0.1155272565769589,0.2371891266552485,0.0,-0.2217127734342647,-0.2478718084569988,0.0,1,0.15687070302728295
UCVJub7H_4OycMS7x6gECOqA,1.730261821396215,-0.4,0.0,8.23765202670226,-0.3711251117464662,-0.417887650168427,0.0,-0.2217127734342647,-0.2478718084569988,0.0,1,0.11442578288260019
UCVKyc7iMFgWTNlKE5VSH21A,-0.2934419452762626,1.0,0.0,0.3178761191330698,0.4725704672990073,0.2941486853579437,0.0,-0.2217127734342647,-0.2478718084569988,0.0,1,0.12762289930310777
UCVLFzpX6L1cWJbQuPyTVACw,5.815041141918137,0.6,0.0,-0.2265378868681715,-0.237631211001724,-0.2218442323097783,0.0,-0.2217127734342647,-0.2478718084569988,0.0,1,0.12359087413587294
UCVLG01tK4sd2XcL-qrO0x_w,-0.1754055901864123,1.0,0.0,-0.0006882873618278,-0.2199732876227898,-0.3215116389652643,0.0,-0.2217127734342647,-0.2478718084569988,0.5,1,0.10687901332574384
UCVM7wBVTe0s6xQrP7lVVk-A,0.8630566957936322,2.0,0.0,0.0406335121418149,-0.4257192560286296,-0.4821215366909743,0.0,-0.2217127734342647,-0.2478718084569988,0.0,1,0.14193845777298458
UCVN4yg1Bc6PO8D038HpFa0Q,-0.0990752842889241,-0.2,0.0,-0.0628232192688167,-0.3527608714323746,-0.3219996029866254,0.0,-0.2217127734342647,-0.2478718084569988,0.0,1,0.17300371233119333
UCVQIik5tW9CAEddxsRk0leg,0.0692773213008292,-0.4,0.0,1.36996351089568,-0.3533259249805005,-0.1075442264706667,0.0,-0.2217127734342647,-0.2478718084569988,0.0,1,0.16349765592445664
UCVQXS0L9lR5SSoonw_szjEQ,-0.3425882066005853,2.6,0.0,8.731794781888766,-0.4240988818832686,-0.4777243051981633,0.0,0.6913574657089212,0.7154674764909068,0.0,1,0.022379955768334736
UCVQowlIpahvL6vw9iJBO24g,-0.2608462589272257,-0.4,0.0,5.990287635603606,0.1560698486549917,-0.2522523439991565,0.0,-0.2217127734342647,-0.2478718084569988,0.0,1,0.12718306583899197
UCVQsfW9lNwK2duAKaGirZrQ,-0.0378837899929248,-0.4,0.0,10.046746064264948,0.1264045373783823,0.0628549655548176,0.0,-0.2217127734342647,-0.2478718084569988,0.0,1,0.1105469234482141
UCVRBIt5M04nObbs7RN1YAWg,-0.3101257788374076,0.4,0.0,1.0772212286766143,-0.251051232769714,-0.1687419150315337,0.0,0.6913574657089212,0.7154674764909068,0.0,1,0.11510758202738952
UCVSAOO7G90-R0DgwPtMj0lg,0.3785531789984534,-0.4,0.0,0.1484153226168951,-0.2126275914971532,-0.0826576101612615,0.0,-0.2217127734342647,-0.2478718084569988,0.25,1,0.1552388732166009
UCVSBJTfR3DtmJy7MCOdjCOQ,-0.0682596781478093,-0.2,0.0,-0.0242335508758428,-0.1253268183117028,-0.4871776037797625,0.0,0.6913574657089212,0.7154674764909068,0.5,1,0.05536810662946262
UCVW62rS-YeoqFArCGMTNkcQ,0.0254465071309069,0.0,0.0,-0.0750160344296314,0.5466832942808766,0.5872587225288329,0.0,-0.2217127734342647,-0.2478718084569988,0.25,1,0.12915621053513182
UCVWNT4WsexV9-D4fTaIcuPw,1.9391335203923492,-0.4,0.0,-0.2223569975786489,0.5925737145822437,0.3373348813648947,0.0,-0.2217127734342647,-0.2478718084569988,0.0,1,0.13195447353699263
UCVXWHdGpNz-UIzurXREdt5A,-0.0918545776790285,-0.4,0.0,0.0906862460804002,-0.4058759049562085,-0.4590383973502336,0.0,-0.2217127734342647,-0.2478718084569988,0.0,1,0.16848627485474926
UCVYR_d7nmNN5IrwZikGrFOQ,0.264507865534427,-0.4,0.0,-0.1780007341845807,-0.45588314396535,-0.5179588903321549,0.0,-0.2217127734342647,-0.2478718084569988,0.0,1,0.16055318524130674
UCVZC976cRqHEH2kO_LpvG6g,-0.2290003168090221,0.8,0.0,0.1150926862186596,-0.3175734459354441,-0.3317199184042095,0.0,-0.2217127734342647,-0.2478718084569988,0.25,1,0.15062021805990472
UCV_nC_NwihEsrye1zKn4rgQ,2.5815905838924667,0.0,0.0,-0.2352607966391078,-0.3390381424064601,-0.3461403567637637,0.0,-0.2217127734342647,-0.2478718084569988,0.25,1,0.1262861485968954
UCV_wLMJaHua5Ve0-f_pb9UA,0.0322062201637518,0.4,0.0,0.0034431166333302,1.9663130656676435,2.407763578352623,0.0,0.6913574657089212,0.7154674764909068,0.0,-1,-0.010149720162983211
UCVa0CBM-4g01NA-vvM98vPw,0.4662132924623691,-0.2,0.0,-0.2208942564300075,-0.4869610891122741,-0.5184773433467893,0.0,-0.2217127734342647,-0.2478718084569988,0.5,1,0.10334478151022825
UCVaK2_XYMPNGGwAi_fk-gPg,-0.2720145302237922,0.2,0.0,0.399033723543369,0.2910470149635643,0.9421264343191478,0.0,-0.2217127734342647,-0.2478718084569988,0.0,1,0.13711971043098464
UCVbSw9d0zu5PxG1qXp-Vpuw,0.117565354915693,1.8,0.0,-0.1629171440068402,0.0616705902712097,0.0494507013414639,0.0,0.6913574657089212,0.7154674764909068,0.25,1,0.07804230014876534
UCVbvDTLdcrjBZr9ivHLlmyw,0.0299232684753285,-0.4,0.0,1.934252072920691,-0.250768705995651,-0.3990816819470234,0.0,-0.2217127734342647,-0.2478718084569988,0.0,1,0.16058555415338743
UCVeGgrpXnrDLO8BRcmwQvmA,3.430235592193477,-0.4,0.0,-0.2327433417704308,-0.1812671195761662,-0.1600923889967934,0.0,-0.2217127734342647,-0.2478718084569988,0.0,1,0.14793412139957962
UCVfh0b8WgMb0swTr_WHzmxw,0.1259924582193213,-0.4,0.0,9.195716314280189,-0.4058759049562085,-0.4506043348460312,0.0,-0.2217127734342647,-0.2478718084569988,0.0,1,0.11985515811799163
UCVhXJ4Bh4Y1YwCcPE_A5lBw,1.5506845658774169,0.2,0.0,3.49847066685537,-0.1989603588018582,-0.2944365954523522,0.0,-0.2217127734342647,-0.2478718084569988,0.0,1,0.14225814346448534
UCViAuJMUEl1qLnhTIjIW-oA,0.585523910687557,-0.2,0.0,-0.2098701523709527,-0.266590205343176,-0.1955093395586843,0.0,-0.2217127734342647,-0.2478718084569988,0.25,1,0.15703997211621823
UCVik1TAuxknvPJmiw8wKRbA,4.839201596100468,-0.2,0.0,0.5419996598443743,-0.2199732876227898,-0.1940332496476879,0.0,-0.2217127734342647,-0.2478718084569988,0.0,1,0.13513272173527474
UCVjKLwgkH5byOastzJgEoSQ,-0.0583109829655552,0.0,0.0,0.0740593758349435,0.0012048155007738,0.2170127925223869,0.0,-0.2217127734342647,-0.2478718084569988,0.5,1,0.10502228473209718
UCVn0hWuuttq4y7sKY6BayDw,1.3580525640680725,-0.4,0.0,-0.1595647769688242,-0.0227695993268533,-0.2208537596433784,0.0,-0.2217127734342647,-0.2478718084569988,0.0,1,0.16281880659715325
UCVoK0gfOyfxlt7Dn6unO8kw,2.365097241123981,-0.4,0.0,-0.2418386590509858,0.075549718047052,0.3389508596101224,0.0,-0.2217127734342647,-0.2478718084569988,0.0,1,0.1427091118830185
UCVod8JmNjpPBHx6psVU9NvQ,0.6382592665579616,0.0,0.0,-0.1190608173022094,-0.2627559134094646,0.1039280603335172,0.0,-0.2217127734342647,-0.2478718084569988,0.25,1,0.15033862572725387
UCVowaBKY8M7I7u_JHWEvS6Q,0.9320368830920864,0.2,0.0,-0.2021389505019908,0.6878205532882146,1.2071701787789637,0.0,-0.2217127734342647,-0.2478718084569988,0.0,1,0.11352188875623154
UCVoyI7ON2kx-yPZyCeOFi_w,0.4176820386313568,0.8,0.0,-0.0620128525279631,0.0191471002432128,-0.0533405682430414,0.0,-0.2217127734342647,-0.2478718084569988,0.75,1,0.05516930167047751
UCVpLv94y2gI0dC9rByI9bUQ,2.0350627356005324,-0.2,0.0,-0.2356328645912784,-0.1104941626733981,-0.2503485157547258,0.0,-0.2217127734342647,-0.2478718084569988,0.0,1,0.16347456483941403
UCVpjhrIANLoaBnTcdA3zuJA,-0.3039185444221416,3.6,0.0,1.0135121307573576,-0.4679187845404316,-0.5084593505575342,0.0,0.6913574657089212,3.605485331334624,0.25,-1,-0.026787241481304847
UCVpmOLPFirArA-TCAn4IX9A,1.6080211049018514,0.2,0.0,-0.2449236024051866,-0.1396297362486395,0.0205581918993356,0.0,0.6913574657089212,0.7154674764909068,0.25,1,0.08720049150094789
UCVqdyGEzaf7tj8oBStzFhEg,12.825737876036449,-0.4,0.0,-0.2565949514190839,0.0145239348494555,-0.1797831711256081,0.0,-0.2217127734342647,-0.2478718084569988,0.25,1,0.08285416236475801
UCVrn-chmHzhwD2IGpQkws6Q,-0.1889205557840898,-0.2,0.0,-0.0406354498213953,-0.440344171391888,-0.5562563872395111,0.0,-0.2217127734342647,-0.2478718084569988,0.25,1,0.13558441177981712
UCVs-XnCruTq4wkybY_GuyHQ,0.5419889012906408,1.4,0.0,-0.1569731907615001,-0.3011997351658869,-0.3635669539154076,0.0,1.6044277048521072,1.1971371189648596,0.5,1,0.014398937392726796
UCVsWBPtH3uPr2BdT1XwItmQ,1.8528943605495312,-0.2,0.0,-0.2474581051878928,-0.1712374190969316,-0.0429876492243744,0.0,-0.2217127734342647,-0.2478718084569988,0.0,1,0.16372824927462953
UCVt9MPJRkAN3-8qsWXrEgsQ,-0.3422916443896149,-0.2,0.0,7.501293953608943,-0.4339873189754717,-0.518306864711615,0.0,-0.2217127734342647,-0.2478718084569988,0.0,1,0.12634232002735657
UCVtVBlTSq50vq01uNm_pJbA,0.3614232649721778,-0.2,0.0,-0.1363097563019265,-0.0038403054646359,-0.0876983912057692,0.0,-0.2217127734342647,-0.2478718084569988,0.25,1,0.15815978625727772
UCVvJtUy3rbzBmNU_ZKXjumQ,1.2173216002114144,0.4,0.0,4.548413191421092,-0.3621784305678062,-0.388496497784962,0.0,-0.2217127734342647,-0.2478718084569988,0.0,1,0.13394624819514112
UCVwm1ZTG5LcdrecJQvzJ-6w,-0.1995331705900181,-0.4,0.0,0.1205756601765198,-0.3906194591568094,-0.4832768430311993,0.0,-0.2217127734342647,-0.2478718084569988,0.0,1,0.16483930625131765
UCVx8F2HImxTEalRqFKtlXzw,0.6096044794415095,-0.4,0.0,12.926864608331949,-0.4279129933331184,-0.4771305152533397,0.0,-0.2217127734342647,-0.2478718084569988,0.0,1,0.09732929238043819
UCVyL8wxWp1HJjVsyMK_bJ4w,0.1181856966084856,0.2,0.0,6.549843977518743,-0.4505857669516698,-0.4218446715482034,0.0,-0.2217127734342647,-0.2478718084569988,0.0,1,0.13021139628686013
UCVyTWVHxxAGZweLMKNu8rxA,0.5977822867023982,-0.2,0.0,-0.1901404496463961,0.1826273654169086,0.0450427088417435,0.0,-0.2217127734342647,-0.2478718084569988,0.25,1,0.14338856827267027
UCVyWD-I3p-5vvNgPG4fhrRA,14.052283833504823,-0.4,0.0,-0.2548745424589025,-0.2372074208406296,-0.1604279373992583,0.0,-0.2217127734342647,-0.2478718084569988,0.0,1,0.09556480976301224
UCVye602vK1Nwas3QkJfbfwQ,0.4042498173931168,-0.2,0.0,-0.1468541625497778,0.1056388194847557,-0.190978407112357,0.0,-0.2217127734342647,-0.2478718084569988,0.0,1,0.1630231803767721
UCW06dnIv7L5RkGagM3Pneug,-0.2260061945510194,6.4,0.0,0.5063501565541527,0.0984126539173765,0.5888386673794603,0.0,11.648200335427152,7.9405121136002,0.5,-1,-0.21249236482975276
UCW0ROCevI2v4IPDs_1LXIrw,-0.2399349116077906,-0.4,0.0,0.6248885871874336,-0.2380550011628184,-0.4792544751722021,0.0,-0.2217127734342647,-0.2478718084569988,0.0,1,0.16783647854361544
UCW15IE4KgOefUdfIAYq9Efw,4.766564002262584,-0.4,0.0,-0.2530202325149634,-0.1270219789560805,0.1279614263096908,0.0,-0.2217127734342647,-0.2478718084569988,0.0,1,0.1377700142190496
UCW3IL6JICkJLuGwiTLC63GQ,0.7570289478369515,0.2,0.0,-0.2081516573087612,-0.3557627184067934,-0.1634172219204948,0.0,0.6913574657089212,0.7154674764909068,0.0,1,0.09747373160353723
UCW41CKWFYU6-J4noJpzxmkA,-0.1500839845758246,-0.4,0.0,-0.0450195841921159,-0.4677492684759938,-0.5144714945687308,0.0,-0.2217127734342647,-0.2478718084569988,0.25,1,0.14151355667622445
UCW45YvM7iZR-lonKDO2HJ0A,1.8811331627359689,0.6,0.0,-0.2321768359088529,-0.1329550412114024,-0.0244425919928197,0.0,-0.2217127734342647,-0.2478718084569988,0.25,1,0.14002465138148668
UCW4z0FG7FJWnXhBz9SKtxcw,-0.0584526238648863,0.2,0.0,-0.1015579128330885,-0.3070268498809352,-0.3865894843329805,0.0,-0.2217127734342647,-0.2478718084569988,0.0,1,0.16583223202935304
UCW5DJXxg8O9FntzoF9yjvCQ,-0.3337560254736292,-0.4,0.0,2.342036248230272,-0.4185896097890412,-0.4518086681399842,0.0,-0.2217127734342647,-0.2478718084569988,0.0,1,0.15722200868902253
UCW5FUVS6jZtSzRqNEz7vuzQ,-0.2828448831965354,-0.2,0.0,0.2246604008836803,-0.2891923472682117,-0.3147803871849697,0.0,-0.2217127734342647,-0.2478718084569988,0.0,1,0.17300877446956403
UCW6UQh-EtCpVbu1NjNGS5BQ,-0.1379358915285909,-0.4,0.0,0.0400617706174541,0.2628649692507854,1.7224617065522565,0.0,-0.2217127734342647,-0.2478718084569988,0.0,1,0.11239040178822779
UCW6_RAVIrP2dJhOTydzhnSQ,0.3624857989485508,-0.4,0.0,-0.1375548970749877,0.539176154284347,0.6107090640625737,0.0,-0.2217127734342647,-0.2478718084569988,0.0,1,0.14109040544916518
UCW6uaPPRC5DsEI_bLu1TqCg,-0.1712243811356754,-0.4,0.0,0.437389789573478,-0.2134751718193421,-0.2427564399922808,0.0,-0.2217127734342647,-0.2478718084569988,0.0,1,0.17238143896693536
UCW6v6HOZ9aEbiTpBEnOWc_g,2.291004053502097,-0.4,0.0,-0.2415942873798436,-0.3618017282023889,-0.300122659494728,0.0,-0.2217127734342647,-0.2478718084569988,0.25,1,0.13475861927647326
UCW7RoHzkSKJEomcdB6EWQcQ,-0.1383964138109082,0.0,0.0,0.1265176720526882,-0.1628625182943514,-0.2272560143378956,0.0,-0.2217127734342647,-0.2478718084569988,0.25,1,0.1608605101667333
UCW9L9KVcoIaNopqypht32gA,-0.2753081734679182,0.6,0.0,0.194104873728567,-0.4075710656005862,-0.4647955734328568,0.0,-0.2217127734342647,-0.2478718084569988,0.0,1,0.16106425505460842
UCWA6iumOviQ5ImqJVKiq74g,-0.3264409925892415,0.0,0.0,1.4813495518981203,-0.4032120810864722,-0.4213900599345899,0.0,-0.2217127734342647,-0.2478718084569988,0.0,1,0.16307963091159328
UCWC1K1JQboHwrChyg0iZZ3w,0.6783159525030916,0.4,0.0,-0.1683195509638026,0.5032952539783528,0.0359104129393386,0.0,-0.2217127734342647,-0.2478718084569988,0.25,1,0.12747349661761836
UCWCzB6NxSqKU7j7nMjxxTlA,-0.2768118393147213,2.6,0.0,0.8996685572714985,-0.1596538213603508,-0.3196491428371546,0.0,-0.2217127734342647,-0.2478718084569988,0.25,1,0.11042065433547349
UCWElNlzxxV1ThxxwPlnCV9Q,0.6838984386198079,0.4,0.0,-0.1918247365782337,0.3818087411312858,-0.0002105631665834,0.0,-0.2217127734342647,-0.2478718084569988,0.0,1,0.14690927211454302
UCWFg5RJpyxcKpe_OMk3-SvQ,0.7168445915149438,0.2,0.0,-0.1491441209348024,-0.4103257016477,-0.4136630746086533,0.0,-0.2217127734342647,-0.2478718084569988,0.0,1,0.1591615593507142
UCWGX1-XAiLtGJpq1cY4NN5w,0.4560269637427701,0.6,0.0,-0.2021837053915571,-0.2706868435670887,-0.3106139846045972,0.0,-0.2217127734342647,-0.2478718084569988,1.0,1,0.05234204796654868
UCWH9-wvO4QtoAVvW3lkpGuQ,-0.1978103526921998,1.0,0.0,0.1711245816474725,0.0629066449077351,-0.1776987653722195,0.0,-0.2217127734342647,-0.2478718084569988,0.0,1,0.1519212208753168
UCWHjnNwHbqy9CbVJs0cT3yQ,2.174323259889089,-0.2,0.0,-0.2368706091996867,0.4934068168861496,0.2326842432084092,0.0,-0.2217127734342647,-0.2478718084569988,0.25,1,0.11573949264336836
UCWJSVicdIws2XQAsS8E0MKw,13.432595355212696,-0.4,0.0,-0.2532728980022806,-0.2372074208406296,-0.2951715975330022,0.0,-0.2217127734342647,-0.2478718084569988,0.0,1,0.10043395741615935
UCWK0nYOOJxldD3eNaMMS8Bw,-0.06633376588382,0.0,0.0,-0.0907421577980024,-0.3505410182075943,-0.4663936961144261,0.0,-0.2217127734342647,-0.2478718084569988,0.5,1,0.11218412116054854
UCWL6D9x9NTVlTNqWLpMKnsQ,0.0485180675246331,0.0,0.0,-0.0217889242729937,-0.398974179475528,-0.4553093059288119,0.0,-0.2217127734342647,-0.2478718084569988,0.25,1,0.1521527558971154
UCWLWuEPoL3JspLu-tb3OFSg,-0.2110658384054277,3.0,0.0,0.4283847957683953,0.2150537338036786,0.3456327650970956,0.0,-0.2217127734342647,-0.2478718084569988,0.0,1,0.10820196356845035
UCWMXjC1mJ1zwMN9sQctxfIw,2.4341204419877758,0.0,0.0,-0.2311071765116636,-0.0756828280120708,0.1236268815432551,0.0,-0.2217127734342647,-0.2478718084569988,0.0,1,0.15213618219134029
UCWNzkbM0KRGCf1R3QC7ZtiQ,3.8216962967901416,-0.2,0.0,-0.2512764353856315,-0.48272318750133,-0.5325614340311164,0.0,-0.2217127734342647,-0.2478718084569988,0.0,1,0.12760279147805503
UCWSWTBReFOvTiRoh0OqG3SA,-0.2282123977047862,0.4,0.0,0.4872878875606418,-0.4083244703314208,-0.3625898254807784,0.0,-0.2217127734342647,-0.2478718084569988,0.5,1,0.10064033749216239
UCWTJUG7teA29F875p4R869g,0.3634611862442268,3.0,0.0,-0.0698821005259393,5.007735191998751,4.98431773651821,0.0,11.648200335427152,7.458842471126247,0.0,-1,-0.2472550069941123
UCWUGaY-MfpwfjJ2RcHm3qsw,3.2727048562712664,-0.4,0.0,41.5938380349072,-0.3643444691689554,-0.459024274815611,0.0,-0.2217127734342647,-0.2478718084569988,0.0,-1,-0.0047279226691443466
UCWUdhxKgdDNC-BO15AVj80A,-0.3353593701565392,-0.4,0.0,3.570707047729892,-0.398247682056509,-0.5118164792252301,0.0,-0.2217127734342647,-0.2478718084569988,0.25,1,0.09984849587847583
UCWYL7LbGgjjlJcNnoC8mSGg,-0.1482121106552192,1.2,0.0,0.0852706716095267,-0.0506745514727628,-0.2933164310282595,0.0,-0.2217127734342647,-0.2478718084569988,0.0,1,0.1545592256019513
UCWZCu9jQ6CmMVtJbxUF6sDA,-0.2378771798900744,0.2,0.0,0.3993091352750257,-0.1957819325936501,-0.1010446224792575,0.0,-0.2217127734342647,-0.2478718084569988,0.5,1,0.10516469483686619
UCWakdecp98pAe66ZqkDgb0A,0.2531114875869116,0.4,0.0,-0.0660284786703731,-0.0203210339516411,-0.0685623054333613,0.0,-0.2217127734342647,-0.2478718084569988,0.25,1,0.14998204066864806
UCWamAT8Rm1adeRK1CuYG8Ew,-0.2953362427382622,3.2,0.0,0.5338452514245543,0.0077064409535888,-0.0919040555357713,0.0,-0.2217127734342647,-0.2478718084569988,0.0,1,0.12026025791192158
UCWbBXg0jbhjgeieRYmr9zkg,-0.1471996608076266,-0.4,0.0,32.89023458690663,-0.2956904630716595,-0.3695314304202017,0.0,-0.2217127734342647,-0.2478718084569988,0.0,1,0.04205481252200449
UCWcoqhvDp6-0LA0OUC_K7nA,-0.3210098594097545,0.6,0.0,0.8207424826304474,-0.0382572033959403,-0.1964170441767683,0.0,1.6044277048521072,2.160476403912765,0.0,1,0.04598628128942617
UCWgzAQxVHjb0HJRHsaQHuZQ,0.5692583512022741,0.4,0.0,-0.2152320894477431,-0.2350413822394803,-0.2434876250726481,0.0,-0.2217127734342647,-0.2478718084569988,0.25,1,0.15250092193584247
UCWiFUTvzJgG7XoiGB-OvZ_Q,0.0015805458001834,0.6,0.0,36.017569338410006,0.5688414655609564,0.1758827920116404,0.0,0.6913574657089212,3.605485331334624,0.0,-1,-0.09571482016819277
UCWjBAfE91nBdj0R2mrYHcBQ,-0.3000264039961145,-0.4,0.0,1.1890322331252838,-0.345697702080801,-0.2910987341245263,0.0,-0.2217127734342647,-0.2478718084569988,0.25,1,0.14751202469246327
UCWjVrEuj6j1Chqmxon51d4A,-0.182703504972806,0.0,0.0,0.0230025225419847,-0.3166378053200408,-0.2908100195860507,0.0,-0.2217127734342647,-0.2478718084569988,0.5,1,0.11676443357314414
UCWkQfUFIJK8zUvfVnrcIlgA,1.3821734285217275,-0.2,0.0,-0.2350793870599748,0.0116986671088261,-0.190863055231224,0.0,-0.2217127734342647,-0.2478718084569988,0.25,1,0.14994909104667975
UCWldQvEUGvhqMKOwcWV2JMg,-0.2220303249902658,9.0,0.0,0.7146915128713862,-0.3790304282130352,-0.3183382248905293,0.0,3.430568183138479,6.013833543704388,0.0,-1,-0.13865835513495006
UCWlgrPymojtiMJLWDUlzQxw,0.5258747873183386,0.2,0.0,0.21019449448306,-0.0988399332433016,-0.1674048077396665,0.0,-0.2217127734342647,-0.2478718084569988,0.0,1,0.16390390205521693
UCWnjwkVos8xyUexam5s202w,0.4407894051833971,0.8,0.0,-0.2036018552398525,-0.3071713237994901,-0.2135882014926304,0.0,-0.2217127734342647,-0.2478718084569988,0.0,1,0.1582015882991229
UCWq8uNX3So8mlRsCfRlX4Yw,-0.136917894904521,-0.2,0.0,0.7314176340628579,0.4114740524078951,0.7412155918625577,0.0,-0.2217127734342647,-0.2478718084569988,0.0,1,0.1432896985556803
UCWrBPtZxyBIowmbsFbnigSg,-0.0621333179087889,-0.4,0.0,0.095616448792856,-0.3024711056491702,-0.2713870812473628,0.0,-0.2217127734342647,-0.2478718084569988,0.0,1,0.1731654494158556
UCWrya5CScMak0zApNygJDUg,3.1399015411245528,1.6,0.0,0.8971992616517802,0.5917261342600549,0.2762994570933353,0.0,-0.2217127734342647,-0.2478718084569988,0.0,1,0.09006943135038198
UCWtFYzhucdXffX7dfZii-dw,-0.2779952603902026,-0.4,0.0,9.396029829933576,0.1399658225334037,-0.0346035306905212,0.0,-0.2217127734342647,-0.2478718084569988,0.0,1,0.11143314868858883
UCWtNc69664m4sRUF0OjZ9eA,-0.2470439213658785,-0.4,0.0,0.7199189936005891,-0.3338315775701572,-0.3947748489412301,0.0,-0.2217127734342647,-0.2478718084569988,0.0,1,0.16639217511376964
UCWwF2uJkkBkpPhWO-B36l7w,-0.2019752056734402,0.8,0.0,0.3419527520237231,0.4044108830563215,0.9366716475825204,0.0,-0.2217127734342647,-0.2478718084569988,0.5,1,0.060344470534846095
UCWxZfmOsuvljH6qrIBv-cIQ,-0.3047940215188417,-0.4,0.0,0.7348485371646952,0.0094384529163226,-0.0615628129333328,0.0,-0.2217127734342647,-0.2478718084569988,0.0,1,0.16688730269992752
UCX-N2V1gTQ2eGwkOXarRMBQ,-0.0982882220842034,0.4,0.0,0.0254216734280286,-0.0575203925365957,-0.1636056596872946,0.0,-0.2217127734342647,-0.2478718084569988,0.75,1,0.06492923804142414
UCX-Zm4p1ddD8FIAHfg7PxaA,2.298019746902978,-0.4,0.0,-0.2372828525489294,0.1247093767340046,-0.0858010183061827,0.0,-0.2217127734342647,-0.2478718084569988,0.0,1,0.147922007688227
UCX-ZuUxKsoU0dEWBdWLQS_Q,0.6659102968840735,-0.2,0.0,-0.2202404914304543,0.6671607829348617,0.4890771671201684,0.0,-0.2217127734342647,-0.2478718084569988,0.0,1,0.14082590994441035
UCX-iwdNZUH_FXrWkQitHw-A,-0.0810977466846903,-0.2,0.0,-0.0081982631374121,-0.1853637578000789,-0.5874320207321655,0.0,-0.2217127734342647,-0.2478718084569988,0.0,1,0.15121328316960075
UCX-qX5S2lw-s3Kk8A8bLKGQ,-0.1151723559070287,-0.2,0.0,1.2191743257803536,-0.0243234965841994,-0.1539898422491603,0.0,-0.2217127734342647,-0.2478718084569988,0.0,1,0.168341304178251
UCX0VevQSmnZ9ApLYcVsBYZg,0.1022773785310939,-0.4,0.0,-0.1489804327546579,-0.2829767582388269,-0.3795174262685544,0.0,-0.2217127734342647,-0.2478718084569988,0.0,1,0.16918521630083105
UCX2y_mlOSyclJlMhiftNR_g,-0.3410625750528164,0.0,0.0,2.8967962277476422,-0.2839454214641856,-0.3510817739639269,0.0,-0.2217127734342647,-0.2478718084569988,0.0,1,0.15832739088327463
UCX526cq3cCBZIaFnUKaBngA,4.029051840629037,0.4,0.0,-0.1693122348862235,-0.3169741467177348,-0.47861430623022,0.0,-0.2217127734342647,-0.2478718084569988,0.0,1,0.13142508668308245
UCX5BqUmPQ801xipR8rlgUUg,-0.043380971762902,-0.4,0.0,-0.0753641022111689,0.7256438251658915,0.1603635900297804,0.0,-0.2217127734342647,-0.2478718084569988,0.0,1,0.14953890541204917
UCX8J4DGT0-e_DYwsH8_0FZw,-0.2240052605129092,2.0,0.0,0.2509495845007279,-0.2753983930051384,-0.3760600682822178,0.0,0.6913574657089212,0.7154674764909068,0.5,1,0.043024977511743834
UCX8W4liwnD6Z235h4z0nnCg,-0.3065365922106319,2.0,0.0,3.6200769814646714,-0.318525274104747,-0.4444748176106702,0.0,-0.2217127734342647,-0.2478718084569988,0.0,1,0.1319988027981273
UCX92uMjmM1UW6qv6npMphLw,-0.3118818230139281,-0.4,0.0,0.7927689783621326,0.1094529309346055,0.0119459591352803,0.0,-0.2217127734342647,-0.2478718084569988,0.0,1,0.15986836438456087
UCX99P4RCXopzBCRYisfWelg,-0.314795838350328,-0.4,0.0,0.6704468443520119,-0.1414308444332908,-0.311401783598385,0.0,-0.2217127734342647,-0.2478718084569988,0.25,1,0.15503882382241002
UCXAMpzrM5M9tHn4THru_XXw,-0.1747110195731146,-0.4,0.0,0.09790168969782,-0.0626058744697287,-0.0566040688551,0.0,-0.2217127734342647,-0.2478718084569988,0.75,1,0.061460223180953066
UCXBD33PtLif6ssMTrJG3KPA,-0.0835720440348601,-0.2,0.0,-0.0238299208274006,0.1614378573621876,-0.2242307121948478,0.0,-0.2217127734342647,-0.2478718084569988,0.0,1,0.15856805045117506
UCXBzbLJWq68_2kcV_n18aYw,0.7997644814625093,1.0,0.0,-0.2097099063729021,-0.3036718444389378,-0.2852701754292777,0.0,-0.2217127734342647,-0.2478718084569988,0.0,1,0.15441341607351589
UCXDR6O9X8TiuM5cmMhBY8yQ,7.025605966272812,1.6,0.0,-0.2448918211409095,-0.3092517482266809,-0.5152419360906867,0.0,5.256708661424851,3.123815688860671,0.0,-1,-0.07208616496851328
UCXF6AmFN3PSkK4L9wdOBb9A,-0.0617642941325636,-0.4,0.0,0.0378618708186775,-0.3745154330352215,-0.3320287329096908,0.0,-0.2217127734342647,-0.2478718084569988,0.0,1,0.1708536225788717
UCXFQk-XL4zrERTrR0xfD8Xw,7.874075046982639,-0.4,0.0,1.0816190166579176,-0.0626058744697287,-0.289765832342959,0.0,-0.2217127734342647,-0.2478718084569988,0.0,1,0.12105838895180482
UCXFy4E6UuTE6iEuAJR2gePQ,-0.259088093924405,-0.2,0.0,1.132280898801577,-0.2644712545377039,-0.190108383514157,0.0,-0.2217127734342647,-0.2478718084569988,0.0,1,0.17069884774232919
UCXHQmITVzZA-O6GMoMI9fJQ,0.239751460132828,-0.2,0.0,-0.1141482678423211,0.3542623806601485,0.5038606056944926,0.0,-0.2217127734342647,-0.2478718084569988,0.25,1,0.1377297125454875
UCXHi5PcbD1ZKBJmscllLQbA,-0.3058205014481121,1.6,0.0,7.302505835254979,-0.3462627556289269,-0.3251163050805373,0.0,-0.2217127734342647,-0.2478718084569988,0.25,1,0.08604466606367928
UCXHmYMvW8bv3IsoC7XDRN0A,-0.1831200958531917,-0.2,0.0,-0.0952710826898628,-0.071646731239743,0.223217840889465,0.0,-0.2217127734342647,-0.2478718084569988,0.0,1,0.16162085446848234
UCXHr3gGC7gg7YEPrN2-o0wA,-0.1799494605344741,-0.4,0.0,0.0182163841776654,-0.3431549611142345,-0.4158969252283026,0.0,-0.2217127734342647,-0.2478718084569988,0.0,1,0.1674664084932238
UCXIJgqnII2ZOINSWNOGFThA,-0.1866956161928462,3.0,0.0,0.1796223007791064,-0.057167234069017,-0.5221321200503989,0.0,1.6044277048521072,3.123815688860671,0.0,1,9.92050995202165e-05
UCXJKaA-iUjowh386J9IHl_Q,-0.2568179261056243,3.4,0.0,0.7598452720665252,-0.1809492769553454,-0.3096070945249727,0.0,-0.2217127734342647,-0.2478718084569988,0.0,1,0.12251372581035197
UCXK-HLThVl5Co6TZMdYtIlA,-0.0246731629693182,0.2,0.0,-0.0738938006640586,0.5797540622091376,0.7317621672581279,0.0,-0.2217127734342647,-0.2478718084569988,0.25,1,0.11924351898104013
UCXLI92C_uigZZesZY-Tdakw,-0.1763186059086249,-0.4,0.0,0.0262771569235855,-0.461816206220672,-0.5451451645178511,0.0,-0.2217127734342647,-0.2478718084569988,0.25,1,0.135751925736395
UCXLU2euBUjGmYFETupvOKaA,2.57287600763344,-0.2,0.0,-0.2447042503058825,0.1614378573621876,0.3437814940971012,0.0,-0.2217127734342647,-0.2478718084569988,0.25,1,0.11432098143566627
UCXNsZ-xUc4UYP2MXuTASKww,-0.2552364377159741,0.4,0.0,0.1217927390620987,-0.0287968371735295,0.1024836670157413,0.0,0.6913574657089212,0.7154674764909068,0.0,1,0.11243130145987024
UCXNtXq8h4QeA6b0qHhxEDUA,-0.3397335239047251,2.8,0.0,6.392231012574356,-0.2540783053489598,-0.3257616786144516,0.0,-0.2217127734342647,-0.2478718084569988,0.0,1,0.11293807523098254
UCXOHvKAvl19adqLbuapVuCA,8.941283324521077,-0.4,0.0,-0.2559861642838163,-0.1939808244089988,0.016617972564773,0.0,-0.2217127734342647,-0.2478718084569988,0.0,1,0.12430124639079276
UCXP5hD8nCSVa0Hnl9WMHjuA,-0.1285094423968852,2.0,0.0,-0.0189119846454011,-0.3619014435344111,-0.4659952644835988,0.0,-0.2217127734342647,-0.2478718084569988,0.25,1,0.12674272315866975
UCXQJY-uttpKZ6lPPGooYpyQ,-0.2943298645539235,-0.4,0.0,0.5625145975903667,0.6112204816703983,0.6073099766401999,0.0,-0.2217127734342647,-0.2478718084569988,0.25,1,0.11376172270613893
UCXSThWtKEoXD7sxVAdFpANQ,1.053966721797954,1.0,0.0,-0.151565869046468,-0.4022030568933903,-0.4437118415720829,0.0,-0.2217127734342647,-0.2478718084569988,0.0,1,0.15023221245867008
UCXTn5mNIPuf0ebK_Zf3wdug,-0.1766155215906453,-0.4,0.0,0.1871772025972686,-0.3634968888467666,-0.4806802762968965,0.0,-0.2217127734342647,-0.2478718084569988,0.25,1,0.14582512756822386
UCXUd8BgXOLOc6EVbVY4AMyA,0.1584000979697453,-0.2,0.0,-0.1334443812707177,0.0597282186995269,-0.0709232933895061,0.0,-0.2217127734342647,-0.2478718084569988,0.25,1,0.15676850838079393
UCXVHX0Y7P2RHBHR2dwN5xVg,3.086489641664401,0.0,0.0,-0.2295092735146515,-0.3117944891932474,-0.4047267744602078,0.0,-0.2217127734342647,-0.2478718084569988,0.25,1,0.1186379267315894
UCXVIkv29htA9rNr1Tibgdaw,-0.1864651102232546,0.4,0.0,0.0732996377139949,0.0747963133162175,0.2225919283327349,0.0,-0.2217127734342647,-0.2478718084569988,0.25,1,0.14239407507547686
UCXV_GeMRDlgaZY6lctkCs3w,-0.1058737108177239,0.4,0.0,-0.0971782259607108,1.163466149372104,1.7484606219909191,0.0,1.6044277048521072,1.1971371189648596,0.25,-1,-0.030891872526653485
UCXWJ6Ud2EZChwQAxWzAQfWA,4.362728983146671,-0.4,0.0,-0.249270674902357,-0.0837953825244497,-0.2642753682434861,0.0,-0.2217127734342647,-0.2478718084569988,0.0,1,0.1425279173256232
UCXWSBvj3019Lc60oYhhFBRQ,0.5411644721463461,0.4,0.0,-0.1510091420280543,-0.1747690037727184,-0.2739112563108131,0.0,-0.2217127734342647,-0.2478718084569988,0.0,1,0.16388396963707347
UCXWeeA9ksZMP3dkr7dTSizw,3.110733110076551,-0.4,0.0,-0.2479637670131743,0.3823737946794118,0.4861994362911297,0.0,-0.2217127734342647,-0.2478718084569988,0.0,1,0.12711464162882807
UCXWtqGeTomxiWZYqJTcLW-A,6.18005602622961,0.2,0.0,-0.2546483323724562,-0.3080863252836712,-0.2828666327949942,0.0,-0.2217127734342647,-0.2478718084569988,0.0,1,0.127364588052166
UCXXQdiW_VYuMhNJE67dZhuA,-0.1047378905103127,-0.2,0.0,0.0696236226774603,-0.293430248879156,-0.4640906940813386,0.0,-0.2217127734342647,-0.2478718084569988,0.5,1,0.11493987812471596
UCX_y-cDDMqRkKaC0o5NkAAQ,0.3472394816519903,0.0,0.0,-0.1555777237950791,-0.2409609908388945,-0.4309827679976508,0.0,-0.2217127734342647,-0.2478718084569988,0.0,1,0.17031314704153444
UCXaKQI7nYn_ynNykHGzdKWg,0.6360561319990248,-0.2,0.0,-0.1927034512240053,-0.1804195392539773,-0.1622097234783786,0.0,-0.2217127734342647,-0.2478718084569988,0.0,1,0.16924911186325642
UCXai_F3g7Dh60eATRpdnVsQ,-0.1473457327190492,1.8,0.0,0.0733292750845493,-0.2675613911290174,-0.2623631009570165,0.0,-0.2217127734342647,-0.2478718084569988,0.0,1,0.15514262559243513
UCXakE3_Q5xlr86TBW71leyw,-0.1780336474433426,-0.2,0.0,1.6561696136815645,-0.4262178326887407,-0.51206482022467,0.0,-0.2217127734342647,-0.2478718084569988,0.25,1,0.12469439691005263
UCXb02p8d5Cvyc70qZnNqH8A,10.342477206980137,-0.2,0.0,-0.2523143317055279,0.1536683710754567,0.8158424640523876,0.0,-0.2217127734342647,-0.2478718084569988,0.0,1,0.0987963160907997
UCXcbM2lA0cMbWFWod5KX8UQ,0.7326224030310802,1.4,0.0,-0.2109087424774023,-0.0778017788175429,-0.0619653712961392,0.0,-0.2217127734342647,-0.2478718084569988,0.25,1,0.1321018236617702
UCXdPkCQZDgWaxopiqOg2Rhw,6.465606730314081,-0.2,0.0,-0.2499976464192863,0.2998759766530314,-0.1526461731250625,0.0,-0.2217127734342647,-0.2478718084569988,0.25,1,0.09403903680068143
UCXf0hVKWTlPy4G8AZQV1xow,0.0489598053454348,0.6,0.0,1.1352541141796058,0.5718079966886173,-0.1597062707228223,0.0,0.6913574657089212,3.605485331334624,0.0,1,0.01464557077117512
UCXgC1XAWYlZFrtWbvBZl18Q,-0.0508653677761156,-0.2,0.0,0.013604037364012,-0.2672965222783334,-0.4128919267963084,0.0,-0.2217127734342647,-0.2478718084569988,0.0,1,0.17151611075936812
UCXj2xNgzLlQv4vkvb75djYA,-0.1308141568127022,-0.4,0.0,1.9150640815798432,0.0289328003266658,0.5770833839602922,0.0,-0.2217127734342647,-0.2478718084569988,0.0,1,0.14221075975899083
UCXjtCu2Iy60jzCfliLtGu5g,0.748264102945025,-0.4,0.0,-0.1800685951159716,-0.3363743185367238,-0.4782042168928753,0.0,-0.2217127734342647,-0.2478718084569988,0.0,1,0.16279909514661356
UCXkbNIDuZL9wzjfIbHBmukw,-0.2562737574241119,-0.4,0.0,0.2685244968258132,0.570536626205334,0.1490920627569655,0.0,-0.2217127734342647,-0.2478718084569988,0.5,1,0.09262883439984565
UCXn4Lz9XWLCcb2s3GDh9COA,-0.1541983875981069,-0.4,0.0,0.1196592031319229,-0.0227695993268533,0.055134289499837,0.0,-0.2217127734342647,-0.2478718084569988,0.25,1,0.15157578319749238
UCXnBfpSjd9ZBABQr5xetOOg,7.434792537086093,-0.4,0.0,-0.250450638776434,0.0340182822597988,-0.0742645999439131,0.0,-0.2217127734342647,-0.2478718084569988,0.0,1,0.13117962417797624
UCXncRhMyfyZC4KPuwrECTfQ,4.0678141492528885,0.0,0.0,-0.2434011648046407,-0.2494367940607829,-0.1892982233514158,0.0,-0.2217127734342647,-0.2478718084569988,0.0,1,0.14054609465055523
UCXnnVj7Q3imjvyDEroqFpTQ,-0.1607029618606533,-0.2,0.0,0.3671635883869636,-0.2552891343806582,-0.4227803981947232,0.0,-0.2217127734342647,-0.2478718084569988,0.0,1,0.17027130478724295
UCXpguLik07jLPBK7XxwpTHg,3.8397576070332304,2.6,0.0,2.392741322595757,0.1060626096458501,0.621923687198831,0.0,-0.2217127734342647,-0.2478718084569988,0.0,1,0.06329353861476222
UCXsNNbUQbMmHs-CaLnwZdrA,-0.3006911315536172,0.0,0.0,1.281315358975413,-0.4074499826974164,-0.5140266228666067,0.0,0.6913574657089212,0.7154674764909068,0.0,1,0.09736285959906382
UCXsXVM0yB4pr_O8Ym9JdkNw,-0.2598652252758155,0.0,0.0,1.770052775143364,-0.3735467698098628,-0.4177835119988297,0.0,-0.2217127734342647,-0.2478718084569988,0.25,1,0.12659213132199065
UCXtBfk1oannBCGGI8YSABUg,-0.10979959594666,1.0,0.0,0.5230701405273952,-0.1853637578000789,-0.3158245961162419,0.0,-0.2217127734342647,-0.2478718084569988,0.0,1,0.15767475956603977
UCXtOnwla5LobF9TKpGlD02w,0.0049203170163376,0.2,0.0,-0.0352233139596855,-0.3547032430040574,-0.4768814440723411,0.0,0.6913574657089212,0.7154674764909068,0.25,1,0.09676995835762903
UCXxZrzmQ_Lgz-wfS_hJkVfA,-0.044232891373622,1.2,0.0,-0.0518839078139332,0.0846123076458403,-0.2866712303980485,0.0,-0.2217127734342647,-0.2478718084569988,0.25,1,0.13540096934154722
UCY-FEREOBP-MqXdVAN3uM8Q,0.2322225267673114,0.2,0.0,-0.1583703241976095,-0.1963116702950181,-0.3234574541984265,0.0,-0.2217127734342647,-0.2478718084569988,0.5,1,0.11941778887268745
UCY-QQLqkedR1LeeA8XrzPDA,5.335937997410057,0.0,0.0,-0.246861325692219,-0.271231716631353,-0.3093656281209485,0.0,1.6044277048521072,1.1971371189648596,0.0,1,0.031208812201326153
UCY-YziUr4rws9oruHdFaLQA,1.1552567967744884,0.4,0.0,-0.2259029317046797,-0.3725377456167809,-0.3819893242227422,0.0,-0.2217127734342647,-0.2478718084569988,0.0,1,0.15736384069132986
UCY0scOkoXHUZ7UDP6JNCDlg,-0.3323350718525317,0.6,0.0,2.0415075633243798,0.7633611495032948,3.8741328602990097,0.0,0.6913574657089212,0.7154674764909068,0.0,-1,-0.021709877029696845
UCY1tAp8R7A_-RUpj6WqIqFQ,-0.1562076258067679,1.2,0.0,0.5467153411045852,-0.3375478912905237,-0.3015745322993648,0.0,0.6913574657089212,0.7154674764909068,0.0,1,0.10478292894532021
UCY2a6trgIn6ds7V-Z5TslLA,0.0815696305364727,-0.2,0.0,-0.0706570361934522,-0.2390438448720387,-0.3805258474275318,0.0,-0.2217127734342647,-0.2478718084569988,0.0,1,0.171917839192538
UCY3oJLso_yBnkBLHrd7G8Zw,0.0787176772749612,2.4,0.0,-0.0767312281483437,-0.1871109628502051,-0.2785938492288228,0.0,-0.2217127734342647,-0.2478718084569988,0.0,1,0.1449015814794401
UCY4PKr-Nz-EMZm9BYhxyVHA,0.143591074857929,-0.4,0.0,1.134465967451853,-0.2355122601962519,-0.3606416485266692,0.0,-0.2217127734342647,-0.2478718084569988,0.0,1,0.16872055797195368
UCY5bieqDuJqvS8KliPMjCQA,0.776225076886144,0.0,0.0,-0.2040265677167008,-0.3196648778992866,-0.3389014842859705,0.0,-0.2217127734342647,-0.2478718084569988,0.5,1,0.1081336001681541
UCY6dM250bnwdWvolOvLZ4rg,2.610663476765233,-0.4,0.0,-0.2438763797195398,-0.4389315375215733,-0.4872305228055815,0.0,-0.2217127734342647,-0.2478718084569988,0.0,1,0.13829903875892985
UCY7VQKeXxVvhOqOJVuMCrQw,-0.3216948863047015,0.6,0.0,4.548655227209871,-0.1944046145700932,-0.1445316213128325,0.0,-0.2217127734342647,-0.2478718084569988,0.0,1,0.14616159010262242
UCY9r4ng5QpxueoCIli5bMCA,7.973996717700845,0.2,0.0,-0.2348097513769406,0.4648009810122763,0.430157825066041,0.0,-0.2217127734342647,-0.2478718084569988,0.25,1,0.07047447711072591
UCYB8MsDWw0poWJjYeqqp7lg,-0.3514394751642427,-0.2,0.0,26.95226315780296,-0.2432817464829829,-0.368507710872521,0.0,-0.2217127734342647,-0.2478718084569988,0.0,1,0.06205725503518039
UCYCbHnYHitQPluMJmUc1iCA,-0.2390109382830272,-0.2,0.0,1.1470166218122817,-0.4191546633371671,-0.485520243115509,0.0,-0.2217127734342647,-0.2478718084569988,0.0,1,0.1652879443828919
UCYE_gsOQkdnReSPncZOBeZw,-0.2283224786889366,0.0,0.0,1.1328216995603884,-0.1495433989456696,-0.2074514175954767,0.0,1.6044277048521072,1.1971371189648596,0.0,1,0.07152259642986347
UCYINwzr06RTBQXwH3-ND-xg,4.223508931293341,0.2,0.0,-0.2495444836042374,-0.3478166528862731,-0.3192830063004948,0.0,-0.2217127734342647,-0.2478718084569988,0.0,1,0.13307116334352959
UCYJdaylPGoi02oPXEBxg2tw,-0.0498325253679447,-0.4,0.0,-0.0615977117041749,-0.298233204038226,-0.3671659077689128,0.0,-0.2217127734342647,-0.2478718084569988,0.5,1,0.11706481525266932
UCYN4O52ELctv5jXCuwL59iw,-0.1148067658495751,0.0,0.0,0.0006370090608065,-0.2869724940434314,-0.3016591975997046,0.0,-0.2217127734342647,-0.2478718084569988,0.5,1,0.1206792193281987
UCYNwmZ3hiWD0uHhYmeoVxBQ,0.0989003161191621,-0.2,0.0,0.1673799041030992,-0.4721284334739695,-0.5640551102555222,0.0,-0.2217127734342647,-0.2478718084569988,0.0,1,0.14793135824825587
UCYPG3NEE1yB5CCA07Jsy8dA,-0.3468681304754745,0.8,0.0,2.8823138420075134,-0.5518138258858141,-0.5804958436660744,0.0,5.256708661424851,3.123815688860671,0.0,-1,-0.05456170735948562
UCYRS5awJwNdxmLBJxCYssbg,0.0004013663773025,-0.4,0.0,-0.1639262710357456,1.1138356127283795,0.7105730407755367,0.0,-0.2217127734342647,-0.2478718084569988,0.0,1,0.1169856310136892
UCYRsduRTz3am5vlZTPLljjg,-0.2516145376900589,0.4,0.0,0.3127768007366104,-0.364532820351664,-0.4651256107737475,0.0,-0.2217127734342647,-0.2478718084569988,0.0,1,0.16450720840939714
UCYUIylRaMPkchohdbsBKCFw,-0.2057320807620559,1.8,0.0,0.3471197773993922,-0.3001402597631509,-0.4040952886601441,0.0,-0.2217127734342647,-0.2478718084569988,0.25,1,0.13286334695619467
UCYUU-4lEN8TtDH1J_Kn--Iw,-0.3141311107928253,0.0,0.0,2.3239415733294493,-0.0774990715596183,-0.2161309777938065,0.0,-0.2217127734342647,-0.2478718084569988,0.0,1,0.15977727175517192
UCYV2Xdsba1FNZgROVBvn4_w,-0.2713613157233473,-0.4,0.0,0.3457721618065119,0.0585981116032752,-0.0301415020719572,0.0,-0.2217127734342647,-0.2478718084569988,0.0,1,0.16542302447488688
UCYVItPIo4v-RUQGs1JuKC6A,-0.1198573621957788,0.0,0.0,-0.1311112618061473,-0.136829694112837,-0.0513251657472328,0.0,-0.2217127734342647,-0.2478718084569988,0.0,1,0.16859143590446712
UCYXnKZh_LiPZvZX3ftYUdsA,7.447559911412968,-0.2,0.0,-0.2404853164866169,-0.1564047634586269,-0.2584492872717188,0.0,-0.2217127734342647,-0.2478718084569988,0.0,1,0.13480455474829017
UCYYWMXeiVa03HkGqjY5-yUg,1.8566461022744885,-0.4,0.0,-0.232634448685711,0.0823303606245627,-0.2486762255029515,0.0,-0.2217127734342647,-0.2478718084569988,0.0,1,0.15194337476098124
UCYZu1kH-8vavb2GoEddIFxQ,0.1491638994326115,-0.2,0.0,-0.1521631550589615,0.2080547750825737,0.0913903905868712,0.0,-0.2217127734342647,-0.2478718084569988,0.0,1,0.15911249102616098
UCY_DxPM3NledgNzkSLcVZ3g,-0.2163385981923714,-0.4,0.0,0.1364143022576235,-0.255854187928784,-0.4734755473606267,0.0,-0.2217127734342647,-0.2478718084569988,0.0,1,0.16940089799875552
UCY_G8H5wzdQVZgCVaBnDhTw,-0.2854738241310908,0.2,0.0,0.7145002159753697,-0.1131428511802383,-0.1964610445398463,0.0,-0.2217127734342647,-0.2478718084569988,0.0,1,0.16580116104215104
UCY_snYiHAD9kRR9Zl7QAGOQ,24.636566520889478,0.6,0.0,-0.2489157177101066,-0.2058469489196425,-0.3638967467738326,0.0,-0.2217127734342647,-0.2478718084569988,0.0,1,0.020348819957662412
UCY_wvoaFSLelDTpQjBcy3Wg,19.16310195142676,-0.4,0.0,-0.2545773919708575,0.1798020976762792,0.1245339336128332,0.0,-0.2217127734342647,-0.2478718084569988,0.0,1,0.055425307931118106
UCYa4gI0xjeammMXQKZNqCrQ,0.0354552923916653,1.4,0.0,12.078231644436402,-0.2243120916530422,-0.174805929634519,0.0,-0.2217127734342647,-0.2478718084569988,0.0,1,0.09754460802496007
UCYaIvjrrHn01u0ka3jam4SQ,12.521844675488596,-0.4,0.0,-0.2566262170615809,-0.1058324709013595,-0.111565452638659,0.0,-0.2217127734342647,-0.2478718084569988,0.75,-1,-0.007398156953609569
UCYaJw0xq3QBG70TaMW9xRyw,0.2816448489817031,-0.2,0.0,14.47124875199242,-0.5088569141021525,-0.500620890091624,0.0,-0.2217127734342647,-0.2478718084569988,0.0,1,0.08080190209773475
UCYcDtJAJgxxmrPOu9SkFyIA,3.9532072473630087,2.4,0.0,-0.2099948487580781,-0.1726128783917118,0.122484001949855,0.0,-0.2217127734342647,-0.2478718084569988,0.0,1,0.09995234211250986
UCYcz_T-YBkpZPopvikFigNQ,-0.2810245072889105,-0.2,0.0,5.665654057236946,0.5477932208932668,0.4424588980166438,0.0,-0.2217127734342647,-0.2478718084569988,0.0,1,0.12011028914725064
UCYeykUtMFITDWrFrxsAzOTA,0.768342672470603,0.4,0.0,-0.2239978829487934,-0.0744719989803725,0.2492471727147897,0.0,-0.2217127734342647,-0.2478718084569988,0.0,1,0.15084530063953333
UCYf0LdbCik2vYpYfkcKtYYw,-0.3057710155011087,1.0,0.0,1.2637629818584808,-0.2619991452646532,-0.4853731258896205,0.0,6.169778900568036,3.605485331334624,0.25,-1,-0.06631256006200514
UCYguH5ur20smWpmqgfpB9lQ,0.3095287662339165,-0.4,0.0,-0.197071756645617,-0.1905905031202434,-0.2788359351466088,0.0,-0.2217127734342647,-0.2478718084569988,0.0,1,0.17287615104449044
UCYh8JBtZDvuztWjzZRDC1fQ,-0.0868791191788871,-0.4,0.0,0.3980281661683543,-0.4253702523665518,-0.5278287848967753,0.0,-0.2217127734342647,-0.2478718084569988,0.0,1,0.16036277889064804
UCYimwMx8oFM5yGNDHzikeGQ,0.2167977570863528,1.6,0.0,-0.1709353460641081,0.1478765722071662,0.105022262884227,0.0,-0.2217127734342647,-0.2478718084569988,0.25,1,0.12449411426544132
UCYkMq2gR6KBnJKIDYgurm6A,-0.320114870711093,0.2,0.0,1.6249817475583928,-0.2704749484865415,-0.4682547940279464,0.0,-0.2217127734342647,-0.2478718084569988,0.0,1,0.16213029938022394
UCYmPJQQQw5PSfcS_1P0AnBw,-0.0865991701072679,-0.4,0.0,-0.0802732344802371,-0.4855484552419594,-0.5258466216653586,0.0,-0.2217127734342647,-0.2478718084569988,0.0,1,0.1571002919626422
UCYnF61nvh73kk0ZuBZIteaA,-0.0815794772300091,0.0,0.0,-0.1349606454591673,-0.2215877263317209,-0.3078184945128851,0.0,-0.2217127734342647,-0.2478718084569988,0.0,1,0.17351774087015526
UCYo8jHuwRR5_L7tj12n0KfQ,-0.3222841730409562,0.0,0.0,13.97367870228568,-0.3711251117464662,-0.4624985919796111,0.0,-0.2217127734342647,-0.2478718084569988,0.0,1,0.10220213974154935
UCYp01tbXes4vx2ZlBc2Bk3w,-0.1860812995747699,0.2,0.0,0.0959101936808722,-0.410855439349068,-0.5092208254087153,0.0,1.6044277048521072,1.1971371189648596,0.0,1,0.0658605514834647
UCYpihZIr67Zv1cWadjaktLA,-0.2824065790945053,4.0,0.0,4.061392895863571,-0.3066148316687601,-0.3360683102205503,0.0,0.6913574657089212,0.7154674764909068,0.0,1,0.03374603175906138
UCYqMjj0iV_DouX_pmwr61Kg,-0.261608059734238,3.6,0.0,1.6291351592168817,-0.1314293966314625,-0.2365521893859121,0.0,3.430568183138479,6.013833543704388,0.0,-1,-0.06882808622895653
UCYqn_Tt4fbyBGgc0zXAsMog,0.2082925366806692,-0.2,0.0,1.033028723078698,0.5555627071799979,1.0220223943387308,0.0,-0.2217127734342647,-0.2478718084569988,0.0,1,0.12768602678226887
UCYr3_K15IoPX7MCMCTtwJZQ,-0.0785348955346197,2.4,0.0,0.0510020111836691,-0.2952889776558858,-0.2819566246359254,0.0,-0.2217127734342647,-0.2478718084569988,0.5,1,0.07998978062843509
UCYrhloUV9s0FHoOrzjpTilg,1.6435652700146657,-0.2,0.0,-0.2169328755380685,-0.0617582941475399,0.1307535383686424,0.0,-0.2217127734342647,-0.2478718084569988,0.0,1,0.159833882701789
UCYtKb_g5W7HsmrM6N67zu_g,3.734362083634348,-0.4,0.0,-0.2477772898597784,0.2526940053845193,0.1567612534553419,0.0,-0.2217127734342647,-0.2478718084569988,0.0,1,0.13224010409307096
UCYwjk6ITE41i-xm9-Ghk1mg,-0.3359940756274555,0.8,0.0,3.0769634744326986,-0.2412912169384485,-0.313567862939542,0.0,-0.2217127734342647,-0.2478718084569988,0.0,1,0.1475543482406163
UCYx1T58vCGlDXrKBur1giOw,-0.0704936151839626,0.2,0.0,-0.0873922323779623,-0.0808288513967888,-0.1652078093384294,0.0,-0.2217127734342647,-0.2478718084569988,0.0,1,0.16721344376583142
UCYx3ahm6xdUDR5768L4Br_A,1.639592255412393,1.0,0.0,-0.2239629371510762,-0.4873142475798528,-0.5280739973688305,0.0,-0.2217127734342647,-0.2478718084569988,0.0,1,0.13632914173628763
UCYy-mdQNBMf-xMe5UhGXTig,7.07002313841886,-0.4,0.0,-0.2235460802689279,0.1831924189650346,0.2910979096885666,0.0,-0.2217127734342647,-0.2478718084569988,0.0,1,0.11802369748014119
UCYzVj6yIMG7hb3fIIGy6pvw,-0.15642949686586,-0.4,0.0,0.1955553261503359,0.5120535839743041,0.6411810300034059,0.0,-0.2217127734342647,-0.2478718084569988,0.0,1,0.13625358498616869
UCZ0x_B_vZdYKfNT5C7Lpy8w,-0.1011360205105655,-0.2,0.0,-0.1496383496006202,-0.4163293955965375,-0.4895539645587582,0.0,-0.2217127734342647,-0.2478718084569988,0.0,1,0.16352578133015172
UCZ19M3sVDanKWSJ-HJd-zfg,0.5482539231729994,-0.2,0.0,-0.1777482494665121,-0.1168510150898144,-0.2104888534862037,0.0,-0.2217127734342647,-0.2478718084569988,0.5,1,0.11987092520826992
UCZ1PLzkX0NDv9qP41G7Ojtg,0.6094602632530997,-0.4,0.0,-0.2013995076394026,0.2103149892750773,0.1204813750335554,0.0,-0.2217127734342647,-0.2478718084569988,0.0,1,0.15404900943115135
UCZ2Ex7i75pJIe0D3Rp6S3iQ,-0.0772873287654288,-0.2,0.0,-0.1466819957336023,-0.1034309933218245,-0.2156536876237184,0.0,-0.2217127734342647,-0.2478718084569988,0.0,1,0.17244347085180733
UCZ3BezaDAGVkAi8nBLAfcJg,0.0261524393136697,0.0,0.0,-0.0553124738770399,-0.4861538697578086,-0.519884879190022,0.0,0.6913574657089212,0.7154674764909068,0.0,1,0.1022141901303793
UCZ42DcQM-dSL8QGIqWpWqEw,0.0501554800839836,0.4,0.0,0.0418712453833672,-0.364532820351664,-0.3460363297275088,0.0,-0.2217127734342647,-0.2478718084569988,0.0,1,0.16624745349349612
UCZ4920aB2h9g2uMu6-YvJ-w,1.1239812069736088,-0.4,0.0,-0.2364186903538935,-0.3914670394789983,-0.4759376885745054,0.0,-0.2217127734342647,-0.2478718084569988,0.25,1,0.14095572771382464
UCZ5bC-ukRfXLj4LrNpir1ew,-0.330997739382697,0.0,0.0,2.4940030954144103,-0.1350134505652896,-0.2572894630846865,0.0,-0.2217127734342647,-0.2478718084569988,0.0,1,0.15981399108021316
UCZ6Q7fw-fQXc-3U0Ex6rVBw,3.238767393816337,-0.4,0.0,-0.23456068590312,0.1348803406002707,0.6168657986869192,0.0,-0.2217127734342647,-0.2478718084569988,0.0,1,0.12533375540050118
UCZ6fJo1q-MLfiQhBwoYNBug,0.0327694173701238,0.6,0.0,4.849119974848875,-0.2249175061688914,-0.254871916243385,0.0,-0.2217127734342647,-0.2478718084569988,0.0,1,0.1455857155807474
UCZ77R8-HDdtT96IyVz03eqQ,0.0295366721383305,0.0,0.0,0.0610481243812537,-0.0980831650984901,-0.0596617263010417,0.0,-0.2217127734342647,-0.2478718084569988,0.25,1,0.1584887904353614
UCZ7P2OBr4fKPtEojOBoiJSA,0.3155307046633285,-0.4,0.0,-0.1827062776473042,0.3408423588921586,0.5319717470848394,0.0,-0.2217127734342647,-0.2478718084569988,0.25,1,0.133867957541486
UCZ8FdDKlPWVCsUxjKq-3ysg,0.1696546162025176,-0.2,0.0,-0.1822156659466406,-0.2602333529267597,-0.3937033146743517,0.0,-0.2217127734342647,-0.2478718084569988,0.25,1,0.154610065711355
UCZAMQaHr3N8rh-DMw3Qa1cg,4.0680019938680445,-0.4,0.0,-0.247883727136561,0.6824172287342608,1.1928518625872355,0.0,-0.2217127734342647,-0.2478718084569988,0.25,1,0.07496478153874242
UCZCZsrxwH51w5NFgFlXa1rg,-0.3319420120449047,1.0,0.0,1.1167007265474864,0.175564196065335,0.1139951202861122,0.0,0.6913574657089212,0.7154674764909068,0.0,1,0.08685032673896376
UCZEwl50kq4uTCknw_9MbJNQ,1.0634273744518534,-0.4,0.0,-0.142783773774966,0.3213480114818153,0.3616214169297707,0.0,-0.2217127734342647,-0.2478718084569988,0.0,1,0.14101949572252687
UCZFhmduJg0xnWAKZTxLsEFQ,-0.2501202260191592,12.4,0.0,0.5281079480248282,-0.4039842039472653,-0.4804812600248715,0.0,4.343638422281664,16.128896035657398,0.5,-1,-0.18700482360005588
UCZG3O15BF7CbmjSXNbQ7hQg,0.1404098354077107,-0.4,0.0,-0.1745234550297332,-0.0431115270593854,-0.2582956206764846,0.0,-0.2217127734342647,-0.2478718084569988,0.0,1,0.16996533888570353
UCZHHzf2q57b9ygeQskJ6nNw,-0.3423623385996198,1.2,0.0,1.9731594727568775,-0.1439083869135351,-0.4534900737603508,0.0,0.6913574657089212,1.6788067614388125,0.0,1,0.05640651807617175
UCZHsGZLCHVl293Qz6lV2J0A,-0.1925630749545897,0.2,0.0,0.0870201373493645,1.3441655652831968,3.0865110560993205,0.0,0.6913574657089212,0.7154674764909068,0.25,-1,-0.024721260851297222
UCZJ4MywxLLotC80ryojvDOg,-0.2662798159081986,-0.4,0.0,0.378983590662507,-0.1575348705548787,-0.288829148052342,0.0,-0.2217127734342647,-0.2478718084569988,0.25,1,0.1585653696991448
UCZJIhNvtqbpAh9KMdxhftYQ,-0.2153375681787026,2.6,0.0,0.6105310714975282,0.0125058864632916,0.3528160267600247,0.0,-0.2217127734342647,-0.2478718084569988,0.0,1,0.11995731144148342
UCZLxLL-AWWmdupXTKM-ImsQ,0.1679357369821139,1.4,0.0,4.765016685876742,0.0687085340179563,-0.1775521880276871,0.0,-0.2217127734342647,-0.2478718084569988,0.0,1,0.12681745226845959
UCZOGu-eOnDaOcvEsTd-aNng,2.049730370292339,-0.4,0.0,-0.2431602494353152,0.1747166157431462,0.1442302313569645,0.0,-0.2217127734342647,-0.2478718084569988,0.25,1,0.12548045375564892
UCZOQL7pTXkvwvjg8tc3iVlw,1.1493335645655487,-0.4,0.0,-0.2254106937408099,-0.1236316576673251,-0.0062326354095453,0.0,-0.2217127734342647,-0.2478718084569988,0.0,1,0.16375259572502598
UCZOd3_lRxKKKTkmMP69LXUA,-0.2108428303065942,-0.2,0.0,8.017616367174615e-05,-0.5448790777951782,-0.5648149183909875,0.0,0.6913574657089212,0.7154674764909068,0.25,1,0.06882401954598921
UCZPftIhYeCpUhitisYULO8w,-0.3016354042158249,1.0,0.0,1.210648750705747,-0.0391561522225042,-0.1361729885473826,0.0,-0.2217127734342647,-0.2478718084569988,0.0,1,0.15264472021926478
UCZQUGiBlm9S6BwPxnWoEUAA,0.9851500321871484,2.2,0.0,-0.156843722450617,0.5322542483198048,0.8932605984789085,0.0,-0.2217127734342647,-0.2478718084569988,0.0,1,0.09728664339596871
UCZRzMEvyYclXYMAmX63COFw,0.0568535208345765,-0.4,0.0,-0.084575896008258,-0.3609541478802001,-0.3428373793022911,0.0,-0.2217127734342647,-0.2478718084569988,0.5,1,0.11931947547718236
UCZTXxXcmmw3OUEe7hBHVvVw,-0.1215267554691791,0.0,0.0,0.0754186615202514,-0.2651775714728613,-0.2295528499298434,0.0,-0.2217127734342647,-0.2478718084569988,0.0,1,0.17246343843050221
UCZU6WSYDo7EZL6uWyTiSnvA,0.0677842595855267,0.8,0.0,-0.1242294280763839,-0.4416283840012651,-0.48018853165934,0.0,-0.2217127734342647,-0.2478718084569988,0.0,1,0.1566117752893904
UCZUgI9EwkPTyGnVI7wcAr9w,-0.0288193783861027,-0.4,0.0,9.331383097469788,-0.1007469889682265,-0.2682776225042381,0.0,-0.2217127734342647,-0.2478718084569988,0.0,1,0.12717914874276393
UCZ_V8XcGJySMuYpDV6lLisg,-0.2197438740208414,0.8,0.0,0.2903226897874468,-0.4223651948606096,-0.4765824978952045,0.0,-0.2217127734342647,-0.2478718084569988,0.75,1,0.04737564849485565
UCZ_oyFiitOuX4aEQrIcSiRA,0.1033516328633359,2.4,0.0,8.676901262496086,-0.3613110238053322,-0.4555620814902298,0.0,-0.2217127734342647,-0.2478718084569988,0.0,1,0.09575439972546435
UCZb777DMB5rqO3zHnapML7A,-0.2348894658397444,-0.2,0.0,0.8369753143536433,-0.2114974844009014,-0.2479864998903919,0.0,-0.2217127734342647,-0.2478718084569988,0.25,1,0.15485705125126276
UCZdEnGWnGcbSx4lFf_ivXuA,-0.3330801888259828,0.4,0.0,7.7949682267726015,-0.3499356036917452,-0.4570330057850322,0.0,-0.2217127734342647,-0.2478718084569988,0.0,1,0.1303119687813203
UCZdcSr2XVOvykMX0ABE57uw,-0.1149552236905852,0.0,0.0,-0.0522320352588903,0.1410555686619322,-0.0147349904798939,0.0,-0.2217127734342647,-0.2478718084569988,0.75,1,0.061893377528781546
UCZfoMQlyYjnzGugeYPew1yQ,-0.1569893950090985,-0.4,0.0,-0.0983030534365122,1.2011363859138302,3.3965877603488184,0.0,-0.2217127734342647,-0.2478718084569988,0.0,1,0.025503439138016115
UCZg6Mg0JI19wx6CeKnIGcQQ,-0.1790496242328409,0.0,0.0,0.2316044294678705,-0.5025000616857362,-0.5199203241864285,0.0,0.6913574657089212,0.7154674764909068,0.25,1,0.08149125390837936
UCZh60tvQwBhaNTgpFPtSYpw,1.2061632261042488,-0.4,0.0,-0.1929166042878374,0.2374375595851202,0.6562542566355628,0.0,-0.2217127734342647,-0.2478718084569988,0.0,1,0.13460854608952538
UCZlHyBLK5hDG4jGQEvByFvw,2.3124526768175686,-0.2,0.0,-0.2340013276212958,-0.1133194304140276,-0.0246293488257587,0.0,-0.2217127734342647,-0.2478718084569988,0.0,1,0.15993155058357061
UCZl_3gUANpkk3ieQaGWwS7w,-0.27970606027232,-0.2,0.0,0.1267438133476959,-0.1076688949327687,-0.0873598471681559,0.0,-0.2217127734342647,-0.2478718084569988,0.0,1,0.17158758510953365
UCZl_TpXWqlbDhZbBHneaHZg,0.2792857831938412,-0.4,0.0,-0.224131800034277,-0.2151703324637198,-0.2916994481580762,0.0,-0.2217127734342647,-0.2478718084569988,0.0,1,0.17166502983264076
UCZmiJlWiRgbQBrFpyuCR1DQ,-0.3145971876202144,-0.2,0.0,2.072815472875164,-0.2383375279368814,-0.3038369317039006,0.0,-0.2217127734342647,-0.2478718084569988,0.5,1,0.08416782065037565
UCZr58Ghknr7KN-JhgH4nTOQ,-0.3084842592810949,-0.4,0.0,0.690094444010251,-0.2126275914971532,-0.3733147967305972,0.0,-0.2217127734342647,-0.2478718084569988,0.0,1,0.1689016030772006
UCZrUFS8ez81-5EOE1Qk5nOg,1.1775985236096884,-0.2,0.0,-0.181528184221537,-0.1677058344211448,0.4699251275604257,0.0,-0.2217127734342647,-0.2478718084569988,0.0,1,0.15340683673018624
UCZsZAS_4dAC0LRH7BYO1CRQ,-0.2795717412733108,-0.2,0.0,1.42363051813207,-0.258820719056445,0.2367347231606257,0.0,0.6913574657089212,0.7154674764909068,0.0,1,0.08410296548516988
UCZuEcLFgCPaMrMAtTA_nD7Q,-0.1526332177885995,0.6,0.0,0.3035242628017578,0.3082105164878884,0.2539229772715692,0.0,1.6044277048521072,1.1971371189648596,0.0,1,0.04779288209853849
UCZuiianifWmcvo8BRck1eAQ,-0.2162913340633966,0.0,0.0,0.223806937126662,-0.3360110698272143,-0.4729463046642985,0.0,-0.2217127734342647,-0.2478718084569988,0.25,1,0.15073823443586115
UCZwE1bPmPcWQ6g4xd66uG-Q,0.780301776329757,0.4,0.0,-0.2192482633384584,-0.1036664323002102,-0.0800215025315542,0.0,-0.2217127734342647,-0.2478718084569988,0.25,1,0.15102045933940728
UCZxUabREVs4T7slSDd5QUwQ,-0.1891310070092581,1.2,0.0,7.96438256759556,-0.1145690680685368,-0.0221896363659949,0.0,-0.2217127734342647,-0.2478718084569988,0.0,1,0.11651488871423149
UCZxk1By3u8Ud8WdliERahsg,-0.2481612938508695,1.4,0.0,10.86809653142357,0.1540719807526893,-0.2292207228895899,0.0,-0.2217127734342647,-0.2478718084569988,0.0,1,0.0847486562896132
UCZys-FEh1c0pMfgi_tjiPOA,-0.3125885883784516,0.2,0.0,1.6144952816896485,0.2778035724293637,-0.0897923894786854,0.0,-0.2217127734342647,-0.2478718084569988,0.0,1,0.14429613743153347
UCZyzx4BV1o4l7C3ifnAyLvw,4.293640238651029,-0.2,0.0,-0.24696246051313,-0.1917206102164952,-0.2192550412958519,0.0,-0.2217127734342647,-0.2478718084569988,0.0,1,0.14293384695116113
UC_-tzh5XNxxYKm89EIyWdnQ,7.0887337749808434,-0.2,0.0,-0.2510022666209628,0.0865682622355069,-0.1015511690897983,0.0,-0.2217127734342647,-0.2478718084569988,0.25,1,0.10575006185087321
UC_-uGeOCDGgSlHewGYwETDg,8.100093096408873,0.2,0.0,-0.2519442599228851,-0.2884860303330543,-0.1951705353310054,0.0,-0.2217127734342647,-0.2478718084569988,0.0,1,0.11662823891038032
UC_0JK8xSBjl27pXyl5eYJYw,-0.3314259443118693,1.0,0.0,3.8411826789031047,-0.1662932005508301,-0.1904957998852636,0.0,-0.2217127734342647,-0.2478718084569988,0.0,1,0.13993842415504676
UC_0pJiuIUhpfUnwwedaT5Bw,0.6764099019457227,0.0,0.0,-0.1421549906836491,0.058719194506445,0.0310499375264297,0.0,-0.2217127734342647,-0.2478718084569988,0.0,1,0.16135528902595558
UC_1RwtUkgklSTtvIw2nQv7A,-0.0832737144686397,-0.4,0.0,-0.1270584546370822,15.66339942342199,12.832205286053163,0.0,-0.2217127734342647,-0.2478718084569988,0.25,-1,-0.16727052143646215
UC_2dKf-g1wNPfj1duSF2pIw,-0.1317642869951674,1.2,0.0,0.2312608026711086,-0.2870190643908045,-0.3924317036433382,0.0,-0.2217127734342647,-0.2478718084569988,0.0,1,0.15287490967171935
UC_2n3DjvV1-qXD_47BDoAhQ,-0.0829640738288184,0.6,0.0,-0.0583422897485995,-0.147787696849707,-0.2978835885149017,0.0,-0.2217127734342647,-0.2478718084569988,0.25,1,0.15310521991447928
UC_3jHCr_fXw68yLN2HbvRfg,-0.2536595942984556,1.2,0.0,0.1845175431905293,-0.0953355146034823,0.0021757908132594,0.0,-0.2217127734342647,-0.2478718084569988,0.25,1,0.13938231343482915
UC_68oY8bUO3UYqQRogUXo1Q,-0.2770573838708048,0.4,0.0,3.2133359769524623,-0.3268625838099379,-0.3835920461458075,0.0,-0.2217127734342647,-0.2478718084569988,0.0,1,0.1515046594879111
UC_6O5Oru2O4-Aj2zPF8XSTQ,-0.0586452655871495,-0.2,0.0,-0.1384871545392074,0.3196528508374376,0.1288294654896593,0.0,-0.2217127734342647,-0.2478718084569988,0.25,1,0.1439241155601329
UC_6pp8Egac-EDfRUEnpVJhQ,1.3638600934199707,-0.2,0.0,-0.2443903405318906,-0.3047313198416738,-0.2033940902226404,0.0,-0.2217127734342647,-0.2478718084569988,0.25,1,0.15134065287556164
UC_7nAoNyUvWWmWr7VOYtaaQ,0.0598452998019819,-0.2,0.0,1.161334700131139,-0.1133194304140276,-0.3169198008321356,0.0,0.6913574657089212,0.7154674764909068,0.25,1,0.09548657203914296
UC_8HyubQNHvT3Z8_y0F8L3w,1.0183633502842606,-0.2,0.0,-0.0837094189194574,-0.4198609802723244,-0.4844763376630571,0.0,-0.2217127734342647,-0.2478718084569988,0.0,1,0.16319578021130288
UC_8ZCYTGO2PoJJ3K0sbxN9A,-0.2748811804394889,-0.2,0.0,2.112571349783045,0.2193558460450917,-0.0932874862878076,0.0,-0.2217127734342647,-0.2478718084569988,0.0,1,0.1490644329211957
UC_9Ei3EC9cY9m-sFo88Lq3A,0.9065312957999614,0.2,0.0,11.832844750836047,-0.3647682593300498,-0.4090396021457669,0.0,-0.2217127734342647,-0.2478718084569988,0.0,1,0.10292988047625817
UC_A07C8TbKgS_awIgcoP-xw,0.3281005391691055,1.4,0.0,-0.1454585997868581,-0.4083581044711901,-0.4056258801438754,0.0,-0.2217127734342647,-0.2478718084569988,0.0,1,0.14969485270677818
UC_AhrJI9w0AQR7C0s7sol8A,0.1315000673852742,3.4,0.0,-0.0417656907747062,-0.3388111119630166,-0.2922072027876414,0.0,-0.2217127734342647,-0.2478718084569988,0.25,1,0.09735554817170167
UC_B-_DhHdcufhDDpdeCIVMQ,-0.1600985263651118,0.8,0.0,0.1042798407522161,-0.4231357224262358,-0.3817045298491058,0.0,-0.2217127734342647,-0.2478718084569988,0.0,1,0.15542492450156603
UC_G-2z0nn8dqecpVT-zF13g,-0.1594325869068661,-0.4,0.0,-0.0097261436975408,-0.3016235253269813,-0.1350112037089436,0.0,-0.2217127734342647,-0.2478718084569988,0.25,1,0.1553269164218788
UC_GiTX8ajeIFynGdFRDS0Kw,2.7581414960247543,-0.4,0.0,-0.1503929438140296,-0.1897429227980546,-0.4001354872900785,0.0,-0.2217127734342647,-0.2478718084569988,0.0,1,0.14243888450128178
UC_IDdQsJpvgqYEvgbbLp9TQ,0.62281056183733,0.0,0.0,4.299838268528678,1.4929461825531305,1.8232719136920117,0.0,-0.2217127734342647,-0.2478718084569988,0.0,1,0.042369925632460004
UC_KTRulcc2sMICLD-Tnrynw,-0.147628067720256,-0.4,0.0,0.2253281198165651,-0.0202268583602867,0.199879053716112,0.0,-0.2217127734342647,-0.2478718084569988,0.0,1,0.15922208965957413
UC_MB45H-uXwuWQkBAiMSb6g,-0.2491886551624984,0.8,0.0,0.4206356307732633,-0.3784451236199152,-0.4410571597908426,0.0,-0.2217127734342647,-0.2478718084569988,0.25,1,0.14017562987125498
UC_NdIzCcPJlv-henfTLHHTQ,-0.354378334465873,2.8,0.0,10.983371083139362,-0.4873646987895069,-0.537738419523263,0.0,-0.2217127734342647,-0.2478718084569988,0.25,1,0.02684984713079519
UC_Qx5PaLlOXG8x2QJw4nuHA,-0.2761354588654596,1.2,0.0,1.3454988844780378,0.0842863152142292,0.1969620160105333,0.0,-0.2217127734342647,-0.2478718084569988,0.5,1,0.06644583200327059
UC_Wwql7XQrMm7BQWQ8Yi3uA,-0.1841369142404282,0.4,0.0,1.62020954078271,-0.2962555166197854,-0.2930732078847567,0.0,-0.2217127734342647,-0.2478718084569988,0.0,1,0.16172193557521108
UC_YWn4PChuaMtLGfs_PJ5kA,-0.3046507841733396,1.2,0.0,14.046613923588549,-0.4050283246340197,-0.350345167662992,0.0,2.517497943995293,2.6421460463867183,0.0,-1,-0.03350060256777754
UC_Z6W4o1PDjN8YHPkvbUpVQ,0.6713431469229463,-0.2,0.0,-0.1072704219893628,1.8064499993436929,5.408027828077284,0.0,-0.2217127734342647,-0.2478718084569988,0.0,-1,-0.024665006592041516
UC__Dih26WBv5UVB-qabW2-g,8.068829465711854,0.2,0.0,-0.2519449000112864,-0.2699452107851735,-0.3526358733485197,0.0,-0.2217127734342647,-0.2478718084569988,0.25,1,0.09031327370894587
UC__dZlylIj2mAJPA3Y30S1g,-0.1058301160548876,-0.2,0.0,-0.0873682224135889,0.2525527419974878,0.1736925484920397,0.0,-0.2217127734342647,-0.2478718084569988,0.25,1,0.14560065434714875
UC__eDVXNDXFgf2B8YPWeszA,-0.1120370676933136,1.0,0.0,-0.0115103654717792,0.1441330924508322,-0.0069074799434342,0.0,-0.2217127734342647,-0.2478718084569988,0.25,1,0.13500592000422285
UC_bIIu-t-5v1hcGI9w9KLlg,0.7837398714096596,-0.2,0.0,-0.2122737391866637,0.1190588412527457,-0.0911197221752826,0.0,-0.2217127734342647,-0.2478718084569988,0.5,1,0.10555881593097988
UC_c4ZR47cgFTCTx8mKNI1FA,1.8015682432597089,-0.4,0.0,-0.2304265229924428,0.4154294272447764,0.5096488649380726,0.0,-0.2217127734342647,-0.2478718084569988,0.0,1,0.136338368511092
UC_dWbkcmdjmk7nkN3JWlFOA,0.0576949104685616,0.8,0.0,-0.0119889852429588,-0.413118864073095,-0.5238138433736985,0.0,-0.2217127734342647,-0.2478718084569988,0.0,1,0.15258793062386772
UC_fX6---2V2e7gn3aJMA-BQ,0.0892094994315355,1.2,0.0,41.47358782114955,-0.3525435431446339,-0.5232338959201086,0.0,-0.2217127734342647,-0.2478718084569988,0.0,-1,-0.006565062585057846
UC_fxE8dgQBUKoOnI25yf5-Q,5.4138112044409015,-0.2,0.0,-0.2372477365106307,-0.1712374190969316,-0.0880761121472196,0.0,-0.2217127734342647,-0.2478718084569988,0.25,1,0.11466267680928
UC_gHyU4rBnatxCsXASXjt5w,0.7667995188579256,0.0,0.0,-0.225333647585842,-0.2542801101875762,-0.4056861434407148,0.0,-0.2217127734342647,-0.2478718084569988,0.25,1,0.15007685169359591
UC_h9-o7r-PqF2jTF4oG_tSA,0.3125983088323272,-0.2,0.0,4.931828764617833,-0.0165540102974685,-0.1395894262537849,0.0,-0.2217127734342647,-0.2478718084569988,0.0,1,0.14929912018463376
UC_jx0cHe2odFbtjqzoToW-Q,13.76318268945838,0.4,0.0,-0.2486661000932126,-0.2364540161097951,-0.395042526387154,0.0,-0.2217127734342647,-0.2478718084569988,0.0,1,0.07830724567351427
UC_l53DTpSycyUFO6whwSBLg,25.65696543520703,0.0,0.0,-0.2527846534594822,0.3783780588748072,-0.2884764076892958,0.0,0.6913574657089212,1.6788067614388125,0.0,-1,-0.06984414536140582
UC_lBXxHOtjNPl8hBYZAa8TA,-0.2576201791495186,0.0,0.0,0.0724313122188537,-0.2754696182422972,0.0185368470709749,0.0,-0.2217127734342647,-0.2478718084569988,0.25,1,0.15424262884544226
UC_lEWEvBl5VkwS6YywayYoA,0.1229416495865619,0.2,0.0,-0.1321374152616088,-0.0140819010244177,-0.0931276550649584,0.0,-0.2217127734342647,-0.2478718084569988,0.0,1,0.16655127190733338
UC_mty0aB-_h_a5NeFFUMNdg,-0.2713994905967499,0.8,0.0,0.4667790482035269,-0.2520786028572156,-0.3684798024067158,0.0,-0.2217127734342647,-0.2478718084569988,0.25,1,0.14598038712855577
UC_nJ9xk77KKhDLQY2we0kgw,3.8112526411461247,0.6,0.0,3.120984518696357,1.0002598495550754,-0.0729104871375175,0.0,2.517497943995293,3.123815688860671,0.0,-1,-0.06880024206443403
UC_ntpLnJrCVNxvq8GvKae2Q,-0.0854793738207911,-0.4,0.0,0.3408534186325098,0.3679649292022015,0.4108819010293805,0.0,-0.2217127734342647,-0.2478718084569988,0.0,1,0.15172738607587655
UC_oZV2rNP1G3DlnjJDBtV1A,-0.3083315597874844,-0.4,0.0,1.3757920170964817,-0.1829622802205439,-0.3335502871162186,0.0,-0.2217127734342647,-0.2478718084569988,0.0,1,0.1684881182951753
UC_qrNNh5_-yFULcm1rkyIng,-0.2051406353276029,-0.4,0.0,0.2146491691700196,-0.1753340573208443,-0.50120297573647,0.0,-0.2217127734342647,-0.2478718084569988,0.25,1,0.14721688515259246
UC_teSySwSqDm_Iv1JyP1Pjg,-0.1915991594011736,0.6,0.0,0.1645920929289432,-0.1580742398508171,-0.0765028622705782,0.0,-0.2217127734342647,-0.2478718084569988,0.25,1,0.14699664723746558
UC_uppEi5wesk_xi1CnYGoAA,-0.1430379936563696,0.0,0.0,0.0133060323844157,1.251385790729311,0.3693659456447764,0.0,-0.2217127734342647,-0.2478718084569988,0.25,1,0.10106019755651108
UC_vlX8H4TniygFd5YnommWQ,2.0495013210519235,-0.4,0.0,-0.2401363778418388,-0.0693865170472394,-0.2214063031670643,0.0,-0.2217127734342647,-0.2478718084569988,0.0,1,0.15940814609414922
UC_vy9wknYR459CHvDzsnk6Q,-0.2088894609163976,1.8,0.0,0.7110549913269422,-0.1634679328102006,-0.0654435199809701,0.0,-0.2217127734342647,-0.2478718084569988,0.0,1,0.14918261447641157
UC_wcYzBVwRVKfrbdr-UjoiA,0.1254654328837351,0.2,0.0,0.4685847579374257,-0.2710046861879095,-0.4653011356094911,0.0,-0.2217127734342647,-0.2478718084569988,0.25,1,0.1454065635445062
UC_y5l6s6mSGni-xd6nVUc4A,0.8367025596610942,-0.4,0.0,-0.2302495171170639,0.4154294272447764,0.2242477832429028,0.0,-0.2217127734342647,-0.2478718084569988,0.25,1,0.1291105154718088
UC_zumCPjENy7PTqDBOX6-TQ,-0.0431270028134595,0.2,0.0,3.96771155054462,-0.2710046861879095,0.0828248012286892,0.0,0.6913574657089212,0.7154674764909068,0.0,1,0.09236546764392428
UCa-0WKXVWRt_F2PAgVZBmKA,-0.1499503725189154,-0.2,0.0,-0.075099893721775,-0.1733563699024037,-0.3882794244814887,0.0,-0.2217127734342647,-0.2478718084569988,0.0,1,0.17021336619487554
UCa-y0S1DujyXS6Or9cAeSiw,-0.3405475172370667,1.4,0.0,2.9161088043976275,-0.2279445787481372,-0.3215230192240797,0.0,-0.2217127734342647,-0.2478718084569988,0.0,1,0.143598656266555
UCa2x-ifN-0XlOn7y6jzvXMA,-0.2802409797946901,0.4,0.0,0.5944394495236691,-0.2656484494296329,-0.3300900179601647,0.0,-0.2217127734342647,-0.2478718084569988,0.0,1,0.16712606362132204
UCa4tJeOKbZM9PuFRbj--nMw,0.0290844816736209,0.2,0.0,-0.0828081271790868,0.0394216068137527,0.3275085610116943,0.0,-0.2217127734342647,-0.2478718084569988,0.5,1,0.1025944845282899
UCa5N4qRDauavcuisJWA9S2w,-0.2016932321767163,1.0,0.0,0.2157583056248611,-0.2485791234966631,-0.3327991643670661,0.0,-0.2217127734342647,-0.2478718084569988,0.5,1,0.10052094460619976
UCa5zkVteixdOHx1_zmRyJ_Q,-0.0946195292240469,0.0,0.0,-0.074733421290103,-0.3995795939913772,-0.4673763685718554,0.0,-0.2217127734342647,-0.2478718084569988,0.0,1,0.16875079128454945
UCa6WXJmONhrq-auC5-8QpSg,0.1538191131614309,-0.2,0.0,-0.1569324508763234,0.138835715437152,-0.1691574640950731,0.0,-0.2217127734342647,-0.2478718084569988,0.0,1,0.15895892369705145
UCa8C62ScOIzjH-AzVVaE0bA,0.3541127767155763,-0.4,0.0,0.1684809168353137,-0.3329839972479684,-0.2223659587780278,0.0,-0.2217127734342647,-0.2478718084569988,0.0,1,0.17070538611641128
UCa8e2ZywSle9qN7Uw7GvzCA,-0.1649849101606472,-0.4,0.0,-0.0864223958019692,-0.2380550011628184,-0.172664328150969,0.0,-0.2217127734342647,-0.2478718084569988,0.25,1,0.15705108813965846
UCa8lwT-ihtMT3lcrwRZQjFQ,-0.1536466697848834,1.4,0.0,0.0787237180872496,-0.4128987133400589,-0.4574275972808654,0.0,-0.2217127734342647,-0.2478718084569988,0.0,1,0.151381999450941
UCaBD9dfGg9ysV4Wj0cP3ccA,4.827536937426749,4.8,0.0,-0.1845153976110106,-0.1935433635975465,-0.2071407554892803,0.0,-0.2217127734342647,-0.2478718084569988,0.0,1,0.04599338235139383
UCaDI8AoOQPY_ymKjFgwrNJg,-0.1791143851787918,0.2,0.0,0.0582208628311452,0.0293565904877602,-0.0945093394570664,0.0,-0.2217127734342647,-0.2478718084569988,0.0,1,0.1649604362283867
UCaFX2-ecM9CzDQQ5Hmjymeg,-0.3158710972845018,0.6,0.0,1.353640826244268,0.0852968917522236,0.7612867869181085,0.0,-0.2217127734342647,-0.2478718084569988,0.0,1,0.13135607375134956
UCaHpXr6WfAavnmt4Rbnd4CQ,-0.2926011891358478,7.0,0.0,2.464189896832516,-0.377784671420807,-0.4320585993912902,0.0,1.6044277048521072,1.1971371189648596,0.25,-1,-0.06161764849123319
UCaJQ7n0FCZdSaHWQn8M3Zlg,-0.2730678739528644,-0.2,0.0,0.3211611838712372,-0.3117944891932474,-0.3066410057987502,0.0,-0.2217127734342647,-0.2478718084569988,0.0,1,0.17228600976012892
UCaKJjx_yGft0_qLK1DN9A2g,-0.2607706161225205,-0.2,0.0,0.3913264018651945,-0.2552891343806582,-0.2900765449536145,0.0,-0.2217127734342647,-0.2478718084569988,0.0,1,0.1734673363104159
UCaL0hXxgrn0icnkgs6_JTfA,0.2199296873250928,0.2,0.0,-0.0949353239817818,-0.2948428827494707,-0.2057499743957672,0.0,-0.2217127734342647,-0.2478718084569988,0.25,1,0.15561293379947272
UCaN4iKHB0HMXz29NFwjSTww,-0.1547434399572443,-0.2,0.0,-0.1136273109577938,-0.3506419206269025,-0.3591918791129611,0.0,-0.2217127734342647,-0.2478718084569988,0.0,1,0.16949524638430624
UCaNI-oJ2kO_626qs9g79jXw,-0.0659698926857522,0.6,0.0,0.0619947887915258,-0.1609251918436341,-0.2056369661359847,0.0,-0.2217127734342647,-0.2478718084569988,0.25,1,0.15354066909929975
UCaOhBPe7jwAqiwZhS9NIgwQ,2.8003841142710533,-0.2,0.0,-0.2511114035672739,-0.3273334617667094,-0.3876404793461664,0.0,-0.2217127734342647,-0.2478718084569988,0.25,1,0.11804453508358742
UCaPHzcj3fFYQV-t9OFamjbQ,-0.2763707074442911,-0.4,0.0,1.2035790977036906,-0.3499356036917452,-0.4260549314911308,0.0,-0.2217127734342647,-0.2478718084569988,0.0,1,0.16619081185494022
UCaQuKN-Z1VtrtCc9Gji2pAw,-0.1445220212024974,0.8,0.0,0.0290349386065762,-0.3711251117464662,-0.4511517698043459,0.0,0.6913574657089212,0.7154674764909068,0.25,1,0.09453081891401094
UCaRDJHvHkAvPvYcRSbg4Uvg,2.0197503697134818,0.0,0.0,-0.2338987662478447,-0.0314875683550814,-0.0782431696479913,0.0,-0.2217127734342647,-0.2478718084569988,0.0,1,0.15871920503672582
UCaRiLmr7ajpQEAwuhSTNLuA,0.3291591344680638,-0.4,0.0,-0.1175254074626226,-0.0524349106034626,-0.3532463089266421,0.0,-0.2217127734342647,-0.2478718084569988,0.0,1,0.16770499800679728
UCaS7YxxHk4KpF4RW70_ZU9g,-0.2124108278845018,-0.4,0.0,0.0984780946165051,0.0704642361139189,-0.1533227108633682,0.0,-0.2217127734342647,-0.2478718084569988,0.0,1,0.16256419408452671
UCaUNr9xoYgPNavKHqsTAHVA,-0.3367875951820944,0.0,0.0,2.578689201095469,-0.2276418714902127,-0.2743562244724118,0.0,-0.2217127734342647,-0.2478718084569988,0.25,1,0.12730960818429898
UCaV3zGTX97CrTGXzHdWEFbQ,2.939316794160713,0.2,0.0,-0.191305784393059,-0.0967209824378295,-0.1460945238670559,0.0,-0.2217127734342647,-0.2478718084569988,0.0,1,0.14364571341236237
UCaVVb5mK2XSGCAGDFT_nh0w,1.1032268008003847,-0.4,0.0,-0.2037323606233483,-0.4084186459227751,-0.4594627317671731,0.0,-0.2217127734342647,-0.2478718084569988,0.0,1,0.16216358872725434
UCaVejI6C8VSzFKfMuOCMGIA,0.0068434940876779,0.4,0.0,-0.117245529056229,-0.1168510150898144,-0.2926027179444315,0.0,-0.2217127734342647,-0.2478718084569988,0.5,1,0.12110384180930883
UCaXY4FXAAMXjxUFQ50o8d-w,-0.046280848257301,-0.2,0.0,-0.0931095029739645,-0.1924269271516526,-0.1474567314423235,0.0,-0.2217127734342647,-0.2478718084569988,0.5,1,0.12513462027367617
UCaYwxG8OGnuWZSk1SuR7Bqg,-0.1755508667879723,-0.4,0.0,-0.0726683240977736,-0.0905760251019604,-0.1791099283913856,0.0,-0.2217127734342647,-0.2478718084569988,0.0,1,0.16779568469131162
UCa_8NRDv31fTyhk6WT05I4Q,3.622598529760302,2.0,0.0,-0.2423875127805053,0.1095027886006166,0.8744924888822725,0.0,-0.2217127734342647,-0.2478718084569988,0.0,1,0.08277079086310757
UCa_SRtyMKNTATB3hNTqfSag,5.438399357622689,-0.4,0.0,-0.2474498202845405,1.593566075087263,2.4147375402024607,0.0,-0.2217127734342647,-0.2478718084569988,0.0,1,0.026976919194897253
UCaa22TRx3oy9oWbQ64YtVnA,0.0735613904271231,-0.4,0.0,-0.1359196537538065,0.3501657424362357,-0.0153069331697345,0.0,-0.2217127734342647,-0.2478718084569988,0.0,1,0.1551980844920403
UCaaYdDw_YRhfLu3fZoU-4nA,-0.3038778245571788,-0.4,0.0,0.2374886075499983,-0.3058614269379255,-0.4031383588344328,0.0,-0.2217127734342647,-0.2478718084569988,0.0,1,0.16757295075801115
UCabXdzM648jvcRl30OaPjRw,0.3864490153138953,5.4,0.0,0.0,-0.2653022156378891,-0.3139519620112447,0.0,8.908989617997594,6.977172828652295,0.0,-1,-0.14325353085225223
UCabae30sDHbx4SoGfkoPYGw,0.0650950518369422,-0.4,0.0,-0.0615046294822119,-0.0948139267129046,-0.2600562249908914,0.0,-0.2217127734342647,-0.2478718084569988,0.0,1,0.17205032999577585
UCackWv-uzBLhE0UhHFGUPNA,0.7188850031512088,-0.2,0.0,-0.2127422032316518,-0.3478166528862731,-0.363455468953736,0.0,-0.2217127734342647,-0.2478718084569988,0.0,1,0.16659291926014635
UCag5M6T6BZWo0TSIkVOk9Vw,0.083584415521611,-0.4,0.0,-0.1097046351389883,0.1738690354209573,-0.1753792005051116,0.0,-0.2217127734342647,-0.2478718084569988,0.25,1,0.14369259827882197
UCagbyRfPgZ8x5Hxtm1yQcCw,0.0308977881602453,0.2,0.0,0.0001343240654732,0.8599853062328225,0.4729986932729438,0.0,1.6044277048521072,1.1971371189648596,0.5,-1,-0.014696704568677665
UCagtBb8oFmImZQGBg7OVX-Q,-0.3259895595624962,-0.4,0.0,2.000585589149876,-0.0524349106034626,-0.1532334384979299,0.0,-0.2217127734342647,-0.2478718084569988,0.0,1,0.16063534737447283
UCah1NkJCqsQdFx8rFPLelpw,-0.2812570912398264,-0.4,0.0,0.4581800443344428,-0.3855339772236765,-0.4108273068439018,0.0,-0.2217127734342647,-0.2478718084569988,0.0,1,0.16658072673253171
UCai4b_SK-vwQg8B7zLsqLLA,1.2775742753985493,-0.2,0.0,-0.2259266989603706,-0.1867763916703937,-0.4557851364629925,0.0,-0.2217127734342647,-0.2478718084569988,0.0,1,0.16365170415824892
UCaiaq7nXs_Aef6PQn8epsNw,11.920782000706446,-0.2,0.0,-0.2562088714739129,-0.3266271448315521,-0.4567825640754329,0.0,-0.2217127734342647,-0.2478718084569988,0.25,1,0.08050054308154886
UCajcy7K0SoZB0f4sqa38ULw,-0.089296861161053,-0.4,0.0,-0.0304009104904188,0.6620753010017286,0.556436132776695,0.0,-0.2217127734342647,-0.2478718084569988,0.75,1,0.03398454799784528
UCalno-3qR_9o7oE8G4Pf4ig,-0.2024443581580178,2.2,0.0,0.2897762780164603,1.9171063191850133,2.11512754535427,0.0,-0.2217127734342647,-0.2478718084569988,0.0,1,0.010699038857976628
UCamC-rEdtevcaOMEATd6iZA,-0.2287836069216254,-0.4,0.0,6.532533153141077,-0.0219220190046644,-0.3523917175252506,0.0,-0.2217127734342647,-0.2478718084569988,0.0,1,0.13723357639218392
UCamGP4oDtI_5P84T2DY5Uvw,-0.0004194943925823,2.8,0.0,-0.0739774548895319,-0.0980831650984901,-0.5266663631296659,0.0,-0.2217127734342647,-0.2478718084569988,0.25,1,0.09898500238433006
UCamo-TUszAVRCBtgh5ehqNA,9.287880423035512,0.2,0.0,2.4133573261138963,0.0139941971480875,-0.1509441131645001,0.0,-0.2217127734342647,-0.2478718084569988,0.0,1,0.09683684773011225
UCaoKfuiXh65zjATLQHenR0g,-0.1547917476674143,0.4,0.0,0.3578569999584824,-0.2326869924556224,-0.4441400267766648,0.0,1.6044277048521072,1.1971371189648596,0.25,1,0.05155912923311656
UCaq2spPs0ECFC422NVP4esg,-0.1364767630340908,-0.4,0.0,-0.0435476089941763,-0.3465452824029899,-0.3945807850331194,0.0,-0.2217127734342647,-0.2478718084569988,0.0,1,0.16626629275721694
UCaqGpcRt2DIAKejrA4w13dg,-0.2753527108202213,-0.4,0.0,0.4666386623981267,-0.1829622802205439,0.0100527567142871,0.0,-0.2217127734342647,-0.2478718084569988,0.0,1,0.16883752998771095
UCaqpLEe6hP6xDdpaat1qpIw,-0.3254051540931228,0.4,0.0,3.630155824993456,-0.3254499499396232,-0.4468861781987814,0.0,-0.2217127734342647,-0.2478718084569988,0.0,1,0.14906914828950246
UCatanT79m3Fx2GAuOj3wh1Q,0.0755439887542945,2.0,0.0,-0.1985605369754021,0.1381709465570039,0.4836220811203824,0.0,-0.2217127734342647,-0.2478718084569988,0.5,1,0.0607971969433202
UCau1ICCCgOgaz6ke_ObT5oA,0.2372128310515538,-0.4,0.0,-0.1126680813825344,0.2043819270197555,0.300528085688388,0.0,-0.2217127734342647,-0.2478718084569988,0.25,1,0.1412082490651443
UCauL193i_LvE1FksCn7_avw,0.6554675838295235,0.4,0.0,-0.2015352484288857,0.2645601298951631,0.0187909072714529,0.0,-0.2217127734342647,-0.2478718084569988,0.25,1,0.13277024261523523
UCauPYWkHDZHao4si3ORiSpw,-0.1707356484971751,0.4,0.0,-0.0455205838645633,-0.2501094768561708,-0.3225945066891894,0.0,-0.2217127734342647,-0.2478718084569988,0.0,1,0.16787675085496884
UCawDrwSkDB_wTniiaTN2G1g,0.2708569125349627,-0.2,0.0,-0.1934824207943273,0.3062328290694477,2.0077449593347483,0.0,-0.2217127734342647,-0.2478718084569988,0.5,1,0.05671564221201525
UCay_iuggORd-7CLACIvQNNw,0.0447217884473726,0.0,0.0,-0.1166417531840308,0.3565831363042371,0.4967124790992698,0.0,-0.2217127734342647,-0.2478718084569988,0.25,1,0.13845096996404294
UCazMuTEKX7d07MgipOc7dUQ,0.4016929363521687,0.8,0.0,-0.1779230696060199,-0.0001160888974425,-0.1490764515409105,0.0,-0.2217127734342647,-0.2478718084569988,0.25,1,0.14511451239158124
UCb0EdkwM0pBHLOfZnpcNa0g,-0.293874189874578,0.0,0.0,2.275839859279168,-0.5370086890891389,-0.5684410454564206,0.0,1.6044277048521072,1.1971371189648596,0.0,1,0.035403516895134934
UCb0WEJ6xNG_gQaVAQjMMhQw,-0.1230650431167522,0.8,0.0,0.03977023305096,-0.1022109913429163,0.0196725198595397,0.0,-0.2217127734342647,-0.2478718084569988,0.25,1,0.1459819091108036
UCb1YcPHjeijbjTqc3FNBSJQ,0.2171570856566347,0.0,0.0,-0.0688649198510104,-0.0205901070697962,-0.1900108760415373,0.0,-0.2217127734342647,-0.2478718084569988,0.0,1,0.1704974880066355
UCb3DD6dE3RhhqAU0O1xJyog,-0.2630903961279655,1.4,0.0,0.3727274343850363,-0.1846574408649215,-0.1236404257000608,0.0,-0.2217127734342647,-0.2478718084569988,0.0,1,0.15459698836013713
UCb3tc9EzUT34qIX0qA8tbKQ,-0.0655273469311218,-0.2,0.0,-0.1093465765866932,-0.1994900965032262,-0.1764935583007633,0.0,-0.2217127734342647,-0.2478718084569988,0.5,1,0.12503520014183095
UCb6vQxauHlFzOCwHUHgGeMw,0.1900583790941178,-0.4,0.0,-0.2119885751585087,-0.3177275514485693,-0.451459748865502,0.0,-0.2217127734342647,-0.2478718084569988,0.25,1,0.15185861810884116
UCb8R-4OAIAOG98P_3gIESWA,-0.0458401876816041,2.2,0.0,0.4365633536121387,-0.4033802517853192,-0.4108540813861257,0.0,-0.2217127734342647,-0.2478718084569988,0.25,1,0.11814282449492391
UCb8UjjFpMCGiN4PZO_k8e4A,25.721765767932048,0.0,0.0,-0.2513130507605935,-0.2155335811732293,-0.3763288731370428,0.0,0.6913574657089212,0.7154674764909068,0.0,-1,-0.0315826512175964
UCb9BIXjzeMCb8pSCv3wTCUg,-0.0095877254963829,-0.4,0.0,0.0074919619368794,0.2942254411717724,0.7681912041090943,0.0,-0.2217127734342647,-0.2478718084569988,0.5,1,0.08941356715524523
UCb9cobEB0voDWO2wXuHkWnw,-0.274707979624977,-0.2,0.0,0.722593063635001,-0.4481136576786191,-0.5172432940892242,0.0,-0.2217127734342647,-0.2478718084569988,0.0,1,0.16176066021795077
UCbBCfHBg0E1i1WT4mv1-sbg,-0.283975990556613,0.6,0.0,1.5645688527179935,-0.111341742995587,-0.00308406112744,0.0,-0.2217127734342647,-0.2478718084569988,0.0,1,0.1550456829832163
UCbDax9lQl9hqYlIryJJuhew,2.5585993119229604,0.2,0.0,-0.2216315729872067,-0.1359215723390633,-0.138017273375744,0.0,-0.2217127734342647,-0.2478718084569988,0.0,1,0.14840692272217432
UCbE4dsop37iURoMsQeRCzpw,-0.3097764006100678,2.4,0.0,0.796097909456721,0.1684266775626922,0.1326025413140067,0.0,-0.2217127734342647,-0.2478718084569988,0.0,1,0.12460453991038417
UCbE73iycaKF0ZYu6CZvF9rw,-0.2061416653412716,-0.4,0.0,-0.1080853649174545,-0.3236606137038911,-0.4030978849145084,0.0,-0.2217127734342647,-0.2478718084569988,0.25,1,0.15228336201782894
UCbIuy0Cq4U3RKhwiHoshgyQ,0.4364050788138236,0.6,0.0,-0.1780397186641063,-0.3965525214121314,-0.443902430922666,0.0,-0.2217127734342647,-0.2478718084569988,0.0,1,0.16088230375816703
UCbK6uCU8ERLOTIbLe-k6iUw,-0.1265640209072105,-0.4,0.0,-0.1177407634467154,-0.3363743185367238,-0.2547897740567461,0.0,-0.2217127734342647,-0.2478718084569988,0.0,1,0.17012705147996282
UCbKFPCQAdYjhfCClH8WAVmw,-0.3529912130738493,5.8,0.0,4.120289283138439,-0.2024330837330486,-0.3793673627783158,0.0,2.517497943995293,7.9405121136002,0.25,-1,-0.10367720519587376
UCbM1YWf9-yCq0o_4ofSVyFA,0.7691733294381601,1.4,0.0,-0.2004505775696652,-0.0502554183464057,-0.3604025295284116,0.0,-0.2217127734342647,-0.2478718084569988,0.5,1,0.08074357919850939
UCbMLCCCCYgsFa5CB_8VE2tQ,1.112834143940044,-0.4,0.0,-0.2259828597220456,-0.2897574008163376,-0.3730161306211547,0.0,-0.2217127734342647,-0.2478718084569988,0.0,1,0.1631755756685473
UCbOFAfe06fMKCKC3__xO2zQ,2.430390060013412,0.2,0.0,-0.2258445897600725,-0.0554014417311236,0.052159729854541,0.0,-0.2217127734342647,-0.2478718084569988,0.0,1,0.15150839868036042
UCbOghTKH54IjBu9qxQdCPUQ,-0.0908972897078003,1.8,0.0,0.6647342266211831,-0.3173567350576117,-0.3626764578530244,0.0,1.6044277048521072,1.1971371189648596,0.25,1,0.04888731556918996
UCbRLpInyhpPXz48d1RntbHw,4.655133903274003,0.4,0.0,-0.2505206307412401,-0.1465163263664238,-0.3159053730404673,0.0,-0.2217127734342647,-0.2478718084569988,0.0,1,0.13105516998033923
UCbTFTaodP-EgUKolj3Sntpw,-0.1616255213012166,-0.2,0.0,-0.0331720483244858,0.2405453540998127,-0.1469767055243448,0.0,-0.2217127734342647,-0.2478718084569988,0.25,1,0.14229451232230056
UCbTuq_flXapL0xgT0hhVQ6Q,-0.3126113872611781,-0.4,0.0,0.736290694836711,-0.2270364569743635,-0.4466840159023714,0.0,-0.2217127734342647,-0.2478718084569988,0.25,1,0.14790931365944737
UCbX7Q1rSFKgvI-H4iG6dUHA,-0.3014219077016102,0.6,0.0,0.9599840518977611,-0.1710961557099001,-0.0942556700186987,0.0,-0.2217127734342647,-0.2478718084569988,0.25,1,0.13927989531600765
UCbY8HIzZsSRaGR1U2R6sLPg,-0.1849588522554179,1.6,0.0,0.2160575093491668,0.206924667986322,1.1201286482683457,0.0,-0.2217127734342647,-0.2478718084569988,0.25,1,0.09372980404933162
UCbbGyMG034S0vbM_Xu3ActA,-0.2937544136844841,1.6,0.0,0.4874296591638739,0.0354309161301136,-0.0008737358240553,0.0,-0.2217127734342647,-0.2478718084569988,0.5,1,0.08327441504352201
UCbblzKwFMluLCZTuNqxl-kg,-0.2792283693961443,0.0,0.0,0.7014762349948348,-0.217955239236626,-0.2905737198825081,0.0,-0.2217127734342647,-0.2478718084569988,0.0,1,0.17164887361901215
UCbbywMGti1ejbQpjMLDxsFQ,-0.1734076754104797,0.8,0.0,0.1155506769547985,-0.1176215426554407,-0.1822547840084202,0.0,0.6913574657089212,0.7154674764909068,0.5,1,0.06752123254093229
UCbdOYagMB-l8HDONlr8TuyA,-0.2180076884905859,0.2,0.0,-0.0528220680071065,-0.1862466539690256,-0.2953886341733105,0.0,-0.2217127734342647,-0.2478718084569988,0.0,1,0.1689874590803046
UCbda-zMTh1eJUGFpeQmhkdg,0.0160926532299794,-0.2,0.0,0.2264425172795363,-0.1712374190969316,-0.1032597301244984,0.0,-0.2217127734342647,-0.2478718084569988,0.25,1,0.16063759396948618
UCbdqJvSpFLmhEyt0vLzQ5tA,0.9219555352743448,-0.4,0.0,-0.2379356579278256,-0.3592589872358224,-0.3009546861801812,0.0,-0.2217127734342647,-0.2478718084569988,0.0,1,0.165524547262475
UCbeJW22lAKCRh-Epx6EUkhA,0.8160506600923769,-0.2,0.0,-0.2159851070930385,-0.2672965222783334,-0.2264426207736211,0.0,-0.2217127734342647,-0.2478718084569988,0.0,1,0.16960220392434844
UCbenCPhjqXDmCfvS6k9d-wA,-0.2657834057264613,4.8,0.0,1.1399008966961182,-0.0624418266654341,-0.0246949858485842,0.0,-0.2217127734342647,-0.2478718084569988,0.0,1,0.07558286521315571
UCbfT2_X810bglVueFLm-T_Q,-0.1501029088720412,1.2,0.0,0.8599412434535942,-0.2195386310473084,-0.3193978545635462,0.0,-0.2217127734342647,-0.2478718084569988,0.25,1,0.13538388576911137
UCbgtpdJkG42-3OHEVv1ppIw,1.5583964205113208,-0.2,0.0,0.1348641264182196,-0.4813105536310152,-0.4977600013280392,0.0,-0.2217127734342647,-0.2478718084569988,0.0,1,0.15502855855044873
UCbnlDSOWeJ0DrFvwDUG-F9g,1.0013635136043944,-0.4,0.0,-0.2411812685960722,-0.2219509750412304,-0.1457971504867764,0.0,-0.2217127734342647,-0.2478718084569988,0.25,1,0.1490676266723293
UCbo-n9BNnxGsxryQ7xNm1cA,0.3159336616603561,-0.4,0.0,-0.1311045867659877,0.5874882326491108,0.3296184916158541,0.0,-0.2217127734342647,-0.2478718084569988,0.0,1,0.14603166132730422
UCbp8menGVaIDpK9Lm3iSNbA,1.104804695567693,2.6,0.0,0.7494198558569873,0.297827657541075,0.2965218518818128,0.0,-0.2217127734342647,-0.2478718084569988,0.0,1,0.09742396060174874
UCbpFEN7jVqwByEiwFRtmzlQ,-0.3044758975738199,-0.4,0.0,1.300108477456758,0.0967392261017729,-0.1252292820608752,0.0,-0.2217127734342647,-0.2478718084569988,0.0,1,0.16226920175483234
UCbpnqXFG_Kh0aVl-fuKywTw,0.3642727465940163,0.0,0.0,-0.1595808414746888,-0.3796009149683546,-0.4237044040555508,0.0,0.6913574657089212,0.7154674764909068,0.25,1,0.09402558766164004
UCbq2YIyiohjqVc47NlRPUZg,-0.2611092413884437,0.6,0.0,3.139509853310118,-0.1359215723390633,-0.2891510379122879,0.0,-0.2217127734342647,-0.2478718084569988,0.0,1,0.14995737622311334
UCbqUawpg9pc8ykD3ylJYy-w,-0.3106736589649451,-0.2,0.0,7.470183817240809,-0.1288584029874896,-0.1141867564758622,0.0,-0.2217127734342647,-0.2478718084569988,0.0,1,0.13879095540982445
UCbsCF5Ki9rzIsffjcqj5Mug,-0.075425243273901,1.6,0.0,0.8884731437493345,-0.3883592449643059,-0.4314131289829575,0.0,-0.2217127734342647,-0.2478718084569988,0.0,1,0.14904207541016457
UCbsnWUEPi6Bjp_wrBg28WqA,-0.0588608829276643,-0.2,0.0,-0.1463806683429816,-0.0652898788233267,-0.3338746119158484,0.0,-0.2217127734342647,-0.2478718084569988,0.0,1,0.17102974603699206
UCbt_fqJeYzdQFpzIYck97JA,-0.3579864659527921,0.6,0.0,5.194131068211115,0.6743326164303056,1.4046176568087327,0.0,1.6044277048521072,2.160476403912765,0.0,-1,-0.034471709910349424
UCbtyNUu7HGVNV8Lj5aFKo4w,-0.1151841382753629,0.4,0.0,0.6309004335682721,-0.1347443774471344,-0.1636881664529895,0.0,2.517497943995293,1.6788067614388125,0.25,1,0.021783073073651016
UCbuCQHIIADQmwb3LzMxlTtw,0.1294605394266343,0.2,0.0,-0.0731757985129906,-0.2757723255002218,0.0142643737093371,0.0,2.517497943995293,1.6788067614388125,0.0,1,0.03461867424163012
UCbuOP4w_bPW4riebUqp47zg,-0.2078765012547906,-0.4,0.0,0.1263639169103,-0.1007469889682265,-0.3518771610039709,0.0,-0.2217127734342647,-0.2478718084569988,0.0,1,0.16912018166694898
UCbud-YZ24dfuY1jQa5cB9Fg,-0.2591340451609082,1.0,0.0,0.4974730411960849,-0.2093785335954293,-0.1985557388797517,0.0,1.6044277048521072,1.1971371189648596,0.5,1,0.014968987204165896
UCbv_35a2qYMzzwuMRPi-hJw,-0.3129747555006031,-0.2,0.0,1.2716042671739527,0.2080547750825737,0.0705006687433574,0.0,-0.2217127734342647,-0.2478718084569988,0.25,1,0.13460210396071842
UCbx9EFxHm8HF8bbqea--1Jw,1.08683705515286,-0.4,0.0,-0.1573377135247658,-0.3168799711263805,-0.4810142998920536,0.0,-0.2217127734342647,-0.2478718084569988,0.0,1,0.16183612613550347
UCbxz5K3SnNIkiLcnvK-xXoQ,1.1866346575325084,-0.4,0.0,-0.2063559532438669,-0.3372218988589126,-0.5862012298319565,0.0,-0.2217127734342647,-0.2478718084569988,0.25,1,0.12901545621077054
UCbyYvedHDL5PWt1jLRUdFuA,0.1616265817143667,-0.4,0.0,12.138036523101748,-0.450797662032217,-0.4506043348460312,0.0,-0.2217127734342647,-0.2478718084569988,0.0,1,0.11100583479360965
UCbz73BCCs32gZJzFwpr3Vkg,-0.2258059667962211,-0.4,0.0,0.0542122709398302,-0.3372218988589126,-0.4326490608942836,0.0,-0.2217127734342647,-0.2478718084569988,0.5,1,0.1117736795089318
UCbzTcQH_fMOqV5cGVEZdTtw,2.168055511230059,-0.4,0.0,-0.2230215234240061,-0.2948428827494707,-0.4753295793240626,0.0,-0.2217127734342647,-0.2478718084569988,0.0,1,0.15577416228065843
UCbz_65Ycf-zn2O74BxGtshQ,0.053727422868162,-0.4,0.0,-0.055809184944768,0.4976447184970938,1.251356807436142,0.0,-0.2217127734342647,-0.2478718084569988,0.0,1,0.1293917499386658
UCc-NFNw3YReZnFTRi1MU9Fg,10.72914625802267,-0.2,0.0,-0.2529498097886239,-0.0370372014170321,0.3880969216539504,0.0,-0.2217127734342647,-0.2478718084569988,0.0,1,0.10809107376954735
UCc-zs5wExdiExGjJ_nujS1A,-0.2619066720772985,-0.4,0.0,0.1870468550579377,0.1179287341564939,0.1996945002528395,0.0,-0.2217127734342647,-0.2478718084569988,0.0,1,0.15604201501495663
UCc1Q7rwlDtVIungUX7YZZ8A,-0.2540034128698061,0.2,0.0,8.845690154755186,-0.3711251117464662,-0.3808628731801676,0.0,-0.2217127734342647,-0.2478718084569988,0.0,1,0.12618046251370552
UCc2FEqbXnvW7venA7D-Ljog,0.3550617500836958,0.8,0.0,10.326635938928243,-0.065610931975671,0.0895770679163295,0.0,-0.2217127734342647,-0.2478718084569988,0.0,1,0.10426044283704483
UCc2UhG6ANBB0HOGqlDXkqBA,0.7574862510079204,1.8,0.0,-0.1678094394252092,-0.258290981355077,-0.3796243899174527,0.0,-0.2217127734342647,-0.2478718084569988,0.0,1,0.14831111963083277
UCc3wFZAYT1vfEZ8TktmYydg,-0.2777030576555159,0.4,0.0,0.7243730246217497,-0.171943736032089,-0.3191156953847624,0.0,-0.2217127734342647,-0.2478718084569988,0.25,1,0.15030005354364379
UCc4hIHKYk1zsZn_92exyxGQ,52.95203627510245,0.0,0.0,4.2292383074768205,-0.1671004199052956,-0.0762086810548394,0.0,-0.2217127734342647,-0.2478718084569988,0.0,-1,-0.040175094525422894
UCc5Z0NkUigAMsggzbIRVq-w,1.1616258738011924,-0.4,0.0,-0.2225308136238636,0.443399577877008,-0.1162255907170442,0.0,-0.2217127734342647,-0.2478718084569988,0.5,1,0.08543841263686908
UCc7k-pvR5orqROnP8b2-Ntw,-0.3367240595034387,5.4,0.0,5.745061031397831,-0.3968018097421869,-0.417722393302997,0.0,-0.2217127734342647,-0.2478718084569988,0.0,1,0.04362486041513303
UCcBIRI-d6E1RGfh52jYuz5w,-0.1144383143598117,2.2,0.0,0.0779144808857644,-0.3562924561081615,-0.4275193032026473,0.0,0.6913574657089212,0.7154674764909068,0.25,1,0.07180063189559183
UCcBVW_alxRFuMlzZSPAvUMA,-0.0552908253224193,-0.2,0.0,-0.0866130720673998,0.6841123893786384,1.0938207907982411,0.0,-0.2217127734342647,-0.2478718084569988,0.25,1,0.11902311433014129
UCcEnCDOhsSKT_5r59Yznf7w,0.0931917586612703,-0.4,0.0,-0.1470945364886255,0.3289762343815148,0.128657035268666,0.0,-0.2217127734342647,-0.2478718084569988,0.25,1,0.14209897552971568
UCcFAaY4LkX2W-tTW9erJjog,-0.1038188657802496,-0.2,0.0,0.2452806326675093,0.4270130249813573,0.4412124110335671,0.0,0.6913574657089212,0.7154674764909068,0.0,1,0.0758747748839591
UCcGDMyCgqfpDPdMzNWvudOQ,0.0352677507516952,-0.4,0.0,9.149954267814255,-0.3643444691689554,-0.4731456332865069,0.0,-0.2217127734342647,-0.2478718084569988,0.0,1,0.12491291103177476
UCcGOY9puCEb8XNPxjQNF4sg,7.636944397950215,0.2,0.0,-0.2487216365384193,0.0743842951040423,0.069436646783092,0.0,-0.2217127734342647,-0.2478718084569988,0.0,1,0.12392187640305385
UCcGVwkAS0EWigy7K5KTRiXQ,-0.0816643102820149,0.0,0.0,11.15620590088761,-0.4001850085072264,-0.327570368504508,0.0,-0.2217127734342647,-0.2478718084569988,0.0,1,0.12095952911143976
UCcJPXekDmebMyaF-xGmpQ5w,3.4987432945503425,0.8,0.0,-0.2301730633009261,0.0495829390854485,0.1899403275540777,0.0,-0.2217127734342647,-0.2478718084569988,0.0,1,0.12972741242358204
UCcJoWrE7i5vtupMbTZ7KFSw,-0.2824362706627074,0.6,0.0,0.8704852978104085,0.3683887193632958,0.571022678170681,0.0,-0.2217127734342647,-0.2478718084569988,0.25,1,0.11121473230972223
UCcNKQzyiz1tT37_jVX3YJ_A,2.181387967942241,0.4,0.0,-0.2274601522909129,0.3017594884801177,-0.0866765220489013,0.0,-0.2217127734342647,-0.2478718084569988,0.0,1,0.13803508059666836
UCcNq3j-h8CtA_KJ-dlpo54A,-0.033559425166928,-0.2,0.0,1.9628465015219068,0.061847169504999,-0.1760480910520422,0.0,-0.2217127734342647,-0.2478718084569988,0.0,1,0.16018715810472778
UCcOc68Hgg9ctQTT3uIa4ZNA,0.2680157122348677,-0.4,0.0,-0.1485435580331056,-0.471987170086938,-0.536150792812271,0.0,-0.2217127734342647,-0.2478718084569988,0.0,1,0.1560841434108149
UCcPF8igiXUVHhISUqtapZAA,-0.2682418158831999,0.4,0.0,0.3527527435180004,0.2226519917424927,0.4735623351065456,0.0,-0.2217127734342647,-0.2478718084569988,0.25,1,0.13003314872141114
UCcPipJq8PutvbRvB1fcDUOA,-0.3235435398963283,0.4,0.0,9.97153623423762,-0.3150906348906485,-0.366184249183728,0.0,-0.2217127734342647,-0.2478718084569988,0.0,1,0.12396509188167493
UCcPukUVpEzWPfWjwVtvDTDA,0.1539793533707752,2.2,0.0,-0.0862562205956525,0.5645093883586578,0.9988964375627472,0.0,-0.2217127734342647,-0.2478718084569988,0.25,1,0.08297802727978992
UCcQJ1aU3i_iDNT6gZ6hAR-w,0.5197924342250462,-0.2,0.0,-0.208022002292687,-0.1189699658952865,-0.2900486752634648,0.0,-0.2217127734342647,-0.2478718084569988,0.5,1,0.11889505254795285
UCcQgdsisYxkR1IgYUpyNWNA,0.1928105046896067,-0.2,0.0,-0.1745121805716931,-0.4198609802723244,-0.4572838859695979,0.0,-0.2217127734342647,-0.2478718084569988,0.25,1,0.15147865146990508
UCcS8_5MTtjGgj8kg-IQQJOw,-0.0238613577910958,0.4,0.0,-0.0872413417421467,-0.3292169735937958,-0.3766745152511833,0.0,-0.2217127734342647,-0.2478718084569988,0.25,1,0.15144520248969995
UCcSxRhOkp_Mbe-RgaMoKmDQ,0.3789333371127545,0.2,0.0,-0.2013830244200058,-0.0840072776049969,-0.1198897646626141,0.0,-0.2217127734342647,-0.2478718084569988,0.25,1,0.15233506259427798
UCcTK5xZk_5eKWWqviKg7Xeg,-0.2561931660247064,-0.2,0.0,0.3063672620544873,-0.0914236054241492,-0.4610583365395019,0.0,-0.2217127734342647,-0.2478718084569988,0.0,1,0.1679134266030609
UCcTVjdQ4paHpqpLdGxM2bgA,0.0521707363638552,-0.4,0.0,0.1262632317147147,0.4595036039985961,0.697711257699715,0.0,-0.2217127734342647,-0.2478718084569988,0.0,1,0.14229003701060094
UCcU2E-WoWpKeIxH_sux80gA,0.7920305348879786,0.2,0.0,-0.2053064323238264,0.1194119997203244,0.4522832405860159,0.0,-0.2217127734342647,-0.2478718084569988,0.25,1,0.13057373922769233
UCcUXPjhE1SFWTdrjPaTPSOA,-0.3026986451342979,-0.4,0.0,1.245415894498503,-0.3948573607677536,-0.2341759891869541,0.0,-0.2217127734342647,-0.2478718084569988,0.0,1,0.16897493524338475
UCcUqT5BLbdSVsDhDRXLdYjQ,4.115714223142419,0.6,0.0,27.379162476357696,-0.4079948557616807,-0.3401442516916136,0.0,1.6044277048521072,1.1971371189648596,0.0,-1,-0.0706624176270031
UCcUrmfgbW3eCsg3Hm8S_HEw,-0.1531576402919083,0.8,0.0,0.056280490746357,-0.1796490116883511,-0.1912288665596461,0.0,-0.2217127734342647,-0.2478718084569988,0.0,1,0.16007017070479768
UCcVEXvLinFBPyBakr64X_ww,2.2877344462893725,-0.2,0.0,-0.2314580801484254,-0.1041373102569818,-0.1883302559094056,0.0,-0.2217127734342647,-0.2478718084569988,0.0,1,0.15936665636110786
UCcVOtvm8t7prWGGEfeE6fMw,7.8252319459955535,0.4,0.0,1.870947328569995,-0.1168510150898144,0.2335653115087832,0.0,-0.2217127734342647,-0.2478718084569988,0.0,1,0.09917416172479021
UCcX0frIe4fKB732wozeNXOg,-0.1577682684678269,0.2,0.0,0.0298552965207788,0.0664382295835219,-0.1658667265263013,0.0,-0.2217127734342647,-0.2478718084569988,0.25,1,0.1461655675803985
UCcXDD282uCpwG6w3VIKxl4A,-0.0559523211446076,1.4,0.0,-0.0284680380991551,-0.2364203819700256,-0.2363141279777918,0.0,-0.2217127734342647,-0.2478718084569988,0.25,1,0.1474998049070173
UCcXbdJFrIfZOFdvWlQPFLVQ,-0.2757090096386457,-0.4,0.0,0.0801395585472488,-0.1710961557099001,-0.317297917210794,0.0,-0.2217127734342647,-0.2478718084569988,0.25,1,0.15913896764661317
UCcYD6kYz0-axczQg8HW1aIw,0.5811132989253543,-0.4,0.0,-0.1942279585807636,-0.3228130333817023,-0.4159510310086206,0.0,-0.2217127734342647,-0.2478718084569988,0.25,1,0.14710528737395845
UCc_dnCiVDKZtFqlOHdai3Zw,-0.34527847476232,-0.2,0.0,2.630173057358395,-0.2800102271111659,-0.4123816083444499,0.0,-0.2217127734342647,-0.2478718084569988,0.0,1,0.15692692018636878
UCcaPWa7EDCUFja-a2PuTRRg,-0.3365936910632239,-0.2,0.0,1.0900175108551255,-0.2503449158345566,-0.3606749520763787,0.0,-0.2217127734342647,-0.2478718084569988,0.25,1,0.1497298006290751
UCcaVG-QcHwqzrDDY48kxbWQ,1.1305621309829608,1.4,0.0,-0.2356906481024787,-0.0980831650984901,-0.1344292419141885,0.0,-0.2217127734342647,-0.2478718084569988,0.0,1,0.14912045352314418
UCcbdLLqyjOrSaZ9cMkGfXpA,6.151228164538307,0.6,0.0,-0.2471265382087088,-0.390195668995715,-0.399862115241568,0.0,0.6913574657089212,0.7154674764909068,0.25,1,0.03016595636287983
UCcd0JUDk_XoKVRiXb7XcFJA,-0.1423153978383914,-0.2,0.0,0.0834547189143369,0.4439646314251341,1.0097351065964644,0.0,-0.2217127734342647,-0.2478718084569988,0.0,1,0.1377658453500698
UCcdwaEivBWawsOV99aMb4cw,0.0345424281570455,-0.4,0.0,24.51881673882083,-0.3211178727373246,-0.364485461455831,0.0,-0.2217127734342647,-0.2478718084569988,0.0,1,0.06981509762622984
UCcf0OZCyL4QMo0umz54CF5Q,-0.2730028352796599,-0.4,0.0,0.0571765947962285,-0.2092372702083979,-0.3816970621052553,0.0,-0.2217127734342647,-0.2478718084569988,0.0,1,0.16929193650188873
UCcfVfpXVIlWE5Hg4fw_uFZg,0.1146714874291443,-0.4,0.0,-0.1563362276668109,0.5120535839743041,1.4635898747293838,0.0,-0.2217127734342647,-0.2478718084569988,0.25,1,0.10348374031008956
UCci7OWMYF-XypoSAiETtwPA,-0.2379567108763299,0.2,0.0,0.004153930313369,-0.2471664896263484,-0.3644902963608762,0.0,1.6044277048521072,1.1971371189648596,0.0,1,0.07464632532284804
UCciCNgN6MeAdNyx4rE5MQgw,3.887236015208014,0.2,0.0,-0.2344629493798711,2.212935395526757,5.536446785242424,0.0,-0.2217127734342647,-0.2478718084569988,0.0,-1,-0.04298085569710308
UCcisnfkS0kSwXxDjNjaprVA,0.5785428574495778,0.0,0.0,-0.1997054532459533,-0.3602276504611811,-0.4260603840626052,0.0,-0.2217127734342647,-0.2478718084569988,0.25,1,0.1483970699715771
UCcjp7yVx0SypoC1ToMQMEMA,2.169035332980726,1.0,0.0,-0.2411081614885841,0.4019387737832707,0.9498005853646316,0.0,-0.2217127734342647,-0.2478718084569988,0.0,1,0.11076972353283543
UCckZo6-NMmq7LF-QVhXbCNA,-0.2713401074603458,-0.4,0.0,0.3971369603446861,-0.0693865170472394,-0.2616727517006217,0.0,-0.2217127734342647,-0.2478718084569988,0.0,1,0.16966689890115744
UCclPdruTLudptH6txOaElQg,-0.0300300167324358,1.0,0.0,0.1306332633650568,1.6040901974211077,2.206376985311416,0.0,-0.2217127734342647,-0.2478718084569988,0.0,1,0.03064397809182845
UCcmwa40drRRPN0zDwRcOcMw,0.5280520427468273,0.0,0.0,-0.1791522625017609,-0.2530692811558778,-0.2215409902371911,0.0,-0.2217127734342647,-0.2478718084569988,0.25,1,0.15666724177139185
UCcoAw8nEt6uoL5aI5HDlhnw,0.4726782779673129,2.8,0.0,-0.1519758928587666,0.6946062409866908,0.857404047029403,0.0,-0.2217127734342647,-0.2478718084569988,0.0,1,0.09290757702368979
UCcpH9lwNJF8cDdPWU5Nljgg,1.0274072605701816,-0.4,0.0,-0.2285846742738297,-0.3389170595032903,-0.3966178811080564,0.0,-0.2217127734342647,-0.2478718084569988,0.5,1,0.09557231740363531
UCcpN5xXHMl13GHKqlNju9ZQ,5.945785134727409,-0.2,0.0,-0.2444781527975139,-0.3351029480534405,-0.4553440378730912,0.0,-0.2217127734342647,-0.2478718084569988,0.0,1,0.1313340674744392
UCcpZaYzofGsiZIkhAj4AiqA,-0.2051357877246311,0.0,0.0,0.1869350564953784,-0.2542801101875762,-0.2649934955698883,0.0,-0.2217127734342647,-0.2478718084569988,0.0,1,0.17331176674184734
UCcpwxfrfiREuIGRbW8BYnEQ,2.0202416944730155,-0.2,0.0,-0.235264714287022,-0.3082629045174606,-0.5606903186627765,0.0,-0.2217127734342647,-0.2478718084569988,0.0,1,0.13982240878333646
UCcrKcHtkunbvGd3ic9YHRuw,0.1170200578458286,1.2,0.0,-0.1175017360990048,-0.2166046991628085,-0.1452968357844644,0.0,-0.2217127734342647,-0.2478718084569988,0.25,1,0.1438862781861563
UCcrqVQmqZOuBNl1-O64JD_w,1.032777016026625,3.4,0.0,16.37752084805699,0.0678508634538367,-0.303735994993533,0.0,-0.2217127734342647,-0.2478718084569988,0.0,1,0.017712119443985708
UCcs0yVIeUZn397D50ylyB8w,-0.0584561585753865,1.0,0.0,0.2584511302803209,-0.3594708823163696,-0.334463373743171,0.0,-0.2217127734342647,-0.2478718084569988,0.25,1,0.14498169494407237
UCcuJTD-AcQNJXcMmlYsrKkQ,0.2998620399578531,-0.4,0.0,-0.1087932337254928,0.6052874194150762,0.3183079791389106,0.0,-0.2217127734342647,-0.2478718084569988,0.0,1,0.14603166132730422
UCcv172PO5qBIk8vclNgsM2Q,0.4107724458692952,1.2,0.0,0.12725669149326,-0.2329043207433632,-0.0357467052657609,0.0,-0.2217127734342647,-0.2478718084569988,0.0,1,0.15450760907645777
UCcvsMjepSSh6yOZaIPHKeLw,1.044748954251286,0.0,0.0,-0.1917798460059588,-0.3093728311298507,-0.4341890319700602,0.0,-0.2217127734342647,-0.2478718084569988,0.0,1,0.16497706155051706
UCcw385g8Qkp5GfS0EduBtDA,1.181284954760634,1.2,0.0,-0.1429219446552157,-0.2377942072175295,-0.1536098767579475,0.0,-0.2217127734342647,-0.2478718084569988,0.0,1,0.14926658280319088
UCcyRedFc-OcJEoIDzv6y5nA,0.4195162320436645,0.4,0.0,-0.1284046735439688,-0.3899602300173292,-0.4395719600371912,0.0,-0.2217127734342647,-0.2478718084569988,0.5,1,0.108234221822681
UCd-ESqaEMKfvedTAHvcnR3A,-0.1323033303464544,1.0,0.0,14.463106004813849,-0.2478728065615058,-0.258589486496812,0.0,-0.2217127734342647,-0.2478718084569988,0.0,1,0.08823740618579112
UCd09aTMf0SFNVQcqiqUuP0g,-0.1816956075215939,-0.2,0.0,-0.0162542638646689,-0.3421661174050141,-0.3203768678688109,0.0,-0.2217127734342647,-0.2478718084569988,0.0,1,0.17214977855786112
UCd2-hUfajoG3u65DNjzWfsg,9.056127886525072,0.0,0.0,-0.2502359014805658,2.99740125443832,1.8840172288565544,0.0,-0.2217127734342647,-0.2478718084569988,0.0,-1,-0.03783400543589188
UCd3Oy4Vh6JXvpmE5yS9t5ZQ,0.0479927085525685,-0.4,0.0,-0.0819283601109271,0.6205438652144755,1.1781941919646235,0.0,-0.2217127734342647,-0.2478718084569988,0.25,1,0.11336183688774132
UCd6fKa7Bz4hfxk-Jz-Lp-9g,2.6266502654157304,-0.4,0.0,-0.2500563545793806,0.2620173889285966,0.4134932016180312,0.0,-0.2217127734342647,-0.2478718084569988,0.0,1,0.12994803832479374
UCd6ff1aKHAY2fpsgzrrdFTA,4.008017073001303,0.2,0.0,-0.2369595370199793,0.1437799339832535,-0.234060004341029,0.0,-0.2217127734342647,-0.2478718084569988,0.25,1,0.1045695269703531
UCd8VIyi98KnxLX4DIW_lpQQ,-0.2181349380685946,-0.2,0.0,0.0512205741202866,-0.0864793868780477,-0.0463345614929081,0.0,-0.2217127734342647,-0.2478718084569988,0.0,1,0.16986164646451862
UCd98urfvT2GODjUMhLq7hpw,0.9236309880514598,-0.4,0.0,-0.2281903501202637,-0.3779057543239769,-0.4785970018644354,0.0,-0.2217127734342647,-0.2478718084569988,0.0,1,0.16081309978792246
UCdAtPRvoxy187DJRmU79Ncw,0.1990819647946621,0.2,0.0,-0.1262936949369551,-0.346227439782169,-0.5917596628958287,0.0,-0.2217127734342647,-0.2478718084569988,0.0,1,0.14515028501623928
UCdB36Wo2E0LGNin-F-JxzOw,0.3387092152976192,-0.2,0.0,-0.1957679756235154,0.0893935299761363,-0.0151239091463011,0.0,-0.2217127734342647,-0.2478718084569988,0.0,1,0.16763364603579328
UCdBBgWX3ihUEvSnk1aHB4Qw,2.51721138667562,-0.4,0.0,-0.2448103529440758,-0.1143082741232479,-0.0513592637371526,0.0,-0.2217127734342647,-0.2478718084569988,0.25,1,0.13397656509121847
UCdBEdEcfSpPIjauQT1Wz0UA,3.4964138560632185,-0.4,0.0,3.1485198142423,0.0263900593600993,0.3536936194386965,0.0,-0.2217127734342647,-0.2478718084569988,0.0,1,0.11467944230155619
UCdDXAjqakA6JH9jCBV43UIg,0.3073797907846964,0.8,0.0,-0.0714807140441566,0.3716634615172073,-0.1285836359361727,0.0,-0.2217127734342647,-0.2478718084569988,0.0,1,0.14610614463223992
UCdFg65wZ2fqPO3T1hayO5Ww,-0.2842304897126305,-0.2,0.0,70.70925183647653,-0.45588314396535,-0.5560155608160483,0.0,-0.2217127734342647,-0.2478718084569988,0.0,-1,-0.04770840584599656
UCdFjxJYoT-rOPb3Qf6chm8Q,3.893521614155071,-0.4,0.0,-0.2345729973323865,-0.2829767582388269,-0.5378843357937002,0.0,-0.2217127734342647,-0.2478718084569988,0.0,1,0.1297076052159053
UCdHEraw9R6OuIWEVZ_vOdQQ,-0.2011494758780956,2.2,0.0,6.587248936868408,-0.2053760709628709,-0.2140527552533624,0.0,-0.2217127734342647,-0.2478718084569988,0.0,1,0.1230655576246002
UCdM6TvhpT7jLWA9Bq_ZlZ0A,2.9296378731334234,0.6,0.0,-0.2335822360849893,0.5353620428344971,1.2654768690308111,0.0,-0.2217127734342647,-0.2478718084569988,0.0,1,0.0942854001758226
UCdMESel15DpTZOImnd76U4A,-0.0902279039068169,0.2,0.0,-0.0819029898502211,-0.0522230155229154,0.1829444830702521,0.0,-0.2217127734342647,-0.2478718084569988,0.5,1,0.10314763412291472
UCdMNt-bpqmTKcWKjwztd-9g,0.9374799837914102,-0.4,0.0,-0.2338257127946825,-0.2880622401719599,-0.3536019143500601,0.0,-0.2217127734342647,-0.2478718084569988,0.0,1,0.1659445137703897
UCdMyyCV2DvVNpazyuivr2vg,0.2166945435397457,-0.2,0.0,-0.1733290114636243,-0.1436910586257943,-0.0770956171480662,0.0,-0.2217127734342647,-0.2478718084569988,0.5,1,0.12146411145849112
UCdN_S6_3S6PD_7VtVPc0IWg,-0.2292480678813573,-0.2,0.0,4.127783864988441,-0.2814228609814806,-0.236775697247106,0.0,-0.2217127734342647,-0.2478718084569988,0.0,1,0.15979189163017155
UCdOQOI5S4hFtKp-FLMwS5gA,-0.3322459971479256,-0.4,0.0,23.37720739979321,-0.1804195392539773,-0.3568421216743226,0.0,-0.2217127734342647,-0.2478718084569988,0.0,1,0.07854756559561055
UCdS0QrJi7lpu23uL-b3rwsg,-0.3613479756385227,-0.4,0.0,13.960583201747998,-0.2389025814850073,-0.3510752930089207,0.0,-0.2217127734342647,-0.2478718084569988,0.0,1,0.10403301474193238
UCdSEDBdiiPFiq56sjz1YA1Q,1.6102188111553777,0.2,0.0,-0.1763822365325597,-0.3663574724341539,-0.3772443804965598,0.0,-0.2217127734342647,-0.2478718084569988,0.25,1,0.13705418375749734
UCdTayR_23TzbaDM-QPiU8Ew,-0.2913734326915206,-0.4,0.0,0.2263283924325315,-0.3355267382145349,-0.4823429376295427,0.0,-0.2217127734342647,-0.2478718084569988,0.0,1,0.1663583776183684
UCdTuniOjNjIfyxPTdD0qCKw,-0.0403609151114948,-0.4,0.0,-0.0286704257642868,-0.3584114069136336,-0.3077778909607676,0.0,-0.2217127734342647,-0.2478718084569988,0.25,1,0.159843056242983
UCdWdHe6VlbVNU8o-inONkww,-0.0600626844977468,-0.2,0.0,-0.1297619597930803,-0.3852514504496135,-0.4630401606856696,0.0,-0.2217127734342647,-0.2478718084569988,0.5,1,0.11257494869223367
UCdbia5G4AGaHQiWlbWecxVA,0.1287155991887082,-0.4,0.0,-0.0212445769731202,-0.3762105936795992,-0.3288494662563477,0.0,-0.2217127734342647,-0.2478718084569988,0.25,1,0.1565866257386559
UCdc53-_lxFbzSXPnvNvgXNA,5.873117849321321,-0.4,0.0,-0.1130695762290206,0.970594538278466,3.222731319394361,0.0,-0.2217127734342647,-0.2478718084569988,0.0,1,0.012534966560754424
UCdcPHfeG21tqh8QZ_jZTNTg,0.2840894547636707,0.6,0.0,-0.166560591677941,-0.3859577673847709,-0.2994977543249814,0.0,-0.2217127734342647,-0.2478718084569988,0.5,1,0.11134605394721186
UCdcTbWtgfYJqqcvUr6sQEaQ,-0.3371026893752589,-0.4,0.0,2.4207074655849974,-0.3050138466157368,-0.3310932451452196,0.0,-0.2217127734342647,-0.2478718084569988,0.25,1,0.12761193519773772
UCdcZ56tqvc3yK08kXoMU1fA,3.044843278583629,-0.4,0.0,-0.2455309090974239,0.0933489048130176,-0.3913474550280313,0.0,-0.2217127734342647,-0.2478718084569988,0.0,1,0.13156331266657223
UCdcjh6c9VbPNhYizwTCqqZw,-0.1443259411709294,0.6,0.0,0.654102930499589,-0.158806241038162,-0.0857518962609427,0.0,-0.2217127734342647,-0.2478718084569988,0.0,1,0.16128849185659855
UCdeGiH7VRDhLw0Jn20m10ig,-0.2438181445633571,-0.2,0.0,0.4895486716787108,-0.0363308844818747,-0.155771260054485,0.0,-0.2217127734342647,-0.2478718084569988,0.0,1,0.17010898374432382
UCdfJSbeuC1EDckRtP7iALlQ,0.5927276506870512,-0.2,0.0,-0.1391392219535588,0.4771615273775302,0.3253464489660515,0.0,-0.2217127734342647,-0.2478718084569988,0.0,1,0.14350200843032407
UCdhMce3pr4rpkGUaiOgbdvA,-0.3141002073238803,-0.4,0.0,3.86568644749484,-0.2312743585853077,-0.3459012204137117,0.0,-0.2217127734342647,-0.2478718084569988,0.0,1,0.1571851244294017
UCdkGURXW3wZ15FILaR4sbHw,-0.3207224250688406,2.0,0.0,1.9788989656014797,-0.1961939508058252,-0.3633102647302542,0.0,2.517497943995293,2.6421460463867183,0.0,1,0.01950115098795946
UCdkGVtBzwm8VgngJ2VJPOPw,-0.130835836370437,0.4,0.0,-0.0411651085957832,-0.0335056167412452,-0.1499184329527876,0.0,-0.2217127734342647,-0.2478718084569988,0.5,1,0.11634901819698562
UCdl7fi0kG3InjDg9JhfYYJA,-0.2159186745849425,-0.4,0.0,0.3249684225537202,-0.2524638666400287,-0.1597616254391249,0.0,-0.2217127734342647,-0.2478718084569988,0.0,1,0.16991549235537312
UCdl7qCnJl0yTbskcZUkk2GA,4.786934841850667,0.0,0.0,4.827665527432792,-0.2718371311472021,-0.4434131787358303,0.0,-0.2217127734342647,-0.2478718084569988,0.0,1,0.10244701691091856
UCdn0s4rhv0A6JYgn-M1_Kxg,-0.0422845045657267,2.6,0.0,0.0598670868742668,1.338232503027875,1.0879183620967887,0.0,-0.2217127734342647,-0.2478718084569988,0.0,1,0.06723928634672266
UCdniaSEiEAKm9jQOL-JBjlg,-0.2865284673860823,2.0,0.0,1.0326899465272468,2.076387712738834,0.6105824247901733,0.0,6.169778900568036,6.495503186178341,0.0,-1,-0.1441589355462931
UCdo9xBEnBj5i_SDDm-57yVQ,-0.3508744264428469,1.4,0.0,4.852964821035344,-0.3665845028775974,-0.4102488019995668,0.0,-0.2217127734342647,-0.2478718084569988,0.25,1,0.08969634701028356
UCdqjCt80md8GIiviKzq-X9A,-0.1523645797905811,0.4,0.0,1.183227281200821,0.4905815491455202,0.4750875227224633,0.0,-0.2217127734342647,-0.2478718084569988,0.25,1,0.1057656408817379
UCdqky2Ngy8XTkwnIi_lWMoQ,0.790694414318887,0.2,0.0,3.258862460857576,0.8207847163315887,0.3658008280520162,0.0,-0.2217127734342647,-0.2478718084569988,0.0,1,0.10905962698042693
UCdsqyKGdwJX7JYONerKldeQ,-0.1745752866899053,-0.4,0.0,-0.017391463460314,-0.0727768383359948,-0.2976337091829429,0.0,-0.2217127734342647,-0.2478718084569988,0.0,1,0.16968140147510485
UCdtOM2TIdJmuLAV3MVlc1lA,-0.0979037802374151,0.0,0.0,0.0091657941032625,-0.161651689262653,-0.0754803682913147,0.0,0.6913574657089212,0.7154674764909068,0.0,1,0.11390007754491172
UCdw8AzxUBiC5hS1bAJbo1AA,-0.3083491048050584,7.4,0.0,3.294219145062441,-0.1413152652984468,-0.0484524040126484,0.0,-0.2217127734342647,-0.2478718084569988,0.0,1,0.01642592526219272
UCdy2TwQ-DVTxhCVtckNmETQ,-0.1885048738292612,1.6,0.0,2.6629166843047747,0.1097354577086685,0.6447527126099732,0.0,-0.2217127734342647,-0.2478718084569988,0.0,1,0.1057147477456577
UCdyQFWNKirPDm10HLHm5MIA,-0.2716906222070427,0.8,0.0,0.5264758714346643,1.157986842238762,1.0155607056842784,0.0,-0.2217127734342647,-0.2478718084569988,0.25,1,0.07319788876454048
UCdz6q9P2rRZye0MXJRLwK9Q,-0.2362998153293412,1.8,0.0,0.8699267269197265,-0.2702100796358575,-0.2062246434789743,0.0,-0.2217127734342647,-0.2478718084569988,0.0,1,0.15244086525854544
UCdzHfhwdqFgniL0R-NW6EXQ,0.5899064079062424,3.8,0.0,0.0611728623113058,-0.3271161334789688,-0.32430484488389,0.0,-0.2217127734342647,-0.2478718084569988,0.0,1,0.10557604235066015
UCdznNFCOdBujOQ8Iodi2irg,-0.0616745124858574,-0.2,0.0,0.2181472609432954,-0.2425754295478256,0.0533621093332872,0.0,-0.2217127734342647,-0.2478718084569988,0.0,1,0.17054950368887822
UCe0K08hbRs4Eds1qXPyk1dQ,-0.1701971942643048,-0.2,0.0,3.3947483559896923,-0.4721284334739695,-0.4678482017385302,0.0,-0.2217127734342647,-0.2478718084569988,0.0,1,0.1484509165150863
UCe0quJfsQS8SAWaw-4TRapA,8.19956975637697,6.2,0.0,-0.181185776329061,0.2566419453062936,0.6456794636197809,0.0,-0.2217127734342647,-0.2478718084569988,0.0,-1,-0.03865676940918794
UCe2XprleOhewzgESpSBQiEw,-0.2854987438401175,1.6,0.0,0.9073900455238996,-0.2807165440463233,-0.0676916004787196,0.0,-0.2217127734342647,-0.2478718084569988,0.0,1,0.14998605168565804
UCe2nsJ1G7J1E1dhemmyfWgw,-0.289935512460022,0.0,0.0,0.8076292850491394,0.2869604669815824,0.231342610203369,0.0,-0.2217127734342647,-0.2478718084569988,0.0,1,0.14955752587538995
UCe4_J_mt6JTcSLRR2lOa0rA,0.1925948873490919,0.2,0.0,-0.1080026988986597,0.3599129161414074,0.5665623687849067,0.0,-0.2217127734342647,-0.2478718084569988,0.0,1,0.14663100489309067
UCe4hxuprNciIY9owFgw7beg,-0.194038816588441,-0.2,0.0,0.3400959167977226,-0.4608273625114517,-0.5119367998455497,0.0,-0.2217127734342647,-0.2478718084569988,0.0,1,0.16055079039254982
UCe72BSa5xqG2HbTA21kBN1Q,0.3755585722626479,-0.4,0.0,-0.1791974164169345,-0.4414742784881398,-0.5423243583735043,0.0,-0.2217127734342647,-0.2478718084569988,0.25,1,0.13880350203238456
UCe90buaIKeLy7fcSujOfwtQ,-0.0702560826383463,-0.4,0.0,0.4264662586227457,-0.050739749959085,-0.3027530975157161,0.0,-0.2217127734342647,-0.2478718084569988,0.0,1,0.170653201472109
UCeBdclX0Yk3vELXLw09e-xw,2.928664413861657,-0.4,0.0,-0.2456526403665693,-0.2499211256734622,-0.3402542034996373,0.0,-0.2217127734342647,-0.2478718084569988,0.0,1,0.14918168445972835
UCeCdGj1ruErQsCOd9wuhR0A,3.305369822946108,-0.4,0.0,-0.2442399303661146,-0.3236606137038911,-0.4663603552111711,0.0,-0.2217127734342647,-0.2478718084569988,0.0,1,0.1434080849535886
UCeGH4YXlScuoYSof40aepeA,-0.0937954367188474,0.0,0.0,-0.0266846810678864,-0.1604408602309547,-0.1168151964836285,0.0,-0.2217127734342647,-0.2478718084569988,0.25,1,0.16140095911258212
UCeGaYSWw66ydETLSLB71xIQ,-0.2687466903663179,1.0,0.0,0.96115533372073,-0.3796009149683546,-0.3904060040506431,0.0,-0.2217127734342647,-0.2478718084569988,0.0,1,0.15057951137081466
UCeJ8VEAX4lLtzfZBsxuFXdw,-0.2980321747120392,1.2,0.0,1.1236561260549809,-0.1641199176734228,-0.1857018558287625,0.0,-0.2217127734342647,-0.2478718084569988,0.0,1,0.1535098347003026
UCeJiU7fmLILz3n87FAYpg1A,5.5385532588207615,-0.4,0.0,-0.2518025366229985,0.0145239348494555,-0.0896939869674167,0.0,-0.2217127734342647,-0.2478718084569988,0.0,1,0.13652380676990805
UCeKyH_dvObiDhw0DFFWr4WA,2.879745434422499,-0.4,0.0,-0.2459924312474815,-0.1388881034667242,-0.2456702197857613,0.0,-0.2217127734342647,-0.2478718084569988,0.0,1,0.1491628158095627
UCeNshU_zKBr2aul1-HRQPfA,-0.030120151850192,0.4,0.0,-0.1024458298602539,-0.0933071172512356,-0.2187651684073817,0.0,-0.2217127734342647,-0.2478718084569988,0.0,1,0.1664727334133438
UCeOPlcsFwKd9Bb-af19gDdA,0.2872473651245875,0.4,0.0,-0.109867239093448,-0.4723638724523553,-0.5119154811381293,0.0,-0.2217127734342647,-0.2478718084569988,0.0,1,0.15590996853776323
UCeOqc5WuwceX2EYIW0Rj8uA,0.0583635491602802,0.6,0.0,-0.1272810785699686,-0.2499211256734622,-0.1586412916030397,0.0,-0.2217127734342647,-0.2478718084569988,0.0,1,0.16429140420739025
UCeOrO8v1kEZVMkCmr5CwnqA,6.975520532368575,0.4,0.0,-0.2528151765004488,0.4514986787334792,0.4905783265422994,0.0,-0.2217127734342647,-0.2478718084569988,0.0,1,0.09887442773407956
UCePj7zIKFqzDg6-YZFCVeSA,-0.2667614066188163,1.2,0.0,0.2927456494255144,-0.2342082904698075,-0.2932531078289884,0.0,-0.2217127734342647,-0.2478718084569988,0.25,1,0.14484141798934547
UCeQ0pe577clYUZi5MQ1PbWg,1.5599340195789266,-0.4,0.0,5.748039665394225,-0.2126275914971532,-0.1501821143976271,0.0,-0.2217127734342647,-0.2478718084569988,0.25,1,0.0940728868175017
UCeQmlwcUQq5tG5d85xt88Dg,-0.2452049293162856,0.4,0.0,0.799890526863406,-0.3014351741442727,-0.4424527642287912,0.0,-0.2217127734342647,-0.2478718084569988,0.25,1,0.14342230407817141
UCeQw9K2hKM0PJu0Ynlu4Q2w,0.5599326066658007,-0.2,0.0,-0.2199005303856457,-0.2750660085650644,-0.5416516728409707,0.0,-0.2217127734342647,-0.2478718084569988,0.5,1,0.09594764759123015
UCeSj3buhtUTgF2XU7PaEtgw,-0.3307317271696217,-0.4,0.0,17.041120947010477,-0.2863670795275823,-0.3553306649309298,0.0,-0.2217127734342647,-0.2478718084569988,0.0,1,0.09020987405771858
UCeTi-vYIt6ZRoDT9BJHjyoA,-0.2814522072594398,-0.4,0.0,0.6012679971908875,-0.3067090072601144,-0.3416852587941335,0.0,-0.2217127734342647,-0.2478718084569988,0.0,1,0.16979870588444596
UCeU6YELFTKt39aWqMiaGLdQ,48.78743147644454,-0.4,0.0,-0.2565608078485699,0.233199657974176,1.0051644460510876,0.0,-0.2217127734342647,-0.2478718084569988,0.25,-1,-0.049171557381482045
UCeW5c-FlNwtS-IMDiztdQeQ,0.1948164528984944,0.2,0.0,-0.0731858188221344,-0.2556422928482368,-0.4866773561038116,0.0,0.6913574657089212,1.6788067614388125,0.25,1,0.05761847171657397
UCeY23ji5nV16Lxb7QTA2UUQ,2.501471825776683,0.0,0.0,-0.1758645065379528,0.7924815877156399,0.5305160699758725,0.0,-0.2217127734342647,-0.2478718084569988,0.0,1,0.12074852249433476
UCeZIDa0yjK7KEH4XuDyZF3Q,9.10323068121334,0.2,0.0,-0.2553257754567657,0.0267079019809201,0.3455462256764053,0.0,-0.2217127734342647,-0.2478718084569988,0.0,1,0.10734102704127296
UCeZdyMwXeY2un04OZneYpzA,2.4920937338608966,0.4,0.0,-0.2504738739251082,-0.2143227521415309,-0.0995189493493872,0.0,-0.2217127734342647,-0.2478718084569988,0.25,1,0.12894311067507586
UCe_Z9uywkehIbk5XXp3wtaA,-0.173069500016802,-0.4,0.0,33.444903712105685,-0.4101138065671528,-0.4492774482222814,0.0,-0.2217127734342647,-0.2478718084569988,0.0,1,0.043962914662503905
UCeakZEw9heyntZWRi9xsp8g,9.548484377557946,-0.4,0.0,-0.255088780575448,-0.1058324709013595,-0.2015667251019944,0.0,-0.2217127734342647,-0.2478718084569988,0.0,1,0.1256402136983839
UCeanHOodyKzjWGnqVZnVsPg,6.942253957966591,0.6,0.0,-0.2389471236946333,-0.2944190925883763,-0.4182903562956526,0.0,-0.2217127734342647,-0.2478718084569988,0.0,1,0.11697823156199189
UCecdlboAiNojl72fty50e2w,-0.2965976435925437,4.8,0.0,0.948201759743456,-0.3662036776176278,-0.4465663346833801,0.0,-0.2217127734342647,-0.2478718084569988,0.0,1,0.0796882735045063
UCedXqbHWaCUJm1PcXGbSL4w,-0.2309962347030487,1.4,0.0,0.9466866161263984,0.2206675774960982,0.1864074324316336,0.0,-0.2217127734342647,-0.2478718084569988,0.25,1,0.1144982808539794
UCeda0ikD6cYxD62Z44QK7FA,-0.2791977689023851,0.6,0.0,0.8565069120455413,-0.2261888766521747,-0.1314043518097491,0.0,-0.2217127734342647,-0.2478718084569988,0.25,1,0.14143617351286275
UCeg4cmFPakq7jCrbAwexCkA,-0.0367229910646451,0.4,0.0,2.951742700458688,0.6327866920905366,0.4481724043551187,0.0,-0.2217127734342647,-0.2478718084569988,0.0,1,0.12376564595913475
UCegNnqoN_92grPoMqmZPS6w,-0.0627976667473095,0.2,0.0,-0.0392332069122438,-0.2662370468755973,-0.3479091016701042,0.0,-0.2217127734342647,-0.2478718084569988,0.25,1,0.15585302063816464
UCegtMtXqBiGyqi2l2aTaUFQ,-0.1764379781318046,0.0,0.0,0.0868499388783064,-0.4056337391498689,-0.4553748448613862,0.0,-0.2217127734342647,-0.2478718084569988,0.25,1,0.14943677512364623
UCehLaCUo4WHIWg-KdeeCvRg,1.2139471299205162,0.4,0.0,-0.2204128230221147,-0.2322161144988509,-0.285126421895905,0.0,-0.2217127734342647,-0.2478718084569988,0.5,1,0.09842432587463429
UCej7gKc_oWXrgHr1vmoKaKw,-0.1351364008123988,0.0,0.0,-0.0320243467407561,-0.0248280086807404,0.1395217971416824,0.0,-0.2217127734342647,-0.2478718084569988,0.0,1,0.16638735863937332
UCejIMHbKwPZ1ZzL2JgQQbcQ,-0.2850293342856853,-0.2,0.0,0.1552880572085758,-0.3110881722580901,-0.3609860086724834,0.0,-0.2217127734342647,-0.2478718084569988,0.0,1,0.17123501182941303
UCejSXqcYhd70vcsFYUPUXzg,-0.3601375140277146,0.2,0.0,16.171116488731393,-0.1597597689006244,-0.0556142045262415,0.0,-0.2217127734342647,-0.2478718084569988,0.0,1,0.08821521222250989
UCekIjbBrhO3r6eTfVdIWocg,-0.1136057722133212,-0.4,0.0,-0.0919129516141178,-0.1753340573208443,-0.1660478578683437,0.0,-0.2217127734342647,-0.2478718084569988,0.25,1,0.15883855476769115
UCel2ca3OALNUQoX7svVhmHQ,-0.1678294431877852,2.8,0.0,0.2990888819954943,-0.0310839586778486,0.0825825623637586,0.0,-0.2217127734342647,-0.2478718084569988,0.0,1,0.1310116271405229
UCemjetjmfQE950C3Bea8bDA,0.1707669454130627,5.0,0.0,-0.0732056000792662,0.1123929751771981,-0.1696676647301007,0.0,0.6913574657089212,0.7154674764909068,0.0,1,0.025963076408568597
UCenWoaDQZgYOMCB_M-Aiz3A,1.751959692297819,0.0,0.0,-0.2063122498368606,0.8663421586492388,1.0603276599719766,0.0,-0.2217127734342647,-0.2478718084569988,0.0,1,0.11376260608864797
UCeokT5vktbbx4qJk7nrp55Q,1.9396502950674843,1.0,0.0,-0.2174219094477668,0.7098929575118822,0.5218499903583117,0.0,-0.2217127734342647,-0.2478718084569988,0.0,1,0.11423832637749265
UCepiqzCVO-Qc0mB4Ul1T2Ow,0.2146333023594615,0.0,0.0,-0.1698122823716676,-0.0635745376950874,-0.4672192245652884,0.0,-0.2217127734342647,-0.2478718084569988,0.0,1,0.16660914762918394
UCeq3jtiWQqRj__g-pf9y6Hw,-0.2002972740084419,0.0,0.0,0.0305573361275842,-0.398974179475528,-0.3939430500435927,0.0,-0.2217127734342647,-0.2478718084569988,0.0,1,0.16651841146173907
UCerXPtQHBaeVawAxcRrV7HA,25.67950981877758,0.0,0.0,-0.2461300252696734,-0.023011765133193,0.2601918583418224,0.0,-0.2217127734342647,-0.2478718084569988,0.0,1,0.00974758662834041
UCev-syYBxDAm3e42aU1qYNg,-0.2041814158895656,0.0,0.0,0.607264819560817,-0.2349068456804027,-0.2763210507749608,0.0,-0.2217127734342647,-0.2478718084569988,0.0,1,0.17252461831178018
UCevizsJNK050wfi1MpCfSKg,0.7225540326504608,-0.2,0.0,-0.1270102222976508,0.0138176179142982,0.2188813530965523,0.0,-0.2217127734342647,-0.2478718084569988,0.25,1,0.14429012844546707
UCeweO3EhpPBnvsBqaERVNXg,1.6985823320088411,1.6,0.0,-0.2053512000587969,1.02851252696137,2.006839023366921,0.0,-0.2217127734342647,-0.2478718084569988,0.0,1,0.03544922516647547
UCexYGUOmxnAhE4JujBpa-IA,-0.2567912390413474,-0.4,0.0,3.347262915470854,-0.0075131535274541,0.0161002489245643,0.0,-0.2217127734342647,-0.2478718084569988,0.0,1,0.1513724253684529
UCeyXmm_ImxlMyVW-Xg8hOMw,-0.1685916199947716,1.2,0.0,5.891014026661833,-0.2267104645427524,-0.225276846610427,0.0,-0.2217127734342647,-0.2478718084569988,0.0,1,0.13443237573729344
UCf-XUn2a_yczCcXBOHoMWzw,1.941783492854381,1.0,0.0,-0.2345867240413189,0.0569029509588975,0.3842134515479924,0.0,-0.2217127734342647,-0.2478718084569988,0.25,1,0.11341700953616696
UCf0QDT7-O7V_wLGSK631olg,0.951665887937898,0.0,0.0,-0.1451609323587338,0.1041252831951328,-0.2233010890626855,0.0,-0.2217127734342647,-0.2478718084569988,0.0,1,0.1561675202047923
UCf10bu29lDxT-FhMXGLKWBA,-0.3234631252324478,0.2,0.0,5.211878995236094,-0.325037931727448,-0.275271007708697,0.0,-0.2217127734342647,-0.2478718084569988,0.0,1,0.14441608711506332
UCf2HjecnR2SBo7T2NUMEYPA,-0.0284800461780794,1.6,0.0,-0.1450340590477485,-0.2680028392134908,-0.3187594351815604,0.0,-0.2217127734342647,-0.2478718084569988,0.5,1,0.0973817762668191
UCf2QWxGlxDJ_f47l7hgcU0w,0.4077580175646076,0.2,0.0,-0.1328806837666395,0.544791373918848,0.7809737659882189,0.0,-0.2217127734342647,-0.2478718084569988,0.0,1,0.13476928948909084
UCf4k57Uj3MyceSuI1r6TGHg,0.1527098567389912,0.8,0.0,0.1783918094581755,-0.2543901855540942,-0.3001311194187869,0.0,-0.2217127734342647,-0.2478718084569988,0.0,1,0.164137318367226
UCf7hZnSEvwhKOZ-INfdqm1g,-0.1098179764412613,-0.4,0.0,0.181651451949023,-0.4050283246340197,-0.3534240476177099,0.0,-0.2217127734342647,-0.2478718084569988,0.75,1,0.059725535092824356
UCf8Q9LTRNC7axAJXN5ThNIw,0.1671661800103468,0.0,0.0,-0.1345853930306063,-0.4128987133400589,-0.4954749307105562,0.0,-0.2217127734342647,-0.2478718084569988,0.25,1,0.14904184151005334
UCf8qdVExBSqPK2EPiBHc2TA,1.5097637526226837,-0.4,0.0,-0.2344924014243571,-0.4016380033452644,-0.4535657070903434,0.0,-0.2217127734342647,-0.2478718084569988,0.0,1,0.15968536025130609
UCfCxvUObC4GU_o71BSsHJvg,-0.0986506140702521,1.4,0.0,0.3461632130146157,0.2948308556876216,0.6187040790101007,0.0,4.343638422281664,2.6421460463867183,0.25,-1,-0.040793373090944995
UCfFC6o5NwJA16C74sFhqjcA,-0.2286012158598129,-0.4,0.0,0.1367484399864737,-0.0414163664150078,-0.0530922228235994,0.0,-0.2217127734342647,-0.2478718084569988,0.25,1,0.15363702458609663
UCfFMSLBAkOWCNwPIhcPZLIw,-0.0699761335667271,0.6,0.0,-0.0161628185161361,-0.1829622802205439,0.0913288457607811,0.0,-0.2217127734342647,-0.2478718084569988,0.5,1,0.10817593291432093
UCfFatPUuakjjmx7m_YfXLFw,0.5550264284914641,-0.2,0.0,-0.2235682866682215,-0.0843604360725756,0.1783320131273317,0.0,-0.2217127734342647,-0.2478718084569988,0.25,1,0.1462072423320866
UCfGmKwtRdjElxWNcQo2qCuA,-0.273833138776167,0.2,0.0,0.6333968246107553,-0.3954930460093953,-0.5030579924386088,0.0,-0.2217127734342647,-0.2478718084569988,0.25,1,0.13551549973967586
UCfK_X9UAfA2uxZ1LMcsLSdw,-0.1063394357042407,0.8,0.0,-0.0077316706302861,0.6848829169442646,1.774703767968597,0.0,1.6044277048521072,2.6421460463867183,0.5,-1,-0.06460563511558348
UCfKphprwMqUiUkiqkPqr5Ug,-0.2564688734437253,0.2,0.0,0.3934502880927383,-0.3149729154014556,-0.4786344760771262,0.0,-0.2217127734342647,-0.2478718084569988,0.25,1,0.14366108617242812
UCfO0qq1sMSFzaauQJLHKW4A,-0.3592186660331766,-0.4,0.0,3.555936454019585,-0.3126420695154362,-0.229335844980888,0.0,-0.2217127734342647,-0.2478718084569988,0.0,1,0.15268463554370304
UCfO1HKtG2B7a7fZzfFUQPJQ,-0.1444645018225389,-0.2,0.0,0.0657826506938979,0.6586849797129732,0.789200788568045,0.0,-0.2217127734342647,-0.2478718084569988,0.0,1,0.13631330335645958
UCfPBiFxACzYq6_5luZe7V0g,1.5781227561355495,1.8,0.0,-0.1697788785614551,1.5107680723634405,8.086611145462221,0.0,-0.2217127734342647,-0.2478718084569988,0.0,-1,-0.06442901605017026
UCfRcL6-wgBLdcOMtUfbpoHA,0.0172520382740589,-0.2,0.0,-0.1520318211295524,-0.1126131134788702,0.1318227055190195,0.0,-0.2217127734342647,-0.2478718084569988,0.25,1,0.15594435667342743
UCfTua2_UbsITlPlIp-hAmSg,1.3876720241759049,-0.4,0.0,-0.2156893280173605,0.0314755412932323,-0.1951036995472886,0.0,-0.2217127734342647,-0.2478718084569988,0.0,1,0.1597940638046515
UCfVSb4bcPyZkZ9kAPGT4z7A,0.1972792624395384,1.8,0.0,-0.0994833398004497,-0.2871616860796343,-0.1762427293408539,0.0,-0.2217127734342647,-0.2478718084569988,0.25,1,0.13580648354678104
UCfWEcQeRNDDHj6eR-14SwsQ,2.265890819075498,0.2,0.0,-0.1848619353233214,0.6194843898117395,1.0610659128921454,0.0,-0.2217127734342647,-0.2478718084569988,0.0,1,0.1156071764321358
UCfX9b0EVGcBH4484epE4LUw,-0.0920577057091091,0.4,0.0,0.0617361322315137,-0.1149675032627281,-0.3053983504398579,0.0,-0.2217127734342647,-0.2478718084569988,0.25,1,0.15628883686933098
UCfYdiAvayx5DLzAB6prtBvg,-0.3408947267999191,-0.4,0.0,2.6522524645265726,-0.2583969288953506,-0.0409172929954964,0.0,-0.2217127734342647,-0.2478718084569988,0.0,1,0.15645482345649048
UCfZ2ZGPNHu0ijKS_mW19V8Q,3.513957331218023,-0.2,0.0,-0.2351271264256978,-0.1648805666805153,-0.2173537250384956,0.0,-0.2217127734342647,-0.2478718084569988,0.0,1,0.15005108049911964
UCf_zARG85NCdJ9jn_yVRsPQ,-0.089631951716476,-0.4,0.0,6.565656787175788,-0.3541735053026894,-0.5720751650345369,0.0,-0.2217127734342647,-0.2478718084569988,0.0,1,0.11820998746008371
UCfaNrgo-P8H_DZWe5oXxJaA,-0.336419783306612,-0.4,0.0,7.57328888487596,-0.1338026215335912,-0.1700500507040442,0.0,-0.2217127734342647,-0.2478718084569988,0.0,1,0.13694093114247258
UCfb1uygb6mMS4pXOoKQP3cQ,-0.0812098475034123,0.0,0.0,0.0043510662851015,-0.246409721481537,-0.4003263890647942,0.0,-0.2217127734342647,-0.2478718084569988,0.25,1,0.15569346354012786
UCfb3NfQ0gWFnZXwBWk0Nn7A,-0.0441664487035196,0.8,0.0,-0.0029416895624146,0.9322222655102804,0.5405249153841919,0.0,-0.2217127734342647,-0.2478718084569988,0.25,1,0.10452370824629376
UCff3Y1aAbdEkrGMJnO-1_5Q,-0.2015182640069543,2.0,0.0,0.5552989328366399,0.0177646831401775,-0.0403596385541493,0.0,-0.2217127734342647,-0.2478718084569988,0.0,1,0.14254908300519575
UCffX4VZEnw2rbm1e0ljumLg,-0.2123026657431944,-0.2,0.0,0.4580619360445355,-0.3358092649885978,-0.2814993730439498,0.0,-0.2217127734342647,-0.2478718084569988,0.0,1,0.17284350483169653
UCfjW2aG07v3hy0MdbrpnAag,-0.2896571540081279,0.2,0.0,1.41013333328346,1.0077821249145014,2.893192737344304,0.0,2.517497943995293,1.6788067614388125,0.0,-1,-0.0752000373342725
UCfkMzoCpfwCMb6jkpWKJ7rA,-0.1869400303007231,1.2,0.0,0.2744949550575255,-0.3613453387981334,-0.4224027070135436,0.0,0.6913574657089212,1.6788067614388125,0.25,1,0.05308748429380877
UCflReQC_vSa_23iza_9j4mQ,-0.2567854825128185,1.4,0.0,0.642720755353464,-0.2839454214641856,-0.283840248088918,0.0,-0.2217127734342647,-0.2478718084569988,0.0,1,0.15686601595760813
UCfllxolJ-MCm0cZNJ35HpgA,1.7357868768832805,0.0,0.0,-0.2398110273257189,-0.3069511730664541,-0.3700701686980612,0.0,-0.2217127734342647,-0.2478718084569988,0.25,1,0.14166610450209816
UCfm6Gwi5VAY4StJrW2SMlMw,-0.1265458067519269,2.0,0.0,-0.0605651824639228,-0.1943796857370877,-0.3419345322491936,0.0,-0.2217127734342647,-0.2478718084569988,0.0,1,0.14854427251163138
UCforrMIC-59nj76y2m0bZBg,-0.2387726987953109,-0.4,0.0,1.6123281668439062,0.0458844067704426,-0.1126485623261764,0.0,-0.2217127734342647,-0.2478718084569988,0.0,1,0.1618849737963869
UCfpwK9hyMMv0gJ7rY_5Ngzg,1.259643193989462,0.0,0.0,0.2352506567234,-0.3069511730664541,-0.2838608035826097,0.0,-0.2217127734342647,-0.2478718084569988,0.0,1,0.16599945820483447
UCfqcyRB_2LMIXoJ5lViXFVg,0.4195904609641696,-0.2,0.0,-0.1405460473925213,-0.417035712531695,-0.5136695189020644,0.0,-0.2217127734342647,-0.2478718084569988,0.25,1,0.14631074302465658
UCfqdCHugkV1Gbx9AdGJzJEg,-0.2705576856960768,1.2,0.0,0.2582059209243922,0.3154149492264934,-0.0354377558299798,0.0,-0.2217127734342647,-0.2478718084569988,0.25,1,0.11871412526677877
UCfrqfvncpNB_WKLSC5oDwvw,0.3396911578745865,-0.4,0.0,-0.0604318862679801,-0.060910713825351,0.3780839687934131,0.0,-0.2217127734342647,-0.2478718084569988,0.0,1,0.15679863458508364
UCfvnh19iQqhZh2EY1Leqrjw,1.9358165480589216,-0.4,0.0,-0.2336050367880131,2.124151356777476,2.2229334745320166,0.0,-0.2217127734342647,-0.2478718084569988,0.0,1,0.026036669816073332
UCfw2hsnT4tTjDbISbqH8_Ag,-0.0970145480672827,-0.2,0.0,-0.1275004555946225,0.3429613096976307,1.3763801515212353,0.0,-0.2217127734342647,-0.2478718084569988,0.0,1,0.13128852581383144
UCfwTOKnnLmpqLq8Y2Agbi1w,-0.273164018078471,-0.4,0.0,1.790563264214467,-0.0049704125608876,0.2617284686007303,0.0,-0.2217127734342647,-0.2478718084569988,0.0,1,0.1489953770261685
UCfx-YJzVyVI8gkIGqZBTuPA,-0.315932601247206,-0.4,0.0,2.362290303980537,0.8197252409288527,0.3203085666329148,0.0,-0.2217127734342647,-0.2478718084569988,0.25,1,0.09811398044094566
UCfx8EB3XuIRyEphmhhcJTkA,-0.1614685801550059,-0.4,0.0,-0.1418613440066682,-0.2677203124394278,-0.2637058084101263,0.0,-0.2217127734342647,-0.2478718084569988,0.0,1,0.17136148097026038
UCg-CIINkX1-oN_kNRRbrHEg,2.624291906569969,0.0,0.0,-0.2431079129229283,-0.3529626762709911,-0.5316339117333153,0.0,1.6044277048521072,1.1971371189648596,0.25,1,0.011653270976040742
UCg-MOkF1f4X2_nQb2WjCcVQ,-0.1397364730574145,0.6,0.0,0.2302601350911214,-0.3486642332084619,-0.2716345454392702,0.0,-0.2217127734342647,-0.2478718084569988,0.25,1,0.1485894805092317
UCg04cjQa479on35AlujlqaQ,4.416589487865166,-0.4,0.0,-0.2417941298574777,-0.0448066877037631,-0.3046231711227791,0.0,-0.2217127734342647,-0.2478718084569988,0.0,1,0.1418550318227233
UCg3mpGTW0LSm7ZTXHStTmkg,-0.2832307189395775,11.4,0.0,1.1404817903689484,-0.4201258491230084,-0.473590083049892,0.0,-0.2217127734342647,-0.2478718084569988,0.0,-1,-0.007327616175157314
UCg7ECHe6c2EnhhNHrcNXt9w,0.1069577655459976,3.2,0.0,-0.0808660973014628,0.3161519755936141,0.2524188258877408,0.0,-0.2217127734342647,-0.2478718084569988,0.5,1,0.03115005985555447
UCg7GShLwLfDYiwUitRBVeZg,0.0323134397155925,-0.2,0.0,-0.1593780098915002,-0.4127978109207508,-0.5111277852309187,0.0,-0.2217127734342647,-0.2478718084569988,0.0,1,0.16457480453621331
UCg7SYgpNySkthGRJmdZnO2A,0.6411001638828709,-0.2,0.0,-0.0481725266666947,-0.2185606537524751,-0.3610666160236387,0.0,-0.2217127734342647,-0.2478718084569988,0.0,1,0.1696680025232294
UCg7dXPcr3LJXa6ckHri51Ow,0.3916707926400393,0.0,0.0,0.1032368436736813,-0.2203768973000226,-0.3454087101742661,0.0,-0.2217127734342647,-0.2478718084569988,0.0,1,0.17224914341635056
UCg8O7iNGcUymnkzyKgSCTfw,0.4046935842295565,5.2,0.0,-0.1629242575385243,-0.3485229698214304,-0.3526440256120384,0.0,-0.2217127734342647,-0.2478718084569988,0.0,1,0.06650128360146906
UCgBNYsFGcYDR7Frfs4iOBnA,-0.2258794887746261,0.4,0.0,0.3423821290882136,-0.0329405631931194,-0.1156589212630171,0.0,0.6913574657089212,0.7154674764909068,0.0,1,0.11183767438268177
UCgBrTYJJH5aX4wo6z9FL8PA,-0.2928722331132823,2.0,0.0,1.6515710372268388,-0.1873996124955325,-0.0563410807545444,0.0,-0.2217127734342647,-0.2478718084569988,0.0,1,0.1433086522599482
UCgCv-rDUK2CmqkOmJb8sVKA,3.9451186670047367,0.2,0.0,-0.2528993188826249,-0.3986714722176034,-0.4492378216605205,0.0,-0.2217127734342647,-0.2478718084569988,0.5,1,0.043488489553609455
UCgCyFfGl_KGKvwKRWT0KtnQ,4.450261847032577,0.6,0.0,-0.2343495868104659,3.243804962388932,6.9079710784094335,0.0,-0.2217127734342647,-0.2478718084569988,0.0,-1,-0.09163467689402571
UCgDep9894-BCiBu_UMdRTWA,-0.2204229833654824,3.8,0.0,1.6776232682174943,-0.2133447748466977,-0.4235826610973027,0.0,0.6913574657089212,1.6788067614388125,0.0,1,0.027587318480949863
UCgEg8CHSu-XJJ3DoHxiQTeg,0.2315502248301653,-0.4,0.0,-0.1888533238755107,-0.1270219789560805,-0.261902629755363,0.0,-0.2217127734342647,-0.2478718084569988,0.25,1,0.16018117140782345
UCgFWZNCHQuWBoUlipgA9r1g,-0.1731203998480055,-0.2,0.0,-0.1157053977186447,0.2596159113490616,0.1201343238416449,0.0,-0.2217127734342647,-0.2478718084569988,0.25,1,0.14588394322753773
UCgFx3ykayCyZLVAgG3bm2iw,-0.1543680537021186,-0.4,0.0,0.5993959288805537,-0.2999283646826037,-0.2695118666924342,0.0,-0.2217127734342647,-0.2478718084569988,0.0,1,0.17145779264963096
UCgGg_7tCIl0P0hj8CitpcrQ,22.06003191115276,-0.4,0.0,58.22164269797323,-0.1609251918436341,-0.3316868280742054,0.0,-0.2217127734342647,-0.2478718084569988,0.0,-1,-0.11904201343916132
UCgGitc96tDJMHrqSGGAHJIw,-0.0931864565955199,-0.4,0.0,-0.0060716016455672,-0.0634534547919176,0.0905889175241622,0.0,-0.2217127734342647,-0.2478718084569988,0.0,1,0.16877786753180102
UCgHpRxImkGOIrj2jfJeOFOw,-0.112639735833605,0.2,0.0,0.0193789540672772,-0.1968414079963861,-0.0726588724175031,0.0,-0.2217127734342647,-0.2478718084569988,0.0,1,0.16661902534116618
UCgIZ9eKeokf0N7IVMI89_bw,-0.17830733502779,0.0,0.0,0.476157362099835,-0.1053481392886802,-0.2036603810166208,0.0,-0.2217127734342647,-0.2478718084569988,0.0,1,0.17067386360893233
UCgKDV2cheuOaTZFmNFgRPtw,0.2253653963209879,2.0,0.0,0.074197048934222,0.0018102300166229,0.0970984270580807,0.0,-0.2217127734342647,-0.2478718084569988,0.5,1,0.07445932720110005
UCgMXYeH8WTSUtwpGyh9kkHQ,-0.2219842378033588,0.2,0.0,0.0812214687309877,-0.4293962588969489,-0.4303526857269124,0.0,-0.2217127734342647,-0.2478718084569988,0.25,1,0.14641340591655516
UCgPB_yIfy6u5h_dhu3U-WOg,0.0674378579565029,0.4,0.0,-0.0384612139961657,-0.2731824967379781,-0.3733533786752575,0.0,-0.2217127734342647,-0.2478718084569988,0.5,1,0.11294879516116213
UCgRHV2oivxE_PXaSgevoyYw,0.0458167407686192,-0.4,0.0,-0.0312515139433637,-0.3745154330352215,-0.470367498493116,0.0,-0.2217127734342647,-0.2478718084569988,0.0,1,0.16902076432951385
UCgRVfh_p9FpJu6zxOhXzOwQ,-0.1735827399814372,-0.4,0.0,-0.0650708883010033,0.1670883928434466,-0.0077561343362183,0.0,-0.2217127734342647,-0.2478718084569988,0.25,1,0.14491184009758212
UCgUltJd_Y-QyqH3Nq0xWfoQ,-0.3145704248121411,4.2,0.0,1.0407447450772307,-0.2716590680543053,-0.2520212473711855,0.0,-0.2217127734342647,-0.2478718084569988,0.0,1,0.11009496881236835
UCgVWPXna4H0bkJ_ue6wNDWA,-0.2713358658077456,-0.2,0.0,2.7838190906278157,-0.3506419206269025,-0.3331566377786943,0.0,-0.2217127734342647,-0.2478718084569988,0.0,1,0.15936764157944033
UCgWi0Z8D5h5lJRJWhTJJf9Q,0.0527299275649936,-0.2,0.0,0.0218101831766943,0.2278316492669801,0.6544659498036736,0.0,-0.2217127734342647,-0.2478718084569988,0.25,1,0.13260834311744946
UCgYdHms9B2Ji2NWyy_pTlbA,-0.2573977953631891,-0.4,0.0,0.1798718546970568,-0.5058903829744916,-0.5232916579662378,0.0,-0.2217127734342647,-0.2478718084569988,0.0,1,0.15605645062216095
UCgYi9ZnUoAbF-VBikT5vmDw,-0.170229006658807,-0.2,0.0,0.2892391185961701,0.6141870127980592,2.239192340756003,0.0,-0.2217127734342647,-0.2478718084569988,0.0,1,0.09104783640397385
UCgZSxnw2Dt2oMo6ttTCrFag,-0.192814392871157,-0.4,0.0,-0.0225955692268159,-0.4372363768771956,-0.4490662265195072,0.0,-0.2217127734342647,-0.2478718084569988,0.0,1,0.16595067888213927
UCg_4UGZAf188RFzSQEPrptA,0.0854258778056684,4.4,0.0,-0.1368360355509137,0.8621042570382946,3.005961679551713,0.0,6.169778900568036,4.56882461628253,0.0,-1,-0.15106030178030783
UCgcqOJ2MC50VxI14OD1sL-Q,0.0619595616397698,1.4,0.0,1.6604656638037494,0.673517635351278,0.1175332193410009,0.0,0.6913574657089212,4.56882461628253,0.0,-1,-0.006968078337969419
UCgdZ8MQyddRjDZTFFLUEH3w,0.0101786898174624,4.0,0.0,0.2081980732480042,-0.1190484455547485,-0.1211565870892572,0.0,-0.2217127734342647,-0.2478718084569988,0.25,1,0.08433357614962067
UCgdbCpZJgQNGK6wA18q65MA,-0.2496476676694794,4.0,0.0,0.9109639928798664,-0.2599979139483739,-0.3510245948820331,0.0,-0.2217127734342647,-0.2478718084569988,0.0,1,0.10526364258124526
UCgeT0_G-e0sN50pSbDSgeRQ,7.129301647392127,-0.2,0.0,0.2373238832965156,-0.2913112980736838,-0.3212621264501432,0.0,-0.2217127734342647,-0.2478718084569988,0.0,1,0.12772043365104202
UCgfVkOjBNMtLDWePxjCAoAg,0.1141349183752076,1.0,0.0,-0.1080432499466548,-0.3856046089171921,-0.4191156372590821,0.0,-0.2217127734342647,-0.2478718084569988,0.25,1,0.13855994788199827
UCgfxHhZM2Nv5u9M_M16hV_w,1.2740951103490248,0.0,0.0,-0.2434060910919353,-0.3626493085245778,-0.3333733222443197,0.0,-0.2217127734342647,-0.2478718084569988,0.25,1,0.149786125334592
UCggCn5JCoKyeI5FgDZCnflQ,0.0177246018778606,1.2,0.0,41.748324704759256,0.4145166484362654,0.054252551115539,0.0,0.6913574657089212,5.532163901230436,0.0,-1,-0.12902704409749532
UCghWl7LwYHJXDKybVewcheQ,-0.223532441002465,-0.4,0.0,0.1442613100775795,0.2798165756945622,0.2007414016898061,0.0,-0.2217127734342647,-0.2478718084569988,0.0,1,0.1498426401722378
UCghzfrjsrgC1voCfnDhJ4Pg,-0.2666126089017964,3.4,0.0,0.308510899878394,-0.374126958720885,-0.4470319221445785,0.0,-0.2217127734342647,-0.2478718084569988,0.75,1,0.0037170770839892175
UCgiAMEOQJcBxrh2ifgqeqew,-0.1637105586575472,1.8,0.0,2.40590791686868,-0.0016330650422691,-0.000670852457359,0.0,-0.2217127734342647,-0.2478718084569988,0.0,1,0.130837861890595
UCgiVlN2P1aPbrrt_4IIETZw,-0.299203523391658,0.2,0.0,0.3999807019284626,0.8599853062328225,1.5019235212446174,0.0,-0.2217127734342647,-0.2478718084569988,0.25,1,0.08366739536195877
UCgjoHOa11Qqlqtpv7ZUleag,0.032835398632795,0.4,0.0,-0.0071227080713616,-0.1097878457382407,0.3523131919175818,0.0,-0.2217127734342647,-0.2478718084569988,0.25,1,0.14566179700029996
UCgladwV0yey-vu95kL5ZsYw,-0.078980455095045,-0.2,0.0,-0.1309163106280156,-0.2044343150493278,-0.3037830945162295,0.0,0.6913574657089212,0.7154674764909068,0.5,1,0.06071499316291151
UCglmksJGHLN6XYUQ-4FgRSQ,-0.2044662125641566,1.0,0.0,0.3854022859124884,-0.3538203468351106,-0.3682990004169459,0.0,0.6913574657089212,0.7154674764909068,0.75,1,0.003575103424789061
UCglzV-YIKIWrUhomfTuAaSw,6.26274333222626,0.6,0.0,-0.2541476545152235,-0.3927384099622815,-0.4133395979188111,0.0,-0.2217127734342647,-0.2478718084569988,0.0,1,0.11877209732893335
UCgm4z7bCH2FMMbtarzsNpNg,-0.3226216873978651,0.6,0.0,93.33368216041984,-0.1931332440868099,-0.6003272946293761,0.0,-0.2217127734342647,-0.2478718084569988,0.0,-1,-0.06909717943879112
UCgm9mvmWmbTGjC86I9iqfYQ,0.372805739725059,1.6,0.0,-0.0411307468066486,-0.3925971465752501,-0.3849209621759571,0.0,-0.2217127734342647,-0.2478718084569988,0.75,1,0.03748780802610835
UCgm_netCczXftX1MulWeIqQ,3.403118707119816,-0.4,0.0,-0.2415971076645647,-0.2016090473086983,-0.4138311373740744,0.0,-0.2217127734342647,-0.2478718084569988,0.0,1,0.14390865948026887
UCgnulkRvISjE1FQxx1HuIqg,1.1498964924606443,0.0,0.0,-0.2193911579905197,0.072643728370976,0.3138864330924301,0.0,-0.2217127734342647,-0.2478718084569988,0.75,1,0.04056368877153804
UCgo-Ds3cB-n-wSJAYlWr5NQ,-0.3196143557042587,-0.4,0.0,9.157205628227496,-0.2278840372965524,-0.3486453740978549,0.0,-0.2217127734342647,-0.2478718084569988,0.0,1,0.1294416230560418
UCgpxVHkTgVST0OxDt-_fiZA,0.4799498844084119,-0.4,0.0,-0.2270167088072091,-0.3448501217586122,-0.2932551073092934,0.0,-0.2217127734342647,-0.2478718084569988,0.0,1,0.17056615129733482
UCgtXSGedtXX1inAP-JSBWhg,-0.1342117205455353,-0.4,0.0,0.1495480457293379,0.1798020976762792,0.1795031328481293,0.0,-0.2217127734342647,-0.2478718084569988,0.25,1,0.1422206018488667
UCgvHPrH9Gk2bq-hWuD4u4UQ,0.944385394224684,-0.4,0.0,-0.1909968141665197,-0.3041662662935479,-0.2926708133104714,0.0,-0.2217127734342647,-0.2478718084569988,0.0,1,0.167528896399684
UCgvJ2H-XzM5qiNq7Wbm7zXA,-0.0318415558638101,-0.2,0.0,0.2012266383379718,-0.3033186859713591,-0.3749822449143559,0.0,-0.2217127734342647,-0.2478718084569988,0.5,1,0.11236394814192385
UCgvfHDOYhJiqx8GxYh28vlw,-0.279822705718828,-0.2,0.0,0.3836619218364299,-0.1182636489601291,-0.4263681857345543,0.0,-0.2217127734342647,-0.2478718084569988,0.0,1,0.1694970044619939
UCgxWBcwjrec8vDpF-oHuIXw,-0.2825641261910875,0.0,0.0,0.1858148151711817,-0.2476205505132353,-0.4180543949942727,0.0,-0.2217127734342647,-0.2478718084569988,0.0,1,0.16982089771945752
UCgzLwcAWqMdm8Sp-RkWDG_w,-0.1442814038186264,-0.4,0.0,3.1332770882623326,0.2764262544058068,0.4129399710709945,0.0,-0.2217127734342647,-0.2478718084569988,0.0,1,0.13424665468877633
UCh1-v4ls6fZ416cafzg4Afg,0.2904498128378072,-0.2,0.0,-0.1964534983840461,-0.2185606537524751,-0.304663662821192,0.0,-0.2217127734342647,-0.2478718084569988,0.0,1,0.17347107611671303
UCh56sbMM6Jo4mp6w_-7C_8Q,0.3281616391648953,-0.2,0.0,0.0171842196445204,-0.2906049811385264,-0.3871406858822839,0.0,-0.2217127734342647,-0.2478718084569988,0.25,1,0.1543327572216756
UCh5kS0zAIaVkaCQoC_4zMhw,-0.0804650335051469,1.0,0.0,-0.0669634631408381,-0.2637649376025466,0.1361239211565963,0.0,-0.2217127734342647,-0.2478718084569988,0.0,1,0.1545622721506027
UCh7L43_gs6bD6xWIhry2r1A,8.383713848560213,-0.2,0.0,3.508870520298589,0.0724419235323595,0.192734356517473,0.0,-0.2217127734342647,-0.2478718084569988,0.0,1,0.09235217938956664
UCh7Qn-oHIXq82keENk_8bjw,10.48418728564536,-0.2,0.0,-0.2551113945380366,0.4580909701282813,0.9613060274670222,0.0,-0.2217127734342647,-0.2478718084569988,0.0,1,0.08444616728114701
UCh7bMZrYplMAN85X0WnfrtA,0.085114945168216,-0.2,0.0,-0.027971221230698,-0.0313866659357731,0.1130758070235655,0.0,-0.2217127734342647,-0.2478718084569988,0.5,1,0.11210992209885629
UCh8UvqOqb6faO0uRTPPx8uQ,-0.2759062464845592,-0.2,0.0,0.4538144813869469,-0.1182636489601291,-0.3580278775664003,0.0,-0.2217127734342647,-0.2478718084569988,0.0,1,0.17150505659734405
UChAV7SZikJzAxI-Vo1H0nwA,-0.33195514096962,7.0,0.0,1.6723506904188137,-0.241263698096819,-0.0996305825532392,0.0,2.517497943995293,4.56882461628253,0.0,-1,-0.08164025381373852
UChCGuc5WnD-rqTct9fk3nrw,0.1537158996148238,0.6,0.0,-0.1374436243461679,-0.0816764317189776,0.0949981823445857,0.0,-0.2217127734342647,-0.2478718084569988,0.75,1,0.05705611765624141
UChFBBjRo3vAXqXtrvhw0upQ,-0.3161677773191556,0.4,0.0,2.4389103585048213,0.5371984668659062,0.814710307769738,0.0,-0.2217127734342647,-0.2478718084569988,0.75,-1,-0.016390092816136348
UChFFmVfItxMzpWSCze51hiw,-0.3398114809241468,8.0,0.0,4.648587862173048,-0.1021536116305825,-0.1147899533483719,0.0,0.6913574657089212,2.6421460463867183,0.25,-1,-0.08722462179115009
UChHpngVe4JLIulxoy1ZnggA,-0.246963329966473,0.6,0.0,0.5679207388613144,-0.2126275914971532,-0.2960542052307294,0.0,-0.2217127734342647,-0.2478718084569988,0.25,1,0.14752558132982835
UChI6c2mn4ZcT8Xhd6QIVk6Q,0.3782338431526886,0.0,0.0,-0.0697981825857048,1.019512031159079,0.8831580557645455,0.0,1.6044277048521072,1.1971371189648596,0.0,1,0.016788458218274016
UChInLg-gyzPLn7I8rH-V5pg,2.817845584142252,-0.2,0.0,-0.24202442260702,0.1720326113895481,0.0087851687171118,0.0,-0.2217127734342647,-0.2478718084569988,0.0,1,0.13644703358303228
UChKKNayV4YjoIMGRVYrRGlA,-0.012255724981966,1.4,0.0,-0.0779299035347196,-0.2043334126300196,-0.1434658308612684,0.0,-0.2217127734342647,-0.2478718084569988,0.25,1,0.14426179760667812
UChLlcpUcu3U46xvgOp-gS-Q,-0.2014164643445473,-0.4,0.0,0.1636228931328514,-0.2346646798740631,-0.3520378453653824,0.0,-0.2217127734342647,-0.2478718084569988,0.0,1,0.17124390316508942
UChMFbg871kPjzNHBB90an1w,1.0045638404913138,-0.2,0.0,-0.0902873095908117,-0.2941365658143133,-0.3151789924330085,0.0,-0.2217127734342647,-0.2478718084569988,0.0,1,0.1686315447819739
UChMaGXnK6x8YswCh47jpdkw,-0.1962840646981951,-0.4,0.0,1.3901584154203,-0.1380405231445354,-0.0979276883841405,0.0,-0.2217127734342647,-0.2478718084569988,0.0,1,0.16654182207280338
UChN4gY1SGTOC9oRYD1CE_XQ,-0.1317934483567944,0.2,0.0,0.923850668751484,0.5416129477106398,1.1638752437224789,0.0,-0.2217127734342647,-0.2478718084569988,0.0,1,0.11670012208688624
UChO8pcn0DyVX2rGaGH_T7IQ,-0.219021708565343,1.8,0.0,8.598139664841934,-0.3398705873657527,-0.58613077520638,0.0,-0.2217127734342647,-0.2478718084569988,0.0,1,0.09656507936273373
UChOkC-4zej-AjnsVQjI2MOA,0.3356403796413085,-0.4,0.0,-0.1810498300531399,-0.2346646798740631,-0.1104480761901159,0.0,-0.2217127734342647,-0.2478718084569988,0.25,1,0.15597758730591876
UChPR2aFr1wDsxahYmfaxY0w,0.2094947309963628,4.0,0.0,-0.0064023483825466,-0.2730255374190542,-0.2230561613787864,0.0,-0.2217127734342647,-0.2478718084569988,0.25,1,0.08682994062444921
UChQ87jC37oMk9Ww-o9skp9Q,-0.0188550294859189,-0.2,0.0,-0.0913421213123054,-0.4530578762247206,-0.5329157162987648,0.0,-0.2217127734342647,-0.2478718084569988,0.0,1,0.16122206786673554
UChQhywXtjJbJOksO8ejoEnA,0.287086788276148,0.0,0.0,-0.1032931628107854,-0.0030330861101703,0.3135568894795379,0.0,-0.2217127734342647,-0.2478718084569988,0.25,1,0.1470254647425654
UChRDWFJcdDdcx1jD0Vc3adA,-0.3100388249591016,0.6,0.0,3.839491991038265,-0.3876529280291486,-0.3971769979236942,0.0,-0.2217127734342647,-0.2478718084569988,0.25,1,0.0952042702305545
UChSCUyftsIPzfIe0KA4uhVQ,0.1589628238813839,-0.4,0.0,-0.1381037123741725,-0.255854187928784,-0.2204070510833224,0.0,-0.2217127734342647,-0.2478718084569988,0.0,1,0.1714816148775335
UChTPAYQWYZbcrqenAC82hHQ,-0.2073929528583574,0.6,0.0,0.2689368656895097,-0.0579441826976901,-0.3918339370039751,0.0,4.343638422281664,2.6421460463867183,0.0,-1,-0.003057278370271921
UChTyuDqufxv9z45zMYveBOg,1.4268994799853354,1.2,0.0,-0.2202813829288807,-0.299732769223637,-0.3085309106201011,0.0,-0.2217127734342647,-0.2478718084569988,0.0,1,0.1500017833698355
UChUEZAI71CnG-R1No79cuRg,0.1553834750371097,0.0,0.0,-0.0649149686808772,0.2403435492611962,0.0136471715384373,0.0,-0.2217127734342647,-0.2478718084569988,0.0,1,0.15726194241006552
UChVEu3NVJZJ_CVwIw311pVw,1.8488175539934784,0.8,0.0,-0.1873569977197718,-0.381141970099607,-0.3327172423728942,0.0,-0.2217127734342647,-0.2478718084569988,0.0,1,0.1521348786379863
UChVNyT2xW00eM9GCpfTUJtg,4.62712314347105,0.8,0.0,7.158627125987461,-0.0085918921193309,-0.1913308674289638,0.0,-0.2217127734342647,-0.2478718084569988,0.0,1,0.07540845747933556
UChXKlhn0g00wcfGuQmSRSTw,-0.2110089617001056,-0.2,0.0,0.0312072334929486,0.0343008090338617,-0.1952530986077781,0.0,-0.2217127734342647,-0.2478718084569988,0.5,1,0.12033840091058462
UChY4T2grLAKOSdNllD2J3nA,7.060718543233546,0.2,0.0,-0.2465636706175598,-0.3043781613740951,-0.4519507710462921,0.0,-0.2217127734342647,-0.2478718084569988,0.0,1,0.12047805438448572
UChZOC11EwSKPdf1bOsGGXyQ,-0.2136564598647873,-0.2,0.0,0.0816812030864312,-0.2913112980736838,-0.3515347145521178,0.0,-0.2217127734342647,-0.2478718084569988,0.0,1,0.17251814399426335
UChZbOg0D7anRGiuBEIhPgog,-0.1397786539360507,0.4,0.0,-0.0388397921258153,-0.2402210397639677,-0.2311469159546298,0.0,-0.2217127734342647,-0.2478718084569988,0.0,1,0.16816986521119925
UChafr20EBGfwP6VRA_qk03g,-0.040577845344481,0.0,0.0,0.0355230076420007,-0.1204835021849095,-0.1187489296801206,0.0,-0.2217127734342647,-0.2478718084569988,0.0,1,0.17191834923079047
UChd2niRs5P2rH1SZdwT9g2w,0.1499268919420209,0.0,0.0,-0.1467949240126008,-0.2227985553634193,-0.22295596646529,0.0,-0.2217127734342647,-0.2478718084569988,0.25,1,0.16206417376290316
UCheD5L2g4_yFTKFNGjJX39Q,0.0229924081264529,-0.4,0.0,0.4989650598013233,-0.0532824909256515,-0.0344377735659388,0.0,-0.2217127734342647,-0.2478718084569988,0.25,1,0.15357882220140506
UCheplchK5_7Q4BoWvii-VHw,-0.1667367126845674,4.8,0.0,0.4471425924160306,-0.3741326548252008,-0.3999615028199643,0.0,-0.2217127734342647,-0.2478718084569988,0.25,1,0.05663989334751052
UChfIEPbj8vTTkQTlXgSUYhA,-0.2667711950478938,3.8,0.0,0.7331606997834214,-0.2586577228406395,-0.1222724403409388,0.0,0.6913574657089212,0.7154674764909068,0.0,1,0.06292489208854224
UChfn7JlK8r3uZX6511LNyGA,-0.1851719952985825,0.2,0.0,0.4411525678539214,-0.0098439994134735,-0.0791786018072206,0.0,-0.2217127734342647,-0.2478718084569988,0.0,1,0.16539155172076142
UChjBHcMAYQ0GXy1yOU-5Gew,6.864820468921978,-0.2,0.0,-0.2549087870635632,-0.3852514504496135,-0.3324033460740448,0.0,-0.2217127734342647,-0.2478718084569988,0.0,1,0.13121598485897862
UChk8i-kt6sUEGsaaedRpHzw,4.566614782651647,1.2,0.0,-0.2411334106943158,-0.3496096112601341,-0.3065587862061094,0.0,-0.2217127734342647,-0.2478718084569988,0.25,1,0.09255701467614547
UChl-l5L-mf7unvtnaYefk3g,0.3442254845042976,-0.4,0.0,9.722875464451548,0.6044398390928875,1.3560658730954178,0.0,-0.2217127734342647,-0.2478718084569988,0.0,1,0.06165850489368713
UChm_MMON9skUAkGOWwJgPDw,-0.1382661344810422,1.4,0.0,0.0422898284232877,1.0349501013132327,0.8512726365035336,0.0,-0.2217127734342647,-0.2478718084569988,0.25,1,0.08397683674819184
UChnYqLm23qTwTRdEFXem6MA,-0.3108741275461732,0.0,0.0,33.89733101646186,-0.5345870310257422,-0.5530725437645105,0.0,-0.2217127734342647,-0.2478718084569988,0.0,1,0.028212948037762642
UChqZMAWIioeV1GyXlC5hSjQ,-0.3053030198308766,-0.4,0.0,0.8398494797813206,-0.1804195392539773,-0.2940815075063182,0.0,-0.2217127734342647,-0.2478718084569988,0.0,1,0.17133722243933147
UChqoRfZGlzadj2IqCnx2Pag,1.7864467517396712,-0.4,0.0,-0.2424636449372811,-0.1117655331566814,-0.0773880837870845,0.0,-0.2217127734342647,-0.2478718084569988,0.0,1,0.16259855429924785
UChrA8SCzrf-u2s9LcHsAudQ,-0.0180031642553604,0.4,0.0,-0.1095923186069299,-0.0377435183521894,0.0576501861186188,0.0,-0.2217127734342647,-0.2478718084569988,0.25,1,0.15163092001030054
UChs9JhzfEyrBU0PiOAKn95Q,1.9975453183509575,-0.4,0.0,-0.2253271381403122,-0.1931332440868099,-0.2873464846747816,0.0,-0.2217127734342647,-0.2478718084569988,0.0,1,0.16160519319207928
UChsFHIjjYr1lvos3t0_8Bag,0.5644605708166115,1.2,0.0,-0.0688943903525471,-0.3088605573087476,-0.3553118698793341,0.0,-0.2217127734342647,-0.2478718084569988,0.0,1,0.15133706381064388
UChsoPSB2sSlzhCLdEwOhTqQ,0.0401329262842291,-0.4,0.0,-0.1581322052256115,1.356243584874388,1.1230618736242244,0.0,-0.2217127734342647,-0.2478718084569988,0.25,1,0.08579739264715952
UChu6Pf2fZ8ctN612i4hKSdw,11.176346342704235,0.2,0.0,-0.2522606511325579,0.2158242613693048,-0.2945286362817623,0.0,-0.2217127734342647,-0.2478718084569988,0.0,1,0.08805968426962607
UChwFT4NWIMA5V7xhife_aMQ,1.138341018876709,0.0,0.0,-0.2249181462776086,-0.2688100585679563,0.099774961511477,0.0,-0.2217127734342647,-0.2478718084569988,0.25,1,0.1485789729717399
UChwuwWuB3kr9EgOfueZ9CEg,-0.2566279354162362,-0.2,0.0,0.2289202639851817,-0.2312743585853077,-0.3335278484528989,0.0,-0.2217127734342647,-0.2478718084569988,0.0,1,0.1733134404429224
UChx6Sqxa21lQ9UZYsRVE7oQ,-0.2168765811305082,-0.2,0.0,0.0462663245542949,-0.4601210455762943,-0.5639269719353621,0.0,-0.2217127734342647,-0.2478718084569988,0.25,1,0.13457652489508976
UCi0UkigO1Vp6x3MphMaOl0A,-0.178155241484551,-0.4,0.0,0.080142195554901,-0.0380260451262524,-0.2066787026535052,0.0,-0.2217127734342647,-0.2478718084569988,0.0,1,0.16869325219333542
UCi2DYF6TC34m42mS9YyHRRQ,-0.1044310776388916,-0.4,0.0,0.0838437559137833,-0.3490880233695563,-0.4724571448531525,0.0,-0.2217127734342647,-0.2478718084569988,0.25,1,0.14959223385946074
UCi4uvelj5_X36j2Duh9q5jw,0.0891955159614246,0.0,0.0,-0.1892434899008644,-0.2506476230924812,-0.4375459400175364,0.0,-0.2217127734342647,-0.2478718084569988,0.25,1,0.15545470329356442
UCi7jriYZGYJoCLhA09b8kMw,-0.2357036274916336,0.4,0.0,0.1041470315051706,-0.4511743643976343,-0.5140862839548989,0.0,-0.2217127734342647,-0.2478718084569988,0.25,1,0.13848037884761405
UCi87tUXsHxbCG1vukGRe49w,1.5102974055404577,1.8,0.0,-0.2129423773787826,-0.0964561135871455,-0.4702607012142262,0.0,-0.2217127734342647,-0.2478718084569988,0.25,1,0.11447566165060025
UCi9WBCmPYK6xgiem-Gc9s-g,1.0178013313147225,1.0,0.0,-0.2307520505748609,0.6120680619925871,2.273939558324009,0.0,-0.2217127734342647,-0.2478718084569988,0.0,1,0.06149452927170318
UCi9y_ghOw79oGRQz32NCzHQ,-0.0031149636283387,-0.4,0.0,-0.1144053735446773,0.0831779409467515,0.1377430315874717,0.0,-0.2217127734342647,-0.2478718084569988,0.0,1,0.16525589530473206
UCiA78C08jmX7_ESQ6vYS5zA,0.39132691580423,-0.2,0.0,-0.0937390662483299,-0.1888953424758657,-0.0439396352717586,0.0,0.6913574657089212,0.7154674764909068,0.0,1,0.10946050230811866
UCiAoOLUnBa1kDgRaDTqZpfg,0.0794578934918992,0.0,0.0,1.7933265021894478,0.0314755412932323,0.3023639840885062,0.0,-0.2217127734342647,-0.2478718084569988,0.0,1,0.1490959548777444
UCiArZqlqVrs1IcQOJdsV7cw,-0.2660307703055244,1.4,0.0,1.698517921766765,0.0057454243696425,-0.4184359565085621,0.0,-0.2217127734342647,-0.2478718084569988,0.25,1,0.11430459669206466
UCiBDVh5EtZafTckEhE8V9GQ,-0.1853939246221335,0.0,0.0,0.3259736533828573,0.2627438863476156,0.0102701979055319,0.0,-0.2217127734342647,-0.2478718084569988,0.25,1,0.14158424523268726
UCiBSOz0rYBjd9p6XjZ326ww,-0.2185670564272493,0.2,0.0,0.8287062928022572,-0.2397501618071961,-0.3007252916955242,0.0,-0.2217127734342647,-0.2478718084569988,0.0,1,0.16842664095808807
UCiDlOjcG66FzQRCML5vW3vA,-0.2652719339941756,1.2,0.0,0.4790119137391448,-0.1243488410168696,-0.0462315920835331,0.0,-0.2217127734342647,-0.2478718084569988,0.0,1,0.15323122955686935
UCiDq596Bgw8vfmvUgXTgc6w,0.0709824656461462,-0.4,0.0,-0.0116085714464646,-0.4135041278559081,-0.363447044897483,0.0,-0.2217127734342647,-0.2478718084569988,0.0,1,0.16773724520694233
UCiEbMX-9RNkk_Rfy3QZ85uw,-0.3592229076857768,0.0,0.0,8.36650976496695,-0.3904983762536396,-0.4755768850739426,0.0,0.6913574657089212,0.7154674764909068,0.0,1,0.05617786667993052
UCiFU158dDmLTnxsdK_FsQyQ,-0.3377219706549014,-0.4,0.0,1.083350966102148,-0.1100703725123037,-0.1918030637410391,0.0,-0.2217127734342647,-0.2478718084569988,0.25,1,0.1492178095148226
UCiFsW5fgolvk10GB67RdlzQ,0.0286726879003426,-0.2,0.0,-0.0990626310347781,0.3083517798749198,-0.1179240776859571,0.0,-0.2217127734342647,-0.2478718084569988,0.25,1,0.14505075070821816
UCiGCuVpbWXq9zmp_-y8QjpA,0.1553743857815376,0.2,0.0,-0.1143616985368799,0.0706761311944661,-0.2744772209539771,0.0,-0.2217127734342647,-0.2478718084569988,0.25,1,0.14827815852574344
UCiHxb9VWUeWD4YhzA8jY7DA,0.1322008237419473,-0.2,0.0,-0.1552559976577656,-0.0080782070755801,0.3285507117451616,0.0,-0.2217127734342647,-0.2478718084569988,0.5,1,0.10549741373716898
UCiMWVSLT3AIJjYSbE8sSuqQ,1.0866186100439448,0.2,0.0,-0.2204967186948185,0.0627300656739458,0.354416376716783,0.0,-0.2217127734342647,-0.2478718084569988,0.25,1,0.1338128780805346
UCiN2it7IB_hdpJ0NtCz1ywA,-0.0505451230047936,-0.4,0.0,0.1273547497886335,-0.0287026615821752,-0.3431553112880963,0.0,-0.2217127734342647,-0.2478718084569988,0.0,1,0.16747666269873795
UCiQfSPZUyJS9lxxwMMHQ11Q,0.1127881936746151,0.0,0.0,-0.1574705503727023,-0.3832334020634496,-0.4152658330310346,0.0,-0.2217127734342647,-0.2478718084569988,0.25,1,0.15277517205919072
UCiR_QuMS8tE5cBN0AYWkmLg,4.13656830815175,-0.4,0.0,-0.2518950381228016,-0.0092083141718318,-0.0839119045372319,0.0,-0.2217127734342647,-0.2478718084569988,0.0,1,0.14469088856724482
UCiSUNyjATH-DkPS4yCdsjdA,0.0572570080381793,0.2,0.0,-0.0796255465027178,0.0145239348494555,0.1600247448561251,0.0,-0.2217127734342647,-0.2478718084569988,0.25,1,0.1492527839769302
UCiSrWKrp3h0FSWyZgmU7UmA,3.654723642179683,-0.2,0.0,-0.2482366550489731,-0.340047166599542,-0.4572327450726927,0.0,-0.2217127734342647,-0.2478718084569988,0.0,1,0.14401568304412027
UCiTA3-yLl_UqPPPCwjYML3w,0.574916244476329,-0.2,0.0,-0.2106435190309694,0.0561966340237402,-0.246658098262764,0.0,-0.2217127734342647,-0.2478718084569988,0.0,1,0.16199185138516375
UCiUE2CBDPLqfjOswnnv-gRw,-0.1274620393577293,0.0,0.0,0.017438693119167,-0.0375417135135731,0.1708550594617489,0.0,-0.2217127734342647,-0.2478718084569988,0.0,1,0.16401246176311957
UCiUGvYm_tfuH7UHO2QGdrVA,-0.2831241253260546,-0.2,0.0,0.0851748447454685,0.1508431033348271,0.5651161419930991,0.0,-0.2217127734342647,-0.2478718084569988,0.0,1,0.15479161752524095
UCiV4wlEkMi0x8XLkMOOu_jQ,0.8551240569041584,-0.4,0.0,5.252598967503296,-0.2812815975944492,-0.3225282546849676,0.0,-0.2217127734342647,-0.2478718084569988,0.0,1,0.13860414627319734
UCiWY7Xpez35T_N_Tdta8WMw,0.2796300639965648,-0.2,0.0,2.3731261981539014,0.2483148403865436,0.0474715096325301,0.0,-0.2217127734342647,-0.2478718084569988,0.0,1,0.14437561134442872
UCiXaXmxb5Vn8tG0mpzZmB-w,5.347875598447001,0.2,0.0,-0.2518973393507847,-0.4659481602913425,-0.4249969527762069,0.0,-0.2217127734342647,-0.2478718084569988,0.0,1,0.11963292577129109
UCiXmbhawhRmSQxONnaVjFyQ,-0.226257702798152,-0.2,0.0,18.729182429879888,0.2158242613693048,0.0474509735372348,0.0,-0.2217127734342647,-0.2478718084569988,0.0,1,0.06406697464898808
UCiY0YFbPKvrYCOS4WFZ0WSQ,0.3304231469429505,-0.4,0.0,68.89240899877176,-0.4626637865428608,-0.423519968973746,0.0,-0.2217127734342647,-0.2478718084569988,0.0,-1,-0.031300337404705614
UCi_M2Qm5zCaQTrNd7Ap2RIg,3.707327203844293,-0.2,0.0,-0.2432910824926013,0.328128654059326,0.5498501772761891,0.0,-0.2217127734342647,-0.2478718084569988,0.0,1,0.12735763127645744
UCi_P5fY5feq7gvNQV9MMmrw,0.482443976137383,-0.4,0.0,-0.1946471878271639,-0.3024711056491702,-0.3218108714020252,0.0,-0.2217127734342647,-0.2478718084569988,0.0,1,0.1718887457606007
UCi_zTvddu89yWvDIu9vwykA,1.3132946458298005,-0.4,0.0,-0.1370631442266975,0.3738979914575234,0.7654111577363517,0.0,-0.2217127734342647,-0.2478718084569988,0.0,1,0.13408919764313498
UCiamX0YGBnQJBQYRUWA4Ltg,0.2482489041754112,-0.2,0.0,-0.1120903827161199,-0.3252145109612374,-0.4136315160621725,0.0,-0.2217127734342647,-0.2478718084569988,0.5,1,0.11626979193583459
UCib99A-2JEPcqWlz-jlGz0g,-0.2424805091183368,0.0,0.0,0.3382053284009708,-0.2978699553287165,-0.3637360408363972,0.0,-0.2217127734342647,-0.2478718084569988,0.0,1,0.17061532340449442
UCibLFWHbliMMtl8_5FWqDvQ,-0.2117415304512808,3.4,0.0,0.1452526582203976,-0.2427520087816149,-0.1676733715346317,0.0,-0.2217127734342647,-0.2478718084569988,0.25,1,0.09759825110104614
UCicTgzKgO-JX4J3g9AGoMjg,0.1419256960057398,0.2,0.0,0.050119856711509,0.3816321618974965,-0.0832070576573723,0.0,1.6044277048521072,2.160476403912765,0.0,1,0.03327620121261726
UCicoau16YIB6Yz4Gx1MjTtw,0.4246344928480158,1.0,0.0,-0.0999960531352023,-0.1938395610219673,-0.0974795503714807,0.0,2.517497943995293,1.6788067614388125,0.5,-1,-0.009858944178523843
UCid-D0Xta9hKNmPG1mHngFQ,-0.2624319300576345,-0.2,0.0,0.350801910071611,-0.3760693302925676,-0.4602345203601273,0.0,-0.2217127734342647,-0.2478718084569988,0.0,1,0.16899718657611007
UCidUv0381GExeVo31M4hUlA,1.61535545245433,-0.4,0.0,-0.2421887110825143,-0.034635723837497,-0.3134742528140814,0.0,-0.2217127734342647,-0.2478718084569988,0.0,1,0.16074589505225623
UCidZOOAqSwhDgXDTIw3qpow,-0.2534175346043909,1.8,0.0,0.6424366607794751,-0.1240024740582828,-0.4272618611028869,0.0,-0.2217127734342647,-0.2478718084569988,0.0,1,0.14767663080214866
UCifSCsg5nqeAIJGKXsq9YsA,3.549964720141894,-0.4,0.0,-0.2451428056473781,-0.0176841173937202,-0.1050561008678436,0.0,-0.2217127734342647,-0.2478718084569988,0.0,1,0.14589440358930494
UCigc5_jiC8PSoj5qbQopzUQ,3.672154006598479,-0.4,0.0,-0.2516095679736025,-0.3702775314242773,-0.457772972469907,0.0,-0.2217127734342647,-0.2478718084569988,0.0,1,0.13895088598997846
UCihlPx12DUnYci0OAQg7hLw,-0.2465518896642447,0.6,0.0,0.5465441000800085,-0.0113272649773039,-0.0823334892229685,0.0,-0.2217127734342647,-0.2478718084569988,0.25,1,0.1436473610716712
UCijCnPndnzBd6FLQOaHZJVg,-0.3128065032807915,-0.4,0.0,0.7914685232851129,-0.398247682056509,-0.4888655716178085,0.0,-0.2217127734342647,-0.2478718084569988,0.0,1,0.16363027203160202
UCijl5SWc84KibTwA6-veX7Q,0.944558241568146,2.6,0.0,-0.2072132350497707,-0.1626203524880117,-0.3011831531714759,0.0,-0.2217127734342647,-0.2478718084569988,0.0,1,0.13187175132550444
UCikDjzHmPdk4xDmLbUiuzrA,0.5188809838746263,0.0,0.0,-0.2034294539372564,0.1870670718664693,0.2839140712104853,0.0,-0.2217127734342647,-0.2478718084569988,0.0,1,0.1510449739746822
UCik_e5NCkKNiWKTdaRqiCQw,-0.2228007559289148,-0.2,0.0,0.0338607221704587,0.2589095944139041,-0.1405953169767691,0.0,-0.2217127734342647,-0.2478718084569988,0.25,1,0.14335191620862414
UCikmq0xQC0dDZ2Z8fQpNW9w,0.779697172514668,0.0,0.0,-0.2141990662681275,-0.0454121022196123,-0.2338395527664339,0.0,-0.2217127734342647,-0.2478718084569988,0.25,1,0.15603191673874667
UCim02EQchW8hbocfO4XwZJg,0.4762781281324885,1.4,0.0,-0.1243801246690047,-0.2524638666400287,-0.6003272946293761,0.0,-0.2217127734342647,-0.2478718084569988,0.25,1,0.12515885944906557
UCimNcavwsd8LdNf95zXfdyg,-0.0353748524798526,0.6,0.0,0.2460697189885153,-0.4821581339532041,-0.5361922639001668,0.0,-0.2217127734342647,-0.2478718084569988,0.0,1,0.152772345317489
UCinhWk4qeIpRAL5h9GjtoKg,-0.1577898554498105,0.0,0.0,0.0528912084554051,-0.1162456005739653,-0.4609423955636408,0.0,-0.2217127734342647,-0.2478718084569988,0.5,1,0.11572278526766816
UCioH5PLeTI0nF-A21hRivaQ,-0.2459156417742011,0.6,0.0,0.3281653503447003,-0.2656013616339557,-0.1849531942786427,0.0,-0.2217127734342647,-0.2478718084569988,0.0,1,0.1637834945142339
UCioiWBB9C9Jau5jKOUOoTSQ,2.1131049017932884,-0.4,0.0,6.890769321971286,0.2984633427827167,0.9219421745784632,0.0,-0.2217127734342647,-0.2478718084569988,0.0,1,0.0887684055774221
UCipBbKmba3w-ksTReLsBnhg,1.2565003313961034,3.4,0.0,-0.1938043917038785,0.0281205358512349,-0.0385987562110229,0.0,0.6913574657089212,0.7154674764909068,0.0,1,0.04386347108262417
UCipduDR0208cqq-R8eGy18w,-0.0769762742414075,-0.2,0.0,0.1545511889191603,0.2829243702092546,0.1206465348571897,0.0,-0.2217127734342647,-0.2478718084569988,0.25,1,0.14204085418196766
UCiq7nezpfYoouQthrqwNzqA,-0.2009809880109174,0.4,0.0,11.132770036854474,-0.4116206160288218,-0.4242859448512729,0.0,-0.2217127734342647,-0.2478718084569988,0.0,1,0.1222158810499877
UCiqCgCUincHiu8Zz2JbVYEA,-0.0144104845029139,-0.4,0.0,-0.1213504775469353,-0.2049993685974537,-0.1033507328455654,0.0,-0.2217127734342647,-0.2478718084569988,0.0,1,0.17119005277374766
UCir4njC1lhnE6ez3pUj3iOQ,35.35070381354138,3.8,0.0,9.437321964543784,-0.227199453190169,-0.2276669014977227,0.0,-0.2217127734342647,-0.2478718084569988,0.0,-1,-0.09478581600245028
UCis65cHFZVyUa1HEBxxVitA,-0.1195414660094756,5.4,0.0,0.0231097776975792,-0.0380759027922635,-0.0021015676180388,0.0,-0.2217127734342647,-0.2478718084569988,0.25,1,0.04354817833014779
UCisEJar4FXn3Tg15zMUvsxQ,-0.1742444377870826,-0.4,0.0,0.0351617582388956,-0.1473639066886126,-0.3824742458276033,0.0,-0.2217127734342647,-0.2478718084569988,0.25,1,0.15321208445435486
UCitH54dr9YjERa7umagensg,1.0620997371879624,-0.4,0.0,-0.2300813355463861,0.2272665957188541,0.5403329759899319,0.0,-0.2217127734342647,-0.2478718084569988,0.0,1,0.13932262238178655
UCitSLdihZ4-M_-vRkIuYOhA,-0.3012776915132004,0.6,0.0,7.761079264952261,-0.3529021348194061,-0.3938944055840562,0.0,-0.2217127734342647,-0.2478718084569988,0.0,1,0.12421125137529548
UCiu5i_eARJZeyKBLie8BXxw,-0.2301031464850978,3.0,0.0,0.4201079913050486,-0.1370773636875026,-0.3066712150191229,0.0,-0.2217127734342647,-0.2478718084569988,0.0,1,0.13599602598339572
UCiuVtXvIjkOVvgCeFskN3HQ,-0.2848879458656756,0.8,0.0,0.3572350020032278,1.3124776191468186,1.3270500711091917,0.0,-0.2217127734342647,-0.2478718084569988,0.5,1,0.018199219812516987
UCiv0dWVTlRcWaQi6CXy3NIQ,-0.2564179736125219,-0.4,0.0,6.772564328114163,-0.3601065675580113,-0.3314640809035554,0.0,-0.2217127734342647,-0.2478718084569988,0.0,1,0.13983637166403978
UCivUqN1u3rYQOunpLBjMB9g,0.3250041327708929,0.0,0.0,-0.1139579581171426,-0.2657829859887105,-0.4091141288531126,0.0,-0.2217127734342647,-0.2478718084569988,0.0,1,0.1693992801860913
UCivvxYRLj4LpOV7Iyf_MnUQ,0.6066968265840099,-0.2,0.0,-0.185361190289709,-0.0243234965841994,-0.1386937791857292,0.0,-0.2217127734342647,-0.2478718084569988,0.0,1,0.16718887431749718
UCiwfRx4vjEzmj-KpPjVro5A,-0.1982140166313276,-0.4,0.0,1.805096557966519,-0.3406122201476679,-0.4780409288432936,0.0,-0.2217127734342647,-0.2478718084569988,0.0,1,0.15703486746367912
UCiyQfMPxUW5bFKiSw23z-Og,8.06221778972115,-0.4,0.0,-0.2532196053598164,0.9112639157252472,1.0951983185342644,0.0,-0.2217127734342647,-0.2478718084569988,0.0,1,0.07134577597183811
UCiyaRqXkEBInSxYBC7xD8SA,-0.1643755260704053,-0.2,0.0,0.0166604880245556,-0.3132071230635622,-0.2013082611986159,0.0,-0.2217127734342647,-0.2478718084569988,0.5,1,0.118321691953582
UCiyqmEhkxq58CKOQB8UHQDw,3.61963204625056,0.0,0.0,-0.2346545665133688,-0.161651689262653,-0.3401658000455801,0.0,-0.2217127734342647,-0.2478718084569988,0.0,1,0.14579987005849193
UCiysaxEwvLzT_ChJUu5JtXA,-0.27402224578793,-0.2,0.0,0.6415342621435404,-0.2270364569743635,-0.2924438873268841,0.0,-0.2217127734342647,-0.2478718084569988,0.5,1,0.10986882202531933
UCiz5UyNBR0g5kEZqp1Jde9g,3.947021578402542,-0.4,0.0,-0.2040013378184515,0.0882634228798846,0.5096129094021046,0.0,-0.2217127734342647,-0.2478718084569988,0.0,1,0.13130678346910973
UCj-MdOznJW2YvAoC3tiREvg,0.7763935647533221,5.8,0.0,-0.0499836174026034,0.1381293985019945,0.0496831039328765,0.0,-0.2217127734342647,-0.2478718084569988,0.0,1,0.044346841191376496
UCj-_y8gm7SC6xbdx0tCpueQ,5.819154773730855,0.8,0.0,7.730372451031907,-0.4412431202184519,-0.2684956755535433,0.0,1.6044277048521072,1.1971371189648596,0.0,-1,-0.02447011512868158
UCj-bPeU8TLn5XIjV4GrTuvA,-0.3176377455925231,-0.4,0.0,21.92995870267611,-0.1821146998983551,-0.2941922972991843,0.0,-0.2217127734342647,-0.2478718084569988,0.0,1,0.07748505663966915
UCj059NMJW0oSAYV15F8HYoQ,-0.2696816212936321,-0.4,0.0,0.8718586972760662,-0.4465597604212728,-0.507438348268589,0.0,-0.2217127734342647,-0.2478718084569988,0.0,1,0.16065941996704053
UCj0MesvcTO5Aa8BDpDcAy4Q,1.1149077818550113,0.2,0.0,1.756252607314445,-0.0347416713777706,-0.2488029120995178,0.0,-0.2217127734342647,-0.2478718084569988,0.0,1,0.14799330956296353
UCj0x143FVw5oDzuCXGqGf2A,0.2027065158534525,0.4,0.0,-0.1332988003115874,-0.4233925649481113,-0.4507310012193469,0.0,0.6913574657089212,0.7154674764909068,0.0,1,0.1046636886134783
UCj2BrnA3QpFHFMINKznvo0w,0.424151415746316,0.4,0.0,-0.1674062957164911,0.2636183739816199,0.1011123904036631,0.0,-0.2217127734342647,-0.2478718084569988,0.0,1,0.15267444071104452
UCj33bhIi4eENR1jHyOmcV6Q,-0.2442718897691514,2.4,0.0,1.229674344385426,-0.2520177717336135,-0.3381003247316135,0.0,3.430568183138479,4.087154973808577,0.0,-1,-0.03894119771134086
UCj6YdqoSgivhyZtWTAcinPQ,1.8123802157378508,-0.4,0.0,-0.2396974566796253,0.1314900193115153,-0.0004999179183796,0.0,-0.2217127734342647,-0.2478718084569988,0.0,1,0.14880969960459905
UCj8AAiVt_eEca5SFLRXwF_w,2.2755679727475373,-0.2,0.0,-0.2323548704379603,-0.5074442802318379,-0.573106351881788,0.0,-0.2217127734342647,-0.2478718084569988,0.0,1,0.13090520535073052
UCj94TDH5Crkdbm1bG7hZ-Xg,-0.091453034566201,1.6,0.0,0.3712503260856555,-0.266590205343176,-0.2758345854405544,0.0,-0.2217127734342647,-0.2478718084569988,0.0,1,0.1575238588037049
UCjAuMAsq-lKsIxYWJOtsmTw,-0.0464476865929125,-0.4,0.0,-0.0874522405596018,0.0585981116032752,-0.1792947258543775,0.0,-0.2217127734342647,-0.2478718084569988,0.25,1,0.15469913371652033
UCjBcaT1zOgi8sCfdyT_vhtg,-0.2954549629061508,0.2,0.0,7.727096088853963,-0.4240988818832686,-0.4429173983033231,0.0,-0.2217127734342647,-0.2478718084569988,0.0,1,0.12710209466767286
UCjBhTIeYEdQdoANkqedebsw,0.1780460189300935,-0.2,0.0,-0.1069566466692415,0.299169659717874,0.0194759663579956,0.0,-0.2217127734342647,-0.2478718084569988,0.25,1,0.14094296408068308
UCjCB2LTjWI-khZARtPtIsmQ,-0.1396081630662557,2.6,0.0,0.001877590521059,-0.3804484952905434,-0.4574021428367958,0.0,-0.2217127734342647,-0.2478718084569988,0.0,1,0.13143724095596893
UCjEX23AgXa0jgQfZV95Cb8w,-0.0189363278274245,0.0,0.0,11.496625917604955,-0.2058469489196425,-0.49121163505615,0.0,-0.2217127734342647,-0.2478718084569988,0.0,1,0.11984940593887017
UCjEfc48D_yhlc0ABH9qGHtQ,0.157827474868706,0.4,0.0,16.15070872713307,-0.3753630133574103,-0.1628866067613332,0.0,0.6913574657089212,0.7154674764909068,0.0,1,0.019381514761921348
UCjEktGVuoRsUb0Z4RS1Owrg,-0.2374026450054169,-0.4,0.0,0.1823675172258049,-0.145668746044235,-0.3602091227168792,0.0,-0.2217127734342647,-0.2478718084569988,0.25,1,0.155295824210474
UCjGoTlCIflDtlgVHT2ydhyQ,-0.1647245787323043,0.2,0.0,-0.0879396621001562,-0.3960227837107633,-0.4605093226671666,0.0,-0.2217127734342647,-0.2478718084569988,0.25,1,0.14430557664134175
UCjHLcSGNlAOwMjJ_WkqKC-Q,0.022440993288415,-0.4,0.0,0.0159184634191414,-0.4491025013878394,-0.5578080742420297,0.0,-0.2217127734342647,-0.2478718084569988,0.0,1,0.14971983547027884
UCjJ1A1BGUmckFbMfmMDwHCg,1.847426163405656,-0.2,0.0,-0.2395948807234559,1.575484361547234,2.45312195386786,0.0,-0.2217127734342647,-0.2478718084569988,0.0,1,0.044082256898073935
UCjMO0NeVo-xOUoeKx_ayHYw,-0.1265088794234067,-0.4,0.0,1.883866856072058,-0.0922711857463381,-0.0208073155617387,0.0,-0.2217127734342647,-0.2478718084569988,0.0,1,0.1590298337851308
UCjOy5Fe4MpcUfbOt4LQAuWA,0.0422707191947758,0.2,0.0,-0.0448362949660616,-0.3080863252836712,-0.4098928066921757,0.0,-0.2217127734342647,-0.2478718084569988,0.0,1,0.1657714321225794
UCjQ9hcb0r_vZmE5Q4hBn5bQ,0.2378109040681949,0.2,0.0,-0.1483903755447305,0.0812708852218266,0.5426488137501512,0.0,0.6913574657089212,1.6788067614388125,0.25,1,0.04149665030073485
UCjQo3FaH7HUs9QALmqWMVJQ,0.0250435501338793,0.0,0.0,-0.1075978365927851,-0.1283538908909486,0.1087834702499507,0.0,-0.2217127734342647,-0.2478718084569988,0.5,1,0.11836072366902362
UCjSAadOQPblpoqPEcAJ1RQg,-0.0870608032985996,-0.2,0.0,-0.1445559577277751,0.4467898991657635,0.886921267494039,0.0,-0.2217127734342647,-0.2478718084569988,0.25,1,0.12780445374942895
UCjSWI3RvpbsPLasLZGqxHMg,0.1161768028075143,0.4,0.0,14.672399734283395,-0.1361570113174491,-0.4859100452995043,0.0,-0.2217127734342647,-0.2478718084569988,0.0,1,0.09508391014107498
UCjSY3gh5Y2oloL0PYKY3OUw,0.8663084995012635,1.8,0.0,-0.1783164247388431,-0.4180068983175363,-0.4603823780788899,0.0,-0.2217127734342647,-0.2478718084569988,0.0,1,0.14448670543779496
UCjUgg0XV11kam2NKxCllcww,0.1599871829843542,0.2,0.0,6.8010323062207645,-0.1115536380761342,-0.3054485619205527,0.0,-0.2217127734342647,-0.2478718084569988,0.0,1,0.1352626688302287
UCjWKaxWZIGjakUwdfu61Prg,2.1110689085451484,-0.4,0.0,-0.2474120597112223,-0.1583824508770675,-0.3717031436681201,0.0,-0.2217127734342647,-0.2478718084569988,0.25,1,0.1325532459082362
UCjWi-wrYZjjjz3a8uBXBx5g,0.873740670166836,-0.4,0.0,-0.1806605234442921,0.2009916057310001,-0.0889910652872997,0.0,-0.2217127734342647,-0.2478718084569988,0.25,1,0.14014017303237897
UCjXJRWIhGo_OzCURcfpCCcg,1.3705866475019322,0.0,0.0,-0.2284325812111461,-0.2185606537524751,0.1035326185995003,0.0,-0.2217127734342647,-0.2478718084569988,0.0,1,0.16342281426091687
UCjYWBr1DZlZ_20U61guYS6A,-0.3402712038676763,-0.4,0.0,0.868950384234211,-0.0473494286703296,-0.2471919985238122,0.0,-0.2217127734342647,-0.2478718084569988,0.25,1,0.14841232679248545
UCjZSr26T86eJwOOnmKQCkXQ,-0.0895446948629843,0.0,0.0,-0.0355906196709025,-0.406239153665718,-0.4689870828433084,0.0,-0.2217127734342647,-0.2478718084569988,0.25,1,0.15142108139418414
UCjceiw8kyRms991vK9YT5Sw,0.1067532646138677,0.4,0.0,-0.2081709006679508,-0.1921914881732668,-0.3841759355308721,0.0,-0.2217127734342647,-0.2478718084569988,0.25,1,0.14942492092505866
UCjcivFlotjtvC0LbjkwZgqg,0.0046826077351963,-0.2,0.0,0.5919960429720295,-0.3096755383877753,-0.2169978443246143,0.0,-0.2217127734342647,-0.2478718084569988,0.25,1,0.15543182749343354
UCjdh2spLvoQPOovqY7w8ScQ,0.4347437648787096,-0.2,0.0,-0.127144572522266,-0.1415721078203222,-0.230377191264254,0.0,-0.2217127734342647,-0.2478718084569988,0.0,1,0.17276685608753095
UCjeXAsX0rvZb6gQdfWcr1Yw,-0.1461090258827768,0.2,0.0,-0.0504598643011963,-0.3382813742616486,-0.4310585354812319,0.0,-0.2217127734342647,-0.2478718084569988,0.25,1,0.15030665531078546
UCjfefRehiE0OMyIGKO154vg,1.584115681053186,-0.4,0.0,-0.2228892477895459,0.3688125095243902,0.6649502512637894,0.0,-0.2217127734342647,-0.2478718084569988,0.0,1,0.13117182616160278
UCjfjtrg5bzrZjtT8gU_Wr6w,0.2931432622389921,0.0,0.0,-0.2189535777112956,-0.1713383215162398,-0.4804398800042823,0.0,-0.2217127734342647,-0.2478718084569988,0.5,1,0.11601213555897344
UCjfse3v6f1_XW5-AxGbx7VA,1.674822210009668,0.0,0.0,-0.2431516004805653,-0.3796009149683546,-0.4327482611832332,0.0,-0.2217127734342647,-0.2478718084569988,0.25,1,0.13855966525674307
UCjghC8Cn7RwmSyCd52a0z_g,0.5807951749803325,-0.4,0.0,-0.182789731443788,-0.282129177916638,-0.460986714545521,0.0,-0.2217127734342647,-0.2478718084569988,0.25,1,0.1488837582462964
UCjhNjPX-qUlgyMRh70mNl4A,-0.2706996179177019,0.0,0.0,0.4006234130253292,-0.2803129343690905,-0.2867232020950169,0.0,-0.2217127734342647,-0.2478718084569988,0.25,1,0.15854419637624656
UCjhXVtJNIiSdWUHNWmFyXmQ,-0.2782667261566212,-0.4,0.0,0.7947115647959985,-0.1795719589317885,-0.1188501619883443,0.0,-0.2217127734342647,-0.2478718084569988,0.0,1,0.16931429806513315
UCjk4noCTWuz1mf6CEk97mjA,0.4618299301047502,0.8,0.0,-0.0672930855620311,0.5188342265518148,0.6994579771374922,0.0,-0.2217127734342647,-0.2478718084569988,0.0,1,0.1282416894302011
UCjkZTO73RyYlSE9z93P_jqQ,0.8060474293766905,-0.2,0.0,-0.2321128644531702,-0.1288584029874896,-0.2357233732670599,0.0,-0.2217127734342647,-0.2478718084569988,0.0,1,0.16939165090709857
UCjkcdH5KBzWzkc8f06L_gpQ,0.1289149568609218,-0.4,0.0,-0.1339029537918799,-0.4414742784881398,-0.5664247391155691,0.0,-0.2217127734342647,-0.2478718084569988,0.0,1,0.14784486057838264
UCjkjwyI_5S_RzhhRDgbQGHw,3.366213501728884,-0.2,0.0,-0.2443215730770946,0.3083517798749198,0.1773678473395484,0.0,-0.2217127734342647,-0.2478718084569988,0.25,1,0.11594732300467558
UCjlQQkv7hcGlRLZ4LLwRjiA,0.5982283671675288,-0.4,0.0,-0.1340976277959793,-0.3329839972479684,-0.6003272946293761,0.0,-0.2217127734342647,-0.2478718084569988,0.0,1,0.1418724791515118
UCjleVoEecWRYNq9_wZg86FA,1.953979304493368,-0.4,0.0,-0.234820256337577,-0.1549921295883122,0.1365199848347131,0.0,-0.2217127734342647,-0.2478718084569988,0.25,1,0.13758492266904504
UCjolqPx3szlQSsrpvfwBtDw,0.2131669024605037,-0.2,0.0,-0.0675892150159315,-0.1274457691171749,-0.3965689089666847,0.0,-0.2217127734342647,-0.2478718084569988,0.0,1,0.16813108501771612
UCjpEy0Dmyhr3DFVSnS5Prvg,5.409375142763096,-0.2,0.0,-0.2469944179365925,-0.0144350594919964,-0.0432454922676571,0.0,-0.2217127734342647,-0.2478718084569988,0.0,1,0.13907078088078723
UCjqkDbo69GLct65EguloWmg,-0.1953827135206332,0.6,0.0,0.388140474422316,-0.3918908296400927,-0.451174065756288,0.0,-0.2217127734342647,-0.2478718084569988,0.75,1,0.04887983603052598
UCjrUYr9gm1phmweLHajznmg,0.5827166436082644,-0.4,0.0,-0.223068723000929,-0.150754227977368,-0.069461585134796,0.0,-0.2217127734342647,-0.2478718084569988,0.25,1,0.15491204042311857
UCjs9VVfbkxAuZarl9L3tnJg,2.1634817978262024,0.0,0.0,-0.2294589818566308,-0.4213745165619473,-0.3942148720768912,0.0,-0.2217127734342647,-0.2478718084569988,0.0,1,0.15335756588838417
UCjs9tWymZkShBa-wm8wNRng,0.9461509821195554,0.2,0.0,-0.202820417669817,-0.4240988818832686,-0.5264229574318613,0.0,0.6913574657089212,1.6788067614388125,0.25,1,0.03568419935740291
UCjuLUktoKq4UAJ7aIKk8_Uw,-0.3032562296488452,0.8,0.0,2.528090126504852,0.2803559449905005,0.9868090800661882,0.0,-0.2217127734342647,-0.2478718084569988,0.0,1,0.10644787712180226
UCjv9NXGWHTqmr_q86MinVYw,0.4394505853808326,-0.4,0.0,-0.1883647501204101,0.5137487446186818,-0.1521635571600684,0.0,-0.2217127734342647,-0.2478718084569988,0.0,1,0.14417294285331506
UCjvxfiAlNBQ5our6GAgJA6w,23.052370778643457,-0.4,0.0,3.946355233010721,0.0077432922719448,0.1161664301848894,0.0,-0.2217127734342647,-0.2478718084569988,0.0,1,0.01833234830730862
UCjxZPjWr_m8Chym7FLePWVw,-0.0268936681055706,-0.4,0.0,-0.0629222174573714,-0.2465308043847068,-0.3986359766211625,0.0,-0.2217127734342647,-0.2478718084569988,0.25,1,0.15433452358658173
UCjx_fi1Nl8jOR2x__rxs1rQ,-0.1215885624070691,-0.4,0.0,-0.0056654192036421,0.7705655822418999,0.1444338878828643,0.0,-0.2217127734342647,-0.2478718084569988,0.0,1,0.1475810091818367
UCjykmzIHE0lu2O1GfLzAIRA,-0.2421787458333446,0.6,0.0,0.3918980711554731,-0.2859432893664879,-0.2708207048108894,0.0,-0.2217127734342647,-0.2478718084569988,0.25,1,0.1508250331001223
UCk-On1dS4fBBe-4BD1x5y-Q,0.1225502323796968,2.0,0.0,-0.0635070898428017,0.1568675713111694,1.8077784197254867,0.0,4.343638422281664,3.605485331334624,0.5,-1,-0.11509646980915278
UCk0--G61CAiyFY63Bpbpguw,2.5133684494197563,-0.4,0.0,-0.23793928953179,-0.1236316576673251,-0.130084197611101,0.0,-0.2217127734342647,-0.2478718084569988,0.0,1,0.15347466845134855
UCk0KvwbSJlgbgfnEjvJg_mA,-0.1522797467385753,0.4,0.0,6.395849052846661,0.5051787658054391,0.7124576116893668,0.0,-0.2217127734342647,-0.2478718084569988,0.0,1,0.1055183356009135
UCk0jMxuiWu9_G1Pi4Gbnz_g,-0.1397094325220876,0.2,0.0,0.1251268664685675,-0.4013201607244435,-0.416380188426138,0.0,-0.2217127734342647,-0.2478718084569988,0.0,1,0.16287356717150303
UCk1NaZKiquS5xXfSTxXcY7w,0.0359400526888413,-0.2,0.0,-0.0733154468721529,-0.3075565875823032,-0.2145020788009797,0.0,-0.2217127734342647,-0.2478718084569988,0.25,1,0.15970450101795586
UCk3l23AyVR5itMh2b6nzMWQ,0.5710317836739571,2.4,0.0,-0.2065961731060341,0.0923674960189042,-0.0333135895303151,0.0,-0.2217127734342647,-0.2478718084569988,0.0,1,0.12320585082313568
UCk494q-qX-TKV2d6flmSN-Q,-0.2683030841985375,-0.2,0.0,5.865777619824909,1.3960798600172633,1.0407007597183418,0.0,-0.2217127734342647,-0.2478718084569988,0.0,1,0.06582269929970191
UCk9mjDpONHDr_saq2o4lI_Q,-0.0068603428743958,-0.4,0.0,-0.111269659100356,0.0340182822597988,0.2374876912074518,0.0,-0.2217127734342647,-0.2478718084569988,0.5,1,0.106970861828739
UCk9w6Az3DAEq80GHNKzvNfA,-0.2933288345402549,-0.2,0.0,0.4863892995864581,-0.17971322231882,-0.129009002836595,0.0,-0.2217127734342647,-0.2478718084569988,0.0,1,0.17200647323570406
UCkBwdtUkXHm6FlKh2TZk5kQ,0.0703165261879005,-0.4,0.0,0.01221099176692,-0.3423073807920456,-0.3016887871742573,0.0,-0.2217127734342647,-0.2478718084569988,0.0,1,0.1724430310127223
UCkCI-MARNzJvEMYcmXsy7KQ,5.947241435453508,-0.2,0.0,-0.2468811578201958,0.393816129028961,0.4248377344890971,0.0,-0.2217127734342647,-0.2478718084569988,0.0,1,0.11644907786304548
UCkCkluKH2zTTmg-n4FwHnKA,-0.330954221128746,0.8,0.0,1.951260381125122,-0.4031020057199542,-0.4820266292294383,0.0,-0.2217127734342647,-0.2478718084569988,0.0,1,0.1483844767250444
UCkDEWPlMF2jQz_n4knt2TWg,0.2813854012309852,-0.4,0.0,-0.1190200861725004,0.2696456118282961,0.3647879479090433,0.0,-0.2217127734342647,-0.2478718084569988,0.0,1,0.15334132073280543
UCkDX8gA2pEhTeLVArcHCPww,-0.2019272805076966,0.0,0.0,-0.0233822205432484,-0.4516452423544059,-0.5133248015271475,0.0,-0.2217127734342647,-0.2478718084569988,0.0,1,0.1622609729558906
UCkHDQT12msOhfi_9VWJoNig,-0.1665246300545528,-0.4,0.0,-0.078151868368936,-0.2906049811385264,-0.3139825184120295,0.0,-0.2217127734342647,-0.2478718084569988,0.0,1,0.17147069066545606
UCkI4HlJkgnwT3UtoHiKtRlw,0.9898813600154064,-0.4,0.0,-0.2116866019750551,-0.4135041278559081,-0.5033809033415709,0.0,-0.2217127734342647,-0.2478718084569988,0.0,1,0.1571195319170794
UCkIDKzpvyTGXQThHrbA1iEA,-0.2702815121613875,0.0,0.0,0.6769773339813584,-0.3832334020634496,-0.4992212043729405,0.0,-0.2217127734342647,-0.2478718084569988,0.25,1,0.1393971738237444
UCkIl3oIejXL4Pp0SOnmGl4A,-0.326540974400534,1.2,0.0,6.290559310284664,-0.3544994977343005,-0.2767873494530509,0.0,3.430568183138479,4.087154973808577,0.0,-1,-0.04320759510567096
UCkIwJuXJShmoyk7-yJbVkDA,-0.1049287648773258,-0.2,0.0,0.1595176352491199,-0.2729470577595923,-0.3063037383467958,0.0,-0.2217127734342647,-0.2478718084569988,0.5,1,0.11759299134049533
UCkJMggkJtlOjIbS70Ns2gcg,-0.2740366919960614,3.2,0.0,1.1357608858021693,0.05948254324382,-0.1601354966399622,0.0,-0.2217127734342647,-0.2478718084569988,0.0,1,0.11775622334129532
UCkOD_-bbJv5hH2sjcyAe0vA,-0.2753442275150207,0.6,0.0,0.6343262956736062,-0.1863526015092993,-0.1864638634842043,0.0,-0.2217127734342647,-0.2478718084569988,0.5,1,0.10500456352580329
UCkOWC6MhgoIoKNwNxN1hdaw,-0.0205142225947327,-0.4,0.0,4.906862733581727,-0.3151848104820028,-0.2005970991829399,0.0,-0.2217127734342647,-0.2478718084569988,0.0,1,0.14638615069852456
UCkOhwGzBUreod_YXiTHPqTQ,-0.2188029983531405,-0.2,0.0,0.2687319031996722,-0.417035712531695,-0.4943598370484556,0.0,-0.2217127734342647,-0.2478718084569988,0.0,1,0.16518838842322087
UCkPMdqL9qNwVJxV__jfCjXA,0.0889501060609792,-0.4,0.0,-0.1470403954655361,-0.0397212057706301,0.4679189384601386,0.0,-0.2217127734342647,-0.2478718084569988,0.25,1,0.14002187997104293
UCkPTgjdBYAa1QCbsSSeH70Q,-0.0975914128209222,0.6,0.0,0.1283280786970498,-0.4046045344729253,-0.4792691262470652,0.0,-0.2217127734342647,-0.2478718084569988,0.0,1,0.1622873326374829
UCkPqAlzd2MXyQSTJ8ZIUsNA,0.3828330064721471,0.2,0.0,-0.2085283589913289,-0.0744719989803725,-0.0614062193391419,0.0,-0.2217127734342647,-0.2478718084569988,0.5,1,0.11021436402405238
UCkTJy_XeHkGYaOsPb5wGYhA,6.653377621507967,-0.2,0.0,-0.2522782108124339,0.0540776832182681,-0.1893842313682894,0.0,-0.2217127734342647,-0.2478718084569988,0.0,1,0.13284885797927887
UCkUQc4FSIR3gSgQRlWg52aA,0.3799062661779464,-0.4,0.0,-0.1939378206617322,-0.4524928226765947,-0.4940151653812363,0.0,-0.2217127734342647,-0.2478718084569988,0.25,1,0.14530247429961574
UCkUayHA5A1DZE3sAaSEA_wg,0.1068027505608711,0.4,0.0,-0.143962255163523,0.4034691271427784,0.2946387785136149,0.0,-0.2217127734342647,-0.2478718084569988,0.25,1,0.1327540479856037
UCkWW21VdIMtMow0IFgCCnjA,-0.0899658303711561,0.0,0.0,-0.0733535836772103,-0.1598354457151055,-0.1504107844380765,0.0,-0.2217127734342647,-0.2478718084569988,0.0,1,0.17222589726347776
UCkXBEj7jj0LQeIJ3OfKy__w,0.0735493724114224,-0.2,0.0,-0.0526316859907938,-0.3414598004698568,-0.3719563991700556,0.0,-0.2217127734342647,-0.2478718084569988,0.25,1,0.15619895401855088
UCk_Rn4ZsfAyoi_akYuMcwqQ,2.3887835718334736,0.4,0.0,-0.2365187356303168,-0.2006672913951551,-0.2584914441892819,0.0,-0.2217127734342647,-0.2478718084569988,0.0,1,0.15212327666137077
UCkaBZWBqlFsaQkxNeA3WQdg,14.800901584235396,-0.4,0.0,-0.255329298940706,0.1611553305881247,0.1783713066104508,0.0,-0.2217127734342647,-0.2478718084569988,0.0,1,0.07566311812007376
UCkaN-UKt9rx6_bLhn7sI1lA,0.4348780838777187,-0.2,0.0,-0.2170704363642323,-0.3209766093502931,-0.4106624067557495,0.0,-0.2217127734342647,-0.2478718084569988,0.25,1,0.15326646198666477
UCkahSaPKLq7OrAsuEV8_Q8Q,-0.2845254773707416,0.8,0.0,0.8964615376808278,-0.2690302093009923,-0.3327145309012236,0.0,-0.2217127734342647,-0.2478718084569988,0.0,1,0.1607314491216016
UCkcsayEv3-RIerhtwALy9lA,2.772851547242564,-0.4,0.0,-0.2470762947619167,-0.3304412562814019,-0.4446454988694592,0.0,-0.2217127734342647,-0.2478718084569988,0.0,1,0.1433342982775112
UCkeBEGzRN2iHFY-9mVHKzBQ,0.5718198380781164,1.2,0.0,-0.0773520883445614,1.915059811142121,2.088530723197147,0.0,-0.2217127734342647,-0.2478718084569988,0.25,1,0.006239597483851389
UCkf23FPHN1C9iFK3oJtEAbw,0.3378078641200573,-0.4,0.0,-0.2079756069800827,0.6154583832813425,0.6450069012498195,0.0,-0.2217127734342647,-0.2478718084569988,0.0,1,0.13847963055484347
UCkgRHjhSrknRHnKbB3mcVLg,0.0187083390001588,0.8,0.0,0.5585127416752168,-0.2659480990384875,-0.0940083151116379,0.0,0.6913574657089212,0.7154674764909068,0.0,1,0.11716961346007587
UCkjIJM-dkwih10jLn_RnVwg,9.771696195070106,1.4,0.0,-0.2531252275909452,0.2684953242481827,0.4843497711951041,0.0,-0.2217127734342647,-0.2478718084569988,0.0,1,0.07139101000054032
UCklTh6Aw3xE7l_VKrALrAeQ,1.2012365466090107,0.6,0.0,-0.2194866572950318,-0.2257650864910803,-0.238449360523282,0.0,-0.2217127734342647,-0.2478718084569988,0.0,1,0.1601794610327587
UCkmQ3Ur80WWmOWAg-hHluvg,0.6642550883580054,0.8,0.0,-0.1075978259323356,1.940072321349373,3.0742792619885586,0.0,1.6044277048521072,2.160476403912765,0.5,-1,-0.11813438424512712
UCko0zGTAesGtFjqY6a0BuDQ,-0.0832487110427853,2.4,0.0,0.0958355154977968,-0.4155115549347764,-0.4943793304207321,0.0,6.169778900568036,3.605485331334624,0.0,-1,-0.05958490060415167
UCkogT1RffUMQNDnQP38F1Lg,0.2274294593289824,-0.2,0.0,-0.1647234865584017,-0.1846574408649215,-0.3603338097790554,0.0,-0.2217127734342647,-0.2478718084569988,0.25,1,0.1571098432968867
UCkqDXVEX5jwE9IYMJnGFDpw,2.4482739277893897,0.2,0.0,-0.2248919663792243,-0.0781801628899486,0.0828873902712289,0.0,-0.2217127734342647,-0.2478718084569988,0.0,1,0.14922350851422994
UCkrpw73M5b6J4L7A4TuPMUA,-0.2795434635893088,-0.4,0.0,1.4644377526115548,-0.3558686659470671,-0.3639276952061735,0.0,-0.2217127734342647,-0.2478718084569988,0.0,1,0.16571254771961108
UCkrtjKBqVkSAIxpiG4CcS1Q,2.6630500072051286,-0.2,0.0,-0.2345801570539515,-0.2355122601962519,-0.3021635757909457,0.0,-0.2217127734342647,-0.2478718084569988,0.25,1,0.12903823204241444
UCkrw1UpqW3XgEsXeQdkwx4Q,18.439026402641463,-0.4,0.0,-0.2554917288332572,-0.2126275914971532,-0.2237782309936176,0.0,-0.2217127734342647,-0.2478718084569988,0.0,1,0.07752672621381718
UCkssM2t66HU5QMfw2QQYPVA,0.2270855824931731,0.0,0.0,-0.1733365272220184,0.2724305186012023,0.6622480629382956,0.0,-0.2217127734342647,-0.2478718084569988,0.25,1,0.13123007194253644
UCktIXNS8Wg3JI2Y1SSupAag,-0.1973911360268711,-0.4,0.0,0.8716361840666131,0.6832648090564496,0.3838185168478953,0.0,-0.2217127734342647,-0.2478718084569988,0.0,1,0.13800955180900076
UCktbJLFe6xOeQD743MqiQVg,3.0250177943298686,-0.4,0.0,-0.241486210000982,-0.1253268183117028,-0.0124725040600211,0.0,-0.2217127734342647,-0.2478718084569988,0.0,1,0.14751644150473264
UCku7OV38sYh0pTOUchQUFRg,-0.3156976608226233,2.2,0.0,2.9097053737942176,-0.1815967341459063,-0.1294406030703827,0.0,-0.2217127734342647,-0.2478718084569988,0.0,1,0.13458304391394588
UCkupizo-TRdbCQ3R0GcOYgg,19.305905669520754,-0.4,0.0,-0.2228486632059407,-0.060910713825351,0.3008492134958545,0.0,-0.2217127734342647,-0.2478718084569988,0.0,1,0.057024813680180364
UCkwBfSceDx2FgZGMKmL3K7g,-0.2612916324502563,0.6,0.0,0.831844754671956,-0.2511924961567455,-0.2278221356075793,0.0,-0.2217127734342647,-0.2478718084569988,0.0,1,0.16329607524690065
UCkxR3BZtn69zgM7tJHXNjsw,-0.1696926143403952,0.2,0.0,0.0088071601440677,-0.1258565560130708,-0.0647124151215526,0.0,0.6913574657089212,0.7154674764909068,0.5,1,0.06452751028891529
UCkyCr9IxUtvHq4SVw6KCXmA,-0.1918241597913799,3.0,0.0,2.902988804373872,-0.366887210135522,-0.3522242930017604,0.0,-0.2217127734342647,-0.2478718084569988,0.0,1,0.1114276076149609
UCkyhVOFNrzL5PRTcMcR8lEw,2.87072485322588,-0.2,0.0,10.224367032351015,-0.2185606537524751,-0.2871743893555612,0.0,-0.2217127734342647,-0.2478718084569988,0.0,1,0.09685486367763574
UCkzMzmiFqrPI1hCvT2UsygQ,0.0518568540714337,-0.2,0.0,-0.1328843085363017,-0.2277427739095209,-0.4739536104367124,0.0,-0.2217127734342647,-0.2478718084569988,0.5,1,0.1177958485418113
UCl-e_h_XG7BvbkvgtyZFF-g,-0.2455395485769753,-0.2,0.0,0.1643521994625297,0.2179432121747769,-0.3396411119107002,0.0,-0.2217127734342647,-0.2478718084569988,0.0,1,0.15267742972154102
UCl-x-UQb4sA23HerFki0lIA,0.8634440584796295,-0.2,0.0,19.329266489623805,-0.3548798222378467,-0.4688157303140831,0.0,-0.2217127734342647,-0.2478718084569988,0.0,1,0.06970765528283629
UCl0Qy6k6L_XW98-09OzOr4w,0.2522537311721861,-0.4,0.0,-0.1449146154237299,0.4637415056095402,-0.6003272946293761,0.0,-0.2217127734342647,-0.2478718084569988,0.25,1,0.1131894553060312
UCl1k0lAQa2hdnJcJt96X5OA,0.4216618013173118,2.2,0.0,-0.1146937368310209,0.2280670882453658,0.377090567556425,0.0,-0.2217127734342647,-0.2478718084569988,0.0,1,0.12673808309339163
UCl5-icX5jgKt6XXFPgUO3_A,2.048098747925428,0.4,0.0,-0.2420318496280033,-0.2355122601962519,-0.2503114569813386,0.0,-0.2217127734342647,-0.2478718084569988,0.0,1,0.15709536759452114
UCl6KZGd4CSEuPtW90OZqXjA,-0.280158503216351,-0.4,0.0,1.1590633468471256,-0.2372074208406296,-0.4567825640754329,0.0,-0.2217127734342647,-0.2478718084569988,0.0,1,0.16891130648202773
UCl6lGvaZBXfNMjct9NFoBCw,-0.1976795684036909,-0.2,0.0,0.5353019292186615,-0.2729470577595923,-0.2815557065678241,0.0,-0.2217127734342647,-0.2478718084569988,0.0,1,0.17336381553944552
UCl7L7kKRc-WNIRASQ0sqYXA,-0.3406487109491022,0.6,0.0,2.8221376633394057,-0.219408234074664,-0.4268378496394223,0.0,0.6913574657089212,0.7154674764909068,0.0,1,0.08872757589133268
UCl9zOE9zwurOPaBu73J2v2w,0.4298870726513762,-0.2,0.0,3.8050172883096662,-0.1599363481344138,0.1762457569027065,0.0,-0.2217127734342647,-0.2478718084569988,0.0,1,0.1478506645347773
UClBD-JLk1lDV9MJ3GGsv0PA,-0.278030607495205,-0.2,0.0,0.8559203341117182,-0.4587084117059796,-0.5337497060781673,0.0,-0.2217127734342647,-0.2478718084569988,0.0,1,0.15668125246979497
UClDAWDnZiMFQLGpqOKVM9vQ,-0.2680893701636766,1.2,0.0,0.5438005034372857,-0.3978564911385757,-0.3532976701403431,0.0,0.6913574657089212,0.7154674764909068,0.0,1,0.09721396467000215
UClDCUXwK7Buil24NVQBiLyA,-0.3401624633191962,0.8,0.0,7.906689603704792,-0.4685968487981826,-0.4131795924443893,0.0,-0.2217127734342647,-0.2478718084569988,0.0,1,0.11569689800885158
UClEQyizJ34gh3y6JwYVpe-g,0.0012666635077618,-0.4,0.0,0.0279807624960525,-0.1431260050776684,-0.2819607664871487,0.0,-0.2217127734342647,-0.2478718084569988,0.0,1,0.17272017321396305
UClEpO34n3EE-LDkgYoPERcw,0.1648968958691911,-0.2,0.0,-0.1635151137560183,-0.1479289602367385,-0.0847794694439044,0.0,-0.2217127734342647,-0.2478718084569988,0.0,1,0.172335222127113
UClHCpBmS-LG9oGv7of7QFzw,0.6909012050794314,0.0,0.0,-0.0402011890937126,-0.3693088681989186,-0.4993905141600401,0.0,-0.2217127734342647,-0.2478718084569988,0.0,1,0.16193609781080193
UClIDSvoYszj4FXUSoqjeyew,14.11343998069582,-0.4,0.0,-0.2559050535149486,-0.2583969288953506,-0.4040512285185212,0.0,-0.2217127734342647,-0.2478718084569988,0.0,1,0.0881015435660169
UClIqFqXpzAes_2DGXrSwhZw,0.2172388889567831,-0.4,0.0,-0.1804015882676742,-0.4109613868893416,-0.4938088977172061,0.0,-0.2217127734342647,-0.2478718084569988,0.0,1,0.1640538709030802
UClIu8lclAdZv7fERfPyfLpQ,7.178554303502509,-0.4,0.0,-0.2553618584621334,-0.208389689886209,-0.2000184448757148,0.0,-0.2217127734342647,-0.2478718084569988,0.25,1,0.10544726784326214
UClJsofC2pBYKPQEz2jVUqtw,3.511285090079839,1.4,0.0,-0.2246640255681316,-0.4434721463904421,-0.4426272133457933,0.0,0.6913574657089212,0.7154674764909068,0.0,1,0.052259238818030906
UClMDD5NoF-T1HPigkWo_yIQ,1.8455881139455297,0.2,0.0,-0.2313259850009317,-0.1454568509636878,0.0669234303974623,0.0,-0.2217127734342647,-0.2478718084569988,0.25,1,0.14212972413547625
UClMEsbqsItjAMNkX7a2MAQw,0.5930445963952397,0.4,0.0,9.015598854972504,-0.2778912763056939,-0.3533432414473214,0.0,-0.2217127734342647,-0.2478718084569988,0.0,1,0.12062915316404599
UClMi0VipeA_4gbOmKrG84Xw,-0.3267881603624131,4.4,0.0,1.8122736501289425,-0.1180200913962818,-0.0674947825873292,0.0,-0.2217127734342647,-0.2478718084569988,0.0,1,0.08623501964189717
UClNAQ6O61tB_vA4TrdhEV3Q,-0.2023029697380081,-0.4,0.0,-0.113987415366939,-0.440626698165951,-0.4951284120715594,0.0,-0.2217127734342647,-0.2478718084569988,0.25,1,0.14351471033524604
UClOTL6fi7TkC1NSyN43rRvA,0.4788682629953377,-0.4,0.0,-0.2074455475869024,-0.2761961156613162,-0.3904423018298444,0.0,-0.2217127734342647,-0.2478718084569988,0.0,1,0.16723097159213812
UClOgf1JvURsOaeBiucembgg,-0.3097016135773784,-0.4,0.0,0.7569691052525803,0.2026867663753778,-0.0383548681670681,0.0,-0.2217127734342647,-0.2478718084569988,0.0,1,0.15508819849278038
UClPwtiqhbxYFxMNubLYwnXw,-0.2282752783442115,2.4,0.0,1.0195976332811236,-0.109490449133964,-0.0721356916132515,0.0,0.6913574657089212,0.7154674764909068,0.0,1,0.08901879479103952
UClR510WLgZ7nPOtJjgrdnxw,-0.091799762476194,1.2,0.0,-0.0291469487547235,0.0569029509588975,-0.098709427547436,0.0,0.6913574657089212,0.7154674764909068,0.25,1,0.09200717507329137
UClSK4MuffFnYMJxExhMNw5g,-0.3035971685434595,-0.2,0.0,1.6115866000373962,-0.2778912763056939,-0.1671382105749566,0.0,-0.2217127734342647,-0.2478718084569988,0.0,1,0.16772424739049258
UClSxkyXrixsj2NI1CPKHXIw,-0.0398070259761067,1.0,0.0,-0.070526620335658,-0.4127978109207508,-0.4719620427170559,0.0,-0.2217127734342647,-0.2478718084569988,0.25,1,0.13869451672141597
UClUlb1-r2J1a3EEtYqW-7tQ,23.00830424977904,-0.4,0.0,-0.256709240770705,0.5323955117068362,1.769247549000711,0.0,-0.2217127734342647,-0.2478718084569988,0.0,-1,-0.028681614170049663
UClVMURIvK9VoR2Fg3LEq11w,-0.1967852866471295,-0.2,0.0,0.198709451125661,0.4630351886743829,0.2121994009917543,0.0,-0.2217127734342647,-0.2478718084569988,0.0,1,0.14903441454054578
UClVRaMwIzPktDPpGSsyJuLA,-0.1345486289520727,0.0,0.0,0.1156608681256291,-0.3759684278732595,-0.4210717226704858,0.0,-0.2217127734342647,-0.2478718084569988,0.0,1,0.16617907326096787
UClWJ8lKwK0fKRlWkB-V1pgA,3.898131760325012,0.2,0.0,-0.2250539506699762,0.0129347217453515,0.2337973091979933,0.0,-0.2217127734342647,-0.2478718084569988,0.0,1,0.1330790480762291
UClXyckDK7lhTLKp5YzG2pLQ,12.362254381581575,0.4,0.0,-0.2531910423185802,0.4491442889496213,0.7783401239161422,0.0,-0.2217127734342647,-0.2478718084569988,0.0,1,0.0520283599205833
UClYVNsTKWVWj_FN0w37Xmzw,0.933282868543422,1.0,0.0,-0.1937172886239076,-0.2499917573669779,-0.2949540008784437,0.0,-0.2217127734342647,-0.2478718084569988,0.25,1,0.1381401472402793
UClYg88ERWwA9H5XihP5HdQA,-0.0794647104335783,-0.4,0.0,8.852781293510391,-0.1473639066886126,0.2131844249967945,0.0,-0.2217127734342647,-0.2478718084569988,0.0,1,0.1187109215748613
UClZBEDu_6X3rNYepOb_HtBA,-0.3367826374063278,0.8,0.0,3.5608732276236035,-0.1511394917601811,-0.3419561315790842,0.0,0.6913574657089212,0.7154674764909068,0.0,1,0.089117501454757
UClZy7ZxTf5Nd-Hn2zLw7YZA,0.0043673115585746,-0.4,0.0,-0.1486645078343685,-0.2355122601962519,-0.2663720649162078,0.0,-0.2217127734342647,-0.2478718084569988,0.5,1,0.12293514570768177
UCl_CrB-1OM1JGMVNnJV3ziA,0.940071633530188,-0.4,0.0,-0.2346215943966932,-0.103289729934793,-0.1141894929447448,0.0,-0.2217127734342647,-0.2478718084569988,0.0,1,0.16365045449814358
UCl_fy0HUvG17kudGBz5aPYQ,0.5725170597242893,0.2,0.0,2.680617814712987,0.285749637949884,-0.0229283302406127,0.0,-0.2217127734342647,-0.2478718084569988,0.0,1,0.12886371544914604
UClb-Z04EF_w4U6_LtHBTqbw,3.1329933029228787,-0.4,0.0,-0.2362369970951909,29.569649769574276,11.88301371818885,0.0,-0.2217127734342647,-0.2478718084569988,0.0,-1,-0.18463486351917902
UClb8OyOGdG6MIpKWl9HTr8A,-0.3126400184162301,2.6,0.0,1.1182034418574989,-0.0965090873572823,-0.067111161724493,0.0,-0.2217127734342647,-0.2478718084569988,0.0,1,0.13117038338231324
UCldYeOazRwLxnzrzTp8hD4w,-0.0825096110502158,0.0,0.0,0.0340897538437918,-0.122299745732457,-0.0019564128891308,0.0,-0.2217127734342647,-0.2478718084569988,0.0,1,0.17059849576440578
UCleOqSXIaCwtZxKAmlB-2uA,0.8923473862401129,-0.2,0.0,-0.1764154993658294,-0.4876674060474315,-0.5522571450234806,0.0,0.6913574657089212,0.7154674764909068,0.5,1,0.02520925588402473
UClexjBX2QLRyuXdeegbHCqw,0.3347161706691784,0.4,0.0,0.0648284131718696,-0.3833679386225271,-0.3679665292533289,0.0,-0.2217127734342647,-0.2478718084569988,0.0,1,0.1644226274304622
UClfdB_HN0o7pNWM0qGesovA,-0.3240638492819641,-0.4,0.0,0.8042707665449393,-0.2575493485731617,-0.3327362234438897,0.0,-0.2217127734342647,-0.2478718084569988,0.25,1,0.15254922848769337
UCliFWkvpHyMtCtjkCwLRoug,-0.1756547872766794,0.6,0.0,23.42579245294967,0.8527808734942175,-0.4968732234891687,0.0,1.6044277048521072,1.1971371189648596,0.0,-1,-0.05062467274643223
UClia3YcynxGt_oRUSso9_kw,-0.2439692534372425,0.2,0.0,0.7506888225002055,-0.3965525214121314,-0.3977207732311282,0.0,-0.2217127734342647,-0.2478718084569988,0.0,1,0.1612013039648167
UCljUDyeC1ws6Ym5tu1b_trQ,0.8873563750137704,-0.4,0.0,-0.1961718700198769,-0.3855339772236765,-0.437380825725325,0.0,-0.2217127734342647,-0.2478718084569988,0.0,1,0.1636168250728841
UClmr_Z4k_YeAk4-V7vfMFDA,0.0232645808349715,-0.2,0.0,-0.1493316431467235,-0.1154383812194997,-0.2668883249023702,0.0,-0.2217127734342647,-0.2478718084569988,0.0,1,0.17356077605255638
UClnQYcSAl1NzvB5_ZFzo_Cw,0.5325336516942204,-0.4,0.0,-0.2204400265706067,1.4215072696829285,1.2217105664335222,0.0,-0.2217127734342647,-0.2478718084569988,0.25,1,0.07975322058222084
UClpAhg6zLZAg9HZjLNJgnDA,-0.265295045562831,-0.2,0.0,0.3113238259144019,-0.4050283246340197,-0.5359025268878728,0.0,-0.2217127734342647,-0.2478718084569988,0.25,1,0.14131987182122613
UClr0ToN5VOpeUDOuZtcyzRw,26.312760118945143,1.2,0.0,-0.255297558046168,0.3760495415061566,0.8514477818530525,0.0,-0.2217127734342647,-0.2478718084569988,0.0,-1,-0.037660948084331514
UClrDIOnuNoqhz0EwNHNNTGQ,0.8693246385151996,0.4,0.0,-0.166572271938902,-0.3518191155188315,-0.0783495015557176,0.0,-0.2217127734342647,-0.2478718084569988,0.25,1,0.14594825782861848
UCls6_y3uRnFuD_Lm1yJOmxg,-0.2269522734114497,0.2,0.0,0.3455946795699932,-0.2498151781331886,-0.329912360002748,0.0,-0.2217127734342647,-0.2478718084569988,0.25,1,0.15538712982189012
UClvHBK_SS9vTYLWQ1oxXrGg,1.7915398196982752,0.8,0.0,-0.20730068788229,-0.0270845536943601,0.0927361887574893,0.0,-0.2217127734342647,-0.2478718084569988,0.0,1,0.15150937963761463
UClvI_lnimSAyTjnRO2tJK3Q,-0.0427814848620609,0.4,0.0,0.6892422164342314,-0.1126131134788702,-0.2613164544614793,0.0,-0.2217127734342647,-0.2478718084569988,0.25,1,0.15095373185610617
UClx0VDc7fL_1-E7vl3VFugg,-0.0978408546219163,1.2,0.0,0.0478108965451215,1.0958408305034475,0.5745867097773235,0.0,-0.2217127734342647,-0.2478718084569988,0.5,1,0.046380647459766
UClx8mZgbSuILUrTq_7kNyEw,2.296924693590003,-0.2,0.0,-0.2406115859190546,-0.3541735053026894,-0.3788406888819522,0.0,-0.2217127734342647,-0.2478718084569988,0.0,1,0.15468539864979564
UClxo3t7Bq5C2GJPrbm2V-ZQ,0.6003534351202747,-0.4,0.0,-0.223752568222586,-0.2261888766521747,-0.4421784442608806,0.0,-0.2217127734342647,-0.2478718084569988,0.0,1,0.16577583420978437
UClyJz6UbQb_BEjpXbMxQscg,-0.2977941379140159,0.8,0.0,0.2120507196107181,0.0345576515557372,-0.0488960158113426,0.0,-0.2217127734342647,-0.2478718084569988,0.5,1,0.10157052516673887
UClyRGBjluCRzSEVWjDvWQeg,-0.2081958371005554,0.0,0.0,0.0970533947332256,-0.2439880634181403,-0.1826000284000833,0.0,0.6913574657089212,0.7154674764909068,0.25,1,0.10898736460649411
UClyxYfy9R4BtgriamFSrheg,-0.1901217146795358,0.8,0.0,0.6216980126219335,-0.2339712050649995,-0.2093513746640059,0.0,-0.2217127734342647,-0.2478718084569988,0.25,1,0.1454737372455448
UCm-gK9chDJXFg8q7kABI81g,0.1762984580587736,-0.4,0.0,-0.2049227135118995,-0.2253412963299858,-0.3797344207047495,0.0,-0.2217127734342647,-0.2478718084569988,0.25,1,0.1529676352637674
UCm0gI5ZNFaiBiQVZE4Tl_wQ,-0.2810835097641837,3.8,0.0,0.7922858361689187,-0.113428094557898,-0.1459050935373803,0.0,-0.2217127734342647,-0.2478718084569988,0.5,1,0.042758304377387535
UCm1AzOxi1cmjltWa8pBYc9A,-0.3328209767226317,0.4,0.0,3.119291141126137,-0.330158729507339,-0.4138578885980885,0.0,-0.2217127734342647,-0.2478718084569988,0.0,1,0.15170857803700316
UCm2bVkqIkduZKWuotbzmYUQ,-0.2594327281981787,1.8,0.0,0.944792052265781,-0.4222447999284805,-0.5150554982214536,0.0,1.6044277048521072,2.160476403912765,0.25,1,0.010391322978171247
UCm3l0s6nNdQzEaZnGEVoFfA,0.2976358792848004,-0.2,0.0,-0.0884499818670921,-0.361236674654263,-0.3973571581745331,0.0,-0.2217127734342647,-0.2478718084569988,0.5,1,0.11725499148952645
UCm5GsZcyO3gdxyfwvwvAC6w,-0.2794656999583035,1.6,0.0,1.0676027480018682,-0.2544415540584693,-0.2834958995812852,0.0,-0.2217127734342647,-0.2478718084569988,0.25,1,0.13308038570111996
UCm6i-_Lww3ma8BgW10xESiQ,0.6765780531738056,0.2,0.0,-0.1507816988668187,0.2995228181854527,0.5220975448629926,0.0,0.6913574657089212,1.6788067614388125,0.25,1,0.034230109381732654
UCm7cicB21aD_4DiUBZ9OteA,-0.1899046191873573,-0.4,0.0,10.33316998359286,0.6018970981263211,0.7684628725339078,0.0,-0.2217127734342647,-0.2478718084569988,0.0,1,0.08633832448462225
UCm7psdRhqGLvocNIFUN9GGA,3.65226102474247,3.2,0.0,-0.178515416721644,-0.3385116950013739,-0.3865744278550411,0.0,-0.2217127734342647,-0.2478718084569988,0.0,1,0.09006253596767433
UCm7uA2okIOW8mA44wfCNwRA,-0.3438711550245805,0.0,0.0,3.917179011185191,-0.3511464327234435,-0.1782011106777319,0.0,0.6913574657089212,0.7154674764909068,0.25,1,0.05962632515832472
UCm8seTE4f5HqU_rLFwV725Q,-0.2550612269680405,8.8,0.0,1.1829270851768956,0.0288164657726399,-0.0202415683617137,0.0,-0.2217127734342647,-0.2478718084569988,0.0,1,0.000168140826082408
UCmDRqo5OB-s1tpAc15yZwqA,0.3505782681987908,0.0,0.0,3.0234771121898074,-0.1537813005566138,0.0021424884681393,0.0,-0.2217127734342647,-0.2478718084569988,0.0,1,0.15483020597771052
UCmDrmP20DKXVr5nd8T3a7cQ,0.2760978782895367,0.0,0.0,-0.1316990322198506,-0.4183474439827014,-0.5333285768638889,0.0,-0.2217127734342647,-0.2478718084569988,0.25,1,0.14405821351906778
UCmDuGnCdTy-MDT5bPKtD8DQ,-0.246949898066572,-0.2,0.0,8.720093454093572,-0.318857658544821,-0.4493082760700258,0.0,-0.2217127734342647,-0.2478718084569988,0.0,1,0.12956001887225754
UCmFVnVKQJBaKJlovKcvjRQg,0.2847730677744177,-0.2,0.0,-0.1458375322201584,-0.3661808932003647,-0.3708957642931266,0.0,-0.2217127734342647,-0.2478718084569988,0.0,1,0.16982946028333357
UCmIS4gBF0Dcv63NdgO1qvSw,-0.1323483979053325,3.4,0.0,0.1501269796148086,-0.1896016594110231,-0.2819274308144279,0.0,-0.2217127734342647,-0.2478718084569988,0.0,1,0.12212702474368481
UCmJ4D1SsMlw1l6FXfoTz92A,0.2933723114794079,-0.4,0.0,-0.0180311970574259,0.0221521577491551,-0.0885931715934379,0.0,-0.2217127734342647,-0.2478718084569988,0.0,1,0.16950758594714566
UCmLU3Dfhe1KE1koULU16hgg,14.203950484707132,0.6,0.0,-0.250783076485884,0.4294145025608923,0.0502931400154676,0.0,-0.2217127734342647,-0.2478718084569988,0.0,1,0.06129912828280959
UCmLWwIwaQIHMkFLA2EOF6cQ,3.988097742183761,-0.4,0.0,2.126939723527164,1.523216908345589,2.2631518266201933,0.0,-0.2217127734342647,-0.2478718084569988,0.0,1,0.018728301181045903
UCmLjQflWGZmGjHPW8-jpmrg,-0.2675254478884841,-0.2,0.0,5.3582327369156735,1.090950944029281,1.157922376456406,0.0,-0.2217127734342647,-0.2478718084569988,0.0,1,0.08007181253240864
UCmME33iDmuH5Hgv2-32OPXQ,7.293151637754944,0.0,0.0,-0.2541162810693916,-0.0986885796143393,-0.165303907526348,0.0,-0.2217127734342647,-0.2478718084569988,0.0,1,0.13259015454271222
UCmMQVmQ6JNb6lA4ABUcQyCA,1.1771593358300334,0.2,0.0,-0.2125535014308695,-0.0712935727721643,0.3603148490894683,0.0,-0.2217127734342647,-0.2478718084569988,0.0,1,0.1489085870006241
UCmNY4YNFu32n8gLd04-mzOg,-0.3145031643209079,-0.4,0.0,13.520732799388322,0.1959061237978671,0.5013282639459132,0.0,-0.2217127734342647,-0.2478718084569988,0.0,1,0.08431424028554757
UCmNvby4Z2EGilzHa3lR_5mQ,0.4117021653644616,0.4,0.0,-0.1285877546988584,0.0423057342989785,0.227501751111817,0.0,-0.2217127734342647,-0.2478718084569988,0.5,1,0.10066392971180677
UCmPYfaqz1cb9fp94YPvIWrQ,0.695468253029202,-0.4,0.0,-0.1361522127185603,0.7815841264303549,-0.0453329227644358,0.0,-0.2217127734342647,-0.2478718084569988,0.25,1,0.1279567093234657
UCmPmg4m32Ul4ghBWXjxLJkg,13.796037823558136,-0.2,0.0,-0.2557203979356283,-0.2574080851861303,-0.3838925012365369,0.0,-0.2217127734342647,-0.2478718084569988,0.0,1,0.09557081868112077
UCmQL-9Pg8hh9q0nyWi24Uzg,-0.1448220513846788,1.2,0.0,-0.0349773494499006,-0.2156267218679753,-0.3279177590732166,0.0,-0.2217127734342647,-0.2478718084569988,0.5,1,0.10561608446486909
UCmQtvqTenIgaycLDaBpU3Qg,-0.2236797826191067,2.4,0.0,0.7377282434692034,-0.340790658110234,-0.3246436442662522,0.0,-0.2217127734342647,-0.2478718084569988,0.5,1,0.06711634618456697
UCmRckKExkm86wHx1joSLRzg,0.7079450741529582,0.2,0.0,18.157597146732492,-0.3774819641628825,-0.2426599884811228,0.0,-0.2217127734342647,-0.2478718084569988,0.0,1,0.07350395183986169
UCmRp5HbobdoL0FWNfTd3N3Q,-0.3082488475617788,-0.2,0.0,0.6257393867738615,-0.03491825061156,-0.1655442459218369,0.0,0.6913574657089212,0.7154674764909068,0.0,1,0.10590676974063906
UCmSkLg0ShdU8J4ZPG-_7pGA,18.74613689668664,0.6,0.0,4.807451429996262,-0.111341742995587,-0.2169110942589373,0.0,-0.2217127734342647,-0.2478718084569988,0.0,1,0.03310549937157353
UCmSpW-HyJ0sXsfOOMw0Ig7A,-0.2294010703501535,0.0,0.0,0.1576163662844823,-0.1834466118332232,-0.4641632509109641,0.0,-0.2217127734342647,-0.2478718084569988,0.25,1,0.15173649657066968
UCmT3G6VWNQGCMqBskycl1HQ,-0.0898435041399155,0.2,0.0,-0.1239379969337972,-0.2482259650290845,-0.341216163389256,0.0,-0.2217127734342647,-0.2478718084569988,0.25,1,0.15727904565063477
UCmTrXwp-CaFQ4G55Lljkmeg,-0.1005050746862722,1.0,0.0,0.2029649211600517,0.4439646314251341,0.5705501479628673,0.0,-0.2217127734342647,-0.2478718084569988,0.25,1,0.11413203312267056
UCmVqNqU0HwehgI_aIr_gMmg,7.520484523743473,-0.2,0.0,-0.2521115704721842,0.0265313227471308,0.0336471780835764,0.0,-0.2217127734342647,-0.2478718084569988,0.0,1,0.13339530940446198
UCmWcilypWEF95eA4r4bowDg,-0.025210438965355,-0.2,0.0,-0.0438072243372944,0.1960473871848986,0.0777404920459612,0.0,-0.2217127734342647,-0.2478718084569988,0.0,1,0.1617728815017298
UCmYgL3aMt5bNG6gguSHVgow,-0.0600252165664442,-0.4,0.0,-0.0436319641066123,-0.1821146998983551,-0.2405533126870224,0.0,-0.2217127734342647,-0.2478718084569988,0.0,1,0.17331976761521456
UCmZlzaSFzFisGhAhFRVTKLw,2.241701911444713,-0.2,0.0,-0.2323715590026414,0.154374688010614,0.1028272901783359,0.0,-0.2217127734342647,-0.2478718084569988,0.0,1,0.14592877085236994
UCmaQeZLdVbj52H0_cGTLvVA,-0.1834148907089119,-0.4,0.0,0.1757388014851843,-0.1795719589317885,-0.0363026964183873,0.0,-0.2217127734342647,-0.2478718084569988,0.0,1,0.16939388013850948
UCmao4JuiMEpLG_EjP2xTliQ,-0.3349848928269707,0.0,0.0,1.848196850709129,-0.1592300311992564,-0.2650501733019013,0.0,-0.2217127734342647,-0.2478718084569988,0.0,1,0.16388232276953624
UCmc1hE8YoW128wjJ2q8i6XQ,2.3607622721664843,0.6,0.0,-0.01876538463786,-0.4830057142753929,-0.4836429971299918,0.0,-0.2217127734342647,-0.2478718084569988,0.0,1,0.1394039710833459
UCmc_SwTHV4Ye8O-ySX5mcBg,-0.268921153577437,0.0,0.0,0.3135296219349059,-0.3753630133574103,-0.4396374864836198,0.0,-0.2217127734342647,-0.2478718084569988,0.0,1,0.16810742011133234
UCmcbTqBYW4ydNAhtgoCYvhQ,0.0984588307776817,2.6,0.0,4.104766798918837,-0.3696418461826357,-0.42709730708631,0.0,-0.2217127734342647,-0.2478718084569988,0.0,1,0.1129069408593546
UCmdFR0EtpJKnRK9IWPNGI3A,-0.0501501780182332,2.2,0.0,0.0474589053722898,-0.1180282099817433,-0.4011570821728626,0.0,0.6913574657089212,1.6788067614388125,0.5,1,0.009492381544225603
UCmeJvi149W2I1DnP6jXbS0Q,-0.2017515548999703,0.0,0.0,-0.0281707938041588,-0.1453054973347254,-0.4004642174917807,0.0,1.6044277048521072,1.1971371189648596,0.0,1,0.06863453733691882
UCmePvckb3FzBDSr6sv5FhHQ,0.2676949780420919,1.2,0.0,-0.1202592262220397,-0.1364105609864799,-0.1150636358864458,0.0,-0.2217127734342647,-0.2478718084569988,0.5,1,0.10085513062997159
UCmf5rP-diqNqY6OsD2V5zpA,-0.2871879454222127,4.4,0.0,1.0843934007480178,-0.369663766363382,-0.423092616114141,0.0,0.6913574657089212,0.7154674764909068,0.0,1,0.03434586599245448
UCmfSQrCJsLEJuSJl6QSL1Dg,0.355594022398635,1.4,0.0,-0.1732315757222449,-0.0517689546360286,-0.1113148584158801,0.0,-0.2217127734342647,-0.2478718084569988,0.25,1,0.13800181608342105
UCmhLLO_VrQBAL_MN9_YeN7w,1.9613286745654728,-0.2,0.0,-0.2139785812573225,0.003929180822095,0.5445551811485683,0.0,-0.2217127734342647,-0.2478718084569988,0.0,1,0.14640840069984146
UCmiORrVtqFb_zWP2fJcjpjw,-0.196996662335044,-0.4,0.0,0.0196227558031891,-0.2592445092175394,-0.4831064886234911,0.0,-0.2217127734342647,-0.2478718084569988,0.0,1,0.16750168213287353
UCmi_ZnB9Ak3ZLUDW5aHGR8w,0.0057103248131418,0.2,0.0,-0.0508213335612189,0.1464286224900936,0.7160020995361498,0.0,-0.2217127734342647,-0.2478718084569988,0.25,1,0.12956319131795319
UCmiyRT7P-EkG58Y7fUJGAfQ,0.7345967913247872,-0.2,0.0,-0.2133008585743104,-0.1253268183117028,-0.2905056253869592,0.0,-0.2217127734342647,-0.2478718084569988,0.75,1,0.06684322305329377
UCmoRCoinqD_MFhpX1n55Ruw,1.7784922392299252,-0.2,0.0,-0.2218265190059537,-0.2552891343806582,-0.2577728931771459,0.0,-0.2217127734342647,-0.2478718084569988,0.0,1,0.1662420952721167
UCmq8wIP_ZgIM6S4JIl64-ng,0.8790931055418284,0.2,0.0,-0.2278173823149306,-0.2492854404318205,-0.3553597553535852,0.0,-0.2217127734342647,-0.2478718084569988,0.25,1,0.14821352792238363
UCmqfW44mrMSxjEe7zZAEbbA,-0.1366952081430058,-0.2,0.0,0.0227045400062795,-0.050457223185022,-0.3330595603894259,0.0,-0.2217127734342647,-0.2478718084569988,0.0,1,0.17041415506452323
UCmqy0Uo1JRsz71UrDZ0VnqQ,-0.2027634920203255,0.0,0.0,-0.0636517296570645,-0.2161389956890785,-0.2936071473749844,0.0,-0.2217127734342647,-0.2478718084569988,0.25,1,0.16100055616494352
UCmrZbr2gL2mbfz6K2bfo1MQ,0.3336559387863108,1.2,0.0,-0.1719802374783104,-0.2482259650290845,0.18128375472055,0.0,0.6913574657089212,2.6421460463867183,0.0,1,0.05623107905464919
UCmsHi9NVaqYCn7TfBxQwddA,0.0831348003459802,-0.4,0.0,-0.1314915594333376,-0.4101138065671528,-0.4760982120715719,0.0,-0.2217127734342647,-0.2478718084569988,0.25,1,0.14770152743338177
UCmtC_vOjh_g9BZr-GnEMfzw,2.820489547596433,-0.4,0.0,-0.1960621630537787,-0.1812671195761662,-0.096689995012944,0.0,-0.2217127734342647,-0.2478718084569988,0.0,1,0.14738861320524776
UCmuPaN_Lv7BP_leq6Z9S8Gg,0.2954931377795534,-0.4,0.0,-0.1824949206532085,-0.150754227977368,-0.2670299875623657,0.0,-0.2217127734342647,-0.2478718084569988,0.0,1,0.17219197816663312
UCmuXdy5gwZ0Q2h-YrXAO6hQ,17.511502814651614,-0.2,0.0,-0.2552874179305766,-0.2439880634181403,-0.3488357297942156,0.0,-0.2217127734342647,-0.2478718084569988,0.0,1,0.07723295725239959
UCmvAlKqPYr2TNWKJ_QI4Eag,1.723012837102318,-0.4,0.0,-0.2465721340771683,-0.1160034347676256,-0.1381782367839406,0.0,-0.2217127734342647,-0.2478718084569988,0.75,1,0.04622373913194555
UCmvZpvKYvp2Kb0IR7EvJ9HA,0.2730123789980106,-0.4,0.0,-0.1653942611153876,0.0696166557917301,0.1678631233714374,0.0,-0.2217127734342647,-0.2478718084569988,0.25,1,0.15011463493006594
UCmvfVgiFu8jnpmrQ5WrHCjw,1.432936289693336,0.2,0.0,-0.2117470772034453,-0.1274457691171749,-0.0344881505342009,0.0,-0.2217127734342647,-0.2478718084569988,0.25,1,0.14804007596619678
UCmwgpZOg5ZKTd03pXT8tUfw,0.2262641831007358,0.4,0.0,-0.0863867614764502,-0.1436910586257943,-0.237724666234511,0.0,-0.2217127734342647,-0.2478718084569988,0.25,1,0.1551467233584652
UCmxTwnIndIzZ0XojtRYD8Gw,1.2131322613265272,-0.4,0.0,-0.1659104147925816,-0.4007904230230755,-0.4515670214759114,0.0,-0.2217127734342647,-0.2478718084569988,0.25,1,0.14410690923443664
UCmz7Fa0JLv88R-J5wuuln9g,-0.1391428344957646,0.8,0.0,1.3831925950123054,0.487627860143953,0.0253235799616653,0.0,1.6044277048521072,2.160476403912765,0.5,-1,-0.03173419502852959
UCn-kqOTqfaVXx7Z2O7L68_g,22.63354929394862,-0.2,0.0,-0.2551450165805307,-0.2602333529267597,-0.3180768781149178,0.0,-0.2217127734342647,-0.2478718084569988,0.0,1,0.05146992483161611
UCn-uIoNpG13Vy996F8doA8A,-0.2911417324182298,0.2,0.0,11.613925919726173,-0.2837183910207421,-0.395038861970487,0.0,-0.2217127734342647,-0.2478718084569988,0.0,1,0.11884698609077993
UCn0n3tgApvygsAsYoy7HtQQ,-0.034288459207603,0.2,0.0,0.0904715448580592,1.6402889403479224,7.3304751247290545,0.0,-0.2217127734342647,-0.2478718084569988,0.25,-1,-0.03455895239521389
UCn1992lfvkaRm95qZjAi69A,-0.2409939108736633,-0.2,0.0,0.3643918170695809,-0.3322776803128111,-0.4349416992337534,0.0,-0.2217127734342647,-0.2478718084569988,0.0,1,0.17018707726724436
UCn1fwz9Ze0obbGo8v0y-z4A,0.8009030117146374,-0.4,0.0,-0.1810658763501247,-0.1143082741232479,-0.1574441861014095,0.0,-0.2217127734342647,-0.2478718084569988,0.25,1,0.15656728550463378
UCn3ZghRTKz_ZtL4MvSp4QXw,0.0622489029421468,0.0,0.0,-0.0401232212910018,-0.3348002407955159,-0.2522053924982172,0.0,-0.2217127734342647,-0.2478718084569988,0.0,1,0.17276992628085408
UCn4U9igAejNPLaF-Tj2o69g,0.3533492792475238,-0.4,0.0,-0.0333843030703731,0.2959206018161501,0.1102937985127151,0.0,-0.2217127734342647,-0.2478718084569988,0.0,1,0.15520132777964152
UCn4hWEyf8Bkedpy9-n07K8A,4.70546511738169,0.6,0.0,-0.2385972064139113,0.2060770876641331,0.3337739237901944,0.0,-0.2217127734342647,-0.2478718084569988,0.0,1,0.11885972326359445
UCn7xx7LRKgkVauIClfdCfbQ,-0.1492708924004457,1.2,0.0,0.182499059383801,0.0790704363084517,0.074193674314709,0.0,-0.2217127734342647,-0.2478718084569988,0.0,1,0.14902035010895315
UCn8Kxj1xbtUCeKmMTJNu8UA,0.263706193192972,-0.4,0.0,-0.2027060200147981,-0.3431549611142345,-0.4063521971349332,0.0,-0.2217127734342647,-0.2478718084569988,0.0,1,0.16726235760150332
UCn8lFdt8N-vuKcSftTS0taA,-0.0983824810308765,-0.2,0.0,13.04657132019241,0.0145239348494555,-0.075004793223094,0.0,-0.2217127734342647,-0.2478718084569988,0.0,1,0.10921635386587791
UCnAgCA1y5OmKoT6SrzSiudQ,0.2186669119988811,-0.2,0.0,-0.0112530255639084,0.0724419235323595,-0.2713709047879671,0.0,-0.2217127734342647,-0.2478718084569988,0.0,1,0.16485382230288226
UCnBgsDPs_wdpDxKM9Lfxobg,-0.3520304144924197,3.0,0.0,5.005460211935917,-0.3688135290495875,-0.377735487546371,0.0,0.6913574657089212,0.7154674764909068,0.5,-1,-0.02454120041951413
UCnC36BS7R5un32OeP_cludg,-0.3320084646023093,0.6,0.0,2.3606315905494424,-0.3410360103087624,-0.4318786197985073,0.0,-0.2217127734342647,-0.2478718084569988,0.25,1,0.11362580836467578
UCnCNwrKiG-aBDwWKY0yFDdw,-0.1489960006838499,-0.2,0.0,0.0137059818861404,-0.1210889167007586,0.4317458530476005,0.0,-0.2217127734342647,-0.2478718084569988,0.0,1,0.15782446935588568
UCnCWD5WK-qKflByYYH3QF6w,0.3200645010864646,1.8,0.0,-0.0662009695275397,0.1424555897298334,-0.4970305967178514,0.0,-0.2217127734342647,-0.2478718084569988,0.25,1,0.11285865516316984
UCnD9_JyJpduPq5B3UOyJIBA,-0.2321352194179554,4.6,0.0,0.2042065663344316,-0.1185461757341921,-0.2652639541138067,0.0,-0.2217127734342647,-0.2478718084569988,0.25,1,0.0792357134866904
UCnE2_0tfPNMzhI78gSc_ZZg,-0.2152646709398279,7.2,0.0,0.5440080121040234,-0.438537314115904,-0.5081611824813032,0.0,4.343638422281664,6.495503186178341,0.0,-1,-0.11976939155827371
UCnG1OvQpAJ8ru0LdJimuJUQ,-0.1713442078216336,1.0,0.0,0.0847435562700419,-0.1599363481344138,-0.2413439578330212,0.0,-0.2217127734342647,-0.2478718084569988,0.5,1,0.10867404564362765
UCnGeTCCH-DAN4LyZsnSt3kg,0.7274503136353968,-0.4,0.0,-0.1989959127286212,0.0229997380713439,-0.0077561343362183,0.0,-0.2217127734342647,-0.2478718084569988,0.5,1,0.10375244200806744
UCnHxhZFucjltYKPE1alR4Kg,-0.0779716487182758,0.6,0.0,7.377407993791382,-0.4016380033452644,-0.370674570488384,0.0,-0.2217127734342647,-0.2478718084569988,0.0,1,0.1257789146205029
UCnITzgPncaJelxljuCDR-eQ,-0.2185962177888763,0.2,0.0,0.1929541118761452,-0.1639976705115686,0.1060521209832155,0.0,-0.2217127734342647,-0.2478718084569988,0.0,1,0.16558424816978812
UCnIhtlcDwQBBeDH-FIy_Ytw,24.97701169142561,0.4,0.0,-0.2552627702436869,-0.047161077487621,0.1830525460942567,0.0,-0.2217127734342647,-0.2478718084569988,0.0,1,0.007860975642218826
UCnIqkaQWU4N_cciqP90J75w,0.0155103096750643,3.4,0.0,1.4205482884174254,1.1386273371524034,1.0911229473379052,0.0,0.6913574657089212,8.422181756074153,0.0,-1,-0.10395989124391691
UCnIrA-JiiEN0KLIQuSibO5w,-0.2476324045592493,3.2,0.0,0.0641626491752067,0.6133578581350483,0.7638259388100811,0.0,-0.2217127734342647,-0.2478718084569988,0.0,1,0.08680791686793143
UCnIyVBUzhFsJkqP57shW3qA,0.4339952899302831,0.2,0.0,-0.150454283401354,-0.0718233104735324,0.2695967410710716,0.0,-0.2217127734342647,-0.2478718084569988,0.0,1,0.15493139853454396
UCnJxWC0YGBwu8biT_0UXvxg,0.0477489766685364,1.2,0.0,0.0660483006598019,-0.4480593256066839,-0.5968230492335003,0.0,3.430568183138479,5.0504942587564825,0.0,-1,-0.054710834391403784
UCnKIqSLmSPezuKxJhMFqXXg,-0.3021499009664157,4.0,0.0,4.625678172167127,-0.3723807862978571,-0.4271344653731714,0.0,1.6044277048521072,1.1971371189648596,0.0,-1,-0.01350483021320259
UCnK_BexIt85dzjwcJrkGngg,-0.2819866554870765,-0.4,0.0,11.273785282699787,-0.382143655934921,-0.4785970018644354,0.0,-0.2217127734342647,-0.2478718084569988,0.0,1,0.12038308374988482
UCnKa14SQPVk_9rgQMf1Mngg,0.1734385237930273,0.2,0.0,5.489063901144453,-0.0914236054241492,-0.1441750609461752,0.0,-0.2217127734342647,-0.2478718084569988,0.0,1,0.14081778346855528
UCnKh4GWEx7wgYilsBEZV-Tw,0.5034019816354213,-0.4,0.0,-0.2011926849374209,-0.3007759450047925,-0.4096725125615011,0.0,-0.2217127734342647,-0.2478718084569988,0.25,1,0.1502591109585914
UCnLijCHD1jWR4inx_Ks-nRA,2.516363056155562,-0.4,0.0,-0.2361403282746546,-0.2465308043847068,-0.0315255480148717,0.0,-0.2217127734342647,-0.2478718084569988,0.0,1,0.15208508018552036
UCnMkswDGz_DSGoDIj8Q7A4g,-0.330460261403203,-0.4,0.0,2.077698405586158,-0.393162200123376,-0.3879471836640858,0.0,-0.2217127734342647,-0.2478718084569988,0.0,1,0.159398814776752
UCnNhzuuJPqQ6rCYK-SgUuNA,0.6571830966589747,0.0,0.0,-0.1444266191481888,-0.0781044860754675,-0.2043196928751324,0.0,-0.2217127734342647,-0.2478718084569988,0.5,1,0.11049549050821783
UCnOu_S6Vi6SUIIe9H1xYmbw,3.934572328020688,-0.4,0.0,-0.2211571195075437,-0.1439735853998573,-0.2406642581633074,0.0,-0.2217127734342647,-0.2478718084569988,0.0,1,0.1436017721351192
UCnPN1FvmTXmBhDKkFvsuw2Q,-0.32152734102699,-0.4,0.0,0.6657943794248391,-0.0676913564028618,-0.2960884550777446,0.0,-0.2217127734342647,-0.2478718084569988,0.25,1,0.15252908556189743
UCnR-rBc7kKWhl_BQHoMbWYw,0.856778301418272,-0.4,0.0,-0.1855712858229254,-0.3007759450047925,-0.2873273582999358,0.0,-0.2217127734342647,-0.2478718084569988,0.25,1,0.15433613586192685
UCnRIcQcIwi3mHurrKrZPlqA,-0.224946325202562,3.4,0.0,0.5655245659545148,-0.2584675605888663,-0.3624389317102247,0.0,-0.2217127734342647,-0.2478718084569988,0.25,1,0.09798420164334165
UCnS1wQs5Y6gz2s4qYNxCEOQ,-0.2476886525611228,-0.4,0.0,0.7315787184303498,-0.245683224062518,-0.3938450055942941,0.0,-0.2217127734342647,-0.2478718084569988,0.25,1,0.147420943898103
UCnTovy65ZfihvnQ_pfltpdQ,0.530238917637463,-0.4,0.0,-0.2322120100783149,-0.5058903829744916,-0.5975020816698922,0.0,-0.2217127734342647,-0.2478718084569988,0.25,1,0.12746043830834747
UCnU6Yx37CKGLrE5eHl9n_LQ,-0.2300999331119157,1.6,0.0,0.3970014173927246,0.2131402570157069,0.3516085772759981,0.0,-0.2217127734342647,-0.2478718084569988,0.25,1,0.11423180540500516
UCnUI3X3zqEie15Miv8XV-eA,0.3307633467617329,7.4,0.0,0.0271367561229409,-0.0793841122112396,-0.1432764465836864,0.0,10.735130096283966,11.793869253391822,0.0,-1,-0.19650662109265704
UCnUNvG1VUFYOTy8amtoyZJw,-0.2159632119372456,0.6,0.0,-0.0394816284234832,0.0560553706367087,0.1554534031267599,0.0,-0.2217127734342647,-0.2478718084569988,0.25,1,0.14379706246405
UCnVy1vdIejX7_tHKg7rMeYQ,0.3716859434385822,-0.4,0.0,-0.1310584640013892,-0.2397501618071961,-0.1365920166221406,0.0,-0.2217127734342647,-0.2478718084569988,0.25,1,0.156258724193715
UCnYmmnKPmhKSjrJSoyUx4qQ,-0.2716964062787703,-0.2,0.0,1.0742910207389706,-0.3407534835346995,-0.4930125804297107,0.0,-0.2217127734342647,-0.2478718084569988,0.25,1,0.1404268248606968
UCneQAuSH0utRNqg2xcUYk1g,-0.3513864545067391,2.2,0.0,1.432919960000789,-0.3854868894279992,-0.4693071508495455,0.0,-0.2217127734342647,-0.2478718084569988,0.75,1,0.0005662794049947073
UCnfuweTzzNsOctBL80dsi_A,-0.2319556561245431,-0.2,0.0,2.3919534556934376,-0.3146197569338769,-0.5194584009827266,0.0,0.6913574657089212,0.7154674764909068,0.0,1,0.07944127555941133
UCng4yL2lwo5OlO70MxCHOUg,-0.2764824042960987,-0.2,0.0,1.0802055226723777,-0.2800102271111659,-0.3441893680429966,0.0,-0.2217127734342647,-0.2478718084569988,0.25,1,0.1504486079099418
UCnk9_qm-aBzZde1l0O_81mQ,-0.2489950815620124,-0.4,0.0,0.0756403379589062,-0.1380405231445354,0.0610079303959897,0.0,-0.2217127734342647,-0.2478718084569988,0.0,1,0.1688056998925394
UCnmBpLhupMscmhGpg9iQ5kA,-0.2440443660353727,-0.2,0.0,0.0860796763601551,-0.3216829262854506,-0.3334480818179822,0.0,-0.2217127734342647,-0.2478718084569988,0.0,1,0.17212277919633018
UCnrTOSI3er_05QlX1VGs6aA,-0.2056029754610346,0.6,0.0,0.3139277399851541,1.396927440339452,0.9055014950010544,0.0,-0.2217127734342647,-0.2478718084569988,0.0,1,0.08336179396734628
UCnsfjEFtF8mt-9PxA-ah2tw,-0.1780195086013417,0.2,0.0,-0.1271452879976857,-0.022027966544938,0.1694733438872333,0.0,-0.2217127734342647,-0.2478718084569988,0.25,1,0.14477201886876268
UCnsjHUJCEsqGtxDPO2FFT-g,0.3189796395220985,0.4,0.0,-0.0295559365147661,-0.2595270359916024,-0.4163085281397756,0.0,-0.2217127734342647,-0.2478718084569988,0.5,1,0.10918501650104229
UCnsmcolZ6ykSiEGmb9IwSVA,0.4349629169297246,-0.2,0.0,-0.1616244373177509,0.3450802605031028,0.4768238184766932,0.0,-0.2217127734342647,-0.2478718084569988,0.0,1,0.1528534875171551
UCnswp4cGdLGwsSpj8ziXFxQ,0.0927861506313675,0.2,0.0,-0.1458984083817883,0.1628504912325024,-0.0963951884855413,0.0,-0.2217127734342647,-0.2478718084569988,0.5,1,0.10730330503676377
UCnt0yt-axQPlRqasAi3z61A,-0.3147788717399269,-0.4,0.0,29.4241053781637,-0.4567307242875389,-0.4691448958769683,0.0,-0.2217127734342647,-0.2478718084569988,0.0,1,0.04846550460901822
UCnu5r1M-6wLW967k9MEoMag,-0.1962283172640198,1.4,0.0,0.0376106796372625,-0.2651775714728613,-0.3456117982999832,0.0,-0.2217127734342647,-0.2478718084569988,0.25,1,0.14132124833002951
UCnuQPpwN31RaA5jxN5Bp-PQ,-0.1504275584364482,0.0,0.0,-0.009665330841347,0.1095740138377753,-0.4611607176149357,0.0,0.6913574657089212,0.7154674764909068,0.25,1,0.08073433833192034
UCnukuEvJA21qcZDwJN__ucQ,0.9102019159189384,0.6,0.0,-0.1822269791088752,-0.158806241038162,-0.1482201442530435,0.0,-0.2217127734342647,-0.2478718084569988,0.0,1,0.15876337482077435
UCnuvV-vdMi2mgY7gqPZwvjA,2.366507397811187,0.8,0.0,-0.2227033711842639,-0.0675372508897365,-0.0497203766942478,0.0,-0.2217127734342647,-0.2478718084569988,0.0,1,0.1436882729323471
UCnvcUWr3WIzK2dmBbiFVtkg,1.2818123932883403,-0.2,0.0,-0.2095595655837892,-0.2835418117869528,-0.2894597095852596,0.0,-0.2217127734342647,-0.2478718084569988,0.0,1,0.16791534059968932
UCnvhoIWKObU3SzadnSdCxuA,12.73803534604653,-0.2,0.0,4.012479342380614,0.0787987759487758,-0.2004540205076884,0.0,-0.2217127734342647,-0.2478718084569988,0.0,1,0.06946962576694171
UCnwZ4IQ0kybagkkITn2A5dQ,1.985745040816948,-0.4,0.0,-0.1941901092160327,-0.2948428827494707,-0.1242349000292186,0.0,-0.2217127734342647,-0.2478718084569988,0.0,1,0.1587707121807025
UCnxFBoh4ax43T0FumVOk_Fg,1.5783401408313145,0.2,0.0,-0.2413682950827662,2.5191237869174747,2.5255782938521287,0.0,-0.2217127734342647,-0.2478718084569988,0.25,-1,-0.002359625652398445
UCnxPsAMNeUyP4qkvvA6Zeqw,-0.0527147283098426,0.6,0.0,-0.0443511560531316,-0.4838532945975817,-0.5053470878456083,0.0,1.6044277048521072,1.1971371189648596,0.0,1,0.06595343538521603
UCnyD6c_HyLINjHGBFN5y8Gg,0.1761973653384666,-0.2,0.0,-0.1640797450122162,-0.000308720788849,0.1304231988818874,0.0,-0.2217127734342647,-0.2478718084569988,0.0,1,0.16695675095124274
UCnyx2yGaiqdfkTeIZsUXygA,-0.2420543240237361,-0.2,0.0,0.3681299530171759,-0.4099725431801213,-0.4841552614465486,0.0,-0.2217127734342647,-0.2478718084569988,0.0,1,0.16798772257198874
UCnyzEJXnDtlKd9aHKTos95A,0.7873169984359052,-0.4,0.0,-0.2172742005611739,-0.4016380033452644,-0.4859672246112305,0.0,-0.2217127734342647,-0.2478718084569988,0.5,1,0.09589294776186713
UCo-YZyMRXa-PqNan64vqfqQ,0.6396099299359685,0.6,0.0,-0.1369654337310857,0.285749637949884,-0.0206114635455211,0.0,-0.2217127734342647,-0.2478718084569988,0.0,1,0.1432900006726926
UCo-xKZRgUtQBYqxamqLvS0w,-0.1607524478076567,-0.2,0.0,-0.0852512539049337,-0.3033186859713591,-0.4032902100794264,0.0,-0.2217127734342647,-0.2478718084569988,0.25,1,0.1543932847199253
UCo644qXtwea3FkWBunMXUqA,1.1331304516324368,-0.4,0.0,-0.1956929571902857,-0.3558686659470671,-0.3565308955870305,0.0,-0.2217127734342647,-0.2478718084569988,0.5,1,0.09795360152589966
UCo692PX41cQuc0ntVBxGmFA,0.2145313007135973,-0.2,0.0,-0.0966013751576424,-0.1309773537929617,-0.1478049584018325,0.0,-0.2217127734342647,-0.2478718084569988,0.0,1,0.17241376091707228
UCo6To0yXfqqkucSN1syyQZQ,-0.1702264359602614,0.8,0.0,0.5494141929816034,-0.1962153543493148,-0.1729715433107934,0.0,0.6913574657089212,0.7154674764909068,0.0,1,0.11473051045952115
UCo80WyNufaC09efdikjDDCg,-0.3309607764100374,-0.4,0.0,1.4595256931946887,3.027671980230778,4.483986655377954,0.0,-0.2217127734342647,-0.2478718084569988,0.0,-1,-0.06129902037894841
UCo9Un8mtNR1peruUYaiMIMg,0.0629858900814474,0.2,0.0,-0.1288272865252164,-0.432574685105157,-0.1952268266489982,0.0,1.6044277048521072,2.160476403912765,0.0,1,0.037990821543988695
UCoAdOUWUyFkaoXH59v1yixA,1.9599298128850011,1.8,0.0,-0.2336733284505483,0.4626820302068042,0.5318148910121036,0.0,-0.2217127734342647,-0.2478718084569988,0.0,1,0.10741899710159442
UCoAjoaXkaMiHOsrdXqv5fcA,-0.2584079146324298,0.0,0.0,1.594357659511337,-0.0847640457498084,-0.3196517799252603,0.0,-0.2217127734342647,-0.2478718084569988,0.0,1,0.16577677120077539
UCoE61yzGABNWcnZteMhnoyA,-0.1620454449086454,-0.4,0.0,-0.0166145488609842,-0.4414742784881398,-0.5475479609372376,0.0,-0.2217127734342647,-0.2478718084569988,0.5,1,0.09873896905121615
UCoFZYdhGqDOsCKyCN2aQ7aA,2.715949777609659,-0.4,0.0,-0.2385900430309461,-0.3685823707798997,-0.3858342688039748,0.0,-0.2217127734342647,-0.2478718084569988,0.0,1,0.14230444950023907
UCoHIplFemvK3BGijcR5m3AA,-0.1764246472236322,-0.4,0.0,0.0525742538861901,-0.0524349106034626,-0.2712051419203842,0.0,-0.2217127734342647,-0.2478718084569988,0.25,1,0.15516206326903303
UCoHs2mBUawrBl13QXf0hJmA,4.422116361203345,-0.4,0.0,-0.2395711289348141,-0.2490735453512733,-0.3158211954857444,0.0,-0.2217127734342647,-0.2478718084569988,0.0,1,0.13828762970444208
UCoHwVlGCKCfsYh_l9Y9mCPA,-0.3214176640097539,11.2,0.0,1.6082752904584665,-0.2509166962106364,-0.3643910403795674,0.0,0.6913574657089212,2.6421460463867183,0.0,-1,-0.06392919723531976
UCoLTdU-qfyWW9InIFn944mg,0.1365626564992467,-0.2,0.0,-0.1485504625818627,-0.4445820730028322,-0.4722440494450514,0.0,-0.2217127734342647,-0.2478718084569988,0.0,1,0.16720151596982136
UCoMCXr3-FFgrAegjJKgvyHQ,-0.3201078012900926,-0.2,0.0,0.8389129347799065,0.0166428856549276,-0.0096111383936511,0.0,-0.2217127734342647,-0.2478718084569988,0.25,1,0.15027362696619034
UCoMiGy0vSUgO8bzxq0zFqkw,-0.3212569980509656,5.4,0.0,5.221844635756046,-0.0903018079388993,-0.0513177196181343,0.0,-0.2217127734342647,-0.2478718084569988,0.25,1,0.009980564537767134
UCoN3BaMW3hm2Yh-dGD2XTtg,3.228038133563901,-0.2,0.0,-0.2366191246375131,0.2730359331170515,0.3815713947998271,0.0,-0.2217127734342647,-0.2478718084569988,0.0,1,0.13119979062283932
UCoOJg6dZZvzCEeFUj7ECQCg,-0.3042321745081923,6.0,0.0,1.0424127362749729,-0.2183315779897214,-0.309438779086011,0.0,-0.2217127734342647,-0.2478718084569988,0.0,1,0.06919084068249964
UCoQ5wZ1I-b1WS4yLcDL2c5g,0.0,0.0,0.0,0.0,-0.366887210135522,-0.3414307846733801,0.0,-0.2217127734342647,-0.2478718084569988,0.0,1,0.17177011878176252
UCoQ9DeCb-x67_qPOj0grjAQ,0.1588270909981746,-0.4,0.0,-0.1556000692152281,0.391697178223489,-0.1449287297077576,0.0,-0.2217127734342647,-0.2478718084569988,0.25,1,0.13442850364965808
UCoQFcvIe6bEEPvVR_KllA8g,0.3539558355693655,-0.4,0.0,-0.1928079062709346,-0.3355267382145349,-0.5221091933597654,0.0,-0.2217127734342647,-0.2478718084569988,0.0,1,0.15914150481798545
UCoT6vowpfEpzwUMS3Sd32vA,0.0355924091345067,6.0,0.0,0.0168408797580911,-0.4353808631988903,-0.5080140224335682,0.0,-0.2217127734342647,-0.2478718084569988,0.25,1,0.03210503303285267
UCoTfU6RDfVUZBITSwVW5H2w,0.5147332535819132,0.0,0.0,-0.2072635337544654,0.6919827780846776,0.2764028596163196,0.0,0.6913574657089212,0.7154674764909068,0.0,1,0.07078751973552333
UCoTykBskGswv1-1h1IPsRgw,0.0882290251189297,-0.4,0.0,-0.1698403822453267,1.048571927919839,1.4568080218481163,0.0,-0.2217127734342647,-0.2478718084569988,0.0,1,0.10196488233880069
UCoU2cBEl3RVeWQRfQhLX2EA,11.342114544711736,-0.2,0.0,-0.2551918203046925,-0.0885983376835198,-0.1417252300878605,0.0,-0.2217127734342647,-0.2478718084569988,0.0,1,0.11545227166702365
UCoX1aqVdv0QaHJWEvpr02-w,-0.042010917973008,0.0,0.0,-0.0341137686717259,0.17919668316043,0.1530254097154821,0.0,-0.2217127734342647,-0.2478718084569988,0.0,1,0.16086500686899152
UCoYJQdrKWt6lO9tO1ZSbtAQ,-0.3359107849945771,-0.4,0.0,8.746568638040602,-0.0144350594919964,-0.144085287515093,0.0,-0.2217127734342647,-0.2478718084569988,0.0,1,0.12580348075315506
UCoYruH9TE4Qw8xlIjzJvG0A,0.7374917192244859,-0.2,0.0,-0.2176975172169683,-0.5385222253787619,-0.5816937353990529,0.0,-0.2217127734342647,-0.2478718084569988,0.0,1,0.14004277546070992
UCoZYaRKL3tHh7No5IbP2yCQ,-0.1188442131746807,-0.4,0.0,-0.0866227568066324,-0.1829622802205439,-0.1975337591081262,0.0,-0.2217127734342647,-0.2478718084569988,0.0,1,0.16985694080109487
UCo_ZtKR6Ef02Cf0zc6Qm3SQ,0.2409002410454069,-0.2,0.0,0.4576517544757967,0.0978693331980247,-0.0010934764652376,0.0,-0.2217127734342647,-0.2478718084569988,0.25,1,0.14948343221743177
UCodMNQYuae8t4aDzp6frEJw,19.59236241507172,1.2,0.0,33.992807045763506,0.4497238310502632,-0.4687604957424776,0.0,-0.2217127734342647,-0.2478718084569988,0.0,-1,-0.10072725891079748
UCoeeSoodOxq3ArEKvdmw1qQ,6.978747016113196,-0.4,0.0,-0.2482105440456886,0.5137487446186818,0.579443547678014,0.0,-0.2217127734342647,-0.2478718084569988,0.0,1,0.1011716940114819
UCogTx8XkGLjU2eCDUIX03-A,-0.3100070125645994,0.6,0.0,0.3455693703928186,0.4951019775305273,0.5833106893668512,0.0,-0.2217127734342647,-0.2478718084569988,0.25,1,0.1111816859242774
UCogijBbz1NF_apLFKEoW5Xw,-0.318744816921199,-0.4,0.0,0.4940670376986162,2.366559328923484,3.307088797554456,0.0,-0.2217127734342647,-0.2478718084569988,0.0,-1,-0.00537326968610119
UCojPceuskcvEQs6u23rWfXA,-0.0316867355438995,-0.4,0.0,-0.1327939133947341,-0.277043695983505,-0.569249952075053,0.0,-0.2217127734342647,-0.2478718084569988,0.5,1,0.09988682020895995
UCojgq_MLjvFOIJ3zSfR-UAA,-0.290005196752741,1.4,0.0,0.4782334247640523,-0.3381300206326864,-0.3920209269040797,0.0,-0.2217127734342647,-0.2478718084569988,0.0,1,0.1516419440916284
UColvigIS38WMwusu36-i0lA,1.543064967187569,-0.4,0.0,-0.2402750848919147,-0.4075710656005862,-0.5946768687104081,0.0,-0.2217127734342647,-0.2478718084569988,0.0,1,0.13823930698441467
UCom0ItMmRbPhdjMI6u5yyLg,-0.1774680937633038,0.4,0.0,0.0241145022781092,-0.229861724714993,-0.2869164235610192,0.0,-0.2217127734342647,-0.2478718084569988,0.0,1,0.16789868071554587
UComdrRSBLfUSuteF_rmEcYQ,-0.1368507354050164,-0.2,0.0,-0.0657126077781389,-0.0335056167412452,-0.1791399327214492,0.0,-0.2217127734342647,-0.2478718084569988,0.25,1,0.15811426407387835
UCoo28J6j7DOymrlv8smBGng,-0.2235918241388691,-0.4,0.0,0.1673286667109792,-0.0363308844818747,0.151399708140244,0.0,-0.2217127734342647,-0.2478718084569988,0.0,1,0.16574443621748414
UCooMft_ypFrZazlgoP00Yhg,-0.2884014481029167,-0.2,0.0,22.3746459761009,-0.3845451335144561,-0.4902224953152453,0.0,-0.2217127734342647,-0.2478718084569988,0.0,1,0.07133971322897187
UCoqjDBvxpPO1YciG38iTkQw,-0.0723917547225929,-0.2,0.0,-0.0278027192525837,-0.3336903141831257,-0.3760681373980575,0.0,-0.2217127734342647,-0.2478718084569988,0.0,1,0.17108783911595765
UCovWmXuyKO72RNDbnEp_2RA,0.3555309025682736,-0.2,0.0,1.2292827523886196,0.0922187977167658,0.018731814960174,0.0,-0.2217127734342647,-0.2478718084569988,0.0,1,0.16133786711611975
UCowPYvagfgj_c7qwVGodb2Q,-0.20422408489489,3.4,0.0,0.5021523364871182,-0.2351591017286732,-0.3550976446056808,0.0,-0.2217127734342647,-0.2478718084569988,0.0,1,0.12009863987512648
UCowcCEvOysqBDma_LslGJ8A,-0.3251072958216356,-0.4,0.0,2.0798300445729394,-0.3355267382145349,-0.4796672152411251,0.0,-0.2217127734342647,-0.2478718084569988,0.25,1,0.12423274764683018
UCoxqYBfVRsV_Td0W9DRPGoQ,1.0245526283701856,-0.4,0.0,-0.2233417221379992,0.0602932722476529,-0.16966993477249,0.0,-0.2217127734342647,-0.2478718084569988,0.25,1,0.14541132942430124
UCoyPlDOy79M2IMMA3HC-_jw,-0.2829710451713133,1.2,0.0,3.49094210628677,-0.3352659442692461,-0.2661469208545869,0.0,-0.2217127734342647,-0.2478718084569988,0.0,1,0.14120662578208476
UCoynbeJQZ6hcNhHO3KrR8Lw,1.380957488109644,-0.2,0.0,-0.2081843897649279,-0.3492292867565879,-0.4377649893877917,0.0,-0.2217127734342647,-0.2478718084569988,0.0,1,0.16186335848315747
UCozFHmcBJPwOri74VPIoWiw,-0.1637569517328629,-0.2,0.0,4.059324427765838,-0.3774819641628825,-0.3462858168186313,0.0,-0.2217127734342647,-0.2478718084569988,0.0,1,0.1535539554608093
UCp-6mIXaLqZxjeTkGWCGJrA,0.0267851524932131,-0.2,0.0,-0.0633337422277371,0.7667514707920502,-0.0194488071458267,0.0,-0.2217127734342647,-0.2478718084569988,0.0,1,0.14956435238173416
UCp-Z71UrhORLob0U6BMXjsw,-0.2265263407961705,-0.2,0.0,6.635322840282367,0.1282409614097915,0.1413911040634013,0.0,-0.2217127734342647,-0.2478718084569988,0.0,1,0.12512255341527773
UCp08R7iRtuA2M0MlXOiggog,1.8793849959142772,0.0,0.0,-0.1958555546624979,-0.2016090473086983,-0.3807589846908229,0.0,0.6913574657089212,0.7154674764909068,0.0,1,0.08936540667327769
UCp2dXItjl0dE7Im8JtRW1dA,-0.1872844897811204,0.0,0.0,-0.0670302345564001,0.4316545362695341,0.1110044138360102,0.0,-0.2217127734342647,-0.2478718084569988,0.25,1,0.13864484770240793
UCp33YwpB5FcSNLhUx6hB6HQ,-0.2599943936966672,4.6,0.0,0.149361637724613,-0.2753485353391274,-0.3291870318479263,0.0,-0.2217127734342647,-0.2478718084569988,0.0,1,0.09819810418032021
UCp4fW0VER_W7Mn9fo5KeE7g,0.0141620586222105,0.8,0.0,-0.0819333398241314,-0.3614935171761384,-0.3382655156054872,0.0,-0.2217127734342647,-0.2478718084569988,0.25,1,0.1506832044452993
UCp4ktIQJ_VAoFPHysD0AGgA,0.7095675062725695,-0.4,0.0,-0.2294180346982918,-0.0812526415578832,-0.1362995042660113,0.0,-0.2217127734342647,-0.2478718084569988,0.25,1,0.15278020297139794
UCp7DTZS0eRQIOIsAZBhpLdw,-0.2791065733714788,0.6,0.0,0.9096036012960416,-0.1299885100837414,-0.113207178149751,0.0,-0.2217127734342647,-0.2478718084569988,0.0,1,0.1608353327587443
UCp7cuNFujGu_XQjyTnnhjAw,1.7091850496253689,-0.4,0.0,-0.2475958019491469,2.042783645847348,4.415214716426422,0.0,-0.2217127734342647,-0.2478718084569988,0.25,-1,-0.03451544261349959
UCp8PDbSPfEK5y86sXragZXQ,2.9251063742721124,-0.2,0.0,-0.239756198869874,-0.2680028392134908,-0.1955487756408422,0.0,-0.2217127734342647,-0.2478718084569988,0.0,1,0.15031738781005222
UCp8ZlX0KLPdg1KItQ6qVyoA,-0.2391841390975391,-0.4,0.0,0.7962715501306868,0.03317070193761,-0.3889265934390197,0.0,-0.2217127734342647,-0.2478718084569988,0.25,1,0.14045988823962624
UCp8d8gMpwZPUdHJ5mTFH6_A,-0.2169552284391387,1.8,0.0,3.4720024191104484,0.1318608357024729,-0.1061668374997728,0.0,-0.2217127734342647,-0.2478718084569988,0.0,1,0.12078923564204935
UCp9L1QhJd4BRzgh2klJ1Y8g,0.6500076343434822,-0.2,0.0,0.0037708794331511,-0.3365155819237553,-0.3833400262494225,0.0,-0.2217127734342647,-0.2478718084569988,0.0,1,0.16675489034179886
UCpAYnyGIcOmjrlgmLZzrt5Q,-0.2332477534810408,0.8,0.0,0.4729004677817423,-0.3684282652667744,-0.4199274866901394,0.0,-0.2217127734342647,-0.2478718084569988,0.0,1,0.15729688382606005
UCpAm_Itq_-7F-NDB5A1watw,-0.2698331088864996,5.6,0.0,0.3176587819830636,-0.231032192778968,-0.3487641295560345,0.0,-0.2217127734342647,-0.2478718084569988,0.0,1,0.0781468228070436
UCpB6rV0FW18j2oWexkGpf9w,1.1784539235507472,-0.2,0.0,18.645949818517263,-0.2291554077798356,-0.1407848903191464,0.0,-0.2217127734342647,-0.2478718084569988,0.0,1,0.06230118167801674
UCpC2_ae_kd4Q_Rk2veEY_Qw,-0.1614600968498052,-0.4,0.0,-0.0942887278022984,1.429135492582628,2.611370771631829,0.0,-0.2217127734342647,-0.2478718084569988,0.0,1,0.04380029523728257
UCpC62U3jguClK3_iZHHPr9A,-0.1094319860546348,1.0,0.0,0.2885982333271994,-0.5141542911158328,-0.5491374720194733,0.0,-0.2217127734342647,-0.2478718084569988,0.25,1,0.12380780643573625
UCpCIqWtn3rHaKugfOE-e42Q,0.2254767842569199,0.0,0.0,-0.1939777023585975,-0.3711251117464662,-0.3179237404222718,0.0,0.6913574657089212,0.7154674764909068,0.0,1,0.11023428128508272
UCpDWoBWb5GEm3AlrdXaXiRw,0.269521498907971,-0.4,0.0,0.8059492138376442,0.054360209992331,0.5593667046328624,0.0,-0.2217127734342647,-0.2478718084569988,0.25,1,0.12392338342697662
UCpF0GKx6SJTtkoqpuzyb2Iw,-0.1933889736580118,1.2,0.0,-0.0557712145007651,-0.2896270038436932,-0.139165516131912,0.0,-0.2217127734342647,-0.2478718084569988,0.0,1,0.15287124012721193
UCpFkSc7mzP3OdTRX0pZLj_A,2.594766974720085,0.0,0.0,-0.2191453113105591,-0.3408543859540076,-0.3464395939478068,0.0,-0.2217127734342647,-0.2478718084569988,0.0,1,0.14758665197434678
UCpGfByhEqQGAuUWle1Xka7A,-0.2755520684924349,-0.4,0.0,1.914587928477394,-0.2405977421293849,-0.320132250367949,0.0,-0.2217127734342647,-0.2478718084569988,0.0,1,0.164730698653843
UCpGoQhkei0XZxLSEN3a-mJQ,-0.2941262652291096,-0.4,0.0,0.3068222650679721,-0.1956759850533764,-0.3292834838454447,0.0,-0.2217127734342647,-0.2478718084569988,0.0,1,0.17161662704824465
UCpJTHHz16IR06i2t0JzwZ3w,0.0143364070700016,0.0,0.0,-0.1097215178963579,0.6774528297042977,0.5118038134857469,0.0,-0.2217127734342647,-0.2478718084569988,0.5,1,0.08897084353810208
UCpKuo-jXS_IDN32RXu4HiOA,-0.227495735150862,0.2,0.0,1.069885782764696,-0.366887210135522,-0.4045616738204575,0.0,-0.2217127734342647,-0.2478718084569988,0.25,1,0.13708341482903352
UCpNYXy-lbcqcC3gAF6BHpFQ,0.6491494066340232,-0.4,0.0,-0.2016026630843845,-0.3779057543239769,-0.47520193291316,0.0,-0.2217127734342647,-0.2478718084569988,0.0,1,0.16068436480557063
UCpNik8dt107T4cusNd8MpNA,3.0979318025288727,-0.4,0.0,-0.1968813698262609,-0.2177130734302863,-0.2255630351592323,0.0,-0.2217127734342647,-0.2478718084569988,0.0,1,0.14954366690410886
UCpOusZb_Kt6z0UycO6bXhnw,-0.0531834309221747,-0.4,0.0,-0.07375980299841,0.4552657023876519,0.9137140569883296,0.0,-0.2217127734342647,-0.2478718084569988,0.0,1,0.14135237154602015
UCpOxOFiD74OqNXerWWkc4dQ,-0.0692211194038753,0.6,0.0,-0.0461860700227167,0.0085908725941336,0.3768824263813841,0.0,-0.2217127734342647,-0.2478718084569988,0.25,1,0.13980813737666536
UCpP-udLxmI-nJRdSBaWLqGQ,-0.0250485492244439,-0.4,0.0,-0.1163538666232184,1.1994412252694526,1.6860215682333954,0.0,-0.2217127734342647,-0.2478718084569988,0.5,1,0.03635392221149042
UCpPdp3vI2rxEPxTFTb_6CgA,0.0194942229680461,2.2,0.0,7.105906743364177,-0.3261562668747805,-0.2950170906026689,0.0,-0.2217127734342647,-0.2478718084569988,0.0,1,0.11427120944106173
UCpQ_HC3Mec7kbm9a0nQGELA,0.6761821655977784,-0.2,0.0,-0.1968736782173597,0.1247093767340046,-0.1932416544162371,0.0,-0.2217127734342647,-0.2478718084569988,0.0,1,0.1573564248270427
UCpR4vzdJ-xJy_XYzyJ6r7Tg,-0.2702507096841711,-0.2,0.0,1.7542448933083576,-0.3110881722580901,-0.3654973110495652,0.0,-0.2217127734342647,-0.2478718084569988,0.0,1,0.16307937064528188
UCpRp9c3v4pDsSTGTBKF7TUw,0.342555485280526,0.0,0.0,0.1824680501579316,-0.175576223127184,-0.2800375858082589,0.0,-0.2217127734342647,-0.2478718084569988,0.0,1,0.17309554015479983
UCpS9AcD10Y1fVdxKg7Fzqmw,0.4049108082566622,0.4,0.0,-0.1364131332160352,0.2250063815263505,-0.0616350411936983,0.0,-0.2217127734342647,-0.2478718084569988,0.0,1,0.15096253713998298
UCpSK84XGllQ7NokTBpJLTYw,-0.163190691110724,-0.4,0.0,2.7795939886733394,-0.0329405631931194,-0.1148672433431915,0.0,-0.2217127734342647,-0.2478718084569988,0.0,1,0.15411216457997534
UCpUQqSHhMhPVA1iZYpXv6Og,-0.2712976909343429,-0.4,0.0,0.4977104477939244,0.0102860332385113,-0.1045245555934182,0.0,-0.2217127734342647,-0.2478718084569988,0.25,1,0.15294779467945308
UCpUww68nJFx0dGFIXzgPy_g,0.5153528378367414,0.6,0.0,-0.1388620232456206,-0.1422784247554796,-0.0327320812690988,0.0,-0.2217127734342647,-0.2478718084569988,0.0,1,0.1595477467585234
UCpV6HLZ8e_OZaR4lAwNBkWQ,-0.3267530570305486,0.0,0.0,13.808198592326324,-0.4546723149336518,-0.5303864591600721,0.0,-0.2217127734342647,-0.2478718084569988,0.0,1,0.09262010232033147
UCpVwN_26jL6arM4yM03770w,-0.1519245083333009,1.0,0.0,0.2209845529705975,0.9468622892571784,-0.1206760510484373,0.0,-0.2217127734342647,-0.2478718084569988,0.0,1,0.1109036211341054
UCpWXJPjR6_MYdO3CCu95n1A,-0.1512428983251708,0.4,0.0,-0.0775547194345273,-0.4200964192507102,-0.4758450360160385,0.0,-0.2217127734342647,-0.2478718084569988,0.5,1,0.10400851143427892
UCpYWiUZ-YP21Kzr5axzqGew,1.6201315532822576,-0.4,0.0,-0.2135508172103581,0.0162190954938332,-0.212963912802018,0.0,-0.2217127734342647,-0.2478718084569988,0.0,1,0.1598242032031576
UCpYXpWvwZiNL9cTmDktlVlw,-0.1774680937633038,-0.4,0.0,1.493826071573663,-0.250768705995651,-0.345016502578103,0.0,-0.2217127734342647,-0.2478718084569988,0.0,1,0.16779255931450637
UCp_58LybrkbVyvW58LGzgfg,-0.0438192758649321,1.6,0.0,0.1860400104230234,-0.2951254095235336,-0.3326503028790706,0.0,-0.2217127734342647,-0.2478718084569988,0.25,1,0.14137317968908747
UCpc2wbejKm1C8Lky19qlOKg,4.679836522164157,0.2,0.0,-0.231241837874315,-0.5454088154965462,-0.5805112040921605,0.0,-0.2217127734342647,-0.2478718084569988,0.0,1,0.1067960692543996
UCpcnz26gq7JDuAOVWGLl47Q,0.9827770632046522,0.4,0.0,-0.2214980108003128,0.6455003969233692,0.8402212157544409,0.0,-0.2217127734342647,-0.2478718084569988,0.0,1,0.1210377817419378
UCpcqX1wtK3S7QC4b7K-k8FQ,0.4820429043192889,0.4,0.0,-0.1646464430301051,0.1228258649069183,0.2785711600525392,0.0,-0.2217127734342647,-0.2478718084569988,0.25,1,0.13937215423094157
UCpcuT8NsgzbhHh8L8trRGtA,0.5124882074556163,0.0,0.0,-0.1508862039912509,-0.0986885796143393,0.2248470296754531,0.0,-0.2217127734342647,-0.2478718084569988,0.0,1,0.15778423027507765
UCpdXdtxaS6of0CroCqyP3Kw,-0.2535542521569539,0.0,0.0,0.326339932752803,-0.2603342553460679,-0.4397853887001712,0.0,-0.2217127734342647,-0.2478718084569988,0.0,1,0.17069892864563285
UCpeBLoggNonGutdbS4WDnvQ,0.043482241218734,0.2,0.0,-0.1362695305221141,-0.1459865886650558,-0.3270496091497919,0.0,-0.2217127734342647,-0.2478718084569988,0.25,1,0.15545141820976072
UCpgLy7wx0OVMuyhPtryOB3w,0.172263875226333,0.8,0.0,-0.157813305690071,0.0206881553744653,-0.2450983184082767,0.0,-0.2217127734342647,-0.2478718084569988,0.5,1,0.10831072545057507
UCpiI1evZOZYOiUBCn9wJCEw,3.412849058184884,-0.4,0.0,-0.242793723660477,0.0340182822597988,-0.1592727315700632,0.0,-0.2217127734342647,-0.2478718084569988,0.0,1,0.14544979591103485
UCpiKAGe27le2DBcUsopLApQ,-0.2466417355784146,3.0,0.0,0.6083988171987871,-0.0012718802458818,-0.1406921330092851,0.0,5.256708661424851,3.123815688860671,0.0,-1,-0.04539152508603228
UCpijOBQmHni-VITljlIDRqw,1.8745915918368528,0.4,0.0,-0.2227174187327589,-0.366887210135522,-0.4408528442809543,0.0,-0.2217127734342647,-0.2478718084569988,0.0,1,0.15592722482254623
UCpjexoE4MnR65AqpxAsT_fQ,-0.2887337108899395,3.4,0.0,1.1598918354727823,-0.3006699974645189,-0.3819411495113983,0.0,-0.2217127734342647,-0.2478718084569988,0.0,1,0.12008908231518595
UCpmTzaCYFayfSDVxMQyIqxQ,-0.2075626189623691,0.2,0.0,0.1547679796629648,-0.2556422928482368,-0.3310995980264923,0.0,-0.2217127734342647,-0.2478718084569988,0.25,1,0.15629111045908967
UCpnt-lNJhewVspZJxHwb5mw,-0.2192872536916737,-0.2,0.0,0.0060004973524055,-0.2030216811790131,-0.2800755623860416,0.0,-0.2217127734342647,-0.2478718084569988,0.0,1,0.1742031580386586
UCpolSc4fu09jk6A1JlAk4Jw,0.2479272455198891,2.2,0.0,-0.0108684635048988,-0.2771849593705365,-0.3117692793248379,0.0,-0.2217127734342647,-0.2478718084569988,0.0,1,0.1509548492912483
UCppd6BClODIJSrQYTSZX9mA,0.1775264164865579,-0.2,0.0,-0.0747240994770594,-0.1994900965032262,-0.0516137674110652,0.0,-0.2217127734342647,-0.2478718084569988,0.25,1,0.15907244253994662
UCpqhplEG8-E_T896b2MQe9g,5.616650566497322,-0.2,0.0,-0.2463732556701389,0.0053418146924098,-0.0914999828882818,0.0,-0.2217127734342647,-0.2478718084569988,0.25,1,0.11345616863459312
UCpsxvI_4J0OuOvPQTqiAlXg,12.954501724023489,-0.4,0.0,2.168939108841936,0.6425809535913852,0.1734974519226322,0.0,-0.2217127734342647,-0.2478718084569988,0.0,1,0.0664125390954215
UCpwrxvKLuBcQwLZosZ-lLDQ,-0.3577913499331786,-0.2,0.0,13.606858899882956,-0.3577050899784763,-0.4079049180114659,0.0,-0.2217127734342647,-0.2478718084569988,0.0,1,0.10395474138890032
UCpxetUWFBzzUx1DADMqHRfA,0.3757155134088586,-0.4,0.0,0.0760948264903073,-0.1465163263664238,-0.2444457693745929,0.0,-0.2217127734342647,-0.2478718084569988,0.0,1,0.1726405132075019
UCpy6SAM6SGEWqo4tY1X1ECA,-0.2907838429800802,2.2,0.0,1.28901823817614,-0.1368633282526065,-0.330290017481711,0.0,-0.2217127734342647,-0.2478718084569988,0.25,1,0.11807035071986727
UCpziFMD2P9exl1mHaAhjXSg,-0.2370131841757538,0.8,0.0,50.50531437387784,-0.4312262618653111,-0.3773176072015452,0.0,1.6044277048521072,1.1971371189648596,0.0,-1,-0.09709815060108318
UCpzwGD0xJV0mu4qZDV48VUw,-0.1124817342742441,-0.4,0.0,-0.0291743205838147,0.3221955918040041,-0.2545819388655184,0.0,-0.2217127734342647,-0.2478718084569988,0.25,1,0.13452740744998615
UCq-9TvVYgr4onqvX6fC-YDA,-0.1142710047294669,-0.2,0.0,16.639835862969367,-0.2842481287221102,-0.3541038664229734,0.0,-0.2217127734342647,-0.2478718084569988,0.0,1,0.09326973045568737
UCq-g0LTHEC0icWYOTStv4zQ,0.1799668816076539,0.0,0.0,-0.0910665056965456,-0.2119010940781343,-0.3806724484836487,0.0,-0.2217127734342647,-0.2478718084569988,0.0,1,0.17017868246100848
UCq01OSJO_abJddWEXmqgSOA,-0.2844246268893361,1.2,0.0,1.750893690793189,-0.2808252081901937,-0.3007416380788558,0.0,-0.2217127734342647,-0.2478718084569988,0.0,1,0.14919697415409205
UCq119kYAubeVfrWhYFykIlQ,0.0244981947995562,-0.4,0.0,-0.0751403349247002,-0.1278695592782693,-0.324792978152817,0.0,-0.2217127734342647,-0.2478718084569988,0.0,1,0.17223658247156415
UCq15xzbYB8IJisLWbvO5AMA,0.8374029625467173,0.2,0.0,-0.110495964714099,-0.1814790146567134,-0.050381820082934,0.0,-0.2217127734342647,-0.2478718084569988,0.0,1,0.1616062356531311
UCq20xIJO2Q0DAU0KHMYLbzQ,-0.2544000415948091,4.8,0.0,0.2450582597613231,-0.2858202535132669,-0.3428102986114664,0.0,1.6044277048521072,3.605485331334624,0.5,-1,-0.062402261015396476
UCq3mPiOPEle27lj8qnnLSPg,-0.2484497935555083,0.4,0.0,1.0648894854325042,-0.287779713397897,-0.3309487575718834,0.0,-0.2217127734342647,-0.2478718084569988,0.0,1,0.16551410978543601
UCq3rP5x7uZ0mECyPW2tmZ3A,-0.0442510407525367,0.2,0.0,-0.1053292722929613,-0.4251583572860046,-0.3619176278457488,0.0,-0.2217127734342647,-0.2478718084569988,0.5,1,0.11067501232207788
UCq4Y78rboT-gqem7y1fmLyA,-0.2623011457691255,-0.4,0.0,0.5721467519676091,-0.1727913163542778,-0.0958981991247895,0.0,-0.2217127734342647,-0.2478718084569988,0.25,1,0.15399319371781411
UCq4eJXEEmcnCLAfbRXiBOWA,0.1933977715912899,0.0,0.0,-0.1390263029086919,0.0066535461434163,-0.1743937848477662,0.0,-0.2217127734342647,-0.2478718084569988,0.25,1,0.15615500990902043
UCq6ELOz1Rf_VgNBgs_92A9Q,6.596607519841196,0.2,0.0,4.32987055843533,-0.4240988818832686,-0.5080356318343653,0.0,-0.2217127734342647,-0.2478718084569988,0.0,1,0.08531209829563052
UCq6nfVndj-E3C9By_uW4_OA,0.5406967121234807,0.2,0.0,-0.1926123583440261,-0.4050283246340197,-0.504163277568646,0.0,-0.2217127734342647,-0.2478718084569988,0.0,1,0.1574871915456278
UCq7LuBnCMDn6s01_wmWsIoA,-0.3317030656150883,0.6,0.0,4.543731937622999,0.1874303205759788,0.6989935752462061,0.0,-0.2217127734342647,-0.2478718084569988,0.0,1,0.11721850242285686
UCq9AJnrPqNsoujSA8v4zL9w,-0.1496301277475934,-0.4,0.0,0.360315063718059,-0.3838388165792987,-0.3967452638077238,0.0,-0.2217127734342647,-0.2478718084569988,0.25,1,0.14619326421722012
UCq9PEZg1opT2a6X469kIGmQ,0.0372928368931485,0.0,0.0,-0.0984484128624164,-0.2567017682509729,-0.4406756793411121,0.0,-0.2217127734342647,-0.2478718084569988,0.0,1,0.17107310074847776
UCqA7P6F7M7hH9HF3QhSho_w,1.2466498001740272,-0.4,0.0,-0.2231872439041906,0.0619884328920305,-0.1822482754325913,0.0,-0.2217127734342647,-0.2478718084569988,0.0,1,0.15833602925652362
UCqAlovQUyJM7QCRch_QYPQw,-0.3478035835759308,1.8,0.0,7.529596879549819,0.0603462460177896,0.0147314457320037,0.0,-0.2217127734342647,-0.2478718084569988,0.0,1,0.10713210456275607
UCqBDFiI1X8oEjCd_oRNLAIA,-0.2239202492402059,1.4,0.0,0.2942347765481911,-0.4089635189870393,-0.42146544179969,0.0,-0.2217127734342647,-0.2478718084569988,0.25,1,0.13156634918796328
UCqBw_4n-0ZbiESnEYSz_Xrg,-0.2335957617966556,1.0,0.0,0.7864321622213422,-0.2528170251076074,-0.2052246269204398,0.0,-0.2217127734342647,-0.2478718084569988,0.0,1,0.15691125706685305
UCqFQzK13crK1tRI72pCfU3A,0.9351350568455492,-0.2,0.0,-0.2254726385273618,-0.2030216811790131,-0.4057906440449823,0.0,-0.2217127734342647,-0.2478718084569988,0.0,1,0.16555800281367966
UCqG01a5zwy2V1AzkBKPmoCA,0.3051089642244132,-0.4,0.0,-0.1785254002946011,-0.1490590673329903,-0.1424030636678888,0.0,-0.2217127734342647,-0.2478718084569988,0.25,1,0.1578278392935598
UCqGUd1lvGgoulG-e0RMBt4g,-0.3046551073961821,2.6,0.0,0.8164327477501173,-0.1825384900594495,-0.0888175390111235,0.0,-0.2217127734342647,-0.2478718084569988,0.25,1,0.10821653710920387
UCqGniKDUlbTL8XlbBqmAIGw,0.9522579014508242,-0.4,0.0,0.1741549245761968,-0.0448066877037631,0.060268274457121,0.0,-0.2217127734342647,-0.2478718084569988,0.25,1,0.14710066793459453
UCqGyYR-9di6-4xk00y_1vEA,-0.3129858645907467,0.0,0.0,1.5081078050262926,-0.4250070036570424,-0.4973125834287101,0.0,0.6913574657089212,0.7154674764909068,0.0,1,0.09962320145763948
UCqHp3k1fQiqW0GSWM_x2nZw,-0.2958872580003304,4.6,0.0,0.5811950334550534,-0.4467010238083043,-0.4712421136142428,0.0,1.6044277048521072,4.087154973808577,0.25,-1,-0.054906828487768955
UCqIYIaVqtEuIm_8d-M1aG6Q,0.0305061927326827,0.0,0.0,-0.132881972222172,0.1967537041200559,-0.0667059650284136,0.0,-0.2217127734342647,-0.2478718084569988,0.25,1,0.1473774202296244
UCqJqNDGymdfCpmGYklZXVHQ,-0.1950593839110565,0.8,0.0,0.5219753535309936,0.5065057855017954,0.0651375370138012,0.0,-0.2217127734342647,-0.2478718084569988,0.25,1,0.11766645399930709
UCqKcD9HqCb9ePC4tROYfZ7Q,0.137164971168488,-0.4,0.0,-0.1073782415384462,-0.4135041278559081,-0.4517012211181606,0.0,-0.2217127734342647,-0.2478718084569988,0.5,1,0.11436230434962263
UCqLjmaxQzyql8-IGrS3vVZg,-0.2471018906180825,-0.2,0.0,0.5372097545036212,-0.1684121513563022,-0.4406381872784003,0.0,-0.2217127734342647,-0.2478718084569988,0.0,1,0.169997506750528
UCqO9xAV3uhv_OEaiVSOz8pw,-0.0092229433727578,0.0,0.0,-0.0864121014812335,0.2815117363389399,0.3929805116967194,0.0,-0.2217127734342647,-0.2478718084569988,0.0,1,0.15351477388011964
UCqOrNyhlncLMtYSfaM_-etA,0.1082199338241016,-0.4,0.0,0.1292225874785655,-0.1160034347676256,-0.0667732796030611,0.0,-0.2217127734342647,-0.2478718084569988,0.25,1,0.1583998125184632
UCqP6aBsNKQTVm8ELSJVQGSA,-0.3291637295917141,0.4,0.0,1.9851632020351613,0.7467391576292581,0.4548801854394864,0.0,-0.2217127734342647,-0.2478718084569988,0.0,1,0.12550900907293872
UCqP92ZwT6KcWu_WZudXN8Pw,-0.2235451659602659,-0.4,0.0,0.2079366885374756,-0.1185461757341921,-0.1717554323319446,0.0,-0.2217127734342647,-0.2478718084569988,0.0,1,0.169986240029189
UCqPDJtlv_d8KmIy_9EnyJuw,-0.0373238918496863,-0.2,0.0,2.9114360525284844,0.1148209396418015,0.2928571286625983,0.0,-0.2217127734342647,-0.2478718084569988,0.0,1,0.14079231635152495
UCqQ0GC6MbDfQM13CDPSI_WA,0.0680326992378295,0.0,0.0,-0.1397601142145173,0.6919827780846776,2.2080287216937498,0.0,-0.2217127734342647,-0.2478718084569988,0.25,1,0.0839783184774417
UCqRHiSJ0GYM4NuPTglpQFYA,1.282377240026279,-0.4,0.0,-0.2317546815488083,-0.3516307643361229,-0.4276885193010291,0.0,-0.2217127734342647,-0.2478718084569988,0.0,1,0.16114620829056858
UCqSl22KxPQ2cbQ_-OeuY2iw,0.6065522755282895,2.4,0.0,-0.1566832363447307,0.1075347228370202,0.0443554942788098,0.0,-0.2217127734342647,-0.2478718084569988,0.25,1,0.10013450717831501
UCqUggwObbmuAwztRIlf8c7A,1.277100624191517,-0.4,0.0,-0.2437648037596055,-0.0982042480016599,0.1379349632067571,0.0,-0.2217127734342647,-0.2478718084569988,0.0,1,0.16079773572164485
UCqV4LHtNRHrtWCLeHt9uaMw,7.045345203590367,-0.2,0.0,-0.2423234895873548,1.0492782448549969,0.907089518904816,0.0,-0.2217127734342647,-0.2478718084569988,0.0,1,0.07497532085519604
UCqV7i_LqvXGbJxjJ0XOygsQ,1.5916050256611,1.6,0.0,-0.2300469520674908,-0.356433719495193,-0.1338317574542084,0.0,6.169778900568036,3.605485331334624,0.0,-1,-0.05654504092989643
UCqWg85o9jw_dw5_1GruQlww,-0.3389750760231017,1.4,0.0,2.62768391220996,-0.2394474545492715,-0.1424934811146303,0.0,1.6044277048521072,1.1971371189648596,0.0,1,0.050164557079422745
UCqWiGS4zfIyQm2zJiIu-itw,0.0323367688048941,-0.4,0.0,-0.0385358072605592,0.0891110032020734,0.0963412352203858,0.0,-0.2217127734342647,-0.2478718084569988,0.5,1,0.11553647158102343
UCqXKSekqRmPqzC4F2mPidOQ,-0.2980936242945818,-0.2,0.0,0.9944720976166692,-0.2037279981141704,-0.4333885232421972,0.0,-0.2217127734342647,-0.2478718084569988,0.0,1,0.16954999275413796
UCqXW_nCiHlRiI59Q_8N1Y3w,-0.25287255798905,0.0,0.0,0.2840210272326474,0.0980711380366411,0.0855627527930438,0.0,0.6913574657089212,0.7154674764909068,0.0,1,0.104867297877138
UCqXiUEGnj8yhQyRannjwJNA,-0.2823853708315039,-0.4,0.0,0.231288605297092,-0.0583679728587845,-0.1128572859928839,0.0,-0.2217127734342647,-0.2478718084569988,0.0,1,0.16797530068802813
UCqXicsPP6RKupSu7HBylVbg,0.2190143235451907,0.0,0.0,-0.1890645598516221,-0.1779978811905807,-0.2770109731100524,0.0,-0.2217127734342647,-0.2478718084569988,0.0,1,0.1726476285738845
UCqYbpPvmr-7d84Dg2yPKF_g,0.0460712399246366,-0.4,0.0,-0.1101853310085488,-0.1838098605427327,-0.4128493472028846,0.0,-0.2217127734342647,-0.2478718084569988,0.25,1,0.1520964853321487
UCqZJcM9b0B7OlfgF5Aa-SEw,1.999232890135502,0.0,0.0,-0.236938356677353,-0.3511464327234435,-0.4430381762665723,0.0,-0.2217127734342647,-0.2478718084569988,0.5,1,0.08072995779437381
UCq_s2lcGCvg3OogL3nkcpzA,-0.1979510341701095,-0.4,0.0,0.1731001067233814,0.2196383728191546,0.2913911052283045,0.0,-0.2217127734342647,-0.2478718084569988,0.5,1,0.09167948019185629
UCqb_OqYFKABD4dmnwvngvbg,-0.095926564175308,-0.4,0.0,0.0800263042679796,0.3001585034270944,0.2105211295836325,0.0,-0.2217127734342647,-0.2478718084569988,0.25,1,0.13787270380804872
UCqbnfostWBV94jO-Vv4WIUQ,-0.3079761698946172,1.4,0.0,2.212598347191268,-0.2930266392019231,-0.3647894164194036,0.0,-0.2217127734342647,-0.2478718084569988,0.0,1,0.14680964449344613
UCqbo-OEbMMzsgyVlZzqsWVQ,8.996051542896035,-0.4,0.0,-0.2528828916206447,-0.2719582140503719,-0.3198759873807578,0.0,-0.2217127734342647,-0.2478718084569988,0.0,1,0.12411433584264309
UCqby6TQTzysGi1Nn43QdsjQ,-0.2654399686933409,1.4,0.0,1.0564778042499323,0.071130192081353,0.1013693307449915,0.0,-0.2217127734342647,-0.2478718084569988,0.5,1,0.07844075069918705
UCqchqzuaHKUJPdU-TjRk-yA,1.0046062570173169,-0.2,0.0,-0.2176043342453417,0.1324788630207357,0.9567850112269396,0.0,-0.2217127734342647,-0.2478718084569988,0.0,1,0.13734323469900322
UCqeZoWSVkXlfXVKmtQz3m4w,-0.1632288659841267,-0.4,0.0,0.03197646625006,0.4256003911110425,0.3330304564872454,0.0,-0.2217127734342647,-0.2478718084569988,0.5,1,0.09275626051946162
UCqflK1qV7JOqpLX6RB1h4uQ,0.0689798754122337,0.2,0.0,-0.1613869455808002,-0.3833090788779307,-0.4725246000042922,0.0,-0.2217127734342647,-0.2478718084569988,0.25,1,0.14694471416762162
UCqgjbtDc8NFc-8FqVmQQfrQ,0.0999020530749308,-0.4,0.0,-0.123551422673466,0.0585981116032752,-0.2015667251019944,0.0,-0.2217127734342647,-0.2478718084569988,0.0,1,0.16645849573964755
UCqhnAU_fXoUKINKnxijG0CQ,-0.3204918475859439,6.6,0.0,1.646762488630636,-0.2946309876689235,-0.2003237840837953,0.0,2.517497943995293,2.6421460463867183,0.0,-1,-0.04439393593593277
UCqhvTbBWu20Aq2ZP56k0uXA,-0.3361525591927937,-0.4,0.0,6.689784330766879,-0.4270654130109295,-0.560522861322425,0.0,-0.2217127734342647,-0.2478718084569988,0.0,1,0.11976761777321199
UCqi9t5RPOhg74FGrFQnfrFA,-0.1457702238813286,-0.4,0.0,-0.1328837466206801,0.3162625295486822,-0.0761684343980637,0.0,-0.2217127734342647,-0.2478718084569988,0.25,1,0.13942178311521203
UCqjhqpic_bqdKnrHxGtIYUQ,0.0738010437990396,0.6,0.0,-0.1272762696538324,-0.3999428427008867,-0.3824253998519218,0.0,-0.2217127734342647,-0.2478718084569988,0.25,1,0.14310389843020271
UCqjnrL9Mb9LxLWU9kztvxOQ,-0.2354170213819056,0.2,0.0,0.263664182162016,-0.0336821959750346,-0.0924627787782173,0.0,-0.2217127734342647,-0.2478718084569988,0.25,1,0.1501321016844811
UCqjuMzCcvB-3QPoT7xSKbeQ,-0.1777353178771222,-0.4,0.0,3.4639782172180063,-0.3499356036917452,-0.38377882184485,0.0,-0.2217127734342647,-0.2478718084569988,0.25,1,0.10584986315810802
UCqkMnInkRmectJ50NNI9GJA,1.648788158249824,-0.4,0.0,-0.2389195537594711,-0.0109034748162095,0.0540770460232148,0.0,-0.2217127734342647,-0.2478718084569988,0.0,1,0.16011639056953708
UCqkcSrAiUudfBxk-BASXj-w,-0.1480377220634947,2.4,0.0,0.161206080337139,0.0551185713332367,0.385880042588361,0.0,-0.2217127734342647,-0.2478718084569988,0.5,1,0.05373398047388728
UCqlmIO-ip1j77Go7bD-b56g,2.395989197011901,-0.4,0.0,-0.2125222572404438,-0.0897284447797716,-0.1750271638278019,0.0,-0.2217127734342647,-0.2478718084569988,0.0,1,0.1542026779928412
UCqm2a570tcEqMI37Vc8LT5g,1.0116876960335026,-0.4,0.0,-0.0993507215581474,-0.5660685858498992,-0.6003272946293761,0.0,-0.2217127734342647,-0.2478718084569988,0.0,1,0.13814873226928587
UCqn4rh0CiItdJ5gN30C25aQ,-0.1056027163460387,0.4,0.0,-0.090832291818797,0.321536362664524,0.2601292825995475,0.0,-0.2217127734342647,-0.2478718084569988,0.0,1,0.1478759031391353
UCqrTg0xrPzTVsf0hhM857Kw,-0.1370946304295332,-0.2,0.0,0.0943249533518199,-0.2538765005103434,-0.2646457040607286,0.0,-0.2217127734342647,-0.2478718084569988,0.0,1,0.17323423260203846
UCqtj5TWPo0MlM2PgeETV6pQ,-0.3361318222245256,2.2,0.0,2.6252278377930742,-0.190778854302952,-0.3368604501581059,0.0,0.6913574657089212,0.7154674764909068,0.0,1,0.08546374902738069
UCqtyUhaabeICdL9nkXiAIFA,5.741049148008287,0.0,0.0,4.295071308803273,-0.0811315586547133,-0.0991159208521481,0.0,-0.2217127734342647,-0.2478718084569988,0.0,1,0.10593197373547275
UCqulS1oZEKBrZeVyXZ4bRww,-0.2110266352526068,-0.2,0.0,13.99310260869794,-0.4092662262449639,-0.4883119651657835,0.0,-0.2217127734342647,-0.2478718084569988,0.0,1,0.0991647876696179
UCqvEP3DIC-NleJg-zsX36fg,-0.1933116302373456,3.0,0.0,0.5059431252536699,-0.271341791997871,-0.4272671208426951,0.0,-0.2217127734342647,-0.2478718084569988,0.0,1,0.1341681570197768
UCqvciUz7kR6fwgf2JAbKRiQ,3.948964726588208,0.4,0.0,-0.2471366636748138,0.2918710513879146,0.8925281424924321,0.0,-0.2217127734342647,-0.2478718084569988,0.25,1,0.08788233872268647
UCqxv6qyr8l_yu3iaGbAJOug,-0.1892970024523656,0.2,0.0,0.0234264304876169,-0.1253268183117028,-0.20135303373483,0.0,-0.2217127734342647,-0.2478718084569988,0.5,1,0.11977344940300294
UCqyUSD-HqLpWt8uCr_zjI6A,1.9253057329154,-0.4,0.0,-0.2326307302785388,-0.3745154330352215,-0.3742484647842931,0.0,-0.2217127734342647,-0.2478718084569988,0.25,1,0.13661816959677342
UCqzzCQlNtaOhMHHIrto6fBw,-0.2490671896562173,-0.4,0.0,1.8234190481243755,-0.1939808244089988,-0.2247120707133051,0.0,-0.2217127734342647,-0.2478718084569988,0.0,1,0.1648808924852439
UCr-6q0QuR9W0VvTD-wBf-ng,5.128067328427592,-0.4,0.0,-0.2508479139735646,-0.1583824508770675,-0.2131494069964022,0.0,-0.2217127734342647,-0.2478718084569988,0.0,1,0.1381423373531328
UCr-BSK33xvUOtvVnuBsy2EA,-0.0640439467578534,0.4,0.0,-0.014993687507825,0.0046354977572524,-0.2006694898804704,0.0,-0.2217127734342647,-0.2478718084569988,0.25,1,0.15339483444685764
UCr-FnUC0ER_uxLoa2qbJpAA,3.3827248414176165,-0.4,0.0,-0.2480985396932482,-0.3660396298133331,-0.4774711297379462,0.0,-0.2217127734342647,-0.2478718084569988,0.25,1,0.11128477114264468
UCr-af13Tows760eSvmZKNLQ,-0.3372765971318708,-0.4,0.0,3.1084614940287567,-0.2253412963299858,-0.3103263747527292,0.0,-0.2217127734342647,-0.2478718084569988,0.0,1,0.1586892181722498
UCr-o4MTND4KX6lguu7qGesQ,-0.3348546134971046,2.0,0.0,4.288644745052356,-0.0764663056208168,-0.0313426363249756,0.0,-0.2217127734342647,-0.2478718084569988,0.0,1,0.12761020528614636
UCr11YlR9AkuS8wLjUlye-ww,-0.2507935422645359,-0.4,0.0,-0.0429912141570909,-0.3732440625519382,-0.4505776818934778,0.0,0.6913574657089212,0.7154674764909068,0.0,1,0.10048440454086205
UCr1xxXMSfRHGWyjFRF-TJaw,-0.3195079881082822,1.2,0.0,2.3326600758081955,-0.2316003510169188,-0.4627772930830234,0.0,-0.2217127734342647,-0.2478718084569988,0.0,1,0.1468686297466701
UCr3vs-1V2EuzYnzqgpwSjGQ,1.213509768407953,-0.4,0.0,-0.2398484567336504,-0.3084041679044921,-0.4373318487272535,0.0,-0.2217127734342647,-0.2478718084569988,0.25,1,0.14591135741730193
UCr7n8G6hHacM42_W8qoYVEA,23.745675258639935,0.2,0.0,2.869671613602205,-0.4124446524531721,-0.3403868650530368,0.0,-0.2217127734342647,-0.2478718084569988,0.0,1,0.004992628012210731
UCr7uJPi8MwKMMUexq8WygCg,0.1769304642962169,-0.4,0.0,-0.1293345571665526,-0.1176985954120033,-0.2421709571594234,0.0,-0.2217127734342647,-0.2478718084569988,0.25,1,0.1601095327234432
UCr8fyhCxAiQmsXvw_KcWPhw,-0.1720175701719298,-0.4,0.0,0.0976223111049163,-0.0702340973694283,-0.6003272946293761,0.0,-0.2217127734342647,-0.2478718084569988,0.0,1,0.1484077188116052
UCr8jIVvxi3HJElD6BstMBPQ,-0.1486710152419747,2.0,0.0,0.496068569627958,0.5921249955881439,0.4757246243387127,0.0,-0.2217127734342647,-0.2478718084569988,0.0,1,0.1161296184707542
UCr9ggtjL1Xc-SrS9QR44yww,-0.28976054429026,0.2,0.0,1.3076471855771226,-0.0193792780380979,0.2060011265170204,0.0,-0.2217127734342647,-0.2478718084569988,0.25,1,0.1287200829993808
UCr9uS3hKv_zivKamtwOdoWQ,0.1508539960103703,0.0,0.0,-0.1590726977178776,-0.3063457585506049,-0.2180227331408318,0.0,-0.2217127734342647,-0.2478718084569988,0.25,1,0.15958231391632072
UCrANN6j4YMWU3l9Wkz51fkA,-0.0161939815976529,5.8,0.0,3.512033994944629,-0.3642973813732783,-0.3706257516612526,0.0,-0.2217127734342647,-0.2478718084569988,0.0,1,0.04245763428869853
UCrCFkOV3cMcTnFbAYdRazmA,-0.0395889343382417,-0.4,0.0,-0.0932790082344069,-0.3414598004698568,-0.2096451846922565,0.0,-0.2217127734342647,-0.2478718084569988,0.5,1,0.11766095318427505
UCrCYmYYlKZ9MFgSsH9mys8Q,-0.2124444469088152,4.0,0.0,0.5109072436910707,-0.1586021939235609,0.3827379968708156,0.0,-0.2217127734342647,-0.2478718084569988,0.0,1,0.0955883791945184
UCrF5mQQgViJqtRsgBLuW0Tg,-0.0145250091231217,-0.4,0.0,-0.1552124247593596,-0.1338026215335912,-0.3112774937664153,0.0,-0.2217127734342647,-0.2478718084569988,0.0,1,0.17162190585006376
UCrG9Co7DeBN3bcETvHwMBlA,-0.168130095563763,2.6,0.0,0.7518551604270391,-0.4431694391325175,-0.4746801055698471,0.0,0.6913574657089212,0.7154674764909068,0.0,1,0.06884910886756196
UCrGKTVo_6r05NzT8L9M23cg,-0.3059760287101228,0.4,0.0,1.1717105599876785,0.1308307901720352,-0.1654817815800581,0.0,0.6913574657089212,2.6421460463867183,0.25,1,0.03478657302395077
UCrGTXbYBop5_fyG2irmjdaQ,-0.131161972325926,-0.4,0.0,13.704978358983425,0.4976447184970938,-0.6003272946293761,0.0,-0.2217127734342647,-0.2478718084569988,0.0,1,0.06052087702402442
UCrG_1cvT6XyzFvmItevItfA,-0.1791223382774173,0.4,0.0,-0.0310856244331807,0.2066421412122591,0.3639253798219034,0.0,-0.2217127734342647,-0.2478718084569988,0.25,1,0.13787629119754757
UCrHBRHEtorBzNhyGcF9WyYA,-0.3596612117878069,-0.2,0.0,12.0213300839528,-0.3096755383877753,-0.3796801520892437,0.0,-0.2217127734342647,-0.2478718084569988,0.0,1,0.11515464228270506
UCrKK0YEit1N0TZ8VXQ6zFcg,0.3435977199194545,-0.2,0.0,-0.1804266939717624,0.0328881751635471,-0.2051878213681314,0.0,-0.2217127734342647,-0.2478718084569988,0.25,1,0.15792681320821544
UCrKpgHkZL5dkuCNhId3EdDw,-0.3376783422281555,0.0,0.0,1.606675216397328,-0.4613318746079926,-0.5269520044477275,0.0,0.6913574657089212,0.7154674764909068,0.25,1,0.06942793061608554
UCrMkagdXeD-zXHtLBj-EBdA,3.058717724239181,-0.4,0.0,-0.247701114839601,-0.1329550412114024,-0.0736618276705937,0.0,-0.2217127734342647,-0.2478718084569988,0.0,1,0.14864834584681624
UCrPqCMsj-E3wz8fVyoJuGOA,-0.0531806031537745,-0.2,0.0,0.5624928146511381,-0.411385177050436,-0.4687955008778283,0.0,-0.2217127734342647,-0.2478718084569988,0.0,1,0.17019163752147248
UCrQHMfazqWin1eKB7kO6APA,-0.2853412724873317,0.2,0.0,0.5044497786444748,-0.2270364569743635,-0.3226709270777546,0.0,0.6913574657089212,0.7154674764909068,0.25,1,0.10709886313491196
UCrRHqDPal1wHhm5t-CLsuVw,-0.1312510470305322,-0.4,0.0,0.0821122681639129,0.03317070193761,-0.3473721082862552,0.0,-0.2217127734342647,-0.2478718084569988,0.25,1,0.14973588040909486
UCrStuD-TSbRS68M6dhtTtBg,4.133035011535707,2.6,0.0,-0.2465865252559664,-0.3039543712130007,-0.2788413253737563,0.0,0.6913574657089212,0.7154674764909068,0.0,1,0.03119472699122644
UCrT87YEYEYsEuQ2pNyS57cw,0.1899815580525792,0.4,0.0,-0.0387264483002683,-0.0575203925365957,-0.2244704295456297,0.0,-0.2217127734342647,-0.2478718084569988,0.0,1,0.16638633828340071
UCrVKbnxk9Jv168Iz4_h6J_w,-0.1199755225182155,1.4,0.0,58.48668461938359,17.898468733033962,-0.6003272946293761,0.0,-0.2217127734342647,-0.2478718084569988,0.0,-1,-0.19269756471638466
UCrWeA4rv2Pc2FDjx03eYMfA,-0.1965111859147016,0.8,0.0,0.0268673335089535,-0.2289627758884291,-0.2489956923002232,0.0,-0.2217127734342647,-0.2478718084569988,0.5,1,0.11045946782418453
UCrXeKXI6nvcupRXPec1U_3Q,-0.2855560061502215,-0.2,0.0,0.2491753365958627,-0.150754227977368,-0.1591777317912849,0.0,-0.2217127734342647,-0.2478718084569988,0.25,1,0.15998659423684009
UCr_HWNJvC_ZDrFijQsTI3Yg,2.7278773047216776,-0.4,0.0,-0.2350706663692995,-0.0007325109499434,-0.5520913853950095,0.0,-0.2217127734342647,-0.2478718084569988,0.0,1,0.12891482802880427
UCr_XBmTabkXp5JE4sx17CDw,0.1831545592805691,0.2,0.0,-0.170410352567763,-0.3208000301165039,-0.4119093570419805,0.0,-0.2217127734342647,-0.2478718084569988,0.75,1,0.05859899939407287
UCraMhcDm48YdIWpHrfNFA6A,0.0206213243228901,0.6,0.0,0.0690868818453961,0.5103584233299264,-0.6003272946293761,0.0,-0.2217127734342647,-0.2478718084569988,0.0,1,0.12231578958169548
UCrc45twYwIsfKG3GW9aproA,0.9827334684418156,-0.2,0.0,-0.1972498712586333,-0.2362185771314093,-0.242261969389626,0.0,-0.2217127734342647,-0.2478718084569988,0.25,1,0.15634241171533403
UCreaVioJnjm_7m5saZMrMDA,0.2746326902913218,-0.4,0.0,0.0650498134983191,-0.3100993285488697,-0.4599451946670586,0.0,-0.2217127734342647,-0.2478718084569988,0.25,1,0.15014272292796838
UCreppFR8mYg3iJ37tpaVMuw,0.1324603724843937,0.0,0.0,-0.0196337330860788,-0.2700208875996546,-0.2460205717991155,0.0,-0.2217127734342647,-0.2478718084569988,0.0,1,0.1734918462958996
UCrfZGIXpOqzWYzDvmD21fcw,0.2163092600952193,-0.2,0.0,-0.2137110336126592,-0.2383375279368814,0.0375663358483512,0.0,-0.2217127734342647,-0.2478718084569988,0.25,1,0.15573158944794935
UCrgi6dYLDhaaNDkeNr7G8VA,1.2405163705140063,-0.4,0.0,-0.2101997327624878,-0.3092517482266809,-0.5130652515282671,0.0,-0.2217127734342647,-0.2478718084569988,0.25,1,0.1409115805373643
UCrh4Ba8xcuhoo3BVf417X1Q,-0.3422929297388877,0.8,0.0,5.232210510138831,-0.1214741804835717,-0.3014088881732991,0.0,3.430568183138479,3.605485331334624,0.0,-1,-0.03396982532094861
UCrmvhSlOMq88NSU8FPH7eNg,0.1608006713580529,0.0,0.0,-0.1119379286189239,0.3142041201947951,0.7959335872115624,0.0,-0.2217127734342647,-0.2478718084569988,0.0,1,0.14327202728496496
UCrnLJK-fGeSelv1Ml7dRb0g,1.2394400511666823,0.2,0.0,-0.2326689656999086,-0.1051967856597179,0.1073126205532054,0.0,-0.2217127734342647,-0.2478718084569988,0.0,1,0.1592443656271063
UCrnqZg84Xj9Pe74V0j8ZEjQ,-0.0322657211238392,0.6,0.0,-0.0376994619859696,-0.3745154330352215,-0.3684455517474893,0.0,-0.2217127734342647,-0.2478718084569988,0.0,1,0.16231564238970436
UCroDSIbtaSRjPHVH6BnqF5Q,0.61271239889678,0.0,0.0,-0.1451670341957887,0.4909851588227529,0.3774362658375978,0.0,-0.2217127734342647,-0.2478718084569988,0.25,1,0.12849479845072015
UCroKi9aRk-Qx4Y5syjCMAQw,0.8451024456938707,-0.2,0.0,-0.2086702219403694,-0.1712374190969316,-0.0195633264374188,0.0,-0.2217127734342647,-0.2478718084569988,0.0,1,0.16661208595638222
UCrod9DLIVXGHeIcq63B-OVQ,-0.3118837081928615,2.2,0.0,1.0996436793964923,1.2180879923576071,4.07704908892421,0.0,-0.2217127734342647,-0.2478718084569988,0.0,-1,-0.021089528629066545
UCrpFsgcZAh3JuBYBjiJbP5A,0.033267811550658,-0.2,0.0,-0.1322977741476754,-0.4177420294668523,-0.416406147957344,0.0,0.6913574657089212,0.7154674764909068,0.0,1,0.09696069185910144
UCrpNVTmkKMG3aBouwly3v0g,0.8147710948912893,-0.2,0.0,-0.2138133240836267,-0.2828354948517955,-0.1858883580407369,0.0,-0.2217127734342647,-0.2478718084569988,0.0,1,0.1684890908800175
UCrpO2yRm9PeGB3LbYg6Roug,0.3638579072889231,11.4,0.0,-0.2160416513042166,0.0278335945963272,0.1336715033013122,0.0,-0.2217127734342647,-0.2478718084569988,0.0,-1,-0.009878592698401079
UCrqhMQXp2fUm8qMIBdTbYVA,13.852803153365732,-0.4,0.0,-0.2543417456795422,-0.2914525614607153,-0.1796313604134445,0.0,-0.2217127734342647,-0.2478718084569988,0.0,1,0.09717134016182494
UCrvjZYTceiyoeoaqZdXFacg,-0.1386357642076389,0.0,0.0,-0.0319330017932732,-0.1913170005392624,-0.3242152475248146,0.0,-0.2217127734342647,-0.2478718084569988,0.25,1,0.16059803679816165
UCry95EQyBG1oAQyPVT1BxaQ,5.594852713784426,-0.4,0.0,-0.2508268494839977,0.0399513445151207,0.291160585540072,0.0,-0.2217127734342647,-0.2478718084569988,0.0,1,0.1256337103651804
UCs-MzMvNmSjpteWvDkHJaWQ,5.0407444263454,-0.4,0.0,-0.2513034547676012,0.5112060036521152,1.1636183483032358,0.0,-0.2217127734342647,-0.2478718084569988,0.0,1,0.0940384906333035
UCs0lqtSZQT24rK5ybaYHecQ,2.048042192557423,0.0,0.0,-0.2432735721014621,0.2875658814974315,-0.1402155785377308,0.0,-0.2217127734342647,-0.2478718084569988,0.0,1,0.13914195842322397
UCs2MTQZFUDTJhwOHdHlcStQ,0.0042490165804999,0.4,0.0,-0.1286430418353846,-0.1017829204731239,-0.1737048062011841,0.0,-0.2217127734342647,-0.2478718084569988,0.75,1,0.06704698729834602
UCs2aoVQw6Bv0ViJuwZpgJWQ,0.5528715806027537,1.8,0.0,-0.197049241620861,-0.1957819325936501,-0.1578837008330529,0.0,-0.2217127734342647,-0.2478718084569988,0.0,1,0.14760807717708974
UCs3MrfpdShe923KbyNqcdNw,-0.343019794752665,0.0,0.0,15.919490355207046,-0.2639667424411629,-0.4600250891824479,0.0,-0.2217127734342647,-0.2478718084569988,0.25,1,0.04910809495735452
UCs5ILGpV9rVga_5_rdRBslA,0.705304645409277,0.0,0.0,-0.114427291654951,-0.0272496667441372,-0.503180180892479,0.0,-0.2217127734342647,-0.2478718084569988,0.0,1,0.15730404187797015
UCs705eUgnXrJJMqkB2TL0xA,8.382254720065713,-0.4,0.0,-0.2532097042606982,0.1509843667218586,0.1684655320717932,0.0,-0.2217127734342647,-0.2478718084569988,0.0,1,0.11511114543140599
UCs7JAoDGvrKBSvCSPPwOViw,-0.0948583746621347,-0.2,0.0,2.137764415000701,-0.5088569141021525,-0.5073309993984195,0.0,-0.2217127734342647,-0.2478718084569988,0.0,1,0.15430373216769155
UCs7wsLlxVswl7LwiU26Wg0g,-0.3299427797859675,3.6,0.0,1.3666142495727651,-0.3329839972479684,-0.3908277047012233,0.0,0.6913574657089212,0.7154674764909068,0.0,1,0.0454593341582849
UCs9QgURclINVyVemNdShdAA,1.476979413724662,0.0,0.0,-0.2211970769500417,-0.150754227977368,-0.0125969812397039,0.0,-0.2217127734342647,-0.2478718084569988,0.0,1,0.16352118379768193
UCsAiaZORZN0MRMqY-G4qIGQ,0.7832025954136228,7.6,0.0,-0.1000644711764898,-0.4008845986144299,-0.4028355169204827,0.0,3.430568183138479,2.160476403912765,0.5,-1,-0.12767842306543697
UCsBjpHLviYP3s7e_U1-hVgQ,0.2839812926223634,-0.4,0.0,-0.1407529013273441,0.0780924590136185,0.4818804772583224,0.0,-0.2217127734342647,-0.2478718084569988,0.5,1,0.0992641907052032
UCsDwHJN7iX9nNygvP09aQHg,1.9530098940718104,0.8,0.0,-0.2292418928111296,-0.2416764807212616,-0.3896193657303377,0.0,-0.2217127734342647,-0.2478718084569988,0.0,1,0.14794637577999553
UCsE3wP-oh3Gay6OqC3mucdw,0.7180168782523493,-0.4,0.0,-0.1615365851263156,-0.298233204038226,-0.3917871514682193,0.0,-0.2217127734342647,-0.2478718084569988,0.0,1,0.16416576299642155
UCsEGf8fQkks35UvUuAABgnA,0.7270049401123662,-0.4,0.0,-0.2258052787867104,-0.0778623202691278,-0.2813971635452696,0.0,-0.2217127734342647,-0.2478718084569988,0.25,1,0.15448551106559705
UCsEvUt438j81f_qVUSio0WA,3.531653505866437,-0.4,0.0,-0.2473438176408858,-0.3753630133574103,-0.4365014799789048,0.0,-0.2217127734342647,-0.2478718084569988,0.0,1,0.14077320610488486
UCsFC4BMQhMuLWuzagvPc2Jw,-0.0969056147164115,0.8,0.0,0.0754813107340569,-0.2767354849572546,-0.3504262142448655,0.0,-0.2217127734342647,-0.2478718084569988,0.25,1,0.1509833208488896
UCsG5jPI3lkfAbBd4gW52uWg,0.5574300316316291,0.2,0.0,-0.1547156194750975,-0.3637087839273138,-0.2559665649248029,0.0,-0.2217127734342647,-0.2478718084569988,0.0,1,0.16419522399440428
UCsIaAJws2xwpJMv35PVJTmA,-0.2137614912625088,0.0,0.0,0.4940083992241855,0.0490325622528583,0.0073171522835504,0.0,-0.2217127734342647,-0.2478718084569988,0.5,1,0.10564322616683725
UCsIqUHHwuoqtYYKB3eVhWlw,-0.2191227537030086,3.8,0.0,0.5312928735014105,-0.3616713312297445,-0.4292275116697133,0.0,-0.2217127734342647,-0.2478718084569988,0.5,1,0.031387620447570264
UCsIw0zVS-5p5NiNwQWoZ2Aw,-0.265601151492152,-0.4,0.0,0.172878347956447,0.365422188235635,0.9967953525316045,0.0,-0.2217127734342647,-0.2478718084569988,0.0,1,0.13756006327429848
UCsJ0ZOlH5Vpo1qIXLgqcx1Q,0.1767381760450037,-0.2,0.0,-0.1207048328035604,-0.3640619423948925,-0.3288813196419184,0.0,-0.2217127734342647,-0.2478718084569988,0.25,1,0.15877357632008882
UCsKywuOT1ywUcM-1RGbrZbw,-0.320139341783787,1.2,0.0,2.68823606375395,-0.3509135809865784,-0.4263002563310561,0.0,-0.2217127734342647,-0.2478718084569988,0.0,1,0.13904346100655063
UCsL97YWc96rxaRCtuhBz7ng,42.39719308056532,0.6,0.0,-0.2391518881620259,-0.4584258849319165,-0.5872781949279676,0.0,-0.2217127734342647,-0.2478718084569988,0.0,-1,-0.048544568104486596
UCsMnC8pJA_kkbYnRD1J_vcw,1.820083662810351,0.0,0.0,-0.2458272809375346,-0.3057403440347557,-0.2890436703905965,0.0,-0.2217127734342647,-0.2478718084569988,0.25,1,0.14253969747833306
UCsPlCeOrdcjtqJoY7EVrQIw,9.502763507778212,7.4,0.0,3.860289581470303,-0.4471183929063518,-0.4676492860404767,0.0,0.6913574657089212,2.6421460463867183,0.0,-1,-0.11819971216644443
UCsQJjIWUBVgvYik6TTqnxMw,-0.2955708509146945,0.0,0.0,7.837117317480553,-0.2258256279426651,-0.345282005512229,0.0,-0.2217127734342647,-0.2478718084569988,0.0,1,0.13757246672911477
UCsSHmWIa0gokQyGyHbNuItA,-0.3112153533491073,1.8,0.0,3.05154635549507,-0.389136193592979,-0.4445131072872867,0.0,1.6044277048521072,5.0504942587564825,0.0,-1,-0.021071410071082042
UCsU8f1gpPQuA1NbarsqW3Ew,-0.3579037537270864,-0.4,0.0,5.193124840762098,-0.1600776115214452,-0.072469688793412,0.0,-0.2217127734342647,-0.2478718084569988,0.0,1,0.1458276164982094
UCsUpCuSK88s0Xk6ZaOa8cgQ,-0.161455855197205,-0.4,0.0,-0.0243122079254474,-0.124479237989514,-0.0294804493148819,0.0,-0.2217127734342647,-0.2478718084569988,0.0,1,0.16907053387150484
UCsYfn-SJj3GO4SsEbQXy-Mg,32.35684242582501,0.2,0.0,-0.2404482243614399,0.3403126211907906,0.4513983111278251,0.0,-0.2217127734342647,-0.2478718084569988,0.0,-1,-0.027849319562292973
UCs_VA2_jYc9t-lBGBTsJSWA,1.0330194382551,0.4,0.0,-0.1811363018459212,1.2632922762076786,1.685021591334057,0.0,-0.2217127734342647,-0.2478718084569988,0.0,1,0.0640787687317641
UCs_Vih4sAzyEukxnOeRrU1w,0.9060450963706528,-0.4,0.0,-0.2377554102813915,-0.3321364169257795,-0.2580681652577659,0.0,-0.2217127734342647,-0.2478718084569988,0.0,1,0.16618872767600812
UCsaFVkxNeLte2x0fnYB5pug,12.086897134549544,-0.4,0.0,-0.254595459035379,-0.3160323908041916,-0.3432096316484853,0.0,-0.2217127734342647,-0.2478718084569988,0.0,1,0.10646758352094088
UCsay6JV2v5An0HrX25ceVyQ,25.962725568849383,-0.4,0.0,-0.0344556758178525,-0.1948284047311876,-0.1759430665955593,0.0,-0.2217127734342647,-0.2478718084569988,0.0,1,0.037693471522315225
UCscI5PoqMhWt6R1jmndwSYg,0.0552247262360648,-0.4,0.0,-0.1207531718491759,-0.0727768383359948,-0.2707446784647405,0.0,-0.2217127734342647,-0.2478718084569988,0.0,1,0.17066842466298748
UCsd0SZYJAtnqxV2mpJuAlFw,0.504534502879699,-0.4,0.0,-0.2169192124012833,-0.3312888366035907,-0.4048662473660013,0.0,-0.2217127734342647,-0.2478718084569988,0.0,1,0.16592953747388117
UCsdDQOZWFL3zJ4i5HNIU57Q,9.2418341028199,-0.4,0.0,17.840888839072015,-0.1710961557099001,0.0248911204915288,0.0,-0.2217127734342647,-0.2478718084569988,0.0,1,0.028381272458213924
UCsdIkFj9JJH1JjUVZzGR5ZQ,17.81790000411784,-0.4,0.0,-0.2417000173896651,-0.3499356036917452,-0.3834105418631608,0.0,-0.2217127734342647,-0.2478718084569988,0.0,1,0.06888557520622995
UCsdburCBGzmF5Hn0q3jrjWQ,-0.3385278846489566,-0.4,0.0,23.9462348659309,-0.403333163989642,-0.4032395799980219,0.0,-0.2217127734342647,-0.2478718084569988,0.0,1,0.07394466852000503
UCsdlnM_yEEXtvU1Z_0XS5jQ,-0.3287866938050215,0.4,0.0,13.002487346585925,-0.308969221452618,-0.3835025532152395,0.0,-0.2217127734342647,-0.2478718084569988,0.0,1,0.10992821628827754
UCsfi_a1WFjW4iHaFyF83ENQ,0.9680962322603112,0.0,0.0,-0.2223776129365345,0.1095740138377753,0.0184938537600993,0.0,-0.2217127734342647,-0.2478718084569988,0.0,1,0.1564891498795511
UCsh2R5-BBlpWMB78mlYRTvA,-0.2902281864894421,0.6,0.0,37.75186774003689,-0.3681585806188052,-0.4390438953428693,0.0,2.517497943995293,1.6788067614388125,0.0,-1,-0.09597273627663017
UCshc46Fc2cfE4CmtVoFUxcg,5.047404123903042,1.4,0.0,-0.2352035842305348,-0.141975717497555,-0.3964406684927132,0.0,-0.2217127734342647,-0.2478718084569988,0.25,1,0.09007227114487254
UCsiLtHKJ8hDm6hHEDHEhZ5Q,-0.3059265427631194,-0.4,0.0,1.1958939866676346,0.2925302805273947,0.255514071285994,0.0,-0.2217127734342647,-0.2478718084569988,0.25,1,0.12287706160571843
UCsik3TNGbD0mr2fuK0Idicg,-0.0844274439759188,-0.4,0.0,-0.047746444798505,0.0780924590136185,-0.0513519939373033,0.0,-0.2217127734342647,-0.2478718084569988,0.0,1,0.16720499871030647
UCsk9VljGVFL1K-c2I34HOBg,0.0521113532274511,0.4,0.0,0.0941508208770357,0.3836922529583721,-0.0408972781030427,0.0,-0.2217127734342647,-0.2478718084569988,0.0,1,0.14907563488114667
UCskJpZotL-gfjokahw_MFEg,0.0813803875743059,1.2,0.0,0.0105879896976086,0.0647267693175637,0.1801419237525794,0.0,-0.2217127734342647,-0.2478718084569988,0.25,1,0.13400978698508642
UCsmaBJ0_7jkbld--DNWHclQ,-0.0592283391366243,3.2,0.0,0.5627085120919393,-0.3901035406998249,-0.4701489576442179,0.0,0.6913574657089212,0.7154674764909068,0.25,1,0.04342206599916282
UCsnMRtv5WviCEUe7IhoLmDA,0.2210775845600465,-0.4,0.0,-0.1374156796577704,0.1314900193115153,0.8972860906937118,0.0,-0.2217127734342647,-0.2478718084569988,0.25,1,0.13072055428213825
UCsneJ_kT20f0Jj3NGmXQczQ,-0.2833326732455689,2.2,0.0,0.7149666458810336,-0.4003195450663039,-0.4360487256112993,0.0,-0.2217127734342647,-0.2478718084569988,0.25,1,0.11479696957638313
UCsq2cmhJSIAw1NAx0oNOGZA,-0.3221522778434329,1.6,0.0,1.1189322575842164,0.4391616762660639,2.1925560189353672,0.0,-0.2217127734342647,-0.2478718084569988,0.25,1,0.03747614159578083
UCsqj6PDEdDvtI7jClLFuZoQ,12.172654866822231,-0.4,0.0,-0.2547111350928313,-0.2677203124394278,-0.3296518401500039,0.0,-0.2217127734342647,-0.2478718084569988,0.0,1,0.10945157214184775
UCsrirxIE-YSoEFNDCdbfyPQ,0.0150864389742436,0.4,0.0,-0.1035236340117762,-0.1827739290378353,-0.2212047800050098,0.0,-0.2217127734342647,-0.2478718084569988,0.0,1,0.16760589410237808
UCsrjDVEqGfM4XAjWxLH3wpA,-0.1769696995827696,-0.2,0.0,2.998156392076542,0.08303667755972,-0.0306783695296806,0.0,-0.2217127734342647,-0.2478718084569988,0.0,1,0.14934508968708554
UCsrvHrmBOk-x-vxDS7O5O2A,7.227619619956376,-0.2,0.0,-0.252206770150056,-0.4071472754394918,-0.4323874536759826,0.0,-0.2217127734342647,-0.2478718084569988,0.0,1,0.12760148057828474
UCssJQnjXvur6aCtfQ5BCG5g,10.445042487681476,-0.4,0.0,-0.2466675338383142,0.0136763545272667,-0.0260475968977483,0.0,-0.2217127734342647,-0.2478718084569988,0.0,1,0.12277223197169246
UCsuOuvzHQ6AzYpyJGORdymg,0.9218354295322944,2.4,0.0,26.035722530432466,-0.465697231906484,-0.5346397387325117,0.0,-0.2217127734342647,-0.2478718084569988,0.0,1,0.011490511469578246
UCsujSplpwd7pYcD-dQfegBA,-0.0751285846617352,3.0,0.0,0.8911816110767912,1.0416371798292032,2.335807872300833,0.0,0.6913574657089212,3.605485331334624,0.0,-1,-0.06127590368694036
UCsuxyZxomhWEOGNBpto3JYA,0.4783741104674037,0.6,0.0,-0.2211593761785825,0.1425085634999702,0.5050609192487183,0.0,-0.2217127734342647,-0.2478718084569988,0.5,1,0.08559219601367213
UCsvimz54Wz24ww9t7X0u2mQ,27.30109209299293,-0.2,0.0,-0.2559820483631218,-0.0589330264069104,0.0182287647225832,0.0,-0.2217127734342647,-0.2478718084569988,0.0,1,0.022860847450451582
UCsy4nl-p4QkkxNdAyHXpspQ,0.0054673134662502,-0.2,0.0,-0.0677939865557048,-0.2552891343806582,-0.2823265982199217,0.0,-0.2217127734342647,-0.2478718084569988,0.0,1,0.175066708751266
UCsyW2UbCgdqlmfmdf0xoFrQ,-0.0401257390395452,0.4,0.0,0.2509476748359412,-0.3080274655390748,-0.4574707832093027,0.0,-0.2217127734342647,-0.2478718084569988,0.0,1,0.16638165835280422
UCsydp4vWTzFX5iSKGcpojAg,-0.3074662626570251,-0.4,0.0,1.058116790183278,-0.0914236054241492,-0.2890085677188393,0.0,-0.2217127734342647,-0.2478718084569988,0.25,1,0.14686934816355574
UCt-05T0jt190k1pwcTvSthQ,-0.2087630066482515,-0.4,0.0,0.3107206060979572,-0.2965380433938483,-0.3326542077609697,0.0,-0.2217127734342647,-0.2478718084569988,0.25,1,0.15792616160661305
UCt-9-2Eddp0hVMnWCcwGNVA,1.8732951946810024,0.0,0.0,-0.220686623222942,2.938070631885101,5.54863197077576,0.0,-0.2217127734342647,-0.2478718084569988,0.0,-1,-0.06868913491223849
UCt-9z2A7nk4G_gPpZY7-VcA,-0.0434141980416043,-0.2,0.0,0.2332939754284067,0.4644478225446976,0.7805367848847546,0.0,-0.2217127734342647,-0.2478718084569988,0.25,1,0.12641876625733872
UCt2aP11HkjKlPiaKopvWRhA,0.4284378413462767,-0.2,0.0,0.0267995193933717,0.0102860332385113,-0.1624101724140101,0.0,-0.2217127734342647,-0.2478718084569988,0.0,1,0.16893948515810991
UCt3or7cdWH5hrYblE7FjNww,24.710280080603635,-0.4,0.0,-0.249960774568601,6.476476311217164,5.590884376488956,0.0,-0.2217127734342647,-0.2478718084569988,0.0,-1,-0.1774160346311201
UCt3tVTd1CUcW8eCjSQ_k_Qw,0.1114944896315263,-0.2,0.0,0.3230255531242658,-0.0871857038132051,-0.4177127319648148,0.0,-0.2217127734342647,-0.2478718084569988,0.0,1,0.1676559996615517
UCt51Z9Uk5xYacFauFzJqRlA,7.1030051686255735,1.0,0.0,-0.2435971785341932,-0.0257361304545142,-0.0742173595766268,0.0,-0.2217127734342647,-0.2478718084569988,0.5,1,0.02947197918870481
UCt5waZfn7ABisiEgnEeQ-_A,-0.2125707987825699,0.0,0.0,13.633779197373498,-0.2191660682683243,-0.3348367205998389,0.0,-0.2217127734342647,-0.2478718084569988,0.0,1,0.10712108469039766
UCt6BkPFLJ9IAY1YvNut-0Wg,0.0215108594682083,0.0,0.0,-0.1614490657078113,-0.3517518472392927,-0.4404734455534032,0.0,-0.2217127734342647,-0.2478718084569988,0.0,1,0.16911799064922522
UCt7EdS8f6DVtA9AmdpD3GCw,0.0093173201431144,-0.4,0.0,0.310413533918911,-0.2516162863178399,-0.2907955909281837,0.0,-0.2217127734342647,-0.2478718084569988,0.0,1,0.1732352078668305
UCt8yPqspuLLAwZJ9CooBD9Q,1.1346093745057384,-0.2,0.0,-0.2345128469300297,0.4912878660806775,0.1750765799675615,0.0,-0.2217127734342647,-0.2478718084569988,0.0,1,0.13993029169452148
UCt9w9bHdMAm1bAL7rH3JbZA,-0.165739924323499,-0.2,0.0,0.0711525213052419,-0.2941365658143133,-0.3711742500059838,0.0,-0.2217127734342647,-0.2478718084569988,0.0,1,0.17067303538816342
UCtBMdTpz-6A8S1HlGsZ7edA,11.686600360644375,-0.2,0.0,-0.250263722508058,-0.2630586206673892,-0.4033813770257227,0.0,-0.2217127734342647,-0.2478718084569988,0.0,1,0.10533173248337147
UCtBne5ZbUqhgqakr_4lsMJQ,-0.126235999772788,-0.2,0.0,-0.1575955889213676,-0.4869610891122741,-0.465149391437716,0.0,-0.2217127734342647,-0.2478718084569988,0.0,1,0.1638473351916226
UCtC3NOywYBxszkFduofTfsQ,0.9771431878352782,3.8,0.0,0.9635276407390349,-0.0493705817463184,-0.0997399830998244,0.0,-0.2217127734342647,-0.2478718084569988,0.0,1,0.10082254576230604
UCtCt6fJW76W94KFF1QOvgrA,0.1860966755654459,-0.4,0.0,-0.1891362966253791,-0.1872001818314881,-0.1514695017960104,0.0,-0.2217127734342647,-0.2478718084569988,0.5,1,0.12305326254320414
UCtDT0UdfTANQy73gvTe2XJg,0.7334737633029959,1.4,0.0,-0.210235970587664,-0.3417625077277814,-0.2813306154707758,0.0,0.6913574657089212,0.7154674764909068,0.5,1,0.037656013021294954
UCtDWzTvmd3EV7lDRdJ-WNjw,-0.068895926037853,-0.2,0.0,-0.0642208400789782,0.4001729814453773,0.6362965275439016,0.0,-0.2217127734342647,-0.2478718084569988,0.0,1,0.14708243404027077
UCtEMxAhuwzzQF_RcA-3eSiQ,-0.1211516721892391,-0.4,0.0,-0.0125981616388368,-0.1821146998983551,-0.4277463218189142,0.0,-0.2217127734342647,-0.2478718084569988,0.25,1,0.15226117931539246
UCtEcFxSN6dyRZsptbUjyo7Q,-0.3189638404372868,0.8,0.0,1.2411520614179272,1.4480904706970328,0.1536981259416048,0.0,-0.2217127734342647,-0.2478718084569988,0.0,1,0.08753888082598815
UCtFnC_O9GXJr9gbi2FgAd7Q,-0.1949946023077066,0.6,0.0,0.6118545107625337,-0.0100558944940207,0.049654548503824,0.0,-0.2217127734342647,-0.2478718084569988,0.25,1,0.13913777942898925
UCtGg-vpr2mSHSB4nN93NRwg,2.1918002824864886,-0.4,0.0,-0.2335938208763467,0.8409147489835737,0.4259874559126848,0.0,-0.2217127734342647,-0.2478718084569988,0.0,1,0.1278379172977106
UCtIEk806i-8fyn3cbXFohIw,-0.2819753444134757,0.4,0.0,1.0273344802855295,-0.0622291721043115,0.4006538923240684,0.0,-0.2217127734342647,-0.2478718084569988,0.0,1,0.1505268646664597
UCtIJbTDsf1ZRTMa7sIyek_g,-0.1492314124031661,-0.4,0.0,-0.0215026285488321,-0.245683224062518,-0.4275729722863341,0.0,-0.2217127734342647,-0.2478718084569988,0.0,1,0.1694361422626569
UCtJ4STG4jjQLrJky9JhNfUw,9.260720969948254,0.0,0.0,-0.251502061390865,-0.4843376262102611,-0.5117553073832635,0.0,-0.2217127734342647,-0.2478718084569988,0.0,1,0.10577476989813678
UCtN3TFRvyK7t_D5PExEBKSg,0.0468281392664219,0.4,0.0,0.4911506781397191,-0.2293908467582214,-0.309966881260942,0.0,-0.2217127734342647,-0.2478718084569988,0.0,1,0.16939664727218678
UCtObCLVvuiQf4wl4YeOGT-Q,0.0820531789329059,-0.4,0.0,-0.0229940060520088,0.3518609030806135,0.2360097090540493,0.0,-0.2217127734342647,-0.2478718084569988,0.0,1,0.15329838127314582
UCtOcrZJ8rQK00WMxplAdoXw,55.23403666352247,0.2,0.0,1.916228178990108,0.6067706849789068,0.6178827339378878,0.0,-0.2217127734342647,-0.2478718084569988,0.0,-1,-0.06838681695813642
UCtOg9NycT7FokhHcKDgHW-A,0.6665359406426165,-0.4,0.0,-0.1988135303477061,-0.1465163263664238,-0.2546858408396453,0.0,-0.2217127734342647,-0.2478718084569988,0.0,1,0.16883430244028147
UCtPR-lQIO-cxmZdd3exO9mQ,-0.1532174090330942,0.8,0.0,0.0982960099584222,-0.3576408793480073,-0.3650391529509309,0.0,-0.2217127734342647,-0.2478718084569988,0.5,1,0.106855209548252
UCtPZkkDa6ymGRPS08EROlxg,0.6371518922541,-0.2,0.0,-0.1818259527827055,-0.2672965222783334,-0.3973538811063024,0.0,-0.2217127734342647,-0.2478718084569988,0.25,1,0.1502972662068569
UCtQOVyilS5Ey0C8V9hDDFxA,-0.3531573444673606,-0.2,0.0,10.535535113825343,-0.289898664203369,-0.4801035004544946,0.0,-0.2217127734342647,-0.2478718084569988,0.0,1,0.1229940324097607
UCtQS9F0BG2HQnUhE-nERROw,0.9068619174713948,0.0,0.0,-0.2071847121735957,-0.3408543859540076,-0.4452650250890805,0.0,-0.2217127734342647,-0.2478718084569988,0.0,1,0.16520514611128778
UCtTqsrb7-_Nc5-cT-qpG8dg,0.1139405092976942,-0.2,0.0,0.0995044811898796,-0.3230955601557652,-0.3033796267336019,0.0,-0.2217127734342647,-0.2478718084569988,0.0,1,0.17347764836616913
UCtUrkh16OXYe3J1O6lbWl7Q,-0.3040541561152766,2.8,0.0,1.3842151594188727,0.2498283766761665,-0.183799396685983,0.0,1.6044277048521072,3.123815688860671,0.25,-1,-0.017168466013566808
UCtUzPq40JV_73mgZYF1tMcA,-0.1417152039954503,-0.4,0.0,-0.0612631298630557,-0.198218726019943,-0.115175624700483,0.0,-0.2217127734342647,-0.2478718084569988,0.25,1,0.15766879877753198
UCtVGviM4f-N8DAfZ7zjINKA,-0.3225220085617583,-0.2,0.0,10.923724727929915,-0.2545828174455008,-0.0865927887376317,0.0,-0.2217127734342647,-0.2478718084569988,0.0,1,0.12451084470288454
UCtWd7InmaM1gBHCtk9ZTrVA,-0.3167568957358626,-0.2,0.0,0.3001110931060575,-0.224211189233734,-0.2704501578560887,0.0,-0.2217127734342647,-0.2478718084569988,0.0,1,0.17348889702863418
UCtX0ew8Vhvg9Y211IvW4Z1A,-0.0696688494005727,0.4,0.0,15.294482838854666,-0.3871349622766998,-0.4112865083200506,0.0,-0.2217127734342647,-0.2478718084569988,0.0,1,0.09868394790852258
UCtY-zMZ5knL5zl-uHKrTbhg,0.9472343708878797,-0.2,0.0,-0.2311332287829341,-0.4954368923341625,-0.5658026219861622,0.0,-0.2217127734342647,-0.2478718084569988,0.0,1,0.14328362155095337
UCtYI6njqoKz1T5odI-ZIcXQ,-0.2977147033289559,-0.4,0.0,1.0309688018519914,-0.1677058344211448,-0.3410841770671351,0.0,-0.2217127734342647,-0.2478718084569988,0.25,1,0.14935016230702342
UCtYwiZ4ksdRzBo8jAs2oFTw,-0.2437981145371891,0.4,0.0,0.1696197644466014,0.0507815375208669,0.0151713915454774,0.0,0.6913574657089212,2.6421460463867183,0.0,1,0.05612375953134635
UCtZa1TJrrfj24mDRUrzRA6Q,1.650215474349822,0.6,0.0,-0.2095762829742617,-0.2435642732570459,-0.5501007959748071,0.0,-0.2217127734342647,-0.2478718084569988,0.0,1,0.1450856433888757
UCt_CC36lmVA8RkV3xG74WDA,0.0563118368466218,5.4,0.0,0.0659724629085538,-0.2261639478191691,-0.3498206724007736,0.0,3.430568183138479,8.422181756074153,0.25,-1,-0.10998261498673889
UCt_IqmSacIwu9zTD8Zjz8SQ,0.5334631795640556,0.0,0.0,-0.2275314882232638,-0.1652841763577481,-0.2162670312221433,0.0,-0.2217127734342647,-0.2478718084569988,0.0,1,0.1686144423990137
UCtaMLkady-p2eGO8jZ6Izsg,-0.2093992545382951,-0.4,0.0,0.1067816434855622,-0.2533114469622176,-0.3449852413079906,0.0,-0.2217127734342647,-0.2478718084569988,0.5,1,0.11680320675532807
UCtasfal92yyLYV-Zv5ro42Q,-0.2894265141479871,-0.2,0.0,0.3229665166773854,-0.4233925649481113,-0.4708186779384243,0.0,-0.2217127734342647,-0.2478718084569988,0.0,1,0.1679948244870681
UCtbQAoYxNO4lnUY5mWc-FIw,10.050055555889768,-0.4,0.0,-0.2558934640612152,-0.3168799711263805,-0.2795878464600583,0.0,-0.2217127734342647,-0.2478718084569988,0.0,1,0.12135975776817981
UCtdeoxrzE8c_wGn3Xmdlr1w,7.699977122945791,-0.2,0.0,-0.2289878683368414,-0.1309773537929617,-0.239901274972546,0.0,-0.2217127734342647,-0.2478718084569988,0.0,1,0.13415331402660896
UCtfWQOhlf4eUNeXP25fR78w,-0.0828504581341678,1.4,0.0,0.1578452660309348,-0.350843725465519,-0.326590113700072,0.0,-0.2217127734342647,-0.2478718084569988,0.5,1,0.09455737983801432
UCthJU9ITZbTY3PZUem4r0qA,0.9173589977398292,0.4,0.0,-0.2318981322407861,-0.4229216869913397,-0.4380687391711605,0.0,0.6913574657089212,0.7154674764909068,0.0,1,0.0950568267937778
UCth_QqlrDeDr_1o3ujUJkJw,-0.2038511729371144,-0.4,0.0,0.0347662901057367,-0.4313033146218737,-0.4881695425660304,0.0,-0.2217127734342647,-0.2478718084569988,0.25,1,0.14428753147240725
UCtjZPCJfyv0oJX40B0DfPkw,-0.1994422107064785,0.4,0.0,0.0494009806562062,-0.3165032687609632,-0.4951642474214781,0.0,-0.2217127734342647,-0.2478718084569988,0.25,1,0.14522520286038032
UCtlMRE4IPd92aiW9_h0ut6g,0.6331329264153243,-0.2,0.0,-0.1961605458397636,-0.4368125867161012,-0.4333407171783915,0.0,-0.2217127734342647,-0.2478718084569988,0.0,1,0.16421960589770734
UCtmI2fIHy-d740M8gnkJSmQ,-0.2965736987794775,-0.4,0.0,2.839846164968309,-0.1388881034667242,-0.2048883011452423,0.0,-0.2217127734342647,-0.2478718084569988,0.0,1,0.15794689025325143
UCtnjcvGKjNw5fBJl7S-6XqQ,-0.3001027537429197,-0.4,0.0,0.529823145781921,-0.2736533746947497,-0.4057154370146918,0.0,-0.2217127734342647,-0.2478718084569988,0.0,1,0.16877126670117754
UCtnlYTmDUfFCyL0ddk_PiCQ,0.3741588269045519,-0.4,0.0,0.2478322612529791,-0.3448501217586122,-0.4081712706266603,0.0,-0.2217127734342647,-0.2478718084569988,0.0,1,0.16827145557778916
UCtqnsmmFXdxMxJcnGNpWXYA,0.5991391105758485,0.0,0.0,-0.2166144347936056,2.495512620799357,3.201204449402013,0.0,-0.2217127734342647,-0.2478718084569988,0.0,-1,-0.01463339777027095
UCts5p0NV7ksSVNL0PUtX5Gg,0.1052027049410946,-0.2,0.0,-0.0780593062846299,-0.4869610891122741,-0.5284461183882617,0.0,0.6913574657089212,0.7154674764909068,0.0,1,0.09442137795097427
UCtsP3SHibwpeJu6x_1-DX8A,20.23347026015241,0.0,0.0,-0.2552800463495361,1.416663953556135,3.2948402854364702,0.0,-0.2217127734342647,-0.2478718084569988,0.0,-1,-0.06776685868267995
UCtsTDXqQ07qxrAHhb2Hp5fw,4.880825640009224,-0.4,0.0,7.484673604878822,0.0704642361139189,1.1869208235045408,0.0,-0.2217127734342647,-0.2478718084569988,0.0,1,0.05242411866129559
UCttfMrawsqADhybndvS2-xw,-0.2007574175717771,0.2,0.0,0.5550348928885145,-0.2556422928482368,-0.2369079749269933,0.0,-0.2217127734342647,-0.2478718084569988,0.25,1,0.15231705477323815
UCtuGkU-7CbRQjm2Ir8lvSNQ,-0.3153615687658919,0.2,0.0,0.7004254789544557,-0.2980213089576788,-0.3311207753801476,0.0,-0.2217127734342647,-0.2478718084569988,0.0,1,0.1671485839752147
UCtuNvVuKxChsGryr9LwNWBg,-0.2437403809323518,-0.2,0.0,13.567761569003254,-0.1860700747352363,-0.2869280964365356,0.0,-0.2217127734342647,-0.2478718084569988,0.0,1,0.11017039009781998
UCtuomBdrOJzV5xS29pejPKQ,0.1767805925710067,-0.2,0.0,-0.1791636926241216,0.1960473871848986,0.2488869512450312,0.0,-0.2217127734342647,-0.2478718084569988,0.25,1,0.14390337451540464
UCtw9QO3w9327bZnZLWNZnAA,1.8859177468690973,-0.4,0.0,-0.2404138148282112,-0.1253268183117028,-0.4416368154549621,0.0,-0.2217127734342647,-0.2478718084569988,0.0,1,0.15732320600868743
UCtwSr9fLXCCd2dHC9KIam3Q,1.9218530276987635,-0.2,0.0,-0.2317491337452839,-0.4735410673442842,-0.3454180291792101,0.0,-0.2217127734342647,-0.2478718084569988,0.0,1,0.15659614398721733
UCtxliviwU_cJGq75Gkhld8A,23.520948969166017,-0.2,0.0,4.167369422055669,-0.1253268183117028,-0.2380384816454928,0.0,-0.2217127734342647,-0.2478718084569988,0.0,1,0.02461897096152843
UCty2nCbnDeXy2tln-EXpWiQ,-0.1645462020917028,0.0,0.0,-0.0766469481251533,-0.282129177916638,-0.3817001044886252,0.0,0.6913574657089212,0.7154674764909068,0.25,1,0.09724548206664485
UCtyNnZhqmJggoFZAA5OSl1g,-0.0095446020282799,-0.2,0.0,-0.1304088840022944,-0.4424631221973601,-0.4764413573659196,0.0,-0.2217127734342647,-0.2478718084569988,0.0,1,0.16689771150810118
UCtywaV3fTGGQX-f932m2UuQ,0.5786886642577128,0.2,0.0,-0.1017019535944658,-0.2741831123961177,-0.3213713632914551,0.0,0.6913574657089212,0.7154674764909068,0.0,1,0.10607807456858981
UCtzvQvrNpDPBegh4CTfusWw,-0.2190999140351608,-0.4,0.0,0.0044413061131808,-0.4177420294668523,-0.4802142037875249,0.0,-0.2217127734342647,-0.2478718084569988,0.25,1,0.14479729705116667
UCu1NzPyodaSoLRB4JxXKLQQ,4.298564090377867,-0.2,0.0,-0.2512621636748446,-0.1415721078203222,-0.2951149302126281,0.0,-0.2217127734342647,-0.2478718084569988,0.0,1,0.1409964805889033
UCu1oTg1OkgGUbRG0S5rqnGQ,-0.0420083729814478,3.6,0.0,0.0230242973711759,0.4228294554423482,0.1560343844037934,0.0,-0.2217127734342647,-0.2478718084569988,0.25,1,0.07472390618090519
UCu2oQ7UTal3-HWu0bWWB-3w,-0.2732328271095424,0.4,0.0,2.414791901953108,-0.2712989849108917,-0.3489962340125753,0.0,-0.2217127734342647,-0.2478718084569988,0.0,1,0.15506289845358384
UCu2wQb5xZ-w75PFPXT-FO2Q,-0.3308236296426279,1.6,0.0,1.2020611058617874,-0.3974001017343202,-0.5021914401517933,0.0,1.6044277048521072,1.1971371189648596,0.0,1,0.051990385484847745
UCu5Bjejci_OGaj5fSNPc8iw,0.0023173814518911,1.4,0.0,0.0037272585982903,-0.3647682593300498,-0.3676872281159785,0.0,-0.2217127734342647,-0.2478718084569988,0.0,1,0.15451068346983077
UCu5GAuT6IAYek2hTeaMko8A,-0.2449645690022692,0.4,0.0,0.9949446897337724,0.4971738405403222,0.9183181119545114,0.0,0.6913574657089212,0.7154674764909068,0.0,1,0.06789443369711412
UCu845l7vWxle4zMBrb8BBcA,0.6995935631581708,0.0,0.0,1.2259412950581798,-0.3947362778645838,-0.3573519406485611,0.0,-0.2217127734342647,-0.2478718084569988,0.0,1,0.16126365232006468
UCu9kEzZh6CqJgnb3uv2slmQ,1.3495607755622894,-0.4,0.0,-0.2248661326463354,-0.4550355636431612,-0.5018087523544013,0.0,-0.2217127734342647,-0.2478718084569988,0.0,1,0.15432786475510313
UCu9lwxp3iYDHbzxrH_dxQKQ,-0.1258086211395769,0.8,0.0,0.0323622579202968,-0.0517414357943991,-0.2062301095714727,0.0,-0.2217127734342647,-0.2478718084569988,0.5,1,0.11054416263489569
UCuC8hTPaluOci-c-KtoVMSA,4.626088951446143,-0.4,0.0,-0.2490852041607105,-0.4821581339532041,-0.5067961031475303,0.0,-0.2217127734342647,-0.2478718084569988,0.0,1,0.12274530027287589
UCuCDDTndtTA5nrF6ASzO8YA,-0.1966050164116171,-0.2,0.0,0.846986009212831,-0.2114974844009014,-0.3031109524910816,0.0,-0.2217127734342647,-0.2478718084569988,0.0,1,0.17311412975220486
UCuCoPM8IwlcCR-IWGjBlihg,-0.0313177117676741,-0.4,0.0,-0.1441180813891077,-0.2414453224515738,-0.1223608755916013,0.0,-0.2217127734342647,-0.2478718084569988,0.25,1,0.15752279461066515
UCuDZg23emme3-PVUBL2bwPA,8.072954472865637,0.2,0.0,-0.2537491141322835,1.3717119257543342,3.2328790841539803,0.0,-0.2217127734342647,-0.2478718084569988,0.0,-1,-0.011789141888171928
UCuGAccKAO0csFFZSAavlXyg,-0.3502396934287318,0.0,0.0,3.66509758572595,-0.3504653413931132,-0.4513109403753298,0.0,-0.2217127734342647,-0.2478718084569988,0.0,1,0.1492698562339665
UCuHcviwM8H4ceBVojynZSWQ,0.3281665877595955,-0.4,0.0,-0.1921633004831125,-0.2829767582388269,-0.3369074319875091,0.0,-0.2217127734342647,-0.2478718084569988,0.0,1,0.1710344981982425
UCuIcb1zH740tUX3XII0t3mQ,0.2348488166689916,0.4,0.0,-0.0415075035375561,-0.4897863568529036,-0.422036433755688,0.0,0.6913574657089212,1.6788067614388125,0.0,1,0.06581801035977836
UCuImGSS0vOnuq0AHYUUCnCA,0.5284568933387657,0.2,0.0,-0.188060237176328,-0.1237376052075987,-0.3146964580035917,0.0,-0.2217127734342647,-0.2478718084569988,0.0,1,0.1641640249900191
UCuJ8BGUhNIAVImhkQGKihug,1.5056166282803418,0.0,0.0,3.6260367861556433,0.0908061638464511,0.0331339220587111,0.0,-0.2217127734342647,-0.2478718084569988,0.0,1,0.12807170958030156
UCuJklxRjT3hKWyviJxqnQuQ,-0.2965280194437821,1.2,0.0,1.1844486570333412,-0.1487982733877014,-0.0352163403364975,0.0,-0.2217127734342647,-0.2478718084569988,0.0,1,0.15150384601232425
UCuKNQKkvdbznwuc0ljTc0Yw,5.251727054452278,-0.2,0.0,-0.2340149224433,-0.4495262915489338,-0.4768716302200049,0.0,-0.2217127734342647,-0.2478718084569988,0.25,1,0.10382897900715143
UCuM4rKEMZkH9bnzHbBtPr3Q,-0.2379328515804532,-0.4,0.0,0.1440476533231236,-0.4414742784881398,-0.4268237923394717,0.0,-0.2217127734342647,-0.2478718084569988,0.0,1,0.16559837328923027
UCuM6kpppW-mtPXDufwkUcCg,-0.1200303334836348,0.8,0.0,-0.0225379682629848,-0.3753630133574103,-0.276473587809511,0.0,-0.2217127734342647,-0.2478718084569988,0.0,1,0.1602551343532293
UCuO4v-AgrtjS9W5sTQX9XwA,1.078633699023897,0.0,0.0,-0.2341420569426614,0.6217546942461738,1.2546952654243066,0.0,-0.2217127734342647,-0.2478718084569988,0.0,1,0.11735324681754916
UCuOopMHeNLvcJJcA6Xcx6Tg,-0.3223629465892473,-0.4,0.0,5.382596006944187,-0.2634824108284836,-0.3445479847041175,0.0,-0.2217127734342647,-0.2478718084569988,0.0,1,0.14857146586047654
UCuP7cfsbdHOFnS7frW44Mxg,0.5192275874871074,-0.4,0.0,-0.180187140710762,-0.4287605736553072,-0.4333287678007634,0.0,-0.2217127734342647,-0.2478718084569988,0.0,1,0.16308635530423604
UCuPeEwAkTRPdwfuDmLlsI3g,-0.1633858071303374,-0.4,0.0,0.7393104206515847,-0.3134896498376252,-0.1175836266429442,0.0,-0.2217127734342647,-0.2478718084569988,0.0,1,0.1649057992904166
UCuPhLIuzUqywEO8mflnThRQ,-0.2020807879351357,2.8,0.0,-0.0006988833720771,-0.3295533149914897,-0.3938390231681158,0.0,0.6913574657089212,0.7154674764909068,0.0,1,0.07684895046968254
UCuQETkt2upgjn7dJhh3kqdQ,-0.2711577163985333,-0.4,0.0,1.1704855161205892,-0.155839709910501,-0.0685339538398465,0.0,-0.2217127734342647,-0.2478718084569988,0.25,1,0.14512049668434024
UCuQt7qDBrCE-JaNnhHAIkhQ,12.708817429051528,-0.2,0.0,-0.2184004211278011,-0.2432817464829829,-0.2790118447648594,0.0,-0.2217127734342647,-0.2478718084569988,0.0,1,0.10671814137416041
UCuRn0JsYOXmPPUrKsExUgNA,-0.2888635311664939,0.8,0.0,0.6942324066687984,-0.2956134103150969,-0.3284041330216183,0.0,-0.2217127734342647,-0.2478718084569988,0.25,1,0.14718751940968278
UCuSctxLDMvxKMWaWgt4c8Gw,0.0126512590869432,0.6,0.0,-0.1256283147343656,0.3552512243693689,0.1399360092177984,0.0,-0.2217127734342647,-0.2478718084569988,0.5,1,0.09432190026999882
UCuSkDhKSZP5BrmZ1XTCy-qw,14.177791607170764,1.4,0.0,-0.2501454350448289,10.276905393008748,6.419025124615378,0.0,1.6044277048521072,1.1971371189648596,0.0,-1,-0.20335734942845507
UCuStEhW9cZFvO0HNkl2_lOA,10.353706982239403,-0.4,0.0,-0.2541152305908059,-0.2855194992053934,-0.2474752743517537,0.0,-0.2217127734342647,-0.2478718084569988,0.0,1,0.12451394146041544
UCuTBZ5z09pHgrjZ3pjnKnFg,-0.0508632469498155,0.6,0.0,-0.0390374302619685,-0.0643010351141064,-0.374443710103436,0.0,-0.2217127734342647,-0.2478718084569988,0.25,1,0.1447779572801033
UCuWc3nJmuPGNN2-roO0GmvA,2.1522949440515777,-0.2,0.0,-0.239280199224926,-0.0695277804342709,-0.3406714203228768,0.0,-0.2217127734342647,-0.2478718084569988,0.0,1,0.16040024429658672
UCuWeHxzmG_KtdsdowssH4Gg,0.7683064416879756,1.8,0.0,-0.1922741841942328,-0.0098439994134735,-0.015863177408605,0.0,-0.2217127734342647,-0.2478718084569988,0.25,1,0.12212192540725603
UCuXlFx7wWe6gDSsaWG5vnKw,-0.240246319602862,1.0,0.0,0.8165898139585533,0.6996513619521005,0.743563863305209,0.0,-0.2217127734342647,-0.2478718084569988,0.0,1,0.1154194965218791
UCuY7tGv7Ju1BU-8QVqFo1Xg,-0.0788242208909343,-0.4,0.0,0.0443035104337355,0.5129011642964929,-0.0768503255761593,0.0,-0.2217127734342647,-0.2478718084569988,0.0,1,0.15225855498981894
UCuZ2pUdWeoq-c4c2cDTH4Xw,-0.2924115771654419,0.2,0.0,0.1421052077178528,-0.2990807843604148,-0.4485225566717576,0.0,-0.2217127734342647,-0.2478718084569988,0.25,1,0.14914301532813745
UCubbEx2_cLEiFGYxCtqa8Pg,2.7594606499834446,-0.4,0.0,-0.2447816768305842,0.1992964450866224,-0.0573165130563579,0.0,-0.2217127734342647,-0.2478718084569988,0.0,1,0.13341559556039728
UCudFHoEF0HLhpWZ9lHgBnLA,-0.1577741007401523,-0.4,0.0,-0.0222767844311732,-0.4126565475337193,-0.4204541702388832,0.0,-0.2217127734342647,-0.2478718084569988,0.25,1,0.1487799067098352
UCuew9r_wVa0s2zUui0Ux46Q,-0.0918185236319261,-0.2,0.0,0.0409313137339763,-0.2651775714728613,-0.1599020563301568,0.0,-0.2217127734342647,-0.2478718084569988,0.0,1,0.17288305063046522
UCufYjNoxf32o2NFXt_4J_IA,-0.0666234101613827,5.6,0.0,2.3586666531366074,1.4228391816177963,2.0471323197690183,0.0,-0.2217127734342647,-0.2478718084569988,0.0,-1,-0.03647622799012773
UCufbybbxUwsJI2Zlfjmv1ew,-0.321586193956819,0.2,0.0,2.890768839897472,1.152400517387972,0.5279705375272254,0.0,0.6913574657089212,0.7154674764909068,0.25,1,0.01719699236493183
UCugJeFQNP8Wm8lqnqJJCH8g,2.194540390066277,-0.4,0.0,24.55244758538509,-0.4126565475337193,-0.4625420322399692,0.0,-0.2217127734342647,-0.2478718084569988,0.0,1,0.057206238630227946
UCujEiTELXl8JqQYuG4kg14A,-0.2349409716213193,1.4,0.0,0.3822986956867442,-0.1165483078318899,0.1271791337027143,0.0,-0.2217127734342647,-0.2478718084569988,0.0,1,0.15246810860737225
UCul3KWP7-qOJlYksjCGimgw,0.9611846949955036,0.4,0.0,-0.2275891839779386,0.4999991082809517,0.3807790647313639,0.0,-0.2217127734342647,-0.2478718084569988,0.5,1,0.0749728291747555
UCumrvhbd16MTb-nbV5vt_Cg,-0.0450903577608193,-0.4,0.0,-0.1563153361419395,-0.2948428827494707,-0.4083478894311425,0.0,-0.2217127734342647,-0.2478718084569988,0.0,1,0.1691017827813171
UCun8tgkE8I704Z9j1lIHXJw,-0.1899555190185608,-0.4,0.0,-4.0295040089680713e-05,-0.4262178326887407,-0.5156887049133004,0.0,-0.2217127734342647,-0.2478718084569988,0.5,1,0.1046338085504917
UCunKymEvNYuDanvOGaJB-_A,0.2426994086900304,-0.2,0.0,-0.1957071341747597,0.507533155589297,0.3882523590776804,0.0,-0.2217127734342647,-0.2478718084569988,0.0,1,0.1488976152651051
UCunllKCqzQar8fUAB2px_Yw,-0.3506165945597863,-0.4,0.0,2.382025996377259,0.2721883527948627,0.0074448990651459,0.0,-0.2217127734342647,-0.2478718084569988,0.0,1,0.1436546270497462
UCuoLf-ObavcyjSWDQgb2E1w,1.6470434251469044,-0.2,0.0,-0.2360544166438485,-0.2983744674252575,-0.4895719799000105,0.0,-0.2217127734342647,-0.2478718084569988,0.0,1,0.16006661533381283
UCupC0GKAnfAYgwqynEmb5Lw,-0.3358486355629989,3.2,0.0,5.740218087101982,-0.2806551251823966,-0.3122260310593541,0.0,4.343638422281664,2.6421460463867183,0.25,-1,-0.052072726151166315
UCupGFdgE2xEAJTlmkf-fIAA,-0.2299090587449026,-0.2,0.0,-0.0684130000600991,-0.2742587892105988,-0.2262411362866277,0.0,0.6913574657089212,1.6788067614388125,0.0,1,0.07307308015629921
UCupl4_0BK-mmGb-wBccTl1A,1.2152997458052757,-0.2,0.0,-0.0904479902169476,0.8988327376664778,0.6456951859859044,0.0,-0.2217127734342647,-0.2478718084569988,0.0,1,0.11924892551072663
UCuq26AoshCSGBS9zfT2CTdQ,-0.2264125231180626,-0.4,0.0,0.2978339306355023,0.1874303205759788,0.4198777990654334,0.0,-0.2217127734342647,-0.2478718084569988,0.0,1,0.15218907935123227
UCuq_l0SXPRLVhR5zbrFezMg,-0.3137439085054558,-0.4,0.0,0.5948174927478086,-0.4677492684759938,-0.4680089652020929,0.0,-0.2217127734342647,-0.2478718084569988,0.0,1,0.16319261012830344
UCuqj2l5FENgEbw_dDr5_jDA,0.7001267994850646,0.0,0.0,-0.1484629599359355,-0.4425640246166683,-0.4887743907925247,0.0,-0.2217127734342647,-0.2478718084569988,0.0,1,0.15992081606491915
UCusXikZ2Un8GOhOCoEmWg2Q,-0.3546419228774625,0.8,0.0,15.654221969560073,-0.5009590065544838,-0.5541393632035928,0.0,-0.2217127734342647,-0.2478718084569988,0.0,1,0.06616567003479384
UCusgQXwdKkz6IIgRRuc2GEg,-0.1842995109234393,0.4,0.0,0.3449574741940305,-0.3720668676600093,-0.5215007027458723,0.0,1.6044277048521072,2.160476403912765,0.0,1,0.03638656476259644
UCuueeFqN5mTyTUxiDws4Jvg,1.27386540007184,0.8,0.0,-0.1905131406707653,-0.3549440328683156,-0.3316078329505796,0.0,1.6044277048521072,1.1971371189648596,0.0,1,0.059490562093113875
UCuvdnEZBdaogzBUrnL2-hUA,-0.1701639679856026,-0.4,0.0,0.0329435274325941,-0.2372074208406296,-0.1064278670485382,0.0,-0.2217127734342647,-0.2478718084569988,0.25,1,0.15442896973258646
UCuw0t9oJwWIGlWGO2FLTA_g,-0.2586559755657504,0.2,0.0,0.4153070803994783,0.0961035408601313,-0.1238937288170226,0.0,-0.2217127734342647,-0.2478718084569988,0.5,1,0.1017937193742604
UCuw2ltVq7-mr4VQGkhlkcSQ,1.806016146217689,0.2,0.0,-0.205682766980433,-0.2031982604128024,-0.3458578076546602,0.0,-0.2217127734342647,-0.2478718084569988,0.0,1,0.15782099159945373
UCuwo7hyKOH6kqc0ChYA0CZQ,0.1813916224185731,0.2,0.0,36.15089590642412,-0.3806603903710906,-0.4269322638819741,0.0,-0.2217127734342647,-0.2478718084569988,0.0,1,0.03101865740637988
UCux86zxs8AnBqqDH7MUWkoQ,0.3083672603635369,-0.2,0.0,-0.1856219252568412,1.1488689327121853,2.593772232154385,0.0,-0.2217127734342647,-0.2478718084569988,0.25,1,0.05531831393021985
UCuzvCm2IbyJN_-1Q81JFK0Q,0.4109710694093281,0.2,0.0,0.0197833549289812,-0.1216186544021266,0.0202596875884241,0.0,0.6913574657089212,0.7154674764909068,0.0,1,0.11709373365928855
UCv1bgBA2rbrRYuNoeVHXChQ,-0.2133981540974618,1.2,0.0,0.1911990171234545,8.716239911844333,1.2483664163255612,0.0,2.517497943995293,5.0504942587564825,0.25,-1,-0.15910255753222435
UCv2w1mgdDPa0h5kn1euC1Og,-0.3090441574243334,0.0,0.0,0.7522955684243003,-0.2367230892279503,-0.3999324385160516,0.0,-0.2217127734342647,-0.2478718084569988,0.0,1,0.1678497213266455
UCv3SeMcqld2wZ9gi78r-ttw,0.3087292147187617,0.6,0.0,-0.057707525964439,-0.2605158797008227,-0.2801856605747446,0.0,-0.2217127734342647,-0.2478718084569988,0.0,1,0.1663877219866567
UCv3u3iQ9SqP_0_o6WjTE_qQ,0.1287792239777125,1.2,0.0,6.119079933859525,-0.0747979914119836,-0.193167631224139,0.0,-0.2217127734342647,-0.2478718084569988,0.0,1,0.1251194727099088
UCv42kGNb7RkytfSgq0Yz3Ew,-0.347931628463802,-0.4,0.0,8.27977128769113,-0.3168799711263805,-0.3777621890501301,0.0,-0.2217127734342647,-0.2478718084569988,0.0,1,0.12791941071309276
UCv4CMtMWjVXJWqnYV5vXlcw,-0.2141947457781099,0.0,0.0,0.6872726283267846,-0.3311677537004209,-0.2926976850167671,0.0,-0.2217127734342647,-0.2478718084569988,0.0,1,0.1707837810427919
UCv6OAi0THV-RCf_RJdCf8eA,-0.2935069839494671,-0.4,0.0,1.5332821289987812,-0.4516452423544059,-0.4844418940895396,0.0,-0.2217127734342647,-0.2478718084569988,0.0,1,0.16149735355170725
UCv6kbIolFcEXEPYf5sLNm5g,1.5099296483688285,0.4,0.0,2.130193588450961,-0.1724146139888606,-0.2732479652764752,0.0,-0.2217127734342647,-0.2478718084569988,0.0,1,0.1485584870554605
UCv7G1DFos8K93ogCM7-jv4A,-0.1542195958611084,-0.4,0.0,0.0955434690048182,-0.3312888366035907,-0.4097248514270845,0.0,-0.2217127734342647,-0.2478718084569988,0.25,1,0.15060804909436631
UCv7XXl8sULrykyOgHvMwHfQ,0.7817646751821241,-0.4,0.0,-0.1741682600856874,-0.2405977421293849,-0.1108759664314924,0.0,-0.2217127734342647,-0.2478718084569988,0.0,1,0.16592696400003482
UCv89AloCrm5pk21rMGkxRkg,0.0646473646852205,0.8,0.0,-0.1570525693243523,0.278429626076435,0.0492633909212655,0.0,-0.2217127734342647,-0.2478718084569988,0.25,1,0.13180275062379537
UCvAOzvc0066dojKWd3lcH8Q,15.530943253050362,0.4,0.0,-0.2553462520266993,2.970224869504646,6.289000351540172,0.0,-0.2217127734342647,-0.2478718084569988,0.0,-1,-0.12376060462690575
UCvAVnOZNM7c7i8R52es8TGw,-0.283320301758818,1.0,0.0,0.8056641417595883,-0.0610519772123825,0.2539470203537126,0.0,-0.2217127734342647,-0.2478718084569988,0.0,1,0.14121520806344667
UCvBHzja-3o5nfzvHECqqEww,-0.2303907544654874,4.4,0.0,0.6371963478840864,-0.0966844488032524,-0.0078844599010533,0.0,0.6913574657089212,4.56882461628253,0.25,-1,-0.040844817584501425
UCvB_4UBGEV4MUR6AGTfL1Cw,0.7791023312333415,1.0,0.0,0.8246489168661597,-0.229861724714993,-0.2304280277504341,0.0,-0.2217127734342647,-0.2478718084569988,0.25,1,0.1325134422744429
UCvC1IppwEaKf_RYLt9U46lA,-0.0404202982478988,2.6,0.0,0.2072322350508371,1.0610838279140555,0.2020865950122156,0.0,5.256708661424851,6.495503186178341,0.5,-1,-0.1462876818742973
UCvCBQMmYcQ3eit4QPWTieUw,-0.1725477767469662,-0.2,0.0,-0.0305051520211957,-0.4791916028255432,-0.5276638278923196,0.0,-0.2217127734342647,-0.2478718084569988,0.0,1,0.15748586748522342
UCvCcFRgOdOBDA6IV0u9F1Xw,-0.180981596000545,-0.2,0.0,0.2681145383948863,-0.3647682593300498,-0.2266561654544081,0.0,-0.2217127734342647,-0.2478718084569988,0.0,1,0.1714845618131569
UCvCcg2HohJd4lofhZlPx4zQ,18.2602195372762,0.6,0.0,-0.2537490433019619,-0.0554014417311236,-0.0298779218546886,0.0,-0.2217127734342647,-0.2478718084569988,0.0,1,0.06230470349793893
UCvDYnGJgiZcIvRRIDIiqOdQ,-0.0767429833483915,-0.2,0.0,2.4345557949914785,-0.3075565875823032,-0.3208738857061561,0.0,-0.2217127734342647,-0.2478718084569988,0.0,1,0.16163504750849622
UCvDbkT8b00rkj_nIALVBwsw,0.2092348905000338,0.6,0.0,-0.1613389042262462,0.4417044172326305,0.7611296427675944,0.0,-0.2217127734342647,-0.2478718084569988,0.75,1,0.027412972904425015
UCvDz6P4FNSZpuC0ywgjsGQQ,0.5989098593519756,-0.2,0.0,8.56417127808149,-0.4481136576786191,-0.5594999532638889,0.0,0.6913574657089212,0.7154674764909068,0.0,1,0.027975685306883102
UCvEH3GIyS-cv4gs-ZLiJ8vw,0.2867214002021515,-0.4,0.0,-0.1761669586631755,-0.2092372702083979,0.2267100688251548,0.0,-0.2217127734342647,-0.2478718084569988,0.0,1,0.16126622580429384
UCvFSJLnpz3tcdPAxS3z5iVw,-0.2114472658021357,-0.2,0.0,0.0630424720926661,-0.3174450246745064,-0.4490442412185801,0.0,-0.2217127734342647,-0.2478718084569988,0.5,1,0.1128807734891713
UCvFdtH-KTGTyILlevYhvFYg,0.2735195594589312,1.4,0.0,24.0756061935862,-0.4458938044538387,-0.4835089987821686,0.0,-0.2217127734342647,-0.2478718084569988,0.0,1,0.038907012854217715
UCvHcQfVrevr95DQQ9uaPMNg,0.2456791696417349,-0.4,0.0,-0.194114184133223,-0.1566872902326899,0.1080578839864347,0.0,-0.2217127734342647,-0.2478718084569988,0.5,1,0.11490219919966377
UCvIeVVOYt91VMEK9ofkMpPg,-0.2376677482929351,1.0,0.0,0.4003447346673218,-0.2595270359916024,-0.2664309169979283,0.0,-0.2217127734342647,-0.2478718084569988,0.25,1,0.1471548335319685
UCvIt400iVwJsI776V26Urww,0.010360766682786,1.6,0.0,10.318966255709451,-0.0902934983278975,-0.3008350491528985,0.0,-0.2217127734342647,-0.2478718084569988,0.0,1,0.09792836808626015
UCvJbG5DUkERB_VA5OmZndzQ,-0.0463616416401637,0.0,0.0,0.0120539307266134,0.0417675880626682,1.049094107296838,0.0,-0.2217127734342647,-0.2478718084569988,0.0,1,0.14252358380661262
UCvJlM6iY14SI3GyRbR1WMRw,0.0121458964771371,0.0,0.0,-0.1141278154775542,-0.0938452634875459,-0.2568603801490722,0.0,-0.2217127734342647,-0.2478718084569988,0.5,1,0.1252712046298906
UCvLKHlGfnoEmI8LLYc3zEZw,4.2358144956933605,-0.4,0.0,-0.2374444261035332,-0.3440025414364233,-0.2914990803165611,0.0,-0.2217127734342647,-0.2478718084569988,0.0,1,0.1370499343829759
UCvO73JiNlu0NmbyaQzsHuUg,-0.2801282056977775,0.0,0.0,7.997062179045512,-0.4068445681815673,-0.3474258314602771,0.0,0.6913574657089212,0.7154674764909068,0.0,1,0.06759543283482455
UCvOLgJosZa045VvVyIO2_gg,0.0469492620128969,-0.4,0.0,-0.0929229622471512,0.2001440254088113,0.3614844974263843,0.0,-0.2217127734342647,-0.2478718084569988,0.5,1,0.1008343734782533
UCvOaP1a4YQPX5se-bBGSiQQ,-0.2701084375865363,0.2,0.0,0.5887166506099688,-0.1422784247554796,-0.1755912337241835,0.0,-0.2217127734342647,-0.2478718084569988,0.25,1,0.15052687679144994
UCvOxkNkujEwF5bMExiEfBAQ,1.7840690024820225,0.0,0.0,-0.2265926336297463,-0.1671004199052956,-0.1198274674571266,0.0,-0.2217127734342647,-0.2478718084569988,0.0,1,0.16338171724421252
UCvPnexfkxsEspKROsZ4SsLg,-0.1935984926518394,0.0,0.0,0.1189404547118295,-0.1767870521588823,-0.2058679934169939,0.0,-0.2217127734342647,-0.2478718084569988,0.0,1,0.17212944510134887
UCvQG1gpFQidfdnfHLnbvfZg,5.0402311863807645,0.0,0.0,-0.2326253478586899,-0.4443802681642158,-0.3746721075202434,0.0,-0.2217127734342647,-0.2478718084569988,0.0,1,0.12758309065373202
UCvSdknes7CWqms1z9mlFXxg,-0.2979551611522275,4.4,0.0,1.1586821934173528,-0.3367834952439874,-0.3288991128151444,0.0,2.517497943995293,1.6788067614388125,0.5,-1,-0.06111065073583655
UCvT5SaQ9nfCqAN5QkqwcZoQ,-0.2003235318578723,0.4,0.0,0.1301809718543762,-0.2392792838504245,-0.3697986499171981,0.0,-0.2217127734342647,-0.2478718084569988,0.0,1,0.16677167512571628
UCvTsrQlZALZSL28kk0lHX4Q,6.294207911215219,-0.4,0.0,-0.2435343161829531,-0.0168365370715314,-0.2371857578920869,0.0,-0.2217127734342647,-0.2478718084569988,0.0,1,0.13478759979307536
UCvXrBe-9HXoB1SGHaUxbn5A,-0.0587760498756585,0.2,0.0,-0.0900554625495798,-0.4632994717845024,-0.4297499963622532,0.0,-0.2217127734342647,-0.2478718084569988,0.0,1,0.16078006796114258
UCvZBDRPQBJgYZm2ib0O5HHg,0.1222134992235119,1.0,0.0,-0.2044604808727046,-0.440344171391888,-0.4119712029402878,0.0,0.6913574657089212,0.7154674764909068,0.25,1,0.07859546101876697
UCvZwz1YWYa3GtFk_T78ALgw,-0.0476867793587725,0.2,0.0,13.82799958728534,-0.2641180960701252,-0.4949010366999023,0.0,2.517497943995293,1.6788067614388125,0.0,-1,-0.03413373108770357
UCvbQI5pcHAEzYm8hxIQ9GtQ,-0.2401632539061063,-0.2,0.0,1.041088246000214,-0.3040250029065164,-0.1373815737534207,0.0,-0.2217127734342647,-0.2478718084569988,0.25,1,0.1493624640780825
UCvc_RLwBg1cpZxBAXQCiaUg,-0.1993368426696617,2.8,0.0,0.1677499607250127,0.1168389880279654,0.5567522637985622,0.0,-0.2217127734342647,-0.2478718084569988,0.25,1,0.08538818168028633
UCvd1s1BIM-uHQ0eODb2mTdQ,0.0190123241031797,-0.2,0.0,6.029235968303734,-0.4396378544567307,-0.4532307068865038,0.0,-0.2217127734342647,-0.2478718084569988,0.0,1,0.1449563148488653
UCve3oJ1EDu_e15uApvBEHlQ,-0.018828358488508,0.8,0.0,-0.0815449546697679,-0.1106867945648047,0.1003332865439496,0.0,-0.2217127734342647,-0.2478718084569988,0.25,1,0.14817414654373168
UCvfcOerzve6p1pR5VRuh1sg,7.788448805940563,-0.4,0.0,-0.230518607362172,0.1526795273662363,0.3278486865883481,0.0,-0.2217127734342647,-0.2478718084569988,0.0,1,0.11335747431518367
UCvh7Fx-bTbWJj-stquZHK4w,-0.3254805612504613,0.2,0.0,1.5940078151472348,-0.3541735053026894,-0.5021101393530284,0.0,-0.2217127734342647,-0.2478718084569988,0.0,1,0.15528463244735363
UCvi-lNywv_TLhZdNYqvJ6QA,2.2855959464367257,-0.4,0.0,2.8600003108164427,0.1450513044665368,-0.2307639530125649,0.0,-0.2217127734342647,-0.2478718084569988,0.0,1,0.12126867532104607
UCviE9tLOQYnTLHu57Wzxdog,0.1398145901594698,-0.2,0.0,-0.1660788245901605,-0.150754227977368,-0.1749849390062439,0.0,-0.2217127734342647,-0.2478718084569988,0.25,1,0.16204511998689064
UCviJuEJ0YCMzfns7rZi4FFg,0.0105855742706014,-0.4,0.0,-0.1797567646971561,-0.2236461356856082,-0.2819921070194143,0.0,-0.2217127734342647,-0.2478718084569988,0.25,1,0.16089460143165324
UCvmsnD5JQb5fS0qF8B5nyNw,-0.0584155094046338,-0.2,0.0,-0.139057041785566,0.5145963249408706,1.622894517668564,0.0,0.6913574657089212,0.7154674764909068,0.25,1,0.033589453041057815
UCvnM8N-cYxG5pc9zPaWgHUQ,1.1086539953024572,0.2,0.0,-0.2063997784292158,-0.215911965245635,-0.3689519506946169,0.0,-0.2217127734342647,-0.2478718084569988,0.0,1,0.16171496677622016
UCvny3UPuQjZifIueChOOFcg,0.2344882761979669,0.4,0.0,-0.0929174671790631,-0.0956615070350934,-0.2459347611691349,0.0,-0.2217127734342647,-0.2478718084569988,0.0,1,0.16722199452388653
UCvnyrmHHeEqvHJMN0WV3rdQ,0.7238103697539755,0.0,0.0,-0.1773640693523945,0.1707208799385416,0.1137535810843251,0.0,-0.2217127734342647,-0.2478718084569988,0.0,1,0.15462160498956568
UCvsW-AeUsLPpAg1PgNtkF_Q,0.0216854489189882,0.2,0.0,-0.1389094203582664,-0.215382227544267,-0.2870005689511973,0.0,-0.2217127734342647,-0.2478718084569988,0.5,1,0.11939542348597065
UCvsswm1DY-c9k3v_eIPS3hQ,0.1700328302260436,-0.2,0.0,-0.1629423714608452,-0.4106788601152787,-0.4993547473422014,0.0,-0.2217127734342647,-0.2478718084569988,0.0,1,0.1638587095670871
UCvuw_MHo54xaqkZ7i7GCheg,1.3643877752017928,0.0,0.0,-0.2126621399984537,0.402594639508774,0.5929244968714632,0.0,-0.2217127734342647,-0.2478718084569988,0.25,1,0.12152516098067084
UCvv2toXBlGXzdbhTMS1W9gg,1.3001794559897006,-0.4,0.0,-0.1247570354448368,-0.4584258849319165,-0.4937152716141239,0.0,-0.2217127734342647,-0.2478718084569988,0.25,1,0.13613202550191156
UCvvA-5rTTGRnEMMCJNoh9VQ,3.874094845245737,0.0,0.0,-0.244593685184275,1.4178747825878335,0.1749644433053556,0.0,-0.2217127734342647,-0.2478718084569988,0.0,1,0.07624042519526913
UCvw5oiSM8eiMx3sSm-fCuvA,0.6257328740326624,1.2,0.0,-0.2167296561945536,-0.0327449677341527,-0.1686776050412588,0.0,-0.2217127734342647,-0.2478718084569988,0.0,1,0.14859238457006446
UCvwmrYxlpF3ToVZ4KVByHhg,1.5836978782720574,-0.2,0.0,-0.2320943146275557,-0.0200855949732553,-0.1760292787905678,0.0,-0.2217127734342647,-0.2478718084569988,0.0,1,0.16418085584090697
UCvxRWmS3T5dlVGIKEkARUEg,0.0099938637328608,0.6,0.0,0.2769194536423743,-0.3389170595032903,-0.3524480619473638,0.0,-0.2217127734342647,-0.2478718084569988,0.0,1,0.1640688028730809
UCvxsLFNQhz_mYMgJdMfnQMg,-0.2086060655020407,-0.4,0.0,0.1969570451138807,-0.2160179127859086,-0.3317611181855663,0.0,-0.2217127734342647,-0.2478718084569988,0.0,1,0.1722333309053632
UCvyvx9FKa1skq-ki04DN1iA,-0.2819541361504743,0.4,0.0,4.553557422484817,-0.1587591532424848,-0.3229120172511978,0.0,-0.2217127734342647,-0.2478718084569988,0.0,1,0.15148615010279792
UCvzDP-jbRZ0AIit24B1-gjQ,0.3923767248228021,-0.4,0.0,0.880125838043564,-0.3618017282023889,-0.4234748305186691,0.0,-0.2217127734342647,-0.2478718084569988,0.0,1,0.16536921328793225
UCw0aiVa8jmupdggWGoTMZ9w,-0.2887393664267399,0.6,0.0,1.0651694594926329,-0.2973856237160371,-0.1362197167356046,0.0,-0.2217127734342647,-0.2478718084569988,0.25,1,0.13920351331985464
UCw1CsjhWLOpG9QjWuc_e5pA,62.772676167337295,1.6,0.0,3.0081273326835487,-0.0654311422103582,-0.0807817548746534,0.0,-0.2217127734342647,-0.2478718084569988,0.0,-1,-0.05510746642129871
UCw1Mh7VGpASBPWTqpdwUcWg,-0.119892372661686,0.4,0.0,0.0614595962205989,-0.0255006914761285,-0.105802927802502,0.0,-0.2217127734342647,-0.2478718084569988,0.25,1,0.15133954340109218
UCw1fsbAq8P417QRFkTbZLtg,0.7487900678674613,-0.4,0.0,-0.1906641811412103,-0.3380694791811015,-0.3218825265585347,0.0,-0.2217127734342647,-0.2478718084569988,0.0,1,0.16761567404448308
UCw1mt9PMKJAzMCAiki_sW6A,0.0558616810682085,-0.2,0.0,-0.0363195148607565,0.0484271477370091,0.5059375022341701,0.0,-0.2217127734342647,-0.2478718084569988,0.0,1,0.1592749599571579
UCw2w0xPGqfgCKtB1ZM9sPiQ,-0.3471907531429512,1.0,0.0,3.6877046983630297,-0.0582267094717531,-0.2238415070769749,0.0,-0.2217127734342647,-0.2478718084569988,0.5,1,0.05531707923175916
UCw4W-rrf_ROlNHAQ_-Au70Q,8.666292744791605,-0.4,0.0,-0.2553983955605446,-0.250768705995651,-0.4068672399893608,0.0,-0.2217127734342647,-0.2478718084569988,0.0,1,0.11712145908677712
UCw5de7keOLCD-TUhiwNMSsA,0.1205049716552875,0.0,0.0,-0.1634584885913957,-0.0847640457498084,0.0705924506832427,0.0,-0.2217127734342647,-0.2478718084569988,0.25,1,0.155730191103868
UCw5zGcM3LH4mDyUZdxL-4Bg,-0.0993580611289435,-0.4,0.0,-0.0853085033900766,-0.1787243786095997,-0.081675595199703,0.0,-0.2217127734342647,-0.2478718084569988,0.0,1,0.17191899126933025
UCw8_VBsxY5Da8opoPvofLvg,11.328247875419285,0.4,0.0,-0.2501613507654024,0.1134083057714868,0.2440876943490188,0.0,-0.2217127734342647,-0.2478718084569988,0.0,1,0.08660987592684566
UCw9wNv0CEM9Ohkbwq0mpqIg,-0.2351545691272626,-0.4,0.0,-0.0201169753598027,-0.0388736254484412,-0.005209077025379,0.0,-0.2217127734342647,-0.2478718084569988,0.0,1,0.1675786358684514
UCwAJwDJ7C2-aX0bpCcxG7_A,24.28479725723556,0.2,0.0,-0.2447257210189379,0.2137053105638327,0.3120709081055013,0.0,-0.2217127734342647,-0.2478718084569988,0.0,1,0.0007395419815847681
UCwArk2bil61-c_ZhxeK9yvg,-0.2763083877791638,1.2,0.0,0.276198217034211,-0.4369755829319068,-0.4232039524851015,0.0,-0.2217127734342647,-0.2478718084569988,0.5,1,0.08566499910142356
UCwBU-lCVV_p81Rlcx4JRkBA,-0.1393568451496884,0.2,0.0,0.0828653025461064,0.0712058688958341,0.0848830608032708,0.0,-0.2217127734342647,-0.2478718084569988,0.0,1,0.16225226948215205
UCwByvoipmZjgPB-HimwlNmw,0.5819573877928123,-0.4,0.0,-0.0859083081471672,-0.2609396698619171,-0.3170653511065188,0.0,-0.2217127734342647,-0.2478718084569988,0.0,1,0.1692548999611253
UCwC0n9XEqXbtoLiqfB072rA,0.4952933557478647,-0.2,0.0,-0.185835621212447,0.3881655935477021,0.3946966396014853,0.0,-0.2217127734342647,-0.2478718084569988,0.5,1,0.0913353767864773
UCwDFsVenL4otaf46j65UM_g,1.2202030962112125,-0.4,0.0,-0.2255359821273523,1.1214638356280793,4.465084152342428,0.0,-0.2217127734342647,-0.2478718084569988,0.0,1,0.007200905147370984
UCwDyweH08X6j3VjqVhHSmhA,-0.2127283458791521,0.0,0.0,0.0667910675547117,-0.4044229101181706,-0.5440083234184467,0.0,-0.2217127734342647,-0.2478718084569988,0.25,1,0.13912279158668728
UCwENr2gU3dRpnGWQ31WtFgQ,2.421133713626427,-0.4,0.0,-0.2351510352467941,-0.3863815575458653,-0.4018271806816491,0.0,-0.2217127734342647,-0.2478718084569988,0.0,1,0.14947273520293775
UCwEZIq8J0Atls4eDi9v5yUw,-0.2174536226196728,0.2,0.0,2.7653105746839266,0.1745047206625989,0.3693527166922988,0.0,-0.2217127734342647,-0.2478718084569988,0.0,1,0.1346783735270179
UCwEm61nheRTfYODCuhI4maw,2.1792195408740254,-0.4,0.0,-0.2377778477867471,-0.2100848505305867,-0.0168336059704316,0.0,-0.2217127734342647,-0.2478718084569988,0.0,1,0.15931131182737052
UCwEoebx9YVz1iwGcCkMFaiw,-0.3355403473341516,-0.2,0.0,1.2019549339463296,-0.2764786424353792,-0.4197934600684281,0.0,-0.2217127734342647,-0.2478718084569988,0.0,1,0.16978557656496096
UCwG-RtMUooLvNKIs5xRxF7Q,-0.2503396854363047,-0.4,0.0,2.7098442071954074,0.7858220280412991,0.9136086159288332,0.0,-0.2217127734342647,-0.2478718084569988,0.0,1,0.11535503877290487
UCwGV0V4tUE_4OsrHvm4aP0w,-0.0394199751763301,-0.2,0.0,-0.1563833442714174,-0.3273334617667094,-0.5118239944717226,0.0,-0.2217127734342647,-0.2478718084569988,0.25,1,0.15024389500164614
UCwGeM7b5rZoryH-Tw5JKzAQ,-0.1943045089943759,5.8,0.0,3.170312930553832,-0.2405741982315463,-0.1429547725337318,0.0,2.517497943995293,3.605485331334624,0.0,-1,-0.051252783435042804
UCwINxOPhFFhkYqntJpZllCw,-0.3060255146571262,0.4,0.0,0.9329067029291336,-0.4252760767751975,-0.4790248680595722,0.0,-0.2217127734342647,-0.2478718084569988,0.0,1,0.159855929356847
UCwK-EelLcGG81WiSk52upUg,19.602448086112304,-0.4,0.0,-0.254871412453457,-0.2270364569743635,0.0116264844181137,0.0,-0.2217127734342647,-0.2478718084569988,0.0,1,0.06481864613420502
UCwL7Vf1NOoJkNCYgI4APWCw,-0.161980406235441,1.6,0.0,0.1569722520539222,-0.3163149175782546,-0.3557094987146715,0.0,0.6913574657089212,0.7154674764909068,0.25,1,0.08819769715931097
UCwLVjfClE4GbmyoNU6Kxmqg,0.3570888262212554,0.2,0.0,-0.2175158357059944,-0.1968414079963861,-0.2486326558630243,0.0,-0.2217127734342647,-0.2478718084569988,0.5,1,0.11878849739343661
UCwMFd117WPD_VnDCjV4pPhQ,9.056384809482577,-0.4,0.0,-0.2539445568293417,0.095891645779584,-0.3400701243746938,0.0,-0.2217127734342647,-0.2478718084569988,0.25,1,0.08911484875693337
UCwNy-SWv8RabzYm5yTnbTiw,-0.1042094512905264,0.2,0.0,-0.0533874625485888,-0.4177420294668523,-0.4053495836677047,0.0,-0.2217127734342647,-0.2478718084569988,0.0,1,0.16172190516996493
UCwPRzw_OqvxHVhF7kcLdeig,-0.3120027101130364,2.2,0.0,0.2991858403322949,-0.2246820671905056,-0.2647803174950729,0.0,-0.2217127734342647,-0.2478718084569988,0.25,1,0.13120210307366675
UCwQqksTFqw7_YtgaM5UBYaA,-0.3408106006900133,1.0,0.0,7.428073968795853,1.7778441634698197,1.227662020452236,0.0,-0.2217127734342647,-0.2478718084569988,0.0,1,0.016077711511543802
UCwRCqtgdnEktzoD6cZLd2yA,-0.0918248861108265,-0.4,0.0,7.548301735336063,-0.3838388165792987,-0.458996033979951,0.0,-0.2217127734342647,-0.2478718084569988,0.0,1,0.13250729106130965
UCwRFPnu8iCJ_q0kDpEIOCig,-0.2440983966101621,0.0,0.0,0.3470173799934957,-0.3547789198185385,-0.439536990686489,0.0,-0.2217127734342647,-0.2478718084569988,0.0,1,0.16864302230742184
UCwT8_uSCOTc7tEQGprrHyLw,-0.1125283924528473,-0.4,0.0,-0.045656132374392,0.2408278808738756,0.0066103852343923,0.0,-0.2217127734342647,-0.2478718084569988,0.25,1,0.14383673558471033
UCwU8-JKkah0BwajPj1E5OVw,-0.3547727071659715,-0.2,0.0,3.2017266145212906,-0.3358092649885978,-0.3621812250786718,0.0,-0.2217127734342647,-0.2478718084569988,0.0,1,0.15405279075018202
UCwXd5AjebcnG1gjcwmqkrhg,0.0307334241219841,0.0,0.0,-0.0411342749458079,0.0005994009849246,0.1562173511572454,0.0,-0.2217127734342647,-0.2478718084569988,0.5,1,0.11312105630519409
UCwXhWtJRz_d3IydUhkFXyew,0.0231196577044615,0.0,0.0,-0.0424977447283271,-0.2948428827494707,-0.2303969692597969,0.0,-0.2217127734342647,-0.2478718084569988,0.25,1,0.16255758615836124
UCwYLSfwM96geIXKHGAbseTg,-0.0499894665141555,-0.4,0.0,-0.1176588799869258,-0.261787250184106,-0.1757832285015029,0.0,-0.2217127734342647,-0.2478718084569988,0.0,1,0.1703100260370774
UCwYa9bEawSy6NJS-UGGVWvw,0.2774430881142004,0.0,0.0,-0.2173945227857298,-0.3596222359453319,-0.3379038314603453,0.0,-0.2217127734342647,-0.2478718084569988,0.5,1,0.12148957258223059
UCwYt9itmJ9Tm4jPwZDk8Bag,-0.2273802258613005,0.0,0.0,0.1201779671517411,-0.328140681121175,-0.4028845704273103,0.0,-0.2217127734342647,-0.2478718084569988,0.25,1,0.153888568574933
UCwaU8nkUu8PrO383wJ5P96A,-0.313779491257825,2.2,0.0,2.1162276613302247,-0.1519314228692969,-0.2726269077192687,0.0,-0.2217127734342647,-0.2478718084569988,0.0,1,0.14195399391338465
UCwayLuKs9LZcL0sIFqydz5g,-0.2735627334228984,-0.2,0.0,0.9431928713134148,-0.3132071230635622,-0.2773208893058823,0.0,-0.2217127734342647,-0.2478718084569988,0.0,1,0.1713125173368759
UCwb0iCr2PPMRoWweD5TY56g,8.1741004663094,0.0,0.0,-0.2455439078326713,0.5636349007246534,-0.1240902215707227,0.0,1.6044277048521072,1.1971371189648596,0.0,-1,-0.010162067074835024
UCwe-Sxf0ebGC0UwTUU-MZkw,0.1195839270906529,0.0,0.0,-0.1305512142316967,-0.2809183488849397,-0.3258132494301147,0.0,-0.2217127734342647,-0.2478718084569988,0.0,1,0.17243818377617448
UCwf76iVY2Wx1zTdwDyErMog,0.1510139669084384,-0.4,0.0,-0.1721812664649167,-0.2897574008163376,-0.317650654676073,0.0,-0.2217127734342647,-0.2478718084569988,0.0,1,0.17185345130317653
UCwfLxITnONK2bFkZ2uYm3fA,-0.1017468827524711,0.8,0.0,-0.0287865498011818,0.0865682622355069,0.0698141722138169,0.0,-0.2217127734342647,-0.2478718084569988,0.25,1,0.1425965018091469
UCwfdKWE6sv7CR0zN0EGqpow,0.8724766576919493,-0.4,0.0,-0.1826735120593239,0.2942254411717724,0.2914067694523271,0.0,-0.2217127734342647,-0.2478718084569988,0.25,1,0.1270681610158128
UCwflsjf9WHtCp-K3EahIJJA,-0.0036966759849501,0.0,0.0,-0.0019354599672695,-0.3717305262623153,-0.269254030152796,0.0,0.6913574657089212,0.7154674764909068,0.5,1,0.06411670729987978
UCwgULRKbPFiW_nLz4maC0Mw,0.0363668689817456,0.2,0.0,-0.0747825232879536,-0.5321653729623456,-0.5886298016624909,0.0,0.6913574657089212,1.6788067614388125,0.0,1,0.05236011519814404
UCwiKRQcAIS33FNvr5Zzc3pw,-0.2171911703650298,0.0,0.0,0.3477997929909401,-0.2548855247034254,-0.2679421177347357,0.0,-0.2217127734342647,-0.2478718084569988,0.25,1,0.16008286575142383
UCwkDzM6UpYiOghg9r283IWQ,-0.1621910749812554,-0.2,0.0,-0.0530859210150457,0.1402483493074666,0.3223689766280048,0.0,-0.2217127734342647,-0.2478718084569988,0.0,1,0.1549879495583691
UCwn0w3T_PL-1J1nwYI0ju_g,-0.0648267673099737,0.6,0.0,0.0567949273278219,0.0306279609710435,0.0687493070631945,0.0,-0.2217127734342647,-0.2478718084569988,0.5,1,0.10713218227510535
UCwn56BB4cPWKgH_FzK4NFpw,-0.1025581523684964,0.4,0.0,0.0736918006031947,-0.5025000616857362,-0.461094161352465,0.0,1.6044277048521072,1.1971371189648596,0.0,1,0.06210940534698467
UCwnz5XO9m52Meg-fOdqRcjg,-0.0870600963564995,1.6,0.0,4.852199168925673,-0.0433940538334484,-0.0507957935128392,0.0,-0.2217127734342647,-0.2478718084569988,0.0,1,0.12919990123620317
UCwpKvsz71caPbHAwMo-dWOQ,3.8296677759102886,-0.4,0.0,-0.2475539308913854,-0.2956904630716595,-0.3678086636281093,0.0,-0.2217127734342647,-0.2478718084569988,0.25,1,0.10995051340699885
UCwsNrEYUpNKc_sJdVguokUQ,-0.3062933209585564,2.0,0.0,0.8489102202264374,-0.3058115692719145,-0.4424553458496306,0.0,0.6913574657089212,1.6788067614388125,0.25,1,0.047859654271670105
UCwtUHgepwhPd6M0QpEs7IdQ,0.3317089736312102,0.0,0.0,-0.1697268875569821,-0.2591234263143696,-0.3554703304794004,0.0,-0.2217127734342647,-0.2478718084569988,0.0,1,0.17122812724033043
UCwtigU3ZDsRplnJBFlkgQQQ,-0.0269276013263729,-0.4,0.0,-0.1366308644509244,-0.3863815575458653,-0.3318725918997548,0.0,-0.2217127734342647,-0.2478718084569988,0.25,1,0.15641633466276295
UCwvQIsGJD1gtQPqW9b1eaJQ,-0.3377177290023011,-0.4,0.0,0.8812833531338462,-0.2049993685974537,-0.1702959141570679,0.0,-0.2217127734342647,-0.2478718084569988,0.0,1,0.16953083638201988
UCww1DQ8UH_dVGdmirVYlwdg,2.249038203087967,1.0,0.0,-0.2435760487486914,-0.3414598004698568,-0.3080601653351403,0.0,-0.2217127734342647,-0.2478718084569988,0.0,1,0.14308607236348214
UCww7Qg_OcVgu9V-7YFbiREQ,-0.3406550734280026,-0.2,0.0,6.16424856575925,-0.0695277804342709,-0.0762153891314388,0.0,-0.2217127734342647,-0.2478718084569988,0.0,1,0.14489889102092063
UCwxHv6Apdat5dR5BVdB8BXA,0.0672116364844874,-0.2,0.0,-0.1319981250661671,-0.4127978109207508,-0.5044849551861186,0.0,-0.2217127734342647,-0.2478718084569988,0.0,1,0.16457480453621331
UCwyQOFpCRB12qo7-pQADNzQ,0.539447545432695,-0.4,0.0,-0.2161207734685453,0.3552512243693689,0.4889709236102774,0.0,-0.2217127734342647,-0.2478718084569988,0.25,1,0.12969202847938627
UCwzC_XfxNKJ4KvYwTpCfmBA,-0.3069268658346881,-0.2,0.0,0.6025282899264521,-0.2785975932408512,-0.3189265342775266,0.0,-0.2217127734342647,-0.2478718084569988,0.0,1,0.1734673363104159
UCx-HMIyqBgGgDhoslrR2w4A,-0.3281501513557695,0.2,0.0,2.0422625798761045,-0.0760612120844765,-0.351292973767836,0.0,-0.2217127734342647,-0.2478718084569988,0.0,1,0.1573941328492376
UCx-leoPVPDvDsicSc87whEg,0.1052550186564982,-0.4,0.0,-0.1156574973554468,0.2348948186185537,0.0858563902809034,0.0,-0.2217127734342647,-0.2478718084569988,0.5,1,0.105322785953399
UCx0uF-Us4LOlUi4xHPEgBQg,0.7763004840434825,0.4,0.0,-0.1907267732086232,2.683460193830755,5.184201183806115,0.0,-0.2217127734342647,-0.2478718084569988,0.0,-1,-0.05618166730228191
UCx1F73tIa4LqpIZ8QuIruOA,-0.2952163699473844,0.2,0.0,0.2953254681326143,-0.3933740952039232,-0.3915193998902024,0.0,-0.2217127734342647,-0.2478718084569988,0.0,1,0.16241824465044225
UCx1QpGtVIE20i1GDlSTNX0A,-0.0694459269916907,-0.4,0.0,-0.13973449642073,-0.1914380834424322,-0.5020927265073502,0.0,-0.2217127734342647,-0.2478718084569988,0.0,1,0.16407903079640201
UCx4J3apzbBWZiCYAmMt277Q,-0.2777619694971865,-0.2,0.0,2.444173533628164,0.0343008090338617,-0.542889017466319,0.0,0.6913574657089212,0.7154674764909068,0.25,1,0.05537061776593505
UCx9h9k06Sn_u8R7PbMigwIA,0.4701837822714274,0.0,0.0,-0.2189264901967481,-0.1210889167007586,-0.304285955682489,0.0,-0.2217127734342647,-0.2478718084569988,0.0,1,0.17079958218252855
UCxBnbpZD8gnbqe0BLFh3t9A,-0.3244060092583876,2.2,0.0,1.2834285207290053,-0.3233309991341511,-0.3575367750657731,0.0,-0.2217127734342647,-0.2478718084569988,0.25,1,0.1138106017535156
UCxBr4QBh04Nw1mhe1ZreNaQ,0.99226941042937,-0.4,0.0,-0.1438183801145176,-0.2651775714728613,-0.3039827898693578,0.0,-0.2217127734342647,-0.2478718084569988,0.0,1,0.16706254495612033
UCxCZ-0NeRGaG0cEdB2h604A,-0.1703562562368158,-0.2,0.0,0.1163371634654551,-0.0914236054241492,-0.2470965775889051,0.0,-0.2217127734342647,-0.2478718084569988,0.0,1,0.17101362704823947
UCxD_3fJ1Um79W6iFcctyl9g,0.3579910610764423,0.4,0.0,-0.1391315573498484,-0.1634679328102006,-0.2245235241729724,0.0,-0.2217127734342647,-0.2478718084569988,0.25,1,0.15401017106874404
UCxEpLcr9jxrtoo1KSunP3mw,-0.0402948160251402,1.0,0.0,0.0598140382763136,0.1723857698571268,0.0785052483956513,0.0,-0.2217127734342647,-0.2478718084569988,0.25,1,0.13705931100313556
UCxGWC4_TeM2o7QgPjhEqsRQ,2.6658989838683245,-0.2,0.0,-0.2317763263895705,-0.2482259650290845,-0.3662263914330224,0.0,-0.2217127734342647,-0.2478718084569988,0.0,1,0.14973787874738337
UCxH1kSpAKBE0XIQY_XE9cUQ,0.1148639524158826,0.2,0.0,-0.1070004879308422,-0.043217474599659,-0.3036523076622726,0.0,1.6044277048521072,1.1971371189648596,0.0,1,0.06930711566026976
UCxHU9_KkRJllIt9QlXc_YoA,-0.0341673953729697,-0.2,0.0,-0.097169867460181,0.1847463162223807,-0.3242238512100341,0.0,-0.2217127734342647,-0.2478718084569988,0.5,1,0.1102956629498032
UCxHdueQ2lCp08kZ1136FiLQ,0.1874794543131409,-0.4,0.0,-0.1370396179992349,-0.3770581740017881,-0.4529415910244972,0.0,-0.2217127734342647,-0.2478718084569988,0.25,1,0.15008770401003224
UCxItpghuARpCVGkMbIJL7yw,0.6592014163546132,-0.2,0.0,-0.1420364389823178,-0.353467188367532,-0.4520955742966928,0.0,0.6913574657089212,0.7154674764909068,0.5,1,0.04867891966187282
UCxJcQOJ0HFfbdlohj8IDI3Q,0.8502334314560229,-0.4,0.0,-0.2275382206445945,-0.2906049811385264,-0.3046231711227791,0.0,-0.2217127734342647,-0.2478718084569988,0.0,1,0.1670434091286659
UCxKZCh6XF0yxv2tPw348cKw,0.3584774372412757,-0.4,0.0,-0.1650675687155649,0.9426243876462344,0.6281937480596295,0.0,-0.2217127734342647,-0.2478718084569988,0.5,1,0.07026906869216037
UCxMFnQHv5ZNxyOC5--fPXiA,-0.118442468078396,0.0,0.0,-0.0968017245668059,-0.370519697230617,-0.4283436470548191,0.0,-0.2217127734342647,-0.2478718084569988,0.0,1,0.1678475448130552
UCxMl7BW3iQZjkb_RN47D4rg,0.5900975047375526,0.8,0.0,-0.2054242741290877,-0.2332006774993733,-0.2447389876624338,0.0,-0.2217127734342647,-0.2478718084569988,0.0,1,0.16028769159247935
UCxPe7JmeEb10keBOYpt9t0Q,13.74346253957753,-0.2,0.0,-0.2471939318533151,2.576335458665221,1.5967249533897758,0.0,0.6913574657089212,0.7154674764909068,0.0,-1,-0.0791140845072823
UCxSmfVkmJ55x469SyvTYq1w,-0.1425689329824543,0.8,0.0,4.0535497785535055,0.6548323418848421,0.6757574895428478,0.0,-0.2217127734342647,-0.2478718084569988,0.0,1,0.10427850200498073
UCxTPtg4J_oMyTOGdAy8-CZg,-0.126105922426379,-0.4,0.0,0.0975242029272545,-0.2151703324637198,-0.3880881657637714,0.0,-0.2217127734342647,-0.2478718084569988,0.0,1,0.16882233821412496
UCxVNh6FWkXJeV3sPDVRbGpw,0.742813579353651,-0.4,0.0,2.265844303182849,-0.1643155131323894,-0.1705047765420564,0.0,-0.2217127734342647,-0.2478718084569988,0.0,1,0.15696642456813764
UCxWGNl7ar9SuYfbsh7Tieag,-0.319734889332317,1.0,0.0,4.11263000654478,-0.1055499441272966,-0.420061612959938,0.0,-0.2217127734342647,-0.2478718084569988,0.25,1,0.09735261553323604
UCxWe2kcHeJMQq0NlPe2f7kw,-0.2003602928470748,-0.4,0.0,0.0723306036067274,0.4891689152752054,0.5650944540896811,0.0,-0.2217127734342647,-0.2478718084569988,0.0,1,0.14328434141006963
UCxY-6OgplQOC2uEXgqODjZQ,-0.2351969856532655,-0.4,0.0,6.697484593515391,0.3781358930684675,0.3685127496454544,0.0,-0.2217127734342647,-0.2478718084569988,0.0,1,0.11796020252829392
UCxZ6za_Q-6hPBzK5pmGQ__Q,2.470111369259888,-0.2,0.0,-0.2434511023725672,-0.2122038013360588,-0.1956457390123729,0.0,-0.2217127734342647,-0.2478718084569988,0.0,1,0.15820224807417776
UCxZyAlH0YwAUBcvtFFOmMbQ,-0.2383933738627706,0.0,0.0,91.05223942910716,-0.4013958375389247,-0.597939553876154,0.0,-0.2217127734342647,-0.2478718084569988,0.0,-1,-0.06312485557095482
UCx_hrkHT59HJymoUCjomcdA,0.6226059158709653,0.8,0.0,-0.1574317439410015,-0.3745924857917841,-0.3503188029476811,0.0,0.6913574657089212,0.7154674764909068,0.0,1,0.10250511996208317
UCxbckLYNUgnfNTZlDBS9-Mg,4.274791041437435,-0.4,0.0,-0.2175822894805642,1.0172114559988523,2.1519202906077046,0.0,-0.2217127734342647,-0.2478718084569988,0.25,1,0.03017633952644383
UCxcIOIDdOfo2-ljOB2HYZNw,0.2187149840616845,-0.4,0.0,-0.1747185250222644,-0.0643010351141064,-0.2419425997143274,0.0,-0.2217127734342647,-0.2478718084569988,0.25,1,0.1571950943908738
UCxccuedyzOB2AYkgNp8ZCZg,-0.3013413163022047,-0.4,0.0,4.483409637520535,0.4891689152752054,0.1284188502711011,0.0,-0.2217127734342647,-0.2478718084569988,0.0,1,0.1282315459659788
UCxd3C0YYPbYtR3lI9bLjNxQ,0.6024381151634787,3.2,0.0,1.77544722604494,-0.3637548480752589,-0.3368900964376431,0.0,-0.2217127734342647,-0.2478718084569988,0.0,1,0.10946173944238036
UCxdX5hzccz9fAK09wyHzOkA,-0.2255896425136062,-0.4,0.0,0.7271171142955802,0.860409096393917,0.2215329338881419,0.0,-0.2217127734342647,-0.2478718084569988,0.0,1,0.13803888913517748
UCxfDgjdRD5p2gIxFnnWUXDw,0.5931518159470804,-0.2,0.0,-0.2187572173799131,1.8827322283406884,2.5069148639183974,0.0,0.6913574657089212,0.7154674764909068,0.0,-1,-0.031148996245800697
UCxfUlvIr4_Z6FPcSbRbzgHA,0.4691656074266601,5.4,0.0,-0.0960435404319042,-0.2386283643219462,-0.2970804235830382,0.0,-0.2217127734342647,-0.2478718084569988,0.75,-1,-0.02046980153304978
UCxgZLb-KLWNV-NLeabziaeA,0.6210314915466938,-0.4,0.0,-0.1967837425851762,-0.3753630133574103,-0.3823552029388126,0.0,-0.2217127734342647,-0.2478718084569988,0.25,1,0.1461287798935782
UCxh1GquHVU7JCRit-MSaY5A,2.0855474907995686,0.0,0.0,0.1541255310426873,-0.3190594633834375,-0.3492244423272961,0.0,-0.2217127734342647,-0.2478718084569988,0.0,1,0.16030494735139683
UCxh6YHnBlR_-wVKlWxCqWTw,-0.0994641024439507,-0.4,0.0,-0.0305511902537423,0.54426163621748,0.1510412655892476,0.0,-0.2217127734342647,-0.2478718084569988,0.25,1,0.13863069769638353
UCxhDkf9Z8qMJKwgWVK7oGew,0.2647920562586465,-0.4,0.0,0.3500899255685126,-0.245683224062518,-0.1853574607617959,0.0,-0.2217127734342647,-0.2478718084569988,0.0,1,0.17044089330171042
UCxhR4vIbMaAJc58iBicqtGg,0.1621963770470058,-0.2,0.0,-0.1212732515726342,-0.2517575497048713,-0.2769319244238057,0.0,-0.2217127734342647,-0.2478718084569988,0.5,1,0.12253907835172673
UCxhnw1vZr7Nvk4-s2bL_W0A,0.6519149641294131,-0.4,0.0,-0.1374742396948637,-0.2745009550169385,-0.3669093010070096,0.0,-0.2217127734342647,-0.2478718084569988,0.25,1,0.14974731989186357
UCxiQ5PZLh1WG3sFNKOM09RA,0.9680898697814108,0.6,0.0,-0.2324047754739592,0.0653787541807859,-0.0961940972485734,0.0,-0.2217127734342647,-0.2478718084569988,0.25,1,0.1409201907878545
UCxiXO-vPZ_9-Ys4n3g1Vy6w,-0.2585446321849928,0.2,0.0,0.8179908099444815,0.046837934632905,-0.1831494531990203,0.0,-0.2217127734342647,-0.2478718084569988,0.25,1,0.14351943031194636
UCxiiJTaF23I6UkPrch33fjA,1.2360880851993024,-0.4,0.0,-0.2329457442139471,-0.498262160074792,-0.5328762597087136,0.0,-0.2217127734342647,-0.2478718084569988,0.0,1,0.1485844487652206
UCxiuxeSAkQi2HzhNVJWqgQQ,0.5329945779434522,-0.2,0.0,4.960531028345655,-0.1097878457382407,-0.4627497694694083,0.0,-0.2217127734342647,-0.2478718084569988,0.0,1,0.14566433824452996
UCxj874R7MXcAVDmPBIyi11w,19.784100494422,0.0,0.0,3.2696753983945874,-0.3487247746600469,-0.4366959010543985,0.0,-0.2217127734342647,-0.2478718084569988,0.0,1,0.03524589472151235
UCxjI4tRiaoDHPkI6oopb6OA,-0.2981515935467858,-0.4,0.0,0.5093438467766873,0.0738545574026743,-0.4546848948343532,0.0,-0.2217127734342647,-0.2478718084569988,0.25,1,0.14042481342774255
UCxlJZ0TzEJz-aaf9mlIFTWA,0.2764396342990458,-0.4,0.0,-0.170107708122871,-0.0312454025487417,-0.1229080993969868,0.0,-0.2217127734342647,-0.2478718084569988,0.25,1,0.1551487204940763
UCxm1uq58gOhHKy_4Onhj9ww,-0.0806057149830566,-0.4,0.0,4.272250366409429,-0.2863670795275823,-0.3382136040229016,0.0,-0.2217127734342647,-0.2478718084569988,0.0,1,0.1549539638764369
UCxmqmV27H2mPhBd0EOquaWA,-0.2641008183723919,1.4,0.0,0.1090901277667641,-0.4216772238198719,-0.4904183741230793,0.0,0.6913574657089212,0.7154674764909068,0.0,1,0.09621461853103563
UCxqJN-3-4GqnYi8zn1PNkLA,-0.041380729586679,0.0,0.0,-0.1840701514087629,0.6453658603642914,0.7538283922064375,0.0,-0.2217127734342647,-0.2478718084569988,0.25,1,0.12291377818835708
UCxrOOdgG72z1cr2YBwmPtuw,0.5845730735629917,0.4,0.0,-0.1947256130440375,-0.0043111834214075,-0.0170720937929366,0.0,-0.2217127734342647,-0.2478718084569988,0.5,1,0.1031536923802942
UCxtRzVIV-vKM_ioCmMp4rhA,-0.1759259500679123,0.0,0.0,0.2107535945862019,-0.44861816977516,-0.537183702217993,0.0,-0.2217127734342647,-0.2478718084569988,0.0,1,0.159441931388431
UCxuoqLjhSKnAsR5SaH_kjQg,-0.1411959045271003,0.0,0.0,13.236728750192324,0.1646667347800498,-0.0583346877944126,0.0,-0.2217127734342647,-0.2478718084569988,0.0,1,0.09828914944841322
UCxv6iTNeUhGnr6DvreiLkKQ,-0.304391594728389,0.2,0.0,26.507195235653327,-0.2567017682509729,-0.395037126217001,0.0,-0.2217127734342647,-0.2478718084569988,0.0,1,0.06469962841996829
UCxwZb8v5Y_Y5Nuha0ahxMXQ,-0.2254539096303969,-0.4,0.0,0.0619756765597936,-0.0880332841353939,0.081954323419071,0.0,-0.2217127734342647,-0.2478718084569988,0.5,1,0.11478690630449351
UCxxtvFq4smMi-eijLBl1NKw,0.9138115622817858,-0.4,0.0,0.1115094766784506,-0.3185751317707581,-0.3345995321373384,0.0,-0.2217127734342647,-0.2478718084569988,0.0,1,0.16717164405014695
UCxytAMQsv79hFpadDAL3_-w,1.0755415342782848,-0.4,0.0,-0.2326319604472443,-0.1736388966764667,-0.1781115292882672,0.0,-0.2217127734342647,-0.2478718084569988,0.0,1,0.16460980266436787
UCy0itkdGFy4T6_7fqx91hhg,-0.0453736058955721,2.2,0.0,0.1001251526186368,-0.0664670737152557,-0.2253645823117423,0.0,-0.2217127734342647,-0.2478718084569988,0.25,1,0.12718921525628935
UCy1Femtnx6dhHm48VkwE5jQ,-0.0840854607350204,0.2,0.0,-0.0926577485184869,-0.4844889798392234,-0.5180454572549653,0.0,-0.2217127734342647,-0.2478718084569988,0.0,1,0.156769011818104
UCy1fu11nh90dQD_s2AIHmvg,-0.1913223915690046,0.2,0.0,0.3632749207180951,0.2232405891884572,0.7263060662735996,0.0,1.6044277048521072,1.1971371189648596,0.25,1,0.029517523262909018
UCy20AjSN4uND2pWD9sRj3wA,-0.3090523144485647,1.2,0.0,1.10429793569055,-0.1311946820807025,-0.0930426359814936,0.0,-0.2217127734342647,-0.2478718084569988,0.0,1,0.15303497584249065
UCy2IJHBkj92UQn8X8Lw3VWw,-0.1502260799379343,0.6,0.0,-0.0171603148311341,-0.0592155531809734,-0.2145227670347718,0.0,-0.2217127734342647,-0.2478718084569988,0.5,1,0.11448922312913867
UCy2WsKh7Hsi4zp0FNRZSN4A,2.9114851148801058,0.0,0.0,-0.2231548699995206,-0.2270364569743635,-0.1686764196935846,0.0,-0.2217127734342647,-0.2478718084569988,0.0,1,0.14733464930786172
UCy2_ht2OpXolYScleUi-hXw,2.153845975019084,-0.4,0.0,-0.2414992306098508,-0.3143372301598139,-0.3518691295137677,0.0,-0.2217127734342647,-0.2478718084569988,0.0,1,0.15780161647291863
UCy4SLDCaAhuOE1Us3e4Nbgw,-0.225587714489697,0.8,0.0,0.2572665210607105,-0.0451919514865762,0.0422981475627432,0.0,-0.2217127734342647,-0.2478718084569988,0.0,1,0.15787502972233192
UCy55EzgAdWWLTyv01QQh8Dg,0.4832753400470401,-0.4,0.0,-0.2158576200215862,-0.1278695592782693,-0.1637290448105205,0.0,-0.2217127734342647,-0.2478718084569988,0.25,1,0.15908863503587162
UCy58VY5cMB3Gk5eDDyNnBTw,-0.1213510298614528,0.6,0.0,1.938469730662551,0.3514371129195191,0.8724138546903731,0.0,-0.2217127734342647,-0.2478718084569988,0.0,1,0.12170989733545767
UCy8R7L2_e6Nwr8TgCyyvG_Q,-0.2207753668122758,-0.4,0.0,-0.0280610310230686,0.2687980315061073,-0.0929085077239694,0.0,-0.2217127734342647,-0.2478718084569988,0.25,1,0.14240800329805414
UCyBqrGC6mA8f7Lyn_YeWWTQ,-0.1534264068248539,-0.4,0.0,0.0852858123883915,-0.2948428827494707,-0.4263414225004645,0.0,-0.2217127734342647,-0.2478718084569988,0.25,1,0.15231934754159399
UCyC82JPaJQcT9UWXtMGVJCA,3.8022285252390056,-0.4,0.0,-0.252437203936753,0.0255424790379104,0.0160711140518486,0.0,-0.2217127734342647,-0.2478718084569988,0.0,1,0.14330727562241358
UCyDZbhS-mnuULBRHSUkeIiQ,3.839037586504332,-0.2,0.0,-0.2274272869245352,-0.0674088296287988,0.0035505478338798,0.0,-0.2217127734342647,-0.2478718084569988,0.0,1,0.14547421196309096
UCyD_rHWmWGdUvaHXSBJKLfA,-0.3027240950498996,-0.4,0.0,0.1646692998111423,-0.3524783446583117,-0.3410610863688518,0.0,-0.2217127734342647,-0.2478718084569988,0.0,1,0.16966156911267471
UCyDfdHsjP0uHqL6_0MmvsSA,-0.1106139168197429,6.0,0.0,0.1392267037161834,-0.2835036324931605,-0.3118838969717545,0.0,0.6913574657089212,1.6788067614388125,0.25,-1,-0.010731109540196626
UCyIReiFZ0Lswnk6GmioBTOg,-0.1305281482373682,0.0,0.0,0.1874619492084359,-0.3196648778992866,-0.4422908408196994,0.0,-0.2217127734342647,-0.2478718084569988,0.25,1,0.15154284283814484
UCyJH71Kt5lqXLKP3N8JPAww,-0.0690326921441316,3.8,0.0,0.3300598355894795,-0.1605340009257007,-0.2231438243701334,0.0,-0.2217127734342647,-0.2478718084569988,0.0,1,0.11577664270400478
UCyKEa7mUFM3bexIqVZ-hVSg,-0.1077607749301201,-0.4,0.0,0.1010052485032785,-0.3236606137038911,-0.3119894316574871,0.0,-0.2217127734342647,-0.2478718084569988,0.0,1,0.17074452625411163
UCyLZcoGJS7DYeVhntOQGjyg,0.8293699542159338,0.0,0.0,-0.2258940656860064,-0.0423850296403664,0.0522587508239295,0.0,-0.2217127734342647,-0.2478718084569988,0.0,1,0.16192159799972217
UCyN85-EeKDRP-wMVsaALIEg,-0.1892033326241092,-0.2,0.0,-0.0444378493185918,-0.2644712545377039,-0.2092129783207909,0.0,-0.2217127734342647,-0.2478718084569988,0.0,1,0.1722641346309708
UCyOscbfRETZZFY8KW81Yp3Q,-0.3437948603641726,0.8,0.0,22.21523707281657,0.2653306574607893,0.6780271500377919,0.0,-0.2217127734342647,-0.2478718084569988,0.0,1,0.02923994842842953
UCyPWksZVGLMpZOVF8tkKtgw,1.910202621889964,-0.2,0.0,-0.2247249900126912,-0.0109034748162095,0.1710541503161563,0.0,-0.2217127734342647,-0.2478718084569988,0.0,1,0.15621535750741877
UCyPiTgTAAfOLqR8SlIcJDhw,-0.1518602944258798,0.4,0.0,0.0654461621305232,0.2414871100133557,0.2241141356135091,0.0,1.6044277048521072,1.1971371189648596,0.0,1,0.05376333264658034
UCyPzsRZpTrCWfL8UWSrkrEg,3.1547635848938724,0.2,0.0,-0.2408330456166729,1.0830048785087607,0.795737321399972,0.0,-0.2217127734342647,-0.2478718084569988,0.0,1,0.08310887590340038
UCyQ5j8QEonS3PN-IS_jaouw,-0.2856423540781559,0.0,0.0,11.25277626479942,-0.345697702080801,-0.496778967886519,0.0,-0.2217127734342647,-0.2478718084569988,0.0,1,0.11951445079883666
UCyQqUXELmRgQq-gAFoUFhSA,2.5662491323875853,-0.4,0.0,-0.2452040986435008,0.6315624094029305,0.6184467855657358,0.0,-0.2217127734342647,-0.2478718084569988,0.0,1,0.11442972767535764
UCyQwpzdUBWaUjStqO9qrX9Q,-0.33297079883787,10.0,0.0,2.003560946939341,-0.237445338124051,-0.3961228592976886,0.0,0.6913574657089212,0.7154674764909068,0.75,-1,-0.10498654399623852
UCySAFRW_AgNdZC-QfcIFRyA,-0.225222739563681,0.6,0.0,9.384866845717315,-0.2499211256734622,-0.2273920496695807,0.0,-0.2217127734342647,-0.2478718084569988,0.0,1,0.1268215181409238
UCySW6nzt2S9YObwxmjrO8Bg,0.0038286216783377,-0.4,0.0,-0.0975314128218448,-0.3126420695154362,-0.4449791122661156,0.0,-0.2217127734342647,-0.2478718084569988,0.0,1,0.16934073588870246
UCySxd58HzQrp2lI7Hdxbhsw,0.3628972392507791,-0.2,0.0,8.375296337781483,-0.0808288513967888,-0.1355862032939735,0.0,-0.2217127734342647,-0.2478718084569988,0.0,1,0.12497150585699252
UCyU6IjjMV30cQo6wAChcJ3Q,0.4466189782753245,0.6,0.0,-0.1391181591707431,0.3323665556702702,0.2346016093476552,0.0,-0.2217127734342647,-0.2478718084569988,0.0,1,0.14590053917562373
UCyUUi7WXEUVGUVAs1Y5OsVg,5.625104180129702,-0.4,0.0,1.724844391477612,-0.3914670394789983,-0.4706749505352028,0.0,-0.2217127734342647,-0.2478718084569988,0.0,1,0.11774703788978702
UCyUxlkhR36LV6z92gZ2k63A,-0.251115907862158,-0.4,0.0,12.809451150815136,-0.5135186058741911,-0.5333810731407533,0.0,-0.2217127734342647,-0.2478718084569988,0.0,1,0.09481264514510479
UCyWJzK1vOwM1aamTvKCwnpw,-0.2604100756514958,-0.2,0.0,4.301516089738478,0.5301352975143327,-0.1339931100273174,0.0,0.6913574657089212,0.7154674764909068,0.0,1,0.05781764013832319
UCyX1_7CtaD9Xy8jVcEEDb9w,-0.0985903220082908,-0.4,0.0,-0.1550937434860147,-0.2346646798740631,-0.1727623244782731,0.0,-0.2217127734342647,-0.2478718084569988,0.0,1,0.17013655819922752
UCyY5I2IJozOprouQx7tFtEw,0.0307461490797849,-0.4,0.0,-0.071630328407488,-0.3168799711263805,-0.3373243977690314,0.0,-0.2217127734342647,-0.2478718084569988,0.0,1,0.17150722084827907
UCyYkTpKrEvhZO1mQH2LobyQ,0.320493438205669,-0.4,0.0,-0.1611181803673991,-0.4075710656005862,-0.4800813720180519,0.0,-0.2217127734342647,-0.2478718084569988,0.0,1,0.16519477848971792
UCyZUaJpulr8Q172sDs_e4Eg,0.6981397872252854,-0.2,0.0,-0.20057793500882,-0.0335056167412452,0.5408745744743775,0.0,-0.2217127734342647,-0.2478718084569988,0.25,1,0.13472509469231958
UCyap3DSP4ommUuqdykny3SA,0.3842194966658673,0.2,0.0,0.2230691776719996,0.3503776375167831,-0.3139028869504929,0.0,-0.2217127734342647,-0.2478718084569988,0.25,1,0.12633125629077674
UCydTp3Asrsq4Sc6wZKVkBXQ,-0.1443959284388342,-0.4,0.0,-0.0672141602231894,-0.2524638666400287,-0.2261598617957783,0.0,-0.2217127734342647,-0.2478718084569988,0.5,1,0.11925107212327979
UCyedzPQKtOp-u8xQGc6zP6g,-0.3300376867628991,0.2,0.0,1.2222112835661083,-0.4389315375215733,-0.5058379034439157,0.0,-0.2217127734342647,-0.2478718084569988,0.0,1,0.15735357959609142
UCyg8IjVbMSDOlQkt05Eth1g,-0.0689363227292843,0.0,0.0,4.63559781103602,-0.0563095635048973,-0.2209569401993731,0.0,-0.2217127734342647,-0.2478718084569988,0.0,1,0.15102904185510618
UCyi4HWpphXKkWnZTFsa7mEg,-0.3313425251440636,-0.4,0.0,1.3531475785985176,-0.1414308444332908,-0.3404921653807549,0.0,-0.2217127734342647,-0.2478718084569988,0.0,1,0.1678796558033756
UCyjNvAMA0VMNGEdbYLijiRg,-0.2905738811763658,0.6,0.0,21.852267680078143,-0.501228691202453,-0.4855646697268284,0.0,0.6913574657089212,1.6788067614388125,0.0,-1,-0.032646907839593786
UCylEWSg0sCbS_RJkvOPbYcw,1.9175265420464669,-0.4,0.0,-0.2431508623182606,0.0602932722476529,0.1900307647079926,0.0,-0.2217127734342647,-0.2478718084569988,0.0,1,0.15179592358352612
UCylqw8wnHdEsh7GjvgUiQ1Q,-0.2103239348051586,-0.4,0.0,0.0171127519103173,-0.4135041278559081,-0.5384299799227653,0.0,-0.2217127734342647,-0.2478718084569988,0.0,1,0.15977370481132902
UCym8LNWNco9O0irlAD0FroQ,0.1216426434777228,-0.2,0.0,-0.1707390118261817,-0.2750660085650644,-0.2944553120609872,0.0,-0.2217127734342647,-0.2478718084569988,0.25,1,0.1627346519324292
UCynGzcb3acF49Kpm309U3_g,3.749636274647996,-0.4,0.0,-0.2464736408469483,-0.2126275914971532,-0.2221917745245704,0.0,-0.2217127734342647,-0.2478718084569988,0.0,1,0.14597850549849478
UCyoxOd1fNdZ1B2FGZpyjfSA,1.2417310255768168,0.8,0.0,2.09481707143544,0.7858220280412991,1.2925211119815323,0.0,-0.2217127734342647,-0.2478718084569988,0.0,1,0.08440113276133043
UCyrQvJIQ1S8FDC_99XXBlIQ,0.0912318656509594,2.0,0.0,-0.0575009123760901,0.5480009611683131,1.079185300301455,0.0,-0.2217127734342647,-0.2478718084569988,0.5,1,0.035134535991690585
UCyvj6H6ea9-87mH1MqHbrdQ,0.0073645693272554,0.2,0.0,-0.0801534032756392,-0.2619991452646532,-0.3570646698043427,0.0,-0.2217127734342647,-0.2478718084569988,0.5,1,0.11403369134954683
UCywgWR3-dgvf64UcqpX7VrQ,-0.1649494345207174,0.8,0.0,2.734918553722219,-0.3453124382979879,-0.4348543389609877,0.0,-0.2217127734342647,-0.2478718084569988,0.0,1,0.14260009595837825
UCyxfgZ-8RJVeuMCe6j2pX0A,-0.2448976451501312,-0.4,0.0,0.2721511115482795,-0.1202413363785698,-0.2894126405282793,0.0,-0.2217127734342647,-0.2478718084569988,0.25,1,0.1584429489648425
UCyyo_PN3vqPzm0t8qcqyvhQ,3.101812914658139,-0.4,0.0,-0.2382569266724663,-0.3999428427008867,-0.5006008787708931,0.0,-0.2217127734342647,-0.2478718084569988,0.0,1,0.13605754223791122
UCyzOCRhSuisP8lsOkepBYvg,-0.0539574539726056,4.0,0.0,0.97262497070109,0.3530851857682196,0.0136594335668715,0.0,0.6913574657089212,7.458842471126247,0.0,-1,-0.04768255896576057
UCz1QsQvay74_nPrXz9oHtcw,0.0436538009176564,1.4,0.0,-0.0661094214564646,-0.2878806158172052,-0.4561709879991774,0.0,-0.2217127734342647,-0.2478718084569988,0.5,1,0.09649377048629693
UCz1t-3lcXRLttbVC53OcBew,0.6794340992580016,-0.2,0.0,7.195920226952925,-0.3520545544972173,-0.5220581870933276,0.0,-0.2217127734342647,-0.2478718084569988,0.0,1,0.11700904575032667
UCz1wqbZVrukzfEQmg2aOJPw,-0.1386509129669257,0.0,0.0,0.0211057970301527,-0.3983687649596789,-0.4201306310587603,0.0,-0.2217127734342647,-0.2478718084569988,0.5,1,0.11343068684966745
UCz2O2oQ81NbGahInpXfMIIQ,1.05405332220521,-0.2,0.0,-0.1905703396540699,0.7540377659592177,1.0598970277673383,0.0,-0.2217127734342647,-0.2478718084569988,0.0,1,0.12348021701502898
UCz2POMkqDL2YC10rAYBWp9A,0.4585076235718404,-0.2,0.0,-0.2050194553026661,-0.1620552989398859,-0.2413213871187031,0.0,-0.2217127734342647,-0.2478718084569988,0.25,1,0.16167117959335336
UCz2r6dEc4pNpuh56_S3_dGA,-0.2750261035699988,-0.2,0.0,0.4910277306502112,-0.2270364569743635,-0.4115235736970213,0.0,-0.2217127734342647,-0.2478718084569988,0.0,1,0.17071438763900793
UCz5Y9KB7mBB0UZC9q_yB15w,0.0857913224186448,5.4,0.0,20.599867889016902,-0.4335718384253791,-0.4387383088130872,0.0,0.6913574657089212,0.7154674764909068,0.0,-1,-0.07795216205970512
UCz7RScuxt7XGAb3DEC4jPzA,-0.1994858054693148,-0.2,0.0,-0.0062284429877623,-0.1359215723390633,0.0684400596630788,0.0,-0.2217127734342647,-0.2478718084569988,0.25,1,0.15625367250623728
UCz7SWewxlCnq149cIzHyGTA,-0.1811880230937591,-0.4,0.0,0.0664152960631494,-0.3389170595032903,-0.4158969252283026,0.0,-0.2217127734342647,-0.2478718084569988,0.0,1,0.1674664084932238
UCz7hwWeDlDbicdhZKfyMemQ,1.8588291394794385,-0.2,0.0,-0.228476819055987,-0.2856607625924249,-0.2217399732942876,0.0,-0.2217127734342647,-0.2478718084569988,0.0,1,0.16515032923507605
UCz8fYR-oR9sgAcp7gZTQlbA,-0.2804596605509717,-0.4,0.0,0.3083792244380879,-0.2160179127859086,-0.1231965841305127,0.0,-0.2217127734342647,-0.2478718084569988,0.0,1,0.1701403076145147
UCz8qNiSWZqDa6GJMVh51u_Q,-0.1851073100964281,2.6,0.0,0.2349061932276459,-0.3622255183634834,-0.3817667272864281,0.0,2.517497943995293,1.6788067614388125,0.25,1,0.0003354378843216099
UCz9JOOzj82qqyVI16ROMOAw,0.3788569621180171,2.8,0.0,5.438841029333175,0.2871622718201988,-0.0872055659767129,0.0,11.648200335427152,6.495503186178341,0.0,-1,-0.1478969012733502
UCz9OmtEcn0HlvuTN5DMFMjQ,-0.1034639808460252,-0.4,0.0,-0.0123196024181789,-0.3643444691689554,-0.4742487040891618,0.0,-0.2217127734342647,-0.2478718084569988,0.5,1,0.11186645804376116
UCzAbY7B-GIP1t9Q6jbbOZqQ,2.9596412028015826,-0.4,0.0,-0.246080467693122,-0.1100703725123037,0.0906611170461903,0.0,-0.2217127734342647,-0.2478718084569988,0.0,1,0.1497423521864063
UCzE9IrS5quydJpMGq4p_CDA,0.4380744720872239,0.0,0.0,7.182732942660464,-0.3469085311124993,-0.2807385043917421,0.0,-0.2217127734342647,-0.2478718084569988,0.0,1,0.132409946962321
UCzEqxqEIv6d7krLx6tnpGmQ,0.2394100070985046,-0.4,0.0,-0.1797282033309499,-0.3906194591568094,-0.4568520873664553,0.0,-0.2217127734342647,-0.2478718084569988,0.25,1,0.1501379346188167
UCzGi_b9QEH16KN9irjS08QA,30.437215205328247,0.6,0.0,-0.2556645901395044,-0.1668582540989559,-0.0445201461815766,0.0,-0.2217127734342647,-0.2478718084569988,0.0,1,0.008360960195170575
UCzHUJXSl9hSbcFZn8l-76IA,-0.2539400405601232,2.8,0.0,1.1882961070799138,-0.175576223127184,-0.0975930294318077,0.0,1.6044277048521072,2.160476403912765,0.25,1,0.011848479393670674
UCzIdkqzUTwRaDY6UrY0eWuw,1.9401168768535169,-0.2,0.0,-0.2405450004211735,-0.3640619423948925,-0.4889073522324699,0.0,0.6913574657089212,0.7154674764909068,0.5,1,0.024413093006878717
UCzIf1o3eihSCpXWcJLsaawA,0.8503631048355175,0.0,0.0,-0.2285383387182495,-0.2131119231098326,-0.2699924727006461,0.0,-0.2217127734342647,-0.2478718084569988,0.25,1,0.1576481169572545
UCzJBgJaSUbkytISW5MPSRqQ,59.055842536338126,-0.2,0.0,13.952928785140362,-0.2771849593705365,-0.449268641421329,0.0,-0.2217127734342647,-0.2478718084569988,0.0,-1,-0.07620586479132163
UCzJ_xq59sskXg7F9SwAgUvw,2.978279024327261,-0.4,0.0,-0.2424912304131012,-0.4185896097890412,-0.5064766287179827,0.0,-0.2217127734342647,-0.2478718084569988,0.0,1,0.13588349855160553
UCzJczNP4kWGfW9iCeOV5Agg,0.153601374994616,-0.4,0.0,-0.0295084663574685,-0.3906194591568094,-0.3254092489232401,0.0,-0.2217127734342647,-0.2478718084569988,0.25,1,0.15701821443904546
UCzJgClz4DQOfsh5FD8jV3Gw,-0.3100491934432356,2.2,0.0,3.182909155564627,-0.3845451335144561,-0.4948342548575236,0.0,0.6913574657089212,3.605485331334624,0.0,1,0.01981819300147092
UCzKsHi8zlEZ4vfPNYbBzcxw,-0.2750261035699988,-0.4,0.0,0.0412930256207376,-0.4923290978194701,-0.4356752988718105,0.0,-0.2217127734342647,-0.2478718084569988,0.0,1,0.1632058326213267
UCzLjekZQGmOT7t32oDUvJTQ,0.6265018095168692,-0.2,0.0,-0.104877376601717,-0.1387468400796928,-0.3895347244222235,0.0,-0.2217127734342647,-0.2478718084569988,0.0,1,0.16549336050885044
UCzM2P-kp8VnOMgRoA5rcs5A,-0.3177062179844992,0.0,0.0,3.630199520903855,1.061891047268521,0.2494892854665341,0.0,-0.2217127734342647,-0.2478718084569988,0.0,1,0.10768106564979296
UCzMhMbmX9Y68ioTZzXVOIUg,1.2892302357524208,1.4,0.0,-0.2168756212044542,0.3263124105117785,0.0891133473073174,0.0,-0.2217127734342647,-0.2478718084569988,0.0,1,0.12920366898567198
UCzO5g974rha6E0uvpWj3GLQ,0.0840415714129757,0.4,0.0,-0.0807728710493337,-0.2797747881327801,-0.542074521300594,0.0,-0.2217127734342647,-0.2478718084569988,0.25,1,0.14143502643390604
UCzSP8iLR2Dv4FgYSRdTjFmA,7.057851009340225,-0.2,0.0,3.341598754452709,0.9913602561720926,0.9375373574409352,0.0,-0.2217127734342647,-0.2478718084569988,0.0,1,0.053563809830059594
UCzSZPh4pUD-7b9RO3pBr7Xw,-0.356179521945068,0.6,0.0,5.6046190796654765,-0.3783295444850713,-0.45884551139383,0.0,-0.2217127734342647,-0.2478718084569988,0.0,1,0.1331250461012437
UCzTg5Idg-Li_34sKe-kS4Nw,0.4884440967156804,0.0,0.0,-0.231751457468315,-0.1840520263490724,-0.2635175797768072,0.0,-0.2217127734342647,-0.2478718084569988,0.0,1,0.1713850479304258
UCzUagso-6LPy4BwWySBJ0Nw,-0.0823872090751788,-0.4,0.0,0.0614039476466255,-0.3092517482266809,-0.4372584108114293,0.0,-0.2217127734342647,-0.2478718084569988,0.5,1,0.11244569952068745
UCzUpjMFkGA7bk5Fsn5cEU-w,0.7043884484476142,-0.4,0.0,-0.2117104732448707,-0.3592589872358224,-0.4355057168405003,0.0,-0.2217127734342647,-0.2478718084569988,0.0,1,0.1637025315849111
UCzUvpFvxKW_M6jdL5OS0qUw,-0.1689211637737173,-0.4,0.0,-0.0673884855055717,-0.3262033546704577,-0.4820051632281522,0.0,-0.2217127734342647,-0.2478718084569988,0.0,1,0.1658516566409412
UCzV34XvrRX5af8MLttcTdtA,-0.1507291870658022,0.4,0.0,0.0973882841372815,-0.2637649376025466,-0.404488879551475,0.0,-0.2217127734342647,-0.2478718084569988,0.0,1,0.16527205827303737
UCzVRCWPGU_X-7_sPOxS8QRg,1.122020814945345,2.0,0.0,-0.2003267190536479,-0.010654186486154,1.0307400336248187,0.0,-0.2217127734342647,-0.2478718084569988,0.0,1,0.10524421903790943
UCzVc43-TAE7m5zd7YLwHdyg,10.954250761520118,-0.2,0.0,-0.2481891476741115,1.2442217189584297,1.053788046867432,0.0,-0.2217127734342647,-0.2478718084569988,0.0,1,0.049419367743428755
UCzVucuAJui_GM6MCTbKHA0Q,-0.0449673498354109,-0.4,0.0,-0.1490141628804764,-0.2533114469622176,-0.208003977229281,0.0,-0.2217127734342647,-0.2478718084569988,0.25,1,0.16011605902424775
UCzWQouYjreVJfdnTXzs_bqQ,0.5723161114323505,-0.4,0.0,-0.1699332776720033,-0.2643299911506724,-0.3104020741434101,0.0,-0.2217127734342647,-0.2478718084569988,0.25,1,0.15536037713061307
UCzX1Q9J5snjPxwqv8Lq4ftg,0.1497693448454387,0.0,0.0,-0.1731197640047355,-0.5152137665185688,-0.5324829558802119,0.0,0.6913574657089212,0.7154674764909068,0.0,1,0.09646592275940064
UCz_YXGYAuhTDQj5M6xFPtcw,-0.0598011159207289,-0.2,0.0,-0.0885140795941221,-0.3174450246745064,-0.3762372630939012,0.0,0.6913574657089212,0.7154674764909068,0.0,1,0.10524233140969941
UCza9KK8nWbL0yyfAWvml0vA,0.8127616119719012,0.2,0.0,-0.1907868891900018,-0.4680671110968146,-0.5348981874131356,0.0,-0.2217127734342647,-0.2478718084569988,0.5,1,0.08423908144645142
UCzdDDXoO5dfQjKAxf9RHIew,-0.2830731245031225,0.0,0.0,1.5933446476784674,-0.1973711456977541,-0.3301536106841112,0.0,-0.2217127734342647,-0.2478718084569988,0.0,1,0.16789901541904623
UCzdJlzyRkykOfBaHFXvEfsg,0.3127778721257396,-0.4,0.0,-0.177317230020245,-0.3262033546704577,-0.3238531034405366,0.0,-0.2217127734342647,-0.2478718084569988,0.25,1,0.15826650831924144
UCzgbZ-yDu1Gy3tPDpnaMT5Q,0.0393775586503273,1.0,0.0,-0.0646633424302219,-0.1768879545781906,0.0976299262285276,0.0,-0.2217127734342647,-0.2478718084569988,0.25,1,0.14269635932322566
UCzhRHCsNa7cq0CMR8X6LONw,0.2494047545089905,-0.2,0.0,-0.1844619051719835,1.5564138042979851,0.3952339514423845,0.0,-0.2217127734342647,-0.2478718084569988,0.0,1,0.1093059733955159
UCzjFEkyALx-hizNVZQmKBcg,-0.2131646301466107,0.0,0.0,0.9172688664772336,-0.0811315586547133,0.0833495024371766,0.0,-0.2217127734342647,-0.2478718084569988,0.25,1,0.14615047858037367
UCzlxtAdfUIItFJCpWJ7jTUA,-0.2804436365300373,0.4,0.0,0.5250795447236957,-0.2364540161097951,-0.3176157532510595,0.0,-0.2217127734342647,-0.2478718084569988,0.0,1,0.1684065816689439
UCzmgZAZuVbbfpmSFTv5FmOg,-0.0071233253356138,-0.4,0.0,-0.0965804149799899,0.0136763545272667,-0.0988738802510692,0.0,-0.2217127734342647,-0.2478718084569988,0.25,1,0.1566699391859253
UCzpsGTH8AUFflDKbm07eH7w,-0.2521042129180258,-0.4,0.0,0.2522131398816926,-0.3745154330352215,-0.5335601538578526,0.0,-0.2217127734342647,-0.2478718084569988,0.0,1,0.15842239164911842
UCzpsMuwchACUHJKNrMlAd0A,0.4056860880930488,0.4,0.0,0.2517109595229082,-0.013728742556839,0.1293834295204513,0.0,-0.2217127734342647,-0.2478718084569988,0.5,1,0.10025861856120294
UCzrNl1tgLGuYYtWDSQR9V9g,2.155271170292782,-0.4,0.0,-0.2285412141395977,0.0001150693722452,-0.3013815801841795,0.0,-0.2217127734342647,-0.2478718084569988,0.0,1,0.15440505212853411
UCzrYWiwKpnZVzM7RblOevsA,-0.2387387655745085,-0.4,0.0,9.676515717945165,-0.1812671195761662,-0.1935211536209742,0.0,-0.2217127734342647,-0.2478718084569988,0.25,1,0.08767372454810557
UCzs4tHyf_syvqjF2lf7XQbQ,-0.2924628304676954,-0.2,0.0,0.3940379335488574,-0.1881890255407084,-0.0825895150855184,0.0,-0.2217127734342647,-0.2478718084569988,0.25,1,0.15792778867912743
UCzscIrP5knxQGyXTaZttjRg,-0.1619775784670408,-0.4,0.0,-0.0124362935325744,0.0213045774269662,-0.2390036529451403,0.0,-0.2217127734342647,-0.2478718084569988,0.0,1,0.16532163609085443
UCzsiCl8VmXd_yvnNRZtUubA,-0.3368279245457066,7.6,0.0,2.6620519146743677,-0.3414598004698568,-0.4101421732078895,0.0,-0.2217127734342647,-0.2478718084569988,0.0,1,0.014488234787398357
UCztFtM85bX-HIgxqoclJD3w,0.4641490215302276,-0.2,0.0,-0.0970868211148774,-0.4685968487981826,-0.6003272946293761,0.0,-0.2217127734342647,-0.2478718084569988,0.0,1,0.14488745725187568
UCztpqU0JhxCcxCXe-BWK74A,-0.3523896053467079,-0.4,0.0,4.427818368457965,0.0407989248373095,-0.3612919046862108,0.0,-0.2217127734342647,-0.2478718084569988,0.5,1,0.05836210365278416
UCzw15U2oFjJoy21T1aVNK5g,5.939829652493143,1.4,0.0,-0.2456946143346063,0.4259030983689671,2.6499830642636573,0.0,-0.2217127734342647,-0.2478718084569988,0.25,1,0.002081304792205363
UCzwuq8q3KnoIX2gNEnyYlhg,0.4965799903699531,-0.2,0.0,-0.1908716678503365,-0.266590205343176,-0.3346470959515025,0.0,-0.2217127734342647,-0.2478718084569988,0.0,1,0.1717292219921992
UCzx2jDCwqLgPEUkCnCVzTBg,-0.3081887574832746,3.4,0.0,0.9771463543501292,-0.339517428898174,-0.3664846294757557,0.0,-0.2217127734342647,-0.2478718084569988,0.0,1,0.11668530133338123
UCzxIy3D-Lc-KpOuMaYajqSg,-0.3240383993663623,0.0,0.0,10.842566967892267,-0.3911037907694888,-0.3062762695518928,0.0,-0.2217127734342647,-0.2478718084569988,0.0,1,0.12210240896377833
UCzy-CspcnpLpYpeXyBDx5mA,-0.3061200681630077,0.2,0.0,0.5737606960044669,0.0765032459095144,-0.1611006145010891,0.0,-0.2217127734342647,-0.2478718084569988,0.25,1,0.14245702640475089
UCzy7gBvoCvMR3bJNc7d1gsA,-0.2562398242033096,-0.4,0.0,0.8154289222379096,-0.2355122601962519,-0.1476976700700216,0.0,-0.2217127734342647,-0.2478718084569988,0.25,1,0.1493428943732925
UCzzdqjrfILcLtElzYZKwp6Q,-0.2373814367424154,-0.4,0.0,0.3284760924768263,-0.1397356837889131,-0.277937194329453,0.0,-0.2217127734342647,-0.2478718084569988,0.25,1,0.15800366336688026
