umap_1,umap_2,if_label,anomaly_score,userId
15.924638,4.261569,1,0.09506369796932129,UC--FsVX4q4Ek_2DD89J5cOg
16.762907,6.3087306,1,0.05806650684557929,UC-1YF8d0KYSg3ksrpQJi3Kw
7.043871,3.1686623,1,0.09591508103307211,UC-3Nj6oYW1QqHjBmm3iL-oQ
-0.9109563,3.6191878,1,0.14785913391152483,UC-3PP_G2wsXPI0In8hr1z4A
10.695288,2.140537,1,0.09387623244754484,UC-3rwZnz8xmpX4wByAA5CQw
3.7995374,7.257459,1,0.16285159806734706,UC-4JFXwbKLjHEpRYu22yROQ
9.686544,6.4499273,1,0.08694485400040625,UC-7-qCkA4GVQznRkXeop4Lw
7.625613,7.438856,1,0.11966799655341959,UC-7CsrBveGCDiDQtCSi75NA
-3.8474536,1.2394999,1,0.1521065928654503,UC-7UGGUfegIlYvAMQEEZoWA
2.3848958,-3.0227613,1,0.11901372081262068,UC-8JKGrT19vvhAvsSxAYjSQ
-0.68341196,0.91587806,1,0.13813627642837023,UC-8SI97g7bH6iCOyRhC6Emg
6.9901,7.737704,1,0.14164913462199685,UC-9oSS0x2AoD2EC2WWP6XgA
3.7847502,2.2242942,1,0.06765006555815223,UC-AAsyvqCmt4FS4x02OFxxQ
2.543244,7.9498043,1,0.15755574410294637,UC-AbeGBC9-f2huFbou2g-zQ
-1.3285478,7.3012652,1,0.17172690746808594,UC-B97mdpY4nQf6U5g5sLgAw
1.3339152,6.518784,1,0.15459439566622268,UC-BU1Oft2db2OJGvjJu0cVQ
7.961017,3.681267,1,0.0905092774942528,UC-E_u0tONL7jX233EX8yy1A
-3.7621999,4.325166,1,0.15490259830142689,UC-EzdIsompamqS86hM6BoFw
-2.2643356,5.104979,1,0.172585538285289,UC-ISj9vvmY4p2GaXHlCJrtw
2.9758236,-1.9273955,1,0.12129976707741069,UC-JVRGWnjzZuEGi88c9eLAA
13.153248,7.599232,1,0.04691751989351661,UC-LDOX6xdSyeUiFMggIRC0w
7.0695496,3.489096,1,0.12113386385321812,UC-NuZui4n3wDtTmgMBKT9Sg
-1.2433325,0.9582607,1,0.14971666805659717,UC-Nw5S0c6bq3ldlu9CT-GHw
18.549698,9.130396,-1,-0.023906569118289922,UC-OYdlMvgSQIzV9mhqVLnRg
11.1370325,4.23641,-1,-0.012914173944629792,UC-PDPi-5c3jTo6E1lizbJFg
-3.8001156,2.2911248,1,0.11981931063456608,UC-PETw1P1_voShih9WRmkMg
-2.5254984,3.5411563,1,0.15411325313023172,UC-RAnK0D2x7DewvatyRqcHQ
0.70226806,6.694089,1,0.16661399305967217,UC-S7pAVa8NuLbGZRT--xCBg
-0.6123033,3.513966,1,0.14978148843991412,UC-T9vpeDnjGxmKSzIiM920A
-2.8116257,2.426515,1,0.1195192767734215,UC-TdHGwX918DS0qknMVDUUQ
1.8523573,-2.471354,1,0.12580357944980858,UC-UGpuEQAvfwbzcdAWvBLeA
-2.3383334,2.660633,1,0.11953598623909578,UC-W82dsdqQfqgyuHRSalQBw
17.15475,6.459402,1,0.00556310998396492,UC-WgwqxLnjpffl0hPn3hS-g
-2.5185988,5.257757,1,0.16006500496056436,UC-XCNEk1uZcaM4h-rNp-3cw
-3.1051893,6.119032,1,0.16960391643345052,UC-XFuI62LLtCjTXM2Kd74Xg
-0.95755595,8.069956,1,0.1678090316294577,UC-XRuhdgwtAU3ZPyHp8v3ZA
-1.8661071,6.813833,1,0.1728523868849508,UC-XwCzDwf3LWXpkMYHQ2RlQ
-1.7798733,3.4172924,1,0.15893852642962703,UC-ZDi9r-41GiPdxTe3HwebA
-0.72791725,4.0542364,1,0.17227194171546928,UC-_rI_t4-KRvrbgWFEZa5uA
2.1939957,3.8553603,1,0.16115310881712874,UC-aQ1VwwK6EsHxkO2s4MQ1Q
-0.26151422,-2.5685785,1,0.16137841678346715,UC-bNysdfGc8M00JORt9wFSw
-0.4668734,-0.54790896,1,0.1366138450693412,UC-bPEgY4UCenObQ02iWK0cQ
4.3145967,6.2528872,1,0.15516190282113146,UC-bu3cnBZmFtmOd3JOlhtng
-1.0603634,0.8457819,1,0.15797692475217373,UC-dRtPqdUtIYwsYfxnp_t4g
11.009178,1.8250645,1,0.09717097377236855,UC-dXrO29mz1F846RHJAPS-Q
16.079363,6.01031,1,0.0704054754115429,UC-dtn_v6-lmpa6j7Vwl-BgQ
5.817299,6.8403497,1,0.04768482492978765,UC-edhzZuiP2P19s_tu88CQg
2.4173784,2.743777,1,0.136422231623669,UC-gCpMc94-3CWd9MJw107_w
2.9881687,4.788424,1,0.16047758241911342,UC-h6mJDreiBJG8fPtQ3OA-g
3.087435,5.937075,1,0.11539087192841607,UC-jznjjSTKr15h65W95yDoA
10.202472,4.1029143,1,0.08636903975380839,UC-k-axvrivMCH12r4Lg9tbQ
7.9790807,7.961577,1,0.14452766441793802,UC-k0fXW2TZgXNyZiAPK_AQQ
8.758927,4.245101,1,0.01806286186549244,UC-kAVBFQAr54Etg76uska7g
-1.6965551,-2.1669414,1,0.12532130255650242,UC-kEpkvZNXjfm0eeLljdiPw
11.638521,5.888446,-1,-0.21752753470876574,UC-mWbS71hcXLB0jOqv8-Z7Q
2.3143144,2.7508147,1,0.13974999006627287,UC-mwgFQEo2PS0IGEHAJpoYg
3.1428761,5.8342633,1,0.16251747070110717,UC-nf2ZdwpfjBQYW79Gi1AHA
5.4396667,7.0030255,1,0.1431750371342257,UC-nyyAcb8rt4vTYr2HbMUAg
1.6870804,3.2805803,1,0.14744741352601937,UC-p42GezfAlIR-YMhvst8jg
0.67376643,1.8686677,1,0.15778380951304294,UC-pSt_GMFA_b-owUKoE8KOw
-3.545638,0.47725764,1,0.15061861654171727,UC-qUUzLEE1BM8VDWZaE1lrQ
3.6681364,3.4099061,1,0.13452436615268204,UC-qrLi0LFsZcMa8iFNSto7A
0.2650307,-2.562702,1,0.1545709978616806,UC-shWlsEYm5Qd3eaCoWusPw
15.254791,8.198238,1,0.0961556163867372,UC-t2zx9mcjh4CR-V4CcGlPg
3.4073048,7.9760823,1,0.1571064054758614,UC-tAztCfSbLUftcrb3r4lHw
3.073493,4.455555,1,0.14303625046724205,UC-tP9luhDME3Y0yO-WqbbcQ
-2.9642918,1.4652457,1,0.15950835682238668,UC-th9WaXgUbwOoJ1S5mX5uQ
18.687737,9.161158,1,0.03933157758656186,UC-tukbjmNwzijx2trCa1yHw
8.7854395,7.9132104,1,0.07186281775872438,UC-uTPn6USADmLGXeBe44aBA
-3.642745,4.4296694,1,0.15745756423298696,UC-xW1QyTj9XfHwzTWDVarpw
-3.1122386,4.0560727,1,0.15594406081469886,UC-xnXR4fv772MVr4WUN5uTw
13.054758,4.652308,-1,-0.1255562431574302,UC-yPYOzjhFnwzbTJkw4Oo3g
8.816477,4.320383,1,0.04677468203356522,UC-z-vIKgXF_ORkE9pZWZ6EQ
-2.8866694,1.9769084,1,0.12098530643809358,UC0-uMmXdJLxnBsZhnQKIb0w
4.1796484,3.965008,1,0.15655110291766355,UC0-ysskkXPHysgsUGBYhsGA
0.3814472,2.1720974,1,0.1587713721770323,UC007tubOj6VJhslWWKSWnYg
15.07855,5.5582867,-1,-0.08115120348399785,UC01O-uumR9ZROb21Hs1Tfwg
-1.9151815,4.5222034,1,0.1614164446777308,UC025gI1MY50e0WLX9KHNScw
15.258623,3.7245893,1,0.1032204047624592,UC04iSUzuD5h5WR9fe-mINjA
3.6516492,3.479173,1,0.15519611343719814,UC04kVGgTePaBx-2TS6U6VnQ
-3.1215985,3.5203042,1,0.14977076566873188,UC04o2mBHApVFKXeWRkkITzQ
10.943434,1.5217942,1,0.05434486335375782,UC05d3jeIXecQvsHDqfOJ4Vg
-2.5975704,6.8808246,1,0.17325031171124394,UC09xnooOZiUMUa7ntYIXcow
5.7848935,5.9197087,1,0.12319711814507506,UC0ALhDTSr9cSr69qFh8lcSQ
2.6986113,3.6177337,1,0.15231419309591704,UC0B140mvBpAYyQaQzAt_ZUg
-2.3938107,0.9795905,1,0.14857173840159227,UC0B4K8eXgbayzhjXCr3Gb6w
1.797731,-3.9138544,1,0.1493794188734714,UC0CSjZtlEdmz4reiLuSLY_w
13.311204,4.7416887,1,0.034335013231673484,UC0Emt6egSgzy6-3Lv6-tMWw
3.9030163,7.8721733,1,0.16589849866174566,UC0EtW3yQzTBYwrRBFh7aEcg
14.829784,7.6281056,1,0.06911908873160971,UC0FCSAxhpuGQTQRzsF4KrSQ
7.354418,7.774111,1,0.1357132541304112,UC0FWQr_e5lJCEGvqYZ8LW8w
0.8394536,-1.6044384,1,0.1343536312654613,UC0JK4HrDpgWyWOLeMdCeU9g
2.8697436,7.865475,1,0.13455394475046473,UC0L1X3iro6II3nJB0ySwmpg
15.526836,6.038742,1,0.06488159279863076,UC0Lv5YLenCRITzqrIBIPAPQ
11.601591,5.9689484,-1,-0.27771403308856457,UC0MY8ErvkPIu65fCEGBmmWQ
11.593027,2.9784293,1,0.026938941187570342,UC0NgDwAaPqWvrlXwzJq-eow
2.483937,7.1651716,1,0.14409664326648353,UC0P7ZJSN8jgQFvUXVAlTnfw
-1.2445387,4.70023,1,0.15913070423010944,UC0Pah0FnvKA1xJ_Ts-ajulg
14.147906,5.1631427,-1,-0.06856137886215585,UC0Qpf8nNz09Cu2bJ-vtfkHg
1.2285494,-0.99941325,1,0.07943305424316238,UC0R8mCvGGGEEKMgWJmAoxtA
18.566921,9.140756,1,0.04686585209728,UC0RSVKxl1or-AIBO6lbaEKQ
6.2153845,7.698524,1,0.149593255993005,UC0STFkkGT2ZDc18gZp1QjTg
8.947717,4.4669046,1,0.018428116729245936,UC0TrFwDaV06zckO6v5f6mIQ
1.0659649,0.17268671,1,0.12873623968624454,UC0VRhMJvKrtMCEYdRCQReVw
12.998544,7.759975,1,0.08939381767497334,UC0WmntVL_fy1qRU_fhyvJnQ
-0.015956972,4.175062,1,0.17022069731544404,UC0WtOA7yunwSsSiy_OmLq0g
15.067661,8.1113825,1,0.06594793350674377,UC0XuK0OcU1tj9i_ksTZeayg
-3.3012018,6.1209593,1,0.1713293246808646,UC0Ype554r1Bz6DkNMPiBc9A
7.9875216,7.524943,1,0.12354703854373061,UC0a8VrAO1wApos7B8dNQNMQ
-3.758185,0.8365232,1,0.1408276788264745,UC0aA0vamcbHv0tif7rDY4UQ
-2.1056058,0.6825508,1,0.15610201316951677,UC0bD9jiD7wlQlYgIxzVZzBg
0.7594839,4.582447,1,0.15481927302783255,UC0bN8JagMTQ1ywkfOTYCPAA
1.9326475,-0.81936914,1,0.04607471047998957,UC0bf0SDC-epak0Q24x985dA
-1.1809758,-2.1326883,1,0.16659749848249267,UC0ceZLTdPJQhwrt5pf7Q3vA
10.942295,1.4451979,1,0.09172078804671874,UC0cgJ93XWryCESv7H_XyJPw
1.0702002,-3.0864625,1,0.15225168222171315,UC0cuFt4J3uYqRZcbsxHLZuw
10.665009,8.0956135,1,0.13161012543497497,UC0d4HVGkA4MvrWfrefCbR_g
10.903382,1.9318833,1,0.11430839191805753,UC0hnhAzWDUfUGDiTNDtPaKg
0.9084973,0.5216894,1,0.09089765798834393,UC0jJxJsBKdyLKNMM81Fb1Ng
-0.91491425,-2.3413646,1,0.16070262728952128,UC0jYnPQ3azaq0WyopIn_hYA
1.0048181,2.392974,1,0.153931212698021,UC0jjiAQJwS8oqPWAKYVY2nw
10.099449,3.2036881,1,0.09416650905193563,UC0k_vomz2tNwySnlk3Zs5Rg
1.7260462,5.081835,1,0.165357761064317,UC0lETRLeo0sWFMUgx_arffA
3.3808553,7.3205333,1,0.1697917707260832,UC0lg9ewe4uVGFvEVbfCW7XQ
10.767125,2.1313875,1,0.10776759736364128,UC0m-h-L5fnz-01ZDmiUhERg
0.78830206,0.4550065,1,0.1057497231945187,UC0mwka0AAqmYFilSucI0MtQ
-0.7823521,-1.340149,1,0.14496210251175035,UC0nPIiUXNalTlxDnkt_XowA
10.164518,8.139403,1,0.12893193836176464,UC0nhSdpIFWWJbwn5w1J1dJg
17.039999,6.4166408,1,0.020405979679359032,UC0o6Pm-SRQSvCjLQwlL9wfg
-0.6003643,4.6982856,1,0.1695283763159438,UC0ps7AWv5TuIsngMzdxMUOA
3.1473825,-2.431808,1,0.09920971311499305,UC0qMcKM_p4Vp5lDM7sSOlZQ
11.21318,5.4439254,-1,-0.05066419361192087,UC0ss0Q6It-5M5sC8A-byypw
3.5315893,6.978849,1,0.13061750265493893,UC0viMufzTU9aYptcTaSr_UQ
-1.5040499,-2.0672598,1,0.14271207319554713,UC0yv-OovB0Gm2FDLILaDHAA
5.141174,3.2044802,1,0.12816039040694827,UC0zy_5p_Cekk9SJlvz0aFmg
-2.7618098,2.5344143,1,0.11912810271955043,UC1097hTvhbfwlob-QabxODw
-2.8990602,6.111963,1,0.1678439020500913,UC13bTSnfoE6-yCX_VxpJAKg
-2.3482342,1.4850779,1,0.1546028403109735,UC15g0XAgYN2S9VXFYS0mMOA
15.194251,5.7153234,-1,-0.025776735720075772,UC178EW-8X5DhhH7CbE0x30A
-2.408865,1.6911674,1,0.1586220227111344,UC178K2GpAD3ixne4n9bc3Sg
3.9718103,4.4357867,1,0.1336102663858636,UC19_brJuQg39ocRlhv-J1FQ
-3.1290267,2.4839125,1,0.12145229741206703,UC19lAxVK1IKP2q02012gxJQ
1.477524,4.599419,1,0.10103018318376794,UC19vDD0xuulm-XddkcozXbw
4.9644246,2.9449315,1,0.08162660812465578,UC1BK8uYkW2kZFH2JpjSkvyw
4.967692,5.343425,1,0.11513686904925552,UC1DGACDHQr-2psPAk9Nr-Fg
1.0335859,6.645377,1,0.1551268390715388,UC1ESGKRTPh_MTwT08XPVMDQ
17.00272,8.497705,1,0.06667228853431434,UC1F5xbRoE-T_YEcy6XFPsMA
-3.8968096,2.0300162,1,0.11753715030408507,UC1FVFKyx2KcJIT899O-FsUQ
-1.8445396,5.6021585,1,0.16961963909584504,UC1FY06yrvjVD8v1CEEqHmDA
-2.1580641,0.6343128,1,0.17213705297448756,UC1JbxMi_Zv6VeWSLahrbVxQ
2.9478676,7.6631594,1,0.14816015152129902,UC1K6jBYLly7LD1GvH31uJ9Q
10.654038,6.917105,-1,-0.02419119669247305,UC1K6y3vwIyi767YFiV3sPgw
1.4891713,0.40345058,1,0.02526657908904406,UC1Lw2zuslznBBzq3aR4hT4g
2.5944998,2.5962334,1,0.15346763864213958,UC1PZN8T53aaa2T2G6t2qu0A
4.403978,6.265494,1,0.15324679527426133,UC1Q3T4ZSDZTr7X_Fo6oAkxw
14.400496,2.2538185,1,0.13967824348525698,UC1SgB6EBoN-7MSL4vlJZCKA
-1.4121734,1.4913324,1,0.14643230301302773,UC1Vubzpcxtyd1h0z5h813nA
0.00019970765,-3.0686407,1,0.16032910250608468,UC1WwkL3Oedh9vKzDrUdAQsg
-2.1795142,4.7136793,1,0.16369115598107348,UC1Ybc_HA5Gy-vScsaO3gOTg
-0.06673411,-1.219318,1,0.15088912487547906,UC1ZhA4pAPE3yV7pwR-6fF3Q
1.0584115,5.0096316,1,0.14176857629822454,UC1_yIinfNbWInCUj59ZaGQg
0.94248766,-4.0152583,1,0.14934833631138322,UC1d0iP0k7JQzOlVYzemM8rg
-2.813837,-1.0246388,1,0.16459858721961113,UC1fjvIU-p43y8tgyUMH6A4w
10.162628,3.3939912,1,0.07316035455894432,UC1gAxNW48V2LUejs6Hh7MUA
10.394995,2.600831,1,0.08628544560029372,UC1gGxPtQgGVe6BeRY6nA9Vw
0.04594007,-1.9874377,1,0.15817284725023456,UC1hbivnVC5srFXFHFRddb_g
15.374139,6.716149,1,0.09500360260989438,UC1i8xDoIwEynr-AYgZ8wMYQ
6.4490256,5.928688,1,0.1353554354003948,UC1ig_r4dKD--Rn81iwTLkdw
14.812731,3.2145903,1,0.1190380529233227,UC1ipeFUAJEcExghnzuI-R2g
-0.20028558,-0.83341235,1,0.13359674224748547,UC1jGCBnlGYRQF3-8QrAcFRA
-2.5974429,6.338967,1,0.1700485092809707,UC1mT-pNI5yc2PCORvvC2M1Q
11.666622,4.8331494,-1,-0.11777315561936585,UC1ohzUUnpwG_hH2xCVgId8w
-1.1318558,8.044841,1,0.16678546691463847,UC1pAiw_R2lQfCC_fTdxkWPA
5.4054465,7.435165,1,0.14700182519912286,UC1pcDtNf5SpnasVTawbLeSg
-1.0657574,4.457119,1,0.1590642520778212,UC1q6FvCP8TIaNrS8HncMFGg
15.3639,4.540558,1,0.09809393483570472,UC1q9Hue0A8JjCrW4LG-v5bA
0.20702054,-2.9135659,1,0.15323091271006045,UC1qdCRkGSO0kUnmCi78Wmjg
1.7839438,3.264761,1,0.1465776352886527,UC1qhTWmjLxasqDsx0tiIswg
0.72156656,-3.6320348,1,0.15737451806369512,UC1sCQrneggy6dr91CTJmbdw
17.153645,8.62948,1,0.07465489640707268,UC1saEQ0b2qE12Pd8C5N08Lg
2.7445908,3.7744894,1,0.15967102615960538,UC1uyEUXbFjsCaRWgM4hQK5Q
14.234106,2.5581717,1,0.13178195321178127,UC1v8CKUyRK7I96rGss146Sw
-3.9431689,2.4997134,1,0.12249884566833097,UC1wGFcfiIw9h1ufd9p-mx_A
-1.4732653,-0.46098393,1,0.16275460175169815,UC1xYeInNy3E4eTcZvnt1cZg
-1.2663883,8.160934,1,0.15843580141291563,UC1xwbtx-4X5LHS7zXM5VmCg
10.185778,5.2163835,-1,-0.03782041376756207,UC2-04aOECX8Sv7TO8fKZynw
12.744609,7.586612,1,0.05906654361429875,UC24fyZRs2_oDc7SDsftguLQ
15.67442,4.6934485,1,0.06749271640133064,UC25D-qOqoscFTegm7tthTGA
3.0773616,7.631627,1,0.16538183581248966,UC25Rc78s5wAfXa6XO21mkLA
0.67092705,3.6187756,1,0.14991877855882052,UC25m-hK3Y2apJHXX1U4qh5Q
-2.6366646,1.4884636,1,0.15850397459692644,UC25yTpQxtfwOAKxmaZ0Qd6Q
11.68867,5.4366493,-1,-0.06341977375393781,UC26QvVvAcpQHXLdlNRZ20hQ
2.0825446,7.4489703,1,0.14110193684753658,UC26WMjABV42q64Nzn620i0Q
1.5825076,2.112454,1,0.14361071257575253,UC27bsIR1rlIZwQPphj2uxdA
-3.1198835,-0.16992001,1,0.14167448504462105,UC29AQCQZRSBpPKCa_PDV-jQ
1.0978482,-3.050296,1,0.14904001430652908,UC29Q8C0ZR51rpCHgSWtXhew
6.0990686,6.018764,1,0.1091556783311119,UC2ARbzc3qI6cRSdO1glEWJg
13.281185,4.837387,1,0.011738687617083965,UC2AoKEeDzqbSlXcJ9Ev74kQ
0.74800956,2.1743646,1,0.144241372234247,UC2B1Z1N8t3CzrS3MKqB9znw
18.055872,8.891883,1,0.06503339346220854,UC2BJ_2PiQeTQwXDiewus6SA
-1.5672685,-2.44921,1,0.14766434488988034,UC2Bxf7dJ9mnd1QzzBsyonQw
-2.7995615,7.24962,1,0.1657789670226853,UC2Jz6Fd0n0wLrTnTzE3vjrA
3.7548342,1.7602215,1,0.12208132088354706,UC2K_o5oJJOjIS8VZpua18KQ
3.3362956,5.362498,1,0.1406678213593811,UC2KkMHjVYIa-4qSoqhmN0WQ
-1.079041,8.166071,1,0.16683273852497799,UC2LXWAhG9BTaB2bzIlRaGlA
1.8400614,1.1571156,1,0.05782628558166475,UC2NE3OJ9s2Rnd-LVmibOjmw
1.5707527,0.4010282,1,0.06544727242269627,UC2OLP8gzstoepaNjTMvxckg
19.097403,9.501784,-1,-0.0507110660908191,UC2PaUhvF_PfYfREKaG4YcAQ
3.8150535,4.2148776,1,0.1319028509843702,UC2Pq1gLK9e9lGLMiMTMj54A
3.0952272,1.4485162,1,0.13299126016830604,UC2Qu0bdXN6dr5biJqmDUeVg
0.07253255,3.1047578,1,0.155167233844134,UC2REi0zKf9eAhByMFHvU8sg
8.450028,6.651895,1,0.08661090506242664,UC2RvgSK3oIGq5B19k-cWlmA
-2.2214062,-0.2876221,1,0.1612572482079631,UC2SMfWk1FvG6vVMifl1TcNA
-2.225795,6.5314093,1,0.1716241225708221,UC2WTklSvpH8xuCk2zouisHg
3.1064394,2.3437731,1,0.14278433586784045,UC2WtNrUJp0UnOOMDJdCG5DQ
-3.3139656,1.9855268,1,0.12027674553346962,UC2ZVho-u6jiyJ1BsGs-6IMw
0.92777044,-3.608231,1,0.15546128659661507,UC2_5i5-K-uNJHFTtV0ieIMw
-4.1709023,3.9894946,1,0.1462931151652226,UC2aox3V4wQa4fOYSg8rkOAQ
0.4268873,6.3713355,1,0.1546655641404313,UC2bp5OW1v4_DufXp7owOZ_g
14.804935,2.6217356,1,0.13259963263720415,UC2fAK4L9LsihWAp12hsNL7w
18.717299,9.220973,1,0.029340442934381705,UC2gwwB8nIpnZ0TjOwGIBUDw
17.810461,8.807591,1,0.0010875715174579748,UC2hZe__NLW92DEsiP_E8CcQ
10.970122,2.06495,1,0.09631973386038112,UC2hynKRJ4KGgxCQomOheztg
-0.39256838,3.4613585,1,0.14574335052830645,UC2ib0Bwvza2oi9W10sSWJ-g
-1.0659854,-2.0084279,1,0.14637052339667106,UC2jDkoeUUF1KSgUWi2oRPiw
14.285664,7.807062,1,0.07253702439611459,UC2jkAGVjHa-iOBeANBlJjxA
15.1306505,5.2072635,1,0.0007812002988705213,UC2jwtnKMUzXoNP-s7pK3XHQ
4.46006,7.8807993,1,0.1647547911243979,UC2lXZ5Vpmj86A21klDNYZzA
-0.18864594,1.5451,1,0.14965797389664115,UC2n5Zo0oD2ehypn_NIRxN4w
0.9458405,0.40666115,1,0.09240056749139669,UC2oXCtQWFOi6dt1pPlJSPXA
0.3673184,3.3096507,1,0.15511070922629766,UC2ouDDp9vM9axTeAZbLFfgQ
-2.2659328,1.5043708,1,0.15516410190150093,UC2ppVpKjU_uY2oAMWh4GRbQ
3.9611478,1.535908,1,0.12152361008106044,UC2rqJDlMDh_7fZsnhKgb_qA
9.999736,5.2375255,1,0.07711358437016541,UC2sECp-IRVOirad8PXk1iNg
1.3025593,5.2256236,1,0.1533604374704568,UC2sbWjxcqkU1IV5PIGtLgOg
-3.7295663,4.5306773,1,0.14043302233283278,UC2tFnaBeXc4md7cPpU26qVA
4.472648,7.9609504,1,0.1606670494635981,UC2udVDs5xe-u011Tka-NNgw
0.65939677,-1.2025497,1,0.051100280511805485,UC2vMm3YS6hg1v1YLZ9ngj3Q
3.1132169,3.258617,1,0.0860303019296138,UC2vNeM12dENw_Tl9O5aanBg
6.040076,5.89997,1,0.14199282199512991,UC2vTkBYAbh2xLT6phBwNUUg
7.4620013,3.4164183,1,0.11576409459177778,UC2vfpW_j4TTYO6lpzzDoR8Q
0.33621114,-3.3926198,1,0.16004244136522766,UC2wjIMtYLzpQotTEZYETc2A
-2.65747,5.6457663,1,0.17087654357840093,UC32h7-CSTjtSbYts--EhpOQ
15.736899,5.8997517,1,0.0644823574565857,UC33cr7U_NQcUUm-eAb9T9gw
-3.7793252,3.5277998,1,0.14866005757847245,UC343wQEBzmnnz5NsIE9jCnA
14.06518,5.2863717,-1,-0.0740974722505684,UC34WFQ-cgdb4z_3_Qm2agWg
2.6285949,7.712964,1,0.16586947523057466,UC35jhAAwv4jDLm9PHkV9dYg
3.6624327,3.5151765,1,0.15349754059379173,UC35v6Ll1NeccUd3dW7GWzkw
13.966407,7.6380835,1,0.1068708688557457,UC36IlB3MDFL8s1qFLNlzlPA
-1.0377713,6.586666,1,0.16969911322749803,UC36QqtZHuMit7OQgv6WCdHA
-4.0239453,3.551439,1,0.15592637278340404,UC36ZJH-VhJCs-QWMIgbjanw
-3.2671015,1.5918523,1,0.1191913107482438,UC373Id-2O4B_TqDmzG1xxyw
2.7158604,4.4651866,1,0.16138038478882655,UC38AKgSLz6b7OymnCO3ksvg
0.12866496,0.13788643,1,0.13751965872538852,UC38OeYuWYNN8lZQeSlbmSGg
15.944544,4.023069,1,0.11674281666280628,UC3C2O78cOsT4kvR_d_ZEImw
-1.741232,-0.75013024,1,0.16312755903426507,UC3CXT6XKj30C_PUPCy3O0Ug
1.5345583,8.09822,1,0.15937213705526893,UC3EHztyZ4tEQqy8PuawZXtg
-0.6911288,6.0182605,1,0.17272171801340186,UC3FShP-VH_s0BvVD1m1vLbA
-0.056615885,1.3099471,1,0.14922047315613984,UC3H2ijtlL7-OGurllsKNrwQ
1.4279654,-3.186871,1,0.14416609653860285,UC3IOkYdbtpq8oRBzQKGEInQ
-2.723367,5.712022,1,0.17050533006904628,UC3Jgo_95HK0jQT3mmeHa3Xw
0.53656274,7.4021482,1,0.1523869328566918,UC3KRoaMtuAEWasHUQMtFh8Q
13.425192,7.5162477,-1,-0.07602754866212202,UC3KZgktE6pCCjIaxKyGs0Iw
12.214051,3.6900074,-1,-0.007683137961080333,UC3L03q1hl5K2gkLso2IFz6Q
18.851974,9.315243,1,0.028953868551511164,UC3Lw6okOlAEnfaaaQ3mhg3Q
10.075559,3.5247893,1,0.032448401669065985,UC3Moaf59U9kRkW5KTjOPz9g
4.238745,7.90728,1,0.164730698653843,UC3Nx4RQajSzJ6MGBK4X4BMA
11.115105,2.1318636,1,0.09265582167414288,UC3OI-scmfgqginG2fVmdqoA
5.705048,7.279578,1,0.10013908362791663,UC3PIn-e4HzfOQmvXgls6oow
-1.7779242,3.872803,1,0.15407542859168488,UC3RkKV3O97deF-cA5PKVD-A
4.105836,7.955673,1,0.15443959053804496,UC3S9S2IkjfgAyEjBu2JrvNg
-2.5930393,-1.2269357,1,0.1644949992647502,UC3TtOthQfVHS6vCCsoDLK2g
10.330775,5.646398,-1,-0.10571163748426637,UC3XEpDanrCsH_k3yxkq_hZg
10.289618,8.119171,1,0.11019476791099309,UC3YZrdCPwT4fDQFGZFpS6vw
7.562259,3.22045,1,0.055993985288989245,UC3YfJCacGDPSZCCmPD1rTEQ
-2.0663888,1.1901134,1,0.15906662621805034,UC3Z1G2iWoVkkInN_hXljfIg
11.127589,5.7499037,-1,-0.13179885131350155,UC3ZRMUyFm1AXAGiN8JUGDLA
10.160984,2.9622612,1,0.09472945454791043,UC3bDPYPCUw1kwDaNyyc0zfA
1.2505664,8.091075,1,0.16235218994723405,UC3egsNvp3cMIh3Evby0fzhg
-0.037158642,0.32388625,1,0.12656521936748316,UC3f2saeTnp73YrQLqH5Pqcg
4.605552,2.690548,1,0.13783268325955123,UC3fm3y03XaYZwCoeurb3pyw
1.9710175,-4.0586267,1,0.1277407683692996,UC3gRVNPrfYCPID5v_xiIDGg
4.023366,-3.2320516,1,0.11362476591097453,UC3jTZ0S5n6rOFPwvcadjPOQ
3.4103713,-3.438491,1,0.14666861489102528,UC3kH3tw7DUUOxiwKO_lhCNg
11.983131,4.8974557,-1,-0.09268560545177562,UC3kZ_gVFkfXBekteQCL4Thw
-4.256377,3.2324216,1,0.1518228946166466,UC3lp5a-PD1A4-CQGaAwxizg
-2.8320122,2.214048,1,0.15744531317623595,UC3olOvZu7sZjvrbe--iUQuQ
-0.19497533,2.11259,1,0.15132249087909433,UC3pB3o3hKPi6Y6U1P4Ofx6w
14.291959,2.1910777,1,0.13211429305749856,UC3ptpMeNPg01hTTW-6H2PRA
15.065492,8.216745,1,0.09797254369095004,UC3qbPF-TD2ODzz7KwTz7XJA
-2.2914562,7.660538,1,0.17074452625411163,UC3qdncclBAW91ax0WJvVA7w
-2.044537,7.4895773,1,0.17197664506972632,UC3rA9hB_LZkJb4cqY0VjoTw
1.1500102,6.567772,1,0.15819976284130072,UC3rjcoyYR5KZP-eNUGP67Ag
3.5725234,-3.678667,1,0.11247682170748058,UC3topO6CyNKCnPN9qzrKHTQ
11.235602,2.3423812,1,0.09115482451500095,UC3trDIRbTI2opyZdCWA2pBA
14.6928215,7.4921756,1,0.10147276630058866,UC3u_sEZm_UmreDRsOF5g07A
10.415478,8.089232,1,0.13211358694718445,UC3unQf1s6eDTYcxoRH_SFKQ
2.1960082,4.826131,1,0.1597578101763043,UC3vxMtx_12w8yAz0SZ3rcdw
4.503511,2.2633896,1,0.10878227398199575,UC3xKM8nFvIF507sPttmxp9Q
-3.5739765,6.1023784,1,0.1686935969367347,UC3ygKXVlsnN6QhECu5qnubg
11.356434,5.3673577,-1,-0.024938524206431834,UC3zv2LeAnGc779wsY2cbX_w
8.237992,7.8089824,1,0.151833724973594,UC403T30BeENa6WKoJg8jTuw
15.941556,8.199701,1,0.08584188806591031,UC41yDqYqNLXtVShN7TnEe_A
1.0832839,2.2965307,1,0.15110781942712714,UC43sDIATvY6v4mF0ajyDIUw
18.637297,9.173729,1,0.029169670911403045,UC45v7I77Dcp8kEl1Xa65_yQ
-3.0295982,3.8575487,1,0.15219036543262704,UC45xYpkdcSRjPJzTnf6Am5Q
-2.9609811,3.4732735,1,0.15206930299971005,UC46C2trYQlyreUYs5wl8K_w
2.739337,5.637286,1,0.16304025066440275,UC46axpz_GsFizhya3Hj04Cw
11.631185,3.077863,1,0.0046728798405864524,UC49-EJeh-aff1bJMTX50qOQ
-2.496368,5.9084425,1,0.15733741418451885,UC492VniSZS4aFSiMixnRhSg
-1.4329985,1.0865737,1,0.14870882239297378,UC494xD1tQzrm45FNRyK5l5A
4.8856955,3.3933046,1,0.12911749949784213,UC4A949Cm86URf_mfq-KyO9g
1.1561627,-1.7056155,1,0.13454601848414727,UC4Aw2p1UvcE8S96BepTr_2w
0.71336526,-3.9336653,1,0.1438991124929337,UC4CQXThX52kuB6azr9TK4KQ
1.2593277,0.7224837,1,0.1367224418910567,UC4CabbN_XlGmt5t5WxOaQDg
8.923024,7.8949423,1,0.1490079403271412,UC4D-bBmqHV4rF4srkBYAyGg
10.629332,2.2975585,1,0.10489438844455223,UC4ErvUt-aioI3zm0Gyjruzw
16.090212,5.956281,1,0.07670612799504928,UC4FIpXYKh9B_5sNaPNkREVw
-3.7027633,4.548689,1,0.14984002877983515,UC4Fo0S0K7dnZcChZYkAj-0A
10.440556,3.5208018,1,0.07214317396963338,UC4Gn6sFAfXkorAMW65tqwdQ
2.5624988,7.6018257,1,0.16824426562684103,UC4Ihi6CkdzSinbxf5T433-g
3.0508673,4.372783,1,0.1423664138166501,UC4JPLBZkXO6xj9cH91YSDCA
-0.20276496,-3.193767,1,0.15772500593318717,UC4KDffGz6fGkvJLjINa4VKw
1.6952891,-2.4943507,1,0.13208242655251584,UC4K_xs9lV6j64LwYQ8Amp0g
2.0800467,-3.7602808,1,0.14692609019734298,UC4LDJW1kdONyfOHiAFGL1NQ
-2.9107056,3.271633,1,0.1549109400882948,UC4Lcj_GF-yRAOyeFiWJVqhQ
-1.2297288,5.948264,1,0.175066708751266,UC4MLGn0sMiY7P5SpuhhZjKw
6.978153,7.0452924,1,0.15059586641228023,UC4Mip8tK3WQka_sca5s-TdQ
-3.0762477,6.032667,1,0.16285895368640085,UC4N9viSQiOxpZZr6VmVIyCw
14.796782,7.642807,1,0.07241917978448553,UC4No3Yti85UTcZqV2SzWJlQ
5.783888,7.13234,1,0.12449623963895351,UC4NuuTSgZ6MHkZnngREFYDA
7.0315375,6.749483,1,0.14699643672721052,UC4OOoVnTxelrcBIivjzKVVw
0.93707705,4.8329506,1,0.15529313308111092,UC4Q7HfmEFo3hs4EmRcQbB9w
0.51224965,2.0082543,1,0.13147954256798516,UC4RYlyYUDYjJmDTtRJfJxxg
-1.9060951,7.151624,1,0.1739846159281605,UC4T340TyV8MD0ix89WqkrEg
8.270826,3.4855964,1,0.025117796574677498,UC4U2WM_IVm9gMS6S_vXWpKg
9.1929035,5.312261,1,0.04445543374636468,UC4UEscCqWUQSBccXXGrB2yQ
-2.9055924,2.922649,1,0.1580661411470745,UC4W8jjB03fLEi-2Qn4uui8w
2.1951396,3.1739445,1,0.1465929223963061,UC4X2-qTh7TIb86O5cnQS4xA
10.713663,5.0952744,1,0.03062725001021188,UC4Y1ko2RlihrsOeugAvsEzg
-1.1255788,6.484859,1,0.14795643681599663,UC4Y9hpIj_ELiJBfqxCyyi9A
15.069902,5.4289045,-1,-0.054656221842580344,UC4YAFHsGQoAb0fBAazdB-0Q
7.2869306,7.4525537,1,0.10665464743471187,UC4YTDsXlHDyBxP0quuKchCw
11.443309,5.7717,-1,-0.11178026374501793,UC4Z0NiP2s185zHJCE-6wY0w
7.596176,4.158433,1,0.024384897704683384,UC4ZQ4ek2kDuwmtNb6AxZi-Q
-0.12397787,-2.960199,1,0.15016304626259575,UC4_M9OKVunXe27EOUzHW--g
5.8999467,3.2692966,1,0.08668378191167253,UC4aACN36C38rOP2rlA8t6PA
11.403804,4.089151,-1,-0.022443853252236412,UC4aOQVdgshdRTJTvDGFR0yA
11.803573,4.1124024,1,0.005895330750974148,UC4b4RMlS6lfdlNYRV1paZlg
-1.9512693,-0.18028022,1,0.16249276918508965,UC4bDEe8-2UIBA6ZEXEwKEYg
-1.3075293,-1.9200504,1,0.15335027343541918,UC4bUzJ3K4JB11AY0chnHZTg
15.644316,6.0254645,-1,-0.004578272910184311,UC4brXKBCSEaDIs7Tam7firA
-2.823101,2.5106134,1,0.11969721882002515,UC4eL0AnOPkUJjDi4W-n0gVA
0.2764125,-1.9847416,1,0.15109777731896734,UC4eOOEiL_hafripFxG1u_7A
7.1509094,7.1042337,1,0.15292856038309383,UC4el4QaPEv4A1S7yRCK8Rvw
8.367023,3.906167,1,0.08784409097998419,UC4faAEanWbfwQlhuRPiBNyg
19.005833,9.418313,-1,-0.011854146288445166,UC4ghCfH0JKBA4Dvn1lO3h2w
-3.2610683,0.7070047,1,0.14889425139539497,UC4hdml6cjgdGFFa0khQBWaQ
2.7170887,5.438319,1,0.14534212439571348,UC4jBrZowue9myHVU86RlaSQ
7.2855253,4.406895,1,0.12478429938971936,UC4jGtCVMc2KWvIySIX-OCFQ
14.406189,4.5843143,-1,-0.06681626887274517,UC4jpaiaJDHrjCL18XySDDrA
-1.4325503,6.673171,1,0.16919258335008253,UC4jzdMmyaI3uQdha_78uIjA
11.821449,1.5972686,1,0.0795311445654876,UC4kf3M7FiGHvLE-VLiSgCAw
16.177027,4.82108,1,0.10225715627423099,UC4mR3QCYUXscW6Q9-J9QhsA
5.531384,7.856493,1,0.1573546316611586,UC4p2Tc7O9Att8lqwXNE7Uag
1.8343688,-3.9802291,1,0.1487194302547986,UC4p9nYAaAG-i9WJSGsYsg0g
-3.1625059,2.5220253,1,0.12291814274664342,UC4qpdrqJqrIj5l6-4bdPVzw
-2.3671303,-0.8487023,1,0.16255509258343637,UC4qxlzoOR_GpMQQylGmvIpQ
5.580939,7.771142,1,0.15829509958018073,UC4s3K-Td0OZP2IqMfwVbEiw
1.727723,7.605177,1,0.13411746562407584,UC4uyD_SEjbuPrV_TPdr5D5w
-1.2484622,2.3132155,1,0.14163651579974557,UC4zSFYCbPrz9kkblfv8VdeA
-1.0476501,-1.447608,1,0.16101901055836854,UC5-Nhj5EAZsc1c8jaFeDBuQ
14.417108,5.2530823,-1,-0.12512803445772025,UC5-jYiq6vsEkZ1v6ngeUPRA
2.9714181,2.369126,1,0.15129600417356864,UC50A87xuO9Bb42JM8p3Hi-w
10.931111,1.774404,1,0.09668594660545848,UC510tIqqxvIb1-AE8U5OK7A
14.140327,2.1155448,1,0.14100778359358235,UC51YiiEjaoERO__aQc2pz_g
2.6722298,2.1670997,1,0.13787688817920435,UC52H_yYy4GgF9s-Hpt9N9VA
0.21191794,5.1512227,1,0.16645467390078733,UC52bodhD1hI3f1LGwW8ftvg
1.2882394,6.535548,1,0.1567591757591567,UC57OnleANxJNZUhQ23J224w
-1.2721761,-1.5590144,1,0.15445765241833825,UC58DbgrhLOeaR_whwDQbC2w
15.500326,4.4204154,1,0.10198974213395567,UC58UxSSINjt74QHgp2p4grA
3.0119646,-3.5149372,1,0.15111918400461644,UC58XpyAMPT9N-duiX5N97aA
0.8617646,1.6071687,1,0.14631295071121636,UC594Mp21oUxj3iklukovrJQ
4.288684,2.3426676,1,0.13081694665312804,UC59GrL3iE1Aubxh7jM68jWQ
2.0095825,-4.155235,1,0.11494088997328,UC5A2MoAN_SR-HElogxl9pAQ
7.9597692,7.3662195,1,0.1509449233367139,UC5Lz9Jp23PE26lIrNr8Zweg
15.538737,5.994133,1,0.0637701080447135,UC5ME-dq2HgEsYxdYsITxs5Q
-2.9949138,7.17064,1,0.167088652711038,UC5MGhAHzb7Gfa02AQBrmpLQ
1.9268639,-2.480918,1,0.11196920971967789,UC5NlQr0Bx8OgtGQYcLP3Hhg
13.915205,7.7225785,1,0.12080741940459905,UC5OuIwopIq14lgAbHz6zlNA
2.1782143,6.1981907,1,0.15300972320335143,UC5Oxr1b8kvWhT4DGdGYvCdA
0.0509536,-0.97422487,1,0.1419314022653495,UC5PJza19Mgv_6UL2LV-_C5Q
-4.3012114,3.2790735,1,0.14979343577094878,UC5PcgaKK8HFFuNbTPUyFttw
-1.532839,0.3539745,1,0.16880216230907286,UC5S6NhV2Ouj6Jyj4SIrmEUQ
1.7447953,-2.4878285,1,0.13085832351183735,UC5U2rZHyEbEiSn_1HJjr_xw
1.8567188,6.288426,1,0.16956662215916346,UC5UZ8Dn9pE77SJA5OrCDh3A
15.521809,3.8980541,1,0.117255255310807,UC5WHSdJK0w9AaE4wdCBoO7w
10.233908,2.9189796,1,0.10771683775993823,UC5XboaFcKw1ESbzC_kICHMw
3.575378,1.9269212,1,0.1471439387686731,UC5YZlvxNE9LSJVEfSEWXjag
3.2653682,-3.1734505,1,0.14638007931674396,UC5ZsRQK6u0-47oXnWXEBxZw
13.153372,7.692195,1,0.11954763479374514,UC5aEhB4qXglWYbOP7lb94FA
7.8230324,4.4722943,1,0.05555630883541751,UC5adToZwdzD65qq4TkHBIbw
-0.6171207,0.46671882,1,0.14238905080952297,UC5c-liGCQvgdB-ggkO1DetQ
-2.478475,1.633179,1,0.15550315961248196,UC5dcjY3aWgH87IS54MfTmpg
-3.0799499,4.023277,1,0.13457652489508976,UC5eDMSgJtHv9n2dYRnpcLEA
-1.3981822,0.2475471,1,0.16552365188924145,UC5em__jWSmKXXj5lmrkyAvQ
-1.0306966,4.2272167,1,0.1541065327260217,UC5fs7NDS0LXMxyphy3okG9g
2.2688475,-4.0788074,1,0.13419113681223038,UC5hBEWjn0xHblxa_VpntCxA
-2.9527407,1.0538235,1,0.12333666040723512,UC5hF9u1xBTx8wKh9hE1LnXg
7.163276,7.559655,1,0.15424320538396896,UC5hZ9rSvywA7sdyG9pKIJIQ
-3.602356,5.9701457,1,0.1680439289620858,UC5i1BZ2BJ_1mtpYKIF7QKrA
16.847647,8.392103,1,0.031232698688734184,UC5iNBq3th3BDQpO6dlGs-zw
15.461363,4.2061186,1,0.1126832245402073,UC5mHOm3cx4BBvDNmkoWekAQ
-0.41978115,0.92500854,1,0.15557349918028857,UC5n21EG4ZLzV1_RqK5bOGwQ
-0.64649355,0.4335794,1,0.14905632713779482,UC5nO_u3qUK8DhwrQxTSh3XA
12.922276,4.5502973,1,0.04417162034144051,UC5oM1NWo72GNZTmc3mGyeZQ
7.276734,3.371227,1,0.12186532085266505,UC5pj2AEdQKnjU55Cg-wVtjQ
-3.6356761,0.4653976,1,0.1506991506160048,UC5q2dZ2RmyK1pKk-iJA3lZA
-2.461879,2.9383123,1,0.15316973312466237,UC5s2tx8kT-IBf3mCnCtJkow
3.3055036,-2.9123085,1,0.13212618073566818,UC5vB70VlaMSe2DFFT69DrZg
0.21449448,6.4344335,1,0.1537927144781896,UC5vvZ1pVezgHVTYtsyvDV_A
15.539004,4.8957567,1,0.08966000389591716,UC5w7gOfUIINxlBYz9jfpyJg
0.92853445,1.0127534,1,0.11794809521379851,UC5whgfTi1uxBF4wuRv7fTrg
1.5527745,-2.3916004,1,0.14362163977198428,UC5y0xv-7duPKoKPLjgpSpUA
-1.18918,-1.7806453,1,0.16615395828013352,UC5y5aLBPYj44j9cLhqLvE9Q
2.3733323,2.9875376,1,0.14704603371179736,UC5yZPfAo-iPYINF3_afqP7g
-1.6919656,6.7900486,1,0.16965799564926304,UC6-0sqmV4X7qGsEL6luxHlA
-0.19220027,5.3021283,1,0.171480374030679,UC608o8zcADaTKqLJ5RlHkHg
1.5848671,7.176279,1,0.15357285091631823,UC61VZNNDf53zcGgaohUwtcw
0.3123255,7.269246,1,0.1663040085714632,UC61f0Gy1kMxxYDSvhniIrig
14.532062,7.574059,1,0.10142606093541601,UC62TjRKnWx07sWvUvMwqEKA
5.2971687,7.594552,1,0.15988390486954707,UC63DKLqyQwe06Fqb-H5_dpA
-1.2913107,2.9043438,1,0.1531679137075599,UC64MbaEbKlit8DXeUfJgO3Q
10.495063,7.511702,1,0.07749843677023266,UC64RiOUiMOmEC5nGSx_D9Jg
0.03751861,2.8707783,1,0.11693482617480822,UC64qjU9oXT4NZMZ-24uDtdg
-0.122358784,0.66895115,1,0.1456887415362536,UC64rDRGjrrL_8N55q77Fcig
13.470099,5.0104713,-1,-0.004876470962755786,UC654iHwyqxCSDh6DXx7Zo9Q
12.938234,4.5494275,1,0.05033333941847934,UC66GMbg71SH6DoCMc0a2Q0Q
11.378864,2.5974238,1,0.07452568980562962,UC66R1qBWIAPrioMbXmqGJVQ
-1.9133728,7.006434,1,0.17330276138206613,UC6775lAYD18Vyr0_xT9VAtg
-1.0516686,-2.2760966,1,0.16806699844794187,UC67rYMrvcAISJLafiMBGLUw
-3.3904798,6.6636252,1,0.15893285243790228,UC68YlmC5kxu6gU33mPVZwpg
-2.2156062,2.7242424,1,0.15700355324722115,UC68mcOGfZFMzdI2kGX3jwRQ
14.900957,5.2697344,-1,-0.09285826458796709,UC6AHdxUHk8nx4h_mB93tH9g
-2.1230643,5.438486,1,0.1733697757247098,UC6Bz1DB99wSDyFE5IuSQ8uA
2.6603737,-2.996315,1,0.11792863659462627,UC6E7u8mMp3ccAjBIDLox6Dw
-2.0193532,1.5856802,1,0.14619188573335679,UC6F-JIL3kJpmdYaGhFWxRxw
3.3127701,7.546806,1,0.16912715852833388,UC6HydYNXcAJ-2w02PyQORtQ
-4.158312,4.045745,1,0.13514562427129834,UC6IPVLzyOcCl870YqCml_Dw
1.1295282,1.0142813,1,0.11571829857405608,UC6Ie9yG5HNoABD1sz7oM2Bw
2.8116148,4.075567,1,0.15550062309785112,UC6KbEa3JA_BZixvZ2TB9yqA
4.2878475,5.219216,1,0.14678942963982056,UC6Ls8FLzq9ClLp0fs8_y8QA
-0.79233474,-1.234612,1,0.09565540738823064,UC6NOihAZ8N4s5daUf6kPCRw
10.246735,5.534182,-1,-0.0665407982765659,UC6OyAAeXclPUfSXxrAMtEmg
7.4672475,7.5346313,1,0.15569625418720417,UC6QO4NlE5E9RDRaJaAhkK1g
7.1508155,4.343123,1,0.12026148519411889,UC6RUSSN_Z_YDT30BGtEFt8Q
15.903057,8.281371,1,0.08608348278555766,UC6RtHzv-6pHC02m4QrNKNEw
14.524893,3.6221664,1,0.09535043717559222,UC6S3qNL6FWV9muKRlDPcbfg
-3.0726352,7.0468135,1,0.1681630951105349,UC6TgaFUM1kdhYINH8ZzE_0Q
0.6719447,-2.3733318,1,0.15768287517749163,UC6UAQzp4bqwdDJmf7FeyZEQ
5.770417,4.780606,1,0.11973956353533005,UC6WV3j4sMlUhx1JK5o_fPrw
1.0402488,5.6209507,1,0.10491674173420129,UC6Xqg-0RPyO5ampqEuigqCw
-0.8000227,2.0965934,1,0.14068482483949268,UC6ZCwWBZQm7I2308A2mDpFg
1.268103,7.1445656,1,0.1698948192377051,UC6_JufbI6FsAwTa3EdkHT3Q
11.476292,8.014717,1,0.1334627340855004,UC6_su8-WzjsoowXTUNdCmBQ
-2.9126797,3.6189709,1,0.15552552865790337,UC6_t_QixcXNbYU7vzyF5sFQ
15.044764,3.0122905,1,0.10857197512411965,UC6avWoJ6ZsOxFvkozDYNSdA
14.2082405,2.9442847,1,0.05085710432479601,UC6bYAwpr3B-4UEUW8l99HVQ
6.9887652,6.0254235,1,0.11945723273230119,UC6bnFDmc7SzET3ZCtRoPBLA
2.9740562,7.8585677,1,0.16414139705861192,UC6f1RqNI_0MLcn8E7sf_3HQ
6.504789,7.5499086,1,0.15048057955963257,UC6fJ8RpEsxuRUrUMD7UBm0A
0.7987057,3.684495,1,0.1534536956694295,UC6gWyg1Tfm8N8KKjKFh6kCw
10.3214035,4.2816186,1,0.06305118040222318,UC6go1s-xIqdUA7cLRMgGlnA
-1.4590694,2.7517993,1,0.155098109713741,UC6hBEBavyQUBFOmrSFKUb5A
0.20515585,0.29182076,1,0.09813575294157217,UC6hzVjMe6SAsO9bKPbduixA
-0.6119982,7.843245,1,0.17103172587534904,UC6i8rwX1tcutmOD6e3YmEDQ
11.769116,5.189361,-1,-0.03403473465979279,UC6iFcNVNzw6BuFBXhhFqehQ
-2.5019424,-1.5674845,1,0.16137435817239915,UC6iTV3pZcOTqDsj2av06aQQ
-3.2340572,4.5805597,1,0.15693576969759865,UC6ijYlBqUdwO8o2t6Q6T6Lw
2.1366663,-2.4789095,1,0.10978613066696907,UC6j0zds21gc-vAyK3UoRItQ
16.966713,8.533094,1,0.07482165822989506,UC6lRPBNqMhMizaFpw50SW0w
11.422292,5.4585557,-1,-0.09767024644761779,UC6lV6VuuP288neus2M62TTA
-1.541717,6.42568,1,0.15894669355533542,UC6lgJxQP_5DIKMdNgTwKDKg
10.908359,2.197176,1,0.09896649608774077,UC6oCXyWQ3euJ17NcyyVVvnQ
3.0176668,5.5024486,1,0.15615886399160117,UC6ovhvd2Vi673O5Ha9BU52Q
1.4243474,0.3455805,1,0.10799027251453897,UC6pOSsS5bNbfqTU5761s59Q
-2.1483676,-0.5663647,1,0.1649900348160837,UC6qMCsx3sQPw6JPSMZUuzdw
-3.432289,2.345032,1,0.11586220035959544,UC6qtZM95tKqhiUEC3I_Wgvw
-0.22210091,2.8177893,1,0.1431581675186625,UC6rDCBjaBOAtuJTBhSUUuRw
11.69961,5.9409184,-1,-0.10431742266894961,UC6sBBrdwoOiKozAC0m9tVnw
4.2103148,5.0191617,1,0.1514397851391442,UC6sdQWmyPSfDAExfX2PGAEg
14.082687,4.1194553,1,0.0930161331777607,UC6uVYJChxOZyHzebID-Fz6g
11.731602,5.678044,-1,-0.06429217594035663,UC6vCr4E4rxWGyoPzLxnP4Ig
0.7188654,1.169543,1,0.14338675759391295,UC6wUO8f5IM0ZtGfdwUBZXRg
-2.1175058,-0.33280385,1,0.1704454481974768,UC6xhFw_JuChyPaD_UK4vS-Q
-2.0800793,5.7233257,1,0.16976750094012588,UC7-JMqy2bn858FObKykUKRw
0.11024014,-2.007029,1,0.15722922488390917,UC7-VeFEddqp3kYF4qTEmgBQ
-3.394158,5.4814987,1,0.17047047160916873,UC70kw8IOdRbbEfKnYlSI2bQ
6.0855594,7.6953692,1,0.15697948411802426,UC74FShHozIYkwzmqHf6HLuw
3.566898,7.937029,1,0.1471445942572545,UC74WFSxB3jgqjHmxw1TeeMg
12.74395,7.885577,1,0.1281016404311,UC74tCd0BCk90bxYx8_SRQuw
-0.7600834,3.9572504,1,0.1679253800861481,UC77AmJ-pGTH7kehrRW112kg
16.148785,4.302723,1,0.11906126300013237,UC78GS5rpJd7kikd5Rw6MAQg
3.3103483,5.699043,1,0.15795765136319118,UC79VfI_KYuCToVp7OAOrJZQ
-0.9904835,5.6136165,1,0.16605261597887527,UC79fBLH9Y4rwOF5yYPZmIFw
-1.7081867,2.8825417,1,0.15582322251459996,UC7As1Gp59jLNWOeUWVyjOrA
-1.0813115,-1.1198384,1,0.14569479415292574,UC7BdIUFT18MPHmSA2WL09pQ
3.6909857,7.3136578,1,0.13371370029195767,UC7DPOUD6UtFBkmgmEkMMihA
0.807642,2.4160988,1,0.15510450545899662,UC7DUl54uby1kgU8lQrJcrhQ
-1.7956111,3.058289,1,0.14651641239021151,UC7F0cTeOtWqr1xfFWAVASiQ
10.572484,8.102925,1,0.1334250494571413,UC7GMWBDGjr-4_C3DgYiQbIw
-1.3378448,6.534742,1,0.17085150217496148,UC7HFQmnGGXd8bDBPJ7pmfmQ
18.987759,9.4350815,-1,-0.12885368327125257,UC7IYnS66R24-XwUR7gdxYlQ
2.303149,3.8094864,1,0.16191431513770688,UC7Ic8lvjPqqwCNbtpJ_toZg
-4.1751127,3.448281,1,0.15229078385685435,UC7LWv1EMV_oazncor2Bs4hQ
16.659662,8.341323,1,0.030824208157560873,UC7Lsn0GF30lPeyvmp-SUf4A
-1.6637176,5.5986686,1,0.17263236894964612,UC7Nn2LPIbWPfZBvG9T0atCg
-1.665522,5.2263956,1,0.16209290549115873,UC7Nuq6vWm1wWwmWFvqATaCw
1.2210819,3.113047,1,0.11170242804907038,UC7P5m5O6Ei2CacES6tiRGVg
-0.98671395,3.9068613,1,0.15846311487657277,UC7RYehfeXhmAy4-tPluPrOw
0.9016858,0.5470445,1,0.12446013435025555,UC7RZl2LQ5EipCtuG9NK0lhg
10.564254,2.3400028,1,0.017061042879636168,UC7RwKs1359DW1pf7yWwfylg
-0.5185418,7.905336,1,0.16692941149775797,UC7V23X7ASxoDBxXo8kgzlHQ
13.641448,5.3363175,-1,-0.1541153144066204,UC7X7G6T9Qra2Ehf8l61iyeg
7.7961445,7.3549933,1,0.15462898864774843,UC7bWUQP6sXnrz_EmJkj1iWw
-0.7099715,4.774488,1,0.1712344105958304,UC7bY4ZYmRgqEUkT69ro7eeg
-2.6372395,3.423734,1,0.16066465821934894,UC7bnkYpXPdmyu0Aj7SQCgDg
2.4480262,7.5340753,1,0.16517783817970927,UC7c8hy8BwXvS7IplJuBXq5Q
-0.37890854,-2.9528718,1,0.16336068016806876,UC7dVsiyJVPNLlEfnOQARrTQ
11.2546835,7.8903894,1,0.13220040848767162,UC7fY7MYRqJX-Mw5iwr1nlow
-4.019668,2.2465377,1,0.11285706507235377,UC7fYBo-qbr-e9RK25CGqfkw
0.77430665,3.347336,1,0.14297557775759928,UC7fbSuuLNc893O6_Jn0jzoQ
3.214442,-3.3654528,1,0.14238008289129983,UC7gwNinqwqxbdutEeuDEgAw
11.3652935,4.618028,-1,-0.10376619288999789,UC7hV6LtH6GD1_wggLpZlMpg
10.422377,3.3544526,1,0.09459008655983941,UC7halm3jzebc_q0sQUs1LPw
3.0267544,7.945619,1,0.16241364410513232,UC7iHaDNj9YoPJ3-xHlMsG_w
11.808614,5.0596023,-1,-0.025524159320591377,UC7iTI44nyA4mNGO3yv4SOsg
-0.80428076,1.9713479,1,0.1404622695668607,UC7iUr7ByRqKJeRs1hZEqwpA
-0.74484825,3.2743938,1,0.15809267489874262,UC7jP5PmYlmh97umGfVnrNww
3.0824018,-1.4223751,1,0.1345756703495115,UC7l-ReHmQ-vmmgUIqw1IEqw
-0.7681278,3.4994476,1,0.15463720416800175,UC7l4tDRQJK6MvfiCoUvbpTQ
11.41209,5.487579,-1,-0.054054265222616915,UC7lDXRL5vZt-yRF3BCPu6IA
-0.47359988,5.8006268,1,0.16791556146129905,UC7luQxKQrI-LcB69hiPgy9Q
3.344243,2.9926417,1,0.1053556822308771,UC7mUW9Us-WPBl-Tm0mH7cPA
-1.9712089,1.9073061,1,0.15363501621470155,UC7nvDbIO9Q7ZwmskhpC0fwQ
6.082122,7.2408533,1,0.15227658848200726,UC7nydkMEMjHIOHVVvXe3A7Q
10.780633,2.4126642,1,0.09489416615184254,UC7pg904ryeNYNJsVVLR4Sgg
14.109349,7.695797,1,0.11276971698110522,UC7qqe8CihxjtaXb79-C0WFA
5.948989,7.840661,1,0.15994286385346246,UC7rDdDWLKpJ8slc33kA991w
0.95806396,4.5962033,1,0.11008339113642512,UC7r_jS3XLZu-QFgIUGYwiiw
16.205883,8.26863,1,0.03950813346896659,UC7ss4YV7qGsx_sPfo3R2caA
0.2740744,2.0870016,1,0.16067024122755785,UC7uTn5RYQjqF1hUV4txYm5Q
10.7537565,3.1251915,1,0.10329469034686711,UC7vr3LZULmd5KuGcisMrMzQ
7.3944197,4.5488667,1,0.11487214990126654,UC7zVlvrs_Uqc8rd32FCXGtA
-1.8182974,5.923408,1,0.1708169028546183,UC81iGvzVHDDpGrTI63n_DVg
-1.0688457,6.4243298,1,0.1661867470749308,UC82CrDe4dMsfUwPjQN_3k0w
-3.8812656,1.3756576,1,0.1455387383175638,UC856jQ19ooOGZjUs8v-JlxA
16.757591,6.469745,1,0.03218079297478538,UC85nuGLJFY-M0eyEs3LcTBA
-2.1499052,4.6622233,1,0.16831862526987185,UC86ElgDU_mispgIMab_SVzw
2.2562418,6.6429667,1,0.1578061397203558,UC86S4UCiVamj5iLqsdjX7DQ
14.130391,2.06655,1,0.1416759804213995,UC86XsdejS2XfwxoYWfepHPQ
-1.7855402,3.4674675,1,0.16077174411992573,UC86pnWLjPLu-gHLrUr7Zs3g
18.08945,8.879676,1,0.05553214117153038,UC8717GfKidzurrq1pHO5BOw
1.2690785,6.574943,1,0.13939550938427053,UC87DIrva7SxY68qjqXw2fVQ
10.572628,4.0641017,-1,-0.004187505296680882,UC87qHreU8T2aEw9Cd2GJ06Q
16.047045,5.9094014,1,0.06748532541690572,UC88Mayyqdzypt-avzbyapSg
3.3671691,2.2395272,1,0.06882235168449957,UC895dogyBMHai0816Ko7pKw
10.691152,5.3246417,1,0.013234167573223932,UC89z8fybC4G3CAujFCDrTxQ
-0.93491316,8.072414,1,0.1560429474453765,UC8BFlm9kWiVWNScc_NWSRow
1.0788816,6.237195,1,0.10560326666663089,UC8BnLISTjGRD5L5BTAzz1aA
0.9395999,7.0289764,1,0.17272966122237499,UC8Bo7fR7Ju87SSuBftYPYww
10.706296,1.9745317,1,0.08981790331374573,UC8CAwrilPdOe1Tvl6u9Q62Q
18.000113,8.854571,1,0.00806821568524696,UC8CidO3_doF3ay2xSyHNVvA
-0.63884634,6.288178,1,0.17325580871192792,UC8DFXsqqMkQmq0YSJtfYYtg
-3.4093044,0.30843905,1,0.14618543175626264,UC8FOOSJ9E15HCQXTxEtWxdw
5.309545,7.414743,1,0.1485827703958712,UC8I4eIk2ttQkhrH2xkiQ7Xg
-1.774348,0.9076738,1,0.1668200689218789,UC8K914ktRiWW6U24xNjUGGA
1.7586837,0.8059725,1,0.11375343856325904,UC8KZbe3eimh8G611QaQtgIA
16.332912,6.0347567,1,0.06536157596700481,UC8Kw2ASMAjH9E7TRyuZ-4bw
13.839814,5.18705,-1,-0.017830948231384536,UC8LCYq5dRjj177Rh-maY6CA
11.509754,3.5811703,1,0.010783251084597156,UC8LZcoy_lluHGqQqNLUz1eQ
0.78980404,-0.41966715,1,0.1224445035155094,UC8PE-cPFP6oJSudk6ezf71Q
15.717367,6.1117244,1,0.0949437493087717,UC8PPzBD52fFX88zt65pwf0Q
5.4613237,7.390363,1,0.1565741161101234,UC8PqonHPepD7dJGdotlTzdA
2.07022,6.416716,1,0.15764833257737865,UC8QE1hwQ7hTPzex_V9ElfVg
12.907544,7.8716474,1,0.12191303067720027,UC8QLDWJM18dx9WvosvQiH-A
9.08294,5.6828437,1,0.042904292644331876,UC8R9BNF0dOmEbP-2R8T-M2g
15.097879,8.184483,1,0.09042948123435224,UC8RwDfK9sKEveKtSpT0MIJA
1.3782531,2.0760553,1,0.1448348578082383,UC8SjIn0tx_Kpf20qfQ4LG9w
3.2608845,3.3818855,1,0.14462822818206839,UC8SqVJZAXXm0SXhP_1G7eOQ
-2.0337296,5.698866,1,0.16885335338009222,UC8ULaeJmdcDvGY9Jj5gkdTQ
5.4327826,2.6207228,1,0.11835175908803053,UC8UuJpP1hlJgHyp2vwxm2nQ
2.882727,7.066123,1,0.12944671954530257,UC8Vyp3ZbFNthwN0f6m6kO1w
-2.14784,3.1954763,1,0.1561590379962845,UC8W1IWY3FwFqQmbdGu5BCww
-0.85033256,-2.800836,1,0.16089195855736738,UC8Wc7_4BVViYV51vB-EO7DA
-3.6161022,2.5026493,1,0.11525050897345207,UC8XV_bw2TOLvrrgxyoVOCaA
1.9518465,3.4138484,1,0.150978038258551,UC8Y6T7EuToAWvV6S4DAs65w
-0.8660747,5.9033136,1,0.16882303524438264,UC8Y7E0w7LdcsyMerXRZEELQ
6.479812,7.4112253,1,0.13321769201081224,UC8ZQT4qBIAXbnHoVVBvmn8Q
0.5569215,0.50116277,1,0.05336059847831043,UC8bgwskNm3PinnLRogsWHuw
-1.1215761,0.7803902,1,0.16659390458981743,UC8bzNsH5sNaMgkaNPQDHdyw
0.103739664,0.7863546,1,0.1494291168827434,UC8desUWqq_1htmYNBfpvGgA
3.4388547,6.7486715,1,0.1504596827604584,UC8eDQ24Vmz9OCxHix6V2i9A
14.04442,1.8617749,1,0.13817750409607577,UC8ePMpIpadjvemT0x2KEq1w
0.88487864,2.616998,1,0.15781896431611847,UC8f0rFzClsfWN3UmEPP426Q
7.898082,6.375547,1,0.12875982487071536,UC8g4p6UXi7qpIoVAS5ZA75A
10.865627,1.71095,1,0.10103418475430631,UC8hkAI9yLo-hWYPMLEVOigg
-0.133817,5.4050126,1,0.17029915841497956,UC8is_9-Ip2WkeMx-NcN6jJQ
13.995235,5.407657,-1,-0.11421689926326506,UC8jd5Od2Z0JaF9wsB40VaDA
-4.250365,3.2012498,1,0.15300937760494882,UC8jw4cyRm3WhgYZeBcyPiXg
8.287796,7.75084,1,0.1330301331937498,UC8lj3GnciSgj_CKIPLF0Xnw
0.40971068,3.7124696,1,0.16581390082024478,UC8m1iUmSTLZBkqg-ybCkqhw
1.7253171,3.8902476,1,0.14432966079834775,UC8mcpxzInjecz0z2oIoLpFw
15.338883,3.1860175,1,0.12743944543803937,UC8npnXRk3594QNQClrfrPwQ
14.993925,8.085595,1,0.07457455000211943,UC8oxq9NB0rXBfT9_8zxDLXw
9.431447,5.767192,-1,-0.010015796051335513,UC8p5pTvsPgNTSDTFm6qAcOQ
13.692995,5.2205257,-1,-0.08775046851710133,UC8pf1GjbgLFCggSV66hEQHQ
-0.46308884,7.5774126,1,0.1706827078972904,UC8q7vqg4A8G-mTJF2Iw5rPQ
2.343022,3.105892,1,0.14569946461276406,UC8rF1hiZtJUfQDH3gTbBaBw
0.4482623,7.8289247,1,0.16889699231509353,UC8scW9SpxWDXHLrNtQwT_SQ
-1.326941,0.25133973,1,0.15814879716218883,UC8tmn5A9Gf3IqLfuD00Pbtg
13.757148,5.227927,-1,-0.0630331891663497,UC8vaB5oqxQUV2sTFN4-zkJQ
14.234656,2.2870867,1,0.11397514715517187,UC8xUTZbTcnm6fV9RFkUMq_Q
3.109862,1.5242971,1,0.15135687948624665,UC8xwzIXxCNxDFWOYh01QzDA
15.95667,3.9413745,1,0.1325669536784908,UC8yxWXFOE5cxvazDaB2YovA
10.87533,5.020022,1,0.024230189076111186,UC8zCmHaOvKTnA32rXL-Qa0w
-1.763835,0.8281988,1,0.1697135020396779,UC8zP6_lbEir3iJ9XF-smz-A
0.42187425,-3.756817,1,0.15807174415550712,UC8zm9Jr-MzctGPVwbUSG1Sw
4.138902,2.8723307,1,0.13953563499276161,UC9-b9sdsE6uRm63AQqEIS0w
-3.0236993,2.6242642,1,0.11629108716407,UC90ew9zUWFd7lOSgL0_SrHA
11.113627,7.9492803,1,0.12490220694726872,UC90zSMndNMgIZ8uNdEr4rdA
-0.21712832,5.149723,1,0.17099684352773592,UC91WqQFsNFl1YB4PMamGOhQ
2.0395079,0.52756095,1,0.08458861715760174,UC92OdpEh1sy-OuAd6geyGXg
1.4870899,0.45986456,1,0.09389361972907478,UC93AYYx8O7_wKGtIpeBEXJA
0.6502845,6.5047827,1,0.1657062038926142,UC94Fn4BR2rx72m1q4IfKBGA
-3.5402048,4.564178,1,0.15093955791498387,UC95d7DIbyJ32qYidbI0fyyA
2.6782846,-3.114303,1,0.13738575343638948,UC95v2Sac_BAmAWGAgUt0Rzw
-1.5081793,6.3271527,1,0.17430161783003106,UC97Qh3rU4YJVVPi0zL9Z8pA
6.657858,6.1678853,1,0.138918877907662,UC98I2SkFcD73Lx8b-8ZjQxA
-1.790814,0.6000199,1,0.16766979486441658,UC98i0C-1jDfCO3zIUJfdBdA
1.9110905,3.4985802,1,0.14911278200441436,UC99jvrjs_qCb8Ko2lkDTWfA
3.653121,6.9453797,1,0.1631277889300098,UC9A2XqHl8WszXfOvwmygTYw
-0.19316939,5.345782,1,0.16794798324371257,UC9AgkxjklF7AgCPfJHs8n3A
7.575412,3.1685836,1,0.11177062614591637,UC9D-ZwQzXEEvm5AuEgFnI4g
11.465012,4.5664454,-1,-0.07814142950606695,UC9DV_i9rRNOXHO1WN3k4kWw
0.3148616,4.501289,1,0.16678104157817158,UC9FoTn18uusGNabUFB1dvSQ
3.4424894,2.9494925,1,0.04388799206801253,UC9J-LCaHVtR858a3JBScWXA
-0.7222523,-2.4023857,1,0.15569351460786474,UC9JPyIBPSi_EIMgDqisVwRg
0.31957093,3.58917,1,0.14755312345189636,UC9LES9No7l5T94n8CuZFozw
-0.86219496,-2.198191,1,0.16697353077307148,UC9MLHh7O4f3pROQfkmWMU2Q
13.302593,4.939554,-1,-0.007888137295480546,UC9MN_c4EADW5XHtolTlY1Kg
3.2261398,2.2038596,1,0.0825908047830281,UC9Mdofy_wqa6XxhIc28n8vA
-2.6420388,0.5222012,1,0.15386905720672162,UC9ORV__cLL7-lAkdwbEgNmA
-1.6706578,3.465071,1,0.16207719595984466,UC9OoK579TBNaJQK-6L_ITkw
14.57074,7.7433877,1,0.09906881517047045,UC9RU0W6038nJJYKDiglcw_g
8.246076,7.7887917,1,0.1497651979851844,UC9UFhr7c23xG9SHgLYJcpdA
-2.4100955,-1.0359391,1,0.16565588603064213,UC9UIMfirtcsVUmOu1e-cqog
11.652891,3.6467674,1,0.07505734467385095,UC9UZbofP6B9j7zCFYYWJdhQ
1.2778296,0.20521739,1,0.1297324973834676,UC9VNqwPcpmfUq7baC6e_Xww
15.630396,3.981789,1,0.11877203440451645,UC9VToXRWBZTC6ZzGuH_Q13g
1.1927775,1.427612,1,0.14242459875913666,UC9Z2iRoiuBRGlEGKSp5aX0A
12.842384,4.5282044,1,0.062379121794290504,UC9ZAL-3woZTbhmSMphqV2tw
-1.7696911,0.12290362,1,0.1649713849417082,UC9_19pECBe7OK-LPTt7kfCw
15.575529,6.2538695,1,0.0862675591307892,UC9_QFb4LYFe2WoUV5-FAkeQ
15.24772,4.1552496,1,0.10165455979281135,UC9_nhEkB8_81m5eqZr7duTA
2.5270865,7.273944,1,0.1632318439246947,UC9bHnZhPsz7lELQdOlI8HUA
0.25661522,1.1057867,1,0.02469511506360006,UC9brqiMi5bCnRPE6d7ZCUag
-2.9312131,2.902721,1,0.15973301302204101,UC9csDDQDexOZEFPkAwb2tvA
14.409464,7.7682076,1,0.11646565113423801,UC9dVgbM0sGBpiCR14hyKU9A
0.14387925,2.2083113,1,0.14649718662077815,UC9eRRf9gEynV4wzE3z5SJwQ
-1.192521,0.7508346,1,0.1569394173225202,UC9ecbVMjWhlD19KCDkZQLcg
-2.0189621,-1.7854024,1,0.13832426689116112,UC9fyQcu11s2Lvo0n5aR7JXg
-2.1816678,-0.776252,1,0.168250149112193,UC9hntnMFZcvNFpyAaJDrdow
1.6522678,6.3275943,1,0.17104967514579272,UC9i9VL5oQ5Y89P9gf95w2rw
-0.8173019,-2.8706443,1,0.16253480905615242,UC9jV35h-F5yHW5-WYhGRsJQ
-0.8744846,7.6994576,1,0.17227827835068277,UC9k2_CYulDFOXmgtlc3Zp4g
10.395774,6.9214244,1,0.04940876388453713,UC9ktLYdqdHILeW8x5X1OmzA
17.182497,8.599087,1,0.0739764487201951,UC9lbZcM5g5kkddI0aMkCe8Q
15.234042,5.6401453,1,0.012101937048574984,UC9ltqPiwSyLlyyl1Dy3RGnw
3.0397615,5.538533,1,0.13833524374998096,UC9m1oHRQfWrWc0hnNtX0Jew
1.2575614,7.6147923,1,0.16865952974449033,UC9m2PWKzAW9agOCbCNXgiQw
-1.7411529,0.9499599,1,0.14289586631627071,UC9mqNHYybS_Ym0BO8jmqesQ
3.1318464,-1.7177378,1,0.09498949814218105,UC9n0ucXLFsUad9ZVILZD2CQ
1.5175478,4.8274655,1,0.16601557839797698,UC9oSL-zMWiaNxQ28JIG_K0g
-1.5911334,0.3423409,1,0.10012564852212463,UC9ocoJzAYQ3kjZbxr1Ia6Mw
-1.1675884,6.4938407,1,0.1647234445104786,UC9pGMK4ugyFM6FiDDJORUPw
-2.7352564,5.806004,1,0.1695099490037889,UC9rDURdPGVcvZuYLrLGKkzA
4.8376484,7.851748,1,0.16200096846604684,UC9rNmcNlmTLBeKe2vqx98Lg
0.8003786,4.128317,1,0.14999338544087393,UC9s8UzFLCBKVmwrYnkOEiJg
-0.2932427,0.55223054,1,0.1538324456454459,UC9uVdOMCsWvOTElzE3e--QQ
-2.7364194,2.1525834,1,0.15713159594701198,UC9uZJd0lkwJuLBOyKdPg0eQ
1.7742672,-4.131134,1,0.14592350373138352,UC9ubK2iKe1SuvfzbeUF-2Ew
-3.5039935,2.3690534,1,0.05883753524357005,UC9v36oRzfmPVEIvo9-w3L2w
18.875076,9.324201,1,0.013897056025534371,UC9wSfcbymWt3iZgaQeFRQ8w
14.153157,7.720553,1,0.12106306754007296,UC9ymYmlkc3DCNFg58tPQiJg
-0.6550526,5.300376,1,0.12091523805366067,UCA1uGM0bo9ul-OkN-do7TPw
4.835851,3.5570862,1,0.14853178252814997,UCA1uZ6yNk0MDlmlL02SE90A
-2.9626317,3.3979228,1,0.14038691566519418,UCA2vr_mab5x_tl56R3fNPKg
7.900175,7.584991,1,0.14209031040267972,UCA34qLHakUMd_oVLWwlwZVg
11.67631,3.5603065,1,0.015261444061315244,UCA4oIm81v91S8vJ6Wnyynwg
10.495305,8.100227,1,0.12986507453283413,UCA4soPNWJ336GKa8NGo8J2Q
11.79665,3.1005087,-1,-0.026194005535641662,UCA6r22NbJ88uc672iZlFFeg
1.5613425,8.060881,1,0.1662842002840797,UCA6ra5i-3ju5OfeTSPd7hhQ
13.775126,3.296089,1,0.004840332734571795,UCA8yb5OtZppnmuwBqUnAPJQ
15.018364,8.278515,1,0.0934261782236902,UCA9sCaTAliLuZ5_pKugL8sg
-3.7185655,5.9382267,1,0.16512735861842676,UCAAyZD0j8WFRCmqW0VWZkqg
8.3197365,7.606131,1,0.15311994596026596,UCAD-wJutlrwvaU-SIP045lw
-1.316503,8.164662,1,0.16728564768015441,UCADrB9XMjnNB7o0Per-ePPQ
3.1415207,-2.7294474,1,0.12502184828483415,UCAEXuCLh5JIM4ResNk-543g
3.6907663,7.0050583,1,0.15724965549980452,UCAF2SpNe25TsaNSMo-_avkQ
-1.4502486,1.657094,1,0.10288895861001857,UCAFB0tUYdwlKJ8p2CE1U_Ww
-1.0583694,-1.8892365,1,0.15736278249718283,UCAFbj6B1ugyUfqar0q0Sl2A
-0.8865868,6.254148,1,0.1705195193449337,UCAG2KSvHOq3wM5UhUnOd9Hg
-0.717677,6.4104676,1,0.17161968371353886,UCAHiK8RpEGPmJNwHYdW1Cvg
9.869619,5.5349116,-1,-5.928370674324057e-05,UCAKggySl9ZdokP_q1GGvNSg
14.08061,4.421171,1,0.02812404715860911,UCAMo_qgoQJcEJQY3nmHMGkw
2.7318048,-3.135331,1,0.119394016323851,UCAN4m_N1N376qwO2n3ZgAXw
-0.672578,2.9919417,1,0.10139081902327651,UCAOK9QQdvqTXPJEbZTAlJmw
3.580931,-3.0430367,1,0.14101990525780195,UCAOQYZXcweb0brCj9A-uldw
15.835133,5.9100294,1,0.04817306673770311,UCASIifKs6WvO2WwQe8luAAg
-0.9378541,4.2234387,1,0.1720358983063699,UCAUJoWMicKCLyzfv6jlccwg
5.128832,5.9401774,1,0.1456947233448721,UCAUOD5xx6muOmpc5VqOZfTg
1.3176459,-4.142743,1,0.13654167460171657,UCAUcshGYx9HNwVflYIXGCbw
12.452393,7.9198565,1,0.1298849881193762,UCAWm_L1YvjANZ-VXJaAE_DA
0.47502,5.896052,1,0.16350554373564435,UCAX07OUOngQNbmkLcqUHc6Q
-3.9148855,4.277737,1,0.14673526945565646,UCAXVhnopwiAQpShjhUQ-Pdg
4.728986,6.0188594,1,0.15213024172467265,UCAXh7cKLaTmfV7LU2DOrPxg
-3.39416,1.4645938,1,0.15233703961811595,UCAYM0tS4Ev0MMGKGjde2hQw
0.08010046,-0.4226639,1,0.13614154108817872,UCAaU7tz-UfP7GQMGNnG5_8A
-1.6068857,-0.8523131,1,0.14999427618866606,UCAbgxASDzupy65LJeDTYeaQ
4.41399,7.650286,1,0.16266670117149556,UCAePXvgwY5JRt16MtP5zrqg
2.986523,3.0624719,1,0.10621659869248429,UCAgO97nOYvuhhcLmtPc2aEQ
-0.6385074,3.4192283,1,0.1553981891568273,UCAjhTOmMT99N1YzDr-gKBNQ
3.279097,-3.424922,1,0.1192088052671097,UCAk5oi5nMMyk5R_wgamFfkQ
9.627144,8.097164,1,0.14236947109193926,UCAmMfDSFgTLcXjotPHIPFWw
6.841753,2.9263196,1,0.06343374003236141,UCAm_4xDZcBHa28RHeqKABgA
-2.9777935,3.5769975,1,0.15373725132177474,UCAnnj_4dqYKB_0xsIJ2vthw
5.392996,5.890878,1,0.1424292106414755,UCAodV6aIILldl3P4zjSfSYg
1.7296066,1.9482801,1,0.13886545870330536,UCAopgKsa2GvA1Mf3pikD7lA
-3.8252244,1.8517326,1,0.10662948161597408,UCAqYgMES6ZG1CPK_kfgd_-Q
0.20465922,0.71198833,1,0.1258741486787493,UCAs49XS_oOqCeo99NEuRHVg
14.19594,2.3527987,1,0.1365434715433952,UCAuJXo3BE6qsgOQAq_ApOpQ
8.792278,6.755203,1,0.1186047378199695,UCAug43P3rkpaJRBGBDq-pZg
2.436922,-3.8329918,1,0.1521082159646806,UCAvjFYm4h-TLEvucfjiFDFA
16.141342,4.7478304,1,0.1151251244118181,UCAw4Rw8UT5JAIw76fPdQYmA
-0.4042201,-2.289397,1,0.15450734097012336,UCAw4WFG-uhugjVTM_IREEgQ
5.6510863,4.2087355,1,0.10950015132235391,UCAwtL6d46-7kj-wIG0jtHKQ
5.1622725,2.6522856,1,0.14154410165682574,UCAwvA7OVxnoYCN0qPvp-y1Q
-2.965372,4.0597324,1,0.15467784625957837,UCAzKg4xGAnkj7dyEmoVeOMQ
10.715997,3.40719,1,0.08979252224433493,UCAzmxb-aGdxEuuXQHtOJtPQ
0.15224405,0.32269323,1,0.13726616128084018,UCAzn6BC99RNT4cdzNxQPXig
0.031619705,2.398364,1,0.131426675167291,UCB-E7le4rWSJKHbF4vqC0Gg
0.5025351,7.327112,1,0.1606443565704716,UCB-MBnk6XuVC87HSSnkofPg
13.916118,5.4189687,-1,-0.10729275743599309,UCB-r_XzE_9LeQOelD__d9nA
-3.2032335,6.6522346,1,0.1693737237628022,UCB0zSUXPYQfGT55Pow_GEEQ
3.2671785,7.0349393,1,0.14477205567570878,UCB2BZSYssUrn-MAT_u1gIuw
13.210638,4.7453938,1,0.024495968983118843,UCB5g27rz7ngDx8K0vhv5Bvw
-0.8549533,-2.670338,1,0.1650952023146962,UCB5uwyuPUUGipThwdy18A5w
-2.156767,4.9372997,1,0.16199687449573602,UCB5yKRjHzgCH4oTqHsFncqg
3.4851718,2.8874743,1,0.08392562403640508,UCB6YOHE115rfDo5PoGfXoOQ
-1.544201,3.3060136,1,0.14503615964596733,UCB9DWxQyF_zrNfSVq_roYsA
9.613939,6.06186,-1,-0.049927161730425884,UCB9EBkeTe_kngYVXitoPblw
-2.132788,4.940581,1,0.17056323297359682,UCB9oDZDawozevm3LzDcbY0w
3.4239674,-2.8698902,1,0.13097091446601344,UCBAEMW6blRkY2UE3vsBM0nQ
0.19768962,6.1047063,1,0.15923706320456182,UCBAcgAjmTzxICt7ZbfcW0Rw
1.1870992,-1.0064452,1,0.11292885045398754,UCBAg5RJVtoIySvpvAaMdO-w
7.79812,3.5376885,1,0.0900457398373477,UCBBvZ9jWvpU4An_-1FgOyng
-0.8168336,4.2050457,1,0.1736146612427485,UCBCuZiu_Df1iF_S1jCf-Fig
-2.2247589,2.982652,1,0.1607414223811427,UCBJiCKGqeqaIxxDDKSKsF0A
13.206993,4.901301,-1,-0.07876578584864813,UCBK1sUZO_YGojC9dsH2Etnw
-3.091243,3.2488286,1,0.15663703646004373,UCBLU7CKnkpa1021wvqZnnFA
1.5732526,4.590728,1,0.14843909606064704,UCBLeYZcUhw8B_aOfQrfDw3w
1.26298,-1.8449059,1,0.1284381036044231,UCBMgDSiu14js6H6zq5T14EA
10.947221,4.566199,1,0.004698430349140137,UCBN-K0VQVfgfj64c0gY1xxg
-1.5826339,-1.096737,1,0.09787332502523027,UCBQBN3o-auWYncjheyKZ26w
6.802976,7.585589,1,0.12300043981986586,UCBQBSTBtYk7WKUlEilNUhBg
0.83170533,3.2739542,1,0.11381468875955081,UCBQLSyQg_J-IZyenXuOyBJw
-0.06273128,-0.550125,1,0.12278826317172342,UCBQnPTcvyxcqXvEER1N4APQ
1.3015302,-1.0294627,1,0.09296460743980128,UCBSF7r-SK47FbphYpCaI18A
-1.1582267,-1.3192916,1,0.14613060905954195,UCBUG52TcRk2our-apB6kT0A
-0.39001158,1.2337817,1,0.15160960703395726,UCBVBp9C490z4OF5Hb8Hi2iA
-1.2910384,6.547462,1,0.17073630433971954,UCBVgvALLbRbZq5ZHcF0j-kQ
1.352288,-3.3832653,1,0.14890204477599567,UCBWiEHfYf4rUVN0k8WKx6Bw
4.7270746,3.123979,1,0.13752683776009172,UCB_-7iKYhryvuCwVOZjLjyQ
10.78585,4.780761,1,0.0025907258499119346,UCBcVvd4jvx7aC9smT59ZOuQ
1.9814565,0.15909056,1,0.0700215243953321,UCBdj2yDh80KDz4gbaNDFDHg
11.706508,3.6307762,1,0.06290535373419048,UCBe-0vSHIhA8Wx6xqQ-Y0LA
-2.6518822,7.186544,1,0.16501840617784336,UCBffLFQD8katUYew-7dSgUA
-2.694321,1.0489757,1,0.10193499155491431,UCBfjfZ5KxviN8jrMFN_k9_A
-3.7852962,2.2307062,1,0.06957343726960274,UCBgAncleUdGK-ofhWudgsQQ
7.0370197,7.4662933,1,0.13179842871012754,UCBgN2ztjU7ZFIFgXoWvcRLA
-0.7987963,6.0087585,1,0.16903064986952165,UCBgpP40ca9NXdbyZj3lNF9g
9.749253,5.498735,-1,-0.020259512037573812,UCBhVMNGLRn_VA0IPYatqf3A
-2.9762845,-0.40425587,1,0.16468254297143747,UCBhqJ2KqpMvHCaD-a-q4b4w
-1.6125215,-0.030335823,1,0.1351939559798116,UCBi9CFPF4ZiOKMBv-Kd6q5A
2.5471187,7.857995,1,0.1714571069869888,UCBiGW-Vgukkw_n7M4PiYSJQ
-2.1909173,5.225133,1,0.17362742126643654,UCBjEQQUGgIH3QOxOCjovWkA
16.16553,4.655946,1,0.12419116738472585,UCBkCTVdl87z6FidwHr06s7Q
-1.5204355,5.338127,1,0.16458095465453548,UCBlZ7uzSxgc4i6x27ccsaeQ
5.2164927,5.6988635,1,0.1270426778556648,UCBmZMAj3-h5yYDye2l4dnCg
15.947732,5.8021255,-1,-0.06606554330654935,UCBokKzzfSbawYpd8cLyuWgw
-3.6646287,6.0029006,1,0.1644070769464251,UCBpWlER5Lxm1d6kEmaZhbdQ
17.017818,8.082245,-1,-0.08399660475951776,UCBqRJ1dhDNbgTVkDTGfZ7Gw
13.958754,5.2955394,-1,-0.05052636050243953,UCBqc0wjS8LZXPza__W3R-ag
11.824552,1.9549547,1,0.03213552863275049,UCBroBYphdsNaMkT71hpL4iA
-2.1352901,-0.5772563,1,0.16970479744753364,UCBshpJ-bCV2i-OQhIRVzyqA
16.595379,8.269964,1,0.06574383703056152,UCBta2_DUdjgqjacWO89bUYA
5.924972,5.900885,1,0.14282026652733953,UCBuI2GcON8MkVlQOej1r_XQ
11.4003,5.6495566,-1,-0.11883110695972032,UCBv9abEQU1fwOwLyZ0ipgsA
2.6453662,3.8034651,1,0.15776768994777435,UCBzAJvJ-QqHnb4w1jyx-WTw
14.350918,3.6276278,1,0.10351781604786786,UCC-b5VmHTdLq5BmTNRduU1w
-4.192788,2.1575665,1,0.11953219172651475,UCC-jP_LIL00yt4pRQVMY9aQ
10.46094,3.4993796,1,0.03957430909999887,UCC0PYKwfZleV0nLKHznCw9g
4.0223064,3.3388345,1,0.15543824758309843,UCC1SXvUwgrkw4P5e8JmUjdA
-2.8832276,2.201788,1,0.15098167324619627,UCC1nRgVTJTyobWW7XFhn6fQ
2.2679796,3.752056,1,0.1542219683798441,UCC2feCWJxxUxYUqKjJqEcJQ
15.539422,4.5256715,1,0.0547644570381276,UCC2yhPH4Q9J9K4xr0bI3Cnw
-3.8119826,2.000415,1,0.11656356974477788,UCC319UDOXCc5Y0l5qzXapEQ
4.652833,7.388172,1,0.15833226173940296,UCC3MP7vnV0f1ejlx885GftQ
2.878097,5.3999176,1,0.162255574555159,UCC5PdCc2rfvk2cH_DWusvcw
-4.303444,3.359707,1,0.15311890951765988,UCC5V9ZwcDLOivazam0bwIeA
15.435911,5.826176,1,0.05921914375407311,UCC6Edg-EbQdSB-_i99mjpsQ
-3.6449046,4.5858607,1,0.1472505040191885,UCC8F4FUnUk0zwRpONNzZJXw
10.025673,3.3925362,1,0.10026792992148659,UCC8RTTIuqXlptNwsgyLiT5g
4.4815207,3.3626783,1,0.15306028461703813,UCC8mTNqaDb7Wpxghc_p-nBg
-1.6669427,-1.5706034,1,0.1025509344434194,UCC9G_M1MWEgRTWYdCQoo5-g
4.7513604,7.951714,1,0.1635590964053234,UCC9JgWuu3LFV98968d-f32Q
-2.8063636,2.3339312,1,0.06051712261323999,UCC9d7a0W2GBfTAKiD8Q-Uyg
15.157693,3.438597,1,0.04359558005274894,UCCC6_3Ij68phq8gxXN7ePrA
-1.9828681,7.983259,1,0.16909513582171998,UCCD_usbJs1Lm4kceySQEhTA
-2.947055,3.8277915,1,0.15347493668836087,UCCEHhMeUlHapVFHAds5AtvA
1.5979116,7.4724784,1,0.16868562626511885,UCCG6eFnrFvSOhEKU5-TzJWQ
-1.8612859,4.0278234,1,0.15089902714839037,UCCHRRXAPC15Lfle1PlFm6yg
3.1050751,7.2105393,1,0.16739113558755653,UCCIf2S5ZIjWmsP1D5kgZ9ww
1.7442423,-2.9581854,1,0.09729473046926723,UCCJ5h_r49dHmnokZRhXv0bw
8.664664,4.181519,1,0.054595700765401045,UCCJINsHPps35nZbNn193BhA
4.793644,3.4249918,1,0.15232671573668694,UCCJTGKOCXzYTkL4vn0qBBTA
1.8287016,-4.0591607,1,0.12590178281197228,UCCOSgdLk0JMCCAovByT4hTg
9.19535,5.515143,1,0.07336481618219132,UCCPj7JOSc-yTbsUa-uCfYhA
-0.20264633,-2.212547,1,0.1408787293070306,UCCQ4sRhpha3v83HTRoIh5BA
-2.8598156,3.0704973,1,0.15410643770910548,UCCQa32HMX1VMIPRnmcDfqDQ
6.878296,7.477633,1,0.11945839184906082,UCCQnnXtf6yJch3FZOdIX9nQ
10.319077,5.6757555,-1,-0.0943833796718958,UCCQqgcQyleyNjgXAeywkNmQ
-1.7598227,1.5569357,1,0.1519257744363297,UCCQyF8vB9mgntYrE0gwUbag
-2.2040758,-1.8032914,1,0.16333921585601702,UCCR7Omm7dilajDY_kZ3A9LQ
-1.6679277,2.4018295,1,0.14678778437002538,UCCSiJNH26GIzBk9y6E8J4Jw
11.903433,5.595635,-1,-0.23363951315950704,UCCSmtEwvhWXglcJZVJFdQ-w
5.7148128,7.7634926,1,0.15306218944880906,UCCTTbX_dDOsQrbC9m9cuBVA
5.0493765,2.5739498,1,0.12401740542028206,UCCVRL75z1cqEqUjnnpQ5Gdw
3.6007469,5.894999,1,0.16079483897902336,UCCWt08UICpo7EqhBYuSI4Jw
14.665428,2.9878206,1,0.12931289843983074,UCCYF_NyV8NtagqhLVOSh5ww
16.374025,6.0449576,1,0.0640228733571892,UCCYxQJxlhRW_l5MfltjguyQ
-1.6041752,3.2162395,1,0.15421688650749232,UCC_uJfRk9L7pQdKXYt54WMw
2.222165,-3.859274,1,0.1497741788610924,UCCaJlvvRcnZ42U836K-cFQQ
-2.7124166,6.736402,1,0.17275839347963928,UCCbXlpjKj9lTP2cK7nmPO2Q
13.970048,1.8164319,1,0.13987360477393285,UCCcNvPclDJbAJFUK6mnLUQA
4.847378,2.0550103,1,0.0664857170823896,UCCdkFRowAgGdQbAKC9QzPLQ
2.0438004,0.8050976,1,0.09632262517594425,UCCeWvKmgERhfZHEOzYIaf8Q
-3.4128299,0.27561495,1,0.1477148129772654,UCCee0Fz-WoBdaANCF8iC-AA
-1.0640414,6.079361,1,0.16809242721226209,UCCfb0rdM_z3kw6_Nrc2w6rQ
8.072457,3.3625872,1,0.08811342877255757,UCChaBuFnyDLQi6VGYCzm5Gg
-4.384875,3.4787462,1,0.1474058914813094,UCCi8_Sl8b-AQMPnNxfqbAdA
4.032098,5.704386,1,0.13584540017051883,UCCin6iY4wLlSFOZ6gYv31kQ
15.831985,5.26459,1,0.12216264958954931,UCCl1qWoRZvfwahw1rfVfAyg
-1.7647805,3.5779595,1,0.15987255653276455,UCClYmUwCTDXpJLUuHqTITTQ
12.521486,7.877907,1,0.12613529688734704,UCCq2a7h_3lTf36MQY-p9BNA
-1.4656448,5.990602,1,0.15110961332131329,UCCqzsuOyzjYgqQMp_Getz5w
-1.774842,2.0395107,1,0.10622894115974968,UCCr6O6NbPFcFGIEGlUvW2bA
-1.2977002,6.059256,1,0.17269080111019514,UCCsZLYbBHS8re17hR7eIsUA
2.6833975,-3.1853163,1,0.1480065819586195,UCCspP0gCKn3r4Cc-4kuarhA
18.588604,9.136471,1,0.0004059096075220703,UCCtWnaI870dRrMQc2b-YJuA
-1.8240125,6.7208385,1,0.1703015336124814,UCCuBv92C1QBK-3RdxMJVb6g
2.1019804,-2.5719204,1,0.10163307322558551,UCCue1m9UF1W5xR8I7w_fyRw
0.53292567,0.41098624,1,0.047841452880797886,UCCuvKqjGlT0jUkrcfjQD2iQ
1.593221,6.3079786,1,0.16964307136224954,UCCv64fcljDThLjOGC7Z7beg
0.689776,6.4802885,1,0.15668085503945672,UCCvzmqP9D_PUoZJXU10Aihw
4.552625,3.4674208,1,0.1536418966680776,UCCwYYV3nT5OpE5J1jYRQdoA
10.682112,5.0394983,-1,-0.008564717971729974,UCCy74Mtqewf_MN-CBxp-c0g
8.11513,7.6050615,1,0.14456985334071015,UCCysEPNZVExI8tUfzXXz9jw
2.3640409,-3.3943088,1,0.12758189901997075,UCCzDAIWcyIvBacOm88IMAeA
4.89772,7.195153,1,0.1591708692698247,UCD-3v4zPl6-Q9lWeFKoGSwg
-2.194694,3.2181275,1,0.15798334972191008,UCD2Uu4Exo53wl9mVCxbppjg
-4.209263,3.423886,1,0.15113180297114187,UCD4KYtQ-fYVlRWTgUUxFuiQ
10.149368,7.4042144,1,0.12802082880665921,UCD4OLJLdE7N8UG28YpecQwg
-2.617354,6.3562036,1,0.17066842466298748,UCD7KtpwR0OgrdvYNOrSOLzA
5.4955015,7.403919,1,0.1569933906049657,UCD7u-9FzZq2JmwmRJkTPsaw
10.115052,5.087234,1,0.0801678978904144,UCD90z36bO3Zl7uaIrG0Pkng
4.216261,7.886123,1,0.16010281748446675,UCD9U_RGrP7JMRlD-CP4B-Yw
12.519564,7.8961735,1,0.11203268459143528,UCDBZ7VWdGY8Ho4xBHz9c6eA
6.273166,7.472164,1,0.13211481203350245,UCDBdU5IbL0NnRNLDvtMaWew
12.733833,7.249307,-1,-0.030085015338696675,UCDByNAU1WpFz1dKAAqPRnbw
16.504433,8.261217,1,0.06994403612580391,UCDDp8g48EzeJXaG_D5GL4PA
-3.0210373,4.093531,1,0.1429499594631246,UCDFcYAxXhkD7X9N0-WQQpWg
1.5235676,4.6752796,1,0.10899154695779018,UCDGrBM9N3YjIN_FlVOfpgIw
-2.4873228,2.5407214,1,0.11533310558102405,UCDHJB4f2XRB0RFDj2tlsjwA
14.742066,2.5787387,1,0.1349675077835395,UCDI-0TT4g1myeFIMAfdAdgg
2.427146,5.309199,1,0.14691018489956748,UCDLcMIecm5zxamcLL3hixUA
10.880512,8.075951,1,0.13459800484849388,UCDMkeY2MoXdO-JxXNXjFmTA
1.0303919,2.572701,1,0.15879950955420097,UCDNr2wzD90OFJeg-ioF-Row
-0.759271,2.1085746,1,0.09872324527407911,UCDO0f2FNeU-G1EbA9W5mcyw
-1.6994846,1.6326746,1,0.10591920479863431,UCDPgbYfof_dzQZuOfEe6z5g
14.583901,3.2688596,1,0.02481702598878982,UCDRFfOBwSK87gSMJZi0R2Qg
1.497197,6.2703667,1,0.1670297481127142,UCDRJ0V_Y5qoQEr9mqyKXVQw
-2.9520628,7.2314796,1,0.1671739373396569,UCDSP3bFF-Hk4Bc_9IFvW4Og
0.729031,6.9204793,1,0.17150411077920563,UCDTTc6_ImAZXItYMTsSO67g
2.570535,-3.952517,1,0.1430740087000908,UCDTcRTk949dRPpdT6p7IkiQ
1.5865588,-0.8995317,1,0.05660478913381989,UCDTfySTAkgvPMZPHe24aJDA
4.29242,7.03489,1,0.15744966095346563,UCDUJnGevGUHE3vMzZHhhusw
-1.7856637,6.0901303,1,0.1698661097999885,UCDUdrGjj5a47veA7Q6ro6Og
1.331195,7.535485,1,0.17094305495353074,UCDXITmQLven8Tp3QqnzOFGQ
10.132077,3.0335622,1,0.04741382769638747,UCDXqP0gqBY7NBH5w_J49cUg
13.946267,5.305007,-1,-0.06646986650014197,UCDXwuTpVjsgHphbEWxMXFnw
11.136538,5.9291415,-1,-0.16759412735708912,UCDYQFG5CkxQFKG-cgD_vpBg
-1.1814411,0.12352671,1,0.14828307754569386,UCDZ4SfXBO6t3scGKUNwnxPQ
2.4863226,0.5702674,1,0.026192952756421695,UCDaxRt13m6OLy4ghXrWgxVA
18.458727,9.086388,1,0.0404596581086043,UCDe6D78tNje1O4jMZeO-1tg
3.963657,1.8356401,1,0.09562923449711103,UCDhBMz_rmDf7ZrGth5JOxSw
-1.518073,0.72102135,1,0.16819413430668506,UCDhHJYzhRUxW3TrrlnPT3qw
9.66742,6.3193913,1,0.04353789240430178,UCDhyswSIqpVBF-q2mXa4GfA
19.165607,9.558612,-1,-0.0320959115677949,UCDlrg9TFOVWdpef8B9BzeoA
13.78106,7.6904006,1,0.12192559779216561,UCDn1u-bjtOvxUMcH2-3R55Q
1.7940491,7.130208,1,0.14386949224581846,UCDpQfuq88OQCCke4mkkWVIg
11.786453,6.106768,-1,-0.21352671398856482,UCDqLSztdEKhWwPBla9kaTaA
0.07397702,-0.37662938,1,0.141492745991465,UCDrd-kV2v-7elk0Ve-z7QNg
1.3084675,7.0283337,1,0.16035424494041284,UCDsZ1i_j0GTrmTCIPNIOLGA
-3.4627516,5.60677,1,0.17050250762138514,UCDtCbN12sZlpUWpz11jMwnQ
-4.4990387,2.4893813,1,0.10474493751767977,UCDtpOFhhNN2h26W8P4KGyfw
0.28802964,0.59823257,1,0.12838831889598074,UCDvCc2I4ZB9EAiDILaBs6Bw
2.2322848,0.49896935,1,0.06721566676095903,UCDw1JRxTd39ex6OgdhXshrw
-1.0868888,-2.0253744,1,0.16814722417299366,UCDxZVNr5C60lYoy6P4Hhw7g
-2.3074307,-0.46939802,1,0.11025745079502175,UCDy9MbeU12vGfQZ3c5UKsOg
17.124512,6.45337,-1,-0.005100849136852159,UCDzke-Pm3W_1AgqW8Lc80Tg
17.21071,8.6155615,1,0.07862045131353124,UCE-iOAGuWToKBR3UuVn_pNw
-0.62180674,-1.0207149,1,0.14162793356567327,UCE-mCWs5-ahaRFKjdTxLGOw
-1.6908236,6.086494,1,0.1656640620062994,UCE0BTyUu5DQJzSgRU72dEqg
0.91499853,-3.5711436,1,0.15376992276857654,UCE0MStrYeTURgogcBoarsUg
10.727994,5.773413,-1,-0.08893273681235958,UCE0OC7ZMMNG5hKXa4W7M13w
1.2876753,3.5063322,1,0.14976669077783494,UCE1-nvHZdRP2Cu_RGyAMnNQ
-1.0058056,-2.8493598,1,0.15886936690901438,UCE2DOOn7IgUWtMR3-guHlfw
8.69004,8.108174,1,0.10685731649435809,UCE2n8UE7HUVcsvvHlApgJow
4.34168,1.8415283,1,0.0869822391297812,UCE3huRw13OfMB1SgJQV7fgw
1.7691032,3.673929,1,0.1593095938535497,UCEAWHBzOQHqjOAU-6zRsaLQ
13.400213,4.9891963,-1,-0.013944758435049498,UCEAZJbZ47pt7nFMRmCaQ0Ww
15.269297,7.083201,1,0.10011304515796338,UCEDN7Ipad-v1uHDCQVC3cCQ
-0.69170284,5.9737396,1,0.17165123180092828,UCEG4hSnpCCI-B1LkAQQdz9w
1.8579382,4.612205,1,0.1655306188565916,UCEH2llxZpHaH8VJbs-ccbOQ
9.536658,6.0144525,1,0.017169052915708916,UCEHkgIIBjKbcuiE1SNucBUg
0.73954254,0.4425345,1,0.0899558345375322,UCEHpezvAhnBEQr1egE1-I3A
1.6739117,-4.0904717,1,0.0657243871006934,UCEI0NLOWmBMoU7WOz0ASFRA
11.911847,7.7829127,1,0.1215860468789633,UCEIU6OKVVtFtwqDO3FySxkA
2.4486365,7.1628885,1,0.17092503857416735,UCEJhsPS9UHx9JdUwQxKfLKA
12.484109,7.8485904,1,0.12900482040629435,UCELHfre64haTZ-jCRObe34g
14.9609995,7.894012,1,0.09622986587204346,UCEMSMwFU1D6fZy_D_ZsRFzQ
2.664546,1.3966568,1,0.1370060681903177,UCEMe3R1TfhEEFwXp85xY0dw
11.045772,4.9137363,-1,-0.0009964517876055456,UCEMotgV3wtB_IFnkKDTjlRQ
3.6828606,3.5206215,1,0.15654162912266412,UCEN2jAYaqBmS19SfETu1p1A
-2.0967765,7.8653507,1,0.16529938512048697,UCEPm6Q9ero_ovH5QXLO9BXw
-0.10775804,5.776827,1,0.1509195939673756,UCEQyqOWdd2G-kpXYJDIfQsQ
13.096315,7.417679,1,0.02112597297689134,UCERe4RCslT6x4HOSHqEo17A
1.3914933,0.3199908,1,0.0631438691698592,UCES3opk08Ftfnh_kSHUjlRw
3.7021117,3.5390158,1,0.1377242106204013,UCES5_uC9Qc7vyWL98eyiNXA
15.43981,7.1751065,1,0.022533639462331,UCETTl9LR8zjBYuku2co96GA
1.1989524,5.174186,1,0.16573978789562444,UCETsko5d9pUveqzNJlB4f6Q
-2.3267345,7.6972656,1,0.16745766338687662,UCEUfF2h_v3YGNjK0TE2w2qg
15.945137,5.003304,1,0.1266960023098479,UCEUqdGSY7POFitTZdYIEZqA
11.2548275,7.228892,1,0.0846819410481634,UCEV07swyCZst6xyPzZ2JPbA
11.36328,7.9721413,1,0.11818173151674138,UCEV1jsSewDFV3a5oGXNT0_Q
6.750355,7.4490275,1,0.11333116234791835,UCEWE9W3dUOqTHc2aLKgH4kg
-2.19311,7.957031,1,0.16676725284326577,UCEX-6ml9RE1zgU24hBd9UBQ
15.2408695,3.0337245,1,0.12306941148669653,UCEX8tZ8V8Ci9x1lksQqfuDg
17.421566,6.4317408,1,0.03513830955855751,UCEXZEZr4ZWLASvf13NGxziA
-1.7989612,3.3050332,1,0.16201566155951086,UCEYGDSXVOS6zHTjDt2y1s3w
15.037952,5.621674,-1,-0.146513686635807,UCEa7wFgMYANJgr27kC55Ndg
7.750258,7.858859,1,0.12858111127518296,UCEbszsKVcWvWn1INOKxD0jQ
7.3403378,3.3244855,1,0.1194558771820855,UCEdf86yOoB3soQnTyhoqiTA
7.229116,4.258848,1,0.120539041782254,UCEeDwXqK5Oq3yMTwQ1Nu9pw
-0.9478355,1.5392256,1,0.14771287202184114,UCEebZyssW_53VYxpvHsGn7w
0.8320026,-1.9235523,1,0.1412090384114274,UCEewwawaBcGhprBKiayorSg
0.31022462,6.383428,1,0.16945980874362682,UCEh-zTuCVe4N1vQl0ElRnJA
-0.35667586,4.96677,1,0.17313102695846733,UCEhXNCbjL5yHp2naW7hG_EQ
6.9166236,6.7283072,1,0.14803960388053922,UCEioiIdnuSu2NDUyJl4QR6A
0.14601801,-2.163343,1,0.15927259970256974,UCEiseDQyevwOmrnwJV4DSdQ
6.092917,4.177464,1,0.11393493011840139,UCEizkZ_X8YEih_vNsd_fWgA
0.16020362,7.6192636,1,0.17153797425969697,UCEjGMkr1FWE-tQaXTaUR90w
-1.4862964,1.7075157,1,0.13992142160326576,UCEjHHc_TR4O_SpgkDnIPm0Q
4.5837655,3.462387,1,0.14407627007638696,UCEjiXbG-2OngOcVM54HqXOQ
1.2972347,-2.8178244,1,0.13870338658336773,UCElv92R2uprtwDloZbQMuwQ
14.14886,2.606112,1,0.1285238688786614,UCEnKHc84sOOgIxES6SxDdrw
4.3051343,4.649638,1,0.1475601605777519,UCEnR7ce-9DoSlrO9g2qLatA
13.820089,4.279844,1,0.08961848803959838,UCEoL_6YqJ5b00j4fR1NlcyQ
-4.034609,3.7206397,1,0.10375589183982409,UCEoZ12TIVYg0StnJ0A5GYOg
2.1581151,5.8448796,1,0.16508589198124385,UCEpaUS3avfjjvS05zOOe3IA
15.905116,6.198384,1,0.10187249719856328,UCEqzrEN5pj_9w8DtHHxWwMA
-1.5168554,3.5689802,1,0.14916348093131704,UCErc-JqLN_uvgbKtxCYd3Sw
5.591561,6.8697057,1,0.1127397391050794,UCEt6Npnli1APQhR9kbCVEVA
13.897109,4.6154675,1,0.026158991050933778,UCEtHoEr9rYiXXtd5enAZfFQ
14.077107,5.4266014,-1,-0.12123310981023316,UCEu5f96McuLVXG6U-bHB-mg
-0.4998842,1.0894513,1,0.13517842631993993,UCEuCg-v6WhAbIOBNYzf-uyA
-1.1263835,5.6867537,1,0.1688865624432369,UCEuGSmqzdiCAGma5lz_vQEw
-0.05412655,1.1286645,1,0.12781565850220505,UCEwKwjMKaQ8ZuOGUe4ZWjkg
11.965875,5.09398,-1,-0.05726023833439797,UCEwsUj_5EpxlihhZvUV95_g
3.335654,-3.0080793,1,0.13224971239689404,UCExOYald_VcfY96EG0bzOdg
-0.2711817,-3.1053073,1,0.16230216806359332,UCExREirOaigLUGcUTs5dWWw
0.5956993,-1.7527642,1,0.13825454994035735,UCEziuXcdtMN5f5RVuBjw2bg
10.293364,2.5800078,1,0.05666816611992681,UCF0wDDlP-4WhFt0G44yNQ0w
0.16120888,-2.6293333,1,0.1385704061713255,UCF26tNCLPlPjqJhvabQQDpw
-1.140637,1.9909303,1,0.140968240828306,UCF2CaYLUCCY4j1wHZ3J6Fig
4.2463613,2.9175458,1,0.1346163948849055,UCF2iH0FLm41bLZ7OhdQ1_3A
13.645788,7.692185,1,0.11870605336232687,UCF2pmb2kYiAHVqQ3y5Aie8Q
3.0236773,7.575112,1,0.17038201707331957,UCF4w3k0dTQPm--5CaPl9BYw
15.52653,4.062271,1,0.11348201503203248,UCF5Ilg972RSdjxL6DG6oNCA
-1.8262397,-1.2509357,1,0.1539612972695556,UCF5PXhjp5GPCkBKKd1Vgk-g
-3.4884975,2.5887702,1,0.11962359810027251,UCF5VLpS90p2MT-XX0o-CaSA
15.508737,3.4048011,1,0.13192687867239344,UCF7bO2cyH3L3PQvWdLYKstQ
11.017802,1.9391948,1,0.10545123176347287,UCF7my9js5jmUINg3BRbXC2A
-2.7480986,2.7575655,1,0.1560274210125182,UCFA7ZKk0ib5JOkqRfFpC77g
3.6430085,2.3371303,1,0.09237058988141744,UCFBMN8ZQ00ra2CFDK3ItevA
-2.0841842,-2.116941,1,0.15615885446304517,UCFBZ4rvfaQh7LIMZn1ZHKBw
10.750627,7.444481,1,0.11591389452607026,UCFD11PNrqA8XIxK2BdqiwYA
2.4476082,-3.624375,1,0.12564754300926362,UCFF1MiF5_f7X97saaCAEu7Q
13.998713,7.723959,1,0.11950699108514651,UCFFCrzAripcuGcyxGggdFAQ
8.286619,7.777737,1,0.12724496755382458,UCFFneaCEaEG6c8uTLzFj5JA
1.6062806,0.23094761,1,0.05632620917875791,UCFG44AeT5appUuPl1LsLMFg
4.568978,7.151433,1,0.1419044112949509,UCFKEeZLtP7TRatSqbK4P3uQ
15.848707,4.3485756,1,0.05124860675063486,UCFLwCL8ygk7vXPbBKeF_CQA
14.268732,4.100398,1,0.09462691940528456,UCFMw87q0hBblwJSKQ1rtO7g
-1.6398801,-2.1985865,1,0.16264617167336098,UCFNiyGDS2KAHPHVa6_s0K0Q
-2.4416173,6.948955,1,0.1713743466103913,UCFONKHUkz0Q0CptEK80yaSA
8.339548,7.995094,1,0.1447103056653689,UCFP1gufbMYkHeeUT0cQXthw
18.045496,6.3220105,-1,-0.03257387377383403,UCFPJIveu_8kE0DiXQzdmRhA
-0.098256424,5.223024,1,0.16890279479972348,UCFQ1H1gbgaPYtlDVMugjOZw
0.29771173,5.554748,1,0.16862637912071576,UCFQ3EdtuKzsl9H8fDj33Rkw
1.7710159,6.3468995,1,0.13333363387506858,UCFQbaI6INxsm3t0It77KCMg
-3.0120394,5.922502,1,0.1698082979516064,UCFRjzr55O442fJeohQkAGxQ
1.3806453,-2.911407,1,0.14164474848620523,UCFSZsQ9oRTX6nw1mCrH3ibA
11.723266,7.9092917,1,0.12713699832749664,UCFT_lnUyQJtTTzHr5GS7wXg
-4.179689,2.3382485,1,0.12245877486830076,UCFTpOwzktuN0VJ3ehdLyrww
10.897329,1.5190505,-1,-0.0009718516680599087,UCFVc4M9rrIoUe-MBpKlyK_A
13.949059,4.5487933,1,0.03044496128468288,UCFWvl27zWOHHZO36ZhFjIMw
4.7944303,7.5088778,1,0.14399894986200906,UCFYAxmKsQkdOnmv_ZjAt81A
0.57929873,6.491421,1,0.16903788204832149,UCFZjC7CPTyy7QqwtABoXAlw
0.61130416,6.525164,1,0.1575261144139879,UCF_Z4iwGp7i5iLc7t37Kozw
0.42828393,7.0380144,1,0.1703936386008495,UCF_kEO3NPmJqDSDPwS0VrTQ
15.732231,6.2006807,1,0.10845617664805463,UCFbsPCqC9H4HdnMMWip8w4A
-3.8306725,1.6610409,1,0.1571585444960566,UCFfmkWQGP6cb6wrEtPjXupQ
11.776426,4.319869,1,0.021308671599738538,UCFgRdy_SQEzRyFZSuJnCUtQ
3.6619573,2.0918787,1,0.11657350584860027,UCFh4zJBOEcDzK9j2U0b19JA
11.258406,8.05901,1,0.11378877258005482,UCFhLjJZaBj8lNr5kUFnbbMQ
8.408048,3.3356044,-1,-0.05486114974123901,UCFi-HP0WG6piAsLc-uI2awg
15.198369,3.7391183,1,0.098583440488126,UCFifa1MM-ndOSeccOPc3bPA
4.7335424,2.551114,1,0.11825957764472611,UCFimYrpn31WMnbCXok5Hhvw
5.45743,7.196294,1,0.0530170443588624,UCFjdwx59JjMLMCvmpDh9A7A
-2.6823084,1.4195669,1,0.16203401503900905,UCFjjXgsfsVZ42wrGoo0uubA
11.228538,4.9630737,-1,-0.06409677476881348,UCFk3bmH_mFp7t1Cw2aqwwSw
13.938923,3.2665617,1,0.020421718131548028,UCFkKVRIUuMtYKGNqD0wvHcQ
13.948186,7.6862173,1,0.1167280977358664,UCFkOVGsH0mZXGGpDSufKzFQ
10.808687,2.7397723,1,0.10816021193628639,UCFkbH4lzSYalbzO71vqxb_A
3.7238936,3.6196387,1,0.06697109482091779,UCFoszg6el2SgTsfthCGCAlg
2.0953197,3.7328906,1,0.15597361102245172,UCFpFS2aw2xYomSPX3ux6qIA
-0.42100802,0.3654978,1,0.1482398573381723,UCFq5oXlqKKMJ5cDOII5VUOw
-4.1798267,3.056889,1,0.1412858938948951,UCFr4aPMID8LuUSYplHLmCmA
-2.507485,3.1219115,1,0.15445960169565404,UCFrcjRqrexBtb7vGbkg9b-g
-4.1424303,3.1910653,1,0.15865738267320095,UCFrdd6aXpKGd-T3-2z6zgnw
0.95808464,1.4775219,1,0.1346434624191804,UCFrjDWNckEdHldNr-kpt0VQ
11.376137,7.651117,1,0.11401185132938413,UCFro1ie1XI8kPDunhndSkSA
0.12534665,-2.8704793,1,0.14259502918312433,UCFs_wD14ujDPl4VVjf_d5ag
1.3349762,1.7064435,1,0.1338968190478833,UCFtGU5UOy1skFyDuS7QAyAw
16.747223,6.213594,1,0.05647047502007785,UCFtgY-icGYqV5k_x9FSfhjg
15.583361,3.6313593,1,0.13440177767884443,UCFutqmK7dOqgg9P6M_OhJnA
4.2749195,2.8897233,1,0.02300550997654277,UCFx9iJ-XldmGe8OSu_oAufw
-1.5150442,-2.0960493,1,0.16615399907951334,UCFxmune2KzFb93XzUEGbIiQ
-1.6155386,2.8564188,1,0.1458967106638807,UCFxsxT71HsqcjPSYPKrvEmA
-2.4984214,6.54538,1,0.17272017321396305,UCFyPxB6dVl9Vx6zHRvqBf9w
-4.264542,2.1313524,1,0.11537464453704693,UCFyeEDMHqL1Io_YjORG8x0Q
14.766096,2.6107435,1,0.10442213708719233,UCFzkk8FC6CW73LGPBFMNvvA
5.372211,3.2905092,1,0.07492254163327727,UCG0702rjqlPx86GVg5qMqcw
-2.5634472,6.261001,1,0.1692375882703877,UCG0ElPvd-Bdk_NONqJvEbiQ
7.388681,3.0353844,1,0.0030300818849937627,UCG3-ryhuVLBadlg4txxIrXQ
-0.6843239,4.7581053,1,0.16941390569669007,UCG7Use9WgzsKghwDtK68B_A
3.1381838,-2.6867955,1,0.13490031540855002,UCG9WEAVAum76VW_EMvpedDQ
2.8553429,1.9282753,1,0.08664328058669324,UCGAW5yKwtl8PlHO2l6sRzRA
11.920664,1.5648731,1,0.08926960090346747,UCGBY8Kx2WORoZlYuoBXQBQg
7.735506,3.250113,1,0.07186431375311741,UCGCiRUEhEmAnjFpblyxlvuA
3.1060336,7.2615366,1,0.15870780692868858,UCGEiUm1x-K8Q6AAaz0yVWhQ
2.9525638,-2.6764328,1,0.12529865753008584,UCGF-PkGdH58RtCXD0YCABDQ
11.88212,5.0475492,-1,-0.05546048331153708,UCGG0Nrc_uxFUIrIazV44Vww
6.329484,3.435514,1,0.13514953337535984,UCGGefblb_5ZEObps4mbozWg
8.417381,7.3155794,1,0.15068473771309543,UCGGum1Ol2mmMF-nZ3i095Gw
2.3815181,1.9668143,1,0.10085529676944488,UCGIA8g4ugbpDzPBJjtxKXkg
-1.4818122,3.588985,1,0.15414329580607666,UCGKSQz37YNkhsv-7iRErnvw
4.1069307,2.1991138,1,0.10541150052420817,UCGL2semgUuZPXcPw-GreQSQ
11.837458,1.6020164,1,0.09101482862949739,UCGL4_K2DAkuQqdXY5_qiZyg
1.3542368,6.984027,1,0.10310195667748018,UCGM54ibslU4euGBaVG0T-Dg
0.16107447,3.1057174,1,0.15294590383991458,UCGNbT9of1Ice_oq4994SdLQ
9.084772,8.139041,1,0.10145610105960179,UCGNn3ao84U5kI5fGXgtJekg
-1.6450337,2.960657,1,0.15053971997789867,UCGOo2UEcpkhHYLvP5n4LCLw
18.635967,9.180284,1,0.04331723904665474,UCGRE6ow-MvhfpZG9BNPuTsg
0.7081396,2.3697526,1,0.1554849442720858,UCGScNGi7DFUYtxGDPspEBNQ
-2.241399,7.9907265,1,0.16614231922272887,UCGSgH8DyLEM3rzDlPVyxb0Q
-2.631903,5.1340456,1,0.16385796516806606,UCGSjkhylxdTJ0eb_J0psA1A
-3.8296776,4.3433657,1,0.1524314211780839,UCGTs1gZfi0Wmyp8TfJr0HNA
-0.9773122,7.059327,1,0.16783994775226901,UCGW4QXJknpv9kuZz2c-UE5g
-1.9725862,-0.037933,1,0.14569885448986908,UCGXjOcHSckAyeB7NvASQl2g
8.850949,4.379625,1,0.06432289369085564,UCGY2u_qOjKAO17y3a9oQAKQ
1.3046584,0.71527684,1,0.12781163165433634,UCGZj5i2i_vK0DKkjwyPfZZw
7.7258625,3.3861442,1,0.09578742895853093,UCGb8thn_4H8mPBkD-bVAEIw
-1.6002121,0.008391403,1,0.14861104243879353,UCGbUqpbM7GzGw5i0Cf6RWMA
6.1431055,4.3102913,1,0.14345745662533327,UCGdCr4Q4JfWc9xVmNQG2ERw
-1.7784163,0.12529472,1,0.15460354759305261,UCGhWBdpDf1pN6PcjyCr8s6Q
-3.82829,1.1676596,1,0.15065145954326303,UCGhjKYxXrxOc2Av35LkCsaA
-3.195527,-0.38230363,1,0.16129963729965718,UCGiB3Tj2S4HAc3xyZEKeHVw
-0.8568439,7.09056,1,0.1693782883593239,UCGisurWQjw7mPLI1xBwAjcw
-2.0499184,7.916169,1,0.1684019656718181,UCGk8Saz-4lYn6EzY93TgF_w
1.0449054,-0.26554483,1,0.13028454570862974,UCGkDkm75Fl-HWCvlcLOzr2w
0.10880687,5.456097,1,0.17333333773221293,UCGme1EUtgJm7vElf3fWkT1A
-1.6700339,5.922278,1,0.17108783911595765,UCGnRWglqdjWgA0y6kags7zw
6.0848894,4.256242,1,0.10411067912958105,UCGnkBITT6ipjqiJp0e47uRA
1.8535606,-0.7126541,1,0.029709162037398984,UCGoYoocZUyxtcR_TCTxkH8A
1.1313573,4.8016825,1,0.10364085197826761,UCGoa1Gsm8DtYYRDhPu8cMOA
0.51247203,7.3174205,1,0.16941571763235785,UCGrMixoh4EWVisi2axrE9Zw
18.54163,9.134349,1,0.025410298800200737,UCGrV362sUxYyOjp7XE2RQpA
10.710727,5.2946258,-1,-0.04755282454239129,UCGrdbvMduAXuikgeWOf5NMg
-0.12477168,5.177386,1,0.17246343843050221,UCGrfoN1kUdpin1wIFDtsneQ
-0.28027874,5.001859,1,0.16383906917276758,UCGsOXxLWJO3mVq6hnXEvn2w
2.973954,3.5138512,1,0.12572275541240246,UCGsPlcv1_GPR15ThOnAA57A
12.543023,4.0363503,1,0.013763694639058077,UCGtyWwYj4UJMloE3pprjPVQ
-2.0409696,-0.124664545,1,0.16748875647140787,UCGzlIbXcr_WFZs6Ou_sm-yg
15.522856,6.0545635,1,0.0907583079836029,UCH-ItWqf9ZMlPxjjDSl4U4A
-1.7867833,1.6134039,1,0.15084530827875725,UCH16yczDotyaxgZ9NpF7qSA
3.4893394,7.3980927,1,0.1660751923685692,UCH26vrbT4dg-cFblacg5vAQ
0.7372429,5.909537,1,0.17409455580135041,UCH2CAE9cxoUJwH8XmC1Gk7A
-0.73199373,3.1073425,1,0.10631961024923053,UCH2Hnz75mVKqI7L1JN8ZIGg
-0.88591117,5.186023,1,0.14247079401299978,UCH5isavuGQ00bDzZNqLSxaw
14.031004,1.9575284,1,0.13706312811078686,UCH5sJtjqJ14Ho2uW0-LvcAA
0.9163753,-3.6265852,1,0.15755110278537876,UCH7AIR1vA-yS2PwC9rhXqZg
-1.9450241,6.1199245,1,0.16487690574132546,UCH7p5El406DKOjwGjclbHeA
-1.8880852,-0.21396798,1,0.16051177456577437,UCH7wQWfnK816kkIxPpxDD5w
-1.0145978,0.41681802,1,0.1385395985318678,UCH8UBPASi-RoOApMgd3afGw
14.174583,2.0004385,1,0.13923826217329727,UCH9UBdaSn3rwVy2ou5tWFNw
-2.0961268,0.5688478,1,0.1643183112225432,UCHApgi6_6kR3auqTvdW8mLw
11.597584,4.9428253,-1,-0.045733381652857896,UCHBRgZYreunE0XjPJAYWo8g
0.5485635,2.5109427,1,0.15897881293031407,UCHCCPoV2RJLtcCXNU1isDHw
4.79499,7.986095,1,0.1203182803455709,UCHCPP0VIYSpuTAx38wI9zaQ
9.724389,6.4891148,1,0.04391497798819688,UCHDdQOm521KCiu7E_El3avA
-0.8442734,1.8519278,1,0.15412064367315254,UCHEFvfUj69tsfJyHgEVe1Hg
2.5402188,6.31623,1,0.1495627194936443,UCHFv_2y4gXBOFpUbxEHnP_w
-1.1708764,1.3503023,1,0.14214432914562236,UCHI-VdlvnkvE53TYDY8n3dQ
1.2407014,3.4395192,1,0.13921925723264122,UCHJ3GWaBeVdEkutJa2Ltq7g
15.274064,3.8337038,1,0.0650581347303848,UCHKB0mWZogpwQdm_0VHXF1A
-2.9985082,3.6657314,1,0.16022274938565262,UCHKiVdxnfHpcUkArc-_SL0Q
1.2290804,3.7891445,1,0.1347381019220193,UCHKirits1xhUghdH2wYJEBw
11.795716,1.6196047,1,0.09721269018456946,UCHKnZjdTkiZ31L7t9Poy8sQ
-1.6779472,6.378229,1,0.1684388410077799,UCHL2QC1zY2DIqs0EjyEM6vg
-2.1895819,7.9485593,1,0.16506225675924713,UCHMnj7e-Tci2LFVcKRoKa9w
-0.059337188,1.3132728,1,0.13289514850099526,UCHNV3KE2FfnD8p2I4P4dC4Q
16.167353,8.269517,1,0.08630424517000568,UCHRRhVXewlF8SEKVaCdOzsQ
0.8907752,4.312011,1,0.14862161460996498,UCHSyxtC5VWeckH6vqE9W7sw
15.630468,4.874141,1,0.09843782054169353,UCHUmT467VSQmbnoCKfck1XQ
10.902532,1.7733465,1,0.06263216850768616,UCHW4-rA2uYHrej1e-tVRhIA
9.049565,5.3835707,1,0.0388967231508901,UCHW_eWsY55vv-dTBb2j-GTw
1.9371352,3.819336,1,0.14389821074204695,UCHXLcvHC5iPkszbnh41m50g
12.129431,7.0895658,-1,-0.030671966192902023,UCHZ3SwjNlrRfzb1iX6jeSsw
15.782257,6.187822,1,0.10626697398559193,UCHZq3MuhuWADyGTFLSjuGIA
-0.42657787,3.3650897,1,0.16464494427015441,UCHZt8nTMrHnHh3_-OzJlLHg
-1.4845314,6.2306213,1,0.17020458524442345,UCH_DE6VIdrF1UA2-WXE3vNw
16.072908,6.39624,1,0.02180010925013981,UCHbITMHZoRw0eZQlZE0Ea8w
7.140888,6.1247945,1,0.08595728514398954,UCHdAu6riUiqViLO3736o_8g
-0.14199437,4.192152,1,0.1667707020670996,UCHe6Mzr1N7kJGCucYUKzUqw
2.803568,7.7962117,1,0.16566233343682346,UCHeXaExM_ERKw93cr_ZzyxA
11.405478,3.823411,1,0.04418823674008521,UCHgRlC6TL2vc8XXhOeMycnA
0.9714797,4.1838803,1,0.15199107370943998,UCHgcKFlOTD1P0HjJdTLhPRQ
10.82376,5.458341,-1,-0.05744336686185603,UCHgp8gG_UIfF-qHiqb5QteQ
12.001204,3.8991244,-1,-0.054319915435394495,UCHh72EAMz4KbJKgmQMuL46A
-0.9172274,7.1400805,1,0.16982352151003127,UCHjVts7pc7o73oRmF9HvroQ
-0.14810625,5.1014667,1,0.17232084546788456,UCHj_wHp37pkg-mEgPGOHLIQ
0.70868415,3.3955038,1,0.164843251388275,UCHjkSlyEFmx9TZo4GWdNbGg
1.2120095,0.37821087,1,0.10091201029484032,UCHmQXFu6cbUh9wI9BLmW43g
0.43991384,3.779589,1,0.1694119285439834,UCHml6xRdPPpjTklBZB-6IMA
11.270063,3.2674737,1,0.03849844240790501,UCHn8Ha9haHJbVLQiVYxF7Ig
3.2935941,-3.4449906,1,0.1471773475220201,UCHounbmpBVBFlkNZ_9n7JjA
3.4158676,-3.1595912,1,0.1410515811083108,UCHq6TBb0dPN2kdo186YMiCg
3.4534466,3.3901136,1,0.15753991291483638,UCHqtlVLOvvdY_0Cfv4S4LFA
5.047456,7.396647,1,0.15999127562795473,UCHrdGvuRuJErIQTFIikwpLg
11.598499,3.6153414,1,0.07485231587287866,UCHtdSSRRFnfCX5oI4FN6gOw
5.1266966,3.202044,1,0.14327766788471702,UCHu6ZVZNIHMeadyhsyJwbjA
0.8264108,2.4179306,1,0.138600735887353,UCHuDttKPWFeWe5B3VZv76LQ
-0.32889262,3.5544262,1,0.1690752797255196,UCHuG9TECjndKDdr4m98XwrQ
3.5950816,5.9139066,1,0.1576634772112338,UCHudXXrGZWkCZqFRsD2fU3Q
2.060066,-3.8023186,1,0.14659670850268935,UCHvNDk9ZoxxsyP2NIsYRVTQ
10.850869,5.2511706,1,0.009630244848926495,UCHwN3xtmg7ai4LFERmfAXqA
5.618275,4.0627723,1,0.12559530777628286,UCHwQM9LCCcvYAqTSFQL09hQ
0.09517298,2.1797097,1,0.15890856609442006,UCI0TzL6rSa4XgtfpwE-GiNw
-2.4423752,7.483918,1,0.17089628959646436,UCI0VZYWpcMV1gI4r2z_QkBQ
-0.2157338,2.3008337,1,0.14143564738916725,UCI59icGA3Yr9IhuugvF9g5A
1.5954983,0.7691628,1,0.06136949174454637,UCI8R66KwQO4Pl1VMDhchQOQ
1.8656757,7.2997622,1,0.15252422810027527,UCI9gH9OakYiZ7qeOusxNnZw
-1.3753815,0.52064496,1,0.16723077562534377,UCIB-7-yqD_HbBnXM2kJEnGQ
-3.0303648,-0.5710917,1,0.16438098483928965,UCIChgrdXrnOi6ATjyuUg5Og
11.493434,3.4115274,1,0.0025005389373184417,UCICugCI-jYbsJ1qpBJdI6Kg
0.43489134,-3.1436043,1,0.1493129075699854,UCIFB9HYsSdUoGdfKp2wI95g
3.1561208,1.2613485,1,0.13541930363801197,UCIFYyW40aODb7pNSjI0PXYQ
-1.7101648,2.4740865,1,0.14331039596568923,UCIFqWs7BMEt0yh8_L7ugI3g
18.156513,6.304507,1,0.00659083531276794,UCIGS88I04MYi9HTklEovIKg
1.6839437,3.4663517,1,0.1311409593527499,UCIHM2_JlqJVosSlHu_EgbLQ
3.121672,-2.9246714,1,0.14335216806145773,UCIIuNcopOb3_obFMXWM6I0w
-0.7524444,7.232438,1,0.17086496768174225,UCIJxypAnMMl1cLjSE9v-Weg
9.86743,8.14868,1,0.14099366125190693,UCINWBKC6Z8IVDab_qaUOZBw
5.7813396,5.8794045,1,0.12211340970862661,UCIRZ6M6cxlLOUoVhg_UVdlQ
10.922108,4.6631985,1,0.03746173758685495,UCIWO2ze7Layxv_-j3oZTWSg
1.4170729,1.9947952,1,0.13028792185153099,UCIWUGDTfoT54Q0NHIkNae-w
0.6360889,6.3495145,1,0.10093708367577592,UCIY50ZRS92XsX-8OwPvao4w
-1.2899228,-0.20407115,1,0.14966944986314312,UCIYWz9veQch9ZhonEbc5Hsg
2.387448,3.305734,1,0.09694509736503448,UCIYis9dawTENxxF11hmQTcA
-1.2289873,-0.22303192,1,0.16472531162685738,UCIZLiaoFRm5_E43LmSaiQEQ
14.366423,4.1579566,1,0.04225920315971321,UCIZjTh0NJer4J35KQNpqRFA
1.0865217,5.329048,1,0.16853687350712376,UCI_oezs0oX0NUhx6ic88pfw
-3.2144115,0.9315512,1,0.11060282433153379,UCIcx84vN5-Ea2rSAZT0CIOw
9.456182,6.435027,1,0.10704692795206111,UCIcygDdlHbyifvGSCCwR73w
10.3855,2.65387,1,0.11821766131778971,UCId8qcsQlSQW-xBkFi4wwFg
-3.2610893,1.4894996,1,0.12259460503610647,UCIe7t1hfh_ZtcaTDD3_qwyg
3.5342326,-3.478903,1,0.14082623722350324,UCIfnYcZpWfA29lReIKrDsFw
0.22467272,-2.0127172,1,0.15318126438689167,UCIh6nJbibP71pdRvNV6AfCg
-0.9768553,2.017582,1,0.13654806793919688,UCIhntUb5sVPhbTY0KkvbWfw
11.1328745,7.7201962,1,0.11114789816695231,UCIiSNSUseFm7SN99n7zw_9w
6.536762,4.4274416,1,0.09927780317617135,UCIjz6hUaP8qHamCESVTXuJQ
11.801203,4.6910143,-1,-0.039649543751658634,UCIkBmLnAvv2fApQ1WSuclDQ
11.728334,4.1839495,-1,-0.016651466618032962,UCIlWLFsf3XF-ZzNLtWAQUEg
17.153978,8.628754,1,0.06858859627316194,UCImBsxvOXfK2QwTwBkhvHjA
0.8372994,3.999829,1,0.1572759933884586,UCIo3_dlfHgNvTGx2MEfOPFA
16.532042,8.358659,1,0.07050647672346666,UCIp8kFqQRf_1J9zlGCfD6ag
0.24831069,6.5205436,1,0.16821838147475698,UCIrBoaQsbP6I-BklX-hBoXw
-2.7725275,2.5257998,1,0.11727408044627408,UCIsz8huZX0674iyT5Qrq0RQ
14.671015,4.2719426,1,0.04546714498340987,UCIuW9GPH7Xf7MnjyRdCyiRg
9.181792,4.320102,1,0.0494088484907918,UCIut4kCQ2XHoqQNlZeyxltA
-2.1939363,5.563318,1,0.17254344883605882,UCIv96egh9ZEqq0LGZCfTs9Q
6.124838,4.260491,1,0.1282598138025513,UCIzEDge8YALYLYR-cdbvmTg
-0.34708512,-0.8296306,1,0.13926794301778905,UCJ-PRvq0JvqP5lTSPghNlvg
11.573706,5.8890567,-1,-0.13427611009185902,UCJ-fC7bPLw5uCm2z6mRVzCw
15.104974,3.611039,1,0.04259023525304462,UCJ0jTXCPEbm2FtHqWj_09wg
15.415698,4.959996,1,0.04441793941471772,UCJ10H7JDjKikK7LG1ItesPA
9.60724,8.143859,1,0.14365105994908717,UCJ1CyNmjy1SGIFeORxlyPAg
15.388363,4.630941,-1,-0.022062940096214456,UCJ1f4W-pr94N6mMaTdVMOUw
-1.8011471,0.8586422,1,0.17291470785061475,UCJ1w_7wVsY95U__eo0xdpbg
-1.0190876,3.3199615,1,0.1370975849665111,UCJ22QVKUqxACcXxeDY11P5g
0.5098899,1.0552299,1,0.12724401614486147,UCJ4S0vDCeOUQQbEBSuTr_Vw
3.7318254,3.6009023,1,0.1350498183812558,UCJ5RYEq9Vj0T-VfihkqY6rw
10.149174,3.9234383,1,0.09184607608007106,UCJ7IhXj8cs02NFkdDYDOYzw
-1.2971122,7.982295,1,0.17031753448722436,UCJ8efZFZ8NgCHhUAigzqI5w
2.7794104,3.7655046,1,0.14121958219554281,UCJ9igqsG4YRsPVP6ypfA--g
5.3343835,2.6993253,1,0.11268211562680097,UCJA0xWV0LuNTFwKdeX_c1pg
-2.2505572,0.87446755,1,0.14989640466142717,UCJAvjBImqTOxcKhRa4dfXBA
-0.62452173,2.8372667,1,0.11436267479721929,UCJB36JSkIPDSaZdTMuEquqQ
19.202078,9.594567,-1,-0.0806798870141947,UCJBkt9-oZdjebUNjUBcqt8A
-3.0307097,7.2341847,1,0.1597391931253005,UCJCLl_yLTgIHySnhujMBxbQ
8.4357605,3.7013385,-1,-0.006920163321200712,UCJFhyccskiDJ5AJ5sKNHDiw
-1.1242346,-2.6887505,1,0.1592412505162612,UCJHEjhVZD_8xbKaYvsLkMGg
4.5990176,4.2766485,1,0.14912541655441097,UCJJlnST3Sdk0Wi319dCPX-A
14.586264,2.3757026,1,0.12909416278169578,UCJKZfNmEW0MWpyw0VRVkz1A
15.949629,3.7487469,-1,-0.020838195367997914,UCJMgVeEoQkWL_ppHrSN5QQQ
-1.4215117,1.4429206,1,0.1011039562140178,UCJNU85vNbc0XVLVUFh_n8xA
10.867589,8.06712,1,0.1371967031436605,UCJNkqBt4Cly0S1ugI5xg_-w
-2.5130908,6.560787,1,0.17198072428660582,UCJO5OTLmo7wOAm9kAdZK_Dw
1.8981599,3.5292695,1,0.14163128605659975,UCJOMnbsM59uzLl7cUtQl2WA
-3.0200806,3.8809364,1,0.15467533199211636,UCJPQGeUxT9LaCYa5r7HMuWA
7.741017,7.5811896,1,0.14915103631259602,UCJQr0Ol9FKFUvy9Y8ygJeGA
8.8624,4.6420164,1,0.05178137833211638,UCJQw9j7CYrxv4rjVazw-KFg
-2.2435348,3.4259636,1,0.14920546621851966,UCJR3ooZUg4yyhK9TkbuK0-w
10.5784645,3.3851206,1,0.05842650860786902,UCJS4DGBn25_RSHFUNDo1agA
15.461785,3.5027273,1,0.12251876166517328,UCJTojC31Q7K7zBE37-ZSxjw
10.861233,4.2905164,1,0.0395267904370622,UCJULrzO4zV57_AVJRbDnznA
7.3012586,7.143612,1,0.1535370345524114,UCJUpTjrz2fKlscksJWWle4w
10.773686,1.7293651,1,0.09204959391775747,UCJWF7zV80aFlZwc9Xz8_V6A
-3.2406323,6.1867905,1,0.16950693001848854,UCJX0Z73fXAvEfyZ7BLRTbVQ
15.715209,8.242391,1,0.09658526439015136,UCJXaNoaAAekMOjiTA52DocA
-3.7145321,4.6097517,1,0.13844067924194164,UCJYFMvBeWFACoaJ42LSXMXA
-1.4248397,2.5965636,1,0.14720684143958723,UCJYQ9HhkLAqIicJ9DrmsdLQ
11.61889,3.6373363,1,0.06651052837617583,UCJZC8Ne57-pQv0wY3la_zxQ
14.669428,2.4565048,1,0.13441441020333345,UCJZmMp35VWVxoxVwKhbp7PA
10.680456,1.6473587,1,0.09071480734572834,UCJaMo-yoEyrfsojR3--qRLg
1.3407521,0.53108644,1,0.10728060714165283,UCJbzOc5EU4CP3eTp7xwc_CQ
5.6885824,5.8959093,1,0.12576637850317596,UCJd1jEOP47wUCypDh3zVFjQ
0.04749349,-3.5296428,1,0.12567319801570181,UCJdTxETmZZxm1evck_IA6uw
13.689575,7.6122603,1,0.10699491133938854,UCJeO8r3kD3jEHecuOAcQ_ag
0.75509363,1.4727392,1,0.14943652734097918,UCJeX9EdxerDA_UwTXh_NpZA
2.5673892,5.1185474,1,0.1438342377991001,UCJelg0VQxWMY2RQz54c5weg
3.14539,1.5910314,1,0.13003038755137492,UCJfJAewcxF60YrGvDtpJTpg
-0.41014373,7.118778,1,0.1673869208671741,UCJhN9x3_1hDvxASC1Z41ETA
-2.0435884,-2.036296,1,0.15799180761072473,UCJi_YSz_syE4_-zEEHpuFzQ
1.8753649,0.018664245,1,0.07242651084209495,UCJicAXh0_sdGP5zOmkNWEQw
6.24867,7.594629,1,0.15895275479106358,UCJjr7Fvt9itt4LMeU7EYTpw
-4.0824447,4.025501,1,0.149925070878192,UCJkCKwWQTe1gmTrss409nZg
-0.20951113,-0.2520391,1,0.07168819751462302,UCJkVKu8RezbgbOZ6O_yjBrg
11.399676,2.7271051,1,0.07580425630895182,UCJkq1E0mhfWHEW8b5_OQ0Og
5.2662225,3.1274295,1,0.07698827936512598,UCJlZJIc14IZ7jKkKTuicCiA
-0.28265598,6.453686,1,0.17362006954727588,UCJl_BAwNPpp7c7knvzz9xqA
9.707031,5.4813113,1,0.010621380851616513,UCJmuTfLf2YxbTLVaKdVQeGw
-1.8399888,-0.7855309,1,0.16578464015962113,UCJnEET48xtf1DFr3ULx605w
16.517668,8.409405,1,0.007436501022930031,UCJp5UaAYXanpEWtSzQOEbXQ
16.891186,8.577253,1,0.0817362681249385,UCJrO9dyQQnKjRNOxAKho5ZQ
13.700534,5.2715325,-1,-0.0965778670233488,UCJrd0Li-F3K3VgT-YL1t5RQ
-1.0208849,2.1155267,1,0.14300407293610273,UCJs1iZV0tf7Yuj6NjJNnvzA
-3.6416976,6.2069273,1,0.16418090172600158,UCJt38Oo-PA6VEu0w3wkSaTA
0.83959246,3.237711,1,0.1160844800362178,UCJtmGL916BF9-EousyS3BHQ
-0.5352772,5.096754,1,0.17164403461318345,UCJvK-fWapn0Wxcn-9WLybJw
19.117056,9.514625,-1,-0.039231493164203934,UCJwSwlV2b-wNMiy4Kyq45fA
-4.3818345,2.1505868,1,0.11320274347379533,UCJxaNTe5NEF1ewIv1qCbIKQ
0.6841342,2.6632235,1,0.14687813630210805,UCJy6XBK4s2e9qY3wBclOeMg
-1.4322127,-1.9644835,1,0.1685392637953247,UCJydCjxYk8EXl5DGwxsArsg
-3.0904174,4.089327,1,0.14155167220052772,UCJz3aHk2yzhYnn79l_vMaHw
4.1911793,7.4838033,1,0.16313000745883038,UCJzcjyFJfsc5yIGPFdCFOHQ
0.42132255,-3.851783,1,0.12353405285845803,UCK-MpPSnKHIbevDsJizLN4A
1.4020755,6.35421,1,0.16806290538716878,UCK036Q0eohGBZC_N5DHYkSA
2.5364382,-3.837922,1,0.13596254506640115,UCK0y3iTYCC0niTi0QS3p_rw
-0.4031494,0.30979416,1,0.12916748289222996,UCK2rn6pdf5jMmgPFaX_vU1g
-0.36692342,5.3696094,1,0.16801578479845036,UCK42_mpjxeX6oX0GzQ1N6LQ
15.461042,3.5600417,1,0.13168300975820313,UCK8D-7ipayTAflMD09NlI-Q
16.857677,8.597885,1,0.07422160200300965,UCK8Fy84XupSnTEPsQbYRodg
-2.9756863,1.6408236,1,0.15864496561087432,UCK8Ie3Wzo_v79xCBgYMaWrQ
-2.8329973,2.769636,1,0.15931042897933084,UCKAR1Xzu55ZGZe6pZVg-Cyg
10.168857,2.964641,1,0.0927616082909406,UCKBYRwVjh6bn9dJyMoeDr6A
11.99061,7.9352283,1,0.11003355247213625,UCKBeO4KkYnTEnYJPFGQZitQ
3.586306,6.9663877,1,0.1545330434765405,UCKCG91b9Yez3AEaVqwcFfBg
0.40222752,6.622112,1,0.16853834917077382,UCKCncIyOS831QUoacCrJLPA
3.118376,5.712474,1,0.1475504322497846,UCKE1pFEf1puwkU76z2Z02Og
2.1366146,-2.8779259,1,0.12684523940003678,UCKE98tJiYD3_Kkbd8cf7Kbg
0.834211,4.932957,1,0.11718486297358388,UCKED68JWmO_n20tke_BRJQA
3.2062473,5.253849,1,0.13804499266910947,UCKEdInYW3ajoEzolFDeXesA
-1.2280186,0.8387456,1,0.16161073964914174,UCKEy2jZPzhyM2_mB1xxxgCA
-2.9586415,-0.802824,1,0.1621411387331576,UCKF5zVkzv9lG1m5BtqYzmzA
-1.380258,-1.88536,1,0.0934671658802621,UCKF95oyzOefzQpWOX3C4Pew
-2.6161044,-1.3138746,1,0.16618872767600812,UCKG2TD8hFxHBZLFj8_upznw
4.5487423,1.8833464,1,0.06003522285293361,UCKG6PCKy5kVATpmSB50VJZw
6.783313,6.3299885,1,0.13323710521401955,UCKGU7SRNk6wa13UBT8xMP_A
0.6768477,1.5808004,1,0.13378180653712152,UCKH3o0lnmgLJ5erzPFcHkDw
1.7652318,6.060699,1,0.16143800802888436,UCKHN3NcDui5tws5VhlTh3fA
-1.1877567,6.511538,1,0.16072124105499802,UCKIJEO7ZQldZMzjYACzSzXA
3.5057871,-3.2455244,1,0.13824258112637594,UCKJSXnMQv8znickZQpiQyyg
0.76275593,7.757005,1,0.17041646473737943,UCKNK94GclrIH3FYZLBI2cRQ
-2.145596,-0.49419662,1,0.16522982720852675,UCKNXK-jSe7Uws637VrSnDAA
-0.20218153,4.8382053,1,0.16920402196732864,UCKQ5aXoMGnL_nNMKn4UhspA
9.715606,5.435909,1,0.018584498837783237,UCKQoepgoXPPXCm4EXBZ0RHw
14.163553,5.3393354,-1,-0.15870344056594377,UCKWILPzNeVFhnlHyCfiCzwA
16.669033,8.541825,-1,-0.1104928273782455,UCKYzQfwdX_aYo50RUKlwZUA
-1.7904857,5.87979,1,0.16675868261345833,UCK_Bf5cbN8i86JM46h-zOLQ
10.319362,8.13128,1,0.09495375486407953,UCKaPp5CQo4Id55X4OIlk65Q
-1.0552664,0.1401067,1,0.14787208546432862,UCKcUfoeKp75eh9dJKy8KNwQ
-0.48161262,-2.3433933,1,0.16272248130480416,UCKdCoO2xMJpzInq54XcRrSA
-4.226074,3.724782,1,0.14874745977255238,UCKga2g4ArDsV3QRzgTVHkTw
2.7277544,3.0547059,1,0.13482571741015942,UCKhkVHPnUxB4VDK23fqafzg
1.3976381,-2.1322708,1,0.12963616198168698,UCKj4L52BQ2eLJ45IHSH-uyw
8.228218,7.4603214,1,0.12886118541090047,UCKjHuspfgaAH7EOnEwH0a1g
0.26231113,1.8424852,1,0.13802043070945003,UCKk7L-IIr_H-TS0C2FPk-2g
11.694443,4.1870995,1,0.03234457059068785,UCKkC7aNFOEL4Fzkojh8_zGg
-3.738643,4.0560684,1,0.15778322024247882,UCKl2ZSGMKMnIN5QiPAmb9Vg
-3.1128135,4.500806,1,0.1601777318058999,UCKlRPQI_KGGmefo_Esw-9RQ
1.5691947,0.36836284,1,0.06048932027159132,UCKltxhASFYKqfH-B0xSzXRQ
1.1726221,-4.0513444,1,0.14971638866046877,UCKmKXCwuHwi6TYJRrDYovag
1.093594,5.470988,1,0.14829828472476064,UCKmoUByX84VlPofWHGJwPbQ
7.4552293,5.125037,1,0.02897065929856668,UCKnU-wOy9EeFU0_VJeYQ6jg
-4.3882384,2.2400184,1,0.11189649316127254,UCKnUFvifVMD_Cm9EbP-N8lQ
3.4673045,-3.5614986,1,0.11616488201347108,UCKnsn7hPNmhCqziJfZTYa7w
-3.7097895,0.61944956,1,0.13978117528755152,UCKoNd1bK_QcDaQ9VsOZVauQ
2.5292292,6.9870243,1,0.14719839048683664,UCKoOXrdJ8G444u7VYhQ6olQ
-0.38712782,3.3741326,1,0.16953038081432953,UCKpcGZGw11y6sMkqLACXL-A
-1.1748623,2.993595,1,0.15250846996451745,UCKqErh0-wWVJQ9K-5j4LKsg
-0.15360054,5.040649,1,0.16343870346240047,UCKqnolV4Merceiwp1vIfiDQ
1.2041029,5.668049,1,0.10298507774810184,UCKrGHsSd7KAvY0XzfXYgntg
3.8048139,7.2009344,1,0.16389223816344078,UCKruRnsA98g_W9nrwZy41Xw
-3.6708488,2.5414252,1,0.10383732838201454,UCKsYLVrkoi5XM_ldCuM3nUw
-3.89956,1.1741934,1,0.1498225363535236,UCKumhTl9x-hlvku3EZlCKug
-1.0753578,4.5585093,1,0.15785899252177826,UCKv1S7WgHRFzDxr17RtTCKw
7.2776337,4.5611525,1,0.12078795120782942,UCKvz4reZG7X0cKkQa6t_PZw
-2.4923224,-0.7988657,1,0.1412810141912394,UCKwJJysQwopS4dmdi3zTClw
0.4409564,3.9379106,1,0.1656175179413426,UCKwbC24BFP-f6NLsC3Cv5_w
11.546878,2.4196155,1,0.05323245236492691,UCKxQlxka5eaVOR-Xna0e9vg
14.222688,2.0986607,1,0.00825252856896197,UCKxlnGDhVxkjqAQDDn-oaWw
-1.8624289,-0.96067506,1,0.15634241171533403,UCKxyGnx_ZjvTKbTuB5jVKvg
-2.5143926,1.8233173,1,0.16059446472476568,UCKyrQ7sZrzynReVrxLJQXDg
-0.31688905,1.1988568,1,0.14249810898771587,UCKzIVR2hZppwMHFOOjTjMUg
16.763361,8.511625,1,0.08046195211839641,UCKzMS7xpAWba62Mbso53t3A
-1.4824175,2.569172,1,0.14593486799268146,UCL1ER-jYd0izRIlPYuQFbMw
5.670777,6.986446,1,0.1281793605673855,UCL1WcxlDxvedLFkJA2H8fWQ
9.037865,5.0452156,1,0.05455734601652179,UCL1sLmduA18r2QqGnWYps2g
4.062292,7.2480993,1,0.16606295020989292,UCL2krQC--M9cQ15_ckj6uEw
-2.450295,6.8235507,1,0.17051741752109828,UCL5Ap6B_5sZWDeo-JbOaC-g
2.5105078,7.708028,1,0.17138141527638334,UCL6935wR_nH2qU1HhhBMevA
6.273627,6.513754,1,0.10039003323090212,UCL6faS2AxWRHyhe9PST-BGA
0.7021032,-0.6488521,1,0.11384582789515574,UCL9DzZ00vJegnZue-sTdLYQ
-4.340244,2.582891,1,0.1124574263222975,UCLAbDYTF06nFXXtUKvhhh_A
-2.2885725,1.8634129,1,0.15399296889262892,UCLAdj5BwJOuPbRSAymyZ0gw
-3.181998,5.7969046,1,0.17144173019010855,UCLAydouMu612cGgFtZSFB2g
-1.235825,5.2084537,1,0.1672194071570282,UCLAzDSXXhkaffpsZgskYBSg
-0.03279445,5.2754145,1,0.1722503158820663,UCLC2l-SBIcOUEr7fnapodEg
-0.30875513,3.6105342,1,0.16899163837122927,UCLCKgdY-CupG8q06lnv_uLw
6.882867,7.6585774,1,0.1538790982933999,UCLDC3YLAhzljtL3tElB_3lg
0.9691384,7.0649333,1,0.16904825665461526,UCLDKpaAlA0Ap6V4hQP_-8IQ
-0.9022397,4.7219467,1,0.15734192767384408,UCLEcCbIAoe-08hV4RRHvWLw
2.7996562,-2.4026585,-1,-0.021278076876173335,UCLEkptekQRH0pLYhQg1TQrQ
16.677164,6.2229404,1,0.021697626672066983,UCLEna8M8WAfgWliReqL-sug
-2.8863046,2.4830296,1,0.14144539348850171,UCLFHCsLpHqjpm4ZHkTnXZBA
5.58154,2.680475,1,0.11616894786666837,UCLGPv4eWxcoGspJMW-R8fGw
-1.9628981,-0.19262445,1,0.16971607685369205,UCLGi8FtHW9VDu23UgFSZsdw
1.8441414,-2.4884534,1,0.1373718583922856,UCLHH7O65atyGeiiAvdeuYgA
1.3289042,7.3498673,1,0.1483588729052705,UCLHODIo7vxDr1nws64huSTA
0.8995893,1.3879843,1,0.14441375358027253,UCLKO63b6ffdn5q84ftPRb7w
12.984526,4.5835786,1,0.06465116073287808,UCLMIFbJIUEn4oaMy5Mvy8TQ
3.267657,5.6572886,1,0.15914599642326543,UCLOAAt2Dn6tuY77ckWiKpxA
-2.9501219,3.7740304,1,0.15126626148511263,UCLPrt2I7dVmli5WeJAEu9pw
-0.88910294,0.38259953,1,0.15725016511911455,UCLRGB5QAOLLZGF5wM3mrd3g
1.4409955,0.8740721,1,0.03712079209911101,UCLUt8H_RWr6L2qArTCPIAdg
-3.7229218,5.7796683,1,0.1660619151809959,UCLVGqFdlqiUZopgnp6DTWkQ
16.167807,8.248881,1,0.08458593178657403,UCLX-iBfkiBa1MtFJkBvxjLg
-1.8790944,2.4235358,1,0.1578261064596524,UCLXIh_LSDBDz5mZ-5EI9fSA
-0.07919848,-3.3436036,1,0.15987759427274306,UCLXg9208qefNkM1ptY9MEpA
10.63485,5.020094,-1,-0.014334143332404459,UCL_KO4NMP4tjspOMgQIHRxA
3.43901,7.1748114,1,0.16787987847816566,UCL_Pw62I9qIhDhm1eno_whg
1.438772,4.7937875,1,0.16775114360635068,UCL_TrpYcl3Lbj209zxlFg1A
10.369227,2.710496,1,0.10476781778090527,UCLbajGW4KYIKCUF89LaZOPA
1.3415555,4.1220284,1,0.1485131447749255,UCLcHUhR-yjQgh1hOGq2xAmA
16.000587,4.8282566,1,0.11536242326531809,UCLcaNshR03MPgXpaKZPQtHw
-2.8978617,3.3615446,1,0.16123168067457916,UCLgDK_z0EeoTdLXEC4_ARaw
15.26744,7.097952,1,0.08377691370109369,UCLgn78loM1JEeQeA3t1Ok7Q
-0.71674025,-2.5421722,1,0.13752004054588823,UCLhPVbIGHSInWL156c1a_Qg
19.10067,9.504959,-1,-0.046900938207578124,UCLjBBYf8XEYYzUKeB7PfX4Q
1.256271,4.5044813,1,0.15500933905600217,UCLjFChohT8YDwy92945ntFg
-0.12757123,7.5764856,1,0.16814126038670385,UCLkLNBPS7TMMYAiNAat8pFQ
-2.7406833,-0.17993225,1,0.15717887270774067,UCLkWMXPCsuhxaZzTL1RxeFA
4.1220784,3.540829,1,0.15198125271533414,UCLlumAMcmoP3o3OXc7pVSqg
-2.6360178,3.5396147,1,0.14211813464720674,UCLm6qNhePyDd8xMR77NW0dQ
-2.4563437,5.9857926,1,0.1687025472722909,UCLnoRyq-YxUT7n8Z9KjytvA
11.075658,7.018495,-1,-0.13319043881486814,UCLpJqfrTcLpvrEme3Vp8-vQ
7.0152817,3.0424216,1,0.09737273090437037,UCLqcZGfLm06xYitWZTeF9Ww
-0.13095547,2.0051398,1,0.10313818863139618,UCLqhWi2NJ65pHfGhbvmgc1w
2.0230725,1.9826967,1,0.06358404272715207,UCLs-zwOMDNwWaTa8dI4qsjA
3.337865,2.5307248,1,0.09597785371431017,UCLsU3Kbv_qpfnclM-EDMv_Q
19.023623,9.44721,-1,-0.22072238445469095,UCLt7ivYV0_Oe6iOSo-y_UFw
5.979032,7.276852,1,0.13800359842162396,UCLtCvtRATucCy5GfFV3NDvA
5.782969,3.5452082,1,0.11210163222366792,UCLxf7BbSIQzwlp-4Nzd76zA
4.1392126,3.8781636,1,0.03360699369093195,UCLxmocXutWCN0e3HELNrDJQ
-0.35725287,1.642288,1,0.16600254455826308,UCLzjELvRi3-FYl8nLIujqjQ
0.5617693,3.1876671,1,0.1099747756207522,UCM-1CgVJYCMnDUUof06arkQ
0.27748042,5.1276817,1,0.14238396157001998,UCM-5cLUaC9H7zz2-pSp9wxA
7.8626413,3.215131,1,0.10540128776058927,UCM-KCKTyhibGDR-Gu8uYwjg
0.43251538,6.368837,1,0.1578754130278605,UCM0xjvQEw0uaGcJuqV81cww
-2.6846275,-1.2115595,1,0.16468408201220058,UCM1e0HvRXcTS-wLT7BxsahQ
-1.6013484,0.561957,1,0.15996951286771666,UCM2IiH-NaaZ0ttd6tdcXCow
-3.2012975,6.4981594,1,0.17185345130317653,UCM2jxaOY97bci7UHdklU4RQ
9.297237,8.0440855,1,0.1384184428454785,UCM2obt59EEQuYLqnOfWXn5g
2.07735,6.129401,1,0.16294707176338696,UCM3xdIIhq-rUMBXUjmxVL1w
10.938424,1.7352251,1,0.06111015928071817,UCM4USSyFycozS4FgCd3ZLLA
2.1445324,-3.309211,1,0.13157647720325993,UCM4ytcATXD7BknyhC3ej7LQ
-3.6967437,0.8294223,1,0.15187663764921255,UCM678nXZtJeqVMGgrT5QEqA
-1.8692418,6.093877,1,0.1700518091777573,UCM9wm9xAHHLx2c4TShu6roQ
11.049151,7.3332205,1,0.09375162245642799,UCMA3oZvKkdkS_YI7qus98nQ
-4.112014,3.3704515,1,0.1580792159271075,UCMCdR-NxEi3UZArlV1iQGCg
3.0648541,6.6676297,1,0.16071976691367879,UCMG4vrEq3fFEvxXr_fMiSRA
-1.6879762,-0.9732388,1,0.14903615475641158,UCMGgC1x6oejPaDx1ku-PcwQ
8.369575,3.8435595,1,0.07744640088866295,UCMJkf1_BT83re1Oop0U-iaw
11.553495,5.179326,-1,-0.01781959247335063,UCML8L-NJfdPqt4Ldw1CEoOA
1.0299026,4.5489545,1,0.16633288239725846,UCMLiDHwjl53Gy6BWoxCqMKQ
9.7809305,5.3586993,-1,-0.08684221878059939,UCMLkTrKuK8a9PwL4x51dG3g
10.3427515,2.4855902,1,0.10439859312267114,UCMOY5KeLaRAt8ulUmJqRSrQ
0.6596232,0.72605157,1,0.12115171921739121,UCMOrZFrLv5PmJLK6BdG2F2Q
2.552708,-3.7757986,1,0.12595169231206832,UCMQt40_NQZcynX8k5x_MWjQ
13.937394,5.366786,-1,-0.03542112906228989,UCMRFUlKSjiL7SNaRevcsNCQ
-3.4458358,4.5752907,1,0.15754630093879152,UCMRPv_JDHY9eL82XsqeSs3g
-2.7400088,0.72169644,1,0.1571721218782925,UCMSobC7lyIxCukAx-4viKTw
8.037962,3.2477548,1,0.10751698191319625,UCMU6ZtfiqOJJ88gWdSX4iDg
0.033746902,-0.57782507,1,0.1404762307760003,UCMU91wEB_tzUT7E-79u8pgA
15.984007,6.5005264,1,0.004767949896479218,UCMUaVI67Zarw-K-cxfc-5Hg
-1.5092899,2.8796506,1,0.14729416712958476,UCMUxNxR6ZmPh6kSUk9wHtFQ
-3.408304,0.3291264,1,0.14467452891078225,UCMVUntv8DALJMDCgsElhndg
6.876065,7.1453214,1,0.11386166075705406,UCMVdVnDIK6U9BRL_1aCSwuA
15.649461,6.0455103,1,0.06827259955858739,UCMWAKDQiH3mE4gHJF1ZgNZg
0.14381874,-3.5780137,1,0.15533915759905148,UCMWZt0fx1rg-v1SE4yeCryQ
4.865725,6.608923,1,0.153209024520312,UCMX0YCcUgTaPa8lq9htHdGg
9.392827,8.087705,1,0.14273130218593139,UCMXJ1E1iuvkGEQxBDkYRDzg
-1.1496284,7.329246,1,0.1717075952315752,UCMY6SbDXkB0mq9b7vuT6LTQ
15.569589,6.018884,1,0.09204026320130171,UCMYIWB7GC_LYwq11Ai5o8jg
5.696521,7.682356,1,0.15081491308255596,UCMYngNZP8uJhMJtdTlQiTrA
3.5982213,-3.277183,1,0.07017907927826939,UCMZNBr8C0TLvHhHMw6m5RPQ
4.0986867,-3.2632272,1,0.12652836532456196,UCMbD_E_1AT3ptdQ809cSqoA
14.734135,3.0388172,1,0.12179986666122433,UCMbquPz0eKVjKKaSMkPr4Zg
0.84631157,4.840721,1,0.1337890274881044,UCMdP47I4KgNQ2U-bbHdX1cg
14.889928,8.247501,1,0.09675428315987084,UCMdxF12nhZUs8y1Xlf9JXqQ
4.3755565,4.275264,1,0.15592345746544095,UCMe_4S5x94XtmKxj2L_CS-A
0.28152794,1.2100067,1,0.15513747411020412,UCMgH0CiOhHEUAO2THBFMECw
-3.6820502,0.92151743,1,0.152889885565402,UCMgIMWSzAr1_4BptPaMdLqQ
14.651187,7.970005,1,0.10960934278398632,UCMgxlaKqhDiA2LM05KyvZ2Q
-1.3884579,8.188231,1,0.1449477662859816,UCMhwhHNMcIN_agMNjhtURQg
-2.6604383,6.485102,1,0.1719509408877129,UCMi3o_s3DkCY0VoThHuufoA
-1.7300673,-0.60400265,1,0.16636488815544137,UCMjhKYSfaM8uUxRQbdHSHsg
2.5385282,-3.7538764,1,0.15019154636492732,UCMjkExwd9qR-E54XsxZmWFQ
11.733143,4.3171067,1,0.02605296423081338,UCMlKsztqDZx2S-Hqwjg_ohw
0.031786475,7.485931,1,0.16948753385740484,UCMoc4RbV0-QfMg0_TUl3y9Q
5.182357,7.9520445,1,0.11142756209544014,UCMohUwkYIMKOxGjMA9mreFw
-1.2446377,6.3603764,1,0.16621384565359998,UCMq5wUMWEA5ZComYJg-XWlA
0.7917205,-2.358132,1,0.13572358557418485,UCMqUU_y-tZUzQi43pr1fH6Q
10.774875,3.090401,1,0.10353789065286195,UCMr_8ULu56JMFUR983cEieQ
-1.3485768,-0.10065162,1,0.16367336389224313,UCMs2aCr-xMCuJzUnYBT5Cxg
0.16955023,5.5503206,1,0.1702905421127376,UCMt30rzhJLXqzVGZzby-4wQ
3.9399116,7.8711767,1,0.1414616288227437,UCMt6_IDmq7bx-tdq4fT73rQ
-1.9920881,-0.5135803,1,0.10470598672987819,UCMuu5BumdEb9pldKjzQCLvg
5.252491,2.96788,1,0.12014383695709752,UCMvPNLVVT3Bc5T5k4t8fZ1g
2.8051393,-3.1648498,1,0.13566540932979132,UCMvgnuYTIg2AvHJuQiaJWGw
3.2890806,5.320272,1,0.11296449983111678,UCMx53_rtRk9ea0hZLh0cS7Q
2.8098729,2.0590394,1,0.09146365731096578,UCMxgQFNb99YYZnW96nETJFA
10.278406,4.095896,1,0.08875899418358985,UCMxv92zAEm4ud0XO-uhs28w
4.9884105,6.879375,1,0.1509800193925498,UCMzUyEMJEvHvgmf5hpoBPQw
-2.0431828,5.5107713,1,0.17316983300752536,UCMzcnTMWhEshylJI3yjLwfA
17.186075,8.643505,1,0.040317725405758176,UCN-cEdQkMszwEfbU6UkSl9w
2.1489356,5.488752,1,0.167014691799793,UCN2atYDqj7l_a2jjbBlxJLg
15.18833,3.1265264,1,0.1314218578680008,UCN6LhhVRj4HqqyCsVdUdKfg
18.270576,6.324698,-1,-0.14868528697374928,UCN6rzZOB6vJu8NkHFVakA3g
9.496027,6.0429435,1,0.05718460683180593,UCNASD8o9gbXmLprttmvG3yA
-0.4337626,-1.8977274,1,0.14350085111090694,UCNCCdmeoEoLf8yHUK54wtLQ
14.835859,4.058914,1,0.060569523037968476,UCNDc2ZtP60SCVFo74NRQ68Q
-1.1287566,-1.7011727,1,0.15852471409046298,UCNIb7iUMK5z7pgsNi_itedw
-3.8087947,0.7939355,1,0.13904381942321214,UCNJmQsnr8QL3qtPRYTUf76g
1.5587269,4.889339,1,0.16628073697674522,UCNKtaPsZEcCoF1pZuX-6M_g
15.800707,4.5342255,1,0.06174628638402474,UCNMJBrUazekd7kif0zWgGbg
-4.4640203,2.3694203,1,0.109919990797202,UCNRXyB_8cro_Y7s8Uvd11cw
15.257273,4.207537,1,0.010939757875899292,UCNStoqqT7LKJDQ6vh-D6S8A
1.0780085,4.306964,1,0.11036289699034868,UCNT-1gDY4IwtQ25JCXg31LQ
-1.2956988,5.848279,1,0.172764474467008,UCNTp0NfNznrIAL2PMWMOwIA
1.0844789,2.692837,1,0.16287281428907052,UCNWjHyfqVi0II7Hj1vCs_nQ
7.5636477,4.5361567,1,0.01923790095988359,UCNWkn1DIu-IdJ1AdwSpehLQ
2.531557,-3.5969718,1,0.1423107949487326,UCNZ3HreDsv3_AgP9Mitwnnw
-0.82628614,-1.2055677,1,0.15767846845018962,UCNZ7472fqApbBviqvWEjOxQ
-3.2286997,2.9869792,1,0.15886364246386436,UCNZNPJTYmnT_cMTE9824nZw
3.4590318,7.050518,1,0.1656012796497381,UCN_W8danXa80CyLkWKZBCRw
1.0886437,2.6877103,1,0.14254217850281725,UCN_cD3fKU1hJ6f6a8_49_pQ
1.213549,0.7518286,1,0.13106665119026445,UCN_ki28vlXdUbpBqr8KYRLA
15.401709,3.2865062,1,0.13380898785693085,UCNauCZB1B_hzrXgtV8EH86Q
-1.1887829,0.7675686,1,0.1548707706268036,UCNbYCngSJqfAhQ7stfUKqkQ
16.827074,8.525614,1,0.05275134780991647,UCNd-tBDNq7m8iBA3eTV1Uxg
0.6636128,6.61372,1,0.15770063370331844,UCNdTyTFYcy061xWT8sxdZjA
1.2008871,-3.4866588,1,0.15675871638424782,UCNdjO23xxDPtLEAIluSuDIw
7.781073,7.662897,1,0.11442196034536245,UCNhaLlMCpSlI99xl5D5zT8Q
1.3646765,7.666834,1,0.17133722243933147,UCNi2SscoEJI1XtBWo-3vbRA
10.916111,5.7875147,-1,-0.1402011738979706,UCNiwLeKNdIisbd74yA5MitA
-2.428852,6.4203534,1,0.16885295044638982,UCNkvaxO8PxehbRmmbHQGFTg
-3.0469184,4.008771,1,0.13609971729953424,UCNma11iqW58LQ9E4qaBkntw
10.996963,4.021751,1,0.02064702847443539,UCNml2Rf4TQq61kmTnseivig
-2.595576,-1.4714864,1,0.16296602764154244,UCNpMK6H4t-gI3MkzR68FtOg
-2.9627032,-0.81359243,1,0.13954104888152086,UCNpP4A5GxQrl-jTQgwlw7tQ
10.762602,5.5638294,-1,-0.07154975888703463,UCNq7lnAS8kHAVRNsx_su7tA
0.25758797,-3.7468114,1,0.12950754544777532,UCNscPzLD1jN_0NhRnHqTvlQ
9.450892,5.6688643,1,0.010871639833569702,UCNt6PhWZYrrKRfHDj14521Q
-2.0858445,4.5895534,1,0.16577435063256152,UCNtc35PKUsHLdu_lsnlsyZA
2.2372234,-2.3376057,1,0.0845739230596318,UCNthl3PYE3ZlVB4X_e64pjA
16.825428,8.558254,1,0.0399629803506415,UCNuAznZGQMkS-uE-opwntUA
10.221317,6.733115,1,0.05839437263523617,UCNxI_HDUisdTY7XEPB4tnwQ
-0.68836474,3.505608,1,0.15129988574833064,UCNxlK7dJBpQkXTxsXUlL5cw
12.766509,4.540497,1,0.03675403622418261,UCNy35ptog4P0UO1rGmQMLVA
10.804861,4.5378265,1,0.023534841402797824,UCNzibLvHdIudTgwVxo0SxIg
-2.606363,6.275096,1,0.17155444814757048,UCO0FkOCxGlWgsD2BaDzL1jQ
-2.84004,2.3347511,1,0.14715648490610783,UCO0NO0k1C5LzmhXxx-Wm_WA
-1.809449,4.4258184,1,0.1661414739516544,UCO1ZOk2VbyceXfOHIDa1LQg
8.140061,7.323391,1,0.1391163752853516,UCO25VJKh1rJ097G4oeYVcBg
16.109886,5.9550495,1,0.0838666180797572,UCO2RdNSI57z2f-QZpheo7jw
7.068187,3.1887481,1,0.05834261847624961,UCO34J0tfaisSaxDS_odnrwA
0.49502188,-2.80057,1,0.13912126473808495,UCO8791kVrVRd22l8eb7LAFw
14.25671,4.091117,1,0.07699458035896206,UCO90TjJi5T1SvGfH1WCAvjA
0.64440995,-1.3558422,1,0.13422473387671557,UCOB2TfE-J1QyQW40N1n4kqQ
-1.5319169,5.92137,1,0.17330595118299907,UCOBNkglJN0RPvIjXWmzY9xg
-0.7099492,5.3005605,1,0.1655186847994703,UCOBRw0YHPSxv3m-QHRfedew
2.8098984,1.4300495,1,0.14864498637083096,UCOBue1PH-JNU-lVaZmg9M1A
1.4444932,7.9903316,1,0.1573075155941649,UCOEYfejyDmEUT33-HJx63ug
16.254313,5.8964286,-1,-0.1909705759144995,UCOFlYbL1XlJuUgUg8BOITaQ
13.8041115,4.496539,1,0.07349823655664633,UCOGS7MVA2Nh359RS2ZkDr9w
-3.112041,2.198205,1,0.12231816374675952,UCOH7P4vi19uqPXT4t5Bl68Q
18.163448,6.3485208,-1,-0.08541113598311711,UCOHBX-VEGAjsP1amx8S9ZYg
3.7760768,7.6130342,1,0.16825381846866194,UCOHhIeXoMQU62_gVqQ9s2nA
-4.116231,3.349539,1,0.15433986956714835,UCOHl1cyutua5NuXsNtGXJXQ
-0.9276824,-0.9504801,1,0.1476449114896115,UCOIwaSMx6CbtVsp_ufHb0fQ
1.5223972,6.272907,1,0.16661264720913105,UCOJOBZNJLZCIW1FEaySuaAA
1.0769024,-2.3436275,1,0.13640374443315795,UCOKIPfw_xp5YeR_LUMDnHMA
1.2721788,7.178026,1,0.16735029585686728,UCOKXaauDtahsPXzhZ5mx70Q
-3.8833992,1.0142449,1,0.14834528808858677,UCOLNChBfTnznJ1I5PesdplA
7.503696,4.0286074,1,0.08039065249562993,UCOM4a2QTWooucQrESCL22Ng
9.408746,8.092278,1,0.13352851031013957,UCOMbDLR7ma8bpUaI9M15S1A
-1.6074588,6.975245,1,0.16261454816006882,UCOO-PqTx5q4lc5M5Ehp49EA
-2.6100984,-0.9749654,1,0.14325912546815306,UCOOYzLfBjWHsXTMy2q7_DWw
11.994706,1.6134422,1,0.07922673812075781,UCORKyLSn_1kB6FeTglUJAlw
-0.908315,4.5486293,1,0.15712730344402542,UCOTml_gIIqTMOWYzVKfbyxw
2.6807852,7.728228,1,0.16782827178618798,UCOWXz88XBCezFdNJITdVo_Q
4.07365,2.0099044,1,0.11975485528379615,UCOWlNOZjIXy-5LLeFIoIj1Q
5.2492275,7.386561,1,0.14264642900123498,UCOX-HcA1qSeNCbNq_up7q0w
-3.1714659,1.2411906,1,0.11650193970092171,UCOYvo3AjQuR19MepKm_Fbqg
16.785122,8.471207,1,0.07897352262751267,UCOZ1ypuDGFTxDXBsSlsbk0w
3.5421295,-1.6753004,1,0.020749556643876954,UCO_cJQMTRU7LC5SuxCMNh-g
3.2822485,2.4269173,1,0.08589047379123749,UCOaFox655s6MzVAC83kTI_Q
3.643962,7.1874337,1,0.1655951407372951,UCOaHbz8qAE0GL9MLo-3kAvg
12.263381,7.6353064,1,0.05393183533706236,UCObVMTiout7KscK0I1_0PPg
4.097514,4.96344,1,0.1553194862718139,UCOcGyutuwSVLTne2lJAkYqw
2.7063534,4.546814,1,0.14557895578218832,UCOhaqXJiXe2y-Q0DRyF4gPQ
1.1293607,1.3522727,1,0.10242892698141198,UCOiWER0zk6Sd8jwO_etqTvQ
14.327602,4.2183614,1,0.01775441799490257,UCOjaA-WqeSVv5yYzcZVHRSw
10.77291,2.010911,1,0.1109541401223455,UCOkuyzzPVBvlX5sWhpJf3mA
14.242598,5.13699,-1,-0.04050459905365977,UCOlE-jjlntU6MdyCVSecwCw
15.712711,3.6872268,1,0.13178521199579124,UCOljzDRpDcHrQgvQFjuiN1w
1.8929131,2.5723908,1,0.14652916600848315,UCOlnVMMaCwpT6JQqgYH92vA
3.8519702,3.2581646,1,0.11706231921341276,UCOmuYcwzKikgTT-y5tPQRnQ
9.226079,4.8992286,-1,-0.009176322347383414,UCOnULsxLCgbXeD313udb7Ow
1.8271613,3.3232358,1,0.1517846841827053,UCOnUmG2umqGw6-BIdE2Dz1w
13.867305,7.608517,1,0.0944351613381762,UCOnesLMmE6xQw8TYEBx-Zuw
8.260627,7.7699947,1,0.14211002246159649,UCOp2OQUz-BfGNLBvmDMbSRQ
-3.421736,5.620399,1,0.17271111215761392,UCOpQ4iXUaX1QjPKJKOxuwdw
1.1311846,2.3390183,1,0.15394444310414757,UCOpUI8M0Dd-mK6wmL98E2wA
-2.6505926,5.704368,1,0.17006489814741954,UCOq_lWI50yTa9F3Y_FxVdzQ
15.393266,7.0656753,1,0.06364080348485934,UCOqhn4eQQ8kQCN1FpmYUTEw
4.724246,6.468637,1,0.15212130172748506,UCOsKYxFZmG37huU0f2AFM1w
7.3283563,7.6515584,1,0.15048294264517348,UCOt-Xm-JhhDuVqJvinDa9Ew
0.11314701,-0.9535951,1,0.14385985373737264,UCOvmYM5PJctApj3vD9zzk8w
8.94438,4.4895015,1,0.02875709946358812,UCOxMw8uERlc4rM80LqvQsUQ
-0.14632197,-0.4613825,1,0.14264691251269856,UCOzz0A5l00GQy-NSyFvC_vA
9.142058,7.952231,1,0.14574498976386252,UCP0J7_ZJsnLryTJxyQzeQxA
1.6061921,-4.0329275,1,0.14577745420435678,UCP1WR1zpq41mtwrTHy4CNBA
-3.6359186,3.5979068,1,0.14915304783043382,UCP2WOW299R0Zyz8LooMD4ow
-0.28689677,5.538626,1,0.1571329448047588,UCP31odWRcEMmtMTHs3n9zEQ
-0.056205783,-1.3457319,1,0.14932470967728606,UCP3NXOW-3FUS1xhTVMcRW2w
18.292807,6.2758627,-1,-0.04395198906291209,UCP3O0bqJF8uKF6SYSnFUynA
10.519757,2.5713232,1,0.08835465722107166,UCP3UzMEFEUu1C-qGLClvapw
9.826897,5.1251383,-1,-0.04565459601433308,UCP55Rzf5jGZBOJ9eRgLQBsw
1.6678406,4.9498863,1,0.16461136252639275,UCP5zn7jDrjoP_oGTi8CITrQ
6.7635756,3.0720465,1,0.0944611231141344,UCP6LmAM_xtRUIfNszHJs86w
2.6346095,3.6446273,1,0.1582473009032953,UCP7RwmfnS9EA2uSDrSjJhRw
8.754047,4.6871285,1,0.06795708850643717,UCP7UJ77QFGFI2V5WY0J8hVQ
4.5685916,2.0550518,-1,-0.03398005650387648,UCP8uQCp9tzhkm_-5J8o-k4A
1.6550554,3.6743546,1,0.16019636901355078,UCP9r66BsJpwwef9sOymzCsA
14.911553,5.53488,-1,-0.16415268878884892,UCPACLGYMFAxvWEtu958suwg
7.547321,6.2041416,1,0.1351287752665183,UCPAFLmpLQt0c6Fk7bOkxglQ
1.0091538,-0.29546726,1,0.11858161008359763,UCPF1wTA_kIj-KltiK0can0Q
1.0045896,3.3875299,1,0.1502705231310028,UCPK0iAz4nv7pOvXwi_ob-KQ
2.5465348,7.8956103,1,0.15706791477757404,UCPK4S5GzQARdJC4qAfTrDLw
-3.1805792,2.5429275,1,0.11876933212333535,UCPMPqj6RfOrfqUnhh1b_oXQ
5.949579,7.0084643,1,0.15169813261497744,UCPN-UUTa-ZzmrR7U3fIO8BQ
-1.6769992,5.8800373,1,0.16638504093332934,UCPOKPWQMtZscKv5roshke_Q
14.605672,7.8314967,1,0.11381130089111857,UCPOZVGwr_tI3CTYyXxREPpg
3.7279794,-3.539866,1,0.12895135087016585,UCPOe9yAAKmedmzNrcEtw5qw
11.558826,6.039548,-1,-0.1902623944737578,UCPP7rQOIv-DqkAG1Yq-7oUg
-0.7235884,2.7882683,1,0.15110992969461917,UCPQs-p_ccMvK1YuEjP5rW5A
-0.945835,7.9810505,1,0.16660262678807825,UCPRPPv8tzX2EbZj3JSy0JzQ
2.360943,0.56023425,1,0.02037012392725862,UCPT_76MwHgN5085vjZQQbMg
11.592594,4.6414027,-1,-0.15530343615108,UCPUeGS4s08TG7wgfeaIt3Lw
1.817302,3.6659672,1,0.1386819893989149,UCPUp2eMTThfrXCyRnXKSmrw
-4.081336,2.4181738,1,0.06098050996975268,UCPWL7ZC5t0CYrlr7ztyiNgQ
15.639809,8.222199,-1,-0.017839967835128534,UCPXB8a7JUa9Hi4npX-B3idA
11.757179,4.566441,1,0.023059101104369095,UCPYZov-3cu5T00MLD_tL-zA
-0.6246119,4.2803416,1,0.1697639512367487,UCPYt0AodY3elxHEQiLTbNRQ
6.837976,7.689258,1,0.15214596699374322,UCPZigcEwXI1yvcr9ycPFWPg
3.7082298,7.1282425,1,0.16884099871421104,UCP__YUyDBvcTDvcJ_IVo1tw
3.3984003,2.5116177,1,0.1367759188368191,UCPa-HQx8CJXw3AowL0N1FOQ
-0.102123596,4.6018796,1,0.16681615388891458,UCPbqYVwuet5H6Jm-8HPUZGQ
-3.3644128,4.463921,1,0.15365074717375654,UCPcTPyYwVZiyzmXuk_u5Jyw
1.4403863,-3.8814461,1,0.1518211968226867,UCPco6E8erUp1HxRvhf3HsZg
12.906144,4.5011053,1,0.08583898744049018,UCPd5xl8c4YpMECLBKWpCJNQ
1.3086901,8.128169,1,0.1460736440235843,UCPdD3YpXTI2gROpI-LtEiNg
-2.2779496,5.1020994,1,0.17138673557392115,UCPeZOW8GUyv2rL9P_e7BMzw
11.524531,2.5057554,1,0.03549900710938414,UCPessuZQy5_st-CzifVsuUw
5.408615,6.0552177,1,0.14745302376455954,UCPfUe_j5kVggThOU4Xp8-1g
-1.1247424,-2.6364834,1,0.15280171092246603,UCPgEkm1wDqJE34YKNVeYqFQ
-2.6750627,7.4571238,1,0.16925837579885722,UCPi-Xsta1dTIphd5Su316RA
0.29715854,1.4649601,1,0.15439320475340113,UCPjX5Wo5KiLclR-FpZGMj9A
-1.3563478,2.2716825,1,0.14137138562795348,UCPkIKAY6qaQTynmJV43cAFQ
1.1852708,-0.20767507,1,0.10901534576317634,UCPmgpaTGmxNKoceOnFbgk4A
10.303387,2.9479828,1,0.08338024064963373,UCPpzmjPrlbsfTgGQFhOzV9Q
1.5599234,7.37815,1,0.15181920005265087,UCPqh3FoQvdQEoW6z_dgWESA
18.213196,6.3275876,1,0.011990852770923044,UCPquI0r7ma8No-lF_cP_cig
1.4129127,-0.88193977,1,0.11178810936979483,UCPsWVFUj9DAR-MYVoM8v20A
0.13513258,4.602585,1,0.16769187676544112,UCPszdnrj_8eyEJFglR2yd8g
-2.0663493,-0.3559447,1,0.1623733325005025,UCPt5_QsxGU1ZQ2ektIK_K1A
7.4815645,7.521209,1,0.15746489782897416,UCPtIEoB1-cgGymoVE4prZyQ
3.619082,2.8921237,1,0.09116859787834863,UCPvFVAH-ZkS9M3qezMKAo5g
1.600176,-3.3076646,1,0.12805332956256305,UCPvjq_ahVgFMFnSpVDR9B5Q
12.0337105,7.9350657,1,0.130992593030608,UCPyILZ97cIKMveQzjggwN3w
14.680968,2.472735,1,0.13288350906444674,UCQ-ZSxvPWWtxpC-MVNnQk5Q
3.7075813,2.0961146,1,0.13571074220174056,UCQ1rKvydNl_JLCrWsD9VByA
-0.19656673,3.1448073,1,0.14939812733306157,UCQ27c9LVOyiR8_3ZcrISUiw
14.555174,3.8907456,1,0.08391264396842846,UCQ2BQpQhF0UpdKa6uH3DLFw
12.87659,7.8255143,1,0.10822749548210225,UCQ44fJIOlHecPBtM12GPhbQ
19.216494,9.607923,-1,-0.10822953138750036,UCQ6qMcRdFqernyfpskLObmA
3.5373547,7.950397,1,0.14941295403390753,UCQ76yTYSle9F8qcfkIltS_g
-0.7808323,-2.6926458,1,0.16705483086752626,UCQ7FZZPTBHLy9lOVZN5fXew
15.619983,5.5678368,-1,-0.010635753417122307,UCQ8vn1PsMKP5Lp8wd_-RIBw
9.973942,5.4779677,-1,-0.08639246062445682,UCQ966uhlk8H3sfvxjDULIXA
-1.8465172,6.246453,1,0.1678027924712569,UCQ98jn4akS3KpFAYfWDaNIg
9.185765,5.413014,1,0.033933865333605484,UCQANb2YPwAtK-IQJrLaaUFw
-0.9544847,6.447761,1,0.1692196063519879,UCQArSxIgNNSI6WyN4aBzAPA
0.16492467,1.5763977,1,0.1391977739104575,UCQCyztyqmA8dc2wPGR1ymog
-0.94179213,3.0417125,1,0.14983066268896478,UCQE3zzg16zALp1A3Ru54fEQ
19.146814,9.538085,-1,-0.05649913285872277,UCQE9PyvVDQwmsR17i-PvCmQ
-1.8961595,2.7091548,1,0.15274108682951648,UCQEsf2Y3AeAzelDcfTA7v1w
2.2070014,3.3141499,1,0.14620934510057737,UCQF-RBaGpjFJpx4EbwRMpNw
4.36215,7.1707916,1,0.15004757026150994,UCQGFNbtx9aLWj3qCW0J0wTQ
1.0171754,-0.46720833,1,0.11382649165919101,UCQG_f0SLQvkZpqCQxkHEtAA
10.431434,2.7125864,1,0.0004420810539639275,UCQHmbWpdleFVdJOBb2mZIqg
2.0071964,3.649412,1,0.16244429410457478,UCQKbUkkZ4kDmEL7GWdeEIXQ
1.8742633,2.9372566,1,0.05519819300795614,UCQNNgFrabu5-gaIv8h9tnCQ
2.1185045,-2.5638454,1,0.1181207945162524,UCQNRkfW2-DMxs6SPerh6rJQ
11.850522,7.902179,1,0.11142300946004324,UCQNnnqyPfqzi-Jgnbd79QSQ
18.5836,9.16163,-1,-0.08082779593291345,UCQOHekr5ykscySeOjzbU-iA
11.395444,5.6008477,-1,-0.06115351437415384,UCQOUQXFYKzb0O0uT0I-5aNg
16.492476,6.531806,1,0.010652044941200589,UCQQGl92ujpYeXQ_0ZsN_kLQ
3.1015558,2.0629113,1,0.13879965456291554,UCQQYC8P3PrpXREuOmAYoIqw
0.6047557,-3.8591895,1,0.13230636628803416,UCQQkSWu7z_e3jrYjWhjRJLQ
2.7612047,5.353598,1,0.1593894285580456,UCQSSAFhoaOYMV29cMnuwH7A
6.0478635,4.2999387,1,0.14122744480932004,UCQSgJb6uMhddEhjMmMbm7Nw
6.753487,7.6714406,1,0.1577225370576844,UCQV3aaUP4YUpOEwayB30Kvg
16.219883,4.745932,1,0.123947752800318,UCQVbKy2KgIMzeUbmodbkgaA
2.0182137,3.7605011,1,0.15990577347892587,UCQWTks93HFXUh9KKcW-Q3dA
1.6950274,-4.26045,1,0.1375610902596855,UCQWcsTQAO_IvosDt5sx9Fkw
15.931599,8.267566,1,0.08979298293195193,UCQYZzbVyNL6mUhTQI0vNqag
0.27529722,1.5732591,1,0.14666587442408502,UCQa4nYh-3sGpPrJGcQQDkPg
11.427567,5.866196,-1,-0.13845116929190204,UCQaT1yPnnvH7949yyvEMxrA
9.626755,8.108484,1,0.1441637368424909,UCQaUGLgCQg6Kf3yh5Lm9_Fw
16.166935,4.7063866,1,0.023511736121651583,UCQbBXHs3kS4fE4JQN4b6riw
-1.1074816,-1.9892794,1,0.16327472455740555,UCQbnEjUaQen0Vfrkswq4hqw
5.383655,7.699759,1,0.11277272389476972,UCQbz6ZDEVMELTKz77eVoMXg
3.3289692,2.8512712,1,0.14049495314654709,UCQdJdpuO9gchZT4aVd-7SIA
-2.626736,2.6436439,1,0.10835177113945532,UCQeKX3uCsng1t5G7Q3zBnAg
6.015338,3.3925977,1,0.13810172864870102,UCQfGxIQAQ4-0lWbOkoe9LPg
18.019173,6.331812,1,0.020285542139886537,UCQglK45dlF_bXAvHrOmP1uA
0.19614644,0.41126034,1,0.07431422234268037,UCQkRji1TJMI_M_CrfY4QgTg
15.131263,5.644276,-1,-0.03774540203695986,UCQlIllfrYJYT-QVq4CcjakA
0.5002527,-2.4807308,1,0.15647310262056147,UCQlZUMBAkmyJ8tU9USLUehg
7.582821,7.588397,1,0.1511562162210009,UCQlsN4pD3nqhAlendcB6R8g
-3.9308827,3.5611174,1,0.15338722148817008,UCQmaal1SpzrWiVVIHjd_RuA
4.5141582,6.549539,1,0.15341661412820173,UCQpFkb-rTn03Np-89OWCA6Q
17.800295,6.3599653,1,0.014106407807815913,UCQpV0iCHTga5D2PBrJz2r5Q
-1.5399046,3.3892498,1,0.14839915983355773,UCQqRcukWbDR56i7EIS218Lw
8.593605,8.023778,1,0.14133950479782048,UCQqWCUmjqwywrGYTET0s7dg
9.009239,5.5444007,1,0.051065959656982296,UCQtdV-wVWcF90eTU614NI0w
12.737689,7.849199,1,0.09895171518954488,UCQtvUmn5rG0QiOLQo2YwEGg
-0.7645337,2.899033,1,0.1471651987786235,UCQuTblxRC3HQIVf7QNeZ4Yw
2.2755103,-2.929926,1,0.13705159597908628,UCQv5e5zUSfTL6E_YSZzo3Fg
11.187778,2.0504882,1,0.09194691387954057,UCQvA2-D5unfK9Qamk95Ga_Q
10.811701,3.8746455,1,0.016515649712215863,UCQvJGoOlnlsiFYCuJUHOomw
8.805063,7.72975,1,0.1484219793718931,UCQvm7pd5-dgTG2EtgTblJuA
3.1931283,3.552631,1,0.15723740883989923,UCR-A5BhmwnBH82fXLYbX3DQ
0.14049925,7.0912023,1,0.16698230356497823,UCR28u2Ke2t-cExWCvC3Vr9w
5.9006376,7.8741646,1,0.15807679035769284,UCR3BnWuIwK2Dxzvem79BlSg
3.9182382,7.648189,1,0.16692042303139099,UCR3PsGYkNWVJUBFF8wjXQYA
12.185379,4.726307,-1,-0.07117708525146171,UCR4DFNGrs2GlKcmjT5Khvsg
3.6864862,2.4974058,1,0.13536513010622564,UCR70gfrDqTz2gsEqen2BVFQ
-0.47385907,-2.729225,1,0.15699655904717602,UCR7PyWuSQtYKIbN4rJxeong
-2.2734103,0.17119923,1,0.15789394221203196,UCR8JGN56uZJD43Xite3vG0Q
5.408641,2.7095766,1,0.13420335735893352,UCR8rshYkNNQSqs6W6FMd02Q
3.398194,1.777869,1,0.1469916475730545,UCR9UuIBwPdhhW8bpPmnRo-Q
1.4479215,8.057361,1,0.1659916546374693,UCR9z6OFrajaTWBgu3Umfh8w
2.8511045,1.4655687,1,0.15163562173980094,UCRA1PRX4eCYPq6lKUCFF6EQ
-0.7416966,1.7008932,1,0.14021105183428872,UCRBfb6hc7QJD0IjAPRVKTyw
3.0748801,5.521926,1,0.1628580625747505,UCRBpFIalBn-M7mmRV81tO2g
-3.6682498,4.489794,1,0.152665369284205,UCRC1RnPWiE3h8yA4mHt227Q
-0.8865502,3.6734045,1,0.1693157207230458,UCREdcQjCGJF-LcChGdv1sAg
8.047653,6.2425094,1,0.03542199646890598,UCREzd_hIP92_wI5K1TKjwDg
3.7340333,2.5897007,1,0.12636809463103876,UCRF0f3n46KQfBGRNc8WP9vA
14.87043,2.6912315,1,0.13097626402713436,UCRGAJrSN_BLSJ9fOmoEW2Ag
0.10412989,7.6293683,1,0.16897796978555663,UCRHNGkLkUbGZHwfjSx3qqfA
17.84306,8.805221,1,0.07174027978389258,UCRJmRbuqfi60SuxtYiW3oew
11.381034,2.2142885,1,0.06969701524638217,UCRKUzPDYdsc7gUJb8Cbx-1Q
0.17398699,2.3273318,1,0.1594251968130761,UCRKXbLrqPThjrlRYcUWjFaQ
0.29385087,4.6429353,1,0.16485976079256304,UCRKp9xGVz9nIw_eHduy1E6A
6.835297,3.4670734,1,0.12300922639065481,UCRMWaAC3bJ2FOZRRDuNHM1Q
14.607112,4.469322,-1,-0.00875529778948303,UCROecyVH2v_irQucpSXVCKg
1.6258748,1.741323,1,0.12832563762043142,UCROh_jMW6Pu3x_o0KegRV7g
-0.5542701,2.5807188,1,0.1132280355504679,UCROqGDh9OMFavfKReiteO0Q
11.663202,3.4995704,1,0.0239010777980746,UCRQeF8gEJzqzX3IFIPxL3cA
11.739456,3.452397,1,0.0735754501467707,UCRS18GYITkjpW5W0SqvMtHg
-2.755637,2.5677047,1,0.1366409449718698,UCRSbGeloMR4L_oZz_bBAxsQ
-1.6510022,-2.3632057,1,0.15956173481606312,UCRSlhe2nkHIIHCWQAMvYMLg
1.212334,1.7032337,1,0.14082461045263095,UCRT817aaVgXP3cWlxAq-_iQ
10.102725,4.106093,1,0.05386667566051995,UCRVCVTtNANjyhPgUsjC9rkw
15.762766,6.207331,1,0.10696956999475632,UCRY3A47Jie-_Olsa591jqog
8.202582,7.7326536,1,0.14672827359380497,UCR_30faWJ88xF-QiH4ruwEA
-4.247478,3.1059613,1,0.14689179593837737,UCR_YSxno8pxJNVId28VSw5Q
-1.0359778,6.2140665,1,0.17365304108698126,UCRb2TnINcmAFNklQxvB4itg
-1.7618958,-2.0627697,1,0.15830199101437498,UCRbUMOwFnjHZkX_nN1Nx2EQ
0.9512312,0.31874505,1,0.07074397998098719,UCRbzxb55iqh_yFaF7y8rZ6Q
-0.37397045,4.4501443,1,0.1638446521182208,UCRc3gIC2TXbnHV0Iai8u7sA
3.2477388,6.8372293,1,0.1362061000028854,UCRd_9czd0mkQLf-c6hxRODg
-3.0061684,1.9199355,1,0.14938838405050653,UCRdjGa8Gg1hTQ2YKZRdZT2Q
13.09066,7.669339,1,0.11584135402607176,UCRdyhvvXLO4jNo60djOFkMw
11.422472,3.985406,1,0.024851614966171942,UCReXeTcGQPqZdHHzSnnnwsw
14.695339,4.3410416,1,0.05404942186102407,UCRgqAkj_qI2UTSGbRsSPfnw
2.5335252,2.1514003,1,0.10642642142287645,UCRhuU8B54CT4kWDmg7oLkOA
8.224944,7.590557,1,0.1263283519577751,UCRii9yjmoGpOlNzZCBRf2cQ
3.056662,-2.622918,1,0.1201685615676944,UCRk4aTSxez8bnZTOHOJG2Vg
2.3191428,-3.9349008,1,0.14979730402154962,UCRkP97bcSb4iIwE7xF3lvng
-3.21692,3.0912058,1,0.15794822352971016,UCRlO38cIew3bRGLRIJBSxqA
3.367259,2.0655694,1,0.15321650685509453,UCRljB1MO6gJr4D_FQ6thizw
0.86912423,0.5325135,1,0.13677663734025358,UCRllauuwNU-Oycwi3DRkl3w
0.048249707,0.755594,1,0.14451091040201075,UCRnmCEmz3iTiZUIA_K8L3qA
1.8163761,5.1479273,1,0.1684523032932022,UCRpi4ZOzNkh60r4FBYXLj8Q
-3.1565037,3.4600976,1,0.14889347905757255,UCRqjdA7uJzu1J6PvD5wqrYg
14.424001,4.143565,1,0.05645304582515398,UCRr73IzPT9vO8ICaLzMt6_g
1.3706567,-0.15213402,1,0.09385185416142305,UCRsrOw4Bqp2toVJBwF5YD8w
10.401445,4.9765763,1,0.032417664088056686,UCRt-kh-2FC24gW91i7ijslQ
10.427073,2.740186,1,0.031201285896740483,UCRtPH-t8SifJkJX6cqmwj2A
0.58568406,5.011852,1,0.15787843983426403,UCRu9mL0ujOnxUY--PlqTt3A
3.6914337,-3.2126904,1,0.11009398396987952,UCRv0M_jcnCPoZG9Q_d7iUWg
3.6874175,7.1157866,1,0.16704469344440803,UCRvMSJ5Ss-7wgXgXbTihZYQ
14.834801,3.2864208,1,0.08571991584230221,UCRvkmG7fkSysN4SMaGaZ-7Q
-2.4225583,1.9800508,1,0.1489784661047035,UCRw14qvBPk_pnRx7mHQ9dOg
-1.1294944,3.3149726,1,0.15208026566405225,UCRwsjitJW1YHmQL7GzJgyuw
10.504519,3.6602702,1,0.07290902115350356,UCRyMCXAVxGh4ShHxpVVJP8w
11.310335,3.9468231,1,0.0481834361258473,UCRyhBjm5HW73BhI_mgLlX8w
3.5269742,1.4841563,1,0.1308235078535509,UCS0BKkADiDte-YltNS20lFA
10.808191,1.5666655,1,0.08482631289114623,UCS11wAYOnWu8ksrRAQyqf3g
0.3023564,5.539347,1,0.1726970919975176,UCS2uGFIavn4hetsaXZbBClQ
-1.3057115,1.0362866,1,0.14561540783983112,UCS5MrdaDOdaEtve7jXfp9UQ
-2.1976254,4.452242,1,0.16672056029690124,UCS6903cdTxHUQH2wnE5PXEg
0.9397656,-3.5745032,1,0.15672935482763395,UCS6Iurq14Z6uc9EgnYFEjkA
0.3688278,4.6704745,1,0.16615814282991248,UCS7bb3vxlu8QPW63fgv8unw
4.886259,7.8273993,1,0.002912205089901476,UCS9GHXdFBfcoNR59oAgGjjg
18.259546,6.276214,-1,-0.013153915566609276,UCS9fwF-italmITMm-fq2cxQ
7.455112,4.769657,1,0.01812925942710103,UCSAHT5CECANBo1ZBgvPE1zg
15.062934,2.8323472,1,0.12880147686565036,UCSCm490iUWT2tSn64O-YkqQ
-3.5572124,6.3804965,1,0.16735911539930104,UCSDdGp66w8Df5FNqosEkL8w
15.911931,5.0890617,1,0.11480811250188977,UCSEjNVXZbdns-GDtG1U3JMg
-0.3381212,5.1100807,1,0.17254260156887652,UCSEnTsBo7CaSPJy8qSOwchQ
11.781746,1.6454473,1,0.09031905758995068,UCSF6UomQwIxC8T3wnPvainA
14.670306,2.9565122,1,0.12532225914343031,UCSF72pFFjfyuXnp_ZH3IebA
15.801057,5.2526174,1,0.12116914513868898,UCSFnvHBtXEfniAWp7IFMi_w
-3.0318816,1.0669066,1,0.11955698442959184,UCSH9j3351LbD_isZZnT3swg
15.319884,5.7873096,1,0.04852341736100152,UCSIUusiaGHzvdQEWiShs9KA
-1.6114266,-0.12207157,1,0.1632007542438308,UCSIwJtVU38K6jn-T55Sx3sQ
11.813194,5.1208286,-1,-0.04998178041630186,UCSJeAvoN75qeUKLRKVvEXzg
5.109569,2.657847,1,0.1446921300909892,UCSK3GvCts3xjt4MNerjrQWQ
-1.6760261,2.6857908,1,0.1492956764959708,UCSL5_XX844vS-YAbLgO0lSA
4.6320157,7.729399,1,0.16567172623308646,UCSL5vxKWOH2v-LXUU2jsAUw
-2.8999364,3.5360713,1,0.1569401754018075,UCSLQYMjdxUCYP1sEUwuvbCw
6.6135483,7.5404825,1,0.15358758454788007,UCSLa4Lll44idGWrO0IhFieQ
0.03038341,3.0708337,1,0.16871991907298262,UCSLaYPgIdARlxHkHO1W1s0g
-1.3080443,5.88198,1,0.1746373190996423,UCSLz4GtoLvp1AhxFY6jCX5w
1.686926,0.36727014,1,0.04338659281922813,UCSMvFrrT9XyHB2PVoFHSWcA
2.9636571,5.4985175,1,0.16056649637760068,UCSN63doDgnvcppEluN_P0tw
-2.3875947,2.980235,1,0.1599772944458111,UCSOzCFRSlMcmCnSF81whhZQ
-2.102419,-0.77176005,1,0.16996507455144522,UCSP3gcMnOhvoudPk_8y0-Ag
-1.2152327,5.5359383,1,0.1723844645026829,UCSPA3ltspWsJ_oYsmwCdo1g
3.0843163,7.741686,1,0.16517612188899522,UCSR_QSO0HJyMqJsPHKFqUGA
-0.68893343,-2.8276017,1,0.1621965829460274,UCSTjtpyqIt5CeqRYGjI-ecA
17.369534,6.4107447,1,0.020541343673774137,UCSTzzyk6HvlFnzsx7muZ97g
0.5443301,-3.886824,1,0.11129818327379165,UCSU7sG44tJRYCf_mZWs2N-w
11.728371,5.794342,-1,-0.08654014901698148,UCSVz193DQGmnwOncMD3LxXg
-2.1370463,7.8957424,1,0.16848627485474926,UCSWfx2gNSjAM3wXx9AJH6XA
0.018860053,-0.91371405,1,0.12847259270380973,UCSZid2wzqxgPDUpuUDaB6Cg
-1.5223864,1.1382662,1,0.103176762245132,UCS_5IEhg2wqMeTDwEFizitA
14.258748,2.0534008,1,0.09983161304258015,UCS_8UngNbgwoCEDecrueXzA
-2.951913,4.011793,1,0.1391961852958069,UCSclSvMq4D3GCi7r90bAFWQ
0.6523472,6.74202,1,0.1584747843842328,UCScpOrZ3XaroUs4TDhP5KIw
-1.6817249,-1.8539399,1,0.14778796666884075,UCSdpxZ3i3HFqPkk_Dt3eyTg
0.9199879,-0.6970304,1,0.12195200618101526,UCSeN4d16aIIluNOdkY30tWg
3.3814647,2.24159,1,0.1527279441770103,UCSezhcz1LOLfPy_BvLgGHEw
-1.6518543,6.061074,1,0.16253936607307862,UCSgpgSpedoYZCNgNfvPevOw
15.627787,3.611791,1,0.1261365173957949,UCShjx-A9up3IXsksClxr8uw
-0.06316898,-3.1553388,1,0.16244839349199724,UCSj6YzM0Tnf-AVYbHjSLGsA
0.46421245,0.35467348,1,0.06468608344956933,UCSkUwNioVrXLtwUNWZ7p7rQ
16.562553,8.428263,1,0.06414856220129816,UCSkvzJvM2N6C-3AoB9JQG6w
9.654565,3.5790758,1,0.03755934778322384,UCSl3cldrsFxmGNwkTOw7XIw
2.8567646,4.1473813,1,0.15438723248688002,UCSnFbM8agTkZsBJYpLnoDOA
-0.36197153,-2.8051944,1,0.1341694911173581,UCSqUuCs4GNpkcqRFuOuxPaA
3.681527,7.846552,1,0.16482774132086525,UCSr0cVjai_tDvk8plNPgr0w
1.1884944,6.3783736,1,0.162206534538686,UCSs7CXaQq6VXGqx9Rybw8nA
-3.1592402,1.4642448,1,0.12633347650006854,UCSsdoUpOAqTqwpOojiWy9wg
-1.5425646,3.550633,1,0.15055941870996242,UCStb05Z0RVc_kGNXymqzb6Q
10.87436,4.547512,1,0.01159704431289793,UCSvJAXq4Klh3vH_rzFkeF3w
-2.19203,3.0849416,1,0.15583353948805212,UCT-8oFVNQHeH-ma0K9moZVQ
15.355916,3.212119,1,0.13240665088638998,UCT027MsUrcJw70UteguhLmg
14.304565,7.7185764,1,0.11780533669168591,UCT0cX1LIBjqseP9q4y6IkRw
15.581633,5.0633516,1,0.09743940844370819,UCT38sbSPio9wLTp-oR-CAKw
-3.1667786,0.7546379,1,0.15356863964279516,UCT3_dxZ_pmfCKpJJmyAfdAQ
15.563477,4.833928,1,0.042763649500705436,UCT4700WW7RNXRnqn9cMlPYQ
9.377069,5.2675147,1,0.02820085099376818,UCT4h4tL5nDSO1rmkCXxitpQ
6.754633,6.735256,1,0.14191958482154238,UCT6Fi1ZtOq-XDZMdBJZYoHQ
-3.2318764,1.6666813,1,0.12493786794942002,UCT6fmYeQhbDITHf5huyjFPA
5.729697,5.984817,1,0.14531136281208912,UCT7wdwhxwUvSJkHHMrc4Hkg
0.6902238,0.50304747,1,0.13302478053951905,UCT8m3FXCoQz2R8oPgR0DN-w
-3.632841,1.7434918,1,0.1584252476985511,UCT8rzlmv7RBp4i8sf3iVwtg
3.8338754,2.0556846,1,0.12398078673211016,UCT8t2SuqoFfnI5Ub9RXavPg
15.00256,7.994888,1,0.0780210924838719,UCTB2-6cbIjyH3cQLipK3jmA
14.622305,3.8112433,-1,-0.06784972988663462,UCTBLOjmW2hYr6uRFVlMLkjA
0.857615,3.2208629,1,0.1507355649712298,UCTFIxp3ac9LgeSbleTkdd6A
15.232211,7.9669495,-1,-0.11184177900333303,UCTFrl0KTzHTqpYYKAl8p0pg
3.3129551,-1.9697207,1,0.1141302176466133,UCTFxVVYzyaWaL4a27duBS4g
7.066047,6.2223287,1,0.14294727625310566,UCTG1OPWCER0zdGkMOgtlJjA
7.8121843,7.646705,1,0.14681466263516307,UCTGEPPRerDe-_wOEemVmm4g
8.975649,4.476377,1,0.03726639101335444,UCTGUaQxmF7ApDZhMM_5KRfg
4.4606285,7.8510346,1,0.16363398863952733,UCTHJez5byxuR8cd9-92KX1g
1.5059048,7.1564503,1,0.15000634023712017,UCTLn6KtFGPipBKO_reldlvQ
11.637419,2.88903,-1,-0.023135208594972756,UCTMIhzxjycbx2aaixQKPaNw
10.949875,1.6478378,1,0.09927561441742228,UCTMXFWOOHSX7jRYSk9A6bLA
6.8740363,6.0621486,1,0.07743502398767155,UCTNWJL89ZKGPwI5vsaKOc1A
9.030448,8.069518,1,0.14573928049654022,UCTNe1PH2LuC-sV8txr__DUQ
-2.639687,1.951218,1,0.16157227721875783,UCTPTnBO46Q7gUbnZeamoRDg
8.673169,4.161089,1,0.018159598940530097,UCTRzwbjZxwzSwuIt9GfqqHg
3.9113688,7.336016,1,0.12825442601489578,UCTSUFE45B-liBKLuJgfbvAQ
1.337989,8.0807495,1,0.1625119371039,UCTTK3BDWg-_WRBpQq5Bb_QA
6.680464,5.987337,1,0.09370278103106516,UCTV-WQyRb6uYh7F33nyrifA
-2.2478964,-0.4842384,1,0.16849131146425056,UCTVmgKyPB8f7pdR6EAz3Y5g
16.09003,8.323136,1,0.058410052919447564,UCTWNBGi-GCLeop4Xa2sYaWQ
15.856716,3.9244993,1,0.12543754601470458,UCTWVdFpZaBtYDd-Sra7-wkg
9.784403,8.163865,1,0.08949459260161652,UCTW_udshchHbLB6NDD21oDQ
0.045021493,-0.8286215,1,0.07545491087791234,UCTWqdUVXwbpNW4Rc7UWUSkw
-2.9678555,0.41753986,1,0.15062890634726545,UCTXPIcL4hmR-y4sDn99cL_A
12.111395,3.704983,-1,-0.029934157844735076,UCTXfX3bgc6a-SGZjjLX7WEg
-0.69037217,-0.7075026,1,0.14268729693068682,UCTY0NEGXgkskpHE2UQ2jC_Q
1.6429594,4.2110023,1,0.15942717631359138,UCT_YRvViA6I5pKSzvAjL8ZA
0.87154925,1.7428901,1,0.1261375953929199,UCTaJU7c1y_Bxw1UBC9idMUQ
0.225703,-2.8614302,1,0.15323091271006045,UCTb40Otegvfv42VUd0MWNBQ
1.5195045,3.606683,1,0.1442596371817515,UCTcN_m1rruYCI3lkWxCnn-w
3.5623536,3.3569362,1,0.1414951657163182,UCTdSnPV0W7h3-FtPkPTND6w
3.9096334,7.2951293,1,0.16005559324242774,UCTe19yIBjNLXb0g--EummIA
11.675087,5.8265266,-1,-0.11775160333634449,UCTf6DpyUcgfOxXWs3OKoLEw
-1.8216677,-0.7107249,1,0.16229225531307068,UCTfIVF6hSBPXSnLoNqIUbmw
9.507883,6.0862784,1,0.03388606069262684,UCTiw2Kk7TAAQDsxpHK0C4gQ
14.553528,5.436527,-1,-0.16802972369555536,UCTlbHzcI7qr70LrriWUNfPg
-0.5299341,1.5161862,1,0.14426721341640075,UCTlfDryLc8PfDf4_I9mXBqg
-2.1510587,-0.68555474,1,0.1693727340672841,UCTp3b5p_bImdxeoBkDJbgUw
9.250347,5.4530907,1,0.05464116066437125,UCTqA0l_3MfL52auQ834ItBQ
6.571434,7.778233,1,0.16012877729390296,UCTqAo8XD8qDaOVKKRhMRWjg
10.169384,5.1613855,1,0.0625594108828792,UCTqnYf3KeKyZ__cN_-FGy_w
11.912765,1.5608426,1,0.055991758017586934,UCTrQzL5qwQG-MQYUXMtQmVQ
6.900088,6.177303,1,0.1208173659701336,UCTrxIWNCl0sVZmE3JKJem8g
-2.1173499,2.8724158,1,0.15184460935534194,UCTt4H-yiLhxMBNtdg4jbvFg
5.9547462,4.2023244,1,0.09312373710923227,UCTwXFoAN_jz9ZitdPAHJJ0A
-0.81060493,-2.8523781,1,0.1596521288919801,UCTxY-2FMHlji_V0_3VifdEQ
-0.51478434,2.803758,1,0.15270435445333447,UCTzP4kyP71GCcsemgVQkBDQ
8.13852,7.697185,1,0.13224553568753222,UCU-Ct6Q9jjU7PGeBUfKX4HA
-3.3864086,2.1649787,1,0.06832581104819174,UCU13CW1HqrY3k22Lz83wf9g
17.002407,6.33115,1,0.03387056196517951,UCU17oKMQKIuVNmOLiooMV8w
10.04119,5.293598,1,0.07170986216730801,UCU21FOWGN-pL0XXZU-KQEkw
0.41276956,5.691143,1,0.16920671469619636,UCU3K3YwRZXKjnhAVcy4gGFw
19.148712,9.537247,-1,-0.08751187692017881,UCU3jA93DwrRu15m5fRIn9cw
0.21691595,-3.4965353,1,0.16160519319207928,UCU74vVs6dNI7tKakVEO_nkQ
14.113994,2.0673594,1,0.14018242275176607,UCU9cSKi__6qzJ1qW9rw_aKA
-2.8496327,-0.16780718,1,0.10602265702226038,UCUCQPwG8XSG6Ah4ahZMhzsw
11.606052,5.9621186,-1,-0.15836200778461929,UCUCn5RLzBPoyl8kB-0OYE6Q
0.014105559,-0.63597697,1,0.14024281138892453,UCUCrZKV_ARlnodDuMMOmJWg
-1.5049795,1.7834371,1,0.10220051061938812,UCUEYQ20eOQ0eLzUrPgPrvWA
8.961154,4.8547997,1,0.07032981487627743,UCUEnZzmPJukk_Whs0riexcw
0.5147119,6.6373243,1,0.1562324561063861,UCUFhQHlcIFbRMyi8fxg4Tow
0.9556412,1.6157678,1,0.1360266601349151,UCUGRF0yjFAfhUH1TQccTalA
14.90926,7.995622,1,0.06309708183009843,UCUH3Sx4ZPmwhFgtNI6PDeDQ
-2.9069226,3.6221862,1,0.16048099943361455,UCUI-X-3pHnhsZBr5AJ5a6dg
2.9120183,-2.5937958,1,0.1232448138760896,UCUKG5Sa2n6Xo92Rd_uTx7eA
1.982706,4.6616454,1,0.10447808526076907,UCUMjr51IH7WYuKuQ_W-_QFw
1.9162499,4.713971,1,0.16336280635525602,UCUOgwTU_S01F3EqqLuY64vQ
5.981873,7.227408,1,0.13886472727501847,UCUP1QRlC4di3B0eyqSUMCTw
-0.20362991,2.7697845,1,0.11539803496575884,UCUPMXMaExZBJEwNZayvqbwQ
6.891318,4.830918,1,0.09243869677294897,UCUPvAQk12H1q8OB_1yvP_5Q
-3.0191276,-0.10702542,1,0.165636629476546,UCUQdGOO2l7gazdxXNLqChkw
3.6148386,6.393102,1,0.16090286993886638,UCUR7-JiGUdY_KyQqDAI4D3Q
3.750039,-3.4013364,1,0.13705962188121573,UCUSC0H8kN839IPP3Tg-oPQg
-0.007998685,0.3765276,1,0.11838320062276064,UCUT7WJQJxuqwNlA1nSEonnA
2.8939698,3.275462,1,0.1416509278267884,UCUWLxg7B7FZDhrg02WBv_2Q
-1.3333752,5.2474427,1,0.1702716212702441,UCUXXBMefuAOpnhVMVcLYZrA
1.3413812,0.23465826,1,0.11988705341104583,UCUYIcYAUyrQ30Ll0orLMEiA
3.2596164,-1.635081,1,0.1065950390215557,UCUYIpLxQ1nsxNNAsF8ho15A
18.123987,6.291229,1,0.003991639934565194,UCUYfUcLocDsoyPP6TDf4G5Q
0.46503595,1.2886138,1,0.14361427160756202,UCUYrz6xb_yaVCIi8VKeijAg
2.7822723,7.990815,1,0.14956725252135222,UCUZgtC6qc9WVEgBgr7GM4Jw
10.157442,3.0835686,1,0.1014837875678859,UCU_m4npIjhqpVFc5IFLvkVQ
10.376612,4.0074277,1,0.029091850980974554,UCUaiVwYIJC8YnaEz-_dHQ0A
1.4221636,2.1509182,1,0.12206243141224904,UCUbz8JgxFWoYEL_tjJnG1DQ
4.9394035,5.592261,1,0.11872613128048387,UCUcIj_OAk2kd51GMBoqF5Dw
1.7446064,7.726089,1,0.17051721234141481,UCUcYgGJOQGb9vLjH3804qgg
3.9508324,3.52905,1,0.054291986653194124,UCUcc61QgH1PpVTTYM7sPokw
0.054823417,-2.9310577,1,0.1371879300356162,UCUdeDQRwJJv2lIMVjq0jwbg
12.007258,6.343662,-1,-0.14871279315520614,UCUdfMjM7jwdYc6hxPs7_P_Q
-2.362288,2.8745203,1,0.15424176828593184,UCUdkIjy2FOWOX-gBzsiOSIQ
-1.5540671,2.5981755,1,0.15114881111780087,UCUeAIcI2klubl2pUn2JX9fQ
1.332426,0.50382566,1,0.1095302944603388,UCUeSfdhkSWR65NsHfOkBu_A
-3.7053292,0.5634679,1,0.13776538798105814,UCUi6SmD9t7L8YnZxDQLwvbw
14.749574,8.014351,1,0.1066261720181298,UCUjOlqFAlN3YfPGiCMCrwdQ
-1.1411421,6.2303452,1,0.16985374027934314,UCUjZOJznRf_NnwFu31KXr-w
2.6897984,-3.2987628,1,0.1353081128075227,UCUjtx4qHm6XMrNdZXt8Ee-A
5.7492695,3.4472213,1,0.14022975143586786,UCUkeYMqyGxfiOkEqBpqm7YQ
14.262091,7.602853,1,0.11591147910195315,UCUqQ92MRE9v-JzP6r4-Gg9g
-3.5915391,1.3552704,1,0.15815417448830338,UCUr8JbXBq7Wqm6VlF_UoCrg
-3.5452578,1.8876481,1,0.12327311301060279,UCUspgbblsfoVfy9H_nZE7Jw
5.3916626,3.070706,1,0.14189190482086383,UCUt5zhiX8GZTPUThiXGAOEw
4.4794292,2.6254342,1,0.11328243571341734,UCUtedbv70CB9HVJty-RG4Sg
14.107161,4.173955,1,0.09092036993540165,UCUtssbb5P6_9IIpmDAIB4bQ
9.296888,8.10282,1,0.13504176793449318,UCUuBEBzneee-q4b-U5tXQ_A
2.4118695,6.1097455,1,0.1624151443661313,UCUv6iDRbILxcN73nmGSJosg
-0.1950503,1.4066471,1,0.138213869271409,UCUvFPA0ktTkZ9flnVrqbTdA
2.6328444,7.797466,1,0.12495214902821061,UCV-z7WGW4VW2BHhSAx1cBWA
-2.2095475,-1.5031922,1,0.16587933601252375,UCV12cNem0ZVh2uO3neqXdRQ
1.6532425,4.2605457,1,0.16285717549015888,UCV298b0dGtqTDCeOOo9fYaw
5.9967046,3.6443036,1,0.13065280272323793,UCV2i20IfuXEfRoB30s1SRuA
6.199217,7.4922395,1,0.15037754459794034,UCV309AtZqwaitkSXgoNScFw
12.592551,7.9315658,1,0.12752703948730992,UCV3VsxMT_zBnOMxfMMmn_yQ
-4.4026437,3.6256816,1,0.14962494056616293,UCV5saiNPvDIkOnGgcMdC4tg
-3.1766093,6.9069595,1,0.1677529561612796,UCV5zjmNdYEDfKLRRwPR4L2A
7.4562516,3.494828,1,0.11933108717424667,UCV6FwihAYyx5n9aSOZGDlbw
9.596239,4.7883844,1,0.005661050095717657,UCV9ZPHxCFnrf1BfbGWCLncQ
-1.8620133,6.372548,1,0.17035819681459746,UCV9uANSvyGm8Ku1szG2zv4w
2.5510104,3.8510826,1,0.15487319869325916,UCVCRUztC2VDqLtdcSqjyPSQ
15.602484,6.0081882,1,0.07993704225721449,UCVCUs-xHFWERqMyXxgLhWWg
15.233733,7.152153,1,0.07344278943587768,UCVD4HmAHzpBa34MFYvPcLdw
4.0161047,4.5236936,1,0.12418632299375448,UCVDtkX7LZmOSzOkc2VVELFQ
14.736831,2.5828197,1,0.13513197387305187,UCVG4fnmDpfQ6U1ovDWdYtoQ
-1.0794544,5.6454115,1,0.1617133669914913,UCVG5Q0liFyRhlsbfiNPNK5g
-2.5542808,-0.39224625,1,0.16876763859719107,UCVHX6pDzR8y3lQ1jnWncLzQ
14.643825,7.8734746,1,0.11272223858546143,UCVHbZr9rieS7kIGIJJypyLg
3.669744,1.5982487,1,0.14915236007801086,UCVI416YJyz2ziQxP7MN_07Q
10.961507,5.709424,-1,-0.09237641898315996,UCVIZe_89OvywjoCT4SDaNVQ
-0.80506074,0.7830687,1,0.15687070302728295,UCVJqQMNwonLqzJS_hCYNUYw
10.611955,8.125213,1,0.11442578288260019,UCVJub7H_4OycMS7x6gECOqA
2.4248302,2.7400074,1,0.12762289930310777,UCVKyc7iMFgWTNlKE5VSH21A
15.027017,3.3141787,1,0.12359087413587294,UCVLFzpX6L1cWJbQuPyTVACw
2.4817424,3.3083572,1,0.10687901332574384,UCVLG01tK4sd2XcL-qrO0x_w
3.9316862,1.739689,1,0.14193845777298458,UCVM7wBVTe0s6xQrP7lVVk-A
-1.1555887,6.231334,1,0.17300371233119333,UCVN4yg1Bc6PO8D038HpFa0Q
3.173385,7.6858907,1,0.16349765592445664,UCVQIik5tW9CAEddxsRk0leg
10.890906,7.1789966,1,0.022379955768334736,UCVQXS0L9lR5SSoonw_szjEQ
9.171413,7.963258,1,0.12718306583899197,UCVQowlIpahvL6vw9iJBO24g
12.475664,7.9122643,1,0.1105469234482141,UCVQsfW9lNwK2duAKaGirZrQ
10.688488,2.9323375,1,0.11510758202738952,UCVRBIt5M04nObbs7RN1YAWg
-2.551423,1.5342944,1,0.1552388732166009,UCVSAOO7G90-R0DgwPtMj0lg
10.817306,1.5391695,1,0.05536810662946262,UCVSBJTfR3DtmJy7MCOdjCOQ
0.56096494,1.2612162,1,0.12915621053513182,UCVW62rS-YeoqFArCGMTNkcQ
0.86017984,-1.7915105,1,0.13195447353699263,UCVWNT4WsexV9-D4fTaIcuPw
-2.017701,7.9962854,1,0.16848627485474926,UCVXWHdGpNz-UIzurXREdt5A
-3.661703,6.3800397,1,0.16055318524130674,UCVYR_d7nmNN5IrwZikGrFOQ
2.176596,3.58389,1,0.15062021805990472,UCVZC976cRqHEH2kO_LpvG6g
1.4524611,-3.889946,1,0.1262861485968954,UCV_nC_NwihEsrye1zKn4rgQ
12.759403,4.343103,-1,-0.010149720162983211,UCV_wLMJaHua5Ve0-f_pb9UA
-3.3541675,0.96916527,1,0.10334478151022825,UCVa0CBM-4g01NA-vvM98vPw
1.2204471,1.4710029,1,0.13711971043098464,UCVaK2_XYMPNGGwAi_fk-gPg
10.147155,3.176612,1,0.07804230014876534,UCVbSw9d0zu5PxG1qXp-Vpuw
4.4987717,7.9529033,1,0.16058555415338743,UCVbvDTLdcrjBZr9ivHLlmyw
2.9708583,-3.5455449,1,0.14793412139957962,UCVeGgrpXnrDLO8BRcmwQvmA
11.79544,7.9667864,1,0.11985515811799163,UCVfh0b8WgMb0swTr_WHzmxw
7.070487,7.651838,1,0.14225814346448534,UCVhXJ4Bh4Y1YwCcPE_A5lBw
-2.634616,0.657502,1,0.15703997211621823,UCViAuJMUEl1qLnhTIjIW-oA
14.489326,2.4089613,1,0.13513272173527474,UCVik1TAuxknvPJmiw8wKRbA
-1.8264416,2.350509,1,0.10502228473209718,UCVjKLwgkH5byOastzJgEoSQ
-1.0385479,-1.9069513,1,0.16281880659715325,UCVn0hWuuttq4y7sKY6BayDw
1.5015033,-2.505878,1,0.1427091118830185,UCVoK0gfOyfxlt7Dn6unO8kw
-1.5571455,0.52241117,1,0.15033862572725387,UCVod8JmNjpPBHx6psVU9NvQ
1.228757,-0.34509712,1,0.11352188875623154,UCVowaBKY8M7I7u_JHWEvS6Q
0.9238904,2.820908,1,0.05516930167047751,UCVoyI7ON2kx-yPZyCeOFi_w
0.12880856,-3.1754131,1,0.16347456483941403,UCVpLv94y2gI0dC9rByI9bUQ
11.072964,5.0721736,-1,-0.026787241481304847,UCVpjhrIANLoaBnTcdA3zuJA
11.894612,1.6099348,1,0.08720049150094789,UCVpmOLPFirArA-TCAn4IX9A
15.817869,6.2793612,1,0.08285416236475801,UCVqdyGEzaf7tj8oBStzFhEg
-3.0711331,3.9864602,1,0.13558441177981712,UCVrn-chmHzhwD2IGpQkws6Q
11.190334,3.309905,1,0.014398937392726796,UCVs-XnCruTq4wkybY_GuyHQ
-0.104922175,-2.585835,1,0.16372824927462953,UCVsWBPtH3uPr2BdT1XwItmQ
10.642533,8.067131,1,0.12634232002735657,UCVt9MPJRkAN3-8qsWXrEgsQ
-2.2831986,1.5130866,1,0.15815978625727772,UCVtVBlTSq50vq01uNm_pJbA
7.8268623,7.9516573,1,0.13394624819514112,UCVvJtUy3rbzBmNU_ZKXjumQ
-1.5701164,8.136386,1,0.16483930625131765,UCVwm1ZTG5LcdrecJQvzJ-6w
14.6837,7.716053,1,0.09732929238043819,UCVx8F2HImxTEalRqFKtlXzw
9.655385,8.014623,1,0.13021139628686013,UCVyL8wxWp1HJjVsyMK_bJ4w
-1.3418236,0.62706757,1,0.14338856827267027,UCVyTWVHxxAGZweLMKNu8rxA
15.519443,6.0607753,1,0.09556480976301224,UCVyWD-I3p-5vvNgPG4fhrRA
-2.1255085,4.665904,1,0.1630231803767721,UCVye602vK1Nwas3QkJfbfwQ
11.56511,5.9997144,-1,-0.21249236482975276,UCW06dnIv7L5RkGagM3Pneug
0.9958805,7.924247,1,0.16783647854361544,UCW0ROCevI2v4IPDs_1LXIrw
14.137034,2.2090926,1,0.1377700142190496,UCW15IE4KgOefUdfIAYq9Efw
11.334189,1.8793144,1,0.09747373160353723,UCW3IL6JICkJLuGwiTLC63GQ
-4.400286,3.6557953,1,0.14151355667622445,UCW41CKWFYU6-J4noJpzxmkA
0.73579675,-2.3114607,1,0.14002465138148668,UCW45YvM7iZR-lonKDO2HJ0A
0.120268025,4.5336914,1,0.16583223202935304,UCW4z0FG7FJWnXhBz9SKtxcw
4.995338,8.012059,1,0.15722200868902253,UCW5DJXxg8O9FntzoF9yjvCQ
-0.32547018,6.6275396,1,0.17300877446956403,UCW5FUVS6jZtSzRqNEz7vuzQ
1.4544989,0.3993946,1,0.11239040178822779,UCW6UQh-EtCpVbu1NjNGS5BQ
0.020443706,0.5752454,1,0.14109040544916518,UCW6_RAVIrP2dJhOTydzhnSQ
-0.38564956,7.559378,1,0.17238143896693536,UCW6uaPPRC5DsEI_bLu1TqCg
0.3553712,-3.8214355,1,0.13475861927647326,UCW6v6HOZ9aEbiTpBEnOWc_g
-1.6749088,3.615982,1,0.1608605101667333,UCW7RoHzkSKJEomcdB6EWQcQ
1.7390324,4.3389573,1,0.16106425505460842,UCW9L9KVcoIaNopqypht32gA
3.7446048,7.3153687,1,0.16307963091159328,UCWA6iumOviQ5ImqJVKiq74g
0.17324586,1.6551608,1,0.12747349661761836,UCWC1K1JQboHwrChyg0iZZ3w
5.8504443,3.4893193,1,0.11042065433547349,UCWCzB6NxSqKU7j7nMjxxTlA
0.22372746,1.7945533,1,0.14690927211454302,UCWElNlzxxV1ThxxwPlnCV9Q
-1.6588029,0.2777486,1,0.1591615593507142,UCWFg5RJpyxcKpe_OMk3-SvQ
0.25460133,2.8977153,1,0.05234204796654868,UCWGX1-XAiLtGJpq1cY4NN5w
2.702806,3.344987,1,0.1519212208753168,UCWH9-wvO4QtoAVvW3lkpGuQ
1.0185561,-2.2526357,1,0.11573949264336836,UCWHjnNwHbqy9CbVJs0cT3yQ
15.602272,6.2609572,1,0.10043395741615935,UCWJSVicdIws2XQAsS8E0MKw
-3.6711605,2.490376,1,0.11218412116054854,UCWK0nYOOJxldD3eNaMMS8Bw
-1.4138694,3.543198,1,0.1521527558971154,UCWL6D9x9NTVlTNqWLpMKnsQ
6.400149,3.0506248,1,0.10820196356845035,UCWLWuEPoL3JspLu-tb3OFSg
1.1536368,-3.0316246,1,0.15213618219134029,UCWMXjC1mJ1zwMN9sQctxfIw
3.6147256,-3.5950713,1,0.12760279147805503,UCWNzkbM0KRGCf1R3QC7ZtiQ
1.5734707,4.6544757,1,0.10064033749216239,UCWSWTBReFOvTiRoh0OqG3SA
11.732509,5.95372,-1,-0.2472550069941123,UCWTJUG7teA29F875p4R869g
18.9443,9.393182,-1,-0.0047279226691443466,UCWUGaY-MfpwfjJ2RcHm3qsw
6.9781475,7.721221,1,0.09984849587847583,UCWUdhxKgdDNC-BO15AVj80A
3.023331,3.4605446,1,0.1545592256019513,UCWYL7LbGgjjlJcNnoC8mSGg
1.2263271,5.0111904,1,0.10516469483686619,UCWZCu9jQ6CmMVtJbxUF6sDA
0.024295313,2.685223,1,0.14998204066864806,UCWakdecp98pAe66ZqkDgb0A
6.9247108,3.3749492,1,0.12026025791192158,UCWamAT8Rm1adeRK1CuYG8Ew
18.588356,9.1388855,1,0.04205481252200449,UCWbBXg0jbhjgeieRYmr9zkg
11.374932,3.9361746,1,0.04598628128942617,UCWcoqhvDp6-0LA0OUC_K7nA
-0.17085655,2.044607,1,0.15250092193584247,UCWgzAQxVHjb0HJRHsaQHuZQ
18.792301,9.273166,-1,-0.09571482016819277,UCWiFUTvzJgG7XoiGB-OvZ_Q
2.3573165,7.492514,1,0.14751202469246327,UCWjBAfE91nBdj0R2mrYHcBQ
-3.5484343,2.5977976,1,0.11676443357314414,UCWjVrEuj6j1Chqmxon51d4A
-1.0610108,-1.7154818,1,0.14994909104667975,UCWkQfUFIJK8zUvfVnrcIlgA
10.773621,5.764257,-1,-0.13865835513495006,UCWldQvEUGvhqMKOwcWV2JMg
-0.81203777,3.4900222,1,0.16390390205521693,UCWlgrPymojtiMJLWDUlzQxw
0.4976124,2.5183294,1,0.1582015882991229,UCWnjwkVos8xyUexam5s202w
1.1488173,1.5654442,1,0.1432896985556803,UCWq8uNX3So8mlRsCfRlX4Yw
-2.0449312,7.462286,1,0.1731654494158556,UCWrBPtZxyBIowmbsFbnigSg
3.0481515,-1.9627244,1,0.09006943135038198,UCWrya5CScMak0zApNygJDUg
12.011744,7.9516926,1,0.11143314868858883,UCWtFYzhucdXffX7dfZii-dw
1.1832945,7.9818873,1,0.16639217511376964,UCWtNc69664m4sRUF0OjZ9eA
1.925909,1.7730875,1,0.060344470534846095,UCWwF2uJkkBkpPhWO-B36l7w
1.1162212,6.9984426,1,0.16688730269992752,UCWxZfmOsuvljH6qrIBv-cIQ
0.6448973,3.1249664,1,0.06492923804142414,UCX-N2V1gTQ2eGwkOXarRMBQ
1.1372262,-3.2856915,1,0.147922007688227,UCX-Zm4p1ddD8FIAHfg7PxaA
0.03544407,0.18458524,1,0.14082590994441035,UCX-ZuUxKsoU0dEWBdWLQS_Q
-1.2148772,6.346895,1,0.15121328316960075,UCX-iwdNZUH_FXrWkQitHw-A
3.0451813,7.3492317,1,0.168341304178251,UCX-qX5S2lw-s3Kk8A8bLKGQ
-3.109814,6.898582,1,0.16918521630083105,UCX0VevQSmnZ9ApLYcVsBYZg
6.0078998,7.6905503,1,0.15832739088327463,UCX2y_mlOSyclJlMhiftNR_g
3.9598424,-3.1931982,1,0.13142508668308245,UCX526cq3cCBZIaFnUKaBngA
-0.4862198,1.637157,1,0.14953890541204917,UCX5BqUmPQ801xipR8rlgUUg
10.00863,3.355934,1,0.043024977511743834,UCX8J4DGT0-e_DYwsH8_0FZw
7.3899,6.105735,1,0.1319988027981273,UCX8W4liwnD6Z235h4z0nnCg
1.1683644,6.885751,1,0.15986836438456087,UCX92uMjmM1UW6qv6npMphLw
1.4229314,7.172458,1,0.15503882382241002,UCX99P4RCXopzBCRYisfWelg
-3.010679,2.5102785,1,0.061460223180953066,UCXAMpzrM5M9tHn4THru_XXw
-1.1850506,5.496686,1,0.15856805045117506,UCXBD33PtLif6ssMTrJG3KPA
2.7319894,1.6064738,1,0.15441341607351589,UCXBzbLJWq68_2kcV_n18aYw
13.517866,3.8086627,-1,-0.07208616496851328,UCXDR6O9X8TiuM5cmMhBY8yQ
-2.208537,7.663815,1,0.1708536225788717,UCXF6AmFN3PSkK4L9wdOBb9A
15.64909,4.2775326,1,0.12105838895180482,UCXFQk-XL4zrERTrR0xfD8Xw
2.6107981,7.444823,1,0.17069884774232919,UCXFy4E6UuTE6iEuAJR2gePQ
-0.06515197,1.0128758,1,0.1377297125454875,UCXHQmITVzZA-O6GMoMI9fJQ
10.348513,7.3106174,1,0.08604466606367928,UCXHi5PcbD1ZKBJmscllLQbA
-1.1852928,5.0838294,1,0.16162085446848234,UCXHmYMvW8bv3IsoC7XDRN0A
-2.0551572,7.984674,1,0.1674664084932238,UCXHr3gGC7gg7YEPrN2-o0wA
11.058316,4.8478885,1,9.92050995202165e-05,UCXIJgqnII2ZOINSWNOGFThA
7.2423105,3.7048786,1,0.12251372581035197,UCXJKaA-iUjowh386J9IHl_Q
0.85169727,1.285294,1,0.11924351898104013,UCXK-HLThVl5Co6TZMdYtIlA
-4.3211308,3.755454,1,0.135751925736395,UCXLI92C_uigZZesZY-Tdakw
1.6848503,-2.6100793,1,0.11432098143566627,UCXLU2euBUjGmYFETupvOKaA
10.95979,2.310585,1,0.11243130145987024,UCXNsZ-xUc4UYP2MXuTASKww
9.713554,6.7055793,1,0.11293807523098254,UCXNtXq8h4QeA6b0qHhxEDUA
16.215998,4.614579,1,0.12430124639079276,UCXOHvKAvl19adqLbuapVuCA
4.5092244,3.0015328,1,0.12674272315866975,UCXP5hD8nCSVa0Hnl9WMHjuA
1.0396708,1.4551171,1,0.11376172270613893,UCXQJY-uttpKZ6lPPGooYpyQ
2.806663,1.3948995,1,0.15023221245867008,UCXSThWtKEoXD7sxVAdFpANQ
-4.046668,4.1296244,1,0.14582512756822386,UCXTn5mNIPuf0ebK_Zf3wdug
-2.1693158,1.926915,1,0.15676850838079393,UCXUd8BgXOLOc6EVbVY4AMyA
2.2997284,-3.89727,1,0.1186379267315894,UCXVHX0Y7P2RHBHR2dwN5xVg
1.0042734,2.5217128,1,0.14239407507547686,UCXVIkv29htA9rNr1Tibgdaw
12.073778,3.7045028,-1,-0.030891872526653485,UCXV_GeMRDlgaZY6lctkCs3w
14.061404,1.8773676,1,0.1425279173256232,UCXWJ6Ud2EZChwQAxWzAQfWA
-0.19951926,2.2830083,1,0.16388396963707347,UCXWSBvj3019Lc60oYhhFBRQ
2.265342,-2.6741948,1,0.12711464162882807,UCXWeeA9ksZMP3dkr7dTSizw
15.29642,3.3467677,1,0.127364588052166,UCXWtqGeTomxiWZYqJTcLW-A
-4.020925,2.4582865,1,0.11493987812471596,UCXXQdiW_VYuMhNJE67dZhuA
-0.8493162,3.7944307,1,0.17031314704153444,UCX_y-cDDMqRkKaC0o5NkAAQ
-1.9788911,-0.014310104,1,0.16924911186325642,UCXaKQI7nYn_ynNykHGzdKWg
4.347709,3.0728543,1,0.15514262559243513,UCXai_F3g7Dh60eATRpdnVsQ
3.9432201,7.615228,1,0.12469439691005263,UCXakE3_Q5xlr86TBW71leyw
15.664411,5.180709,1,0.0987963160907997,UCXb02p8d5Cvyc70qZnNqH8A
3.364684,1.8067274,1,0.1321018236617702,UCXcbM2lA0cMbWFWod5KX8UQ
15.420459,3.436369,1,0.09403903680068143,UCXdPkCQZDgWaxopiqOg2Rhw
11.2605295,4.2543106,1,0.01464557077117512,UCXf0hVKWTlPy4G8AZQV1xow
-1.2082249,6.1715674,1,0.17151611075936812,UCXgC1XAWYlZFrtWbvBZl18Q
4.6232677,7.2093515,1,0.14221075975899083,UCXj2xNgzLlQv4vkvb75djYA
-3.0527794,-0.76642007,1,0.16279909514661356,UCXjtCu2Iy60jzCfliLtGu5g
-1.0601099,2.1472526,1,0.09262883439984565,UCXkbNIDuZL9wzjfIbHBmukw
-2.0829763,3.0096102,1,0.15157578319749238,UCXn4Lz9XWLCcb2s3GDh9COA
15.912041,3.8512964,1,0.13117962417797624,UCXnBfpSjd9ZBABQr5xetOOg
3.8711019,-3.1521957,1,0.14054609465055523,UCXncRhMyfyZC4KPuwrECTfQ
0.07015878,7.069736,1,0.17027130478724295,UCXnnVj7Q3imjvyDEroqFpTQ
3.2490373,-1.8691589,1,0.06329353861476222,UCXpguLik07jLPBK7XxwpTHg
10.839737,3.1100616,1,0.09736285959906382,UCXsNNbUQbMmHs-CaLnwZdrA
4.0665255,7.378533,1,0.12659213132199065,UCXsXVM0yB4pr_O8Ym9JdkNw
2.9731553,4.272428,1,0.15767475956603977,UCXtBfk1oannBCGGI8YSABUg
10.817786,1.8009202,1,0.09676995835762903,UCXtOnwla5LobF9TKpGlD02w
2.8198676,3.0350761,1,0.13540096934154722,UCXxZrzmQ_Lgz-wfS_hJkVfA
-0.5986582,2.6579552,1,0.11941778887268745,UCY-FEREOBP-MqXdVAN3uM8Q
14.115902,3.233044,1,0.031208812201326153,UCY-QQLqkedR1LeeA8XrzPDA
-1.1404718,-0.7858589,1,0.15736384069132986,UCY-YziUr4rws9oruHdFaLQA
12.809305,4.412155,-1,-0.021709877029696845,UCY0scOkoXHUZ7UDP6JNCDlg
10.210329,2.984238,1,0.10478292894532021,UCY1tAp8R7A_-RUpj6WqIqFQ
-1.6983557,5.8589396,1,0.171917839192538,UCY2a6trgIn6ds7V-Z5TslLA
5.030754,2.5631032,1,0.1449015814794401,UCY3oJLso_yBnkBLHrd7G8Zw
2.78458,7.8524475,1,0.16872055797195368,UCY4PKr-Nz-EMZm9BYhxyVHA
-2.2051163,0.1808068,1,0.1081336001681541,UCY5bieqDuJqvS8KliPMjCQA
1.2835666,-4.163766,1,0.13829903875892985,UCY6dM250bnwdWvolOvLZ4rg
8.157537,7.203101,1,0.14616159010262242,UCY7VQKeXxVvhOqOJVuMCrQw
15.851606,4.1438155,1,0.07047447711072591,UCY9r4ng5QpxueoCIli5bMCA
17.976864,8.859976,1,0.06205725503518039,UCYB8MsDWw0poWJjYeqqp7lg
2.7919822,7.6066923,1,0.1652879443828919,UCYCbHnYHitQPluMJmUc1iCA
11.338266,3.524575,1,0.07152259642986347,UCYE_gsOQkdnReSPncZOBeZw
4.1230593,-3.2015939,1,0.13307116334352959,UCYINwzr06RTBQXwH3-ND-xg
-4.269261,2.1598036,1,0.11706481525266932,UCYJdaylPGoi02oPXEBxg2tw
-3.5522707,2.5304222,1,0.1206792193281987,UCYN4O52ELctv5jXCuwL59iw
-1.7176117,6.6497107,1,0.14793135824825587,UCYNwmZ3hiWD0uHhYmeoVxBQ
11.49996,5.482702,-1,-0.05456170735948562,UCYPG3NEE1yB5CCA07Jsy8dA
0.6399678,0.39725143,1,0.1169856310136892,UCYRS5awJwNdxmLBJxCYssbg
1.4867396,4.855481,1,0.16450720840939714,UCYRsduRTz3am5vlZTPLljjg
4.3662705,3.3235035,1,0.13286334695619467,UCYUIylRaMPkchohdbsBKCFw
5.235698,7.482997,1,0.15977727175517192,UCYUU-4lEN8TtDH1J_Kn--Iw
0.06830568,6.7178264,1,0.16542302447488688,UCYV2Xdsba1FNZgROVBvn4_w
-0.61969095,5.0185413,1,0.16859143590446712,UCYVItPIo4v-RUQGs1JuKC6A
15.931429,3.8907294,1,0.13480455474829017,UCYXnKZh_LiPZvZX3ftYUdsA
-0.2715647,-2.4298933,1,0.15194337476098124,UCYYWMXeiVa03HkGqjY5-yUg
-1.5804021,4.4739456,1,0.15911249102616098,UCYZu1kH-8vavb2GoEddIFxQ
-1.6742098,7.9022813,1,0.16940089799875552,UCY_DxPM3NledgNzkSLcVZ3g
1.8848194,5.893141,1,0.16580116104215104,UCY_G8H5wzdQVZgCVaBnDhTw
17.452377,6.401558,1,0.020348819957662412,UCY_snYiHAD9kRR9Zl7QAGOQ
16.64364,6.201323,1,0.055425307931118106,UCY_wvoaFSLelDTpQjBcy3Wg
13.592914,7.6019726,1,0.09754460802496007,UCYa4gI0xjeammMXQKZNqCrQ
15.810839,6.1676307,-1,-0.007398156953609569,UCYaIvjrrHn01u0ka3jam4SQ
15.019286,7.982734,1,0.08080190209773475,UCYaJw0xq3QBG70TaMW9xRyw
3.329267,-1.9004743,1,0.09995234211250986,UCYcDtJAJgxxmrPOu9SkFyIA
8.858699,7.7847757,1,0.12011028914725064,UCYcz_T-YBkpZPopvikFigNQ
-0.30085367,1.0689209,1,0.15084530063953333,UCYeykUtMFITDWrFrxsAzOTA
11.7293825,5.661486,-1,-0.06631256006200514,UCYf0LdbCik2vYpYfkcKtYYw
-3.173982,5.912302,1,0.17287615104449044,UCYguH5ur20smWpmqgfpB9lQ
-0.41331658,7.852281,1,0.16036277889064804,UCYh8JBtZDvuztWjzZRDC1fQ
3.75913,2.3257482,1,0.12449411426544132,UCYimwMx8oFM5yGNDHzikeGQ
4.0140414,6.9584026,1,0.16213029938022394,UCYkMq2gR6KBnJKIDYgurm6A
-2.3527017,7.866314,1,0.1571002919626422,UCYmPJQQQw5PSfcS_1P0AnBw
-0.24361594,5.0421157,1,0.17351774087015526,UCYnF61nvh73kk0ZuBZIteaA
14.882325,8.2884655,1,0.10220213974154935,UCYo8jHuwRR5_L7tj12n0KfQ
11.67584,3.6755183,1,0.0658605514834647,UCYp01tbXes4vx2ZlBc2Bk3w
9.039865,5.6511216,1,0.03374603175906138,UCYpihZIr67Zv1cWadjaktLA
11.353968,5.6472883,-1,-0.06882808622895653,UCYqMjj0iV_DouX_pmwr61Kg
1.3654546,1.5061704,1,0.12768602678226887,UCYqn_Tt4fbyBGgc0zXAsMog
5.0524797,2.8081703,1,0.07998978062843509,UCYr3_K15IoPX7MCMCTtwJZQ
-0.15515794,-1.9426814,1,0.159833882701789,UCYrhloUV9s0FHoOrzjpTilg
3.0213184,-3.1542335,1,0.13224010409307096,UCYtKb_g5W7HsmrM6N67zu_g
6.6709976,6.580543,1,0.1475543482406163,UCYwjk6ITE41i-xm9-Ghk1mg
-0.083031915,4.47854,1,0.16721344376583142,UCYx1T58vCGlDXrKBur1giOw
0.9371615,-2.225166,1,0.13632914173628763,UCYx3ahm6xdUDR5768L4Br_A
15.587957,3.8054771,1,0.11802369748014119,UCYy-mdQNBMf-xMe5UhGXTig
0.73767775,1.2616477,1,0.13625358498616869,UCYzVj6yIMG7hb3fIIGy6pvw
-1.4781696,6.3227744,1,0.16352578133015172,UCZ0x_B_vZdYKfNT5C7Lpy8w
-2.731823,0.7777258,1,0.11987092520826992,UCZ19M3sVDanKWSJ-HJd-zfg
-1.0729876,0.43605578,1,0.15404900943115135,UCZ1PLzkX0NDv9qP41G7Ojtg
-1.310949,5.6440496,1,0.17244347085180733,UCZ2Ex7i75pJIe0D3Rp6S3iQ
10.813466,1.621001,1,0.1022141901303793,UCZ3BezaDAGVkAi8nBLAfcJg
0.55101115,4.3477335,1,0.16624745349349612,UCZ42DcQM-dSL8QGIqWpWqEw
-1.9627583,-1.7936403,1,0.14095572771382464,UCZ4920aB2h9g2uMu6-YvJ-w
5.43005,7.681304,1,0.15981399108021316,UCZ5bC-ukRfXLj4LrNpir1ew
2.4266963,-2.8561652,1,0.12533375540050118,UCZ6Q7fw-fQXc-3U0Ex6rVBw
8.358203,7.301666,1,0.1455857155807474,UCZ6fJo1q-MLfiQhBwoYNBug
-1.7726376,3.252701,1,0.1584887904353614,UCZ77R8-HDdtT96IyVz03eqQ
-0.26849186,0.7768487,1,0.133867957541486,UCZ7P2OBr4fKPtEojOBoiJSA
-2.7068374,2.233981,1,0.154610065711355,UCZ8FdDKlPWVCsUxjKq-3ysg
14.217015,4.1097007,1,0.07496478153874242,UCZAMQaHr3N8rh-DMw3Qa1cg
10.527536,3.027107,1,0.08685032673896376,UCZCZsrxwH51w5NFgFlXa1rg
-0.005158221,-0.6000689,1,0.14101949572252687,UCZEwl50kq4uTCknw_9MbJNQ
11.156177,5.9234524,-1,-0.18700482360005588,UCZFhmduJg0xnWAKZTxLsEFQ
-2.636328,6.264125,1,0.16996533888570353,UCZG3O15BF7CbmjSXNbQ7hQg
10.475652,4.1621146,1,0.05640651807617175,UCZHHzf2q57b9ygeQskJ6nNw
12.730039,4.2818117,-1,-0.024721260851297222,UCZHsGZLCHVl293Qz6lV2J0A
-3.4323654,4.534526,1,0.1585653696991448,UCZJ4MywxLLotC80ryojvDOg
5.928965,3.1931584,1,0.11995731144148342,UCZJIhNvtqbpAh9KMdxhftYQ
8.228861,6.6639557,1,0.12681745226845959,UCZLxLL-AWWmdupXTKM-ImsQ
0.46576422,-2.2387886,1,0.12548045375564892,UCZOGu-eOnDaOcvEsTd-aNng
-1.2742115,-1.3082979,1,0.16375259572502598,UCZOQL7pTXkvwvjg8tc3iVlw
10.69335,1.6455865,1,0.06882401954598921,UCZOd3_lRxKKKTkmMP69LXUA
4.172143,5.0664854,1,0.15264472021926478,UCZPftIhYeCpUhitisYULO8w
4.4033957,1.8161535,1,0.09728664339596871,UCZQUGiBlm9S6BwPxnWoEUAA
-4.2402782,2.112139,1,0.11931947547718236,UCZRzMEvyYclXYMAmX63COFw
-0.25334176,5.2968135,1,0.17246343843050221,UCZTXxXcmmw3OUEe7hBHVvVw
1.8438883,3.7355683,1,0.1566117752893904,UCZU6WSYDo7EZL6uWyTiSnvA
11.927278,8.004607,1,0.12717914874276393,UCZUgI9EwkPTyGnVI7wcAr9w
2.0929086,3.909739,1,0.04737564849485565,UCZ_V8XcGJySMuYpDV6lLisg
10.862939,7.2675657,1,0.09575439972546435,UCZ_oyFiitOuX4aEQrIcSiRA
1.7633343,7.2010894,1,0.15485705125126276,UCZb777DMB5rqO3zHnapML7A
10.739447,7.7795763,1,0.1303119687813203,UCZdEnGWnGcbSx4lFf_ivXuA
-2.2899542,2.5020642,1,0.061893377528781546,UCZdcSr2XVOvykMX0ABE57uw
13.147366,4.668573,1,0.025503439138016115,UCZfoMQlyYjnzGugeYPew1yQ
10.694534,1.9472033,1,0.08149125390837936,UCZg6Mg0JI19wx6CeKnIGcQQ
0.3262328,-0.8821525,1,0.13460854608952538,UCZh60tvQwBhaNTgpFPtSYpw
0.9679338,-3.3458593,1,0.15993155058357061,UCZlHyBLK5hDG4jGQEvByFvw
-0.60807854,6.0114036,1,0.17158758510953365,UCZl_3gUANpkk3ieQaGWwS7w
-3.2361212,6.013703,1,0.17166502983264076,UCZl_TpXWqlbDhZbBHneaHZg
4.7095537,7.8939514,1,0.08416782065037565,UCZmiJlWiRgbQBrFpyuCR1DQ
1.1650052,7.8323717,1,0.1689016030772006,UCZr58Ghknr7KN-JhgH4nTOQ
-0.27951244,-1.106456,1,0.15340683673018624,UCZrUFS8ez81-5EOE1Qk5nOg
10.850441,3.0870833,1,0.08410296548516988,UCZsZAS_4dAC0LRH7BYO1CRQ
11.777891,3.530408,1,0.04779288209853849,UCZuEcLFgCPaMrMAtTA_nD7Q
-1.6723397,4.0981107,1,0.15073823443586115,UCZuiianifWmcvo8BRck1eAQ
-0.2790648,1.5371946,1,0.15102045933940728,UCZwE1bPmPcWQ6g4xd66uG-Q
10.666946,7.4935637,1,0.11651488871423149,UCZxUabREVs4T7slSDd5QUwQ
12.971955,7.584594,1,0.0847486562896132,UCZxk1By3u8Ud8WdliERahsg
3.7392192,6.8972464,1,0.14429613743153347,UCZys-FEh1c0pMfgi_tjiPOA
14.025929,1.8739868,1,0.14293384695116113,UCZyzx4BV1o4l7C3ifnAyLvw
15.749949,3.7610407,1,0.10575006185087321,UC_-tzh5XNxxYKm89EIyWdnQ
16.075523,4.0855956,1,0.11662823891038032,UC_-uGeOCDGgSlHewGYwETDg
7.343538,6.495168,1,0.13993842415504676,UC_0JK8xSBjl27pXyl5eYJYw
-1.0854703,0.38521507,1,0.16135528902595558,UC_0pJiuIUhpfUnwwedaT5Bw
13.952337,5.3661613,-1,-0.16727052143646215,UC_1RwtUkgklSTtvIw2nQv7A
3.1887233,3.6367593,1,0.15287490967171935,UC_2dKf-g1wNPfj1duSF2pIw
1.0908617,3.4426477,1,0.15310521991447928,UC_2n3DjvV1-qXD_47BDoAhQ
3.2954736,3.3250017,1,0.13938231343482915,UC_3jHCr_fXw68yLN2HbvRfg
6.781028,6.8783445,1,0.1515046594879111,UC_68oY8bUO3UYqQRogUXo1Q
-1.081739,2.1299427,1,0.1439241155601329,UC_6O5Oru2O4-Aj2zPF8XSTQ
-1.381021,-1.8105615,1,0.15134065287556164,UC_6pp8Egac-EDfRUEnpVJhQ
10.777451,3.0131927,1,0.09548657203914296,UC_7nAoNyUvWWmWr7VOYtaaQ
-2.2584758,-1.1960016,1,0.16319578021130288,UC_8HyubQNHvT3Z8_y0F8L3w
4.950132,7.5263686,1,0.1490644329211957,UC_8ZCYTGO2PoJJ3K0sbxN9A
14.428889,7.615808,1,0.10292988047625817,UC_9Ei3EC9cY9m-sFo88Lq3A
3.354264,2.2926824,1,0.14969485270677818,UC_A07C8TbKgS_awIgcoP-xw
7.4231224,3.209833,1,0.09735554817170167,UC_AhrJI9w0AQR7C0s7sol8A
2.0769184,3.9819303,1,0.15542492450156603,UC_B-_DhHdcufhDDpdeCIVMQ
-3.1820319,3.0583646,1,0.1553269164218788,UC_G-2z0nn8dqecpVT-zF13g
1.721794,-4.0781274,1,0.14243888450128178,UC_GiTX8ajeIFynGdFRDS0Kw
7.9023356,7.574758,1,0.042369925632460004,UC_IDdQsJpvgqYEvgbbLp9TQ
-0.77127165,5.3251753,1,0.15922208965957413,UC_KTRulcc2sMICLD-Tnrynw
2.727546,4.351306,1,0.14017562987125498,UC_MB45H-uXwuWQkBAiMSb6g
12.523943,7.3639464,1,0.02684984713079519,UC_NdIzCcPJlv-henfTLHHTQ
4.3967447,4.7393575,1,0.06644583200327059,UC_Qx5PaLlOXG8x2QJw4nuHA
4.1672115,6.6061177,1,0.16172193557521108,UC_Wwql7XQrMm7BQWQ8Yi3uA
14.781377,8.114531,-1,-0.03350060256777754,UC_YWn4PChuaMtLGfs_PJ5kA
14.005993,5.261035,-1,-0.024665006592041516,UC_Z6W4o1PDjN8YHPkvbUpVQ
16.055973,4.017987,1,0.09031327370894587,UC__Dih26WBv5UVB-qabW2-g
-1.0276617,2.1269236,1,0.14560065434714875,UC__dZlylIj2mAJPA3Y30S1g
2.3019328,2.8808622,1,0.13500592000422285,UC__eDVXNDXFgf2B8YPWeszA
-2.1149232,0.28094068,1,0.10555881593097988,UC_bIIu-t-5v1hcGI9w9KLlg
0.79347247,-1.6263939,1,0.136338368511092,UC_c4ZR47cgFTCTx8mKNI1FA
1.8623854,3.8027804,1,0.15258793062386772,UC_dWbkcmdjmk7nkN3JWlFOA
18.878426,9.326369,-1,-0.006565062585057846,UC_fX6---2V2e7gn3aJMA-BQ
14.801411,2.8429074,1,0.11466267680928,UC_fxE8dgQBUKoOnI25yf5-Q
-2.0961413,0.20864052,1,0.15007685169359591,UC_gHyU4rBnatxCsXASXjt5w
8.385857,7.9378157,1,0.14929912018463376,UC_h9-o7r-PqF2jTF4oG_tSA
15.538729,6.1087384,1,0.07830724567351427,UC_jx0cHe2odFbtjqzoToW-Q
17.916416,6.292889,-1,-0.06984414536140582,UC_l53DTpSycyUFO6whwSBLg
-1.8143568,3.3035588,1,0.15424262884544226,UC_lBXxHOtjNPl8hBYZAa8TA
-0.15925384,3.8802705,1,0.16655127190733338,UC_lEWEvBl5VkwS6YywayYoA
2.7020297,4.4904985,1,0.14598038712855577,UC_mty0aB-_h_a5NeFFUMNdg
13.484336,3.381004,-1,-0.06880024206443403,UC_nJ9xk77KKhDLQY2we0kgw
0.4282651,1.8288553,1,0.15172738607587655,UC_ntpLnJrCVNxvq8GvKae2Q
3.2755184,7.7223225,1,0.1684881182951753,UC_oZV2rNP1G3DlnjJDBtV1A
-3.8505666,4.103999,1,0.14721688515259246,UC_qrNNh5_-yFULcm1rkyIng
1.4178718,3.5199273,1,0.14699664723746558,UC_teSySwSqDm_Iv1JyP1Pjg
0.7009581,0.5525363,1,0.10106019755651108,UC_uppEi5wesk_xi1CnYGoAA
0.21543945,-3.23513,1,0.15940814609414922,UC_vlX8H4TniygFd5YnommWQ
4.71495,3.699375,1,0.14918261447641157,UC_vy9wknYR459CHvDzsnk6Q
1.1699926,5.1138144,1,0.1454065635445062,UC_wcYzBVwRVKfrbdr-UjoiA
-0.29819468,-0.11729873,1,0.1291105154718088,UC_y5l6s6mSGni-xd6nVUc4A
10.111065,5.1962757,1,0.09236546764392428,UC_zumCPjENy7PTqDBOX6-TQ
-1.0443953,6.0080614,1,0.17021336619487554,UCa-0WKXVWRt_F2PAgVZBmKA
6.6623774,6.073188,1,0.143598656266555,UCa-y0S1DujyXS6Or9cAeSiw
1.9650358,5.3194,1,0.16712606362132204,UCa2x-ifN-0XlOn7y6jzvXMA
-1.1739537,2.3463714,1,0.1025944845282899,UCa4tJeOKbZM9PuFRbj--nMw
2.6089787,3.42268,1,0.10052094460619976,UCa5N4qRDauavcuisJWA9S2w
-0.11681885,5.002148,1,0.16875079128454945,UCa5zkVteixdOHx1_zmRyJ_Q
-2.076648,4.9083757,1,0.15895892369705145,UCa6WXJmONhrq-auC5-8QpSg
-2.6192183,5.883805,1,0.17070538611641128,UCa8C62ScOIzjH-AzVVaE0bA
-3.1320624,3.0809855,1,0.15705108813965846,UCa8e2ZywSle9qN7Uw7GvzCA
3.4923933,3.398413,1,0.151381999450941,UCa8lwT-ihtMT3lcrwRZQjFQ
15.080649,4.5555105,1,0.04599338235139383,UCaBD9dfGg9ysV4Wj0cP3ccA
-0.25362194,4.6457877,1,0.1649604362283867,UCaDI8AoOQPY_ymKjFgwrNJg
3.2567647,5.6509533,1,0.13135607375134956,UCaFX2-ecM9CzDQQ5Hmjymeg
9.691697,5.2752886,-1,-0.06161764849123319,UCaHpXr6WfAavnmt4Rbnd4CQ
-0.1248268,6.8178577,1,0.17228600976012892,UCaJQ7n0FCZdSaHWQn8M3Zlg
0.14683595,6.9052095,1,0.1734673363104159,UCaKJjx_yGft0_qLK1DN9A2g
-0.9075074,3.016269,1,0.15561293379947272,UCaL0hXxgrn0icnkgs6_JTfA
-1.2058133,6.2549787,1,0.16949524638430624,UCaN4iKHB0HMXz29NFwjSTww
1.2827908,3.4512641,1,0.15354066909929975,UCaNI-oJ2kO_626qs9g79jXw
1.7843546,-4.085447,1,0.11804453508358742,UCaOhBPe7jwAqiwZhS9NIgwQ
2.7888403,7.7848215,1,0.16619081185494022,UCaPHzcj3fFYQV-t9OFamjbQ
10.332484,2.4907658,1,0.09453081891401094,UCaQuKN-Z1VtrtCc9Gji2pAw
0.3446623,-2.7998693,1,0.15871920503672582,UCaRDJHvHkAvPvYcRSbg4Uvg
-3.0252717,5.867402,1,0.16770499800679728,UCaRiLmr7ajpQEAwuhSTNLuA
-1.4172089,6.6813083,1,0.16256419408452671,UCaS7YxxHk4KpF4RW70_ZU9g
5.443023,7.7505865,1,0.12730960818429898,UCaUNr9xoYgPNavKHqsTAHVA
2.207031,-3.56335,1,0.14364571341236237,UCaV3zGTX97CrTGXzHdWEFbQ
-2.3066492,-1.7665654,1,0.16216358872725434,UCaVVb5mK2XSGCAGDFT_nh0w
0.29769722,3.0452466,1,0.12110384180930883,UCaVejI6C8VSzFKfMuOCMGIA
-3.324363,2.3451087,1,0.12513462027367617,UCaXY4FXAAMXjxUFQ50o8d-w
-1.8658794,6.6364837,1,0.16779568469131162,UCaYwxG8OGnuWZSk1SuR7Bqg
3.1906223,-2.0392787,1,0.08277079086310757,UCa_8NRDv31fTyhk6WT05I4Q
14.538198,4.3872356,1,0.026976919194897253,UCa_SRtyMKNTATB3hNTqfSag
-1.0730678,2.0127604,1,0.1551980844920403,UCaa22TRx3oy9oWbQ64YtVnA
-1.0492102,8.049793,1,0.16757295075801115,UCaaYdDw_YRhfLu3fZoU-4nA
11.52982,5.980125,-1,-0.14325353085225223,UCabXdzM648jvcRl30OaPjRw
-2.4985611,6.4252944,1,0.17205032999577585,UCabae30sDHbx4SoGfkoPYGw
-2.427387,-0.40900192,1,0.16659291926014635,UCackWv-uzBLhE0UhHFGUPNA
-2.1978712,2.1557317,1,0.14369259827882197,UCag5M6T6BZWo0TSIkVOk9Vw
11.87899,3.3161361,-1,-0.014696704568677665,UCagbyRfPgZ8x5Hxtm1yQcCw
4.629056,7.66791,1,0.16063534737447283,UCagtBb8oFmImZQGBg7OVX-Q
0.22201817,7.9384236,1,0.16658072673253171,UCah1NkJCqsQdFx8rFPLelpw
-1.5689725,-2.1755996,1,0.16365170415824892,UCai4b_SK-vwQg8B7zLsqLLA
15.855894,5.9669757,1,0.08050054308154886,UCaiaq7nXs_Aef6PQn8epsNw
0.072904855,1.2657354,1,0.03398454799784528,UCajcy7K0SoZB0f4sqa38ULw
2.7185245,0.6771315,1,0.010699038857976628,UCalno-3qR_9o7oE8G4Pf4ig
9.497758,8.064521,1,0.13723357639218392,UCamC-rEdtevcaOMEATd6iZA
5.430798,2.671433,1,0.09898500238433006,UCamGP4oDtI_5P84T2DY5Uvw
15.76736,5.357678,1,0.09683684773011225,UCamo-TUszAVRCBtgh5ehqNA
11.588493,3.698881,1,0.05155912923311656,UCaoKfuiXh65zjATLQHenR0g
-2.2281501,7.8714604,1,0.16626629275721694,UCaq2spPs0ECFC422NVP4esg
0.1438419,6.874774,1,0.16883752998771095,UCaqGpcRt2DIAKejrA4w13dg
7.1019735,6.9132795,1,0.14906914828950246,UCaqpLEe6hP6xDdpaat1qpIw
4.350207,2.395726,1,0.0607971969433202,UCatanT79m3Fx2GAuOj3wh1Q
-0.9987922,1.2746193,1,0.1412082490651443,UCau1ICCCgOgaz6ke_ObT5oA
0.045377105,1.6757646,1,0.13277024261523523,UCauL193i_LvE1FksCn7_avw
0.64982444,4.4241304,1,0.16787675085496884,UCauPYWkHDZHao4si3ORiSpw
1.6858889,0.17414565,1,0.05671564221201525,UCawDrwSkDB_wTniiaTN2G1g
0.40063047,1.3763517,1,0.13845096996404294,UCay_iuggORd-7CLACIvQNNw
1.1270454,2.611557,1,0.14511451239158124,UCazMuTEKX7d07MgipOc7dUQ
10.838308,3.5343294,1,0.035403516895134934,UCb0EdkwM0pBHLOfZnpcNa0g
1.8181012,2.8922992,1,0.1459819091108036,UCb0WEJ6xNG_gQaVAQjMMhQw
-1.0828207,4.3060994,1,0.1704974880066355,UCb1YcPHjeijbjTqc3FNBSJQ
3.7697573,3.6037416,1,0.15459698836013713,UCb3DD6dE3RhhqAU0O1xJyog
-3.397741,2.3171046,1,0.12503520014183095,UCb3tc9EzUT34qIX0qA8tbKQ
-3.837785,1.3987886,1,0.15185861810884116,UCb6vQxauHlFzOCwHUHgGeMw
5.1382904,3.1437466,1,0.11814282449492391,UCb8R-4OAIAOG98P_3gIESWA
17.928682,6.360761,-1,-0.0315826512175964,UCb8UjjFpMCGiN4PZO_k8e4A
0.2349853,1.1529553,1,0.08941356715524523,UCb9BIXjzeMCb8pSCv3wTCUg
1.4164436,7.9891253,1,0.16176066021795077,UCb9cobEB0voDWO2wXuHkWnw
4.306298,6.2344985,1,0.1550456829832163,UCbBCfHBg0E1i1WT4mv1-sbg
1.1935872,-3.1883006,1,0.14840692272217432,UCbDax9lQl9hqYlIryJJuhew
5.8273664,3.43184,1,0.12460453991038417,UCbE4dsop37iURoMsQeRCzpw
-4.3061533,3.5018377,1,0.15228336201782894,UCbE73iycaKF0ZYu6CZvF9rw
0.17467391,2.730697,1,0.16088230375816703,UCbIuy0Cq4U3RKhwiHoshgyQ
-2.3930266,7.429989,1,0.17012705147996282,UCbK6uCU8ERLOTIbLe-k6iUw
11.209457,5.7790456,-1,-0.10367720519587376,UCbKFPCQAdYjhfCClH8WAVmw
3.2105837,1.8572648,1,0.08074357919850939,UCbM1YWf9-yCq0o_4ofSVyFA
-2.30929,-1.7199602,1,0.1631755756685473,UCbMLCCCCYgsFa5CB_8VE2tQ
1.1710101,-3.1310475,1,0.15150839868036042,UCbOFAfe06fMKCKC3__xO2zQ
10.735336,3.9239626,1,0.04888731556918996,UCbOghTKH54IjBu9qxQdCPUQ
14.210794,2.5288947,1,0.13105516998033923,UCbRLpInyhpPXz48d1RntbHw
-1.7584238,2.6553822,1,0.14229451232230056,UCbTFTaodP-EgUKolj3Sntpw
1.4454087,7.2817407,1,0.14790931365944737,UCbTuq_flXapL0xgT0hhVQ6Q
2.9832757,5.3046,1,0.13927989531600765,UCbX7Q1rSFKgvI-H4iG6dUHA
3.4029505,2.1409533,1,0.09372980404933162,UCbY8HIzZsSRaGR1U2R6sLPg
3.9142814,3.403612,1,0.08327441504352201,UCbbGyMG034S0vbM_Xu3ActA
1.6528475,6.265696,1,0.17164887361901215,UCbblzKwFMluLCZTuNqxl-kg
10.3329935,2.5782347,1,0.06752123254093229,UCbbywMGti1ejbQpjMLDxsFQ
0.19488762,4.704737,1,0.1689874590803046,UCbdOYagMB-l8HDONlr8TuyA
-2.4090362,3.5382915,1,0.16063759396948618,UCbda-zMTh1eJUGFpeQmhkdg
-2.6677585,-1.329307,1,0.165524547262475,UCbdqJvSpFLmhEyt0vLzQ5tA
-2.1409733,-0.51653016,1,0.16960220392434844,UCbeJW22lAKCRh-Epx6EUkhA
8.540322,4.4685674,1,0.07558286521315571,UCbenCPhjqXDmCfvS6k9d-wA
3.8879898,4.337344,1,0.13538388576911137,UCbfT2_X810bglVueFLm-T_Q
-1.2401832,-2.5326657,1,0.15502855855044873,UCbgtpdJkG42-3OHEVv1ppIw
-1.8959957,-0.8826227,1,0.1490676266723293,UCbnlDSOWeJ0DrFvwDUG-F9g
-0.116924696,0.7338876,1,0.14603166132730422,UCbo-n9BNnxGsxryQ7xNm1cA
4.4091096,1.866815,1,0.09742396060174874,UCbp8menGVaIDpK9Lm3iSNbA
3.1869535,7.359125,1,0.16226920175483234,UCbpFEN7jVqwByEiwFRtmzlQ
11.067233,1.6497692,1,0.09402558766164004,UCbpnqXFG_Kh0aVl-fuKywTw
6.7023354,6.6859818,1,0.14995737622311334,UCbq2YIyiohjqVc47NlRPUZg
10.606664,8.04091,1,0.13879095540982445,UCbqUawpg9pc8ykD3ylJYy-w
4.4787974,4.0379357,1,0.14904207541016457,UCbsCF5Ki9rzIsffjcqj5Mug
-1.3600606,5.6428113,1,0.17102974603699206,UCbsnWUEPi6Bjp_wrBg28WqA
10.6025095,5.319071,-1,-0.034471709910349424,UCbt_fqJeYzdQFpzIYck97JA
11.608226,4.0971236,1,0.021783073073651016,UCbtyNUu7HGVNV8Lj5aFKo4w
11.738408,4.2653008,1,0.03461867424163012,UCbuCQHIIADQmwb3LzMxlTtw
-1.4402642,7.3182116,1,0.16912018166694898,UCbuOP4w_bPW4riebUqp47zg
11.374586,3.6738963,1,0.014968987204165896,UCbud-YZ24dfuY1jQa5cB9Fg
2.9961839,6.924392,1,0.13460210396071842,UCbv_35a2qYMzzwuMRPi-hJw
-2.3431664,-1.7048771,1,0.16183612613550347,UCbx9EFxHm8HF8bbqea--1Jw
-2.0876849,-1.8412396,1,0.12901545621077054,UCbxz5K3SnNIkiLcnvK-xXoQ
14.386009,7.6257215,1,0.11100583479360965,UCbyYvedHDL5PWt1jLRUdFuA
-4.4324636,2.5294273,1,0.1117736795089318,UCbz73BCCs32gZJzFwpr3Vkg
0.26256168,-3.6927972,1,0.15577416228065843,UCbzTcQH_fMOqV5cGVEZdTtw
1.3143728,0.54056484,1,0.1293917499386658,UCbz_65Ycf-zn2O74BxGtshQ
15.737492,5.252182,1,0.10809107376954735,UCc-NFNw3YReZnFTRi1MU9Fg
-0.79602534,4.787618,1,0.15604201501495663,UCc-zs5wExdiExGjJ_nujS1A
11.500397,7.9057326,1,0.12618046251370552,UCc1Q7rwlDtVIungUX7YZZ8A
12.722218,7.613225,1,0.10426044283704483,UCc2FEqbXnvW7venA7D-Ljog
3.8928988,1.7913638,1,0.14831111963083277,UCc2UhG6ANBB0HOGqlDXkqBA
2.0776656,5.3376164,1,0.15030005354364379,UCc3wFZAYT1vfEZ8TktmYydg
18.259525,6.306392,-1,-0.040175094525422894,UCc4hIHKYk1zsZn_92exyxGQ
-1.2119853,-0.90740246,1,0.08543841263686908,UCc5Z0NkUigAMsggzbIRVq-w
9.464351,6.0138297,1,0.04362486041513303,UCc7k-pvR5orqROnP8b2-Ntw
9.950788,3.4464738,1,0.07180063189559183,UCcBIRI-d6E1RGfh52jYuz5w
1.2710487,0.64715594,1,0.11902311433014129,UCcBVW_alxRFuMlzZSPAvUMA
-1.2798038,1.738102,1,0.14209897552971568,UCcEnCDOhsSKT_5r59Yznf7w
11.292489,2.5756154,1,0.0758747748839591,UCcFAaY4LkX2W-tTW9erJjog
11.720244,8.000916,1,0.12491291103177476,UCcGDMyCgqfpDPdMzNWvudOQ
15.917814,3.9458327,1,0.12392187640305385,UCcGOY9puCEb8XNPxjQNF4sg
13.360867,7.724744,1,0.12095952911143976,UCcGVwkAS0EWigy7K5KTRiXQ
3.0805159,-2.5402873,1,0.12972741242358204,UCcJPXekDmebMyaF-xGmpQ5w
3.2199862,5.3287,1,0.11121473230972223,UCcJoWrE7i5vtupMbTZ7KFSw
0.8570134,-2.8936892,1,0.13803508059666836,UCcNKQzyiz1tT37_jVX3YJ_A
4.7154584,7.530595,1,0.16018715810472778,UCcNq3j-h8CtA_KJ-dlpo54A
-3.6835816,6.327417,1,0.1560841434108149,UCcOc68Hgg9ctQTT3uIa4ZNA
1.4282508,2.0136685,1,0.13003314872141114,UCcPF8igiXUVHhISUqtapZAA
12.341322,7.771915,1,0.12396509188167493,UCcPipJq8PutvbRvB1fcDUOA
4.558155,2.0303516,1,0.08297802727978992,UCcPukUVpEzWPfWjwVtvDTDA
-2.7973263,0.82667255,1,0.11889505254795285,UCcQJ1aU3i_iDNT6gZ6hAR-w
-2.8553927,2.3466613,1,0.15147865146990508,UCcQgdsisYxkR1IgYUpyNWNA
-0.031958506,3.4907954,1,0.15144520248969995,UCcS8_5MTtjGgj8kg-IQQJOw
-0.55050695,2.427551,1,0.15233506259427798,UCcSxRhOkp_Mbe-RgaMoKmDQ
0.03482024,6.9286304,1,0.1679134266030609,UCcTK5xZk_5eKWWqviKg7Xeg
0.6710321,1.1165088,1,0.14229003701060094,UCcTVjdQ4paHpqpLdGxM2bgA
-0.51381487,0.44442016,1,0.13057373922769233,UCcU2E-WoWpKeIxH_sux80gA
2.8107383,7.706998,1,0.16897493524338475,UCcUXPjhE1SFWTdrjPaTPSOA
17.88636,8.72624,-1,-0.0706624176270031,UCcUqT5BLbdSVsDhDRXLdYjQ
2.3402648,3.6932778,1,0.16007017070479768,UCcUrmfgbW3eCsg3Hm8S_HEw
0.7806647,-3.4704764,1,0.15936665636110786,UCcVEXvLinFBPyBakr64X_ww
15.590192,4.7384224,1,0.09917416172479021,UCcVOtvm8t7prWGGEfeE6fMw
-0.12026249,3.4588046,1,0.1461655675803985,UCcX0frIe4fKB732wozeNXOg
3.348397,2.9993272,1,0.1474998049070173,UCcXDD282uCpwG6w3VIKxl4A
-3.6791902,3.7993467,1,0.15913896764661317,UCcXbdJFrIfZOFdvWlQPFLVQ
-3.3690548,0.20564997,1,0.14710528737395845,UCcYD6kYz0-axczQg8HW1aIw
5.5614934,7.874741,1,0.15692692018636878,UCc_dnCiVDKZtFqlOHdai3Zw
2.2307503,7.486627,1,0.1497298006290751,UCcaPWa7EDCUFja-a2PuTRRg
3.308121,1.404565,1,0.14912045352314418,UCcaVG-QcHwqzrDDY48kxbWQ
14.919544,3.3847673,1,0.03016595636287983,UCcbdLLqyjOrSaZ9cMkGfXpA
1.0515894,0.9294812,1,0.1377658453500698,UCcd0JUDk_XoKVRiXb7XcFJA
17.804472,8.78581,1,0.06981509762622984,UCcdwaEivBWawsOV99aMb4cw
-1.5767969,7.691803,1,0.16929193650188873,UCcf0OZCyL4QMo0umz54CF5Q
1.5015671,0.28095168,1,0.10348374031008956,UCcfVfpXVIlWE5Hg4fw_uFZg
11.641882,3.634378,1,0.07464632532284804,UCci7OWMYF-XypoSAiETtwPA
14.10462,4.99029,-1,-0.04298085569710308,UCciCNgN6MeAdNyx4rE5MQgw
-2.4657948,0.48773587,1,0.1483970699715771,UCcisnfkS0kSwXxDjNjaprVA
1.685892,-1.3841527,1,0.11076972353283543,UCcjp7yVx0SypoC1ToMQMEMA
-0.44163692,7.3896565,1,0.16966689890115744,UCckZo6-NMmq7LF-QVhXbCNA
2.3604262,0.553392,1,0.03064397809182845,UCclPdruTLudptH6txOaElQg
-2.3109472,0.6433059,1,0.15666724177139185,UCcmwa40drRRPN0zDwRcOcMw
4.7613416,1.9392624,1,0.09290757702368979,UCcoAw8nEt6uoL5aI5HDlhnw
-2.233241,-1.2730769,1,0.09557231740363531,UCcpH9lwNJF8cDdPWU5Nljgg
15.250767,3.0735276,1,0.1313340674744392,UCcpN5xXHMl13GHKqlNju9ZQ
0.06111662,5.407502,1,0.17331176674184734,UCcpZaYzofGsiZIkhAj4AiqA
-0.11132095,-3.2789161,1,0.13982240878333646,UCcpwxfrfiREuIGRbW8BYnEQ
2.9841058,2.720943,1,0.1438862781861563,UCcrKcHtkunbvGd3ic9YHRuw
15.882669,8.210251,1,0.017712119443985708,UCcrqVQmqZOuBNl1-O64JD_w
2.8215215,3.773033,1,0.14498169494407237,UCcs0yVIeUZn397D50ylyB8w
-0.07890356,0.8055487,1,0.14603166132730422,UCcuJTD-AcQNJXcMmlYsrKkQ
3.0666373,2.2724695,1,0.15450760907645777,UCcv172PO5qBIk8vclNgsM2Q
-1.6877549,-0.75492626,1,0.16497706155051706,UCcvsMjepSSh6yOZaIPHKeLw
3.1235595,1.3564749,1,0.14926658280319088,UCcw385g8Qkp5GfS0EduBtDA
-0.14923954,2.8221338,1,0.108234221822681,UCcyRedFc-OcJEoIDzv6y5nA
15.097928,8.166488,1,0.08823740618579112,UCd-ESqaEMKfvedTAHvcnR3A
-0.9811252,6.300955,1,0.17214977855786112,UCd09aTMf0SFNVQcqiqUuP0g
15.2778635,5.0218124,-1,-0.03783400543589188,UCd2-hUfajoG3u65DNjzWfsg
1.3068318,0.4428146,1,0.11336183688774132,UCd3Oy4Vh6JXvpmE5yS9t5ZQ
1.7974616,-2.4873772,1,0.12994803832479374,UCd6fKa7Bz4hfxk-Jz-Lp-9g
3.6550004,-3.1127648,1,0.1045695269703531,UCd6ff1aKHAY2fpsgzrrdFTA
-0.9519413,5.8769174,1,0.16986164646451862,UCd8VIyi98KnxLX4DIW_lpQQ
-2.696835,-1.3239536,1,0.16081309978792246,UCd98urfvT2GODjUMhLq7hpw
-0.41125116,3.6709545,1,0.14515028501623928,UCdAtPRvoxy187DJRmU79Ncw
-1.9915085,4.615707,1,0.16763364603579328,UCdB36Wo2E0LGNin-F-JxzOw
1.138293,-3.6348007,1,0.13397656509121847,UCdBBgWX3ihUEvSnk1aHB4Qw
6.9356246,7.456267,1,0.11467944230155619,UCdBEdEcfSpPIjauQT1Wz0UA
0.63686967,2.288868,1,0.14610614463223992,UCdDXAjqakA6JH9jCBV43UIg
19.169327,9.554673,-1,-0.04770840584599656,UCdFg65wZ2fqPO3T1hayO5Ww
3.512603,-3.6239803,1,0.1297076052159053,UCdFjxJYoT-rOPb3Qf6chm8Q
9.8324375,6.979511,1,0.1230655576246002,UCdHEraw9R6OuIWEVZ_vOdQQ
2.1048913,-1.9930279,1,0.0942854001758226,UCdM6TvhpT7jLWA9Bq_ZlZ0A
-1.4393413,2.4778104,1,0.10314763412291472,UCdMESel15DpTZOImnd76U4A
-2.6146398,-1.3350449,1,0.1659445137703897,UCdMNt-bpqmTKcWKjwztd-9g
-3.0595262,1.8136703,1,0.12146411145849112,UCdMyyCV2DvVNpazyuivr2vg
7.5974107,7.5586753,1,0.15979189163017155,UCdN_S6_3S6PD_7VtVPc0IWg
17.523106,8.703598,1,0.07854756559561055,UCdOQOI5S4hFtKp-FLMwS5gA
14.911538,8.256462,1,0.10403301474193238,UCdS0QrJi7lpu23uL-b3rwsg
-0.5126151,-2.5398667,1,0.13705418375749734,UCdSEDBdiiPFiq56sjz1YA1Q
-1.0969627,8.127601,1,0.1663583776183684,UCdTayR_23TzbaDM-QPiU8Ew
-4.208302,3.1741214,1,0.159843056242983,UCdTuniOjNjIfyxPTdD0qCKw
-3.9901981,2.166238,1,0.11257494869223367,UCdWdHe6VlbVNU8o-inONkww
-3.9582295,2.028275,1,0.1565866257386559,UCdbia5G4AGaHQiWlbWecxVA
14.460536,4.7167745,1,0.012534966560754424,UCdc53-_lxFbzSXPnvNvgXNA
0.36681882,3.0104847,1,0.11134605394721186,UCdcPHfeG21tqh8QZ_jZTNTg
5.184025,7.9763203,1,0.12761193519773772,UCdcTbWtgfYJqqcvUr6sQEaQ
2.2267258,-3.6891944,1,0.13156331266657223,UCdcZ56tqvc3yK08kXoMU1fA
2.6710577,5.3375597,1,0.16128849185659855,UCdcjh6c9VbPNhYizwTCqqZw
0.60452455,6.8766866,1,0.17010898374432382,UCdeGiH7VRDhLw0Jn20m10ig
-0.19439854,0.38312286,1,0.14350200843032407,UCdfJSbeuC1EDckRtP7iALlQ
7.360572,7.6068087,1,0.1571851244294017,UCdhMce3pr4rpkGUaiOgbdvA
10.929225,4.8590693,1,0.01950115098795946,UCdkGURXW3wZ15FILaR4sbHw
0.70731276,3.1507928,1,0.11634901819698562,UCdkGVtBzwm8VgngJ2VJPOPw
-0.5651794,7.3506055,1,0.16991549235537312,UCdl7fi0kG3InjDg9JhfYYJA
15.329096,6.7259307,1,0.10244701691091856,UCdl7qCnJl0yTbskcZUkk2GA
4.649715,1.9549097,1,0.06723928634672266,UCdn0s4rhv0A6JYgn-M1_Kxg
11.595528,5.7737546,-1,-0.1441589355462931,UCdniaSEiEAKm9jQOL-JBjlg
8.266195,6.614557,1,0.08969634701028356,UCdo9xBEnBj5i_SDDm-57yVQ
3.220001,5.6161036,1,0.1057656408817379,UCdqjCt80md8GIiviKzq-X9A
6.4168944,7.3778167,1,0.10905962698042693,UCdqky2Ngy8XTkwnIi_lWMoQ
-1.6241672,6.8620663,1,0.16968140147510485,UCdsqyKGdwJX7JYONerKldeQ
11.057726,2.102692,1,0.11390007754491172,UCdtOM2TIdJmuLAV3MVlc1lA
9.305044,5.278723,1,0.01642592526219272,UCdw8AzxUBiC5hS1bAJbo1AA
6.3933716,5.9834695,1,0.1057147477456577,UCdy2TwQ-DVTxhCVtckNmETQ
2.0518458,1.2771764,1,0.07319788876454048,UCdyQFWNKirPDm10HLHm5MIA
4.6998873,3.900734,1,0.15244086525854544,UCdz6q9P2rRZye0MXJRLwK9Q
7.834841,3.3656046,1,0.10557604235066015,UCdzHfhwdqFgniL0R-NW6EXQ
-0.7569155,6.1052227,1,0.17054950368887822,UCdznNFCOdBujOQ8Iodi2irg
6.8479443,7.7305202,1,0.1484509165150863,UCe0K08hbRs4Eds1qXPyk1dQ
15.293612,4.5262685,-1,-0.03865676940918794,UCe0quJfsQS8SAWaw-4TRapA
4.531416,4.0975766,1,0.14998605168565804,UCe2XprleOhewzgESpSBQiEw
1.923439,6.325473,1,0.14955752587538995,UCe2nsJ1G7J1E1dhemmyfWgw
0.7258569,1.2949071,1,0.14663100489309067,UCe4_J_mt6JTcSLRR2lOa0rA
0.071442686,7.2723265,1,0.16055079039254982,UCe4hxuprNciIY9owFgw7beg
-3.8088157,0.8377859,1,0.13880350203238456,UCe72BSa5xqG2HbTA21kBN1Q
-0.3794416,7.3785186,1,0.170653201472109,UCe90buaIKeLy7fcSujOfwtQ
2.0655055,-3.953937,1,0.14918168445972835,UCeBdclX0Yk3vELXLw09e-xw
2.8406227,-3.9530113,1,0.1434080849535886,UCeCdGj1ruErQsCOd9wuhR0A
-1.6476547,3.3544707,1,0.16140095911258212,UCeGH4YXlScuoYSof40aepeA
3.6875997,4.7506785,1,0.15057951137081466,UCeGaYSWw66ydETLSLB71xIQ
4.2406716,4.7760377,1,0.1535098347003026,UCeJ8VEAX4lLtzfZBsxuFXdw
14.878536,2.9425194,1,0.13652380676990805,UCeJiU7fmLILz3n87FAYpg1A
2.0883648,-3.800862,1,0.1491628158095627,UCeKyH_dvObiDhw0DFFWr4WA
0.34503588,3.9501135,1,0.1664727334133438,UCeNshU_zKBr2aul1-HRQPfA
-0.1541269,3.283154,1,0.15590996853776323,UCeOPlcsFwKd9Bb-af19gDdA
0.77637535,3.6922514,1,0.16429140420739025,UCeOqc5WuwceX2EYIW0Rj8uA
15.413454,3.8039248,1,0.09887442773407956,UCeOrO8v1kEZVMkCmr5CwnqA
3.2897463,3.6041136,1,0.14484141798934547,UCePj7zIKFqzDg6-YZFCVeSA
8.881181,8.127008,1,0.0940728868175017,UCeQ0pe577clYUZi5MQ1PbWg
2.1894116,5.6035314,1,0.14342230407817141,UCeQmlwcUQq5tG5d85xt88Dg
-3.155733,0.8085461,1,0.09594764759123015,UCeQw9K2hKM0PJu0Ynlu4Q2w
16.135725,8.28702,1,0.09020987405771858,UCeSj3buhtUTgF2XU7PaEtgw
0.8093241,7.860445,1,0.16979870588444596,UCeTi-vYIt6ZRoDT9BJHjyoA
18.257504,6.2714353,-1,-0.049171557381482045,UCeU6YELFTKt39aWqMiaGLdQ
11.4532795,2.258864,1,0.05761847171657397,UCeW5c-FlNwtS-IMDiztdQeQ
1.8642873,-2.2795734,1,0.12074852249433476,UCeY23ji5nV16Lxb7QTA2UUQ
16.042246,4.689217,1,0.10734102704127296,UCeZIDa0yjK7KEH4XuDyZF3Q
1.1838335,-3.095428,1,0.12894311067507586,UCeZdyMwXeY2un04OZneYpzA
18.671532,9.185803,1,0.043962914662503905,UCe_Z9uywkehIbk5XXp3wtaA
16.092167,4.867817,1,0.1256402136983839,UCeakZEw9heyntZWRi9xsp8g
15.50562,3.8696291,1,0.11697823156199189,UCeanHOodyKzjWGnqVZnVsPg
8.526758,4.3283176,1,0.0796882735045063,UCecdlboAiNojl72fty50e2w
4.0405526,4.1531243,1,0.1144982808539794,UCedXqbHWaCUJm1PcXGbSL4w
2.823418,5.3274155,1,0.14143617351286275,UCeda0ikD6cYxD62Z44QK7FA
6.0958023,7.133301,1,0.12376564595913475,UCeg4cmFPakq7jCrbAwexCkA
-0.59625024,3.4986422,1,0.15585302063816464,UCegNnqoN_92grPoMqmZPS6w
-1.8667873,3.9901829,1,0.14943677512364623,UCegtMtXqBiGyqi2l2aTaUFQ
-0.9346421,-1.0577571,1,0.09842432587463429,UCehLaCUo4WHIWg-KdeeCvRg
-0.8909984,4.845431,1,0.16638735863937332,UCej7gKc_oWXrgHr1vmoKaKw
-0.49121702,6.53426,1,0.17123501182941303,UCejIMHbKwPZ1ZzL2JgQQbcQ
15.771808,8.282691,1,0.08821521222250989,UCejSXqcYhd70vcsFYUPUXzg
-3.0781767,3.0457811,1,0.15883855476769115,UCekIjbBrhO3r6eTfVdIWocg
6.207379,3.0376792,1,0.1310116271405229,UCel2ca3OALNUQoX7svVhmHQ
9.043166,4.3502812,1,0.025963076408568597,UCemjetjmfQE950C3Bea8bDA
1.2750331,-1.1417513,1,0.11376260608864797,UCenWoaDQZgYOMCB_M-Aiz3A
1.5943326,-1.2710186,1,0.11423832637749265,UCeokT5vktbbx4qJk7nrp55Q
-0.8695307,4.122566,1,0.16660914762918394,UCepiqzCVO-Qc0mB4Ul1T2Ow
-0.019906584,5.256764,1,0.16651841146173907,UCeq3jtiWQqRj__g-pf9y6Hw
17.853281,6.3643966,1,0.00974758662834041,UCerXPtQHBaeVawAxcRrV7HA
1.4326633,6.2139125,1,0.17252461831178018,UCev-syYBxDAm3e42aU1qYNg
-1.1751653,0.49142343,1,0.14429012844546707,UCevizsJNK050wfi1MpCfSKg
1.911505,-0.48221287,1,0.03544922516647547,UCeweO3EhpPBnvsBqaERVNXg
6.5992956,7.5548625,1,0.1513724253684529,UCexYGUOmxnAhE4JujBpa-IA
8.907575,7.087404,1,0.13443237573729344,UCeyXmm_ImxlMyVW-Xg8hOMw
1.2281494,-1.91094,1,0.11341700953616696,UCf-XUn2a_yczCcXBOHoMWzw
-1.4720889,-0.17288785,1,0.1561675202047923,UCf0QDT7-O7V_wLGSK631olg
8.535447,7.534578,1,0.14441608711506332,UCf10bu29lDxT-FhMXGLKWBA
3.6229434,2.8358681,1,0.0973817762668191,UCf2HjecnR2SBo7T2NUMEYPA
0.9122227,0.60059154,1,0.13476928948909084,UCf2QWxGlxDJ_f47l7hgcU0w
1.9261303,3.8347778,1,0.164137318367226,UCf4k57Uj3MyceSuI1r6TGHg
-4.3375263,2.4820044,1,0.059725535092824356,UCf7hZnSEvwhKOZ-INfdqm1g
-1.4517611,3.2168825,1,0.14904184151005334,UCf8Q9LTRNC7axAJXN5ThNIw
-1.4239033,-2.5871084,1,0.15968536025130609,UCf8qdVExBSqPK2EPiBHc2TA
11.830799,5.1247883,-1,-0.040793373090944995,UCfCxvUObC4GU_o71BSsHJvg
-2.4224305,3.2474585,1,0.15363702458609663,UCfFC6o5NwJA16C74sFhqjcA
1.0910037,3.0245476,1,0.10817593291432093,UCfFMSLBAkOWCNwPIhcPZLIw
-1.294311,0.7776161,1,0.1462072423320866,UCfFatPUuakjjmx7m_YfXLFw
1.4740548,5.610044,1,0.13551549973967586,UCfGmKwtRdjElxWNcQo2qCuA
11.875274,3.949889,-1,-0.06460563511558348,UCfK_X9UAfA2uxZ1LMcsLSdw
1.0368685,5.0064597,1,0.14366108617242812,UCfKphprwMqUiUkiqkPqr5Ug
6.9726305,7.643528,1,0.15268463554370304,UCfO0qq1sMSFzaauQJLHKW4A
0.7798322,1.1323513,1,0.13631330335645958,UCfO1HKtG2B7a7fZzfFUQPJQ
14.149265,5.3279834,-1,-0.06442901605017026,UCfPBiFxACzYq6_5luZe7V0g
-2.105472,2.5468533,1,0.15594435667342743,UCfRcL6-wgBLdcOMtUfbpoHA
-0.9700203,-1.8914957,1,0.1597940638046515,UCfTua2_UbsITlPlIp-hAmSg
3.9427834,2.4905193,1,0.13580648354678104,UCfVSb4bcPyZkZ9kAPGT4z7A
1.5491806,-1.5792209,1,0.1156071764321358,UCfWEcQeRNDDHj6eR-14SwsQ
0.84410375,3.623888,1,0.15628883686933098,UCfX9b0EVGcBH4484epE4LUw
5.874913,7.81816,1,0.15645482345649048,UCfYdiAvayx5DLzAB6prtBvg
3.238777,-3.469628,1,0.15005108049911964,UCfZ2ZGPNHu0ijKS_mW19V8Q
9.608312,8.165517,1,0.11820998746008371,UCf_zARG85NCdJ9jn_yVRsPQ
10.752112,8.100686,1,0.13694093114247258,UCfaNrgo-P8H_DZWe5oXxJaA
-1.6857027,3.6617072,1,0.15569346354012786,UCfb1uygb6mMS4pXOoKQP3cQ
2.0291321,1.7989653,1,0.10452370824629376,UCfb3NfQ0gWFnZXwBWk0Nn7A
4.837277,3.421832,1,0.14254908300519575,UCff3Y1aAbdEkrGMJnO-1_5Q
0.27845222,7.098796,1,0.17284350483169653,UCffX4VZEnw2rbm1e0ljumLg
12.204047,3.9136105,-1,-0.0752000373342725,UCfjW2aG07v3hy0MdbrpnAag
10.465831,3.4208272,1,0.05308748429380877,UCfkMzoCpfwCMb6jkpWKJ7rA
4.1019244,3.8701503,1,0.15686601595760813,UCflReQC_vSa_23iza_9j4mQ
-0.43915668,-2.755033,1,0.14166610450209816,UCfllxolJ-MCm0cZNJ35HpgA
4.5764427,2.8316486,1,0.14854427251163138,UCfm6Gwi5VAY4StJrW2SMlMw
3.9088666,7.4652224,1,0.1618849737963869,UCforrMIC-59nj76y2m0bZBg
-1.6170212,-1.2996465,1,0.16599945820483447,UCfpwK9hyMMv0gJ7rY_5Ngzg
-3.2620864,1.0677212,1,0.14631074302465658,UCfqcyRB_2LMIXoJ5lViXFVg
2.7570493,3.0552118,1,0.11871412526677877,UCfqdCHugkV1Gbx9AdGJzJEg
-1.3186368,1.1348988,1,0.15679863458508364,UCfrqfvncpNB_WKLSC5oDwvw
13.695122,4.5587826,1,0.026036669816073332,UCfvnh19iQqhZh2EY1Leqrjw
1.3375899,0.50687075,1,0.13128852581383144,UCfw2hsnT4tTjDbISbqH8_Ag
4.4798098,7.250391,1,0.1489953770261685,UCfwTOKnnLmpqLq8Y2Agbi1w
5.611228,7.1681614,1,0.09811398044094566,UCfx-YJzVyVI8gkIGqZBTuPA
-2.3840044,7.333009,1,0.17136148097026038,UCfx8EB3XuIRyEphmhhcJTkA
12.0299635,1.761789,1,0.011653270976040742,UCg-CIINkX1-oN_kNRRbrHEg
1.6599607,4.009263,1,0.1485894805092317,UCg-MOkF1f4X2_nQb2WjCcVQ
14.089944,1.9312929,1,0.1418550318227233,UCg04cjQa479on35AlujlqaQ
9.871741,5.545799,-1,-0.007327616175157314,UCg3mpGTW0LSm7ZTXHStTmkg
6.906034,2.9767346,1,0.03115005985555447,UCg7ECHe6c2EnhhNHrcNXt9w
-1.799468,6.2333546,1,0.16457480453621331,UCg7GShLwLfDYiwUitRBVeZg
-2.3579514,-0.13317955,1,0.1696680025232294,UCg7SYgpNySkthGRJmdZnO2A
-0.8574496,3.928818,1,0.17224914341635056,UCg7dXPcr3LJXa6ckHri51Ow
8.640755,4.103821,1,0.06650128360146906,UCg8O7iNGcUymnkzyKgSCTfw
10.823054,2.3840435,1,0.11183767438268177,UCgBNYsFGcYDR7Frfs4iOBnA
6.0749083,4.3599005,1,0.1433086522599482,UCgBrTYJJH5aX4wo6z9FL8PA
3.9275239,-3.3543177,1,0.043488489553609455,UCgCv-rDUK2CmqkOmJb8sVKA
14.171683,5.196935,-1,-0.09163467689402571,UCgCyFfGl_KGKvwKRWT0KtnQ
9.672813,4.336965,1,0.027587318480949863,UCgDep9894-BCiBu_UMdRTWA
-2.986026,1.551184,1,0.16018117140782345,UCgEg8CHSu-XJJ3DoHxiQTeg
-1.1051385,2.169211,1,0.14588394322753773,UCgFWZNCHQuWBoUlipgA9r1g
0.59569174,7.784096,1,0.17145779264963096,UCgFx3ykayCyZLVAgG3bm2iw
19.086931,9.501218,-1,-0.11904201343916132,UCgGg_7tCIl0P0hj8CitpcrQ
-1.6178148,5.776643,1,0.16877786753180102,UCgGitc96tDJMHrqSGGAHJIw
-0.07631282,4.54912,1,0.16661902534116618,UCgHpRxImkGOIrj2jfJeOFOw
0.8893835,6.127408,1,0.17067386360893233,UCgIZ9eKeokf0N7IVMI89_bw
4.3928633,2.4267828,1,0.07445932720110005,UCgKDV2cheuOaTZFmNFgRPtw
0.340753,4.140226,1,0.14641340591655516,UCgMXYeH8WTSUtwpGyh9kkHQ
0.056900848,3.0879009,1,0.11294879516116213,UCgPB_yIfy6u5h_dhu3U-WOg
-2.8985124,7.290975,1,0.16902076432951385,UCgRHV2oivxE_PXaSgevoyYw
-1.6037096,2.5319834,1,0.14491184009758212,UCgRVfh_p9FpJu6zxOhXzOwQ
7.9111056,4.0884924,1,0.11009496881236835,UCgUltJd_Y-QyqH3Nq0xWfoQ
5.79817,7.839142,1,0.15936764157944033,UCgVWPXna4H0bkJ_ue6wNDWA
0.3129454,1.2732176,1,0.13260834311744946,UCgWi0Z8D5h5lJRJWhTJJf9Q
-1.2376065,8.199183,1,0.15605645062216095,UCgYdHms9B2Ji2NWyy_pTlbA
12.876873,4.440893,1,0.09104783640397385,UCgYi9ZnUoAbF-VBikT5vmDw
-2.0559006,8.023602,1,0.16595067888213927,UCgZSxnw2Dt2oMo6ttTCrFag
11.637308,5.749819,-1,-0.15106030178030783,UCg_4UGZAf188RFzSQEPrptA
11.225288,4.9400644,-1,-0.006968078337969419,UCgcqOJ2MC50VxI14OD1sL-Q
7.760606,3.4914584,1,0.08433357614962067,UCgdZ8MQyddRjDZTFFLUEH3w
7.6915627,3.922078,1,0.10526364258124526,UCgdbCpZJgQNGK6wA18q65MA
15.758372,3.8848727,1,0.12772043365104202,UCgeT0_G-e0sN50pSbDSgeRQ
2.170878,3.285811,1,0.13855994788199827,UCgfVkOjBNMtLDWePxjCAoAg
-1.3565159,-1.8472524,1,0.149786125334592,UCgfxHhZM2Nv5u9M_M16hV_w
18.947205,9.368135,-1,-0.12902704409749532,UCggCn5JCoKyeI5FgDZCnflQ
-0.8645815,4.185362,1,0.1498426401722378,UCghWl7LwYHJXDKybVewcheQ
7.3197107,3.4101117,1,0.0037170770839892175,UCghzfrjsrgC1voCfnDhJ4Pg
6.320764,5.7407055,1,0.130837861890595,UCgiAMEOQJcBxrh2ifgqeqew
1.7312974,0.8990206,1,0.08366739536195877,UCgiVlN2P1aPbrrt_4IIETZw
0.87136596,2.4022856,1,0.14566179700029996,UCgjoHOa11Qqlqtpv7ZUleag
10.879928,1.5300461,1,0.06071499316291151,UCgladwV0yey-vu95kL5ZsYw
10.2343,2.659071,1,0.003575103424789061,UCglmksJGHLN6XYUQ-4FgRSQ
15.275848,3.5324693,1,0.11877209732893335,UCglzV-YIKIWrUhomfTuAaSw
19.202398,9.5954895,-1,-0.06909717943879112,UCgm4z7bCH2FMMbtarzsNpNg
3.4555058,2.5365012,1,0.03748780802610835,UCgm9mvmWmbTGjC86I9iqfYQ
2.9622607,-3.7581341,1,0.14390865948026887,UCgm_netCczXftX1MulWeIqQ
-0.5744289,-0.5090556,1,0.04056368877153804,UCgnulkRvISjE1FQxx1HuIqg
11.755716,8.004059,1,0.1294416230560418,UCgo-Ds3cB-n-wSJAYlWr5NQ
-3.6209188,5.5801306,1,0.17056615129733482,UCgpxVHkTgVST0OxDt-_fiZA
-1.3868737,2.5424428,1,0.1422206018488667,UCgtXSGedtXX1inAP-JSBWhg
-2.5528018,-1.2736535,1,0.167528896399684,UCgvHPrH9Gk2bq-hWuD4u4UQ
-3.8904564,2.5439484,1,0.11236394814192385,UCgvJ2H-XzM5qiNq7Wbm7zXA
0.15663843,7.0371537,1,0.1694970044619939,UCgvfHDOYhJiqx8GxYh28vlw
0.29109132,5.6931167,1,0.16982089771945752,UCgxWBcwjrec8vDpF-oHuIXw
6.144825,7.3140874,1,0.13424665468877633,UCgzLwcAWqMdm8Sp-RkWDG_w
-2.1704514,5.3250203,1,0.17347107611671303,UCh1-v4ls6fZ416cafzg4Afg
-3.0557208,1.9372433,1,0.1543327572216756,UCh56sbMM6Jo4mp6w_-7C_8Q
2.436766,2.889121,1,0.1545622721506027,UCh5kS0zAIaVkaCQoC_4zMhw
15.591342,5.5502734,1,0.09235217938956664,UCh7L43_gs6bD6xWIhry2r1A
15.509035,5.2799287,1,0.08444616728114701,UCh7Qn-oHIXq82keENk_8bjw
-1.966119,2.072001,1,0.11210992209885629,UCh7bMZrYplMAN85X0WnfrtA
0.2565586,7.092642,1,0.17150505659734405,UCh8UvqOqb6faO0uRTPPx8uQ
10.739394,5.688863,-1,-0.08164025381373852,UChAV7SZikJzAxI-Vo1H0nwA
0.743757,2.9174972,1,0.05705611765624141,UChCGuc5WnD-rqTct9fk3nrw
5.677712,6.839273,-1,-0.016390092816136348,UChFBBjRo3vAXqXtrvhw0upQ
9.71104,5.550595,-1,-0.08722462179115009,UChFFmVfItxMzpWSCze51hiw
2.3762622,4.815692,1,0.14752558132982835,UChHpngVe4JLIulxoy1ZnggA
11.9109535,3.3418555,1,0.016788458218274016,UChI6c2mn4ZcT8Xhd6QIVk6Q
2.0268242,-3.220871,1,0.13644703358303228,UChInLg-gyzPLn7I8rH-V5pg
3.3192337,2.8273892,1,0.14426179760667812,UChKKNayV4YjoIMGRVYrRGlA
-1.3975626,7.6984987,1,0.17124390316508942,UChLlcpUcu3U46xvgOp-gS-Q
-2.1653244,-0.92179817,1,0.1686315447819739,UChMFbg871kPjzNHBB90an1w
3.2870061,7.5560493,1,0.16654182207280338,UChMaGXnK6x8YswCh47jpdkw
1.4326867,1.5432597,1,0.11670012208688624,UChN4gY1SGTOC9oRYD1CE_XQ
10.87108,7.3141074,1,0.09656507936273373,UChO8pcn0DyVX2rGaGH_T7IQ
-2.7689426,1.3538638,1,0.15597758730591876,UChOkC-4zej-AjnsVQjI2MOA
7.8392463,3.4502418,1,0.08682994062444921,UChPR2aFr1wDsxahYmfaxY0w
-1.6748698,6.2728806,1,0.16122206786673554,UChQ87jC37oMk9Ww-o9skp9Q
-0.9957768,1.3456286,1,0.1470254647425654,UChQhywXtjJbJOksO8ejoEnA
7.254709,6.7669497,1,0.0952042702305545,UChRDWFJcdDdcx1jD0Vc3adA
-3.0007942,6.353796,1,0.1714816148775335,UChSCUyftsIPzfIe0KA4uhVQ
11.876738,5.008211,-1,-0.003057278370271921,UChTPAYQWYZbcrqenAC82hHQ
3.0599618,1.1841367,1,0.1500017833698355,UChTyuDqufxv9z45zMYveBOg
-1.28,4.3555374,1,0.15726194241006552,UChUEZAI71CnG-R1No79cuRg
0.84131265,-2.3756766,1,0.1521348786379863,UChVEu3NVJZJ_CVwIw311pVw
15.339247,7.0506406,1,0.07540845747933556,UChVNyT2xW00eM9GCpfTUJtg
-2.8139997,2.6061258,1,0.12033840091058462,UChXKlhn0g00wcfGuQmSRSTw
15.742509,3.9123435,1,0.12047805438448572,UChY4T2grLAKOSdNllD2J3nA
-0.7530435,6.377593,1,0.17251814399426335,UChZOC11EwSKPdf1bOsGGXyQ
0.57124084,4.2497954,1,0.16816986521119925,UChZbOg0D7anRGiuBEIhPgog
-0.5579436,4.8912306,1,0.17191834923079047,UChafr20EBGfwP6VRA_qk03g
-1.7062457,2.8707838,1,0.16206417376290316,UChd2niRs5P2rH1SZdwT9g2w
0.43098524,6.45389,1,0.15357882220140506,UCheD5L2g4_yFTKFNGjJX39Q
8.543259,4.116676,1,0.05663989334751052,UCheplchK5_7Q4BoWvii-VHw
9.410096,4.109516,1,0.06292489208854224,UChfIEPbj8vTTkQTlXgSUYhA
0.7943613,5.368154,1,0.16539155172076142,UChfn7JlK8r3uZX6511LNyGA
15.76514,3.6342738,1,0.13121598485897862,UChjBHcMAYQ0GXy1yOU-5Gew
14.349599,2.740951,1,0.09255701467614547,UChk8i-kt6sUEGsaaedRpHzw
12.344895,7.903349,1,0.06165850489368713,UChl-l5L-mf7unvtnaYefk3g
2.4997754,1.8503187,1,0.08397683674819184,UChm_MMON9skUAkGOWwJgPDw
18.695337,9.208777,1,0.028212948037762642,UChnYqLm23qTwTRdEFXem6MA
1.4990599,7.6120043,1,0.17133722243933147,UChqZMAWIioeV1GyXlC5hSjQ
-0.17005973,-2.3744972,1,0.16259855429924785,UChqoRfZGlzadj2IqCnx2Pag
0.39365324,2.802459,1,0.15163092001030054,UChrA8SCzrf-u2s9LcHsAudQ
0.014211198,-3.3007116,1,0.16160519319207928,UChs9JhzfEyrBU0PiOAKn95Q
3.1768284,2.0394557,1,0.15133706381064388,UChsFHIjjYr1lvos3t0_8Bag
1.2289907,0.34172204,1,0.08579739264715952,UChsoPSB2sSlzhCLdEwOhTqQ
15.791637,5.44337,1,0.08805968426962607,UChu6Pf2fZ8ctN612i4hKSdw
-0.85374063,-0.9202627,1,0.1485789729717399,UChwFT4NWIMA5V7xhife_aMQ
-0.37211293,6.5769916,1,0.1733134404429224,UChwuwWuB3kr9EgOfueZ9CEg
-3.0576892,4.012024,1,0.13457652489508976,UChx6Sqxa21lQ9UZYsRVE7oQ
-1.525272,6.974266,1,0.16869325219333542,UCi0UkigO1Vp6x3MphMaOl0A
-4.2371984,3.9098094,1,0.14959223385946074,UCi2DYF6TC34m42mS9YyHRRQ
-1.476128,3.1761448,1,0.15545470329356442,UCi4uvelj5_X36j2Duh9q5jw
0.738868,4.061553,1,0.13848037884761405,UCi7jriYZGYJoCLhA09b8kMw
3.5811868,1.2482592,1,0.11447566165060025,UCi87tUXsHxbCG1vukGRe49w
1.973071,-0.10916671,1,0.06149452927170318,UCi9WBCmPYK6xgiem-Gc9s-g
-1.65513,5.27194,1,0.16525589530473206,UCi9y_ghOw79oGRQz32NCzHQ
11.212721,1.9987164,1,0.10946050230811866,UCiA78C08jmX7_ESQ6vYS5zA
4.490813,7.175311,1,0.1490959548777444,UCiAoOLUnBa1kDgRaDTqZpfg
5.2536874,5.628927,1,0.11430459669206466,UCiArZqlqVrs1IcQOJdsV7cw
-1.3959547,3.1854415,1,0.14158424523268726,UCiBDVh5EtZafTckEhE8V9GQ
2.0608773,6.01619,1,0.16842664095808807,UCiBSOz0rYBjd9p6XjZ326ww
3.6610262,3.721585,1,0.15323122955686935,UCiDlOjcG66FzQRCML5vW3vA
-2.8446922,7.314999,1,0.16773724520694233,UCiDq596Bgw8vfmvUgXTgc6w
11.235744,7.9234114,1,0.05617786667993052,UCiEbMX-9RNkk_Rfy3QZ85uw
2.2398965,7.225004,1,0.1492178095148226,UCiFU158dDmLTnxsdK_FsQyQ
-1.6797124,2.2200882,1,0.14505075070821816,UCiFsW5fgolvk10GB67RdlzQ
-0.5049393,2.9000642,1,0.14827815852574344,UCiGCuVpbWXq9zmp_-y8QjpA
-1.5421329,1.6784848,1,0.10549741373716898,UCiHxb9VWUeWD4YhzA8jY7DA
-0.47599873,-0.48725542,1,0.1338128780805346,UCiMWVSLT3AIJjYSbE8sSuqQ
-1.6686124,7.025727,1,0.16747666269873795,UCiN2it7IB_hdpJ0NtCz1ywA
-1.4391539,3.300716,1,0.15277517205919072,UCiQfSPZUyJS9lxxwMMHQ11Q
13.909236,1.7477816,1,0.14469088856724482,UCiR_QuMS8tE5cBN0AYWkmLg
-0.830763,2.609915,1,0.1492527839769302,UCiSUNyjATH-DkPS4yCdsjdA
3.5636787,-3.6781788,1,0.14401568304412027,UCiSrWKrp3h0FSWyZgmU7UmA
-1.8454809,0.24447416,1,0.16199185138516375,UCiTA3-yLl_UqPPPCwjYML3w
-0.8636489,4.935706,1,0.16401246176311957,UCiUE2CBDPLqfjOswnnv-gRw
-0.81320024,4.402125,1,0.15479161752524095,UCiUGvYm_tfuH7UHO2QGdrVA
8.564655,8.064871,1,0.13860414627319734,UCiV4wlEkMi0x8XLkMOOu_jQ
5.4077344,7.4901342,1,0.14437561134442872,UCiWY7Xpez35T_N_Tdta8WMw
14.746094,2.6760147,1,0.11963292577129109,UCiXaXmxb5Vn8tG0mpzZmB-w
16.376305,8.302421,1,0.06406697464898808,UCiXmbhawhRmSQxONnaVjFyQ
19.20404,9.594344,-1,-0.031300337404705614,UCiY0YFbPKvrYCOS4WFZ0WSQ
2.9376724,-2.7524362,1,0.12735763127645744,UCi_M2Qm5zCaQTrNd7Ap2RIg
-3.6240988,5.502983,1,0.1718887457606007,UCi_P5fY5feq7gvNQV9MMmrw
0.49122027,-0.9020676,1,0.13408919764313498,UCi_zTvddu89yWvDIu9vwykA
-3.4173758,1.6953303,1,0.11626979193583459,UCiamX0YGBnQJBQYRUWA4Ltg
0.5335221,5.6867757,1,0.17061532340449442,UCib99A-2JEPcqWlz-jlGz0g
7.307178,3.266749,1,0.09759825110104614,UCibLFWHbliMMtl8_5FWqDvQ
11.511357,3.8162186,1,0.03327620121261726,UCicTgzKgO-JX4J3g9AGoMjg
11.662576,4.196017,-1,-0.009858944178523843,UCicoau16YIB6Yz4Gx1MjTtw
0.19211592,7.138233,1,0.16899718657611007,UCid-D0Xta9hKNmPG1mHngFQ
-0.66536915,-2.3142116,1,0.16074589505225623,UCidUv0381GExeVo31M4hUlA
4.654016,3.6132035,1,0.14767663080214866,UCidZOOAqSwhDgXDTIw3qpow
3.0877898,-3.283863,1,0.14589440358930494,UCifSCsg5nqeAIJGKXsq9YsA
3.4291265,-3.7025516,1,0.13895088598997846,UCigc5_jiC8PSoj5qbQopzUQ
2.2572184,4.800621,1,0.1436473610716712,UCihlPx12DUnYci0OAQg7hLw
1.4431893,8.108954,1,0.16363027203160202,UCijCnPndnzBd6FLQOaHZJVg
4.247788,1.8336198,1,0.13187175132550444,UCijl5SWc84KibTwA6-veX7Q
-0.60087305,0.66044194,1,0.1510449739746822,UCikDjzHmPdk4xDmLbUiuzrA
-1.8234198,2.9219236,1,0.14335191620862414,UCik_e5NCkKNiWKTdaRqiCQw
-1.8592684,0.15954798,1,0.15603191673874667,UCikmq0xQC0dDZ2Z8fQpNW9w
3.3096378,2.278117,1,0.12515885944906557,UCim02EQchW8hbocfO4XwZJg
1.7659681,4.391919,1,0.152772345317489,UCimNcavwsd8LdNf95zXfdyg
-3.34859,2.592598,1,0.11572278526766816,UCinhWk4qeIpRAL5h9GjtoKg
1.8176646,4.6421576,1,0.1637834945142339,UCioH5PLeTI0nF-A21hRivaQ
9.898823,8.12954,1,0.0887684055774221,UCioiWBB9C9Jau5jKOUOoTSQ
8.448067,3.3430476,1,0.04386347108262417,UCipBbKmba3w-ksTReLsBnhg
-1.1823987,2.5564904,1,0.14204085418196766,UCipduDR0208cqq-R8eGy18w
13.274842,7.678562,1,0.1222158810499877,UCiq7nezpfYoouQthrqwNzqA
-2.3391714,6.570797,1,0.17119005277374766,UCiqCgCUincHiu8Zz2JbVYEA
18.289139,6.265505,-1,-0.09478581600245028,UCir4njC1lhnE6ez3pUj3iOQ
8.753144,4.2362337,1,0.04354817833014779,UCis65cHFZVyUa1HEBxxVitA
-3.708693,3.6262968,1,0.15321208445435486,UCisEJar4FXn3Tg15zMUvsxQ
0.15707542,-0.71250117,1,0.13932262238178655,UCitH54dr9YjERa7umagensg
10.693417,7.740249,1,0.12421125137529548,UCitSLdihZ4-M_-vRkIuYOhA
6.757428,3.3738797,1,0.13599602598339572,UCiu5i_eARJZeyKBLie8BXxw
2.0593686,1.0665221,1,0.018199219812516987,UCiuVtXvIjkOVvgCeFskN3HQ
9.782274,8.2480345,1,0.13983637166403978,UCiv0dWVTlRcWaQi6CXy3NIQ
-0.7613646,3.8899982,1,0.1693992801860913,UCivUqN1u3rYQOunpLBjMB9g
-1.7820238,0.13220394,1,0.16718887431749718,UCivvxYRLj4LpOV7Iyf_MnUQ
4.286004,7.9480386,1,0.15703486746367912,UCiwfRx4vjEzmj-KpPjVro5A
15.632685,4.363877,1,0.07134577597183811,UCiyQfMPxUW5bFKiSw23z-Og
-3.5629613,2.5001433,1,0.118321691953582,UCiyaRqXkEBInSxYBC7xD8SA
3.4987645,-3.3937624,1,0.14579987005849193,UCiyqmEhkxq58CKOQB8UHQDw
1.3086061,6.758033,1,0.10986882202531933,UCiysaxEwvLzT_ChJUu5JtXA
3.1628225,-2.9079309,1,0.13130678346910973,UCiz5UyNBR0g5kEZqp1Jde9g
8.776485,4.237271,1,0.044346841191376496,UCj-MdOznJW2YvAoC3tiREvg
15.442196,6.966415,-1,-0.02447011512868158,UCj-_y8gm7SC6xbdx0tCpueQ
17.074627,8.59428,1,0.07748505663966915,UCj-bPeU8TLn5XIjV4GrTuvA
1.6226034,8.056624,1,0.16065941996704053,UCj059NMJW0oSAYV15F8HYoQ
5.5874743,7.112222,1,0.14799330956296353,UCj0MesvcTO5Aa8BDpDcAy4Q
10.908071,1.9706827,1,0.1046636886134783,UCj0x143FVw5oDzuCXGqGf2A
0.23749806,1.8719697,1,0.15267444071104452,UCj2BrnA3QpFHFMINKznvo0w
11.509476,5.3580594,-1,-0.03894119771134086,UCj33bhIi4eENR1jHyOmcV6Q
0.08446943,-2.0807087,1,0.14880969960459905,UCj6YdqoSgivhyZtWTAcinPQ
0.50838435,-3.8465517,1,0.13090520535073052,UCj8AAiVt_eEca5SFLRXwF_w
4.0977497,3.4698133,1,0.1575238588037049,UCj94TDH5Crkdbm1bG7hZ-Xg
-2.6468322,2.826125,1,0.15469913371652033,UCjAuMAsq-lKsIxYWJOtsmTw
10.711905,7.8944497,1,0.12710209466767286,UCjBcaT1zOgi8sCfdyT_vhtg
-1.5669197,1.935367,1,0.14094296408068308,UCjBhTIeYEdQdoANkqedebsw
5.342771,2.6138945,1,0.13143724095596893,UCjCB2LTjWI-khZARtPtIsmQ
13.727377,7.6660085,1,0.11984940593887017,UCjEX23AgXa0jgQfZV95Cb8w
15.656056,8.273716,1,0.019381514761921348,UCjEfc48D_yhlc0ABH9qGHtQ
-3.5889702,4.0491753,1,0.155295824210474,UCjEktGVuoRsUb0Z4RS1Owrg
-0.5253725,3.6736495,1,0.14430557664134175,UCjGoTlCIflDtlgVHT2ydhyQ
-2.653514,7.4433956,1,0.14971983547027884,UCjHLcSGNlAOwMjJ_WkqKC-Q
13.770172,4.5825815,1,0.044082256898073935,UCjJ1A1BGUmckFbMfmMDwHCg
4.5762973,7.575806,1,0.1590298337851308,UCjMO0NeVo-xOUoeKx_ayHYw
0.03155754,4.384965,1,0.1657714321225794,UCjOy5Fe4MpcUfbOt4LQAuWA
11.563395,2.6593325,1,0.04149665030073485,UCjQ9hcb0r_vZmE5Q4hBn5bQ
-1.8502703,2.3037663,1,0.11836072366902362,UCjQo3FaH7HUs9QALmqWMVJQ
0.8637159,0.964454,1,0.12780445374942895,UCjSAadOQPblpoqPEcAJ1RQg
15.209312,8.170034,1,0.09508391014107498,UCjSWI3RvpbsPLasLZGqxHMg
3.7867224,1.717442,1,0.14448670543779496,UCjSY3gh5Y2oloL0PYKY3OUw
9.818703,7.983145,1,0.1352626688302287,UCjUgg0XV11kam2NKxCllcww
0.23498784,-3.6091297,1,0.1325532459082362,UCjWKaxWZIGjakUwdfu61Prg
-1.5116711,-0.5037011,1,0.14014017303237897,UCjWi-wrYZjjjz3a8uBXBx5g
-0.6138083,-1.2339834,1,0.16342281426091687,UCjXJRWIhGo_OzCURcfpCCcg
1.7756752,7.24339,1,0.14841232679248545,UCjYWBr1DZlZ_20U61guYS6A
-1.5777457,3.7199123,1,0.15142108139418414,UCjZSr26T86eJwOOnmKQCkXQ
0.07151588,3.1886375,1,0.14942492092505866,UCjceiw8kyRms991vK9YT5Sw
0.80736417,7.1778474,1,0.15543182749343354,UCjcivFlotjtvC0LbjkwZgqg
-2.3706975,4.8725424,1,0.17276685608753095,UCjdh2spLvoQPOovqY7w8ScQ
-0.37434456,3.6763654,1,0.15030665531078546,UCjeXAsX0rvZb6gQdfWcr1Yw
0.6207055,-1.2590364,1,0.13117182616160278,UCjfefRehiE0OMyIGKO154vg
-1.2651036,2.4885578,1,0.11601213555897344,UCjfjtrg5bzrZjtT8gU_Wr6w
-0.56185955,-2.6660526,1,0.13855966525674307,UCjfse3v6f1_XW5-AxGbx7VA
-3.3969946,0.23253988,1,0.1488837582462964,UCjghC8Cn7RwmSyCd52a0z_g
0.87832093,5.243795,1,0.15854419637624656,UCjhNjPX-qUlgyMRh70mNl4A
1.3183646,7.587275,1,0.16931429806513315,UCjhXVtJNIiSdWUHNWmFyXmQ
1.3887609,1.44666,1,0.1282416894302011,UCjk4noCTWuz1mf6CEk97mjA
-2.002603,-0.38738543,1,0.16939165090709857,UCjkZTO73RyYlSE9z93P_jqQ
-3.4043984,6.695881,1,0.14784486057838264,UCjkcdH5KBzWzkc8f06L_gpQ
2.6012394,-2.9891913,1,0.11594732300467558,UCjkjwyI_5S_RzhhRDgbQGHw
-3.1690896,-0.5291435,1,0.1418724791515118,UCjlQQkv7hcGlRLZ4LLwRjiA
0.116321445,-2.4894803,1,0.13758492266904504,UCjleVoEecWRYNq9_wZg86FA
-2.0307775,5.446008,1,0.16813108501771612,UCjolqPx3szlQSsrpvfwBtDw
14.751322,2.900354,1,0.13907078088078723,UCjpEy0Dmyhr3DFVSnS5Prvg
1.803456,4.292304,1,0.04887983603052598,UCjqkDbo69GLct65EguloWmg
-2.5118032,0.5459904,1,0.15491204042311857,UCjrUYr9gm1phmweLHajznmg
0.26549762,-3.3191433,1,0.15335756588838417,UCjs9VVfbkxAuZarl9L3tnJg
11.57511,2.2576966,1,0.03568419935740291,UCjs9tWymZkShBa-wm8wNRng
5.7642756,6.655026,1,0.10644787712180226,UCjuLUktoKq4UAJ7aIKk8_Uw
-0.9084826,1.1633431,1,0.14417294285331506,UCjv9NXGWHTqmr_q86MinVYw
17.059418,6.428992,1,0.01833234830730862,UCjvxfiAlNBQ5our6GAgJA6w
-4.1245837,3.3058505,1,0.15433452358658173,UCjxZPjWr_m8Chym7FLePWVw
-0.4222188,1.6745955,1,0.1475810091818367,UCjx_fi1Nl8jOR2x__rxs1rQ
2.0354714,4.4782224,1,0.1508250331001223,UCjykmzIHE0lu2O1GfLzAIRA
11.799659,5.2017016,-1,-0.11509646980915278,UCk-On1dS4fBBe-4BD1x5y-Q
1.2161882,-3.5976412,1,0.15347466845134855,UCk0--G61CAiyFY63Bpbpguw
9.282022,7.8900795,1,0.1055183356009135,UCk0KvwbSJlgbgfnEjvJg_mA
0.39456785,5.0038013,1,0.16287356717150303,UCk0jMxuiWu9_G1Pi4Gbnz_g
-2.6143103,2.8356175,1,0.15970450101795586,UCk1NaZKiquS5xXfSTxXcY7w
4.3890295,2.0164363,1,0.12320585082313568,UCk3l23AyVR5itMh2b6nzMWQ
8.757265,7.7672253,1,0.06582269929970191,UCk494q-qX-TKV2d6flmSN-Q
-1.6094797,1.8223164,1,0.106970861828739,UCk9mjDpONHDr_saq2o4lI_Q
0.5464043,6.8792887,1,0.17200647323570406,UCk9w6Az3DAEq80GHNKzvNfA
-2.7372088,7.186494,1,0.1724430310127223,UCkBwdtUkXHm6FlKh2TZk5kQ
14.869091,3.3531058,1,0.11644907786304548,UCkCI-MARNzJvEMYcmXsy7KQ
5.039953,6.1307387,1,0.1483844767250444,UCkCkluKH2zTTmg-n4FwHnKA
-0.67632765,1.1413575,1,0.15334132073280543,UCkDEWPlMF2jQz_n4knt2TWg
-0.053027432,5.2022204,1,0.1622609729558906,UCkDX8gA2pEhTeLVArcHCPww
-2.328017,7.624609,1,0.17147069066545606,UCkHDQT12msOhfi_9VWJoNig
-2.503662,-1.5784293,1,0.1571195319170794,UCkI4HlJkgnwT3UtoHiKtRlw
1.4158612,6.029639,1,0.1393971738237444,UCkIDKzpvyTGXQThHrbA1iEA
11.079196,5.4606194,-1,-0.04320759510567096,UCkIl3oIejXL4Pp0SOnmGl4A
-3.8535352,2.5188215,1,0.11759299134049533,UCkIwJuXJShmoyk7-yJbVkDA
7.119369,3.957603,1,0.11775622334129532,UCkJMggkJtlOjIbS70Ns2gcg
2.2145078,4.791065,1,0.10500456352580329,UCkOD_-bbJv5hH2sjcyAe0vA
8.369075,7.8205304,1,0.14638615069852456,UCkOWC6MhgoIoKNwNxN1hdaw
0.07335116,7.205148,1,0.16518838842322087,UCkOhwGzBUreod_YXiTHPqTQ
-1.1311384,1.6662093,1,0.14002187997104293,UCkPMdqL9qNwVJxV__jfCjXA
1.6949143,4.249543,1,0.1622873326374829,UCkPTgjdBYAa1QCbsSSeH70Q
-0.35722882,2.3167853,1,0.11021436402405238,UCkPqAlzd2MXyQSTJ8ZIUsNA
15.574814,3.4215665,1,0.13284885797927887,UCkTJy_XeHkGYaOsPb5wGYhA
-3.8130815,0.8943661,1,0.14530247429961574,UCkUQc4FSIR3gSgQRlWg52aA
0.8419542,2.0143497,1,0.1327540479856037,UCkUayHA5A1DZE3sAaSEA_wg
-0.48809603,4.93774,1,0.17222589726347776,UCkWW21VdIMtMow0IFgCCnjA
-2.793647,2.6313055,1,0.15619895401855088,UCkXBEj7jj0LQeIJ3OfKy__w
1.029608,-3.0371952,1,0.15212327666137077,UCk_Rn4ZsfAyoi_akYuMcwqQ
15.499192,5.9833455,1,0.07566311812007376,UCkaBZWBqlFsaQkxNeA3WQdg
-3.2101903,0.7229656,1,0.15326646198666477,UCkaN-UKt9rx6_bLhn7sI1lA
3.3006563,5.0911717,1,0.1607314491216016,UCkahSaPKLq7OrAsuEV8_Q8Q
1.696854,-4.1533775,1,0.1433342982775112,UCkcsayEv3-RIerhtwALy9lA
2.366567,0.37395334,1,0.006239597483851389,UCkeBEGzRN2iHFY-9mVHKzBQ
0.16300339,0.570641,1,0.13847963055484347,UCkf23FPHN1C9iFK3oJtEAbw
10.375736,2.75456,1,0.11716961346007587,UCkgRHjhSrknRHnKbB3mcVLg
15.553196,4.759609,1,0.07139101000054032,UCkjIJM-dkwih10jLn_RnVwg
-0.73601687,-0.5568574,1,0.1601794610327587,UCklTh6Aw3xE7l_VKrALrAeQ
12.358632,4.187493,-1,-0.11813438424512712,UCkmQ3Ur80WWmOWAg-hHluvg
11.762553,5.5263643,-1,-0.05958490060415167,UCko0zGTAesGtFjqY6a0BuDQ
-2.6764295,2.0530233,1,0.1571098432968867,UCkogT1RffUMQNDnQP38F1Lg
1.146278,-3.1790254,1,0.14922350851422994,UCkqDXVEX5jwE9IYMJnGFDpw
3.4536839,7.9371996,1,0.16571254771961108,UCkrpw73M5b6J4L7A4TuPMUA
1.6125643,-4.0417905,1,0.12903823204241444,UCkrtjKBqVkSAIxpiG4CcS1Q
16.58801,6.1801453,1,0.07752672621381718,UCkrw1UpqW3XgEsXeQdkwx4Q
0.3751698,1.1491317,1,0.13123007194253644,UCkssM2t66HU5QMfw2QQYPVA
1.1665063,1.5519905,1,0.13800955180900076,UCktIXNS8Wg3JI2Y1SSupAag
2.2835374,-3.6020243,1,0.14751644150473264,UCktbJLFe6xOeQD743MqiQVg
6.880335,5.625213,1,0.13458304391394588,UCku7OV38sYh0pTOUchQUFRg
16.714922,6.239021,1,0.057024813680180364,UCkupizo-TRdbCQ3R0GcOYgg
2.9835827,5.4829097,1,0.16329607524690065,UCkwBfSceDx2FgZGMKmL3K7g
10.950897,2.0492084,1,0.06452751028891529,UCkxR3BZtn69zgM7tJHXNjsw
7.3461595,4.8926635,1,0.1114276076149609,UCkyCr9IxUtvHq4SVw6KCXmA
14.945132,7.357569,1,0.09685486367763574,UCkyhVOFNrzL5PRTcMcR8lEw
-3.8361394,2.0269566,1,0.1177958485418113,UCkzMzmiFqrPI1hCvT2UsygQ
-0.9248195,5.5069623,1,0.15267742972154102,UCl-e_h_XG7BvbkvgtyZFF-g
16.579258,8.2864,1,0.06970765528283629,UCl-x-UQb4sA23HerFki0lIA
-1.9956982,1.8723497,1,0.1131894553060312,UCl0Qy6k6L_XW98-09OzOr4w
4.2247157,2.0308063,1,0.12673808309339163,UCl1k0lAQa2hdnJcJt96X5OA
0.5915719,-2.631658,1,0.15709536759452114,UCl5-icX5jgKt6XXFPgUO3_A
2.761632,7.76823,1,0.16891130648202773,UCl6KZGd4CSEuPtW90OZqXjA
0.5536979,7.170799,1,0.17336381553944552,UCl6lGvaZBXfNMjct9NFoBCw
10.287674,4.4198008,1,0.08872757589133268,UCl7L7kKRc-WNIRASQ0sqYXA
7.2574553,7.6071715,1,0.1478506645347773,UCl9zOE9zwurOPaBu73J2v2w
1.6448877,7.972464,1,0.15668125246979497,UClBD-JLk1lDV9MJ3GGsv0PA
10.167217,3.0321743,1,0.09721396467000215,UClDAWDnZiMFQLGpqOKVM9vQ
10.7074795,7.5845428,1,0.11569689800885158,UClDCUXwK7Buil24NVQBiLyA
-2.1686137,6.857635,1,0.17272017321396305,UClEQyizJ34gh3y6JwYVpe-g
-2.1543663,5.2973366,1,0.172335222127113,UClEpO34n3EE-LDkgYoPERcw
-1.9634931,-0.00045731053,1,0.16193609781080193,UClHCpBmS-LG9oGv7of7QFzw
15.498437,6.129233,1,0.0881015435660169,UClIDSvoYszj4FXUSoqjeyew
-3.5668647,6.4820814,1,0.1640538709030802,UClIqFqXpzAes_2DGXrSwhZw
15.824953,3.7408597,1,0.10544726784326214,UClIu8lclAdZv7fERfPyfLpQ
3.4767957,-2.4015336,1,0.052259238818030906,UClJsofC2pBYKPQEz2jVUqtw
0.33891734,-2.4376776,1,0.14212972413547625,UClMDD5NoF-T1HPigkWo_yIQ
11.517527,7.8690767,1,0.12062915316404599,UClMEsbqsItjAMNkX7a2MAQw
8.154362,4.495851,1,0.08623501964189717,UClMi0VipeA_4gbOmKrG84Xw
-4.406468,3.5948536,1,0.14351471033524604,UClNAQ6O61tB_vA4TrdhEV3Q
-3.6221337,5.43895,1,0.16723097159213812,UClOTL6fi7TkC1NSyN43rRvA
1.0979966,6.7756157,1,0.15508819849278038,UClOgf1JvURsOaeBiucembgg
10.019007,3.7115357,1,0.08901879479103952,UClPwtiqhbxYFxMNubLYwnXw
10.1388235,2.8782265,1,0.09200717507329137,UClR510WLgZ7nPOtJjgrdnxw
3.7551026,7.374823,1,0.16772424739049258,UClSK4MuffFnYMJxExhMNw5g
2.304354,3.4287012,1,0.13869451672141597,UClSxkyXrixsj2NI1CPKHXIw
17.16662,6.341349,-1,-0.028681614170049663,UClUlb1-r2J1a3EEtYqW-7tQ
-0.01754161,2.0819693,1,0.14903441454054578,UClVMURIvK9VoR2Fg3LEq11w
0.19670123,5.279633,1,0.16617907326096787,UClVRaMwIzPktDPpGSsyJuLA
3.2415147,-2.7867658,1,0.1330790480762291,UClWJ8lKwK0fKRlWkB-V1pgA
15.463395,5.79187,1,0.0520283599205833,UClXyckDK7lhTLKp5YzG2pLQ
2.8541873,1.5655441,1,0.1381401472402793,UClYVNsTKWVWj_FN0w37Xmzw
11.683636,8.045202,1,0.1187109215748613,UClYg88ERWwA9H5XihP5HdQA
10.21522,5.003933,1,0.089117501454757,UClZBEDu_6X3rNYepOb_HtBA
-3.9854836,2.0382922,1,0.12293514570768177,UClZy7ZxTf5Nd-Hn2zLw7YZA
-1.8839533,-0.8022989,1,0.16365045449814358,UCl_CrB-1OM1JGMVNnJV3ziA
5.9959855,7.403973,1,0.12886371544914604,UCl_fy0HUvG17kudGBz5aPYQ
14.10917,5.4424105,-1,-0.18463486351917902,UClb-Z04EF_w4U6_LtHBTqbw
5.993234,3.6980946,1,0.13117038338231324,UClb8OyOGdG6MIpKWl9HTr8A
-0.52856684,4.875348,1,0.17059849576440578,UCldYeOazRwLxnzrzTp8hD4w
11.409628,1.6308244,1,0.02520925588402473,UCleOqSXIaCwtZxKAmlB-2uA
0.010090935,3.3783064,1,0.1644226274304622,UClexjBX2QLRyuXdeegbHCqw
1.5560029,7.3319526,1,0.15254922848769337,UClfdB_HN0o7pNWM0qGesovA
17.251215,8.688414,-1,-0.05062467274643223,UCliFWkvpHyMtCtjkCwLRoug
1.9385048,5.996757,1,0.1612013039648167,UClia3YcynxGt_oRUSso9_kw
-2.7354572,-1.2736365,1,0.1636168250728841,UCljUDyeC1ws6Ym5tu1b_trQ
-1.5443741,5.702896,1,0.17356077605255638,UClmr_Z4k_YeAk4-V7vfMFDA
1.2161196,0.29166225,1,0.07975322058222084,UClnQYcSAl1NzvB5_ZFzo_Cw
-3.3115706,4.349469,1,0.14131987182122613,UClpAhg6zLZAg9HZjLNJgnDA
17.956816,6.334124,-1,-0.037660948084331514,UClr0ToN5VOpeUDOuZtcyzRw
-0.40180373,1.3587527,1,0.14594825782861848,UClrDIOnuNoqhz0EwNHNNTGQ
1.0150725,4.9065537,1,0.15538712982189012,UCls6_y3uRnFuD_Lm1yJOmxg
0.9089805,-2.1506863,1,0.15150937963761463,UClvHBK_SS9vTYLWQ1oxXrGg
1.9518801,5.295261,1,0.15095373185610617,UClvI_lnimSAyTjnRO2tJK3Q
2.2682045,1.8045949,1,0.046380647459766,UClx0VDc7fL_1-E7vl3VFugg
0.5969957,-3.7153132,1,0.15468539864979564,UClx8mZgbSuILUrTq_7kNyEw
-3.0630884,-0.34510425,1,0.16577583420978437,UClxo3t7Bq5C2GJPrbm2V-ZQ
1.6837422,3.1007645,1,0.10157052516673887,UClyJz6UbQb_BEjpXbMxQscg
10.872344,1.935886,1,0.10898736460649411,UClyRGBjluCRzSEVWjDvWQeg
2.7147858,4.6834493,1,0.1454737372455448,UClyxYfy9R4BtgriamFSrheg
-3.6409574,1.4720037,1,0.1529676352637674,UCm-gK9chDJXFg8q7kABI81g
7.5237455,3.7922907,1,0.042758304377387535,UCm0gI5ZNFaiBiQVZE4Tl_wQ
6.694816,6.874175,1,0.15170857803700316,UCm1AzOxi1cmjltWa8pBYc9A
10.802309,4.3105736,1,0.010391322978171247,UCm2bVkqIkduZKWuotbzmYUQ
-3.410029,1.5918646,1,0.11725499148952645,UCm3l0s6nNdQzEaZnGEVoFfA
4.561596,4.215225,1,0.13308038570111996,UCm5GsZcyO3gdxyfwvwvAC6w
11.514776,2.5873487,1,0.034230109381732654,UCm6i-_Lww3ma8BgW10xESiQ
12.609191,7.8615565,1,0.08633832448462225,UCm7cicB21aD_4DiUBZ9OteA
3.4347632,-1.7438792,1,0.09006253596767433,UCm7psdRhqGLvocNIFUN9GGA
10.054619,5.2675066,1,0.05962632515832472,UCm7uA2okIOW8mA44wfCNwRA
9.644395,5.410645,1,0.000168140826082408,UCm8seTE4f5HqU_rLFwV725Q
6.2945943,7.5162024,1,0.15483020597771052,UCmDRqo5OB-s1tpAc15yZwqA
-1.5202601,3.03145,1,0.14405821351906778,UCmDrmP20DKXVr5nd8T3a7cQ
11.483525,7.989536,1,0.12956001887225754,UCmDuGnCdTy-MDT5bPKtD8DQ
-2.3890436,5.7708006,1,0.16982946028333357,UCmFVnVKQJBaKJlovKcvjRQg
7.3184958,3.3152375,1,0.12212702474368481,UCmIS4gBF0Dcv63NdgO1qvSw
-2.476089,5.292054,1,0.16950758594714566,UCmJ4D1SsMlw1l6FXfoTz92A
15.523954,5.954018,1,0.06129912828280959,UCmLU3Dfhe1KE1koULU16hgg
14.362507,4.203057,1,0.018728301181045903,UCmLWwIwaQIHMkFLA2EOF6cQ
8.501784,7.7014885,1,0.08007181253240864,UCmLjQflWGZmGjHPW8-jpmrg
15.867322,3.8976002,1,0.13259015454271222,UCmME33iDmuH5Hgv2-32OPXQ
-0.43072042,-0.7883187,1,0.1489085870006241,UCmMQVmQ6JNb6lA4ABUcQyCA
14.976524,8.035647,1,0.08431424028554757,UCmNY4YNFu32n8gLd04-mzOg
-0.039834697,1.8965286,1,0.10066392971180677,UCmNvby4Z2EGilzHa3lR_5mQ
-0.10401368,0.26540685,1,0.1279567093234657,UCmPYfaqz1cb9fp94YPvIWrQ
15.471699,6.249024,1,0.09557081868112077,UCmPmg4m32Ul4ghBWXjxLJkg
2.9458258,3.1089416,1,0.10561608446486909,UCmQL-9Pg8hh9q0nyWi24Uzg
5.4343886,3.261834,1,0.06711634618456697,UCmQtvqTenIgaycLDaBpU3Qg
16.440823,8.313647,1,0.07350395183986169,UCmRckKExkm86wHx1joSLRzg
10.897198,2.641083,1,0.10590676974063906,UCmRp5HbobdoL0FWNfTd3N3Q
16.777124,6.399883,1,0.03310549937157353,UCmSkLg0ShdU8J4ZPG-_7pGA
-1.6586425,3.9438288,1,0.15173649657066968,UCmSpW-HyJ0sXsfOOMw0Ig7A
-0.672955,3.5496416,1,0.15727904565063477,UCmT3G6VWNQGCMqBskycl1HQ
2.2685196,2.1312795,1,0.11413203312267056,UCmTrXwp-CaFQ4G55Lljkmeg
15.983298,3.9020562,1,0.13339530940446198,UCmVqNqU0HwehgI_aIr_gMmg
-1.2786032,4.6242876,1,0.1617728815017298,UCmWcilypWEF95eA4r4bowDg
-2.2254946,6.847093,1,0.17331976761521456,UCmYgL3aMt5bNG6gguSHVgow
1.1087855,-2.8149552,1,0.14592877085236994,UCmZlzaSFzFisGhAhFRVTKLw
-0.98601085,6.634108,1,0.16939388013850948,UCmaQeZLdVbj52H0_cGTLvVA
4.301774,7.286246,1,0.16388232276953624,UCmao4JuiMEpLG_EjP2xTliQ
0.73105246,-2.8196979,1,0.1394039710833459,UCmc1hE8YoW128wjJ2q8i6XQ
0.54998267,5.7668405,1,0.16810742011133234,UCmc_SwTHV4Ye8O-ySX5mcBg
7.882687,6.0754423,1,0.1129069408593546,UCmcbTqBYW4ydNAhtgoCYvhQ
10.356957,3.7023869,1,0.009492381544225603,UCmdFR0EtpJKnRK9IWPNGI3A
11.7192955,3.6754344,1,0.06863453733691882,UCmeJvi149W2I1DnP6jXbS0Q
2.991659,2.4811249,1,0.10085513062997159,UCmePvckb3FzBDSr6sv5FhHQ
9.257008,4.364118,1,0.03434586599245448,UCmf5rP-diqNqY6OsD2V5zpA
3.3424308,2.235652,1,0.13800181608342105,UCmfSQrCJsLEJuSJl6QSL1Dg
0.889013,-1.8936623,1,0.14640840069984146,UCmhLLO_VrQBAL_MN9_YeN7w
-1.9362949,7.898895,1,0.16750168213287353,UCmiORrVtqFb_zWP2fJcjpjw
0.7125124,1.4770349,1,0.12956319131795319,UCmi_ZnB9Ak3ZLUDW5aHGR8w
-2.5873663,0.49042928,1,0.06684322305329377,UCmiyRT7P-EkG58Y7fUJGAfQ
-0.46619865,-2.8855257,1,0.1662420952721167,UCmoRCoinqD_MFhpX1n55Ruw
-1.7448015,-0.01609238,1,0.14821352792238363,UCmq8wIP_ZgIM6S4JIl64-ng
-1.02555,5.6949286,1,0.17041415506452323,UCmqfW44mrMSxjEe7zZAEbbA
-1.7657039,3.6221633,1,0.16100055616494352,UCmqy0Uo1JRsz71UrDZ0VnqQ
10.921511,3.6154191,1,0.05623107905464919,UCmrZbr2gL2mbfz6K2bfo1MQ
-4.166306,2.670052,1,0.14770152743338177,UCmsHi9NVaqYCn7TfBxQwddA
1.9495678,-3.7838242,1,0.14738861320524776,UCmtC_vOjh_g9BZr-GnEMfzw
-3.1605809,5.8878083,1,0.17219197816663312,UCmuPaN_Lv7BP_leq6Z9S8Gg
16.339218,5.987562,1,0.07723295725239959,UCmuXdy5gwZ0Q2h-YrXAO6hQ
-0.7366949,-2.1779203,1,0.04622373913194555,UCmvAlKqPYr2TNWKJ_QI4Eag
-1.5245272,1.341013,1,0.15011463493006594,UCmvZpvKYvp2Kb0IR7EvJ9HA
-0.69886404,-1.2681061,1,0.14804007596619678,UCmvfVgiFu8jnpmrQ5WrHCjw
-0.042554,2.9232466,1,0.1551467233584652,UCmwgpZOg5ZKTd03pXT8tUfw
-1.9411445,-1.8620241,1,0.14410690923443664,UCmxTwnIndIzZ0XojtRYD8Gw
11.348349,4.014438,-1,-0.03173419502852959,UCmz7Fa0JLv88R-J5wuuln9g
17.168943,6.405082,1,0.05146992483161611,UCn-kqOTqfaVXx7Z2O7L68_g
13.653642,7.657514,1,0.11884698609077993,UCn-uIoNpG13Vy996F8doA8A
13.915402,5.244713,-1,-0.03455895239521389,UCn0n3tgApvygsAsYoy7HtQQ
0.14566615,7.1286187,1,0.17018707726724436,UCn1992lfvkaRm95qZjAi69A
-2.2327712,-0.18992706,1,0.15656728550463378,UCn1fwz9Ze0obbGo8v0y-z4A
-0.5225909,4.53751,1,0.17276992628085408,UCn3ZghRTKz_ZtL4MvSp4QXw
-0.9740765,1.2679771,1,0.15520132777964152,UCn4U9igAejNPLaF-Tj2o69g
14.385804,2.8583329,1,0.11885972326359445,UCn4hWEyf8Bkedpy9-n07K8A
3.0473077,3.1906269,1,0.14902035010895315,UCn7xx7LRKgkVauIClfdCfbQ
-3.5017006,6.2437816,1,0.16726235760150332,UCn8Kxj1xbtUCeKmMTJNu8UA
14.753595,7.9067307,1,0.10921635386587791,UCn8lFdt8N-vuKcSftTS0taA
-2.1200063,4.959686,1,0.16485382230288226,UCnAgCA1y5OmKoT6SrzSiudQ
9.1509495,5.8840275,-1,-0.02454120041951413,UCnBgsDPs_wdpDxKM9Lfxobg
5.3453293,7.008482,1,0.11362580836467578,UCnC36BS7R5un32OeP_cludg
-1.0699676,4.8503265,1,0.15782446935588568,UCnCNwrKiG-aBDwWKY0yFDdw
3.863415,2.4058664,1,0.11285865516316984,UCnCWD5WK-qKflByYYH3QF6w
8.410752,4.000818,1,0.0792357134866904,UCnD9_JyJpduPq5B3UOyJIBA
11.084802,5.711662,-1,-0.11976939155827371,UCnE2_0tfPNMzhI78gSc_ZZg
2.3192763,3.2145004,1,0.10867404564362765,UCnG1OvQpAJ8ru0LdJimuJUQ
-2.1271365,0.10426533,1,0.10375244200806744,UCnGeTCCH-DAN4LyZsnSt3kg
10.535007,7.736015,1,0.1257789146205029,UCnHxhZFucjltYKPE1alR4Kg
0.114633135,4.6840997,1,0.16558424816978812,UCnITzgPncaJelxljuCDR-eQ
17.527077,6.4044085,1,0.007860975642218826,UCnIhtlcDwQBBeDH-FIy_Ytw
11.271474,5.5012975,-1,-0.10395989124391691,UCnIqkaQWU4N_cciqP90J75w
6.387326,2.8008003,1,0.08680791686793143,UCnIrA-JiiEN0KLIQuSibO5w
-0.6985772,1.0636712,1,0.15493139853454396,UCnIyVBUzhFsJkqP57shW3qA
11.594087,5.339422,-1,-0.054710834391403784,UCnJxWC0YGBwu8biT_0UXvxg
9.312735,5.700913,-1,-0.01350483021320259,UCnKIqSLmSPezuKxJhMFqXXg
13.479084,7.7775755,1,0.12038308374988482,UCnK_BexIt85dzjwcJrkGngg
8.751963,7.738479,1,0.14081778346855528,UCnKa14SQPVk_9rgQMf1Mngg
-3.4924278,0.355906,1,0.1502591109585914,UCnKh4GWEx7wgYilsBEZV-Tw
1.1230456,-3.6657982,1,0.15208508018552036,UCnLijCHD1jWR4inx_Ks-nRA
4.6568074,8.001903,1,0.159398814776752,UCnMkswDGz_DSGoDIj8Q7A4g
-2.4926078,0.6013953,1,0.11049549050821783,UCnNhzuuJPqQ6rCYK-SgUuNA
3.5535972,-3.406715,1,0.1436017721351192,UCnOu_S6Vi6SUIIe9H1xYmbw
1.3746307,7.179507,1,0.15252908556189743,UCnPN1FvmTXmBhDKkFvsuw2Q
-2.5288079,-0.56762296,1,0.15433613586192685,UCnR-rBc7kKWhl_BQHoMbWYw
7.281908,3.5850663,1,0.09798420164334165,UCnRIcQcIwi3mHurrKrZPlqA
1.4898332,7.357449,1,0.147420943898103,UCnS1wQs5Y6gz2s4qYNxCEOQ
-3.736881,0.658281,1,0.12746043830834747,UCnTovy65ZfihvnQ_pfltpdQ
3.8546147,3.1775053,1,0.11423180540500516,UCnU6Yx37CKGLrE5eHl9n_LQ
11.518074,5.9383893,-1,-0.19650662109265704,UCnUI3X3zqEie15Miv8XV-eA
1.2686042,2.6474314,1,0.14379706246405,UCnUNvG1VUFYOTy8amtoyZJw
-2.769937,1.2421867,1,0.156258724193715,UCnVy1vdIejX7_tHKg7rMeYQ
2.309574,7.5367174,1,0.1404268248606968,UCnYmmnKPmhKSjrJSoyUx4qQ
5.9358635,4.1675525,1,0.0005662794049947073,UCneQAuSH0utRNqg2xcUYk1g
10.701933,3.4300466,1,0.07944127555941133,UCnfuweTzzNsOctBL80dsi_A
2.2953494,7.4104447,1,0.1504486079099418,UCng4yL2lwo5OlO70MxCHOUg
-1.2858611,6.188216,1,0.1688056998925394,UCnk9_qm-aBzZde1l0O_81mQ
-0.6319861,6.4132037,1,0.17212277919633018,UCnmBpLhupMscmhGpg9iQ5kA
1.7412597,0.96256965,1,0.08336179396734628,UCnrTOSI3er_05QlX1VGs6aA
-0.8019465,2.7416844,1,0.14477201886876268,UCnsfjEFtF8mt-9PxA-ah2tw
-0.2583478,2.7770813,1,0.10918501650104229,UCnsjHUJCEsqGtxDPO2FFT-g
-0.16904551,0.6211955,1,0.1528534875171551,UCnsmcolZ6ykSiEGmb9IwSVA
-0.8463179,2.790327,1,0.10730330503676377,UCnswp4cGdLGwsSpj8ziXFxQ
18.343733,9.022065,1,0.04846550460901822,UCnt0yt-axQPlRqasAi3z61A
3.470477,3.1417341,1,0.14132124833002951,UCnu5r1M-6wLW967k9MEoMag
10.873887,1.8837429,1,0.08073433833192034,UCnuQPpwN31RaA5jxN5Bp-PQ
0.108017065,1.5607615,1,0.15876337482077435,UCnukuEvJA21qcZDwJN__ucQ
1.1500359,-2.6364164,1,0.1436882729323471,UCnuvV-vdMi2mgY7gqPZwvjA
-1.4246182,-2.0437667,1,0.16791534059968932,UCnvcUWr3WIzK2dmBbiFVtkg
15.902259,6.231486,1,0.06946962576694171,UCnvhoIWKObU3SzadnSdCxuA
-0.015570904,-3.1423883,1,0.1587707121807025,UCnwZ4IQ0kybagkkITn2A5dQ
13.579987,4.677205,-1,-0.002359625652398445,UCnxFBoh4ax43T0FumVOk_Fg
11.609715,3.5881279,1,0.06595343538521603,UCnxPsAMNeUyP4qkvvA6Zeqw
-1.8245945,4.7733374,1,0.16695675095124274,UCnyD6c_HyLINjHGBFN5y8Gg
0.20431483,7.248658,1,0.16798772257198874,UCnyx2yGaiqdfkTeIZsUXygA
-2.9601212,-0.26474145,1,0.09589294776186713,UCnyzEJXnDtlKd9aHKTos95A
0.31964344,1.9076476,1,0.1432900006726926,UCo-YZyMRXa-PqNan64vqfqQ
-3.0506542,3.6215758,1,0.1543932847199253,UCo-xKZRgUtQBYqxamqLvS0w
-1.9391652,-1.5891246,1,0.09795360152589966,UCo644qXtwea3FkWBunMXUqA
-2.1424375,5.2267036,1,0.17241376091707228,UCo692PX41cQuc0ntVBxGmFA
10.398154,2.644047,1,0.11473051045952115,UCo6To0yXfqqkucSN1syyQZQ
13.666119,5.1549983,-1,-0.06129902037894841,UCo80WyNufaC09efdikjDDCg
11.61013,3.7844841,1,0.037990821543988695,UCo9Un8mtNR1peruUYaiMIMg
1.9892738,-1.3002332,1,0.10741899710159442,UCoAdOUWUyFkaoXH59v1yixA
3.7936358,7.2140427,1,0.16577677120077539,UCoAjoaXkaMiHOsrdXqv5fcA
-4.5895543,2.458174,1,0.09873896905121615,UCoE61yzGABNWcnZteMhnoyA
1.598018,-4.1475506,1,0.14230444950023907,UCoFZYdhGqDOsCKyCN2aQ7aA
-3.2311742,3.4871109,1,0.15516206326903303,UCoHIplFemvK3BGijcR5m3AA
14.179626,1.9591395,1,0.13828762970444208,UCoHs2mBUawrBl13QXf0hJmA
10.08166,5.60323,-1,-0.06392919723531976,UCoHwVlGCKCfsYh_l9Y9mCPA
-2.0212343,6.0997977,1,0.16720151596982136,UCoLTdU-qfyWW9InIFn944mg
1.5874861,6.7778726,1,0.15027362696619034,UCoMCXr3-FFgrAegjJKgvyHQ
9.377085,5.836344,1,0.009980564537767134,UCoMiGy0vSUgO8bzxq0zFqkw
2.4301405,-2.8223941,1,0.13119979062283932,UCoN3BaMW3hm2Yh-dGD2XTtg
9.038151,4.817519,1,0.06919084068249964,UCoOJg6dZZvzCEeFUj7ECQCg
-0.28226224,4.7460766,1,0.17177011878176252,UCoQ5wZ1I-b1WS4yLcDL2c5g
-1.5991077,1.9092664,1,0.13442850364965808,UCoQ9DeCb-x67_qPOj0grjAQ
-3.6851208,6.167547,1,0.15914150481798545,UCoQFcvIe6bEEPvVR_KllA8g
8.848952,4.3659296,1,0.03210503303285267,UCoT6vowpfEpzwUMS3Sd32vA
11.318803,2.4292278,1,0.07078751973552333,UCoTfU6RDfVUZBITSwVW5H2w
1.4190587,0.3328056,1,0.10196488233880069,UCoTykBskGswv1-1h1IPsRgw
15.794326,5.550597,1,0.11545227166702365,UCoU2cBEl3RVeWQRfQhLX2EA
-0.98019546,4.5245047,1,0.16086500686899152,UCoX1aqVdv0QaHJWEvpr02-w
11.5753765,8.057553,1,0.12580348075315506,UCoYJQdrKWt6lO9tO1ZSbtAQ
-2.6859913,-0.73454666,1,0.14004277546070992,UCoYruH9TE4Qw8xlIjzJvG0A
-2.1448495,6.820025,1,0.16985694080109487,UCoZYaRKL3tHh7No5IbP2yCQ
0.3764432,6.317537,1,0.14948343221743177,UCo_ZtKR6Ef02Cf0zc6Qm3SQ
18.468563,9.093645,-1,-0.10072725891079748,UCodMNQYuae8t4aDzp6frEJw
15.420981,3.8279707,1,0.1011716940114819,UCoeeSoodOxq3ArEKvdmw1qQ
1.7603598,1.9649068,1,0.1111816859242774,UCogTx8XkGLjU2eCDUIX03-A
13.422176,4.964404,-1,-0.00537326968610119,UCogijBbz1NF_apLFKEoW5Xw
-4.360699,2.1994717,1,0.09988682020895995,UCojPceuskcvEQs6u23rWfXA
3.9334805,3.6420288,1,0.1516419440916284,UCojgq_MLjvFOIJ3zSfR-UAA
-1.39905,-2.6452358,1,0.13823930698441467,UColvigIS38WMwusu36-i0lA
0.7452435,4.4457912,1,0.16789868071554587,UCom0ItMmRbPhdjMI6u5yyLg
-2.4679718,3.1723008,1,0.15811426407387835,UComdrRSBLfUSuteF_rmEcYQ
-0.8878749,5.5321097,1,0.16574443621748414,UCoo28J6j7DOymrlv8smBGng
17.236004,8.660642,1,0.07133971322897187,UCooMft_ypFrZazlgoP00Yhg
-1.156789,6.2350926,1,0.17108783911595765,UCoqjDBvxpPO1YciG38iTkQw
2.9253612,7.3944902,1,0.16133786711611975,UCovWmXuyKO72RNDbnEp_2RA
7.251058,3.549108,1,0.12009863987512648,UCowPYvagfgj_c7qwVGodb2Q
4.75683,8.029593,1,0.12423274764683018,UCowcCEvOysqBDma_LslGJ8A
-1.573387,-0.8607915,1,0.14541132942430124,UCoxqYBfVRsV_Td0W9DRPGoQ
7.1005735,6.329886,1,0.14120662578208476,UCoyPlDOy79M2IMMA3HC-_jw
-1.4855938,-2.2053416,1,0.16186335848315747,UCoynbeJQZ6hcNhHO3KrR8Lw
7.61568,7.5638275,1,0.1535539554608093,UCozFHmcBJPwOri74VPIoWiw
-0.38725176,1.5760435,1,0.14956435238173416,UCp-6mIXaLqZxjeTkGWCGJrA
9.476329,8.03627,1,0.12512255341527773,UCp-Z71UrhORLob0U6BMXjsw
11.973129,1.574979,1,0.08936540667327769,UCp08R7iRtuA2M0MlXOiggog
-0.82100856,2.1410832,1,0.13864484770240793,UCp2dXItjl0dE7Im8JtRW1dA
8.406826,4.003903,1,0.09819810418032021,UCp33YwpB5FcSNLhUx6hB6HQ
1.8564097,3.388558,1,0.1506832044452993,UCp4fW0VER_W7Mn9fo5KeE7g
-2.462176,0.07970472,1,0.15278020297139794,UCp4ktIQJ_VAoFPHysD0AGgA
2.9342723,5.445041,1,0.1608353327587443,UCp7DTZS0eRQIOIsAZBhpLdw
13.990665,5.119675,-1,-0.03451544261349959,UCp7cuNFujGu_XQjyTnnhjAw
2.2664454,-3.8343155,1,0.15031738781005222,UCp8PDbSPfEK5y86sXragZXQ
1.586505,7.167254,1,0.14045988823962624,UCp8ZlX0KLPdg1KItQ6qVyoA
7.1903725,6.1032557,1,0.12078923564204935,UCp8d8gMpwZPUdHJ5mTFH6_A
-2.472739,-0.2586225,1,0.16675489034179886,UCp9L1QhJd4BRzgh2klJ1Y8g
2.6695876,4.458166,1,0.15729688382606005,UCpAYnyGIcOmjrlgmLZzrt5Q
8.81837,4.3627105,1,0.0781468228070436,UCpAm_Itq_-7F-NDB5A1watw
16.563486,8.284259,1,0.06230118167801674,UCpB6rV0FW18j2oWexkGpf9w
13.085956,4.638804,1,0.04380029523728257,UCpC2_ae_kd4Q_Rk2veEY_Qw
2.8139644,3.8525429,1,0.12380780643573625,UCpC62U3jguClK3_iZHHPr9A
11.053196,1.6627157,1,0.11023428128508272,UCpCIqWtn3rHaKugfOE-e42Q
0.8627646,6.4039516,1,0.12392338342697662,UCpDWoBWb5GEm3AlrdXaXiRw
3.0111918,3.4967895,1,0.15287124012721193,UCpF0GKx6SJTtkoqpuzyb2Iw
1.2716817,-3.7652888,1,0.14758665197434678,UCpFkSc7mzP3OdTRX0pZLj_A
4.5023746,7.909646,1,0.164730698653843,UCpGfByhEqQGAuUWle1Xka7A
-0.76274663,7.6893306,1,0.17161662704824465,UCpGoQhkei0XZxLSEN3a-mJQ
0.44010907,1.2048697,1,0.08897084353810208,UCpJTHHz16IR06i2t0JzwZ3w
2.853654,6.5155864,1,0.13708341482903352,UCpKuo-jXS_IDN32RXu4HiOA
-3.1022205,-0.60075885,1,0.16068436480557063,UCpNYXy-lbcqcC3gAF6BHpFQ
2.3648741,-3.8299503,1,0.14954366690410886,UCpNik8dt107T4cusNd8MpNA
0.8881269,0.8702714,1,0.14135237154602015,UCpOusZb_Kt6z0UycO6bXhnw
1.2029324,2.4350343,1,0.13980813737666536,UCpOxOFiD74OqNXerWWkc4dQ
1.5573987,0.31487525,1,0.03635392221149042,UCpP-udLxmI-nJRdSBaWLqGQ
10.134376,7.110019,1,0.11427120944106173,UCpPdp3vI2rxEPxTFTb_6CgA
-1.7424457,0.1113891,1,0.1573564248270427,UCpQ_HC3Mec7kbm9a0nQGELA
4.124782,7.6557374,1,0.16307937064528188,UCpR4vzdJ-xJy_XYzyJ6r7Tg
-0.8698167,4.097281,1,0.17309554015479983,UCpRp9c3v4pDsSTGTBKF7TUw
0.19625553,2.04064,1,0.15096253713998298,UCpS9AcD10Y1fVdxKg7Fzqmw
6.0000386,7.7769947,1,0.15411216457997534,UCpSK84XGllQ7NokTBpJLTYw
0.67363775,6.5535197,1,0.15294779467945308,UCpUQqSHhMhPVA1iZYpXv6Og
0.3573236,2.2916305,1,0.1595477467585234,UCpUww68nJFx0dGFIXzgPy_g
14.831435,8.204444,1,0.09262010232033147,UCpV6HLZ8e_OZaR4lAwNBkWQ
2.3348656,2.644896,1,0.1109036211341054,UCpVwN_26jL6arM4yM03770w
0.025771523,3.4203546,1,0.10400851143427892,UCpWXJPjR6_MYdO3CCu95n1A
-0.5140464,-2.2323024,1,0.1598242032031576,UCpYWiUZ-YP21Kzr5axzqGew
3.501608,7.8091493,1,0.16779255931450637,UCpYXpWvwZiNL9cTmDktlVlw
3.8465586,3.0971518,1,0.14137317968908747,UCp_58LybrkbVyvW58LGzgfg
14.343009,2.440536,1,0.1067960692543996,UCpc2wbejKm1C8Lky19qlOKg
1.202419,-0.27635285,1,0.1210377817419378,UCpcnz26gq7JDuAOVWGLl47Q
-0.056762677,1.611694,1,0.13937215423094157,UCpcqX1wtK3S7QC4b7K-k8FQ
-0.92981106,0.79272777,1,0.15778423027507765,UCpcuT8NsgzbhHh8L8trRGtA
0.48696983,5.745095,1,0.17069892864563285,UCpdXdtxaS6of0CroCqyP3Kw
-0.5130231,3.2337363,1,0.15545141820976072,UCpeBLoggNonGutdbS4WDnvQ
1.3702806,2.8787587,1,0.10831072545057507,UCpgLy7wx0OVMuyhPtryOB3w
2.8881385,-3.4044213,1,0.14544979591103485,UCpiI1evZOZYOiUBCn9wJCEw
11.6632805,5.6131616,-1,-0.04539152508603228,UCpiKAGe27le2DBcUsopLApQ
0.47641504,-2.6689384,1,0.15592722482254623,UCpijOBQmHni-VITljlIDRqw
7.3330674,3.957555,1,0.12008908231518595,UCpjexoE4MnR65AqpxAsT_fQ
0.60493696,4.430937,1,0.15629111045908967,UCpmTzaCYFayfSDVxMQyIqxQ
-0.84308577,6.187756,1,0.1742031580386586,UCpnt-lNJhewVspZJxHwb5mw
4.79199,2.500858,1,0.1509548492912483,UCpolSc4fu09jk6A1JlAk4Jw
-2.436492,2.106945,1,0.15907244253994662,UCppd6BClODIJSrQYTSZX9mA
14.936957,3.0343995,1,0.11345616863459312,UCpqhplEG8-E_T896b2MQe9g
15.949106,6.3337445,1,0.0664125390954215,UCpsxvI_4J0OuOvPQTqiAlXg
14.762939,8.169753,1,0.10395474138890032,UCpwrxvKLuBcQwLZosZ-lLDQ
-2.7916172,5.619949,1,0.1726405132075019,UCpxetUWFBzzUx1DADMqHRfA
5.937812,4.117055,1,0.11807035071986727,UCpy6SAM6SGEWqo4tY1X1ECA
19.04119,9.453957,-1,-0.09709815060108318,UCpziFMD2P9exl1mHaAhjXSg
-1.8445231,2.380211,1,0.13452740744998615,UCpzwGD0xJV0mu4qZDV48VUw
15.998156,8.270245,1,0.09326973045568737,UCq-9TvVYgr4onqvX6fC-YDA
-0.7594528,4.1340647,1,0.17017868246100848,UCq-g0LTHEC0icWYOTStv4zQ
5.2652674,5.800278,1,0.14919697415409205,UCq01OSJO_abJddWEXmqgSOA
-2.5128353,6.630055,1,0.17223658247156415,UCq119kYAubeVfrWhYFykIlQ
-1.1789044,0.16600421,1,0.1616062356531311,UCq15xzbYB8IJisLWbvO5AMA
10.875466,5.1940246,-1,-0.062402261015396476,UCq20xIJO2Q0DAU0KHMYLbzQ
3.1270044,5.925534,1,0.16551410978543601,UCq3mPiOPEle27lj8qnnLSPg
-0.557705,3.1889598,1,0.11067501232207788,UCq3rP5x7uZ0mECyPW2tmZ3A
0.8318739,6.658616,1,0.15399319371781411,UCq4Y78rboT-gqem7y1fmLyA
-1.6247088,2.430004,1,0.15615500990902043,UCq4eJXEEmcnCLAfbRXiBOWA
15.469519,6.4359035,1,0.08531209829563052,UCq6ELOz1Rf_VgNBgs_92A9Q
-1.623925,0.76929486,1,0.1574871915456278,UCq6nfVndj-E3C9By_uW4_OA
8.027301,7.368402,1,0.11721850242285686,UCq7LuBnCMDn6s01_wmWsIoA
-3.7414708,4.459306,1,0.14619326421722012,UCq9AJnrPqNsoujSA8v4zL9w
-0.39484066,4.648226,1,0.17107310074847776,UCq9PEZg1opT2a6X469kIGmQ
-1.142464,-1.6287255,1,0.15833602925652362,UCqA7P6F7M7hH9HF3QhSho_w
10.38967,7.3360047,1,0.10713210456275607,UCqAlovQUyJM7QCRch_QYPQw
3.6206632,3.4243183,1,0.13156634918796328,UCqBDFiI1X8oEjCd_oRNLAIA
3.4812233,4.620606,1,0.15691125706685305,UCqBw_4n-0ZbiESnEYSz_Xrg
-2.2328641,-0.66421133,1,0.16555800281367966,UCqFQzK13crK1tRI72pCfU3A
-2.7099543,1.4548639,1,0.1578278392935598,UCqG01a5zwy2V1AzkBKPmoCA
5.836031,3.4250562,1,0.10821653710920387,UCqGUd1lvGgoulG-e0RMBt4g
-1.7190951,-0.24404977,1,0.14710066793459453,UCqGniKDUlbTL8XlbBqmAIGw
10.794963,3.1710486,1,0.09962320145763948,UCqGyYR-9di6-4xk00y_1vEA
10.944726,5.3374724,-1,-0.054906828487768955,UCqHp3k1fQiqW0GSWM_x2nZw
-1.3190916,2.6022997,1,0.1473774202296244,UCqIYIaVqtEuIm_8d-M1aG6Q
2.5508955,3.061479,1,0.11766645399930709,UCqJqNDGymdfCpmGYklZXVHQ
-4.206475,1.993212,1,0.11436230434962263,UCqKcD9HqCb9ePC4tROYfZ7Q
0.33476424,7.125665,1,0.169997506750528,UCqLjmaxQzyql8-IGrS3vVZg
0.37500665,1.6754667,1,0.15351477388011964,UCqO9xAV3uhv_OEaiVSOz8pw
-2.6354518,2.93992,1,0.1583998125184632,UCqOrNyhlncLMtYSfaM_-etA
5.2784853,6.696556,1,0.12550900907293872,UCqP6aBsNKQTVm8ELSJVQGSA
-0.86144227,7.1015625,1,0.169986240029189,UCqP92ZwT6KcWu_WZudXN8Pw
6.054994,7.345644,1,0.14079231635152495,UCqPDJtlv_d8KmIy_9EnyJuw
12.861892,4.4854417,1,0.0839783184774417,UCqQ0GC6MbDfQM13CDPSI_WA
-1.8920261,-2.15062,1,0.16114620829056858,UCqRHiSJ0GYM4NuPTglpQFYA
4.3086386,1.9782548,1,0.10013450717831501,UCqSl22KxPQ2cbQ_-OeuY2iw
-0.7582669,-1.3750641,1,0.16079773572164485,UCqUggwObbmuAwztRIlf8c7A
15.277387,3.991485,1,0.07497532085519604,UCqV4LHtNRHrtWCLeHt9uaMw
11.802224,5.4024577,-1,-0.05654504092989643,UCqV7i_LqvXGbJxjJ0XOygsQ
10.369117,4.421746,1,0.050164557079422745,UCqWg85o9jw_dw5_1GruQlww
-1.7889676,1.8459259,1,0.11553647158102343,UCqWiGS4zfIyQm2zJiIu-itw
2.4147243,7.5109086,1,0.16954999275413796,UCqXKSekqRmPqzC4F2mPidOQ
11.016897,2.3945534,1,0.104867297877138,UCqXW_nCiHlRiI59Q_8N1Y3w
-0.72112775,6.954944,1,0.16797530068802813,UCqXiUEGnj8yhQyRannjwJNA
-0.82713854,4.1389885,1,0.1726476285738845,UCqXicsPP6RKupSu7HBylVbg
-4.024535,3.091962,1,0.1520964853321487,UCqYbpPvmr-7d84Dg2yPKF_g
-0.30006954,-2.9306107,1,0.08072995779437381,UCqZJcM9b0B7OlfgF5Aa-SEw
-1.1857853,2.2716913,1,0.09167948019185629,UCq_s2lcGCvg3OogL3nkcpzA
-1.2001997,2.3665783,1,0.13787270380804872,UCqb_OqYFKABD4dmnwvngvbg
5.858599,5.894041,1,0.14680964449344613,UCqbnfostWBV94jO-Vv4WIUQ
16.224607,4.6792865,1,0.12411433584264309,UCqbo-OEbMMzsgyVlZzqsWVQ
4.108292,4.2928295,1,0.07844075069918705,UCqby6TQTzysGi1Nn43QdsjQ
0.6268292,-0.60063475,1,0.13734323469900322,UCqchqzuaHKUJPdU-TjRk-yA
-1.0682564,2.053611,1,0.09275626051946162,UCqeZoWSVkXlfXVKmtQz3m4w
-0.8327978,3.398569,1,0.14694471416762162,UCqflK1qV7JOqpLX6RB1h4uQ
-2.4790275,6.0178437,1,0.16645849573964755,UCqgjbtDc8NFc-8FqVmQQfrQ
10.509036,5.5530596,-1,-0.04439393593593277,UCqhnAU_fXoUKINKnxijG0CQ
9.715267,8.189988,1,0.11976761777321199,UCqhvTbBWu20Aq2ZP56k0uXA
-1.656774,2.322581,1,0.13942178311521203,UCqi9t5RPOhg74FGrFQnfrFA
1.1353911,3.3506382,1,0.14310389843020271,UCqjhqpic_bqdKnrHxGtIYUQ
0.8594285,4.7408214,1,0.1501321016844811,UCqjnrL9Mb9LxLWU9kztvxOQ
6.911328,7.768922,1,0.10584986315810802,UCqjuMzCcvB-3QPoT7xSKbeQ
-0.09102674,-2.0343409,1,0.16011639056953708,UCqkMnInkRmectJ50NNI9GJA
4.958327,2.6490242,1,0.05373398047388728,UCqkcSrAiUudfBxk-BASXj-w
1.0697424,-3.5817475,1,0.1542026779928412,UCqlmIO-ip1j77Go7bD-b56g
-2.43721,-1.6749462,1,0.13814873226928587,UCqm2a570tcEqMI37Vc8LT5g
1.0368667,2.1496203,1,0.1478759031391353,UCqn4rh0CiItdJ5gN30C25aQ
-0.7477195,6.243956,1,0.17323423260203846,UCqrTg0xrPzTVsf0hhM857Kw
10.113062,4.273969,1,0.08546374902738069,UCqtj5TWPo0MlM2PgeETV6pQ
15.360488,6.3839507,1,0.10593197373547275,UCqtyUhaabeICdL9nkXiAIFA
15.053828,8.265282,1,0.0991647876696179,UCqulS1oZEKBrZeVyXZ4bRww
6.842166,3.4487526,1,0.1341681570197768,UCqvEP3DIC-NleJg-zsX36fg
3.1446903,-2.5223532,1,0.08788233872268647,UCqvciUz7kR6fwgf2JAbKRiQ
-0.068201974,3.2352114,1,0.11977344940300294,UCqxv6qyr8l_yu3iaGbAJOug
-0.10714447,-3.416584,1,0.13661816959677342,UCqyUSD-HqLpWt8uCr_zjI6A
4.413071,7.7929773,1,0.1648808924852439,UCqzzCQlNtaOhMHHIrto6fBw
14.687016,2.5819173,1,0.1381423373531328,UCr-6q0QuR9W0VvTD-wBf-ng
0.63807595,3.3499606,1,0.15339483444685764,UCr-BSK33xvUOtvVnuBsy2EA
2.944679,-3.84944,1,0.11128477114264468,UCr-FnUC0ER_uxLoa2qbJpAA
6.445913,7.77308,1,0.1586892181722498,UCr-af13Tows760eSvmZKNLQ
7.955728,6.291552,1,0.12761020528614636,UCr-o4MTND4KX6lguu7qGesQ
10.753267,1.5719233,1,0.10048440454086205,UCr11YlR9AkuS8wLjUlye-ww
5.945994,5.9569817,1,0.1468686297466701,UCr1xxXMSfRHGWyjFRF-TJaw
-1.916701,-1.7953277,1,0.14591135741730193,UCr3vs-1V2EuzYnzqgpwSjGQ
17.18581,6.4092135,1,0.004992628012210731,UCr7n8G6hHacM42_W8qoYVEA
-2.9716468,1.6391183,1,0.1601095327234432,UCr7uJPi8MwKMMUexq8WygCg
-1.8343818,7.7703476,1,0.1484077188116052,UCr8fyhCxAiQmsXvw_KcWPhw
4.39376,2.5665517,1,0.1161296184707542,UCr8jIVvxi3HJElD6BstMBPQ
3.1370623,6.3290377,1,0.1287200829993808,UCr9ggtjL1Xc-SrS9QR44yww
-1.6932033,2.9607103,1,0.15958231391632072,UCr9uS3hKv_zivKamtwOdoWQ
9.234746,5.3755603,1,0.04245763428869853,UCrANN6j4YMWU3l9Wkz51fkA
-4.083566,2.1558669,1,0.11766095318427505,UCrCFkOV3cMcTnFbAYdRazmA
7.36211,3.2412822,1,0.0955883791945184,UCrCYmYYlKZ9MFgSsH9mys8Q
-2.5645807,6.578908,1,0.17162190585006376,UCrF5mQQgViJqtRsgBLuW0Tg
9.870289,3.700785,1,0.06884910886756196,UCrG9Co7DeBN3bcETvHwMBlA
11.303444,3.922636,1,0.03478657302395077,UCrGKTVo_6r05NzT8L9M23cg
14.888926,8.053234,1,0.06052087702402442,UCrGTXbYBop5_fyG2irmjdaQ
1.0674202,2.1585977,1,0.13787629119754757,UCrG_1cvT6XyzFvmItevItfA
14.078446,7.7038336,1,0.11515464228270506,UCrHBRHEtorBzNhyGcF9WyYA
-2.3736925,1.6236842,1,0.15792681320821544,UCrKK0YEit1N0TZ8VXQ6zFcg
10.771741,3.2330956,1,0.06942793061608554,UCrKpgHkZL5dkuCNhId3EdDw
2.3056538,-3.6622932,1,0.14864834584681624,UCrMkagdXeD-zXHtLBj-EBdA
0.35798165,7.405152,1,0.17019163752147248,UCrPqCMsj-E3wz8fVyoJuGOA
10.691491,2.4801745,1,0.10709886313491196,UCrQHMfazqWin1eKB7kO6APA
-3.2218792,3.474047,1,0.14973588040909486,UCrRHqDPal1wHhm5t-CLsuVw
3.5138872,-1.8906984,1,0.03119472699122644,UCrStuD-TSbRS68M6dhtTtBg
0.26824853,3.4589753,1,0.16638633828340071,UCrT87YEYEYsEuQ2pNyS57cw
19.086782,9.489038,-1,-0.19269756471638466,UCrVKbnxk9Jv168Iz4_h6J_w
1.9594536,3.2941093,1,0.11045946782418453,UCrWeA4rv2Pc2FDjx03eYMfA
-2.5764625,4.144014,1,0.15998659423684009,UCrXeKXI6nvcupRXPec1U_3Q
1.8181385,-3.969549,1,0.12891482802880427,UCr_HWNJvC_ZDrFijQsTI3Yg
-0.6307938,2.9244347,1,0.05859899939407287,UCr_XBmTabkXp5JE4sx17CDw
0.61015826,2.994197,1,0.12231578958169548,UCraMhcDm48YdIWpHrfNFA6A
-2.0306966,-0.6329217,1,0.15634241171533403,UCrc45twYwIsfKG3GW9aproA
-3.8204439,1.6212957,1,0.15014272292796838,UCreaVioJnjm_7m5saZMrMDA
-0.6736251,4.3119674,1,0.1734918462958996,UCreppFR8mYg3iJ37tpaVMuw
-2.3891401,1.93511,1,0.15573158944794935,UCrfZGIXpOqzWYzDvmD21fcw
-1.9473561,-1.8316361,1,0.1409115805373643,UCrgi6dYLDhaaNDkeNr7G8VA
10.946625,5.338314,-1,-0.03396982532094861,UCrh4Ba8xcuhoo3BVf417X1Q
0.6198799,1.0874957,1,0.14327202728496496,UCrmvhSlOMq88NSU8FPH7eNg
-0.5937363,-1.0451691,1,0.1592443656271063,UCrnLJK-fGeSelv1Ml7dRb0g
1.6007712,4.0498815,1,0.16231564238970436,UCrnqZg84Xj9Pe74V0j8ZEjQ
-0.23636238,0.35972872,1,0.12849479845072015,UCroDSIbtaSRjPHVH6BnqF5Q
-1.6835803,-0.32564053,1,0.16661208595638222,UCroKi9aRk-Qx4Y5syjCMAQw
13.193708,4.8399186,-1,-0.021089528629066545,UCrod9DLIVXGHeIcq63B-OVQ
10.926075,1.5933186,1,0.09696069185910144,UCrpFsgcZAh3JuBYBjiJbP5A
-2.046516,-0.4954139,1,0.1684890908800175,UCrpNVTmkKMG3aBouwly3v0g
9.9264145,5.5470195,-1,-0.009878592698401079,UCrpO2yRm9PeGB3LbYg6Roug
15.519325,6.1131673,1,0.09717134016182494,UCrqhMQXp2fUm8qMIBdTbYVA
-1.7430881,3.601807,1,0.16059803679816165,UCrvjZYTceiyoeoaqZdXFacg
14.814968,3.0579417,1,0.1256337103651804,UCry95EQyBG1oAQyPVT1BxaQ
14.42209,3.9369843,1,0.0940384906333035,UCs-MzMvNmSjpteWvDkHJaWQ
0.6368106,-2.8807182,1,0.13914195842322397,UCs0lqtSZQT24rK5ybaYHecQ
0.4940805,3.063018,1,0.06704698729834602,UCs2MTQZFUDTJhwOHdHlcStQ
3.8485734,1.9650469,1,0.14760807717708974,UCs2aoVQw6Bv0ViJuwZpgJWQ
15.800871,8.249132,1,0.04910809495735452,UCs3MrfpdShe923KbyNqcdNw
-1.9986166,-0.12384905,1,0.15730404187797015,UCs5ILGpV9rVga_5_rdRBslA
16.06892,4.2659416,1,0.11511114543140599,UCs705eUgnXrJJMqkB2TL0xA
4.726581,7.979288,1,0.15430373216769155,UCs7JAoDGvrKBSvCSPPwOViw
9.40422,4.1536007,1,0.0454593341582849,UCs7wsLlxVswl7LwiU26Wg0g
-0.61894214,-1.6889281,1,0.16352118379768193,UCs9QgURclINVyVemNdShdAA
10.508208,5.550179,-1,-0.12767842306543697,UCsAiaZORZN0MRMqY-G4qIGQ
-1.2077494,1.3934501,1,0.0992641907052032,UCsBjpHLviYP3s7e_U1-hVgQ
0.86467624,-2.3961396,1,0.14794637577999553,UCsDwHJN7iX9nNygvP09aQHg
-2.968946,-0.63799524,1,0.16416576299642155,UCsE3wP-oh3Gay6OqC3mucdw
-2.6077383,0.024227403,1,0.15448551106559705,UCsEGf8fQkks35UvUuAABgnA
3.2458725,-3.7450397,1,0.14077320610488486,UCsEvUt438j81f_qVUSio0WA
1.9603077,3.5131576,1,0.1509833208488896,UCsFC4BMQhMuLWuzagvPc2Jw
-1.5250869,0.8472512,1,0.16419522399440428,UCsG5jPI3lkfAbBd4gW52uWg
1.0133829,5.58185,1,0.10564322616683725,UCsIaAJws2xwpJMv35PVJTmA
7.496304,3.613273,1,0.031387620447570264,UCsIqUHHwuoqtYYKB3eVhWlw
1.0041567,1.087449,1,0.13756006327429848,UCsIw0zVS-5p5NiNwQWoZ2Aw
-2.7875667,2.308636,1,0.15877357632008882,UCsJ0ZOlH5Vpo1qIXLgqcx1Q
6.316454,6.0805964,1,0.13904346100655063,UCsKywuOT1ywUcM-1RGbrZbw
18.28927,6.2949595,-1,-0.048544568104486596,UCsL97YWc96rxaRCtuhBz7ng
-0.3565178,-2.791807,1,0.14253969747833306,UCsMnC8pJA_kkbYnRD1J_vcw
15.388265,4.73315,-1,-0.11819971216644443,UCsPlCeOrdcjtqJoY7EVrQIw
10.882019,7.945025,1,0.13757246672911477,UCsQJjIWUBVgvYik6TTqnxMw
11.129953,5.3869157,-1,-0.021071410071082042,UCsSHmWIa0gokQyGyHbNuItA
8.431076,7.784097,1,0.1458276164982094,UCsU8f1gpPQuA1NbarsqW3Ew
-1.7222642,6.239852,1,0.16907053387150484,UCsUpCuSK88s0Xk6ZaOa8cgQ
18.13315,6.2868476,-1,-0.027849319562292973,UCsYfn-SJj3GO4SsEbQXy-Mg
1.6815305,-0.23108391,1,0.0640787687317641,UCs_VA2_jYc9t-lBGBTsJSWA
-2.6083171,-1.2095793,1,0.16618872767600812,UCs_Vih4sAzyEukxnOeRrU1w
15.914959,6.0838885,1,0.10646758352094088,UCsaFVkxNeLte2x0fnYB5pug
17.808414,6.3429074,1,0.037693471522315225,UCsay6JV2v5An0HrX25ceVyQ
-2.5911152,6.4574814,1,0.17066842466298748,UCscI5PoqMhWt6R1jmndwSYg
-3.7092292,5.481079,1,0.16592953747388117,UCsd0SZYJAtnqxV2mpJuAlFw
16.282452,8.095781,1,0.028381272458213924,UCsdDQOZWFL3zJ4i5HNIU57Q
16.4295,6.068312,1,0.06888557520622995,UCsdIkFj9JJH1JjUVZzGR5ZQ
17.66386,8.756287,1,0.07394466852000503,UCsdburCBGzmF5Hn0q3jrjWQ
14.529583,7.985775,1,0.10992821628827754,UCsdlnM_yEEXtvU1Z_0XS5jQ
-1.0897799,0.039962675,1,0.1564891498795511,UCsfi_a1WFjW4iHaFyF83ENQ
18.923079,9.353844,-1,-0.09597273627663017,UCsh2R5-BBlpWMB78mlYRTvA
14.553555,2.8954353,1,0.09007227114487254,UCshc46Fc2cfE4CmtVoFUxcg
2.774559,6.8460584,1,0.12287706160571843,UCsiLtHKJ8hDm6hHEDHEhZ5Q
-1.6825324,5.968925,1,0.16720499871030647,UCsik3TNGbD0mr2fuK0Idicg
0.40214938,2.6379702,1,0.14907563488114667,UCsk9VljGVFL1K-c2I34HOBg
2.8105497,2.703918,1,0.13400978698508642,UCskJpZotL-gfjokahw_MFEg
9.669354,3.8392978,1,0.04342206599916282,UCsmaBJ0_7jkbld--DNWHclQ
0.06388243,0.98942584,1,0.13072055428213825,UCsnMRtv5WviCEUe7IhoLmDA
5.3385453,3.3317878,1,0.11479696957638313,UCsneJ_kT20f0Jj3NGmXQczQ
2.5558019,0.91718924,1,0.03747614159578083,UCsq2cmhJSIAw1NAx0oNOGZA
15.886767,6.088915,1,0.10945157214184775,UCsqj6PDEdDvtI7jClLFuZoQ
0.41158977,3.856944,1,0.16760589410237808,UCsrirxIE-YSoEFNDCdbfyPQ
6.1981325,7.536755,1,0.14934508968708554,UCsrjDVEqGfM4XAjWxLH3wpA
15.822229,3.765169,1,0.12760148057828474,UCsrvHrmBOk-x-vxDS7O5O2A
15.810489,5.172112,1,0.12277223197169246,UCssJQnjXvur6aCtfQ5BCG5g
17.822096,8.730044,1,0.011490511469578246,UCsuOuvzHQ6AzYpyJGORdymg
11.254264,4.6945877,-1,-0.06127590368694036,UCsujSplpwd7pYcD-dQfegBA
0.18763755,1.7078968,1,0.08559219601367213,UCsuxyZxomhWEOGNBpto3JYA
18.00464,6.339745,1,0.022860847450451582,UCsvimz54Wz24ww9t7X0u2mQ
-1.3155845,5.9509463,1,0.175066708751266,UCsy4nl-p4QkkxNdAyHXpspQ
1.3594222,4.7094226,1,0.16638165835280422,UCsyW2UbCgdqlmfmdf0xoFrQ
2.179493,7.28147,1,0.14686934816355574,UCsydp4vWTzFX5iSKGcpojAg
-3.7275567,4.3838263,1,0.15792616160661305,UCt-05T0jt190k1pwcTvSthQ
14.056168,5.2427683,-1,-0.06868913491223849,UCt-9-2Eddp0hVMnWCcwGNVA
0.7622697,1.1250321,1,0.12641876625733872,UCt-9z2A7nk4G_gPpZY7-VcA
-2.3392754,4.929353,1,0.16893948515810991,UCt2aP11HkjKlPiaKopvWRhA
17.133665,6.227614,-1,-0.1774160346311201,UCt3or7cdWH5hrYblE7FjNww
-0.9435168,7.0377927,1,0.1676559996615517,UCt3tVTd1CUcW8eCjSQ_k_Qw
15.413247,4.127844,1,0.02947197918870481,UCt51Z9Uk5xYacFauFzJqRlA
14.7992115,8.129793,1,0.10712108469039766,UCt5waZfn7ABisiEgnEeQ-_A
-0.3004735,4.791426,1,0.16911799064922522,UCt6BkPFLJ9IAY1YvNut-0Wg
-0.8075635,7.386449,1,0.1732352078668305,UCt7EdS8f6DVtA9AmdpD3GCw
-0.11409499,-0.50753886,1,0.13993029169452148,UCt8yPqspuLLAwZJ9CooBD9Q
-0.8336288,6.4562855,1,0.17067303538816342,UCt9w9bHdMAm1bAL7rH3JbZA
15.87605,5.8511024,1,0.10533173248337147,UCtBMdTpz-6A8S1HlGsZ7edA
-1.4171022,6.376572,1,0.1638473351916226,UCtBne5ZbUqhgqakr_4lsMJQ
7.7039285,3.51514,1,0.10082254576230604,UCtC3NOywYBxszkFduofTfsQ
-3.3312798,1.6474217,1,0.12305326254320414,UCtCt6fJW76W94KFF1QOvgrA
10.432275,2.7409163,1,0.037656013021294954,UCtDT0UdfTANQy73gvTe2XJg
0.5968347,1.2143835,1,0.14708243404027077,UCtDWzTvmd3EV7lDRdJ-WNjw
-3.929607,3.4777756,1,0.15226117931539246,UCtEMxAhuwzzQF_RcA-3eSiQ
3.2071807,4.916109,1,0.08753888082598815,UCtEcFxSN6dyRZsptbUjyo7Q
2.3391361,4.902809,1,0.13913777942898925,UCtFnC_O9GXJr9gbi2FgAd7Q
1.454789,-2.1599681,1,0.1278379172977106,UCtGg-vpr2mSHSB4nN93NRwg
3.0143948,5.790046,1,0.1505268646664597,UCtIEk806i-8fyn3cbXFohIw
-2.1422527,7.892902,1,0.1694361422626569,UCtIJbTDsf1ZRTMa7sIyek_g
16.123611,4.767168,1,0.10577476989813678,UCtJ4STG4jjQLrJky9JhNfUw
1.6424525,4.9645777,1,0.16939664727218678,UCtN3TFRvyK7t_D5PExEBKSg
-0.81600994,1.7198061,1,0.15329838127314582,UCtObCLVvuiQf4wl4YeOGT-Q
18.313889,6.232128,-1,-0.06838681695813642,UCtOcrZJ8rQK00WMxplAdoXw
-2.537618,-0.2890312,1,0.16883430244028147,UCtOg9NycT7FokhHcKDgHW-A
2.0913424,3.5038126,1,0.106855209548252,UCtPR-lQIO-cxmZdd3exO9mQ
-3.0274696,0.47311676,1,0.1502972662068569,UCtPZkkDa6ymGRPS08EROlxg
12.778395,7.8699985,1,0.1229940324097607,UCtQOVyilS5Ey0C8V9hDDFxA
-1.8366154,-0.5207813,1,0.16520514611128778,UCtQS9F0BG2HQnUhE-nERROw
-1.6309062,6.069823,1,0.17347764836616913,UCtTqsrb7-_Nc5-cT-qpG8dg
11.057496,4.875869,-1,-0.017168466013566808,UCtUrkh16OXYe3J1O6lbWl7Q
-3.0231016,2.997235,1,0.15766879877753198,UCtUzPq40JV_73mgZYF1tMcA
13.056938,7.801614,1,0.12451084470288454,UCtVGviM4f-N8DAfZ7zjINKA
-0.15485264,6.6919656,1,0.17348889702863418,UCtWd7InmaM1gBHCtk9ZTrVA
15.512332,8.238927,1,0.09868394790852258,UCtX0ew8Vhvg9Y211IvW4Z1A
-2.5179267,-1.1679617,1,0.14328362155095337,UCtY-zMZ5knL5zl-uHKrTbhg
2.1490402,7.38265,1,0.14935016230702342,UCtYI6njqoKz1T5odI-ZIcXQ
11.276119,3.609167,1,0.05612375953134635,UCtYwiZ4ksdRzBo8jAs2oFTw
0.6395249,-2.41971,1,0.1450856433888757,UCtZa1TJrrfj24mDRUrzRA6Q
11.271893,5.800325,-1,-0.10998261498673889,UCt_CC36lmVA8RkV3xG74WDA
-1.7078056,0.7018464,1,0.1686144423990137,UCt_IqmSacIwu9zTD8Zjz8SQ
-4.251005,2.5073898,1,0.11680320675532807,UCtaMLkady-p2eGO8jZ6Izsg
0.18687361,7.2225246,1,0.1679948244870681,UCtasfal92yyLYV-Zv5ro42Q
15.911611,5.015625,1,0.12135975776817981,UCtbQAoYxNO4lnUY5mWc-FIw
16.017103,3.9479313,1,0.13415331402660896,UCtdeoxrzE8c_wGn3Xmdlr1w
3.4431994,3.097995,1,0.09455737983801432,UCtfWQOhlf4eUNeXP25fR78w
11.428479,1.9319301,1,0.0950568267937778,UCthJU9ITZbTY3PZUem4r0qA
-4.3172793,3.8317528,1,0.14428753147240725,UCth_QqlrDeDr_1o3ujUJkJw
0.64731294,3.9677868,1,0.14522520286038032,UCtjZPCJfyv0oJX40B0DfPkw
-2.5495148,-0.39796513,1,0.16421960589770734,UCtlMRE4IPd92aiW9_h0ut6g
6.004327,7.819857,1,0.15794689025325143,UCtmI2fIHy-d740M8gnkJSmQ
0.6675426,7.873728,1,0.16877126670117754,UCtnjcvGKjNw5fBJl7S-6XqQ
-2.560581,6.0499935,1,0.16827145557778916,UCtnlYTmDUfFCyL0ddk_PiCQ
13.450267,4.914435,-1,-0.01463339777027095,UCtqnsmmFXdxMxJcnGNpWXYA
10.801454,1.571568,1,0.09442137795097427,UCts5p0NV7ksSVNL0PUtX5Gg
16.564552,6.146272,-1,-0.06776685868267995,UCtsP3SHibwpeJu6x_1-DX8A
15.326351,7.0716586,1,0.05242411866129559,UCtsTDXqQ07qxrAHhb2Hp5fw
1.3648648,5.3503566,1,0.15231705477323815,UCttfMrawsqADhybndvS2-xw
1.9278315,5.9229665,1,0.1671485839752147,UCtuGkU-7CbRQjm2Ir8lvSNQ
14.770259,8.03257,1,0.11017039009781998,UCtuNvVuKxChsGryr9LwNWBg
-1.0207376,1.3870792,1,0.14390337451540464,UCtuomBdrOJzV5xS29pejPKQ
-0.20461571,-3.1427312,1,0.15732320600868743,UCtw9QO3w9327bZnZLWNZnAA
-0.2636094,-3.1778083,1,0.15659614398721733,UCtwSr9fLXCCd2dHC9KIam3Q
17.221588,6.436185,1,0.02461897096152843,UCtxliviwU_cJGq75Gkhld8A
10.878687,1.7337801,1,0.09724548206664485,UCty2nCbnDeXy2tln-EXpWiQ
-1.611648,6.291655,1,0.16689771150810118,UCtyNnZhqmJggoFZAA5OSl1g
11.286945,1.8898677,1,0.10607807456858981,UCtywaV3fTGGQX-f932m2UuQ
-4.3422275,3.775714,1,0.14479729705116667,UCtzvQvrNpDPBegh4CTfusWw
13.992523,1.8456333,1,0.1409964805889033,UCu1NzPyodaSoLRB4JxXKLQQ
7.0600047,3.0081663,1,0.07472390618090519,UCu1oTg1OkgGUbRG0S5rqnGQ
5.369892,7.2134666,1,0.15506289845358384,UCu2oQ7UTal3-HWu0bWWB-3w
10.656861,4.0003405,1,0.051990385484847745,UCu2wQb5xZ-w75PFPXT-FO2Q
3.3825526,3.1743817,1,0.15451068346983077,UCu5Bjejci_OGaj5fSNPc8iw
11.264686,3.0252993,1,0.06789443369711412,UCu5GAuT6IAYek2hTeaMko8A
3.1035402,7.843173,1,0.16126365232006468,UCu845l7vWxle4zMBrb8BBcA
-1.8475647,-2.294276,1,0.15432786475510313,UCu9kEzZh6CqJgnb3uv2slmQ
1.5889477,3.144778,1,0.11054416263489569,UCu9lwxp3iYDHbzxrH_dxQKQ
14.32869,2.062194,1,0.12274530027287589,UCuC8hTPaluOci-c-KtoVMSA
1.8573849,7.288904,1,0.17311412975220486,UCuCDDTndtTA5nrF6ASzO8YA
-3.119162,3.020905,1,0.15752279461066515,UCuCoPM8IwlcCR-IWGjBlihg
14.89067,5.0158734,-1,-0.011789141888171928,UCuDZg23emme3-PVUBL2bwPA
7.134179,7.352778,1,0.1492698562339665,UCuGAccKAO0csFFZSAavlXyg
-3.434758,6.0557313,1,0.1710344981982425,UCuHcviwM8H4ceBVojynZSWQ
11.351457,2.3301196,1,0.06581801035977836,UCuIcb1zH740tUX3XII0t3mQ
-1.4995775,1.0090156,1,0.1641640249900191,UCuImGSS0vOnuq0AHYUUCnCA
7.0899343,7.658236,1,0.12807170958030156,UCuJ8BGUhNIAVImhkQGKihug
4.2036657,4.7824636,1,0.15150384601232425,UCuJklxRjT3hKWyviJxqnQuQ
14.827177,2.5177436,1,0.10382897900715143,UCuKNQKkvdbznwuc0ljTc0Yw
-1.3595347,8.18701,1,0.16559837328923027,UCuM4rKEMZkH9bnzHbBtPr3Q
2.1558194,3.8521276,1,0.1602551343532293,UCuM6kpppW-mtPXDufwkUcCg
1.0872419,-0.46341515,1,0.11735324681754916,UCuO4v-AgrtjS9W5sTQX9XwA
8.580605,7.8118773,1,0.14857146586047654,UCuOopMHeNLvcJJcA6Xcx6Tg
-3.7224162,5.593016,1,0.16308635530423604,UCuP7cfsbdHOFnS7frW44Mxg
1.1501776,7.6368275,1,0.1649057992904166,UCuPeEwAkTRPdwfuDmLlsI3g
9.846919,3.623129,1,0.07684895046968254,UCuPhLIuzUqywEO8mflnThRQ
2.4794497,7.1772256,1,0.14512049668434024,UCuQETkt2upgjn7dJhh3kqdQ
15.802812,6.2678957,1,0.10671814137416041,UCuQt7qDBrCE-JaNnhHAIkhQ
2.8602297,4.6790466,1,0.14718751940968278,UCuRn0JsYOXmPPUrKsExUgNA
1.2666236,2.4539523,1,0.09432190026999882,UCuSctxLDMvxKMWaWgt4c8Gw
14.677014,5.488419,-1,-0.20335734942845507,UCuSkDhKSZP5BrmZ1XTCy-qw
15.829057,5.1247096,1,0.12451394146041544,UCuStEhW9cZFvO0HNkl2_lOA
0.9380973,3.3798707,1,0.1447779572801033,UCuTBZ5z09pHgrjZ3pjnKnFg
0.3518274,-3.3288414,1,0.16040024429658672,UCuWc3nJmuPGNN2-roO0GmvA
3.7093778,1.7874211,1,0.12212192540725603,UCuWeHxzmG_KtdsdowssH4Gg
3.1955748,4.966233,1,0.1154194965218791,UCuXlFx7wWe6gDSsaWG5vnKw
-0.86846995,2.3081636,1,0.15225855498981894,UCuY7tGv7Ju1BU-8QVqFo1Xg
0.5552023,4.3535004,1,0.14914301532813745,UCuZ2pUdWeoq-c4c2cDTH4Xw
1.8998109,-3.2797174,1,0.13341559556039728,UCubbEx2_cLEiFGYxCtqa8Pg
-4.354212,3.599198,1,0.1487799067098352,UCudFHoEF0HLhpWZ9lHgBnLA
-0.95343554,6.0457015,1,0.17288305063046522,UCuew9r_wVa0s2zUui0Ux46Q
8.9157,5.0637455,-1,-0.03647622799012773,UCufYjNoxf32o2NFXt_4J_IA
6.0388308,7.090019,1,0.01719699236493183,UCufbybbxUwsJI2Zlfjmv1ew
17.761442,8.720164,1,0.057206238630227946,UCugJeFQNP8Wm8lqnqJJCH8g
3.6915348,3.481299,1,0.15246810860737225,UCujEiTELXl8JqQYuG4kg14A
-0.12518604,0.3897289,1,0.0749728291747555,UCul3KWP7-qOJlYksjCGimgw
-2.777724,7.3722,1,0.1691017827813171,UCumrvhbd16MTb-nbV5vt_Cg
-4.5097303,2.3896077,1,0.1046338085504917,UCun8tgkE8I704Z9j1lIHXJw
-0.15304302,0.75565946,1,0.1488976152651051,UCunKymEvNYuDanvOGaJB-_A
5.394102,7.389958,1,0.1436546270497462,UCunllKCqzQar8fUAB2px_Yw
-0.9252847,-2.7399142,1,0.16006661533381283,UCuoLf-ObavcyjSWDQgb2E1w
10.995334,5.647893,-1,-0.052072726151166315,UCupC0GKAnfAYgwqynEmb5Lw
11.356731,2.1479208,1,0.07307308015629921,UCupGFdgE2xEAJTlmkf-fIAA
0.62247664,-0.6522398,1,0.11924892551072663,UCupl4_0BK-mmGb-wBccTl1A
-0.65325147,4.2036233,1,0.15218907935123227,UCuq26AoshCSGBS9zfT2CTdQ
1.0773447,8.03673,1,0.16319261012830344,UCuq_l0SXPRLVhR5zbrFezMg
-1.9727395,-0.024826586,1,0.15992081606491915,UCuqj2l5FENgEbw_dDr5_jDA
15.610909,8.214979,1,0.06616567003479384,UCusXikZ2Un8GOhOCoEmWg2Q
11.480261,3.8757358,1,0.03638656476259644,UCusgQXwdKkz6IIgRRuc2GEg
11.542818,2.4874103,1,0.059490562093113875,UCuueeFqN5mTyTUxiDws4Jvg
-2.9714277,3.1243591,1,0.15442896973258646,UCuvdnEZBdaogzBUrnL2-hUA
1.1037344,5.2557206,1,0.1017937193742604,UCuw0t9oJwWIGlWGO2FLTA_g
0.15065135,-2.7645404,1,0.15782099159945373,UCuw2ltVq7-mr4VQGkhlkcSQ
18.77468,9.2670965,1,0.03101865740637988,UCuwo7hyKOH6kqc0ChYA0CZQ
13.057387,4.6059637,1,0.05531831393021985,UCux86zxs8AnBqqDH7MUWkoQ
11.262942,2.0983188,1,0.11709373365928855,UCuzvCm2IbyJN_-1Q81JFK0Q
13.219383,5.2830095,-1,-0.15910255753222435,UCv1bgBA2rbrRYuNoeVHXChQ
1.673424,6.400725,1,0.1678497213266455,UCv2w1mgdDPa0h5kn1euC1Og
0.48216152,3.1263902,1,0.1663877219866567,UCv3SeMcqld2wZ9gi78r-ttw
9.195646,7.200895,1,0.1251194727099088,UCv3u3iQ9SqP_0_o6WjTE_qQ
11.184514,8.0349455,1,0.12791941071309276,UCv42kGNb7RkytfSgq0Yz3Ew
1.6519121,6.2426114,1,0.1707837810427919,UCv4CMtMWjVXJWqnYV5vXlcw
3.6262076,7.967957,1,0.16149735355170725,UCv6OAi0THV-RCf_RJdCf8eA
5.870474,7.151749,1,0.1485584870554605,UCv6kbIolFcEXEPYf5sLNm5g
-4.1127496,3.8954992,1,0.15060804909436631,UCv7G1DFos8K93ogCM7-jv4A
-2.1705015,-0.4281368,1,0.16592696400003482,UCv7XXl8sULrykyOgHvMwHfQ
1.4755789,2.6376054,1,0.13180275062379537,UCv89AloCrm5pk21rMGkxRkg
15.073465,5.6677485,-1,-0.12376060462690575,UCvAOzvc0066dojKWd3lcH8Q
3.6096904,4.6491084,1,0.14121520806344667,UCvAVnOZNM7c7i8R52es8TGw
11.085082,5.192035,-1,-0.040844817584501425,UCvBHzja-3o5nfzvHECqqEww
2.9939864,2.6531336,1,0.1325134422744429,UCvB_4UBGEV4MUR6AGTfL1Cw
11.6084,5.827808,-1,-0.1462876818742973,UCvC1IppwEaKf_RYLt9U46lA
-1.3617558,6.4675884,1,0.15748586748522342,UCvCBQMmYcQ3eit4QPWTieUw
-0.25475028,6.7131557,1,0.1714845618131569,UCvCcFRgOdOBDA6IV0u9F1Xw
16.496784,6.092863,1,0.06230470349793893,UCvCcg2HohJd4lofhZlPx4zQ
5.2789116,7.886067,1,0.16163504750849622,UCvDYnGJgiZcIvRRIDIiqOdQ
0.8066755,1.6560191,1,0.027412972904425015,UCvDbkT8b00rkj_nIALVBwsw
11.295828,7.9421325,1,0.027975685306883102,UCvDz6P4FNSZpuC0ywgjsGQQ
-1.4715989,1.4516153,1,0.16126622580429384,UCvEH3GIyS-cv4gs-ZLiJ8vw
-4.099098,2.5106254,1,0.1128807734891713,UCvFSJLnpz3tcdPAxS3z5iVw
17.696821,8.738022,1,0.038907012854217715,UCvFdtH-KTGTyILlevYhvFYg
-2.1715152,1.5129582,1,0.11490219919966377,UCvHcQfVrevr95DQQ9uaPMNg
2.9795177,4.1592464,1,0.1471548335319685,UCvIeVVOYt91VMEK9ofkMpPg
12.465386,7.559656,1,0.09792836808626015,UCvIt400iVwJsI776V26Urww
0.96217054,1.0468748,1,0.14252358380661262,UCvJbG5DUkERB_VA5OmZndzQ
-2.976791,2.4664655,1,0.1252712046298906,UCvJlM6iY14SI3GyRbR1WMRw
14.00354,1.8163767,1,0.1370499343829759,UCvLKHlGfnoEmI8LLYc3zEZw
11.020306,7.973393,1,0.06759543283482455,UCvO73JiNlu0NmbyaQzsHuUg
-1.3386114,1.6480527,1,0.1008343734782533,UCvOLgJosZa045VvVyIO2_gg
1.5132449,5.3817534,1,0.15052687679144994,UCvOaP1a4YQPX5se-bBGSiQQ
-0.04969344,-2.576214,1,0.16338171724421252,UCvOxkNkujEwF5bMExiEfBAQ
-0.1454857,5.350462,1,0.17212944510134887,UCvPnexfkxsEspKROsZ4SsLg
14.651404,2.5386653,1,0.12758309065373202,UCvQG1gpFQidfdnfHLnbvfZg
10.575151,4.921347,-1,-0.06111065073583655,UCvSdknes7CWqms1z9mlFXxg
1.0915933,4.5811844,1,0.16677167512571628,UCvT5SaQ9nfCqAN5QkqwcZoQ
15.4431715,3.3260605,1,0.13478759979307536,UCvTsrQlZALZSL28kk0lHX4Q
0.039883386,4.740188,1,0.16078006796114258,UCvXrBe-9HXoB1SGHaUxbn5A
10.382735,2.5794356,1,0.07859546101876697,UCvZBDRPQBJgYZm2ib0O5HHg
14.796605,8.184692,-1,-0.03413373108770357,UCvZwz1YWYa3GtFk_T78ALgw
2.1597629,7.267815,1,0.1493624640780825,UCvbQI5pcHAEzYm8hxIQ9GtQ
5.9619937,2.8839943,1,0.08538818168028633,UCvc_RLwBg1cpZxBAXQCiaUg
9.226316,8.012736,1,0.1449563148488653,UCvd1s1BIM-uHQ0eODb2mTdQ
1.8924372,2.7398565,1,0.14817414654373168,UCve3oJ1EDu_e15uApvBEHlQ
15.9630375,4.0166583,1,0.11335747431518367,UCvfcOerzve6p1pR5VRuh1sg
3.9798124,7.010359,1,0.15528463244735363,UCvh7Fx-bTbWJj-stquZHK4w
6.6461663,7.5188947,1,0.12126867532104607,UCvi-lNywv_TLhZdNYqvJ6QA
-2.4980323,2.1180255,1,0.16204511998689064,UCviE9tLOQYnTLHu57Wzxdog
-3.6220963,2.9800713,1,0.16089460143165324,UCviJuEJ0YCMzfns7rZi4FFg
12.170325,3.5403068,1,0.033589453041057815,UCvmsnD5JQb5fS0qF8B5nyNw
-1.4021391,-0.74475557,1,0.16171496677622016,UCvnM8N-cYxG5pc9zPaWgHUQ
0.20484354,3.3783305,1,0.16722199452388653,UCvny3UPuQjZifIueChOOFcg
-0.8393519,0.37569693,1,0.15462160498956568,UCvnyrmHHeEqvHJMN0WV3rdQ
-0.48531517,3.0519023,1,0.11939542348597065,UCvsW-AeUsLPpAg1PgNtkF_Q
-2.1985736,6.140799,1,0.1638587095670871,UCvsswm1DY-c9k3v_eIPS3hQ
0.20403744,-0.87631947,1,0.12152516098067084,UCvuw_MHo54xaqkZ7i7GCheg
-1.874012,-2.0032167,1,0.13613202550191156,UCvv2toXBlGXzdbhTMS1W9gg
2.646825,-2.6098664,1,0.07624042519526913,UCvvA-5rTTGRnEMMCJNoh9VQ
3.1816876,1.8893429,1,0.14859238457006446,UCvw5oiSM8eiMx3sSm-fCuvA
-0.7813262,-2.0961425,1,0.16418085584090697,UCvwmrYxlpF3ToVZ4KVByHhg
1.7148813,4.4258432,1,0.1640688028730809,UCvxRWmS3T5dlVGIKEkARUEg
-1.2080468,7.6458297,1,0.1722333309053632,UCvxsLFNQhz_mYMgJdMfnQMg
8.135504,7.350687,1,0.15148615010279792,UCvyvx9FKa1skq-ki04DN1iA
2.6204443,7.9823065,1,0.16536921328793225,UCvzDP-jbRZ0AIit24B1-gjQ
3.1600199,5.43202,1,0.13920351331985464,UCw0aiVa8jmupdggWGoTMZ9w
18.231314,6.295011,-1,-0.05510746642129871,UCw1CsjhWLOpG9QjWuc_e5pA
0.76180315,3.2365508,1,0.15133954340109218,UCw1Mh7VGpASBPWTqpdwUcWg
-2.8807285,-0.7504931,1,0.16761567404448308,UCw1fsbAq8P417QRFkTbZLtg
-1.040676,4.449358,1,0.1592749599571579,UCw1mt9PMKJAzMCAiki_sW6A
7.279535,6.4857216,1,0.05531707923175916,UCw2w0xPGqfgCKtB1ZM9sPiQ
16.204643,4.56308,1,0.11712145908677712,UCw4W-rrf_ROlNHAQ_-Au70Q
-1.7279086,2.495114,1,0.155730191103868,UCw5de7keOLCD-TUhiwNMSsA
-2.143662,6.483046,1,0.17191899126933025,UCw5zGcM3LH4mDyUZdxL-4Bg
15.703694,5.3915668,1,0.08660987592684566,UCw8_VBsxY5Da8opoPvofLvg
-1.6194203,6.1608543,1,0.1675786358684514,UCw9wNv0CEM9Ohkbwq0mpqIg
17.337763,6.4095125,1,0.0007395419815847681,UCwAJwDJ7C2-aX0bpCcxG7_A
3.2275965,3.4371293,1,0.08566499910142356,UCwArk2bil61-c_ZhxeK9yvg
-0.28894016,4.530673,1,0.16225226948215205,UCwBU-lCVV_p81Rlcx4JRkBA
-3.531904,5.261062,1,0.1692548999611253,UCwByvoipmZjgPB-HimwlNmw
-0.32891968,0.6448628,1,0.0913353767864773,UCwC0n9XEqXbtoLiqfB072rA
13.857208,5.097439,1,0.007200905147370984,UCwDFsVenL4otaf46j65UM_g
-2.1185515,3.9893453,1,0.13912279158668728,UCwDyweH08X6j3VjqVhHSmhA
0.78085077,-3.9867368,1,0.14947273520293775,UCwENr2gU3dRpnGWQ31WtFgQ
5.9064837,7.053476,1,0.1346783735270179,UCwEZIq8J0Atls4eDi9v5yUw
0.4453387,-3.2834737,1,0.15931131182737052,UCwEm61nheRTfYODCuhI4maw
2.8140023,7.6080112,1,0.16978557656496096,UCwEoebx9YVz1iwGcCkMFaiw
5.822602,7.0723243,1,0.11535503877290487,UCwG-RtMUooLvNKIs5xRxF7Q
-3.076763,3.3697388,1,0.15024389500164614,UCwGV0V4tUE_4OsrHvm4aP0w
10.574065,5.580327,-1,-0.051252783435042804,UCwGeM7b5rZoryH-Tw5JKzAQ
2.759106,5.826307,1,0.159855929356847,UCwINxOPhFFhkYqntJpZllCw
16.682152,6.230203,1,0.06481864613420502,UCwK-EelLcGG81WiSk52upUg
10.072786,3.1624427,1,0.08819769715931097,UCwL7Vf1NOoJkNCYgI4APWCw
-0.5101851,2.5667708,1,0.11878849739343661,UCwLVjfClE4GbmyoNU6Kxmqg
16.227007,4.644894,1,0.08911484875693337,UCwMFd117WPD_VnDCjV4pPhQ
0.14366454,4.785625,1,0.16172190516996493,UCwNy-SWv8RabzYm5yTnbTiw
5.0741186,3.041356,1,0.13120210307366675,UCwPRzw_OqvxHVhF7kcLdeig
10.145205,7.672338,1,0.016077711511543802,UCwQqksTFqw7_YtgaM5UBYaA
10.601712,8.108332,1,0.13250729106130965,UCwRCqtgdnEktzoD6cZLd2yA
0.5348868,5.80593,1,0.16864302230742184,UCwRFPnu8iCJ_q0kDpEIOCig
-1.5132414,2.434247,1,0.14383673558471033,UCwT8_uSCOTc7tEQGprrHyLw
6.526223,7.7615824,1,0.15405279075018202,UCwU8-JKkah0BwajPj1E5OVw
-1.7871715,2.2340596,1,0.11312105630519409,UCwXd5AjebcnG1gjcwmqkrhg
-1.6363889,3.2717478,1,0.16255758615836124,UCwXhWtJRz_d3IydUhkFXyew
-2.379914,6.7913966,1,0.1703100260370774,UCwYLSfwM96geIXKHGAbseTg
-2.702675,1.8578937,1,0.12148957258223059,UCwYa9bEawSy6NJS-UGGVWvw
-1.769723,4.0030584,1,0.153888568574933,UCwYt9itmJ9Tm4jPwZDk8Bag
6.3914495,4.6095247,1,0.14195399391338465,UCwaU8nkUu8PrO383wJ5P96A
2.2544715,7.4131913,1,0.1713125173368759,UCwayLuKs9LZcL0sIFqydz5g
15.68129,3.968774,-1,-0.010162067074835024,UCwb0iCr2PPMRoWweD5TY56g
-0.5747148,4.2878785,1,0.17243818377617448,UCwe-Sxf0ebGC0UwTUU-MZkw
-3.1716304,6.619335,1,0.17185345130317653,UCwf76iVY2Wx1zTdwDyErMog
1.7942854,2.7723546,1,0.1425965018091469,UCwfLxITnONK2bFkZ2uYm3fA
-0.32888082,-0.2799333,1,0.1270681610158128,UCwfdKWE6sv7CR0zN0EGqpow
10.88267,1.5489367,1,0.06411670729987978,UCwflsjf9WHtCp-K3EahIJJA
11.433617,2.185995,1,0.05236011519814404,UCwgULRKbPFiW_nLz4maC0Mw
0.77151996,5.1371784,1,0.16008286575142383,UCwiKRQcAIS33FNvr5Zzc3pw
-1.0230676,4.635724,1,0.1549879495583691,UCwkDzM6UpYiOghg9r283IWQ
1.1533697,2.9341185,1,0.10713218227510535,UCwn0w3T_PL-1J1nwYI0ju_g
11.632769,3.603449,1,0.06210940534698467,UCwn56BB4cPWKgH_FzK4NFpw
8.286614,6.5083237,1,0.12919990123620317,UCwnz5XO9m52Meg-fOdqRcjg
3.414371,-3.6306446,1,0.10995051340699885,UCwpKvsz71caPbHAwMo-dWOQ
10.456552,3.854887,1,0.047859654271670105,UCwsNrEYUpNKc_sJdVguokUQ
-0.84243333,3.774081,1,0.17122812724033043,UCwtUHgepwhPd6M0QpEs7IdQ
-4.217428,3.1336749,1,0.15641633466276295,UCwtigU3ZDsRplnJBFlkgQQQ
1.4331641,7.564411,1,0.16953083638201988,UCwvQIsGJD1gtQPqW9b1eaJQ
1.0490586,-2.4710553,1,0.14308607236348214,UCww1DQ8UH_dVGdmirVYlwdg
9.243514,7.952051,1,0.14489889102092063,UCww7Qg_OcVgu9V-7YFbiREQ
-1.8408595,6.2360168,1,0.16457480453621331,UCwxHv6Apdat5dR5BVdB8BXA
-0.22488555,0.45066908,1,0.12969202847938627,UCwyQOFpCRB12qo7-pQADNzQ
0.6984099,7.106425,1,0.1734673363104159,UCwzC_XfxNKJ4KvYwTpCfmBA
4.7402067,7.065023,1,0.1573941328492376,UCx-HMIyqBgGgDhoslrR2w4A
-1.5853295,1.7846246,1,0.105322785953399,UCx-leoPVPDvDsicSc87whEg
13.93778,5.2182508,-1,-0.05618166730228191,UCx0uF-Us4LOlUi4xHPEgBQg
0.6992972,5.420535,1,0.16241824465044225,UCx1F73tIa4LqpIZ8QuIruOA
-2.4601235,7.5203466,1,0.16407903079640201,UCx1QpGtVIE20i1GDlSTNX0A
10.682043,3.4848855,1,0.05537061776593505,UCx4J3apzbBWZiCYAmMt277Q
-1.7920806,0.8847287,1,0.17079958218252855,UCx9h9k06Sn_u8R7PbMigwIA
5.9416227,4.1436505,1,0.1138106017535156,UCxBnbpZD8gnbqe0BLFh3t9A
-2.4465134,-1.3256108,1,0.16706254495612033,UCxBr4QBh04Nw1mhe1ZreNaQ
-0.7463789,5.9385505,1,0.17101362704823947,UCxCZ-0NeRGaG0cEdB2h604A
-0.13847461,2.6300309,1,0.15401017106874404,UCxD_3fJ1Um79W6iFcctyl9g
2.4252384,2.7958307,1,0.13705931100313556,UCxEpLcr9jxrtoo1KSunP3mw
1.4915235,-3.9440954,1,0.14973787874738337,UCxGWC4_TeM2o7QgPjhEqsRQ
11.740973,3.608463,1,0.06930711566026976,UCxH1kSpAKBE0XIQY_XE9cUQ
-2.691933,2.5002348,1,0.1102956629498032,UCxHU9_KkRJllIt9QlXc_YoA
-3.91864,1.5596994,1,0.15008770401003224,UCxHdueQ2lCp08kZ1136FiLQ
11.276581,1.6559017,1,0.04867891966187282,UCxItpghuARpCVGkMbIJL7yw
-2.7068462,-1.0894982,1,0.1670434091286659,UCxJcQOJ0HFfbdlohj8IDI3Q
0.4410585,0.5646426,1,0.07026906869216037,UCxKZCh6XF0yxv2tPw348cKw
-0.14392571,5.052933,1,0.1678475448130552,UCxMFnQHv5ZNxyOC5--fPXiA
0.51519364,2.3278089,1,0.16028769159247935,UCxMl7BW3iQZjkb_RN47D4rg
15.107248,5.582474,-1,-0.0791140845072823,UCxPe7JmeEb10keBOYpt9t0Q
7.687929,7.1751175,1,0.10427850200498073,UCxSmfVkmJ55x469SyvTYq1w
-1.7605567,7.611198,1,0.16882233821412496,UCxTPtg4J_oMyTOGdAy8-CZg
5.348353,7.525838,1,0.15696642456813764,UCxVNh6FWkXJeV3sPDVRbGpw
7.574875,6.596733,1,0.09735261553323604,UCxWGNl7ar9SuYfbsh7Tieag
0.6008103,1.3906356,1,0.14328434141006963,UCxWe2kcHeJMQq0NlPe2f7kw
9.46302,7.945296,1,0.11796020252829392,UCxY-6OgplQOC2uEXgqODjZQ
1.0345016,-3.608611,1,0.15820224807417776,UCxZ6za_Q-6hPBzK5pmGQ__Q
19.168941,9.563523,-1,-0.06312485557095482,UCxZyAlH0YwAUBcvtFFOmMbQ
10.820425,2.3235474,1,0.10250511996208317,UCx_hrkHT59HJymoUCjomcdA
14.265762,4.1986246,1,0.03017633952644383,UCxbckLYNUgnfNTZlDBS9-Mg
-2.7595506,1.6547633,1,0.1571950943908738,UCxcIOIDdOfo2-ljOB2HYZNw
8.038804,7.625257,1,0.1282315459659788,UCxccuedyzOB2AYkgNp8ZCZg
7.2802763,4.2553196,1,0.10946173944238036,UCxd3C0YYPbYtR3lI9bLjNxQ
1.0393465,1.5785649,1,0.13803888913517748,UCxdX5hzccz9fAK09wyHzOkA
12.874879,4.4249487,-1,-0.031148996245800697,UCxfDgjdRD5p2gIxFnnWUXDw
8.708405,4.201145,-1,-0.02046980153304978,UCxfUlvIr4_Z6FPcSbRbzgHA
-3.3331757,0.21487056,1,0.1461287798935782,UCxgZLb-KLWNV-NLeabziaeA
-0.09858353,-3.0791092,1,0.16030494735139683,UCxh1GquHVU7JCRit-MSaY5A
-0.9105138,2.0282276,1,0.13863069769638353,UCxh6YHnBlR_-wVKlWxCqWTw
-2.3127775,6.0698686,1,0.17044089330171042,UCxhDkf9Z8qMJKwgWVK7oGew
-3.444462,1.8210511,1,0.12253907835172673,UCxhR4vIbMaAJc58iBicqtGg
-3.2375555,0.12369402,1,0.14974731989186357,UCxhnw1vZr7Nvk4-s2bL_W0A
-0.0009725202,1.4261161,1,0.1409201907878545,UCxiQ5PZLh1WG3sFNKOM09RA
1.7329705,5.6515746,1,0.14351943031194636,UCxiXO-vPZ_9-Ys4n3g1Vy6w
-2.0855463,-2.064384,1,0.1485844487652206,UCxiiJTaF23I6UkPrch33fjA
8.416998,7.978975,1,0.14566433824452996,UCxiuxeSAkQi2HzhNVJWqgQQ
16.857367,6.4142475,1,0.03524589472151235,UCxj874R7MXcAVDmPBIyi11w
1.129278,6.990146,1,0.14042481342774255,UCxjI4tRiaoDHPkI6oopb6OA
-2.5457265,1.523978,1,0.1551487204940763,UCxlJZ0TzEJz-aaf9mlIFTWA
7.728053,7.708921,1,0.1549539638764369,UCxm1uq58gOhHKy_4Onhj9ww
10.117474,3.0794516,1,0.09621461853103563,UCxmqmV27H2mPhBd0EOquaWA
0.8229953,0.9872029,1,0.12291377818835708,UCxqJN-3-4GqnYi8zn1PNkLA
-0.18765089,1.9863484,1,0.1031536923802942,UCxrOOdgG72z1cr2YBwmPtuw
0.35662746,5.6288257,1,0.159441931388431,UCxtRzVIV-vKM_ioCmMp4rhA
14.849065,7.9851923,1,0.09828914944841322,UCxuoqLjhSKnAsR5SaH_kjQg
18.049026,8.859661,1,0.06469962841996829,UCxv6iTNeUhGnr6DvreiLkKQ
-2.719056,2.6169739,1,0.11478690630449351,UCxwZb8v5Y_Y5Nuha0ahxMXQ
-2.524616,-1.0604547,1,0.16717164405014695,UCxxtvFq4smMi-eijLBl1NKw
-1.8616179,-1.205381,1,0.16460980266436787,UCxytAMQsv79hFpadDAL3_-w
4.910926,2.6989238,1,0.12718921525628935,UCy0itkdGFy4T6_7fqx91hhg
0.041512337,4.81986,1,0.156769011818104,UCy1Femtnx6dhHm48VkwE5jQ
11.775888,3.4875739,1,0.029517523262909018,UCy1fu11nh90dQD_s2AIHmvg
4.197334,4.7358494,1,0.15303497584249065,UCy20AjSN4uND2pWD9sRj3wA
1.0731529,3.1444077,1,0.11448922312913867,UCy2IJHBkj92UQn8X8Lw3VWw
2.301111,-3.7296915,1,0.14733464930786172,UCy2WsKh7Hsi4zp0FNRZSN4A
0.25604948,-3.7113264,1,0.15780161647291863,UCy2_ht2OpXolYScleUi-hXw
2.1585517,3.2771156,1,0.15787502972233192,UCy4SLDCaAhuOE1Us3e4Nbgw
-2.607089,0.8731563,1,0.15908863503587162,UCy55EzgAdWWLTyv01QQh8Dg
5.4614143,6.553287,1,0.12170989733545767,UCy58VY5cMB3Gk5eDDyNnBTw
-1.6029146,2.4353685,1,0.14240800329805414,UCy8R7L2_e6Nwr8TgCyyvG_Q
-4.1122932,3.871484,1,0.15231934754159399,UCyBqrGC6mA8f7Lyn_YeWWTQ
3.326677,-3.2453341,1,0.14330727562241358,UCyC82JPaJQcT9UWXtMGVJCA
3.4492106,-3.1655753,1,0.14547421196309096,UCyDZbhS-mnuULBRHSUkeIiQ
-1.1749687,7.970212,1,0.16966156911267471,UCyD_rHWmWGdUvaHXSBJKLfA
9.591474,4.796498,-1,-0.010731109540196626,UCyDfdHsjP0uHqL6_0MmvsSA
-1.7633573,4.0447993,1,0.15154284283814484,UCyIReiFZ0Lswnk6GmioBTOg
7.5738873,3.460356,1,0.11577664270400478,UCyJH71Kt5lqXLKP3N8JPAww
-1.9270995,7.6135974,1,0.17074452625411163,UCyKEa7mUFM3bexIqVZ-hVSg
-1.124106,0.0763959,1,0.16192159799972217,UCyLZcoGJS7DYeVhntOQGjyg
-0.9660336,6.15884,1,0.1722641346309708,UCyN85-EeKDRP-wMVsaALIEg
17.103333,8.674997,1,0.02923994842842953,UCyOscbfRETZZFY8KW81Yp3Q
0.2700929,-2.0747843,1,0.15621535750741877,UCyPWksZVGLMpZOVF8tkKtgw
11.747463,3.5245094,1,0.05376333264658034,UCyPiTgTAAfOLqR8SlIcJDhw
2.2924814,-2.4203153,1,0.08310887590340038,UCyPzsRZpTrCWfL8UWSrkrEg
13.42912,7.7145863,1,0.11951445079883666,UCyQ5j8QEonS3PN-IS_jaouw
1.9045256,-2.3861802,1,0.11442972767535764,UCyQqUXELmRgQq-gAFoUFhSA
9.88808,5.520241,-1,-0.10498654399623852,UCyQwpzdUBWaUjStqO9qrX9Q
11.767966,7.7351995,1,0.1268215181409238,UCySAFRW_AgNdZC-QfcIFRyA
-2.934821,7.313889,1,0.16934073588870246,UCySW6nzt2S9YObwxmjrO8Bg
11.217232,8.018993,1,0.12497150585699252,UCySxd58HzQrp2lI7Hdxbhsw
0.5348731,1.9982367,1,0.14590053917562373,UCyU6IjjMV30cQo6wAChcJ3Q
15.1399355,3.5089474,1,0.11774703788978702,UCyUUi7WXEUVGUVAs1Y5OsVg
14.564594,7.8607173,1,0.09481264514510479,UCyUxlkhR36LV6z92gZ2k63A
10.094601,5.2945037,1,0.05781764013832319,UCyWJzK1vOwM1aamTvKCwnpw
-2.3297768,6.859606,1,0.17013655819922752,UCyX1_7CtaD9Xy8jVcEEDb9w
-2.904538,7.2017193,1,0.17150722084827907,UCyY5I2IJozOprouQx7tFtEw
-3.6335464,6.2021213,1,0.16519477848971792,UCyYkTpKrEvhZO1mQH2LobyQ
-0.92734116,0.43027967,1,0.13472509469231958,UCyZUaJpulr8Q172sDs_e4Eg
-0.23180237,2.7415264,1,0.12633125629077674,UCyap3DSP4ommUuqdykny3SA
-3.9856217,2.3336937,1,0.11925107212327979,UCydTp3Asrsq4Sc6wZKVkBXQ
3.242577,6.715332,1,0.15735357959609142,UCyedzPQKtOp-u8xQGc6zP6g
8.199786,7.5318856,1,0.15102904185510618,UCyg8IjVbMSDOlQkt05Eth1g
3.1594632,7.7222505,1,0.1678796558033756,UCyi4HWpphXKkWnZTFsa7mEg
17.036938,8.614949,-1,-0.032646907839593786,UCyjNvAMA0VMNGEdbYLijiRg
0.34674126,-2.004242,1,0.15179592358352612,UCylEWSg0sCbS_RJkvOPbYcw
-1.9217743,8.041644,1,0.15977370481132902,UCylqw8wnHdEsh7GjvgUiQ1Q
-2.6346953,2.2893567,1,0.1627346519324292,UCym8LNWNco9O0irlAD0FroQ
3.3672369,-3.4852934,1,0.14597850549849478,UCynGzcb3acF49Kpm309U3_g
5.7619596,6.908709,1,0.08440113276133043,UCyoxOd1fNdZ1B2FGZpyjfSA
4.4273477,2.074887,1,0.035134535991690585,UCyrQvJIQ1S8FDC_99XXBlIQ
-0.45086235,3.097471,1,0.11403369134954683,UCyvj6H6ea9-87mH1MqHbrdQ
6.3053813,6.5879827,1,0.14260009595837825,UCywgWR3-dgvf64UcqpX7VrQ
-3.3088894,4.201926,1,0.1584429489648425,UCyxfgZ-8RJVeuMCe6j2pX0A
2.3796976,-4.0705404,1,0.13605754223791122,UCyyo_PN3vqPzm0t8qcqyvhQ
11.199013,5.4692154,-1,-0.04768255896576057,UCyzOCRhSuisP8lsOkepBYvg
3.4933393,2.8383865,1,0.09649377048629693,UCz1QsQvay74_nPrXz9oHtcw
10.125856,8.13166,1,0.11700904575032667,UCz1t-3lcXRLttbVC53OcBew
-3.7019682,2.5571694,1,0.11343068684966745,UCz1wqbZVrukzfEQmg2aOJPw
0.9456645,-0.5791769,1,0.12348021701502898,UCz2O2oQ81NbGahInpXfMIIQ
-2.6467588,1.0249926,1,0.16167117959335336,UCz2POMkqDL2YC10rAYBWp9A
0.32184482,7.1796784,1,0.17071438763900793,UCz2r6dEc4pNpuh56_S3_dGA
16.626505,8.553349,-1,-0.07795216205970512,UCz5Y9KB7mBB0UZC9q_yB15w
-2.1884294,3.0331821,1,0.15625367250623728,UCz7RScuxt7XGAb3DEC4jPzA
-1.884209,7.999385,1,0.1674664084932238,UCz7SWewxlCnq149cIzHyGTA
-0.32055122,-2.9106975,1,0.16515032923507605,UCz7hwWeDlDbicdhZKfyMemQ
-0.60127574,7.156378,1,0.1701403076145147,UCz8fYR-oR9sgAcp7gZTQlbA
10.905305,4.5050483,1,0.0003354378843216099,UCz8qNiSWZqDa6GJMVh51u_Q
11.657864,5.9337997,-1,-0.1478969012733502,UCz9JOOzj82qqyVI16ROMOAw
-4.474643,2.3259025,1,0.11186645804376116,UCz9OmtEcn0HlvuTN5DMFMjQ
2.2121806,-3.5089529,1,0.1497423521864063,UCzAbY7B-GIP1t9Q6jbbOZqQ
10.059706,8.087547,1,0.132409946962321,UCzE9IrS5quydJpMGq4p_CDA
-3.8792913,1.2900195,1,0.1501379346188167,UCzEqxqEIv6d7krLx6tnpGmQ
18.238539,6.294816,1,0.008360960195170575,UCzGi_b9QEH16KN9irjS08QA
10.942536,4.7002816,1,0.011848479393670674,UCzHUJXSl9hSbcFZn8l-76IA
11.953671,1.5725737,1,0.024413093006878717,UCzIdkqzUTwRaDY6UrY0eWuw
-1.9218258,0.042293258,1,0.1576481169572545,UCzIf1o3eihSCpXWcJLsaawA
18.27295,6.2797303,-1,-0.07620586479132163,UCzJBgJaSUbkytISW5MPSRqQ
2.1576047,-4.1844306,1,0.13588349855160553,UCzJ_xq59sskXg7F9SwAgUvw
-3.9379587,1.7976227,1,0.15701821443904546,UCzJczNP4kWGfW9iCeOV5Agg
10.937589,5.210479,1,0.01981819300147092,UCzJgClz4DQOfsh5FD8jV3Gw
-1.6379344,8.173015,1,0.1632058326213267,UCzKsHi8zlEZ4vfPNYbBzcxw
-2.2613783,-0.0051548835,1,0.16549336050885044,UCzLjekZQGmOT7t32oDUvJTQ
6.823173,7.3512588,1,0.10768106564979296,UCzM2P-kp8VnOMgRoA5rcs5A
3.3435464,1.3066943,1,0.12920366898567198,UCzMhMbmX9Y68ioTZzXVOIUg
-0.041391443,3.387776,1,0.14143502643390604,UCzO5g974rha6E0uvpWj3GLQ
15.38437,5.139104,1,0.053563809830059594,UCzSP8iLR2Dv4FgYSRdTjFmA
8.763481,7.4498873,1,0.1331250461012437,UCzSZPh4pUD-7b9RO3pBr7Xw
-1.7890044,0.7972331,1,0.1713850479304258,UCzTg5Idg-Li_34sKe-kS4Nw
-4.4225297,2.4103653,1,0.11244569952068745,UCzUagso-6LPy4BwWySBJ0Nw
-3.1017241,-0.71890986,1,0.1637025315849111,UCzUpjMFkGA7bk5Fsn5cEU-w
-2.1056097,8.056886,1,0.1658516566409412,UCzUvpFvxKW_M6jdL5OS0qUw
1.011061,4.521226,1,0.16527205827303737,UCzV34XvrRX5af8MLttcTdtA
4.07497,1.76869,1,0.10524421903790943,UCzVRCWPGU_X-7_sPOxS8QRg
15.257818,5.407982,1,0.049419367743428755,UCzVc43-TAE7m5zd7YLwHdyg
-3.3144917,3.0149703,1,0.16011605902424775,UCzVucuAJui_GM6MCTbKHA0Q
-3.2626033,0.3269062,1,0.15536037713061307,UCzWQouYjreVJfdnTXzs_bqQ
10.972456,1.56776,1,0.09646592275940064,UCzX1Q9J5snjPxwqv8Lq4ftg
10.87315,1.6439097,1,0.10524233140969941,UCz_YXGYAuhTDQj5M6xFPtcw
-1.9746665,0.22078514,1,0.08423908144645142,UCza9KK8nWbL0yyfAWvml0vA
3.8982913,7.2281938,1,0.16789901541904623,UCzdDDXoO5dfQjKAxf9RHIew
-3.6886864,1.1938553,1,0.15826650831924144,UCzdJlzyRkykOfBaHFXvEfsg
2.3753529,2.752421,1,0.14269635932322566,UCzgbZ-yDu1Gy3tPDpnaMT5Q
0.5931237,0.3816949,1,0.1093059733955159,UCzhRHCsNa7cq0CMR8X6LONw
2.0208728,6.6118913,1,0.14615047858037367,UCzjFEkyALx-hizNVZQmKBcg
1.8951486,5.1539655,1,0.1684065816689439,UCzlxtAdfUIItFJCpWJ7jTUA
-2.620081,2.7848113,1,0.1566699391859253,UCzmgZAZuVbbfpmSFTv5FmOg
-1.076276,8.140161,1,0.15842239164911842,UCzpsGTH8AUFflDKbm07eH7w
0.07943872,2.1356125,1,0.10025861856120294,UCzpsMuwchACUHJKNrMlAd0A
0.37035054,-3.3849616,1,0.15440505212853411,UCzrNl1tgLGuYYtWDSQR9V9g
12.200558,7.9304743,1,0.08767372454810557,UCzrYWiwKpnZVzM7RblOevsA
0.2760533,5.986721,1,0.15792778867912743,UCzs4tHyf_syvqjF2lf7XQbQ
-1.7230823,6.7105656,1,0.16532163609085443,UCzscIrP5knxQGyXTaZttjRg
9.362778,5.235956,1,0.014488234787398357,UCzsiCl8VmXd_yvnNRZtUubA
-3.5581574,5.9223156,1,0.14488745725187568,UCztFtM85bX-HIgxqoclJD3w
7.875006,7.6631575,1,0.05836210365278416,UCztpqU0JhxCcxCXe-BWK74A
14.520184,4.1673393,1,0.002081304792205363,UCzw15U2oFjJoy21T1aVNK5g
-2.2150853,0.58109397,1,0.1717292219921992,UCzwuq8q3KnoIX2gNEnyYlhg
7.3087616,3.91753,1,0.11668530133338123,UCzx2jDCwqLgPEUkCnCVzTBg
13.009559,7.7971306,1,0.12210240896377833,UCzxIy3D-Lc-KpOuMaYajqSg
1.2977331,5.3925185,1,0.14245702640475089,UCzy-CspcnpLpYpeXyBDx5mA
1.558155,7.3388944,1,0.1493428943732925,UCzy7gBvoCvMR3bJNc7d1gsA
-3.377575,4.4100833,1,0.15800366336688026,UCzzdqjrfILcLtElzYZKwp6Q
