userId,latency_variance_score,mean_text_length,std_text_length,unique_comment_ratio,max_duplicate_count,total_duplicates,circular_mean_hour,mean_hour_deviance,std_hour_deviance,commentCount,unique_channel_count,labels,anomaly_score
UC--FsVX4q4Ek_2DD89J5cOg,-0.2999468642517158,0.7697180019197111,0.0398406517704332,0.0,-0.2217127734342647,-0.2478718084569988,-0.3530298217694445,0.9161144703151626,0.358715755687249,-0.5978505922601076,0.0,1,0.09289454243040896
UC-1YF8d0KYSg3ksrpQJi3Kw,0.3551786053276063,-0.3262033546704577,-0.4347085975036988,0.0,-0.2217127734342647,-0.2478718084569988,-1.386547973568165,-0.9623265351910174,-0.8268262106777529,-0.5978505922601076,0.0,1,0.1113285351922288
UC-3Nj6oYW1QqHjBmm3iL-oQ,0.7537231626302091,0.2450657824848198,0.3603922468347774,0.0,-0.2217127734342647,-0.2478718084569988,-0.5420675860273771,0.268849863296108,-0.0733149753543041,2.2864207059202637,0.0,1,0.05171608047324655
UC-3PP_G2wsXPI0In8hr1z4A,0.1364005508346215,-0.3562924561081615,-0.4688496938650701,0.0,-0.2217127734342647,-0.2478718084569988,0.758640094435919,-0.8361438764301069,-0.4285405305712056,-0.165209897533052,0.25,1,0.1020652056696929
UC-3rwZnz8xmpX4wByAA5CQw,0.4575316345706717,-0.4523515592895633,-0.5204764932547425,0.0,0.6913574657089212,0.7154674764909068,-1.248004155392327,-0.4014279336203034,-1.2147790919480494,-0.4536370273510891,0.0,1,0.03612797070065921
UC-4JFXwbKLjHEpRYu22yROQ,1.2597949418378394,-0.4141095423717573,-0.405461705671454,0.0,-0.2217127734342647,-0.2478718084569988,-1.311359208331246,0.0132976634422685,-0.1677199694484861,-0.3094234624420706,0.0,1,0.09542026857728014
UC-7-qCkA4GVQznRkXeop4Lw,4.1167064643681766,-0.2951688751810817,-0.3174563233179843,0.0,-0.2217127734342647,-0.2478718084569988,0.7594985498747588,0.5311309810793887,-0.2147359611420356,2.430634270829282,0.0,1,0.017496915923744638
UC-7CsrBveGCDiDQtCSi75NA,2.4765084541649003,0.5087692102258223,0.7087380993419501,0.0,-0.2217127734342647,-0.2478718084569988,0.7667351824291356,-1.069983080801744,-1.122112174077343,-0.165209897533052,0.0,1,0.05276620889523559
UC-7UGGUfegIlYvAMQEEZoWA,-0.1599832959237827,-0.3389170595032903,-0.4526035034499062,0.0,-0.2217127734342647,-0.2478718084569988,1.3132629076349456,-1.373713034524806,-1.2147790919480497,-0.5978505922601076,0.25,1,0.0705156654141339
UC-8JKGrT19vvhAvsSxAYjSQ,-0.2870048777103385,-0.1035318957411327,0.3517766584792256,0.0,-0.2217127734342647,-0.2478718084569988,0.9195679692815926,0.6774451377246768,-0.6738445080971545,-0.3094234624420706,0.25,1,0.09124961945550158
UC-8SI97g7bH6iCOyRhC6Emg,-0.2170087954895943,0.3034075613288182,0.2739601029868309,0.0,-0.2217127734342647,-0.2478718084569988,-1.2270745198334447,-1.0858124340505328,-1.0915326492433175,-0.4536370273510891,0.25,1,0.07196106871941149
UC-9oSS0x2AoD2EC2WWP6XgA,2.052067149072844,-0.4287605736553072,-0.5200942310154237,0.0,-0.2217127734342647,-0.2478718084569988,-0.2265608984363502,0.010234940758822,-0.2020529563482764,-0.5978505922601076,0.0,1,0.08754604217331452
UC-AAsyvqCmt4FS4x02OFxxQ,-0.2687532004058743,0.2091848821788256,0.3534084181613619,0.0,-0.2217127734342647,-0.2478718084569988,-1.2799633750975563,-0.9119322828103018,-0.5197298311373624,0.8442850568300777,0.5,1,0.021833800712758866
UC-AbeGBC9-f2huFbou2g-zQ,0.8086631835427768,-0.4151992885002858,-0.5203433252633316,0.0,-0.2217127734342647,-0.2478718084569988,1.2382300434644635,-1.0626533451216793,-1.1363133422457763,-0.5978505922601076,0.0,1,0.09584151820984843
UC-B97mdpY4nQf6U5g5sLgAw,0.103527333740076,-0.1388881034667242,-0.276184121964536,0.0,-0.2217127734342647,-0.2478718084569988,0.7498664151791347,-0.0161469695186279,0.648443104617415,-0.5978505922601076,0.0,1,0.12778351346259248
UC-BU1Oft2db2OJGvjJu0cVQ,0.6534901019880447,0.283630687144412,0.143135963734178,0.0,-0.2217127734342647,-0.2478718084569988,0.8165119775195514,-0.5146623221067759,-0.8292022406434463,-0.4536370273510891,0.0,1,0.11429521898750511
UC-E_u0tONL7jX233EX8yy1A,0.3012028953799191,-0.2899995666226773,-0.2804287756645806,0.0,-0.2217127734342647,-0.2478718084569988,-0.2538021768938049,-0.9456915053181918,-0.9157868283278796,2.719061400647319,0.25,1,0.04348700323267607
UC-EzdIsompamqS86hM6BoFw,0.2479492004555296,-0.350783184013934,-0.3087891353857838,0.0,-0.2217127734342647,-0.2478718084569988,1.3351873107266203,1.8899861358408645,0.8450953090747563,-0.5978505922601076,0.25,1,0.06566039991789413
UC-ISj9vvmY4p2GaXHlCJrtw,-0.2095490372455713,-0.1528731787828401,-0.1757409284898274,0.0,-0.2217127734342647,-0.2478718084569988,0.9094092472592256,0.945161982800734,0.6737220048259499,-0.4536370273510891,0.0,1,0.12666904949015279
UC-JVRGWnjzZuEGi88c9eLAA,-0.2675041029490946,-0.0154239032012167,0.0872527725849208,0.0,-0.2217127734342647,-0.2478718084569988,1.044585485230383,0.3612953334278386,0.2971255018274754,0.8442850568300777,0.0,1,0.1111420159091826
UC-LDOX6xdSyeUiFMggIRC0w,4.223133529451784,-0.3249319841871744,-0.0459208912947553,0.0,0.6913574657089212,0.7154674764909068,-1.1855342270258078,-1.3737130345248083,-1.2147790919480497,0.123217232284985,0.0,-1,-0.005344020984597964
UC-NuZui4n3wDtTmgMBKT9Sg,0.6498720447769927,-0.3420125702451973,-0.1737579662032379,0.0,-0.2217127734342647,-0.2478718084569988,-1.4323399541322022,-0.5866922429794369,-0.7319569163307811,1.997993576102226,0.0,1,0.07080857718188494
UC-Nw5S0c6bq3ldlu9CT-GHw,-0.2602347774149386,0.0943377485222379,0.1398937768765012,0.0,-0.2217127734342647,-0.2478718084569988,-1.1031064839156954,1.7937194495556326,2.088386547328521,-0.4536370273510891,0.25,1,0.038632788863234846
UC-OYdlMvgSQIzV9mhqVLnRg,4.309439422964359,0.673517635351278,1.7925455257052727,0.0,-0.2217127734342647,-0.2478718084569988,1.3132629076349456,-1.373713034524806,-1.2147790919480497,-0.4536370273510891,0.0,-1,-0.03376710787821324
UC-PDPi-5c3jTo6E1lizbJFg,-0.0906902983988808,1.0848295305912503,2.4913260188448,0.0,0.6913574657089212,0.7154674764909068,0.3271467187748491,1.3270789124321498,0.6783507539339148,1.2769257515571333,0.0,-1,-0.043895892095770384
UC-PETw1P1_voShih9WRmkMg,0.0804071381958499,-0.2870733964627396,-0.3040321735122425,0.0,-0.2217127734342647,-0.2478718084569988,-1.130241044977343,0.151141482431744,-0.1072925379962525,-0.4536370273510891,0.5,1,0.08379608183751108
UC-RAnK0D2x7DewvatyRqcHQ,0.1736876517622093,-0.0202268583602867,-0.0895103529975872,0.0,-0.2217127734342647,-0.2478718084569988,0.6051640600443565,0.3546834872069649,2.238262828754647,-0.5978505922601076,0.25,1,0.06798141719513268
UC-S7pAVa8NuLbGZRT--xCBg,0.5531802008178607,0.0102860332385113,0.0068470568183821,0.0,-0.2217127734342647,-0.2478718084569988,0.6957503238722199,-0.6033418976700893,-0.4220141637108336,-0.5978505922601076,0.0,1,0.12904501264520063
UC-T9vpeDnjGxmKSzIiM920A,-0.1442971956986365,-0.3626493085245778,-0.4000415279240389,0.0,-0.2217127734342647,-0.2478718084569988,0.956314818865446,0.350965278230299,1.2396706992077342,-0.165209897533052,0.25,1,0.09954957688586985
UC-TdHGwX918DS0qknMVDUUQ,-0.0598706491140461,0.0237060550065013,-0.1135468457194285,0.0,-0.2217127734342647,-0.2478718084569988,1.4022792557881474,0.1387304557710884,0.0058013121960122,-0.4536370273510891,0.5,1,0.0777860616195134
UC-UGpuEQAvfwbzcdAWvBLeA,-0.2271728969684923,0.183333682352066,0.6857524481915727,0.0,-0.2217127734342647,-0.2478718084569988,0.3446983071483784,-0.455929216678116,-0.351186418086577,-0.4536370273510891,0.0,1,0.10806906815079642
UC-W82dsdqQfqgyuHRSalQBw,0.1147117758135055,-0.1604408602309547,-0.0167912665876954,0.0,-0.2217127734342647,-0.2478718084569988,-1.3709456062776348,0.2482432426459472,-0.0560974554335083,-0.3094234624420706,0.5,1,0.07560098216658478
UC-WgwqxLnjpffl0hPn3hS-g,2.1385571750678887,0.3302476048647981,0.2220547830921124,0.0,-0.2217127734342647,-0.2478718084569988,0.5636237672367195,-1.373713034524806,-1.2147790919480497,-0.4536370273510891,0.0,1,0.0687574206112127
UC-XCNEk1uZcaM4h-rNp-3cw,0.2480026372684781,0.0984343867461507,-0.1877736435252501,0.0,-0.2217127734342647,-0.2478718084569988,-1.435413940491883,-1.3737130345248083,-1.2147790919480497,-0.5978505922601076,0.0,1,0.07683189173412291
UC-XFuI62LLtCjTXM2Kd74Xg,-0.0891545395759874,-0.1905905031202434,-0.3798701506890449,0.0,-0.2217127734342647,-0.2478718084569988,0.0638643403045686,-1.373713034524806,-1.2147790919480497,-0.5978505922601076,0.0,1,0.1045526525149913
UC-XRuhdgwtAU3ZPyHp8v3ZA,0.2722936588797387,-0.3490880233695563,-0.4379451229535088,0.0,-0.2217127734342647,-0.2478718084569988,-1.5114878303012025,-0.9623265351910174,-0.8268262106777531,-0.5978505922601076,0.0,1,0.10377370055589191
UC-XwCzDwf3LWXpkMYHQ2RlQ,0.1162074691132946,-0.1100703725123037,-0.2317858713187722,0.0,-0.2217127734342647,-0.2478718084569988,1.3115084904822716,-0.8533405916003495,-0.6210710366474506,-0.5978505922601076,0.0,1,0.11649882641775244
UC-ZDi9r-41GiPdxTe3HwebA,-0.0368969207316069,-0.0720503409169758,-0.2885952643396495,0.0,-0.2217127734342647,-0.2478718084569988,-0.9618486760897016,-0.1505178019531869,1.4076819883245957,-0.3094234624420706,0.25,1,0.09739263152471672
UC-_rI_t4-KRvrbgWFEZa5uA,-0.0750079145319665,-0.3341948262796667,-0.3202482558896827,0.0,-0.2217127734342647,-0.2478718084569988,-0.759794519815413,-0.1150721175324107,1.4452257664502557,-0.3094234624420706,0.0,1,0.10324981858796745
UC-aQ1VwwK6EsHxkO2s4MQ1Q,0.1193457302136534,-0.2944576189666575,-0.3520064307013235,0.0,-0.2217127734342647,-0.2478718084569988,0.7120663061840073,-0.0516607962108262,0.752202383939028,0.2674307971940035,0.0,1,0.12075480246689402
UC-bNysdfGc8M00JORt9wFSw,-0.263827019082669,-0.1346502018557801,-0.1436073487096677,0.0,-0.2217127734342647,-0.2478718084569988,0.5636237672367195,-0.0773328999854668,0.736098409781945,-0.5978505922601076,0.0,1,0.12579014259098686
UC-bPEgY4UCenObQ02iWK0cQ,-0.2468047423470232,0.0246948987157216,0.2829596217489749,0.0,-0.2217127734342647,-0.2478718084569988,0.6706176978954959,1.0707884681497446,0.6792788871676995,-0.5978505922601076,0.25,1,0.10599231465451325
UC-bu3cnBZmFtmOd3JOlhtng,1.3871319554857529,-0.1579586607159731,-0.0253345651720807,0.0,-0.2217127734342647,-0.2478718084569988,1.2626618309252993,-0.9076648272380892,-0.9513610879849552,0.123217232284985,0.0,1,0.0979733444064988
UC-dRtPqdUtIYwsYfxnp_t4g,-0.1123021185327272,0.1467464651109144,0.1715739343805516,0.0,-0.2217127734342647,-0.2478718084569988,-0.3734251582610628,1.5431422681887068,0.8620886049271684,-0.5978505922601076,0.0,1,0.09660564832657498
UC-dXrO29mz1F846RHJAPS-Q,-0.1623913559511071,-0.17971322231882,-0.1130224183455223,0.0,0.6913574657089212,0.7154674764909068,-1.383721964583848,1.1296542892406578,1.2967806856847603,-0.4536370273510891,0.25,1,0.027704742874185506
UC-dtn_v6-lmpa6j7Vwl-BgQ,-0.2990157411628405,-0.3228130333817023,-0.3894937071349229,0.0,-0.2217127734342647,-0.2478718084569988,-0.7604507652009759,-0.6480389359587571,-0.8707034320772674,-0.5978505922601076,0.0,1,0.12492736231387064
UC-edhzZuiP2P19s_tu88CQg,1.5288640333665309,1.0307727411538736,1.7507456059330644,0.0,-0.2217127734342647,-0.2478718084569988,-0.7858641298010067,-1.166720051060533,-1.0229319919979811,-0.5978505922601076,0.25,-1,-0.011959305841786838
UC-gCpMc94-3CWd9MJw107_w,0.2934611568498378,0.242311146437706,0.3217532388242906,0.0,-0.2217127734342647,-0.2478718084569988,1.3218608151457074,-0.7572357621797204,-0.6858386239147122,0.4116443621030221,0.0,1,0.07702838237292448
UC-h6mJDreiBJG8fPtQ3OA-g,0.6883854257167357,-0.2913755087041527,-0.314480264345693,0.0,-0.2217127734342647,-0.2478718084569988,1.0368522134807077,0.5744958755942828,0.800440795401611,0.2674307971940035,0.0,1,0.11426346943063403
UC-jznjjSTKr15h65W95yDoA,1.1195354003300657,0.0388918691123847,0.6093585874359452,0.0,-0.2217127734342647,-0.2478718084569988,0.0296704108178913,0.6075312561124043,1.960372193621725,-0.165209897533052,0.25,1,0.020787953651149216
UC-k-axvrivMCH12r4Lg9tbQ,1.911641760145822,-0.1313097382330358,-0.3109061612214192,0.0,0.6913574657089212,0.7154674764909068,-0.6303271613649857,1.4604554797792224,0.0780574527901459,1.132712186648115,0.0,1,0.010722645395121466
UC-k0fXW2TZgXNyZiAPK_AQQ,2.427400743150491,-0.2729470577595923,-0.4509690685419686,0.0,-0.2217127734342647,-0.2478718084569988,0.8969030446281959,-1.0858124340505324,-1.0915326492433188,-0.4536370273510891,0.0,1,0.10760249268215022
UC-kAVBFQAr54Etg76uska7g,0.0687473879730844,-0.2567017682509729,-0.2901771305318157,0.0,-0.2217127734342647,-0.2478718084569988,1.1035925368569826,-0.8589738634577176,-0.8640352468505301,3.5843427901014304,0.5,1,0.0058815829772349
UC-kEpkvZNXjfm0eeLljdiPw,-0.1571790219677132,-0.5109758649076246,-0.566660996736173,0.0,-0.2217127734342647,-0.2478718084569988,1.0633831941688707,-1.3737130345248083,-1.2147790919480497,-0.4536370273510891,0.25,1,0.05233602081374816
UC-mWbS71hcXLB0jOqv8-Z7Q,-0.2574767188908845,3.4610789180577246,1.4334497439997052,0.0,12.561270574570338,7.9405121136002,-0.4901986229708838,-0.9433783938547226,-0.8408148328670683,2.430634270829282,0.0,-1,-0.22461575587133775
UC-mwgFQEo2PS0IGEHAJpoYg,-0.135876657232895,-0.0483382723795499,0.1252772476033315,0.0,-0.2217127734342647,-0.2478718084569988,0.073109796955174,0.5328298562789452,1.3843486781472218,0.4116443621030221,0.25,1,0.08659476078039224
UC-nf2ZdwpfjBQYW79Gi1AHA,1.0698150625182294,-0.111671357565327,-0.066166093511308,0.0,-0.2217127734342647,-0.2478718084569988,1.0212000209748675,-0.8938815386877909,-0.9544685529227106,-0.0209963326240335,0.0,1,0.10994962694630339
UC-nyyAcb8rt4vTYr2HbMUAg,1.865633587803827,0.1091704041605426,0.1131648423615947,0.0,-0.2217127734342647,-0.2478718084569988,-0.921882010528662,-1.2461181566946546,-1.029676241622431,-0.0209963326240335,0.0,1,0.08718979023355089
UC-p42GezfAlIR-YMhvst8jg,-0.2161338480773341,-0.29599867409791,-0.3533175359367544,0.0,-0.2217127734342647,-0.2478718084569988,-0.636591851873806,1.1243910367149672,1.6881800152980393,0.2674307971940035,0.25,1,0.0830398463307151
UC-pSt_GMFA_b-owUKoE8KOw,-0.2312758731344696,-0.2628659887759826,-0.1100298090318517,0.0,-0.2217127734342647,-0.2478718084569988,1.0446892402444394,-0.0861496768721882,-0.2525863641779892,0.2674307971940035,0.0,1,0.131711631506919
UC-qUUzLEE1BM8VDWZaE1lrQ,-0.2442554946385778,-0.3168799711263805,-0.4197345198662175,0.0,-0.2217127734342647,-0.2478718084569988,-1.4606096033883624,-0.9586558900250388,-0.9063418259714076,-0.5978505922601076,0.25,1,0.09771843841920574
UC-qrLi0LFsZcMa8iFNSto7A,0.4588997699972882,-0.0090872312686621,0.078686214633034,0.0,-0.2217127734342647,-0.2478718084569988,-1.2897928715962577,-0.9726631461578557,-0.6434535368766462,0.7000714919210592,0.25,1,0.0807779101097818
UC-shWlsEYm5Qd3eaCoWusPw,-0.2626074635517294,0.0383621314110166,-0.0979142126371859,0.0,-0.2217127734342647,-0.2478718084569988,1.081251948744284,0.8371042919412478,0.3038202687702651,-0.165209897533052,0.0,1,0.12641488560252545
UC-t2zx9mcjh4CR-V4CcGlPg,4.483594268368191,-0.1851283188216931,-0.2016762753985522,0.0,-0.2217127734342647,-0.2478718084569988,0.438683910503682,-1.3737130345248074,-1.2147790919480497,-0.0209963326240335,0.0,1,0.07211622118870292
UC-tAztCfSbLUftcrb3r4lHw,1.139178446212988,-0.4185896097890412,-0.5335601538578526,0.0,-0.2217127734342647,-0.2478718084569988,-1.5104468046623654,-1.0626533451216789,-1.1363133422457787,-0.5978505922601076,0.0,1,0.07425619061819566
UC-tP9luhDME3Y0yO-WqbbcQ,0.6330319038134401,-0.3418129589374355,-0.3237834522431315,0.0,-0.2217127734342647,-0.2478718084569988,-0.8228718986270195,0.9924718831507432,0.0259976371037809,0.4116443621030221,0.25,1,0.09085666418368299
UC-th9WaXgUbwOoJ1S5mX5uQ,-0.2041262768915289,-0.1575348705548787,-0.2543223204335253,0.0,-0.2217127734342647,-0.2478718084569988,1.1710492953180305,0.4591424604302392,1.4615147449964716,-0.5978505922601076,0.25,1,0.10308239332922381
UC-tukbjmNwzijx2trCa1yHw,3.9340754390896726,-0.3524783446583117,-0.3726126764492941,0.0,-0.2217127734342647,-0.2478718084569988,-1.1855342270258078,-1.3737130345248083,-1.2147790919480497,-0.5978505922601076,0.0,1,0.08187375941035224
UC-uTPn6USADmLGXeBe44aBA,2.8696302905822164,-0.4098716407608131,-0.4382186293779797,0.0,0.6913574657089212,0.7154674764909068,-1.185534227025808,-1.3737130345248076,-1.2147790919480497,-0.3094234624420706,0.0,1,0.016937701053599707
UC-xW1QyTj9XfHwzTWDVarpw,0.2742215338646481,-0.3312888366035907,-0.2689333068778013,0.0,-0.2217127734342647,-0.2478718084569988,1.2378781588933871,-0.3880274727800766,-0.5354352115798987,-0.5978505922601076,0.25,1,0.1171116780072019
UC-xnXR4fv772MVr4WUN5uTw,0.3070035448650628,-0.3202702924151358,-0.3622370925037375,0.0,-0.2217127734342647,-0.2478718084569988,-1.1626614788228706,-0.8335546451334167,-0.6943876375886805,-0.4536370273510891,0.25,1,0.11020357284212307
UC-yPYOzjhFnwzbTJkw4Oo3g,-0.1622550329681734,3.1585171924686803,3.5898964111739167,0.0,0.6913574657089212,1.6788067614388125,0.8583844699050778,-0.1811695860663075,-0.318568355814959,-0.165209897533052,0.5,-1,-0.1370668818107762
UC-z-vIKgXF_ORkE9pZWZ6EQ,0.0299230626668052,-0.3765738423891087,-0.3613328061579102,0.0,-0.2217127734342647,-0.2478718084569988,0.731856345668751,0.8051962389968281,-0.162194389607893,3.728556355010449,0.25,1,0.03797054712911718
UC0-uMmXdJLxnBsZhnQKIb0w,-0.2238295945924749,-0.2887887375909789,-0.2287848079166092,0.0,-0.2217127734342647,-0.2478718084569988,0.823874721064356,0.8409663148953311,2.291191710477039,-0.3094234624420706,0.5,1,0.048373967919163374
UC0-ysskkXPHysgsUGBYhsGA,0.7273367610760342,-0.2479232577711599,-0.2613971555995773,0.0,-0.2217127734342647,-0.2478718084569988,-0.8647393127988072,-0.9507602463526608,-0.9754022023423292,0.7000714919210592,0.0,1,0.10118111248310702
UC007tubOj6VJhslWWKSWnYg,-0.0343770919449584,-0.0079369436885486,0.030032596174463,0.0,-0.2217127734342647,-0.2478718084569988,1.1490502563351082,0.618996014602496,0.3779566167114054,0.123217232284985,0.0,1,0.11886587041363578
UC01O-uumR9ZROb21Hs1Tfwg,-0.2934282233992966,2.227556156084514,5.808093054323661,0.0,-0.2217127734342647,-0.2478718084569988,0.6885636239697576,-1.3737130345248083,-1.2147790919480497,-0.5978505922601076,0.0,-1,-0.06614050192532483
UC025gI1MY50e0WLX9KHNScw,-0.1925154049863358,0.1783894638059644,0.0043826846000457,0.0,-0.2217127734342647,-0.2478718084569988,-0.0036334349997364,-0.0947226026794568,1.4260041425117518,-0.4536370273510891,0.0,1,0.10107237306606909
UC04iSUzuD5h5WR9fe-mINjA,-0.2900021066476582,0.443399577877008,0.5450117393890815,0.0,-0.2217127734342647,-0.2478718084569988,-0.685774800093657,1.996875315277476,2.361238437357569,-0.5978505922601076,0.0,1,0.02269777324943023
UC04kVGgTePaBx-2TS6U6VnQ,0.2222046971051239,-0.1985819747294525,-0.1212479345653359,0.0,-0.2217127734342647,-0.2478718084569988,0.6688635785656118,1.713738835239332,0.5043127546377382,0.7000714919210592,0.0,1,0.08446964834519044
UC04o2mBHApVFKXeWRkkITzQ,0.0533407185843505,-0.0384498352873468,-0.3933430845550459,0.0,-0.2217127734342647,-0.2478718084569988,-1.3883826237222034,-0.1319673943378741,1.0399058802213437,-0.4536370273510891,0.25,1,0.0933979069892763
UC05d3jeIXecQvsHDqfOJ4Vg,-0.1732295890433716,-0.1662932005508301,-0.4317273211234463,0.0,0.6913574657089212,0.7154674764909068,0.33260723772508,-0.1853645778637467,-0.6944010601834055,-0.4536370273510891,0.5,1,0.03435200820882295
UC09xnooOZiUMUa7ntYIXcow,-0.1870618742732927,-0.2761961156613162,-0.2727792147337712,0.0,-0.2217127734342647,-0.2478718084569988,-1.286481376563302,0.1072583870913415,1.1376148930620786,-0.5978505922601076,0.0,1,0.10744409542775707
UC0ALhDTSr9cSr69qFh8lcSQ,1.8696009518415244,-0.274957344421194,-0.2088510360978287,0.0,-0.2217127734342647,-0.2478718084569988,0.5018958939028777,-0.1530124755763975,-0.8497768983241154,0.5558579270120406,0.25,1,0.08125029444517928
UC0B140mvBpAYyQaQzAt_ZUg,0.1282413424734279,-0.3354561065210192,-0.1072894892712838,0.0,-0.2217127734342647,-0.2478718084569988,-1.3765846332324263,-0.8461463806131637,-0.6440481368717614,0.4116443621030221,0.0,1,0.09837413830009101
UC0B4K8eXgbayzhjXCr3Gb6w,0.1945917809347139,-0.1965235653755653,0.0219960050434981,0.0,-0.2217127734342647,-0.2478718084569988,0.2888935267449559,-1.1667200510605311,-1.0229319919979842,-0.5978505922601076,0.25,1,0.10061068616714097
UC0CSjZtlEdmz4reiLuSLY_w,-0.2932880207566451,-0.1600776115214452,-0.2719638875067969,0.0,-0.2217127734342647,-0.2478718084569988,-1.3529861973817712,0.5267464559234556,2.270519093599184,-0.5978505922601076,0.0,1,0.06728773677484956
UC0Emt6egSgzy6-3Lv6-tMWw,-0.2316999093127439,2.180091658041939,2.426499784377574,0.0,-0.2217127734342647,-0.2478718084569988,-1.5367251602044596,0.5953743201292054,-0.0519340117986386,-0.5978505922601076,0.0,1,0.0004385737949715307
UC0EtW3yQzTBYwrRBFh7aEcg,1.2662784772929416,-0.2651775714728613,-0.4447480729512653,0.0,-0.2217127734342647,-0.2478718084569988,-0.1860153731615065,-1.3737130345248074,-1.2147790919480497,-0.5978505922601076,0.0,1,0.1015063413117745
UC0FCSAxhpuGQTQRzsF4KrSQ,3.360333744048805,-0.2261888766521747,-0.2597924330235292,0.0,-0.2217127734342647,-0.2478718084569988,-0.9356545135597326,-1.373713034524808,-1.2147790919480497,-0.5978505922601076,0.0,1,0.08896014505395461
UC0FWQr_e5lJCEGvqYZ8LW8w,2.1904714693527763,-0.398247682056509,-0.4649379722517605,0.0,-0.2217127734342647,-0.2478718084569988,-0.3647363840528615,-0.7632954703965973,-0.6219351802019142,-0.5978505922601076,0.0,1,0.10222267324378254
UC0JK4HrDpgWyWOLeMdCeU9g,-0.2748124540422605,0.2373164766819504,0.6080629840776238,0.0,-0.2217127734342647,-0.2478718084569988,0.1651755600171447,0.8661651624319203,1.1286599666443813,-0.3094234624420706,0.0,1,0.10177810839857987
UC0L1X3iro6II3nJB0ySwmpg,0.8655344415059597,-0.5575927826280108,-0.6003272946293761,0.0,-0.2217127734342647,-0.2478718084569988,1.1883230509019085,-1.3737130345248083,-1.2147790919480497,-0.5978505922601076,0.0,1,0.069004328160371
UC0Lv5YLenCRITzqrIBIPAPQ,-0.2957292495228265,0.1634559057483515,-0.475546420993011,0.0,-0.2217127734342647,-0.2478718084569988,0.4209603882804397,-1.2154359321644714,-1.0219211620241255,-0.3094234624420706,0.0,1,0.09885829430698595
UC0MY8ErvkPIu65fCEGBmmWQ,0.4762568698625987,3.334878298969223,6.169801721652517,0.0,15.300481291999896,8.422181756074153,0.1835469144389276,0.8637129793879491,-0.0911119268489355,6.0359733935547455,0.25,-1,-0.27889299265980927
UC0NgDwAaPqWvrlXwzJq-eow,0.0888696857533672,0.5768934786217502,0.7368375394128592,0.0,0.6913574657089212,1.6788067614388125,1.2424453930725636,-0.2242938801829856,-0.0219876414967962,0.123217232284985,0.25,-1,-0.01021467688159361
UC0P7ZJSN8jgQFvUXVAlTnfw,0.9679073831469832,-0.008360733849643,-0.1562967428388881,0.0,-0.2217127734342647,-0.2478718084569988,0.4792957159487659,0.1787219491767333,2.0824600714580987,-0.5978505922601076,0.25,1,0.05078692971601584
UC0Pah0FnvKA1xJ_Ts-ajulg,0.0812428111701328,0.2151179444341475,-0.0645538811836782,0.0,-0.2217127734342647,-0.2478718084569988,0.9591341964657406,-1.1941183414104872,-1.0202827234216143,-0.4536370273510891,0.0,1,0.10221905930416547
UC0Qpf8nNz09Cu2bJ-vtfkHg,-0.2628166210826932,3.059153535054936,4.874865515508365,0.0,-0.2217127734342647,-0.2478718084569988,0.5636237672367195,1.9598358828620663,0.5507894265023762,-0.3094234624420706,0.0,-1,-0.08698938835137027
UC0R8mCvGGGEEKMgWJmAoxtA,-0.2323225949739619,1.1107278182136875,1.491157333798252,0.0,-0.2217127734342647,-0.2478718084569988,-1.0124952124092623,-0.2350684430122594,0.5739249102815147,-0.4536370273510891,0.0,1,0.05442914119498937
UC0RSVKxl1or-AIBO6lbaEKQ,3.888016047266204,-0.4151992885002858,-0.2831475924569995,0.0,-0.2217127734342647,-0.2478718084569988,0.4885909030662373,-1.0626533451216793,-1.1363133422457763,-0.5978505922601076,0.0,1,0.07786752348508114
UC0STFkkGT2ZDc18gZp1QjTg,2.0698537923123466,-0.406239153665718,-0.4957744187511198,0.0,-0.2217127734342647,-0.2478718084569988,0.8804842078150018,0.5212147197122343,0.7168240666627924,-0.3094234624420706,0.0,1,0.07745361694384467
UC0TrFwDaV06zckO6v5f6mIQ,0.185810637354563,-0.0022103433065804,0.02560068226565,0.0,-0.2217127734342647,-0.2478718084569988,0.3303858020216265,-0.3798013656013851,-0.1548343096719178,4.305410614646523,0.25,1,0.02304229918861722
UC0VRhMJvKrtMCEYdRCQReVw,-0.2610467304156292,0.4229517026042024,1.0054418983038529,0.0,-0.2217127734342647,-0.2478718084569988,0.6019529345090077,0.5395464991620073,0.2539842244994651,-0.165209897533052,0.0,1,0.11252515387788103
UC0WmntVL_fy1qRU_fhyvJnQ,3.931620911509999,-0.0230874419476741,0.6702175275166526,0.0,-0.2217127734342647,-0.2478718084569988,-0.8107146568266947,-1.3737130345248083,-1.2147790919480497,-0.165209897533052,0.0,1,0.04784289313923534
UC0WtOA7yunwSsSiy_OmLq0g,-0.1848842030917951,-0.2461070142236124,-0.2779734495814449,0.0,-0.2217127734342647,-0.2478718084569988,-1.560353797224921,-1.3737130345248083,-1.2147790919480497,-0.165209897533052,0.0,1,0.07410586862078056
UC0XuK0OcU1tj9i_ksTZeayg,3.4379647392677817,0.3103294672933605,0.5536987137790537,0.0,-0.2217127734342647,-0.2478718084569988,0.5636237672367195,-1.373713034524806,-1.2147790919480497,-0.5978505922601076,0.0,1,0.03434811162158008
UC0Ype554r1Bz6DkNMPiBc9A,-0.1724518395995027,-0.3092517482266809,-0.3097764270348036,0.0,-0.2217127734342647,-0.2478718084569988,1.1963504911047609,-0.2319588098936535,0.1004661731077225,-0.5978505922601076,0.0,1,0.1328969479096222
UC0a8VrAO1wApos7B8dNQNMQ,2.265222767338675,0.1798020976762792,0.7128574000700392,0.0,-0.2217127734342647,-0.2478718084569988,-1.210384754051496,-1.166720051060533,-1.0229319919979818,-0.5978505922601076,0.0,1,0.05562811993208805
UC0aA0vamcbHv0tif7rDY4UQ,-0.1671756645835116,-0.4669016881538049,-0.5356552140102063,0.0,-0.2217127734342647,-0.2478718084569988,-1.0115922434943756,2.103617029934564,2.6149960386058693,-0.5978505922601076,0.25,1,0.008814736383990551
UC0bD9jiD7wlQlYgIxzVZzBg,-0.2342943252266358,-0.1525704715249155,-0.1522116893430685,0.0,-0.2217127734342647,-0.2478718084569988,-0.099404683700757,1.8956447819872653,0.8898816933093051,-0.3094234624420706,0.25,1,0.0809628737901944
UC0bN8JagMTQ1ywkfOTYCPAA,0.2071543989414307,-0.3043781613740951,-0.3351966642776018,0.0,-0.2217127734342647,-0.2478718084569988,1.3936787620757265,0.061438675644208,0.4407986278409569,-0.165209897533052,0.25,1,0.1018330890475404
UC0bf0SDC-epak0Q24x985dA,-0.2799603929964568,0.7607206108072451,2.3242110445465225,0.0,-0.2217127734342647,-0.2478718084569988,1.354403760295448,1.037233596517675,1.9164292283902864,0.5558579270120406,0.0,-1,-0.020311060041340978
UC0ceZLTdPJQhwrt5pf7Q3vA,-0.2598895649643805,-0.1669995174859874,-0.3122825506660647,0.0,-0.2217127734342647,-0.2478718084569988,-0.3953495613527378,0.3547938115276449,-0.1742883629315361,-0.4536370273510891,0.0,1,0.12950226906135448
UC0cgJ93XWryCESv7H_XyJPw,-0.150764502781698,-0.32450819402608,-0.3753367284588449,0.0,0.6913574657089212,0.7154674764909068,-0.3109552298945442,-1.3737130345248074,-1.2147790919480497,-0.4536370273510891,0.25,1,0.015488670536322247
UC0cuFt4J3uYqRZcbsxHLZuw,-0.2561372762137811,0.058719194506445,-0.0958750295479472,0.0,-0.2217127734342647,-0.2478718084569988,0.1647488626624922,-0.4086141333470173,0.2717194978840127,-0.3094234624420706,0.0,1,0.12596884136666525
UC0d4HVGkA4MvrWfrefCbR_g,2.852113635995332,-0.1990663063421318,-0.023219196298192,0.0,-0.2217127734342647,-0.2478718084569988,1.16347252387622,-1.1667200510605318,-1.0229319919979831,-0.5978505922601076,0.0,1,0.09247631771475373
UC0hnhAzWDUfUGDiTNDtPaKg,0.0266945326281974,-0.1322134084294871,-0.3486286681956106,0.0,0.6913574657089212,0.7154674764909068,1.034358300964612,0.4145425930761638,1.5788131564448376,-0.165209897533052,0.0,1,0.05272338746352617
UC0jJxJsBKdyLKNMM81Fb1Ng,0.0446643412071239,1.3955501223158953,0.7468174911107284,0.0,-0.2217127734342647,-0.2478718084569988,0.7785126619364114,-0.6542419270572102,-0.700315427834513,-0.165209897533052,0.0,1,0.04873374118077478
UC0jYnPQ3azaq0WyopIn_hYA,-0.242644403159415,-0.1236316576673251,-0.3816423064423713,0.0,-0.2217127734342647,-0.2478718084569988,-0.1454035677164226,0.1787219491767333,2.082460071458098,-0.5978505922601076,0.0,1,0.08975256185265829
UC0jjiAQJwS8oqPWAKYVY2nw,0.1372983765348048,0.1539038100538424,0.2881193323000126,0.0,-0.2217127734342647,-0.2478718084569988,1.40260799981046,0.7354178749117783,0.3582868766343329,-0.0209963326240335,0.0,1,0.088059006540611
UC0k_vomz2tNwySnlk3Zs5Rg,0.4498619291664651,-0.3106643820969956,-0.2747050495090323,0.0,0.6913574657089212,0.7154674764909068,0.3483499916817467,1.6006558407487248,1.0594020278210676,0.8442850568300777,0.25,1,0.02862623107576384
UC0lETRLeo0sWFMUgx_arffA,0.4588539766529009,-0.2147936300983025,-0.4278259925700103,0.0,-0.2217127734342647,-0.2478718084569988,0.8421142816242081,-0.2769036653079681,0.1511333436469425,-0.0209963326240335,0.0,1,0.1272090998926072
UC0lg9ewe4uVGFvEVbfCW7XQ,1.170509393083923,-0.164174249745358,-0.1257181446940055,0.0,-0.2217127734342647,-0.2478718084569988,0.9591341964657406,-1.1941183414104872,-1.0202827234216143,-0.4536370273510891,0.0,1,0.11485333340722492
UC0m-h-L5fnz-01ZDmiUhERg,0.3226642194839609,-0.4020012520547738,-0.3397096481110214,0.0,0.6913574657089212,0.7154674764909068,0.9914488550452488,0.2537766367021923,0.971680184902703,-0.3094234624420706,0.0,1,0.06925258943145274
UC0mwka0AAqmYFilSucI0MtQ,-0.1532478006023594,1.2235367230002496,0.7388689177913342,0.0,-0.2217127734342647,-0.2478718084569988,-0.8107146568266947,-0.262530062062517,1.0271475023861365,-0.3094234624420706,0.0,1,0.06319262965603861
UC0nPIiUXNalTlxDnkt_XowA,-0.2853349370340474,0.0420702953205928,-0.2120274929902647,0.0,-0.2217127734342647,-0.2478718084569988,1.4382027643679838,-1.0496180008899734,-0.8340067926976586,-0.165209897533052,0.25,1,0.08701358680866111
UC0nhSdpIFWWJbwn5w1J1dJg,2.823484621909806,-0.1516018082995568,-0.311851053829791,0.0,-0.2217127734342647,-0.2478718084569988,-1.1855342270258078,-1.3737130345248083,-1.2147790919480497,-0.5978505922601076,0.0,1,0.09311506913405293
UC0o6Pm-SRQSvCjLQwlL9wfg,0.8491714101559693,0.2409489637770454,0.0051615780092611,0.0,-0.2217127734342647,-0.2478718084569988,-1.1855342270258078,-1.18851587244776,-0.8671831293271387,-0.3094234624420706,0.0,1,0.09010956457996044
UC0ps7AWv5TuIsngMzdxMUOA,0.2001855200888139,-0.0048493296577179,-0.03384030888588,0.0,-0.2217127734342647,-0.2478718084569988,0.839328133788334,-0.7224224537828275,-0.2766816825318791,-0.3094234624420706,0.0,1,0.12623396349680394
UC0qMcKM_p4Vp5lDM7sSOlZQ,-0.2870449125000748,0.6425039008348227,0.5700197507344982,0.0,-0.2217127734342647,-0.2478718084569988,-0.0962350945694897,1.9427462606388144,-0.0436417183649337,0.2674307971940035,0.0,1,0.04026281721343655
UC0ss0Q6It-5M5sC8A-byypw,2.142521027848839,0.0552885122499664,-0.1095874124350807,0.0,1.6044277048521072,5.0504942587564825,0.4999056229444619,-0.3714868492419856,-0.4174261731385532,1.7095664462841889,0.25,-1,-0.06589880851839203
UC0viMufzTU9aYptcTaSr_UQ,1.2313187530466316,-0.1648805666805153,0.2425305354979871,0.0,-0.2217127734342647,-0.2478718084569988,1.0129764219059825,-0.6838003967813339,-0.3984784152076515,-0.4536370273510891,0.25,1,0.09820678396104288
UC0yv-OovB0Gm2FDLILaDHAA,-0.2837008589993257,-0.2855194992053934,-0.3754875532012391,0.0,-0.2217127734342647,-0.2478718084569988,0.1665116977278858,0.0754358853534572,-0.5194628538972382,-0.5978505922601076,0.25,1,0.11338237952684949
UC0zy_5p_Cekk9SJlvz0aFmg,0.5437221174219529,-0.271063545932506,-0.1726514893374715,0.0,-0.2217127734342647,-0.2478718084569988,-1.0076290319930257,0.0001671044112337,0.0037059924954348,1.2769257515571333,0.25,1,0.09466519915976046
UC1097hTvhbfwlob-QabxODw,-0.0893516442748873,0.0012048155007738,-0.2670314130459544,0.0,-0.2217127734342647,-0.2478718084569988,-1.2302932929294483,0.4450856172695493,-0.3743496282313087,-0.3094234624420706,0.5,1,0.07674414054931833
UC13bTSnfoE6-yCX_VxpJAKg,-0.1045182856483189,-0.1100703725123037,-0.43042649437945,0.0,-0.2217127734342647,-0.2478718084569988,1.0691610150206086,-0.0833279862365474,-0.6870502641266735,-0.5978505922601076,0.0,1,0.13052951086570286
UC15g0XAgYN2S9VXFYS0mMOA,-0.1459004915764972,-0.1880477621536769,0.0491553080157892,0.0,-0.2217127734342647,-0.2478718084569988,-0.0486966924210277,0.687650871522627,1.9610124993572156,-0.5978505922601076,0.25,1,0.07657518527655355
UC178EW-8X5DhhH7CbE0x30A,-0.3000611737035725,1.7054466776161894,2.249461717270398,0.0,-0.2217127734342647,-0.2478718084569988,-0.9368927673211012,-1.0005655326994731,-0.6568245557029443,-0.3094234624420706,0.0,1,0.01249462670317164
UC178K2GpAD3ixne4n9bc3Sg,-0.1853693143910977,-0.0589330264069104,-0.1516310555391273,0.0,-0.2217127734342647,-0.2478718084569988,-0.6617106238879354,0.1803455720396698,-0.2610092824013772,-0.4536370273510891,0.25,1,0.12005542123442758
UC19_brJuQg39ocRlhv-J1FQ,0.8787802698034776,-0.3072305951506921,-0.3427384412239994,0.0,-0.2217127734342647,-0.2478718084569988,-0.3126168505850272,1.0215934867659109,2.6637782754853534,0.5558579270120406,0.25,1,0.025355934607025787
UC19lAxVK1IKP2q02012gxJQ,-0.041398830780671,-0.1627616158750432,-0.1020408292509665,0.0,-0.2217127734342647,-0.2478718084569988,0.2577562223371046,1.3270789124321505,2.2965365421514496,-0.4536370273510891,0.5,1,0.032758465036821116
UC19vDD0xuulm-XddkcozXbw,0.450060988935289,-0.330158729507339,-0.4420145005898273,0.0,-0.2217127734342647,-0.2478718084569988,0.7820282726855328,1.309212120455843,0.4155150945491511,-0.0209963326240335,0.5,1,0.06742603988125545
UC1BK8uYkW2kZFH2JpjSkvyw,0.3224240361397008,-0.2708281069541202,-0.2187543160709019,0.0,-0.2217127734342647,-0.2478718084569988,-1.2817314025287057,-0.1133434592782277,-0.4713193677702468,1.2769257515571333,0.5,1,0.05180076498094438
UC1DGACDHQr-2psPAk9Nr-Fg,1.5051176540302331,0.1710003020227797,0.0560482854605464,0.0,-0.2217127734342647,-0.2478718084569988,-1.225536054691174,-0.0473743854474034,1.4763723566144282,0.5558579270120406,0.25,1,0.023430106713115684
UC1ESGKRTPh_MTwT08XPVMDQ,0.5996271710044228,-0.0942488731647787,-0.0821079659338358,0.0,-0.2217127734342647,-0.2478718084569988,0.8165119775195514,-0.5146623221067759,-0.8292022406434463,-0.4536370273510891,0.25,1,0.11720004502960385
UC1F5xbRoE-T_YEcy6XFPsMA,3.704602693766049,-0.4092662262449639,-0.3952316219199868,0.0,-0.2217127734342647,-0.2478718084569988,-0.1860153731615065,-1.3737130345248074,-1.2147790919480497,-0.5978505922601076,0.0,1,0.08133794871854516
UC1FVFKyx2KcJIT899O-FsUQ,-0.2049630143479024,-0.374656696422253,-0.4150908257235565,0.0,-0.2217127734342647,-0.2478718084569988,1.272683100186368,-1.017297198742136,-0.822053176912879,-0.4536370273510891,0.5,1,0.060840718072273536
UC1FY06yrvjVD8v1CEEqHmDA,-0.0851847818906233,-0.1175573320249718,-0.424462988336917,0.0,-0.2217127734342647,-0.2478718084569988,0.8135034807027949,-1.373713034524806,-1.2147790919480497,-0.4536370273510891,0.0,1,0.10221742706203168
UC1JbxMi_Zv6VeWSLahrbVxQ,-0.2304606602985486,-0.237631211001724,-0.3591146557644439,0.0,-0.2217127734342647,-0.2478718084569988,0.438683910503682,1.4351105903104284,0.2566648661720042,-0.4536370273510891,0.0,1,0.11700598191773809
UC1K6jBYLly7LD1GvH31uJ9Q,1.0750751465315405,-0.4177420294668523,-0.5601734740163877,0.0,-0.2217127734342647,-0.2478718084569988,-0.0859011732441882,0.5057574637231843,1.0996550134893488,-0.4536370273510891,0.0,1,0.08742545167391913
UC1K6y3vwIyi767YFiV3sPgw,4.87907897082736,-0.3971579359279805,-0.5060795646866226,0.0,0.6913574657089212,1.6788067614388125,0.990195150795667,1.0027567472180434,0.4599568652336314,2.719061400647319,0.0,-1,-0.0743952613433807
UC1Lw2zuslznBBzq3aR4hT4g,-0.1321555184328243,0.480693112053317,1.2933537536400268,0.0,-0.2217127734342647,-0.2478718084569988,0.666639220878082,2.0833006575800983,0.9861613005415136,-0.4536370273510891,0.75,-1,-0.0220399590578928
UC1PZN8T53aaa2T2G6t2qu0A,-0.1777234881029527,-0.0522230155229154,-0.0251526080800108,0.0,-0.2217127734342647,-0.2478718084569988,-1.49702752864689,-0.4569246750080821,0.8354653217000485,0.4116443621030221,0.0,1,0.07719972011867288
UC1Q3T4ZSDZTr7X_Fo6oAkxw,1.4414555866763423,-0.3707013215853718,-0.496845366307417,0.0,-0.2217127734342647,-0.2478718084569988,1.2125879899923062,0.33675852237847,0.1439491507509524,0.123217232284985,0.0,1,0.09427994303393078
UC1SgB6EBoN-7MSL4vlJZCKA,-0.2821042302445244,-0.1922856637646211,-0.2822429424437634,0.0,-0.2217127734342647,-0.2478718084569988,0.6543583783566431,0.8656246715071346,0.498981434759451,-0.5978505922601076,0.0,1,0.1287567920899661
UC1Vubzpcxtyd1h0z5h813nA,-0.1522017994965427,0.1959061237978671,0.1133871491235424,0.0,-0.2217127734342647,-0.2478718084569988,-1.132782665010164,-0.6506201510802624,-0.5999036835762073,-0.5978505922601076,0.25,1,0.10055152444057486
UC1WwkL3Oedh9vKzDrUdAQsg,-0.2702356798934466,-0.3341948262796667,-0.3391997039404936,0.0,-0.2217127734342647,-0.2478718084569988,0.2067026599561093,-1.0561212092214995,-0.899314234252258,-0.3094234624420706,0.0,1,0.12062585118876384
UC1Ybc_HA5Gy-vScsaO3gOTg,-0.2332113237386069,0.0450368264482537,0.0308154162251085,0.0,-0.2217127734342647,-0.2478718084569988,1.1883230509019085,-1.3737130345248083,-1.2147790919480497,-0.5978505922601076,0.0,1,0.08903668833588563
UC1ZhA4pAPE3yV7pwR-6fF3Q,-0.2614052281957189,-0.0117510551383983,0.4049027714691148,0.0,-0.2217127734342647,-0.2478718084569988,1.0950259636114203,1.251879878019104,0.348713283808715,-0.5978505922601076,0.0,1,0.1075411556825655
UC1_yIinfNbWInCUj59ZaGQg,0.4146718857825767,-0.4791916028255432,-0.439053125783985,0.0,-0.2217127734342647,-0.2478718084569988,0.8933001014584376,0.615802752299816,1.0092757908033834,-0.165209897533052,0.25,1,0.09187446299762092
UC1d0iP0k7JQzOlVYzemM8rg,-0.2261667941410125,-0.3321364169257795,-0.4490794192340332,0.0,-0.2217127734342647,-0.2478718084569988,1.115846620967891,-0.3910451541073893,-0.7489552702834513,-0.5978505922601076,0.0,1,0.1278191085606027
UC1fjvIU-p43y8tgyUMH6A4w,-0.1168115676704884,-0.3592589872358224,-0.4336995969774037,0.0,-0.2217127734342647,-0.2478718084569988,0.0095615978032001,0.2552364330343051,1.226407379713795,-0.5978505922601076,0.0,1,0.1158582831820118
UC1gAxNW48V2LUejs6Hh7MUA,0.0884915461721555,0.0877454571274358,0.6857148243339847,0.0,0.6913574657089212,0.7154674764909068,-1.5603537972249208,2.0833006575800983,3.080280021558158,1.2769257515571333,0.0,-1,-0.09712145591502652
UC1gGxPtQgGVe6BeRY6nA9Vw,-0.1580841003842865,-0.4043220076988624,-0.353694818605157,0.0,0.6913574657089212,0.7154674764909068,-1.4665145290453128,-1.130990330806672,-1.0529976671343628,0.4116443621030221,0.25,1,0.010070671299757028
UC1hbivnVC5srFXFHFRddb_g,-0.2346798251411521,-0.0071953109066334,-0.0184388657146267,0.0,-0.2217127734342647,-0.2478718084569988,0.7554700846629626,-0.0020633425628855,-0.4444189358313419,-0.165209897533052,0.0,1,0.1331699191539511
UC1i8xDoIwEynr-AYgZ8wMYQ,2.49341317449096,-0.2846719188832046,-0.3968138875168823,0.0,-0.2217127734342647,-0.2478718084569988,-1.435413940491883,-1.3737130345248083,-1.2147790919480497,-0.5978505922601076,0.0,1,0.08505218893833089
UC1ig_r4dKD--Rn81iwTLkdw,2.170348376827718,-0.1993488331161948,-0.3995884843320864,0.0,-0.2217127734342647,-0.2478718084569988,0.8810444785716888,0.6374300935731209,0.6165001944768694,0.8442850568300777,0.0,1,0.06730797017643908
UC1ipeFUAJEcExghnzuI-R2g,-0.2493833750707068,-0.0474553762106032,0.3030528120436629,0.0,-0.2217127734342647,-0.2478718084569988,0.2671153588033547,1.9482610602322508,0.3150975522802079,-0.165209897533052,0.0,1,0.08930561187964925
UC1jGCBnlGYRQF3-8QrAcFRA,-0.2535527391768725,0.2666790807006352,0.1940626067961266,0.0,-0.2217127734342647,-0.2478718084569988,0.4686812631239916,0.2986377227562569,1.8363866064874927,-0.4536370273510891,0.25,1,0.0693209845454621
UC1mT-pNI5yc2PCORvvC2M1Q,-0.171802381781437,-0.0397212057706301,-0.3154356999354417,0.0,-0.2217127734342647,-0.2478718084569988,-0.6365074798097281,1.0382892847016243,1.541142902012163,-0.5978505922601076,0.0,1,0.10617355770641074
UC1ohzUUnpwG_hH2xCVgId8w,-0.2611386343146806,1.422919903553243,2.6687297108893606,0.0,3.430568183138479,3.123815688860671,0.5927277521623834,0.6932089394606199,1.0172969866472532,1.2769257515571333,0.25,-1,-0.1162220605365033
UC1pAiw_R2lQfCC_fTdxkWPA,0.2140885313720334,-0.3287460956370242,-0.3966962610315124,0.0,-0.2217127734342647,-0.2478718084569988,1.2594817534766285,-0.7632954703965978,-0.6219351802019131,-0.5978505922601076,0.0,1,0.12204275249143842
UC1pcDtNf5SpnasVTawbLeSg,1.8531216970713968,-0.4272773080914767,-0.494092954427397,0.0,-0.2217127734342647,-0.2478718084569988,1.391297300979775,-0.8065467256638471,-0.8585990738100208,-0.165209897533052,0.0,1,0.09164438480671466
UC1q6FvCP8TIaNrS8HncMFGg,0.2197602796294989,0.1918094855739544,0.0094138377519029,0.0,-0.2217127734342647,-0.2478718084569988,-1.3074655869420897,-0.5146623221067759,-0.8292022406434459,-0.4536370273510891,0.0,1,0.11096051211059438
UC1q9Hue0A8JjCrW4LG-v5bA,1.70281128333103,-0.1958576094081312,-0.2568790016489512,0.0,-0.2217127734342647,-0.2478718084569988,1.421001425114611,-1.2046223084587124,-0.8864303640779901,0.7000714919210592,0.0,1,0.07335050710386398
UC1qdCRkGSO0kUnmCi78Wmjg,-0.2762548081574517,-0.3727143248505702,-0.4699847500306875,0.0,-0.2217127734342647,-0.2478718084569988,0.0304429666468729,0.2844382306194291,-0.5186101665434629,-0.165209897533052,0.0,1,0.11758758790786883
UC1qhTWmjLxasqDsx0tiIswg,0.0966754529382137,-0.0328635104365568,-0.1856478317540234,0.0,-0.2217127734342647,-0.2478718084569988,1.2644600204942706,-0.2568782964383617,-0.2559728532779091,0.2674307971940035,0.25,1,0.11682770401068404
UC1sCQrneggy6dr91CTJmbdw,-0.2742057064846453,-0.251051232769714,-0.3462884351146238,0.0,-0.2217127734342647,-0.2478718084569988,-0.3175297706078541,1.1110155566755937,1.2225786411490858,-0.4536370273510891,0.0,1,0.111405512079565
UC1saEQ0b2qE12Pd8C5N08Lg,4.683572131574082,-0.2884860303330543,-0.3812528937859689,0.0,-0.2217127734342647,-0.2478718084569988,-1.1855342270258078,-1.3737130345248083,-1.2147790919480497,-0.165209897533052,0.0,1,0.07216228642098049
UC1uyEUXbFjsCaRWgM4hQK5Q,0.2770477671514224,-0.2157353860118456,-0.2994438226801,0.0,-0.2217127734342647,-0.2478718084569988,-1.4810279457987827,0.67888884516248,1.7299192066827151,0.4116443621030221,0.0,1,0.05789286546423156
UC1v8CKUyRK7I96rGss146Sw,-0.2828183927880535,-0.1771233935565764,-0.0698773122672202,0.0,-0.2217127734342647,-0.2478718084569988,-1.1180364517215025,-0.470550768423491,-0.312590796121236,-0.0209963326240335,0.0,1,0.11648404231286691
UC1wGFcfiIw9h1ufd9p-mx_A,0.0580131173046705,-0.1694009950655225,-0.3034580358573512,0.0,-0.2217127734342647,-0.2478718084569988,0.281813149111471,1.6410928884459115,0.5899464617265093,-0.5978505922601076,0.5,1,0.07418143310519104
UC1xYeInNy3E4eTcZvnt1cZg,-0.2247877920664419,-0.36741694783689,-0.3340446837208992,0.0,-0.2217127734342647,-0.2478718084569988,0.8025364185261958,-0.7255229672551384,-0.2796888071651529,-0.165209897533052,0.0,1,0.12592154808995104
UC1xwbtx-4X5LHS7zXM5VmCg,0.1890961579115513,-0.3660396298133331,-0.5353781126575349,0.0,-0.2217127734342647,-0.2478718084569988,0.3941599082114244,-0.2531691672161766,-0.0895800299689563,-0.5978505922601076,0.0,1,0.1274062424972921
UC2-04aOECX8Sv7TO8fKZynw,1.363078096414721,0.082903050031447,-0.0079373271040111,0.0,1.6044277048521072,2.160476403912765,1.0309477133470026,0.6811903949187506,1.3219657056338716,4.0169834848284856,0.0,-1,-0.08662968468246035
UC24fyZRs2_oDc7SDsftguLQ,3.9995404903000487,-0.2312743585853077,0.1226043482771686,0.0,0.6913574657089212,0.7154674764909068,-1.1855342270258078,-1.3737130345248083,-1.2147790919480497,-0.0209963326240335,0.0,1,0.001170494875817385
UC25D-qOqoscFTegm7tthTGA,-0.2995349078666352,0.9616949448954832,1.1248244052158118,0.0,-0.2217127734342647,-0.2478718084569988,1.0879322154702125,0.2467621336493667,1.014823336219919,-0.4536370273510891,0.0,1,0.0651735191556671
UC25Rc78s5wAfXa6XO21mkLA,1.1189036498039218,-0.4198609802723244,-0.4477265607932421,0.0,-0.2217127734342647,-0.2478718084569988,-0.0937483713149032,0.0306987778928099,1.6150878129771875,-0.4536370273510891,0.0,1,0.0725548291077005
UC25m-hK3Y2apJHXX1U4qh5Q,-0.0101509901694669,0.0036937418437093,-0.3319485857001659,0.0,-0.2217127734342647,-0.2478718084569988,0.5017872007891646,1.9036129602533256,1.8305762998646544,-0.0209963326240335,0.25,1,0.05521221719233993
UC25yTpQxtfwOAKxmaZ0Qd6Q,-0.1996904614288917,-0.1160034347676256,-0.0998896424810877,0.0,-0.2217127734342647,-0.2478718084569988,-1.526148551611807,1.0539177437848737,-0.2207885182561972,-0.5978505922601076,0.25,1,0.09375580791855559
UC26QvVvAcpQHXLdlNRZ20hQ,0.1313271886451847,0.025118688876816,0.0166466597531744,0.0,4.343638422281664,4.087154973808577,1.3235837367568384,-1.2750766671054972,-1.0468863308382257,2.1422071410112444,0.25,-1,-0.1103148376020221
UC26WMjABV42q64Nzn620i0Q,0.8340738951447721,-0.3280397787018669,-0.5015323268165367,0.0,-0.2217127734342647,-0.2478718084569988,0.6470233311621205,-1.0858124340505324,-1.0915326492433188,-0.4536370273510891,0.25,1,0.09445750998609287
UC27bsIR1rlIZwQPphj2uxdA,0.1857049455231142,0.3137197885821157,0.4907935382149808,0.0,-0.2217127734342647,-0.2478718084569988,1.0633831941688705,-0.0773328999854683,-1.214779091948047,0.123217232284985,0.0,1,0.07615415786655494
UC29AQCQZRSBpPKCa_PDV-jQ,-0.2491676407172691,-0.2304267782631189,-0.5271439169621869,0.0,-0.2217127734342647,-0.2478718084569988,0.923093475057468,-0.0932599685571446,-0.3022435025641373,-0.5978505922601076,0.25,1,0.12315825004289566
UC29Q8C0ZR51rpCHgSWtXhew,-0.2706381498340737,0.0500163608411132,-0.1281949555604484,0.0,-0.2217127734342647,-0.2478718084569988,1.1131438290566502,1.7862135434148332,0.7889283076750645,-0.165209897533052,0.0,1,0.09565150729645872
UC2ARbzc3qI6cRSdO1glEWJg,2.072304924061908,-0.037308861776708,-0.1010209981640854,0.0,-0.2217127734342647,-0.2478718084569988,-1.527245751678509,-0.3692648945218037,-0.3270471033615251,0.5558579270120406,0.25,1,0.055615926173509356
UC2AoKEeDzqbSlXcJ9Ev74kQ,0.0919758276677232,2.16495629514571,3.1808288793119157,0.0,-0.2217127734342647,-0.2478718084569988,0.3882107515006386,1.071258014397232,1.2024026241941752,-0.3094234624420706,0.25,-1,-0.03696664148346607
UC2B1Z1N8t3CzrS3MKqB9znw,0.0880107131313778,0.0277673773836561,0.4058125875197744,0.0,-0.2217127734342647,-0.2478718084569988,1.332878797350908,1.5431422681887068,0.6808625970825418,-0.165209897533052,0.25,1,0.0789950147650843
UC2BJ_2PiQeTQwXDiewus6SA,3.795432198706344,-0.3550210856248783,-0.4014856834968217,0.0,-0.2217127734342647,-0.2478718084569988,-1.3353246107845338,-1.166720051060533,-1.0229319919979818,-0.5978505922601076,0.0,1,0.07419233742112197
UC2Bxf7dJ9mnd1QzzBsyonQw,-0.2527762873843082,-0.3948573607677536,-0.5464256667413182,0.0,-0.2217127734342647,-0.2478718084569988,0.6488383603329633,1.437104194972719,0.4184873368008385,-0.5978505922601076,0.0,1,0.10777958511868801
UC2Jz6Fd0n0wLrTnTzE3vjrA,0.0083343908061844,-0.2499211256734622,-0.5034220782813291,0.0,-0.2217127734342647,-0.2478718084569988,-1.1855342270258078,-1.3737130345248083,-1.2147790919480497,-0.5978505922601076,0.0,1,0.09205182207784979
UC2K_o5oJJOjIS8VZpua18KQ,-0.1844320776024535,0.003664311971411,-0.0506510618253973,0.0,-0.2217127734342647,-0.2478718084569988,1.0334318420746964,1.2595591137582265,0.106760142704906,0.9884986217390964,0.25,1,0.09468367037722236
UC2KkMHjVYIa-4qSoqhmN0WQ,1.001561321083992,-0.1607710863305088,-0.1617611165005112,0.0,-0.2217127734342647,-0.2478718084569988,0.3984960472666591,-0.7234589539337521,-0.1878610911047483,0.2674307971940035,0.25,1,0.10676984418155644
UC2LXWAhG9BTaB2bzIlRaGlA,0.2349334150469463,-0.4380839571993845,-0.4436998730937759,0.0,-0.2217127734342647,-0.2478718084569988,1.3087521088892584,0.1866235467961869,0.3332125432592561,-0.5978505922601076,0.0,1,0.1146481195236248
UC2NE3OJ9s2Rnd-LVmibOjmw,0.1350504664514927,0.6938595630838101,1.114576842488827,0.0,-0.2217127734342647,-0.2478718084569988,0.8219820547163716,0.8949522009190368,-0.1420177459937942,0.123217232284985,0.5,1,0.029268404327964126
UC2OLP8gzstoepaNjTMvxckg,-0.1393531614541771,1.3274258539199673,1.7193919102832922,0.0,-0.2217127734342647,-0.2478718084569988,-0.8348554179209255,0.336629674874089,0.9936013620754348,-0.5978505922601076,0.25,1,0.019609012088278865
UC2PaUhvF_PfYfREKaG4YcAQ,4.117706455185375,-0.5660685858498992,-0.6003272946293761,0.0,-0.2217127734342647,-0.2478718084569988,-0.1860153731615065,-1.3737130345248074,-1.2147790919480497,-0.5978505922601076,0.0,1,0.056095594389778625
UC2Pq1gLK9e9lGLMiMTMj54A,0.8001199466446864,0.037343405062232,0.069609369158878,0.0,-0.2217127734342647,-0.2478718084569988,-0.5140695474158739,2.3845080963891947,0.8877567357047897,0.5558579270120406,0.25,1,0.022905073039254986
UC2Qu0bdXN6dr5biJqmDUeVg,-0.1831624367358405,-0.1941112213816432,-0.1734944778348909,0.0,-0.2217127734342647,-0.2478718084569988,-1.1619320101355302,0.1813901025142164,-0.5808288990620288,0.5558579270120406,0.25,1,0.09445133020705909
UC2REi0zKf9eAhByMFHvU8sg,-0.1418881458738539,-0.1319191097065049,-0.2870897927998188,0.0,-0.2217127734342647,-0.2478718084569988,0.6599528230483445,1.7787235928039655,0.4952214576985599,-0.0209963326240335,0.25,1,0.09774071894437802
UC2RvgSK3oIGq5B19k-cWlmA,3.3415269778019936,0.0558434755561614,-0.0518647508972011,0.0,-0.2217127734342647,-0.2478718084569988,0.7434157076996737,-1.009106121685619,-1.0427241961314062,0.9884986217390964,0.25,1,0.04556987024240916
UC2SMfWk1FvG6vVMifl1TcNA,-0.1753850984373332,0.0272376396822881,-0.3484630848902809,0.0,-0.2217127734342647,-0.2478718084569988,0.2313163106605323,0.5267464559234556,2.270519093599184,-0.5978505922601076,0.0,1,0.0751080358171014
UC2WTklSvpH8xuCk2zouisHg,-0.1582214094751838,-0.1482114870108015,-0.0902883197014358,0.0,-0.2217127734342647,-0.2478718084569988,-1.552326357022068,-0.231958809893655,0.100466173107725,-0.5978505922601076,0.0,1,0.1015165075917791
UC2WtNrUJp0UnOOMDJdCG5DQ,-0.1138376556825594,-0.3121204816248585,-0.2978792464172848,0.0,-0.2217127734342647,-0.2478718084569988,0.7695397366845963,1.4508061343050054,0.6341163534768726,0.5558579270120406,0.25,1,0.09541417148505049
UC2ZVho-u6jiyJ1BsGs-6IMw,-0.0949760978583462,-0.1872001818314881,-0.1228203342893829,0.0,-0.2217127734342647,-0.2478718084569988,-0.7790718873841448,-0.044500256520236,0.1312685478684548,-0.5978505922601076,0.5,1,0.09304765706109258
UC2_5i5-K-uNJHFTtV0ieIMw,-0.2830502531688302,-0.2439880634181403,-0.0738778364842291,0.0,-0.2217127734342647,-0.2478718084569988,-1.34791248585706,-0.4793463198901874,-0.2244174227718016,-0.5978505922601076,0.0,1,0.11474564921922703
UC2aox3V4wQa4fOYSg8rkOAQ,0.1205421088400787,-0.3660396298133331,-0.4947686272450989,0.0,-0.2217127734342647,-0.2478718084569988,0.3859323484880381,-0.6506201510802626,-0.5999036835762066,-0.5978505922601076,0.25,1,0.11363012111521897
UC2bp5OW1v4_DufXp7owOZ_g,0.4471428018081894,-0.150754227977368,-0.0640947300658729,0.0,-0.2217127734342647,-0.2478718084569988,1.2941328637047766,1.1092586187000384,-0.0426182439282352,-0.5978505922601076,0.25,1,0.10713567676677554
UC2fAK4L9LsihWAp12hsNL7w,-0.2876847139060748,-0.1832448069946068,-0.486848884333923,0.0,-0.2217127734342647,-0.2478718084569988,-0.1891046158426471,1.219047234553872,0.4740565952876379,-0.4536370273510891,0.0,1,0.10738092148878697
UC2gwwB8nIpnZ0TjOwGIBUDw,4.376107690544924,-0.3930209367363445,-0.5261777877472448,0.0,-0.2217127734342647,-0.2478718084569988,0.6206569200255884,0.0401008054484555,-0.5110721591053476,-0.4536370273510891,0.0,1,0.06618420211507342
UC2hZe__NLW92DEsiP_E8CcQ,4.179062293396757,-0.3513482375620599,-0.4814219605636579,0.0,0.6913574657089212,0.7154674764909068,-0.0610755164284685,-1.3737130345248083,-1.2147790919480497,-0.4536370273510891,0.0,-1,-0.0009717527129373682
UC2hynKRJ4KGgxCQomOheztg,-0.0530543814143317,-0.0532824909256515,-0.0171756905918844,0.0,0.6913574657089212,0.7154674764909068,-0.941059966715878,-0.5443320310952429,0.0066352797786305,-0.3094234624420706,0.25,1,0.05329527107227666
UC2ib0Bwvza2oi9W10sSWJ-g,-0.091153580291562,-0.3838388165792987,-0.6003272946293761,0.0,-0.2217127734342647,-0.2478718084569988,1.1883230509019085,-1.3737130345248083,-1.2147790919480497,-0.165209897533052,0.0,1,0.08038985123980641
UC2jDkoeUUF1KSgUWi2oRPiw,-0.2530330892849273,-0.2202558143968528,-0.1288975265295668,0.0,-0.2217127734342647,-0.2478718084569988,1.3052354674320927,-0.2319588098936563,0.1004661731077271,-0.5978505922601076,0.25,1,0.11823099671596726
UC2jkAGVjHa-iOBeANBlJjxA,4.082126034121098,-0.2026685227114344,-0.309792125380434,0.0,-0.2217127734342647,-0.2478718084569988,-1.0134216402225196,-0.9685942424812648,-0.9815964593910976,-0.165209897533052,0.25,1,0.05891893873310605
UC2jwtnKMUzXoNP-s7pK3XHQ,-0.2078188860080133,1.6595360768309606,2.757063394378464,0.0,-0.2217127734342647,-0.2478718084569988,0.4179930514737739,-1.194118341410485,-1.0202827234216176,-0.4536370273510891,0.0,-1,-0.0146900583620172
UC2lXZ5Vpmj86A21klDNYZzA,1.3814111491039474,-0.2575493485731617,-0.304677161286367,0.0,-0.2217127734342647,-0.2478718084569988,-1.560353797224921,-1.3737130345248083,-1.2147790919480497,-0.5978505922601076,0.0,1,0.07510636682513366
UC2n5Zo0oD2ehypn_NIRxN4w,-0.0467328543387585,0.5795774829753482,0.3392220429447043,0.0,-0.2217127734342647,-0.2478718084569988,0.1802721032454027,1.3270789124321505,0.5744839674144984,-0.4536370273510891,0.0,1,0.09482201492194742
UC2oXCtQWFOi6dt1pPlJSPXA,0.0222696586565126,1.2892847394214697,0.8970582287352944,0.0,-0.2217127734342647,-0.2478718084569988,-1.1741116267461462,0.9716233359215932,-0.193830442348951,-0.5978505922601076,0.25,1,0.037250447439440504
UC2ouDDp9vM9axTeAZbLFfgQ,-0.1510872622034273,-0.1903079763461805,-0.183285284844226,0.0,-0.2217127734342647,-0.2478718084569988,1.2850962063675428,-0.3491807834974688,-0.3767775247090703,-0.0209963326240335,0.25,1,0.11357051569934923
UC2ppVpKjU_uY2oAMWh4GRbQ,-0.1360403776068425,-0.0320929828709305,-0.0088684386239753,0.0,-0.2217127734342647,-0.2478718084569988,0.18579570022085,0.6973735543732186,1.9195730884001732,-0.5978505922601076,0.25,1,0.07549415422876926
UC2rqJDlMDh_7fZsnhKgb_qA,-0.1391933082526641,-0.2974327115117143,-0.2657197234018887,0.0,-0.2217127734342647,-0.2478718084569988,1.3339537666648538,-1.1941183414104872,-1.0320815661993954,1.2769257515571333,0.25,1,0.061570066291193715
UC2sECp-IRVOirad8PXk1iNg,2.2708574402738413,-0.4707157996036548,-0.4430387803894038,0.0,0.6913574657089212,0.7154674764909068,0.4961259919324141,-0.0947226026794575,1.4260041425117524,-0.4536370273510891,0.0,1,0.008991256438922512
UC2sbWjxcqkU1IV5PIGtLgOg,0.5282049530163913,-0.2524638666400287,-0.259189410300129,0.0,-0.2217127734342647,-0.2478718084569988,0.7197303214079596,-0.2799808382611456,-0.2356857353876419,-0.165209897533052,0.25,1,0.1235581412130532
UC2tFnaBeXc4md7cPpU26qVA,0.4177865223707031,-0.4609686258984831,-0.508736347980572,0.0,-0.2217127734342647,-0.2478718084569988,1.2225282965150222,-0.5727213722924621,-0.4031891870542653,-0.5978505922601076,0.25,1,0.09859011102058057
UC2udVDs5xe-u011Tka-NNgw,1.4100914902083392,-0.2897574008163376,-0.4046723729794815,0.0,-0.2217127734342647,-0.2478718084569988,1.0633831941688707,-1.3737130345248083,-1.2147790919480497,-0.5978505922601076,0.0,1,0.09839906900802142
UC2vMm3YS6hg1v1YLZ9ngj3Q,-0.2851679540941029,0.896855050248037,0.6738515804866659,0.0,-0.2217127734342647,-0.2478718084569988,1.3374036687291768,0.7255437152358908,-0.2744559256195796,-0.5978505922601076,0.5,1,0.017692149802077173
UC2vNeM12dENw_Tl9O5aanBg,0.2144665354136321,-0.4386055450899622,-0.4189762472332711,0.0,-0.2217127734342647,-0.2478718084569988,0.7215746912385934,-1.0293559628432467,-0.5288906999543729,0.5558579270120406,0.5,1,0.056825680868711925
UC2vTkBYAbh2xLT6phBwNUUg,1.9738060507460529,-0.1210889167007586,0.0901068756889347,0.0,-0.2217127734342647,-0.2478718084569988,0.761071791167141,-0.9404793013424452,-0.8627029763050378,0.7000714919210592,0.0,1,0.09072500396645305
UC2vfpW_j4TTYO6lpzzDoR8Q,0.1840856668098367,-0.2446661276758913,-0.3963480276515636,0.0,-0.2217127734342647,-0.2478718084569988,0.3890847660929624,1.5923265198694292,0.665323281593565,2.2864207059202637,0.0,1,0.049637146628931594
UC2wjIMtYLzpQotTEZYETc2A,-0.2544518646915252,-0.1838098605427327,-0.1657722531887403,0.0,-0.2217127734342647,-0.2478718084569988,-1.3845561735661631,-0.3079363728786081,0.0122899181930147,-0.5978505922601076,0.0,1,0.11550481669848017
UC32h7-CSTjtSbYts--EhpOQ,-0.1638905256896108,-0.1405832641111019,-0.0746820167231851,0.0,-0.2217127734342647,-0.2478718084569988,-1.0491717700131082,-0.3247567986177469,0.0668529690906315,-0.5978505922601076,0.0,1,0.1194884056424187
UC33cr7U_NQcUUm-eAb9T9gw,-0.0015321465949626,-0.0691746219666922,0.2144824192382479,0.0,-0.2217127734342647,-0.2478718084569988,-0.6014289678952889,-0.0989787644564188,1.099608596062957,0.4116443621030221,0.0,1,0.0999943876404481
UC343wQEBzmnnz5NsIE9jCnA,-0.1198589622164713,-0.0982042480016599,-0.4468399461983557,0.0,-0.2217127734342647,-0.2478718084569988,0.821670666567945,1.357159547392744,0.2045518054331038,-0.5978505922601076,0.25,1,0.11910221405970606
UC34WFQ-cgdb4z_3_Qm2agWg,-0.2686852962242768,3.1860635529398174,5.790740781484598,0.0,-0.2217127734342647,-0.2478718084569988,1.42375061460138,1.219047234553872,1.152921931045064,-0.165209897533052,0.0,-1,-0.09818952528289038
UC35jhAAwv4jDLm9PHkV9dYg,0.9627589761247628,-0.3440025414364233,-0.2090939502537885,0.0,-0.2217127734342647,-0.2478718084569988,0.2818131491114712,-0.2401025269696394,-0.5462958216423776,-0.5978505922601076,0.0,1,0.11973894302217619
UC35v6Ll1NeccUd3dW7GWzkw,0.2651138485742985,-0.3650709665879744,-0.4536564288651671,0.0,-0.2217127734342647,-0.2478718084569988,0.4361182764867637,-0.5441288200949141,-0.8683900336998991,0.7000714919210592,0.0,1,0.10984136074595813
UC36IlB3MDFL8s1qFLNlzlPA,4.015976314443894,-0.0760612120844765,-0.2838469169300269,0.0,-0.2217127734342647,-0.2478718084569988,-1.0605943702927705,-1.3737130345248083,-1.2147790919480497,-0.165209897533052,0.0,1,0.07917715915034801
UC36QqtZHuMit7OQgv6WCdHA,0.1335807841688312,-0.1931332440868099,-0.0435560172652304,0.0,-0.2217127734342647,-0.2478718084569988,-1.0605943702927705,-0.8551609807090724,-0.8962021299537767,-0.5978505922601076,0.0,1,0.11977557806955302
UC36ZJH-VhJCs-QWMIgbjanw,-0.0746363635063946,-0.2397501618071961,-0.370154782981117,0.0,-0.2217127734342647,-0.2478718084569988,-0.957393107122324,-0.2689408146089162,0.0660120941573638,-0.5978505922601076,0.25,1,0.11837496222193067
UC373Id-2O4B_TqDmzG1xxyw,-0.2337977665763159,-0.298233204038226,-0.1931289283595625,0.0,-0.2217127734342647,-0.2478718084569988,-1.1855342270258078,-1.1144370076169403,-0.8246035916020505,-0.5978505922601076,0.5,1,0.0668333108485803
UC38AKgSLz6b7OymnCO3ksvg,0.5101241689951025,-0.3580261431308205,-0.2908090706787974,0.0,-0.2217127734342647,-0.2478718084569988,-0.0451434567552273,-0.95252734969666,-0.4018040690748813,0.2674307971940035,0.0,1,0.10818336403625495
UC38OeYuWYNN8lZQeSlbmSGg,-0.2015671971858727,0.7748034838528441,0.5299750565440291,0.0,-0.2217127734342647,-0.2478718084569988,0.9135928104101446,-1.1667200510605318,-1.0229319919979831,-0.5978505922601076,0.0,1,0.06255251121802702
UC3C2O78cOsT4kvR_d_ZEImw,-0.3000243129566388,0.3747455717797122,0.0974917277285593,0.0,-0.2217127734342647,-0.2478718084569988,-0.1680694470872449,1.2376679875040648,0.0087828398684801,-0.5978505922601076,0.0,1,0.10265267809469131
UC3CXT6XKj30C_PUPCy3O0Ug,-0.2199262776512165,-0.136829694112837,-0.4078905978024473,0.0,-0.2217127734342647,-0.2478718084569988,-0.3978257568401935,0.1925089706315961,-0.0036721280381119,-0.3094234624420706,0.0,1,0.12465231989430353
UC3EHztyZ4tEQqy8PuawZXtg,0.7293321684376542,-0.4067234852783974,-0.5317612910348051,0.0,-0.2217127734342647,-0.2478718084569988,0.737429590893476,-0.9623265351910174,-0.8268262106777529,-0.5978505922601076,0.0,1,0.11232515763532691
UC3FShP-VH_s0BvVD1m1vLbA,0.1056483561916524,-0.1818321731242921,-0.1506182293481575,0.0,-0.2217127734342647,-0.2478718084569988,0.908892827095908,1.7081027765808268,1.6209375471758745,-0.4536370273510891,0.0,1,0.09175762439252838
UC3H2ijtlL7-OGurllsKNrwQ,-0.2317778259454399,0.0437654559649705,0.2105544884358099,0.0,-0.2217127734342647,-0.2478718084569988,-1.4099995935946352,1.310236252669824,0.4556192049347338,0.123217232284985,0.0,1,0.08691224983305457
UC3IOkYdbtpq8oRBzQKGEInQ,-0.2818025006933815,-0.171943736032089,-0.123230042920582,0.0,-0.2217127734342647,-0.2478718084569988,0.7243755343285643,0.1180868124200585,0.1330967143121814,-0.0209963326240335,0.0,1,0.1330251610885505
UC3Jgo_95HK0jQT3mmeHa3Xw,-0.1165159847852489,-0.155839709910501,-0.1266847445386499,0.0,-0.2217127734342647,-0.2478718084569988,-0.1261115488767199,1.4055164601869696,2.145076993686728,-0.5978505922601076,0.0,1,0.07253769128058396
UC3KRoaMtuAEWasHUQMtFh8Q,0.5578702634483536,-0.1914380834424322,-0.3611583746765265,0.0,-0.2217127734342647,-0.2478718084569988,-1.5330136614531855,-0.1218662643301463,0.3490472365332622,-0.5978505922601076,0.25,1,0.09533432918842011
UC3KZgktE6pCCjIaxKyGs0Iw,4.793985677962496,0.0272376396822881,-0.0436925009205698,0.0,0.6913574657089212,0.7154674764909068,-1.5513346028563673,-0.9436503537667448,-0.8862099761838794,0.7000714919210592,1.0,-1,-0.0981177178163728
UC3L03q1hl5K2gkLso2IFz6Q,-0.0980483838872847,0.5536791953529115,1.941567254873674,0.0,0.6913574657089212,0.7154674764909068,-1.1562331570422253,-0.3529860254959069,-0.1530945838701005,-0.0209963326240335,0.5,-1,-0.03560313131431625
UC3Lw6okOlAEnfaaaQ3mhg3Q,3.975717665480153,-0.3829912362571099,-0.4352637590211782,0.0,-0.2217127734342647,-0.2478718084569988,0.1888041970376066,-1.3737130345248074,-1.2147790919480497,-0.5978505922601076,0.0,1,0.07945177194323416
UC3Moaf59U9kRkW5KTjOPz9g,0.8100336924536468,-0.3815952216087989,-0.3688244327343501,0.0,0.6913574657089212,0.7154674764909068,-1.245501015855154,-0.8948109856849421,-0.8182734862586852,1.132712186648115,0.5,-1,-0.0037151270037611983
UC3Nx4RQajSzJ6MGBK4X4BMA,1.3336638119466788,-0.2355122601962519,-0.3062811167998277,0.0,-0.2217127734342647,-0.2478718084569988,-1.4098634291730423,-0.7520342633036389,-1.0551953722511995,-0.5978505922601076,0.0,1,0.1001830043378335
UC3OI-scmfgqginG2fVmdqoA,-0.1277842620047079,0.0508488058004058,0.1300039818946911,0.0,0.6913574657089212,0.7154674764909068,-1.3265970439453325,1.6939895950640174,0.2100359949102822,-0.3094234624420706,0.25,1,0.019613053645152256
UC3PIn-e4HzfOQmvXgls6oow,1.7208052132546705,0.1001295473905282,0.52749014618133,0.0,-0.2217127734342647,-0.2478718084569988,0.7204945286289305,0.8632648077223063,-0.0748800260369143,-0.5978505922601076,0.25,1,0.049758161933112666
UC3RkKV3O97deF-cA5PKVD-A,0.0976364004629288,-0.2064523634354917,-0.4077968020927693,0.0,-0.2217127734342647,-0.2478718084569988,-1.3001028433972843,0.8409663148953308,1.8166586010413643,-0.3094234624420706,0.25,1,0.07600409955999632
UC3S9S2IkjfgAyEjBu2JrvNg,1.3359646215805854,-0.4279129933331184,-0.5051884841778139,0.0,-0.2217127734342647,-0.2478718084569988,0.1306610633522851,0.5105276571979424,0.9988137776721048,-0.5978505922601076,0.0,1,0.0857961106747005
UC3TtOthQfVHS6vCCsoDLK2g,-0.2501212639729013,-0.198218726019943,-0.4269503490702925,0.0,-0.2217127734342647,-0.2478718084569988,-1.4606096033883624,-0.9586558900250388,-0.9063418259714076,-0.5978505922601076,0.0,1,0.10690977211521652
UC3XEpDanrCsH_k3yxkq_hZg,0.0613826186305188,-0.2767655836902868,-0.4042892638580395,0.0,2.517497943995293,3.605485331334624,1.3175846913525868,1.6398993679586953,1.0027967339181358,7.910749737371987,0.25,-1,-0.12345003038475544
UC3YZrdCPwT4fDQFGZFpS6vw,2.840442492867823,-0.4075710656005862,-0.555970551425254,0.0,-0.2217127734342647,-0.2478718084569988,0.6885636239697576,-1.3737130345248083,-1.2147790919480497,-0.5978505922601076,0.0,1,0.08036621831030882
UC3YfJCacGDPSZCCmPD1rTEQ,-0.1416512684761089,-0.1436910586257943,-0.2902992195430033,0.0,-0.2217127734342647,-0.2478718084569988,-1.2177200406573698,0.1125447067761437,0.1154250078569446,2.1422071410112444,0.5,1,0.03551824807317949
UC3Z1G2iWoVkkInN_hXljfIg,-0.2185529798059164,-0.1592300311992564,-0.0963348526898066,0.0,-0.2217127734342647,-0.2478718084569988,0.7968860980210367,-0.1142805825858944,-0.3091608588994007,-0.3094234624420706,0.25,1,0.12781606357559094
UC3ZRMUyFm1AXAGiN8JUGDLA,0.6428759337456906,0.4981053599765442,0.0042055343895352,0.0,1.6044277048521072,8.422181756074153,1.3136365994440218,-1.0345996988649575,-0.7979161913642343,5.314905569009652,0.0,-1,-0.13422571969441777
UC3bDPYPCUw1kwDaNyyc0zfA,0.2777124375395716,-0.3968785138437424,-0.3906379037797209,0.0,0.6913574657089212,0.7154674764909068,1.2541300780591331,-0.1009315237755539,0.4698236188917675,0.5558579270120406,0.0,1,0.05723705589897915
UC3egsNvp3cMIh3Evby0fzhg,0.6005245406651061,-0.4007904230230755,-0.5106518131506903,0.0,-0.2217127734342647,-0.2478718084569988,-1.1855342270258078,-1.3737130345248083,-1.2147790919480497,-0.5978505922601076,0.0,1,0.08247686099826435
UC3f2saeTnp73YrQLqH5Pqcg,-0.2384862523980687,0.67563658615675,0.3716171386727037,0.0,-0.2217127734342647,-0.2478718084569988,0.8662550427184387,1.1655452230003889,0.0289349448446966,-0.3094234624420706,0.25,1,0.08411426503778108
UC3fm3y03XaYZwCoeurb3pyw,-0.0007457614439901,0.1032705803492281,-0.2352124401912681,0.0,-0.2217127734342647,-0.2478718084569988,0.1808171253742357,0.716060054624337,0.9866049673150452,1.132712186648115,0.0,1,0.0818785892145254
UC3gRVNPrfYCPID5v_xiIDGg,-0.2737772413397352,-0.2235048722985767,-0.2820568872324169,0.0,-0.2217127734342647,-0.2478718084569988,-0.7082136160782686,0.4628254894059235,-0.9544664626443968,-0.4536370273510891,0.25,1,0.09860258062078331
UC3jTZ0S5n6rOFPwvcadjPOQ,-0.2846805377618693,-0.3234487186233439,-0.595860240715879,0.0,-0.2217127734342647,-0.2478718084569988,1.1678655849736743,-0.4028514353759894,1.47317268951485,-0.165209897533052,0.0,1,0.07868154233145808
UC3kH3tw7DUUOxiwKO_lhCNg,0.318050683620401,-0.1925278295709608,-0.2756443006008918,0.0,-0.2217127734342647,-0.2478718084569988,1.329515034848755,-0.5282806183321348,-0.9313306984575448,-0.3094234624420706,0.0,1,0.11354719287847126
UC3kZ_gVFkfXBekteQCL4Thw,-0.2921299832585858,0.0314755412932323,0.6183417441437181,0.0,4.343638422281664,2.6421460463867183,-1.1368344971885909,0.3804143635002741,0.6646644895663518,2.5748478357383005,0.0,-1,-0.0746504291986444
UC3lp5a-PD1A4-CQGaAwxizg,-0.1908766846650572,-0.3380694791811015,-0.4659142436221262,0.0,-0.2217127734342647,-0.2478718084569988,0.6965910641726101,-0.2319588098936535,0.1004661731077225,-0.5978505922601076,0.25,1,0.12040076496437635
UC3olOvZu7sZjvrbe--iUQuQ,-0.0440551157301058,-0.2637649376025466,-0.3604114255446257,0.0,-0.2217127734342647,-0.2478718084569988,-1.0827130290783884,0.5010761466983071,1.2489451866209726,-0.4536370273510891,0.25,1,0.1007735643484885
UC3pB3o3hKPi6Y6U1P4Ofx6w,-0.2406806900766618,-0.2854253236140391,-0.2141301671553767,0.0,-0.2217127734342647,-0.2478718084569988,1.084758618815851,0.1017651021944769,0.8552024470576706,-0.0209963326240335,0.25,1,0.10795473801396721
UC3ptpMeNPg01hTTW-6H2PRA,-0.2876793252288271,-0.4127978109207508,-0.3558062418769394,0.0,-0.2217127734342647,-0.2478718084569988,0.3762139821371629,-0.4014279336203034,-1.214779091948047,-0.4536370273510891,0.0,1,0.09158365941762969
UC3qbPF-TD2ODzz7KwTz7XJA,4.029775295650211,-0.3463031165966501,-0.2708652138335408,0.0,-0.2217127734342647,-0.2478718084569988,-0.9356545135597326,-1.373713034524808,-1.2147790919480497,-0.3094234624420706,0.0,1,0.08118831840043511
UC3qdncclBAW91ax0WJvVA7w,-0.0373165878852933,-0.3278985153148354,-0.3061657739703492,0.0,-0.2217127734342647,-0.2478718084569988,-1.4174680144176222,1.2376679875040637,0.008782839868482,-0.5978505922601076,0.0,1,0.09781275131774719
UC3rA9hB_LZkJb4cqY0VjoTw,0.0380255606966845,-0.2702630534059943,-0.3180745215211278,0.0,-0.2217127734342647,-0.2478718084569988,-1.2762688381457314,1.053917743784874,-0.2207885182561972,-0.5978505922601076,0.0,1,0.10756260450854371
UC3rjcoyYR5KZP-eNUGP67Ag,0.639469170649989,0.1805084146114365,0.1098687203408813,0.0,-0.2217127734342647,-0.2478718084569988,-1.5391798133997838,-0.8335546451334173,-0.9546528706839712,-0.4536370273510891,0.0,1,0.08471112021564497
UC3topO6CyNKCnPN9qzrKHTQ,-0.2924556273354294,-0.4313033146218737,-0.5890264427914405,0.0,-0.2217127734342647,-0.2478718084569988,-0.1067173913591802,0.782775032024706,0.9375775072130708,-0.5978505922601076,0.0,1,0.09601996147361591
UC3trDIRbTI2opyZdCWA2pBA,-0.0951678835450582,0.0644369982672427,0.2252489137134849,0.0,0.6913574657089212,0.7154674764909068,0.0311010858000948,-0.8164303427935222,-0.5523706328833249,-0.0209963326240335,0.25,1,0.036657925747028974
UC3u_sEZm_UmreDRsOF5g07A,3.2680516689209758,-0.1855050211871104,-0.3597110205941553,0.0,-0.2217127734342647,-0.2478718084569988,-0.6857748000936571,-1.3737130345248083,-1.2147790919480497,-0.5978505922601076,0.0,1,0.09422912658015459
UC3unQf1s6eDTYcxoRH_SFKQ,3.040951903634736,-0.3125008061284047,-0.4006578130200525,0.0,-0.2217127734342647,-0.2478718084569988,0.8759734090693142,-0.1853645778637467,-0.8469181024180362,-0.4536370273510891,0.0,1,0.09196269173950194
UC3vxMtx_12w8yAz0SZ3rcdw,0.5128016614526375,-0.3918908296400927,-0.4857812542556056,0.0,-0.2217127734342647,-0.2478718084569988,-1.4123893900014182,-0.44235658970735,-0.9825006802819428,0.123217232284985,0.0,1,0.09963284025887287
UC3xKM8nFvIF507sPttmxp9Q,0.276814927402388,0.492935938929378,0.8061098883568432,0.0,-0.2217127734342647,-0.2478718084569988,-1.5186197656108191,-0.0532754717273787,0.3620448741805608,1.2769257515571333,0.0,1,0.04992375864863141
UC3ygKXVlsnN6QhECu5qnubg,-0.2264359695150638,-0.4050283246340197,-0.3473168942565544,0.0,-0.2217127734342647,-0.2478718084569988,1.2507929792684274,0.1171241201954325,0.5589823638623184,-0.5978505922601076,0.0,1,0.11772966720562483
UC3zv2LeAnGc779wsY2cbX_w,0.8442434407561108,-0.2162062639686172,-0.2623543651482726,0.0,2.517497943995293,4.56882461628253,1.2812376584527676,-0.0246837316455707,-0.509203372328304,1.2769257515571333,0.0,-1,-0.026152136168786866
UC403T30BeENa6WKoJg8jTuw,2.374202344154293,-0.1787243786095997,-0.1735284031330815,0.0,-0.2217127734342647,-0.2478718084569988,1.3132629076349456,-1.373713034524806,-1.2147790919480497,-0.5978505922601076,0.0,1,0.08393982214292461
UC41yDqYqNLXtVShN7TnEe_A,3.876021276960705,-0.2136164352063735,-0.2980317082942246,0.0,-0.2217127734342647,-0.2478718084569988,1.3132629076349456,-1.373713034524806,-1.2147790919480497,-0.4536370273510891,0.0,1,0.07137722959708237
UC43sDIATvY6v4mF0ajyDIUw,-0.2179014151354045,0.1077577702902278,0.3879903667305991,0.0,-0.2217127734342647,-0.2478718084569988,-1.0305970176724608,-0.1447202065111337,0.6365242435156401,0.123217232284985,0.0,1,0.10297359015855395
UC45v7I77Dcp8kEl1Xa65_yQ,3.913541215853813,-0.3067090072601144,-0.1141894929447448,0.0,-0.2217127734342647,-0.2478718084569988,-1.0605943702927705,-1.3737130345248083,-1.2147790919480497,-0.5978505922601076,0.0,1,0.07737816187869229
UC45xYpkdcSRjPJzTnf6Am5Q,0.056382419320105,-0.361236674654263,-0.4429922697187106,0.0,-0.2217127734342647,-0.2478718084569988,-0.9290608351157624,-0.0887356046838412,-0.4065064034671678,-0.4536370273510891,0.25,1,0.11542922670341005
UC46C2trYQlyreUYs5wl8K_w,-0.0420480081236146,-0.085066753007733,-0.4445173762276111,0.0,-0.2217127734342647,-0.2478718084569988,0.341692354100923,1.159347639927097,1.4856974541440076,-0.4536370273510891,0.25,1,0.09863373589853053
UC46axpz_GsFizhya3Hj04Cw,0.8405843815111445,-0.1253268183117028,-0.0242505074319256,0.0,-0.2217127734342647,-0.2478718084569988,-1.1586490046600348,-1.1211855879751078,-0.8420655001310101,-0.0209963326240335,0.0,1,0.10469488800948723
UC49-EJeh-aff1bJMTX50qOQ,0.4509131612916611,0.6745771107540139,1.00148107512909,0.0,0.6913574657089212,0.7154674764909068,0.2225360078675743,-0.2393804168028858,-0.7481819060666142,-0.165209897533052,0.5,-1,-0.022074927659679444
UC492VniSZS4aFSiMixnRhSg,-0.1474289190453668,0.1272521177005711,-0.1925853407399188,0.0,-0.2217127734342647,-0.2478718084569988,-1.3855069479293278,-1.0626533451216789,-1.1363133422457787,-0.5978505922601076,0.0,1,0.0958728052340268
UC494xD1tQzrm45FNRyK5l5A,-0.1870615890335502,0.0501223083813868,0.1710075854012532,0.0,-0.2217127734342647,-0.2478718084569988,-1.4386537940310582,0.9564095247716772,1.741112725457102,-0.5978505922601076,0.25,1,0.06848927725959714
UC4A949Cm86URf_mfq-KyO9g,0.6112290008518259,-0.1101202301783148,-0.1976597426750624,0.0,-0.2217127734342647,-0.2478718084569988,-1.4486092141426776,-0.5066905296217806,-0.1622612686465316,1.132712186648115,0.25,1,0.09256127294606448
UC4Aw2p1UvcE8S96BepTr_2w,-0.2841437384817338,0.3535560637249912,0.7704804737310842,0.0,-0.2217127734342647,-0.2478718084569988,0.1238992266677629,1.1110155566755937,0.564115831687831,-0.4536370273510891,0.0,1,0.09417334312834413
UC4CQXThX52kuB6azr9TK4KQ,-0.2853347500570174,-0.4533404029987836,-0.4902164543968355,0.0,-0.2217127734342647,-0.2478718084569988,-1.4961557918794566,0.3746070886469859,-0.6093321465697336,-0.5978505922601076,0.0,1,0.0830786761010206
UC4CabbN_XlGmt5t5WxOaQDg,-0.0918086994768671,0.2373164766819504,1.250014140163408,0.0,-0.2217127734342647,-0.2478718084569988,0.5254127647866721,0.5425372644169019,-0.1807778661976907,-0.3094234624420706,0.0,1,0.10220165186884089
UC4D-bBmqHV4rF4srkBYAyGg,2.768090886278184,-0.2340996263259372,-0.0176526633622588,0.0,-0.2217127734342647,-0.2478718084569988,-1.3938736476842464,-1.0858124340505328,-1.0915326492433175,-0.4536370273510891,0.0,1,0.08056417157093582
UC4ErvUt-aioI3zm0Gyjruzw,0.3563489714368067,-0.3866640843199282,-0.4692514183458159,0.0,0.6913574657089212,0.7154674764909068,-1.2914011099155538,0.0837577294183864,0.4295022421484311,-0.0209963326240335,0.0,1,0.06517843991049843
UC4FIpXYKh9B_5sNaPNkREVw,-0.3009196728830822,-0.1973711456977541,-0.1515844678896416,0.0,-0.2217127734342647,-0.2478718084569988,-1.020048845017926,2.3249438097541413,1.391424639370771,-0.165209897533052,0.0,1,0.04853949933703949
UC4Fo0S0K7dnZcChZYkAj-0A,0.4143574827458177,-0.3465452824029899,-0.4411722381481754,0.0,-0.2217127734342647,-0.2478718084569988,-1.2372262029338434,-0.5422491866132761,-0.6005630163016903,-0.5978505922601076,0.25,1,0.1097852267322767
UC4Gn6sFAfXkorAMW65tqwdQ,0.4008421349240089,-0.3629141773752618,-0.4156919181765991,0.0,0.6913574657089212,1.6788067614388125,-1.1479974833360471,0.6842193705164213,0.7505603805421683,0.9884986217390964,0.0,1,0.02438602307588461
UC4Ihi6CkdzSinbxf5T433-g,0.9561698771266948,-0.3584114069136336,-0.383649852648962,0.0,-0.2217127734342647,-0.2478718084569988,1.188323050901908,-1.1576496787682502,-0.8469181024180376,-0.4536370273510891,0.0,1,0.11051971641895242
UC4JPLBZkXO6xj9cH91YSDCA,0.6066631722878492,-0.2227985553634193,-0.3321416706893483,0.0,-0.2217127734342647,-0.2478718084569988,0.7060774902851287,0.3699375167763887,-0.3333778817413022,0.4116443621030221,0.25,1,0.11591859044545316
UC4KDffGz6fGkvJLjINa4VKw,-0.2845256117063222,-0.3407534835346995,-0.4225669846552188,0.0,-0.2217127734342647,-0.2478718084569988,0.5380732559178786,-0.0773328999854683,-0.0471644223438616,-0.4536370273510891,0.0,1,0.1334989009896016
UC4K_xs9lV6j64LwYQ8Amp0g,-0.2701961658373632,0.2603222282842189,0.4804905313186924,0.0,-0.2217127734342647,-0.2478718084569988,0.9406596954383888,1.6836827829468015,0.3517408672442396,-0.3094234624420706,0.0,1,0.09571279614496286
UC4LDJW1kdONyfOHiAFGL1NQ,-0.2865455548353601,-0.2745009550169385,-0.1176497683710439,0.0,-0.2217127734342647,-0.2478718084569988,0.1668797939459316,0.159194292905076,1.136923871898568,-0.5978505922601076,0.0,1,0.11465985787623878
UC4Lcj_GF-yRAOyeFiWJVqhQ,-0.0273949879945491,-0.071929258013806,-0.1457049666129334,0.0,-0.2217127734342647,-0.2478718084569988,0.8135034807027949,-1.373713034524806,-1.2147790919480497,-0.5978505922601076,0.25,1,0.08545421610175913
UC4MLGn0sMiY7P5SpuhhZjKw,-0.0481036610819867,-0.2750660085650644,-0.274834641578919,0.0,-0.2217127734342647,-0.2478718084569988,0.7818607112602451,0.2467621336493667,0.978651401756555,-0.4536370273510891,0.0,1,0.13355807217689175
UC4Mip8tK3WQka_sca5s-TdQ,2.313297295394181,-0.3822496034751947,-0.4733076778500315,0.0,-0.2217127734342647,-0.2478718084569988,-0.192498729767679,-0.1751745396715179,0.3078551283016524,-0.165209897533052,0.0,1,0.08613707633128737
UC4N9viSQiOxpZZr6VmVIyCw,-0.2125389097562678,-0.4862547721771168,-0.4865152699056487,0.0,-0.2217127734342647,-0.2478718084569988,-1.2270745198334447,-1.0858124340505328,-1.0915326492433175,-0.4536370273510891,0.0,1,0.09436551532461729
UC4No3Yti85UTcZqV2SzWJlQ,3.678366313905545,-0.150754227977368,-0.2913311300526848,0.0,-0.2217127734342647,-0.2478718084569988,-0.9356545135597326,-1.373713034524808,-1.2147790919480497,-0.4536370273510891,0.0,1,0.08553376153112319
UC4NuuTSgZ6MHkZnngREFYDA,1.714417837909013,0.3196528508374376,0.2380579237682742,0.0,-0.2217127734342647,-0.2478718084569988,1.3132629076349456,-1.373713034524806,-1.2147790919480497,-0.0209963326240335,0.0,1,0.054654922260092276
UC4OOoVnTxelrcBIivjzKVVw,2.472019805995507,-0.2435642732570459,-0.3618713987798963,0.0,-0.2217127734342647,-0.2478718084569988,1.1275829694145765,-0.8569558756198007,-0.7312747342122657,0.123217232284985,0.0,1,0.09826147551711345
UC4Q7HfmEFo3hs4EmRcQbB9w,0.3229772795477382,-0.1311539330267511,-0.2538672221070897,0.0,-0.2217127734342647,-0.2478718084569988,-0.715231227228548,-0.8111602656468762,-0.4786042320308622,-0.165209897533052,0.25,1,0.11288157205464522
UC4RYlyYUDYjJmDTtRJfJxxg,-0.0028032284893347,0.3395709884088753,0.0447736523942035,0.0,-0.2217127734342647,-0.2478718084569988,-0.4778131363133366,0.4190495432941958,0.0484250003733385,0.123217232284985,0.25,1,0.09825328849082915
UC4T340TyV8MD0ix89WqkrEg,0.085740525523646,-0.1939808244089988,-0.2694515528433784,0.0,-0.2217127734342647,-0.2478718084569988,-0.345160475507658,1.0539177437848737,-0.220788518256197,-0.5978505922601076,0.0,1,0.12084491763589816
UC4U2WM_IVm9gMS6S_vXWpKg,-0.2205404715003378,0.1004120741645913,1.6179199395793404,0.0,-0.2217127734342647,-0.2478718084569988,-1.4996021677826248,0.179565909970383,-0.5760355783793156,3.007488530465356,0.0,-1,-0.011729167534517582
UC4UEscCqWUQSBccXXGrB2yQ,2.675148866015162,-0.045705636530327,0.1458859350004669,0.0,-0.2217127734342647,-0.2478718084569988,-1.423055061624165,-0.908343396957689,-0.7836809284628812,3.440129225192412,0.0,1,0.009203449825128607
UC4W8jjB03fLEi-2Qn4uui8w,-0.1277880771447593,-0.150754227977368,-0.0952340498062485,0.0,-0.2217127734342647,-0.2478718084569988,1.4076637406606378,0.6025445604809322,1.0769328134936305,-0.5978505922601076,0.25,1,0.10283011816594312
UC4X2-qTh7TIb86O5cnQS4xA,-0.2032206188680675,-0.3658277347327859,-0.2754990007559723,0.0,-0.2217127734342647,-0.2478718084569988,0.3086022175929194,0.4628254894059235,0.9187861647550754,0.4116443621030221,0.25,1,0.09662758001875621
UC4Y1ko2RlihrsOeugAvsEzg,2.485033585447541,-0.2407281391020294,-0.2910433093327,0.0,1.6044277048521072,2.6421460463867183,-1.3890835274679303,0.3786883269406288,0.4043652510511895,0.5558579270120406,0.0,-1,-0.01914945817396474
UC4Y9hpIj_ELiJBfqxCyyi9A,0.0735470273095194,-0.2863670795275823,-0.6003272946293761,0.0,-0.2217127734342647,-0.2478718084569988,1.1883230509019085,-1.3737130345248083,-1.2147790919480497,-0.3094234624420706,0.0,1,0.09320799244027667
UC4YAFHsGQoAb0fBAazdB-0Q,-0.3003909333354143,1.739349890503743,4.793493714268989,0.0,-0.2217127734342647,-0.2478718084569988,0.854049005977639,1.5658911022060304,0.5316667819612501,-0.5978505922601076,0.0,-1,-0.033005821436199345
UC4YTDsXlHDyBxP0quuKchCw,2.381722617162544,0.1174444025438145,-0.1130740946249724,0.0,-0.2217127734342647,-0.2478718084569988,0.7764116600400142,1.2841553889877948,-0.3661485488272628,-0.3094234624420706,0.25,1,0.05670384668166162
UC4Z0NiP2s185zHJCE-6wY0w,3.380478646386604,-0.338377690207352,-0.5101776833338486,0.0,5.256708661424851,7.458842471126247,-1.31925962928226,-0.4773866999266081,-0.913364447476928,1.8537800111932077,0.25,-1,-0.1632364534853188
UC4ZQ4ek2kDuwmtNb6AxZi-Q,1.3790516234614028,-0.0151413764271537,-0.1178027558420375,0.0,-0.2217127734342647,-0.2478718084569988,0.438427099519891,1.1443585606135993,1.3988239140318044,2.430634270829282,0.5,-1,-0.014146835916237666
UC4_M9OKVunXe27EOUzHW--g,-0.2575349889428258,-0.1542858126531548,-0.271668274328753,0.0,-0.2217127734342647,-0.2478718084569988,1.3348610448141045,-0.2186952576931714,0.6358511335706082,-0.4536370273510891,0.25,1,0.10559234700752018
UC4aACN36C38rOP2rlA8t6PA,0.8067936366497435,0.1384825569695733,0.4096634619087562,0.0,-0.2217127734342647,-0.2478718084569988,0.1750316940065357,-0.8699636041158659,0.5295808227674991,1.5653528813751705,0.25,1,0.03284973938586644
UC4aOQVdgshdRTJTvDGFR0yA,1.261847898432637,-0.3838388165792987,-0.1984027551762744,0.0,2.517497943995293,1.6788067614388125,0.5078765904672269,0.1101485706408585,0.3922019689944999,0.123217232284985,0.5,-1,-0.01973450082761108
UC4b4RMlS6lfdlNYRV1paZlg,-0.0806072497923128,0.58981907853513,0.2002231073334254,0.0,2.517497943995293,1.6788067614388125,-1.1776213780683846,-0.4619256956331368,-0.4985761459244551,-0.165209897533052,0.0,-1,-0.0009758924651530609
UC4bDEe8-2UIBA6ZEXEwKEYg,0.0228654622595159,0.011981193882889,-0.1677697524368303,0.0,-0.2217127734342647,-0.2478718084569988,0.2769762166831928,-0.1917841923989013,0.2013905483510085,-0.5978505922601076,0.0,1,0.1310768198835729
UC4bUzJ3K4JB11AY0chnHZTg,-0.1620131257206595,-0.1821146998983551,-0.2409695348374583,0.0,-0.2217127734342647,-0.2478718084569988,1.1799912362499296,0.5795022860492793,-0.3803861564644404,-0.5978505922601076,0.25,1,0.12320073217341043
UC4brXKBCSEaDIs7Tam7firA,2.094747440804545,1.0347987476842706,1.2412099246880242,0.0,-0.2217127734342647,-0.2478718084569988,0.2512741254041252,-1.0496180008899734,-1.214779091948047,-0.165209897533052,0.0,1,0.004851310438243883
UC4eL0AnOPkUJjDi4W-n0gVA,-0.1340917567337192,0.0458844067704426,-0.1682313146731466,0.0,-0.2217127734342647,-0.2478718084569988,1.3757328360014645,1.5431422681887064,0.601389023395014,-0.5978505922601076,0.5,1,0.06097283946963988
UC4eOOEiL_hafripFxG1u_7A,-0.2911833587875844,0.03317070193761,0.2248646479827938,0.0,-0.2217127734342647,-0.2478718084569988,1.1540198238027923,1.1250023643327702,1.3071442099471664,-0.5978505922601076,0.0,1,0.09567950943510706
UC4el4QaPEv4A1S7yRCK8Rvw,2.412587721385668,-0.3117944891932474,-0.3560064547054535,0.0,-0.2217127734342647,-0.2478718084569988,-1.435413940491883,-1.3737130345248083,-1.2147790919480497,-0.165209897533052,0.0,1,0.08608050889454705
UC4faAEanWbfwQlhuRPiBNyg,0.0224974544017437,-0.3098168017748068,-0.1754694551673215,0.0,-0.2217127734342647,-0.2478718084569988,-1.4182292801538396,-0.7530729231890403,-0.5770999480283,3.007488530465356,0.0,1,0.05425541513980392
UC4ghCfH0JKBA4Dvn1lO3h2w,4.059319521358658,-0.503347642007925,-0.475217881592304,0.0,-0.2217127734342647,-0.2478718084569988,0.438683910503682,-1.3737130345248074,-1.2147790919480497,-0.5978505922601076,0.0,1,0.06452876878688141
UC4hdml6cjgdGFFa0khQBWaQ,-0.2619494249387259,-0.3562924561081615,-0.4896200351424198,0.0,-0.2217127734342647,-0.2478718084569988,-1.3848128637822366,-0.1853645778637467,0.0348988617193975,-0.4536370273510891,0.25,1,0.09979373507628225
UC4jBrZowue9myHVU86RlaSQ,0.8919224968152524,-0.1827739290378353,-0.1134787566228706,0.0,-0.2217127734342647,-0.2478718084569988,1.3838094885852743,-0.7382547439110848,-0.2913261383831874,-0.0209963326240335,0.25,1,0.0992269995567564
UC4jGtCVMc2KWvIySIX-OCFQ,1.767770379206651,-0.2513583270893476,-0.3124993774352697,0.0,-0.2217127734342647,-0.2478718084569988,-1.2400841406782273,-0.6425621259431742,-0.3225205709308804,1.997993576102226,0.0,1,0.06104571049996671
UC4jpaiaJDHrjCL18XySDDrA,-0.2901966546056126,1.0739993375855044,3.238313788170144,0.0,-0.2217127734342647,-0.2478718084569988,0.7624014266472724,0.8895906807247813,0.3355228841653871,0.2674307971940035,0.5,-1,-0.024211662243528886
UC4jzdMmyaI3uQdha_78uIjA,0.0926463657080427,-0.1422784247554796,-0.1040418266459338,0.0,-0.2217127734342647,-0.2478718084569988,1.2877123963161052,-0.7520342633036389,-1.0551953722511995,-0.5978505922601076,0.0,1,0.1143932972158766
UC4kf3M7FiGHvLE-VLiSgCAw,-0.2473345273052258,-0.4467010238083043,-0.4105361972045654,0.0,0.6913574657089212,0.7154674764909068,-0.5372063063401578,1.1110155566755937,-0.9540726313707432,-0.4536370273510891,0.0,1,0.04650671649264565
UC4mR3QCYUXscW6Q9-J9QhsA,-0.2937525722406127,-0.2764786424353792,-0.5908162105506319,0.0,-0.2217127734342647,-0.2478718084569988,0.2167524973678855,0.1870625390225918,-0.1767058986862669,-0.4536370273510891,0.0,1,0.1259938917498356
UC4p2Tc7O9Att8lqwXNE7Uag,1.8003886229926378,-0.3767756472277251,-0.3064598744821409,0.0,-0.2217127734342647,-0.2478718084569988,0.5843146262666276,-1.1941183414104872,-1.0202827234216143,-0.4536370273510891,0.0,1,0.10545433403406451
UC4p9nYAaAG-i9WJSGsYsg0g,-0.2933306699866562,-0.171943736032089,-0.3048594509235979,0.0,-0.2217127734342647,-0.2478718084569988,1.2666067098514873,0.9113605806922268,0.072619284187066,-0.5978505922601076,0.0,1,0.1219281459933288
UC4qpdrqJqrIj5l6-4bdPVzw,0.1206683876874899,-0.1549921295883122,-0.1636696328065018,0.0,-0.2217127734342647,-0.2478718084569988,1.316794178772858,-0.0712261354021391,0.3349953518789135,-0.4536370273510891,0.5,1,0.0796191522878178
UC4qxlzoOR_GpMQQylGmvIpQ,0.2710906473625032,-0.4445820730028322,-0.3937322890022926,0.0,-0.2217127734342647,-0.2478718084569988,-1.263442766989166,-0.1319673943378735,1.039905880221343,-0.4536370273510891,0.0,1,0.10053224041790582
UC4s3K-Td0OZP2IqMfwVbEiw,1.7965535828152432,-0.0483382723795499,-0.3239349140662598,0.0,-0.2217127734342647,-0.2478718084569988,1.3132629076349456,-1.373713034524806,-1.2147790919480497,-0.4536370273510891,0.0,1,0.08974834063392295
UC4uyD_SEjbuPrV_TPdr5D5w,0.7800153597356776,-0.3380694791811015,-0.5323751964120793,0.0,-0.2217127734342647,-0.2478718084569988,-1.170431375802442,-0.3209381579227029,-0.0397460955522762,-0.5978505922601076,0.25,1,0.09444291414537187
UC4zSFYCbPrz9kkblfv8VdeA,-0.0417791378911921,0.1230142160896269,0.3350443553563925,0.0,-0.2217127734342647,-0.2478718084569988,-1.4584384909823485,-0.4423565897073493,-0.9684106319295334,-0.5978505922601076,0.25,1,0.07972608639786133
UC5-Nhj5EAZsc1c8jaFeDBuQ,-0.2837922157969121,-0.0727768383359948,0.034035255332996,0.0,-0.2217127734342647,-0.2478718084569988,-0.6857748000936571,0.1819431269223996,1.5716313183437989,-0.5978505922601076,0.0,1,0.10597268828863715
UC5-jYiq6vsEkZ1v6ngeUPRA,0.2570706483564421,3.024039493135683,10.6952786878523,0.0,-0.2217127734342647,-0.2478718084569988,-0.1228033897623106,-0.7690724049702153,-0.4102373397227535,-0.3094234624420706,0.0,-1,-0.09318917849403707
UC50A87xuO9Bb42JM8p3Hi-w,-0.0293716390973287,0.0060481316275671,0.0432489415637179,0.0,-0.2217127734342647,-0.2478718084569988,0.438683910503682,-1.3737130345248074,-1.2147790919480497,0.5558579270120406,0.0,1,0.0785664626146188
UC510tIqqxvIb1-AE8U5OK7A,-0.1758964752379177,-0.3372218988589126,-0.4194569176170588,0.0,0.6913574657089212,0.7154674764909068,-1.045094088337806,-1.2323774845121105,-1.02541367955733,-0.165209897533052,0.25,1,0.028666861405855337
UC51YiiEjaoERO__aQc2pz_g,-0.2877044637462485,-0.187482708605551,-0.0577441834285429,0.0,-0.2217127734342647,-0.2478718084569988,0.4579267148067804,0.4961028196399246,0.147681345600961,-0.4536370273510891,0.0,1,0.13260846610314614
UC52H_yYy4GgF9s-Hpt9N9VA,-0.2422092965591417,-0.1235610259738094,0.0519318782231947,0.0,-0.2217127734342647,-0.2478718084569988,1.2118854868235769,0.7461730857684992,0.3351725067696555,0.4116443621030221,0.25,1,0.0973000416113653
UC52bodhD1hI3f1LGwW8ftvg,0.2689673306093001,-0.2450475388208763,-0.1363830604059036,0.0,-0.2217127734342647,-0.2478718084569988,-1.5198082719500772,-0.1583566583941772,0.4089044547601174,-0.165209897533052,0.0,1,0.09899752862645378
UC57OnleANxJNZUhQ23J224w,0.6639050120156014,0.2695043484412646,0.1793231407105367,0.0,-0.2217127734342647,-0.2478718084569988,0.4589031890523329,0.4977914745481397,-0.1035014671393788,-0.4536370273510891,0.0,1,0.10879467015995875
UC58DbgrhLOeaR_whwDQbC2w,-0.2524944217424072,-0.1945458779571247,-0.0831255242317035,0.0,-0.2217127734342647,-0.2478718084569988,0.2321045704536699,1.8340866445452544,2.073776960773124,-0.4536370273510891,0.25,1,0.05596063526165712
UC58UxSSINjt74QHgp2p4grA,1.374234065403785,0.212010149919455,-0.2714416826719579,0.0,-0.2217127734342647,-0.2478718084569988,1.2884123806092578,-1.1667200510605318,-1.0229319919979831,-0.5978505922601076,0.0,1,0.08873613515238787
UC58XpyAMPT9N-duiX5N97aA,-0.2945837962680552,-0.204030705372095,-0.1615716743758909,0.0,-0.2217127734342647,-0.2478718084569988,1.257367519981737,1.3628177957156913,1.7690239991098489,-0.3094234624420706,0.0,1,0.07166508958274409
UC594Mp21oUxj3iklukovrJQ,0.3749056498787967,0.0882634228798846,0.7934694069626788,0.0,-0.2217127734342647,-0.2478718084569988,-0.8362651681455358,-0.7520342633036389,-1.055195372251199,-0.5978505922601076,0.0,1,0.0921795237097125
UC59GrL3iE1Aubxh7jM68jWQ,-0.0852069653027304,-0.1462670380363682,-0.1693638227768557,0.0,-0.2217127734342647,-0.2478718084569988,1.3088802549160672,1.105998238896734,0.6309737758482586,1.132712186648115,0.25,1,0.08769468836960143
UC5A2MoAN_SR-HElogxl9pAQ,-0.2875725163946803,-0.366887210135522,-0.4463596683200948,0.0,-0.2217127734342647,-0.2478718084569988,1.3681262939018222,-0.1342593331747656,-0.8721126323074939,-0.5978505922601076,0.25,1,0.09287307202671496
UC5Lz9Jp23PE26lIrNr8Zweg,2.6588053379967738,-0.2466367519249804,-0.4587466501283528,0.0,-0.2217127734342647,-0.2478718084569988,-0.3267251431105557,-0.9481405990731308,-0.8932016040756202,-0.165209897533052,0.0,1,0.10102737595927291
UC5ME-dq2HgEsYxdYsITxs5Q,-0.2998509838247564,0.480693112053317,-0.1724404208233366,0.0,-0.2217127734342647,-0.2478718084569988,-0.1743228377550997,0.7869205230407585,0.8562862552115353,-0.4536370273510891,0.0,1,0.10100191469142467
UC5MGhAHzb7Gfa02AQBrmpLQ,-0.1994894640133161,-0.3787533346461657,-0.3753544672980076,0.0,-0.2217127734342647,-0.2478718084569988,-1.4384224373086394,0.6973735543732191,0.8853009216308159,-0.5978505922601076,0.0,1,0.09908457424606815
UC5NlQr0Bx8OgtGQYcLP3Hhg,-0.2640961829975058,0.8748179618711273,0.3261853472080175,0.0,-0.2217127734342647,-0.2478718084569988,1.4100360631005806,0.2823552768821986,0.3405136207519703,-0.5978505922601076,0.0,1,0.07288148057117028
UC5OuIwopIq14lgAbHz6zlNA,3.261815974300319,-0.203304207953076,-0.1729910699680611,0.0,-0.2217127734342647,-0.2478718084569988,-0.2108659001871944,-1.1667200510605324,-1.022931991997982,-0.5978505922601076,0.0,1,0.09485632866449939
UC5Oxr1b8kvWhT4DGdGYvCdA,0.7760336059971322,0.1798020976762792,0.157049619247273,0.0,-0.2217127734342647,-0.2478718084569988,-0.9040117441171824,-0.8875704840725559,-0.9455209433275108,-0.165209897533052,0.0,1,0.09522330644906052
UC5PJza19Mgv_6UL2LV-_C5Q,-0.269272455285829,0.0982224916656034,0.5669128794480982,0.0,-0.2217127734342647,-0.2478718084569988,-1.446897541367416,0.0036908584232404,-0.5148020497437168,-0.165209897533052,0.0,1,0.10074560190884924
UC5PcgaKK8HFFuNbTPUyFttw,-0.1978609857177154,-0.4202847704334188,-0.445030501014582,0.0,-0.2217127734342647,-0.2478718084569988,0.9270207371561712,-0.3247567986177469,0.0668529690906314,-0.5978505922601076,0.25,1,0.11283123644460724
UC5S6NhV2Ouj6Jyj4SIrmEUQ,-0.2731148964030525,-0.2052415344037934,-0.0877836646802573,0.0,-0.2217127734342647,-0.2478718084569988,-1.4485505615943606,1.1898388016597323,1.2683561730234212,-0.3094234624420706,0.0,1,0.08689755623148504
UC5U2rZHyEbEiSn_1HJjr_xw,-0.2378929997572254,0.3866116962903559,0.400007567814526,0.0,-0.2217127734342647,-0.2478718084569988,-1.408150106812993,1.3203962029449323,0.1260322201209241,-0.5978505922601076,0.0,1,0.08613793646352269
UC5UZ8Dn9pE77SJA5OrCDh3A,0.732186778489062,-0.3584114069136336,-0.2554661034670561,0.0,-0.2217127734342647,-0.2478718084569988,1.3836383085010626,-0.8468435286964426,-0.9111708590288352,-0.3094234624420706,0.0,1,0.10777526227227457
UC5WHSdJK0w9AaE4wdCBoO7w,0.8997088872222865,-0.3770581740017881,-0.4599451946670586,0.0,-0.2217127734342647,-0.2478718084569988,0.8383540077284833,-1.1667200510605331,-1.022931991997981,-0.5978505922601076,0.0,1,0.11024390913489363
UC5XboaFcKw1ESbzC_kICHMw,0.0001095485075386,-0.2939347609756969,-0.3452483333012642,0.0,0.6913574657089212,0.7154674764909068,0.4665341406743151,0.5089339700876344,0.3567341514297151,0.7000714919210592,0.0,1,0.08122597846749174
UC5YZlvxNE9LSJVEfSEWXjag,-0.2442783910309724,-0.1840923873167956,-0.0866085108149513,0.0,-0.2217127734342647,-0.2478718084569988,1.149511642193967,-0.7448302302966726,-0.6366398989781655,0.8442850568300777,0.0,1,0.10497194794351405
UC5ZsRQK6u0-47oXnWXEBxZw,-0.2906454675259102,-0.2446943803532977,0.042635768927777,0.0,-0.2217127734342647,-0.2478718084569988,0.6307754649480983,0.670792479263086,1.7222012865243417,-0.4536370273510891,0.0,1,0.10040453750124584
UC5aEhB4qXglWYbOP7lb94FA,3.935008943362712,-0.2021387850100664,-0.217075378317278,0.0,-0.2217127734342647,-0.2478718084569988,0.7980031987478308,-1.2323774845121087,-1.0254136795573316,-0.165209897533052,0.0,1,0.08199446668591015
UC5adToZwdzD65qq4TkHBIbw,1.7895727787486468,0.1678731894380659,0.0346595622804013,0.0,-0.2217127734342647,-0.2478718084569988,1.260932883710567,0.0449639666971766,0.0515236190583218,2.5748478357383005,0.25,1,0.014473224333470591
UC5c-liGCQvgdB-ggkO1DetQ,-0.2496965620008972,0.176623671468071,0.3193636810473768,0.0,-0.2217127734342647,-0.2478718084569988,-0.5907573116443814,1.34228531453929,0.6473782672557354,-0.165209897533052,0.0,1,0.09704283358688626
UC5dcjY3aWgH87IS54MfTmpg,-0.2555442784500708,0.0035053906610007,-0.1123417779376947,0.0,-0.2217127734342647,-0.2478718084569988,-1.2349714424787157,0.1576924797937482,1.5859508343289093,-0.5978505922601076,0.25,1,0.0865935834732704
UC5eDMSgJtHv9n2dYRnpcLEA,0.0427282441634033,-0.4594147286411369,-0.5602895976820923,0.0,-0.2217127734342647,-0.2478718084569988,-1.083740363854208,-0.657518556671473,-0.8232541979607465,-0.4536370273510891,0.25,1,0.09009200951614388
UC5em__jWSmKXXj5lmrkyAvQ,-0.1803689214389947,-0.0460175167354615,-0.1333016427034168,0.0,-0.2217127734342647,-0.2478718084569988,-0.2787291177201527,-0.611978494826513,-0.2379262221799353,-0.3094234624420706,0.0,1,0.12537411813751187
UC5fs7NDS0LXMxyphy3okG9g,0.1790976832101361,0.3154149492264934,-0.0020922029669782,0.0,-0.2217127734342647,-0.2478718084569988,-1.0605943702927705,-1.3737130345248083,-1.2147790919480497,-0.5978505922601076,0.0,1,0.07993129684706746
UC5hBEWjn0xHblxa_VpntCxA,-0.2843606347576883,-0.4779202323422599,-0.4979352469500592,0.0,-0.2217127734342647,-0.2478718084569988,0.0911281739834597,1.3203962029449323,0.1260322201209238,-0.5978505922601076,0.0,1,0.10234332360007353
UC5hF9u1xBTx8wKh9hE1LnXg,-0.1383892168849046,-0.158523714264099,-0.3096619855615198,0.0,-0.2217127734342647,-0.2478718084569988,-1.248004155392327,1.002983878797315,1.5040346711908104,-0.4536370273510891,0.5,1,0.06002053363503462
UC5hZ9rSvywA7sdyG9pKIJIQ,2.234106280057497,-0.1790069053836626,-0.3852891776433751,0.0,-0.2217127734342647,-0.2478718084569988,0.7310757375926829,-0.7990408195230481,-0.9644418722126864,-0.4536370273510891,0.0,1,0.11404324071669247
UC5i1BZ2BJ_1mtpYKIF7QKrA,-0.2112747855748879,-0.3372218988589126,-0.376840627516498,0.0,-0.2217127734342647,-0.2478718084569988,1.38545120235234,0.6255923645632598,-0.3577915710201309,-0.5978505922601076,0.0,1,0.12043787521654142
UC5iNBq3th3BDQpO6dlGs-zw,3.692365707166192,-0.3728202723908438,-0.2826132861697537,0.0,-0.2217127734342647,-0.2478718084569988,-0.0610755164284685,-1.3737130345248083,-1.2147790919480497,-0.5978505922601076,0.0,1,0.08287158996408
UC5mHOm3cx4BBvDNmkoWekAQ,-0.2493606990890207,-0.1274457691171749,0.0095969783523381,0.0,-0.2217127734342647,-0.2478718084569988,0.8420719126267977,1.1357178071487626,-0.326286054033615,0.4116443621030221,0.0,1,0.11398007335362642
UC5n21EG4ZLzV1_RqK5bOGwQ,-0.0997463549054543,0.158007175105709,0.3846517021233802,0.0,-0.2217127734342647,-0.2478718084569988,0.1103052260003602,1.0920292117931498,2.0811426252651444,-0.3094234624420706,0.0,1,0.06891592436986127
UC5nO_u3qUK8DhwrQxTSh3XA,-0.1670069850385898,0.111995671901172,0.5618280998698297,0.0,-0.2217127734342647,-0.2478718084569988,-1.0300553465854243,1.639648668112404,2.255506333177641,-0.5978505922601076,0.0,1,0.037954059586222944
UC5oM1NWo72GNZTmc3mGyeZQ,0.7666139726320973,1.0963996746719236,2.666148600100728,0.0,-0.2217127734342647,-0.2478718084569988,1.313262907634946,1.9598358828620663,0.9391943071555092,-0.3094234624420706,0.25,-1,-0.04130394992414932
UC5pj2AEdQKnjU55Cg-wVtjQ,0.1301570444977247,-0.2604099321605491,-0.4089357182467017,0.0,-0.2217127734342647,-0.2478718084569988,-1.4691934072116326,0.5314453648910841,0.3823012114656116,2.1422071410112444,0.0,1,0.06913487386415335
UC5q2dZ2RmyK1pKk-iJA3lZA,-0.2379609312670046,-0.3482404430473675,-0.4421658271759854,0.0,-0.2217127734342647,-0.2478718084569988,-1.2936460303230384,-0.3540697714529395,-0.1044296449817549,-0.5978505922601076,0.25,1,0.10760326498330408
UC5s2tx8kT-IBf3mCnCtJkow,-0.0839622280274536,-0.0914236054241492,0.0169186998717217,0.0,-0.2217127734342647,-0.2478718084569988,1.0633831941688705,1.348685248007805,0.9459149893186702,-0.5978505922601076,0.25,1,0.10755451516125258
UC5vB70VlaMSe2DFFT69DrZg,-0.2805039796756119,-0.3680430014839613,-0.4008726438922529,0.0,-0.2217127734342647,-0.2478718084569988,0.9702229918334704,0.9394038747734365,0.6590178005419081,0.2674307971940035,0.0,1,0.10894264626875372
UC5vvZ1pVezgHVTYtsyvDV_A,0.3980310464258533,-0.1702485753877113,-0.1071961042962479,0.0,-0.2217127734342647,-0.2478718084569988,-1.560353797224921,-1.3737130345248083,-1.2147790919480497,-0.5978505922601076,0.25,1,0.059740255930872344
UC5w7gOfUIINxlBYz9jfpyJg,-0.2954568767697146,-0.3287460956370242,-0.3823094345201054,0.0,-0.2217127734342647,-0.2478718084569988,0.9988943261994432,1.1933111325479984,1.1744641529660305,0.5558579270120406,0.0,1,0.08587630798000273
UC5whgfTi1uxBF4wuRv7fTrg,0.0923309417257714,0.5459567968618576,0.9151999949799688,0.0,-0.2217127734342647,-0.2478718084569988,1.3494677420605188,0.5332909099257623,1.15012752203961,-0.5978505922601076,0.25,1,0.04997679199793148
UC5y0xv-7duPKoKPLjgpSpUA,-0.282744629362389,-0.0219220190046644,0.5100442989902646,0.0,-0.2217127734342647,-0.2478718084569988,-1.315910859336496,0.8244919776586825,-0.2333744393444839,-0.5978505922601076,0.0,1,0.09611907003056441
UC5y5aLBPYj44j9cLhqLvE9Q,-0.2545792007485059,-0.1267394521820175,-0.1217114256615109,0.0,-0.2217127734342647,-0.2478718084569988,-1.4857870599940723,1.4351105903104284,1.324542786008038,-0.4536370273510891,0.0,1,0.0777278611009315
UC5yZPfAo-iPYINF3_afqP7g,-0.0453001585382908,-0.1292115614550684,-0.1873727468030781,0.0,-0.2217127734342647,-0.2478718084569988,-0.9082797088826716,-0.1853645778637467,-0.6318327397646141,0.4116443621030221,0.25,1,0.10856273988448384
UC6-0sqmV4X7qGsEL6luxHlA,0.0433434784347206,-0.0371784648040636,-0.1972910840350474,0.0,-0.2217127734342647,-0.2478718084569988,1.092506119164053,1.7678173328036622,1.5323121647633575,-0.5978505922601076,0.0,1,0.08262815414270974
UC608o8zcADaTKqLJ5RlHkHg,0.1715227001455415,-0.1241159892800044,-0.1793845590414189,0.0,-0.2217127734342647,-0.2478718084569988,0.7232557593561045,-1.0599563161151393,-0.8258095585391808,-0.3094234624420706,0.0,1,0.1248808749038452
UC61VZNNDf53zcGgaohUwtcw,0.7380840165462572,-0.2192669706876325,-0.2008534378801003,0.0,-0.2217127734342647,-0.2478718084569988,-1.206225086055716,-1.194118341410486,-1.0202827234216163,-0.4536370273510891,0.25,1,0.09803023712133552
UC61f0Gy1kMxxYDSvhniIrig,0.4391820015165226,-0.4410504883270454,-0.4781715418213244,0.0,-0.2217127734342647,-0.2478718084569988,-1.4770721258380912,-0.3293868127483422,-0.1069824621981609,-0.4536370273510891,0.0,1,0.09613840612167779
UC62TjRKnWx07sWvUvMwqEKA,3.2857266217851726,-0.1583824508770675,-0.1806523936319808,0.0,-0.2217127734342647,-0.2478718084569988,-1.560353797224921,-1.3737130345248083,-1.2147790919480497,-0.5978505922601076,0.0,1,0.05924671462476089
UC63DKLqyQwe06Fqb-H5_dpA,1.6989311132743647,-0.1203825997656012,-0.0108736187891893,0.0,-0.2217127734342647,-0.2478718084569988,-0.9356545135597326,-1.373713034524808,-1.2147790919480497,-0.4536370273510891,0.0,1,0.09200011039770134
UC64MbaEbKlit8DXeUfJgO3Q,-0.1819860779071295,-0.225220213426816,-0.4187333703031771,0.0,-0.2217127734342647,-0.2478718084569988,0.6163753292523633,1.3651478271458797,0.2933453494254716,-0.3094234624420706,0.25,1,0.11692005658955701
UC64RiOUiMOmEC5nGSx_D9Jg,3.978054952948712,0.6759625785883612,0.6403654980017305,0.0,-0.2217127734342647,-0.2478718084569988,1.1883230509019085,-1.3737130345248083,-1.2147790919480497,0.5558579270120406,0.0,-1,-0.011869092792977542
UC64qjU9oXT4NZMZ-24uDtdg,-0.1152065933256027,-0.0853021919861188,-0.1628397255133406,0.0,-0.2217127734342647,-0.2478718084569988,1.0929337045087957,1.3081026355942031,-0.4560132062499408,-0.0209963326240335,0.5,1,0.07648550456255282
UC64rDRGjrrL_8N55q77Fcig,-0.2154457342086411,0.3306713950258925,0.6086905642853726,0.0,-0.2217127734342647,-0.2478718084569988,1.2137373977991563,0.5444871558952167,0.2021682468594871,-0.5978505922601076,0.0,1,0.11054315339776355
UC654iHwyqxCSDh6DXx7Zo9Q,-0.1578296150643171,3.181084018546958,2.22660640183018,0.0,-0.2217127734342647,-0.2478718084569988,-0.3199648126111783,1.7469476615467043,2.803085161862092,-0.5978505922601076,0.0,-1,-0.07082963046361368
UC66GMbg71SH6DoCMc0a2Q0Q,0.4335929846841138,0.8232568256046394,2.9809784832056865,0.0,-0.2217127734342647,-0.2478718084569988,-1.3104740837588456,-0.4014279336203034,0.2624015115464116,-0.4536370273510891,0.25,1,0.01133786719603358
UC66R1qBWIAPrioMbXmqGJVQ,-0.2290307492887862,0.4463190212089919,0.4016750407611166,0.0,0.6913574657089212,0.7154674764909068,0.914302576341602,1.9531742729078136,1.813884745449112,-0.0209963326240335,0.25,-1,-0.01774804035544364
UC6775lAYD18Vyr0_xT9VAtg,0.0503741654194594,-0.1677058344211448,-0.2697954892053886,0.0,-0.2217127734342647,-0.2478718084569988,1.1963504911047609,-0.2319588098936535,0.1004661731077225,-0.5978505922601076,0.0,1,0.13409743649570038
UC67rYMrvcAISJLafiMBGLUw,-0.272869107653479,-0.2545828174455008,-0.2478487167254029,0.0,-0.2217127734342647,-0.2478718084569988,0.2066228881641544,1.1418301125800214,1.326207254719431,-0.4536370273510891,0.0,1,0.1103452443264431
UC68YlmC5kxu6gU33mPVZwpg,-0.2204311298066633,-0.3202702924151358,-0.5211708976096018,0.0,-0.2217127734342647,-0.2478718084569988,0.7027520301478143,-0.1922489757079465,-0.1932222063936109,-0.5978505922601076,0.0,1,0.13519861640558867
UC68mcOGfZFMzdI2kGX3jwRQ,-0.0755468329792581,-0.2333933093907798,0.0299770201420244,0.0,-0.2217127734342647,-0.2478718084569988,0.8135034807027953,0.7869205230407585,0.2566648661720045,-0.4536370273510891,0.25,1,0.1197217406678685
UC6AHdxUHk8nx4h_mB93tH9g,-0.2971452048933387,3.580718140458996,6.492396426703909,0.0,-0.2217127734342647,-0.2478718084569988,0.4954233430436672,0.1387304557710884,0.0963378376179816,-0.4536370273510891,0.0,-1,-0.055511778282030244
UC6Bz1DB99wSDyFE5IuSQ8uA,-0.1600239945995627,-0.2227985553634193,-0.30380103915938,0.0,-0.2217127734342647,-0.2478718084569988,1.2507929792684274,2.407395691214933,-0.2415103966094989,-0.4536370273510891,0.0,1,0.06328043147476686
UC6E7u8mMp3ccAjBIDLox6Dw,-0.2753503963513071,0.0272376396822881,0.3495410665562019,0.0,-0.2217127734342647,-0.2478718084569988,1.043658326250497,-0.9813960376872304,-0.6975615507128018,-0.4536370273510891,0.25,1,0.08924831922047421
UC6F-JIL3kJpmdYaGhFWxRxw,0.1386713368363866,-0.0685389367250506,0.2292660759113777,0.0,-0.2217127734342647,-0.2478718084569988,-0.4358950866275817,-1.3737130345248083,-1.2147790919480497,-0.5978505922601076,0.25,1,0.07659898308401952
UC6HydYNXcAJ-2w02PyQORtQ,1.148478367016186,-0.2581144021212876,-0.4484124298936031,0.0,-0.2217127734342647,-0.2478718084569988,-1.248004155392327,-1.0496180008899734,-1.2147790919480494,-0.4536370273510891,0.0,1,0.0972065668690077
UC6IPVLzyOcCl870YqCml_Dw,0.1415730997337341,-0.3990952623786978,-0.5483096074227946,0.0,-0.2217127734342647,-0.2478718084569988,1.16672491372275,-0.6582920690111688,-0.2919582979605111,-0.5978505922601076,0.25,1,0.10528863307590441
UC6Ie9yG5HNoABD1sz7oM2Bw,0.1984338876594944,0.54426163621748,0.9533386306527089,0.0,-0.2217127734342647,-0.2478718084569988,1.221000550914999,-0.6087056123823842,-0.6567226574537041,-0.3094234624420706,0.25,1,0.06246595552827594
UC6KbEa3JA_BZixvZ2TB9yqA,0.3946475502156171,-0.3453445436132223,-0.4121229518468355,0.0,-0.2217127734342647,-0.2478718084569988,-1.5292532086714914,-1.130990330806672,-1.0529976671343628,0.4116443621030221,0.0,1,0.08322211034028404
UC6Ls8FLzq9ClLp0fs8_y8QA,1.259029043161969,0.0071076070303032,-0.3584436279238414,0.0,-0.2217127734342647,-0.2478718084569988,0.4701414351153667,1.2998785517581417,0.9600813425655068,0.4116443621030221,0.0,1,0.06809480408955199
UC6NOihAZ8N4s5daUf6kPCRw,-0.2846512080360275,-0.1465163263664238,-0.2341378424654418,0.0,-0.2217127734342647,-0.2478718084569988,-1.2084802544247863,0.7736933703644145,1.152970811786801,-0.0209963326240335,0.5,1,0.055484989626091163
UC6OyAAeXclPUfSXxrAMtEmg,0.7383586623748497,-0.2466029388802122,-0.3665603477550553,0.0,1.6044277048521072,2.160476403912765,0.5030132125377922,1.3762102248029568,0.8185385804560587,5.459119133918671,0.25,-1,-0.09257418734375034
UC6QO4NlE5E9RDRaJaAhkK1g,2.298887924274544,-0.3040250029065164,-0.424462988336917,0.0,-0.2217127734342647,-0.2478718084569988,0.2303444898452434,-1.0858124340505333,-1.0915326492433164,-0.4536370273510891,0.0,1,0.10747285408510066
UC6RUSSN_Z_YDT30BGtEFt8Q,1.6102695660749118,-0.358218775022227,-0.4456887127173619,0.0,-0.2217127734342647,-0.2478718084569988,1.3396065661225804,-0.6108671948295132,-0.7531189302189852,1.8537800111932077,0.0,1,0.06948651889751034
UC6RtHzv-6pHC02m4QrNKNEw,4.170323882094302,-0.3021078569396607,-0.2352527431583581,0.0,-0.2217127734342647,-0.2478718084569988,-1.0605943702927705,-1.3737130345248083,-1.2147790919480497,-0.3094234624420706,0.0,1,0.08027715803538849
UC6S3qNL6FWV9muKRlDPcbfg,-0.2896281854895448,0.6989450450169431,0.740941309248444,0.0,-0.2217127734342647,-0.2478718084569988,1.1883230509019085,-0.5634754504377208,-0.8850206077398007,-0.165209897533052,0.0,1,0.07173115096044802
UC6TgaFUM1kdhYINH8ZzE_0Q,-0.1519194987548824,-0.3321364169257795,-0.4206761810916822,0.0,-0.2217127734342647,-0.2478718084569988,-0.8107146568266947,-1.3737130345248083,-1.2147790919480497,-0.5978505922601076,0.0,1,0.10113565465929752
UC6UAQzp4bqwdDJmf7FeyZEQ,-0.2558853700067404,-0.2524638666400287,-0.3383786030939403,0.0,-0.2217127734342647,-0.2478718084569988,1.230119369011637,1.9535073157366127,1.624458138802212,0.123217232284985,0.0,1,0.065062750052092
UC6WV3j4sMlUhx1JK5o_fPrw,1.5327588969373669,0.1864238189433795,0.5108352687035718,0.0,-0.2217127734342647,-0.2478718084569988,0.1965729950297824,-1.2219489064314462,-0.9507640034851544,0.9884986217390964,0.0,1,0.04872026850433825
UC6Xqg-0RPyO5ampqEuigqCw,0.5028680599429999,0.0030210590483213,0.0023080721159122,0.0,-0.2217127734342647,-0.2478718084569988,1.4210199370472394,-0.712787996448099,-0.849272822721821,-0.3094234624420706,0.5,1,0.05429247617029209
UC6ZCwWBZQm7I2308A2mDpFg,0.1383972423795134,0.3761582056500269,0.3747164190554688,0.0,-0.2217127734342647,-0.2478718084569988,0.7268125023635169,-0.533718481020856,-0.1642580709468002,-0.4536370273510891,0.25,1,0.10411251166786123
UC6_JufbI6FsAwTa3EdkHT3Q,0.7527738858625702,-0.0455130046389205,-0.1882640684041051,0.0,-0.2217127734342647,-0.2478718084569988,1.395169568703215,1.4014978921507322,1.1514958435261358,-0.4536370273510891,0.0,1,0.08342304054713823
UC6_su8-WzjsoowXTUNdCmBQ,2.9921745492678222,-0.2702630534059943,-0.4191828881374345,0.0,-0.2217127734342647,-0.2478718084569988,-1.0605943702927705,-1.3737130345248083,-1.2147790919480497,-0.5978505922601076,0.0,1,0.09470278633702384
UC6_t_QixcXNbYU7vzyF5sFQ,-0.0351723900244104,-0.3845451335144561,-0.3677857796252981,0.0,-0.2217127734342647,-0.2478718084569988,0.8759734090693138,0.8949522009190359,0.4709717377945974,-0.4536370273510891,0.25,1,0.11458706438044164
UC6avWoJ6ZsOxFvkozDYNSdA,-0.2973757644034804,-0.2177130734302863,-0.0416883123919724,0.0,-0.2217127734342647,-0.2478718084569988,-0.4830151526157359,1.2679391727091631,1.9929290870722975,-0.5978505922601076,0.25,1,0.0687969745008481
UC6bYAwpr3B-4UEUW8l99HVQ,-0.289798027852496,-0.282129177916638,0.057638055153534,0.0,0.6913574657089212,0.7154674764909068,-0.6535706397419568,0.4071335818205145,1.9294195118349504,-0.4536370273510891,0.25,1,0.016434102885033275
UC6bnFDmc7SzET3ZCtRoPBLA,2.550318227761565,0.0939845900546592,0.1298850537205524,0.0,-0.2217127734342647,-0.2478718084569988,1.1440883800573605,0.8949522009190368,-0.8582658034842142,0.9884986217390964,0.0,1,0.05257736890553444
UC6f1RqNI_0MLcn8E7sf_3HQ,1.062919564044645,-0.4482549210656505,-0.4074457207301114,0.0,-0.2217127734342647,-0.2478718084569988,1.382214932934444,0.1238499656652477,-0.4573307508805409,-0.5978505922601076,0.0,1,0.10354988416009087
UC6fJ8RpEsxuRUrUMD7UBm0A,2.107317115471851,0.0520596348321041,-0.173582507661054,0.0,-0.2217127734342647,-0.2478718084569988,-1.435413940491883,-1.373713034524808,-1.2147790919480497,-0.3094234624420706,0.0,1,0.07713475740468267
UC6gWyg1Tfm8N8KKjKFh6kCw,-0.0225603852635743,-0.1079043339111544,-0.332444726207511,0.0,-0.2217127734342647,-0.2478718084569988,0.4942924068786692,-0.6855571608534881,-0.5938514640357159,-0.0209963326240335,0.25,1,0.11676868001170049
UC6go1s-xIqdUA7cLRMgGlnA,2.0638857714373784,-0.330158729507339,-0.3793206170856629,0.0,0.6913574657089212,0.7154674764909068,0.7199564387528222,-0.0501884919237317,-0.2371827961721887,0.4116443621030221,0.25,1,0.0380250552778405
UC6hBEBavyQUBFOmrSFKUb5A,-0.1842749268205187,0.0169455929128523,0.0490503997270066,0.0,-0.2217127734342647,-0.2478718084569988,-1.3831936823962765,1.9059400979332808,0.5589322087384155,-0.3094234624420706,0.25,1,0.060099124005804305
UC6hzVjMe6SAsO9bKPbduixA,-0.2738840231745564,1.2689428116889374,-0.1470588757228093,0.0,-0.2217127734342647,-0.2478718084569988,-1.4902773267587597,-0.1342593331747662,-0.8721126323074914,-0.5978505922601076,0.25,1,0.04953863153717741
UC6i8rwX1tcutmOD6e3YmEDQ,0.3442950874501858,-0.2906049811385264,-0.3413537206710911,0.0,-0.2217127734342647,-0.2478718084569988,-7.467840858561286e-05,1.5446666012486463,0.5233104203476577,-0.5978505922601076,0.0,1,0.10030154507928807
UC6iFcNVNzw6BuFBXhhFqehQ,-0.249080973935469,-0.5067379632966804,-0.4312388300601653,0.0,4.343638422281664,3.605485331334624,1.067657487346698,0.6358312928156943,1.0574048401380518,0.2674307971940035,0.0,-1,-0.04312599622959323
UC6iTV3pZcOTqDsj2av06aQQ,-0.280105876229568,-0.3940097804455648,-0.3847207830771448,0.0,-0.2217127734342647,-0.2478718084569988,-1.435413940491883,-1.3737130345248083,-1.2147790919480497,-0.5978505922601076,0.0,1,0.07881452806601236
UC6ijYlBqUdwO8o2t6Q6T6Lw,0.3531835144104683,-0.3160323908041916,-0.3453058509919452,0.0,-0.2217127734342647,-0.2478718084569988,-0.2563822241732974,2.407395691214933,-0.0953987204201474,-0.4536370273510891,0.25,1,0.060518754207762204
UC6j0zds21gc-vAyK3UoRItQ,-0.197284118930902,0.7773462248194107,0.653722014116173,0.0,-0.2217127734342647,-0.2478718084569988,1.0871840497345222,-0.9107114520115556,-0.6805882007103973,-0.5978505922601076,0.0,1,0.07254811351924462
UC6lRPBNqMhMizaFpw50SW0w,3.6930816136884337,-0.3745154330352215,-0.4396126522653822,0.0,-0.2217127734342647,-0.2478718084569988,1.1883230509019085,-1.3737130345248083,-1.2147790919480497,-0.5978505922601076,0.0,1,0.0720556407877953
UC6lV6VuuP288neus2M62TTA,0.9216510476068972,-0.3807567063167939,-0.1473829162227239,0.0,6.169778900568036,3.605485331334624,0.9265887159496072,-0.8696140798543208,-0.4268621207532966,3.440129225192412,0.0,-1,-0.11406356753205893
UC6lgJxQP_5DIKMdNgTwKDKg,-0.0590259982158445,-0.5017937447505788,-0.5217867131110053,0.0,-0.2217127734342647,-0.2478718084569988,-1.288850692378544,-0.2560020836449002,0.0453931584824249,-0.4536370273510891,0.0,1,0.10276654306398597
UC6oCXyWQ3euJ17NcyyVVvnQ,0.0520223396971959,-0.0160831323406969,0.0200368000577835,0.0,0.6913574657089212,0.7154674764909068,0.6138113615103917,0.7579900698353466,0.0518379480688628,-0.0209963326240335,0.25,1,0.06896336112215434
UC6ovhvd2Vi673O5Ha9BU52Q,0.9177303031157342,-0.1308360904059303,0.1801400225844346,0.0,-0.2217127734342647,-0.2478718084569988,-0.1492557713731782,-1.0648303568522637,-0.8936007660293951,0.123217232284985,0.0,1,0.10175274830655784
UC6pOSsS5bNbfqTU5761s59Q,-0.206330353788857,0.5942688752266215,1.4389031215714712,0.0,-0.2217127734342647,-0.2478718084569988,1.3943539581846338,1.1349068891345846,0.0799895540139427,-0.5978505922601076,0.25,1,0.03402068201634173
UC6qMCsx3sQPw6JPSMZUuzdw,-0.2433176170297425,-0.17971322231882,-0.4031518519873017,0.0,-0.2217127734342647,-0.2478718084569988,0.5719555818886978,0.6932973764376079,0.7320751468957293,-0.4536370273510891,0.0,1,0.13089129383412323
UC6qtZM95tKqhiUEC3I_Wgvw,-0.1309376791032195,-0.3874713036743938,-0.4219644987675386,0.0,-0.2217127734342647,-0.2478718084569988,-1.00370105179649,-0.0269005315638286,-0.8587894023115047,-0.3094234624420706,0.5,1,0.0693754932364074
UC6rDCBjaBOAtuJTBhSUUuRw,-0.1694974700858675,-0.3621784305678062,-0.5982215052199363,0.0,-0.2217127734342647,-0.2478718084569988,0.0638643403045688,-1.3737130345248074,-1.2147790919480497,-0.0209963326240335,0.0,1,0.08771012283136065
UC6sBBrdwoOiKozAC0m9tVnw,2.7597049189050646,0.0131113009791408,-0.4263987773304814,0.0,7.995919378854408,4.56882461628253,0.0922474408721799,-0.7582456340686993,-1.0524214085273222,1.2769257515571333,0.0,-1,-0.12970239456277843
UC6sdQWmyPSfDAExfX2PGAEg,1.1718436302084354,-0.0893046546186772,-0.0224128620409708,0.0,-0.2217127734342647,-0.2478718084569988,-1.0200145628441923,-1.017297198742137,-0.84032962413477,0.4116443621030221,0.0,1,0.09729718855071956
UC6uVYJChxOZyHzebID-Fz6g,-0.285542917475394,0.7204372603295885,1.6510113213915525,0.0,-0.2217127734342647,-0.2478718084569988,1.428484398017109,0.407268168309815,1.1973810431554142,-0.3094234624420706,0.0,1,0.030474028170506984
UC6vCr4E4rxWGyoPzLxnP4Ig,1.0888892061785451,-0.1556441144515344,-0.2014108570954969,0.0,6.169778900568036,3.605485331334624,-0.7937764442329965,-0.6143903743728756,-0.7013909582229446,2.430634270829282,0.0,-1,-0.08304897722107263
UC6wUO8f5IM0ZtGfdwUBZXRg,-0.0581479925786902,0.465154139479855,0.6633274359468936,0.0,-0.2217127734342647,-0.2478718084569988,0.7480250555195204,1.2138445239456777,1.130114424094813,-0.4536370273510891,0.0,1,0.09935814503985824
UC6xhFw_JuChyPaD_UK4vS-Q,-0.2018776143822831,-0.1465163263664238,-0.2813408580203499,0.0,-0.2217127734342647,-0.2478718084569988,0.9026243122624944,0.8949522009190368,-0.4731193935619531,-0.4536370273510891,0.0,1,0.12269749228342103
UC7-JMqy2bn858FObKykUKRw,-0.2061956047464228,-0.3336903141831257,-0.3722565939516007,0.0,-0.2217127734342647,-0.2478718084569988,0.6260936956032384,0.8949522009190359,0.4709717377945974,-0.4536370273510891,0.0,1,0.12776800085229778
UC7-VeFEddqp3kYF4qTEmgBQ,-0.2643301642083049,-0.0253123402934198,0.1451971043710795,0.0,-0.2217127734342647,-0.2478718084569988,0.3220148457651114,1.6165430763671065,0.9640533860362108,-0.5978505922601076,0.0,1,0.1109653426938626
UC70kw8IOdRbbEfKnYlSI2bQ,-0.1769645689133955,-0.1448211657220461,-0.3293202969455349,0.0,-0.2217127734342647,-0.2478718084569988,0.4303520958517035,0.5795022860492793,-0.3803861564644403,-0.5978505922601076,0.0,1,0.12995579579255684
UC74FShHozIYkwzmqHf6HLuw,1.914490977573276,-0.0864793868780477,-0.0772214849182726,0.0,-0.2217127734342647,-0.2478718084569988,1.0218429013612336,-1.0858124340505324,-1.0915326492433188,-0.4536370273510891,0.0,1,0.10025922715064695
UC74WFSxB3jgqjHmxw1TeeMg,1.1951532661039403,-0.4423218588103286,-0.5597778603190705,0.0,-0.2217127734342647,-0.2478718084569988,-0.0362249894027806,-1.1667200510605331,-1.022931991997981,-0.5978505922601076,0.0,1,0.09691286500891472
UC74tCd0BCk90bxYx8_SRQuw,3.1678841620709264,-0.1516018082995568,-0.2997572974013523,0.0,-0.2217127734342647,-0.2478718084569988,0.438683910503682,-1.3737130345248074,-1.2147790919480497,-0.5978505922601076,0.0,1,0.09307995147455123
UC77AmJ-pGTH7kehrRW112kg,-0.1991771663241553,-0.3674926246513711,-0.4158057542546721,0.0,-0.2217127734342647,-0.2478718084569988,1.3631699001975013,-0.0403445696317104,1.4807530551602963,-0.3094234624420706,0.0,1,0.0859725676989459
UC78GS5rpJd7kikd5Rw6MAQg,-0.2985747696962478,-0.2346646798740631,-0.4251754834995844,0.0,-0.2217127734342647,-0.2478718084569988,-0.4522998508081947,0.6834735425262476,0.824284278731605,-0.5978505922601076,0.0,1,0.11799116042844315
UC79VfI_KYuCToVp7OAOrJZQ,1.0924604014990136,0.0162190954938332,-0.1466462187216698,0.0,-0.2217127734342647,-0.2478718084569988,0.9510021059043676,0.6356761740111688,0.4909907494249269,0.123217232284985,0.0,1,0.10601437927835433
UC79fBLH9Y4rwOF5yYPZmIFw,-0.0116011605554631,0.0505460985424812,-0.2899972301034237,0.0,-0.2217127734342647,-0.2478718084569988,-1.4856778321176023,-0.0562245257031114,0.0745156773575546,-0.4536370273510891,0.0,1,0.11020202659437872
UC7As1Gp59jLNWOeUWVyjOrA,-0.135494828116287,-0.3002916133921132,0.0546380169016923,0.0,-0.2217127734342647,-0.2478718084569988,-0.1199962590430875,0.1462721661535091,-0.0754215761829814,-0.3094234624420706,0.25,1,0.11490682280785097
UC7BdIUFT18MPHmSA2WL09pQ,0.1481680306001652,-0.1369810477417994,-0.1290069867560927,0.0,-0.2217127734342647,-0.2478718084569988,0.0066427384617434,-0.6240779044800727,0.0233474783404649,-0.165209897533052,0.25,1,0.1143650364502048
UC7DPOUD6UtFBkmgmEkMMihA,1.23017937024101,-0.3517518472392927,-0.4188066422011529,0.0,-0.2217127734342647,-0.2478718084569988,0.8757960726810358,0.2471564297135,0.0180912511457437,-0.3094234624420706,0.25,1,0.10172825983363093
UC7DUl54uby1kgU8lQrJcrhQ,-0.176582668481537,0.0984343867461507,0.1656175288021137,0.0,-0.2217127734342647,-0.2478718084569988,-0.8052778812490444,0.8414156272588444,1.2738375415237653,0.123217232284985,0.0,1,0.09619451227909226
UC7F0cTeOtWqr1xfFWAVASiQ,0.2137741832030649,-0.0388736254484412,0.2317758634672493,0.0,-0.2217127734342647,-0.2478718084569988,0.6191208934733938,0.8877171980948225,0.3063294712632893,-0.5978505922601076,0.25,1,0.10918700532347558
UC7GMWBDGjr-4_C3DgYiQbIw,2.845812736626298,-0.2134751718193421,-0.4070839673331402,0.0,-0.2217127734342647,-0.2478718084569988,0.2576207885926033,1.549727587152002,0.6964583373528092,-0.5978505922601076,0.0,1,0.04610966546297629
UC7HFQmnGGXd8bDBPJ7pmfmQ,0.1320278942691127,-0.1049848905791707,-0.0712048057163608,0.0,-0.2217127734342647,-0.2478718084569988,1.3649548835429812,-0.5422491866132765,-0.6005630163016897,-0.5978505922601076,0.0,1,0.120919181813613
UC7IYnS66R24-XwUR7gdxYlQ,4.024129486657535,4.848274512292404,0.9013843512697908,0.0,-0.2217127734342647,-0.2478718084569988,-1.0605943702927705,-1.3737130345248083,-1.2147790919480497,-0.5978505922601076,0.0,-1,-0.061620939613615144
UC7Ic8lvjPqqwCNbtpJ_toZg,0.1984711494224133,-0.2462996461150189,-0.2065635119391413,0.0,-0.2217127734342647,-0.2478718084569988,0.1492099603204886,-0.6636926539134079,0.024650332980377,0.2674307971940035,0.0,1,0.1244021244656166
UC7LWv1EMV_oazncor2Bs4hQ,0.0658347923358278,-0.3753630133574103,-0.384286231893646,0.0,-0.2217127734342647,-0.2478718084569988,-1.4138158033127253,-0.6582920690111699,-0.29195829796051,-0.5978505922601076,0.25,1,0.107072616207469
UC7Lsn0GF30lPeyvmp-SUf4A,4.001325891755937,-0.4262178326887407,-0.4882407312447757,0.0,-0.2217127734342647,-0.2478718084569988,0.8135034807027949,-1.373713034524806,-1.2147790919480497,-0.4536370273510891,0.0,1,0.0728961914860875
UC7Nn2LPIbWPfZBvG9T0atCg,-0.171458013764063,-0.1246205013765454,-0.1762550810072677,0.0,-0.2217127734342647,-0.2478718084569988,0.694000399547408,0.4534234618502779,0.32132930565197,-0.4536370273510891,0.0,1,0.13578303555693594
UC7Nuq6vWm1wWwmWFvqATaCw,-0.145525823517689,-0.008360733849643,0.2032285343929342,0.0,-0.2217127734342647,-0.2478718084569988,-1.1952525933766829,0.9496873981980948,0.749428221954068,-0.5978505922601076,0.0,1,0.10208308456552168
UC7P5m5O6Ei2CacES6tiRGVg,0.0581247997532039,-0.0549776515700292,-0.0746200157032428,0.0,-0.2217127734342647,-0.2478718084569988,0.4797729154065338,0.3337660581128969,-0.1339918702841102,0.123217232284985,0.5,1,0.09801889157669963
UC7RYehfeXhmAy4-tPluPrOw,0.0632703348569351,0.3662697685578238,0.0798863636786255,0.0,-0.2217127734342647,-0.2478718084569988,0.6806667013244858,1.2053907789479308,2.142471704483573,-0.4536370273510891,0.0,1,0.07241039023439177
UC7RZl2LQ5EipCtuG9NK0lhg,-0.1143321680409225,1.0457466601792096,0.7700359341103779,0.0,-0.2217127734342647,-0.2478718084569988,-1.143993934218171,-1.0858124340505328,-1.0915326492433173,-0.4536370273510891,0.0,1,0.051009453140774874
UC7RwKs1359DW1pf7yWwfylg,0.1983220733648518,-0.1138844839621535,0.0733413637393343,0.0,0.6913574657089212,0.7154674764909068,0.9077912204200174,-0.4650374120044275,-0.2226069157239362,0.123217232284985,0.75,1,0.0063886233015578164
UC7V23X7ASxoDBxXo8kgzlHQ,0.3551452061129035,-0.3092517482266809,-0.3899674697836599,0.0,-0.2217127734342647,-0.2478718084569988,1.2867876237159188,0.6730243375449563,-0.4700544735529376,-0.5978505922601076,0.0,1,0.11751417908431905
UC7X7G6T9Qra2Ehf8l61iyeg,3.210097524851357,28.02140304770933,3.96099397549229,0.0,-0.2217127734342647,-0.2478718084569988,-1.1855342270258078,-1.3737130345248083,-1.2147790919480497,-0.4536370273510891,0.0,-1,-0.1049968295501219
UC7bWUQP6sXnrz_EmJkj1iWw,2.59029714040264,-0.2561720305496048,-0.1769297876752059,0.0,-0.2217127734342647,-0.2478718084569988,1.2821623190815163,-1.130990330806671,-1.049190524490658,-0.165209897533052,0.0,1,0.09347269821526288
UC7bY4ZYmRgqEUkT69ro7eeg,-0.0460441301314547,-0.0417796151245173,-0.1935438115087817,0.0,-0.2217127734342647,-0.2478718084569988,0.7664721639331152,0.3965719827513251,1.750890645999998,-0.3094234624420706,0.0,1,0.10608491038466589
UC7bnkYpXPdmyu0Aj7SQCgDg,-0.1380827606676772,-0.1274457691171749,-0.3080645101472199,0.0,-0.2217127734342647,-0.2478718084569988,-0.2054962291578605,-0.2260182511621697,0.5898416888208293,-0.4536370273510891,0.25,1,0.11125770167122606
UC7c8hy8BwXvS7IplJuBXq5Q,0.9177017065268958,-0.3499356036917452,-0.4934909037271967,0.0,-0.2217127734342647,-0.2478718084569988,-1.518813504417284,-1.0858124340505328,-1.0915326492433175,-0.4536370273510891,0.0,1,0.08728335856423092
UC7dVsiyJVPNLlEfnOQARrTQ,-0.265843868949887,-0.2906049811385264,-0.225813373376849,0.0,-0.2217127734342647,-0.2478718084569988,-0.5849757044548501,0.7255437152358908,-0.2744559256195801,-0.5978505922601076,0.0,1,0.12553932557357894
UC7fY7MYRqJX-Mw5iwr1nlow,3.586120979268338,-0.258290981355077,-0.461964465211939,0.0,-0.2217127734342647,-0.2478718084569988,0.5636237672367195,-1.373713034524806,-1.2147790919480497,-0.165209897533052,0.0,1,0.08850968346754795
UC7fYBo-qbr-e9RK25CGqfkw,-0.0340298353900722,-0.4368125867161012,-0.4529957570327966,0.0,-0.2217127734342647,-0.2478718084569988,1.334925454972121,-0.7960927591164815,-0.5721571538418362,-0.4536370273510891,0.5,1,0.059210298413243656
UC7fbSuuLNc893O6_Jn0jzoQ,-0.0768936086311955,-0.0024276715943211,-0.4845280222326454,0.0,-0.2217127734342647,-0.2478718084569988,-1.3403766507507686,1.219047234553872,0.4939952910215597,0.123217232284985,0.25,1,0.09022909211324392
UC7gwNinqwqxbdutEeuDEgAw,-0.2842640649264562,-0.0066655732052653,-0.1868170577092703,0.0,-0.2217127734342647,-0.2478718084569988,1.010631632153227,0.3663163376553918,1.1583907424834972,-0.5978505922601076,0.0,1,0.1200775335357172
UC7hV6LtH6GD1_wggLpZlMpg,1.4562049847525755,2.3909895852689265,0.1725392911180248,0.0,1.6044277048521072,3.123815688860671,0.9567581645202872,0.9735064526885006,-0.1165206621620426,1.132712186648115,0.5,-1,-0.11974892563737172
UC7halm3jzebc_q0sQUs1LPw,1.2399027192710923,-0.1667278571263115,-0.251485429658031,0.0,0.6913574657089212,0.7154674764909068,-1.560353797224921,-0.5759406440390606,0.9253422445100264,0.5558579270120406,0.0,1,0.006432735780079135
UC7iHaDNj9YoPJ3-xHlMsG_w,1.0363852964120568,-0.3151848104820028,-0.4887939841197338,0.0,-0.2217127734342647,-0.2478718084569988,-0.8107146568266947,-1.3737130345248083,-1.2147790919480497,-0.5978505922601076,0.0,1,0.09972852346748251
UC7iTI44nyA4mNGO3yv4SOsg,0.1243503911356828,0.1686294479746991,-0.0167086396192131,0.0,4.343638422281664,2.6421460463867183,0.914977922424316,0.6187163583349423,0.8768333574767544,0.2674307971940035,0.25,-1,-0.03445615147487546
UC7iUr7ByRqKJeRs1hZEqwpA,-0.106828692168696,0.4693920410907992,0.2194292327547748,0.0,-0.2217127734342647,-0.2478718084569988,-0.0986759323903735,-0.0343250844918771,1.312523703059,-0.4536370273510891,0.25,1,0.0779743377283581
UC7jP5PmYlmh97umGfVnrNww,-0.0051095268183813,-0.1994900965032262,-0.2158491294569023,0.0,-0.2217127734342647,-0.2478718084569988,-1.0546990098718223,-0.2393804168028858,-0.4765416391203118,-0.165209897533052,0.25,1,0.11778116244894499
UC7l-ReHmQ-vmmgUIqw1IEqw,-0.2700047958737522,-0.2828770429068047,-0.380654095737145,0.0,-0.2217127734342647,-0.2478718084569988,0.4618370719530519,-0.0462698953817444,-1.021805372132089,1.132712186648115,0.0,1,0.09541846761342015
UC7l4tDRQJK6MvfiCoUvbpTQ,0.09328505453506,-0.1645274082129366,-0.1175104088701771,0.0,-0.2217127734342647,-0.2478718084569988,-1.1296645301322032,-0.6530597366761616,-0.4468994178007806,-0.165209897533052,0.25,1,0.11274237449149987
UC7lDXRL5vZt-yRF3BCPu6IA,1.3029505017677212,-0.394545094333263,-0.3374882614673622,0.0,3.430568183138479,5.0504942587564825,-1.355392403327454,0.5394219486523584,0.3932206451578434,1.421139316466152,0.0,-1,-0.06956525840807515
UC7luQxKQrI-LcB69hiPgy9Q,0.261520214911156,-0.1104941626733981,0.1241814790923488,0.0,-0.2217127734342647,-0.2478718084569988,1.2390651179400725,1.502579374317838,2.6775799183059994,-0.4536370273510891,0.0,1,0.03994700903352538
UC7mUW9Us-WPBl-Tm0mH7cPA,0.0574486155099649,-0.1758789303851086,-0.2673920369558198,0.0,-0.2217127734342647,-0.2478718084569988,-0.0541839671661278,0.2106781210972206,0.3597861905912859,0.7000714919210592,0.5,1,0.07761699528207522
UC7nvDbIO9Q7ZwmskhpC0fwQ,-0.1284707157215878,0.1155272565769589,-0.0819270191684947,0.0,-0.2217127734342647,-0.2478718084569988,0.0443834843082148,-0.2260182511621697,0.5898416888208293,-0.4536370273510891,0.25,1,0.10075542649658192
UC7nydkMEMjHIOHVVvXe3A7Q,2.0889740848013485,-0.2227985553634193,-0.3356001668556876,0.0,-0.2217127734342647,-0.2478718084569988,0.5431356132790623,0.2957422084457026,1.250591788101659,-0.0209963326240335,0.0,1,0.06875845835152938
UC7pg904ryeNYNJsVVLR4Sgg,-0.0672356556764406,0.0307050137276061,-0.196798079798461,0.0,0.6913574657089212,0.7154674764909068,0.3655327460045093,0.1037210160646546,0.0177979982696802,0.2674307971940035,0.25,1,0.06454287467047848
UC7qqe8CihxjtaXb79-C0WFA,3.5880917274633943,-0.2280959323770996,0.0194259854262845,0.0,-0.2217127734342647,-0.2478718084569988,1.0633831941688707,-1.3737130345248083,-1.2147790919480497,-0.165209897533052,0.0,1,0.0746662961522756
UC7rDdDWLKpJ8slc33kA991w,1.8924288905680335,-0.2948428827494707,-0.1950889268090878,0.0,-0.2217127734342647,-0.2478718084569988,0.766383414714641,0.4362803751197968,-0.1556871481687623,-0.4536370273510891,0.0,1,0.1003816902797971
UC7r_jS3XLZu-QFgIUGYwiiw,0.2473219210065761,-0.1465163263664238,-0.3473168942565544,0.0,-0.2217127734342647,-0.2478718084569988,0.4862681046881109,-0.8682636245700189,-0.9440894503549014,-0.165209897533052,0.5,1,0.07582961188930937
UC7ss4YV7qGsx_sPfo3R2caA,3.963154893886038,0.7603946183756339,0.6134033956433612,0.0,-0.2217127734342647,-0.2478718084569988,-0.0195352236208319,-1.0858124340505333,-1.0915326492433164,-0.4536370273510891,0.0,1,0.01920618647152561
UC7uTn5RYQjqF1hUV4txYm5Q,0.0219318528596065,-0.0121748452994928,-0.1571294061260393,0.0,-0.2217127734342647,-0.2478718084569988,0.5262623229709497,-1.1017232951455258,-1.076474293938054,0.123217232284985,0.0,1,0.10841200789760075
UC7vr3LZULmd5KuGcisMrMzQ,1.1889859301488472,-0.1823030510810637,-0.3990838854103705,0.0,0.6913574657089212,0.7154674764909068,-0.5638434401773754,-0.5146623221067759,-0.841445911001594,-0.0209963326240335,0.0,1,0.044871459390637525
UC7zVlvrs_Uqc8rd32FCXGtA,1.9946702570759949,-0.2936068281129452,-0.3869187693051071,0.0,-0.2217127734342647,-0.2478718084569988,1.2082518489840426,1.1638712106216471,0.2637531759857939,2.1422071410112444,0.0,1,0.02720028752308623
UC81iGvzVHDDpGrTI63n_DVg,-0.1371696747468972,-0.3040250029065164,-0.4217605742705697,0.0,-0.2217127734342647,-0.2478718084569988,-1.4064104670163105,0.2467621336493667,1.3267547899604293,-0.4536370273510891,0.0,1,0.09833342316045329
UC82CrDe4dMsfUwPjQN_3k0w,0.0712604573694951,-0.2764786424353792,-0.507509983157289,0.0,-0.2217127734342647,-0.2478718084569988,-1.3277478393427236,1.3270789124321505,-0.9537190297598366,-0.4536370273510891,0.0,1,0.0753145771494762
UC856jQ19ooOGZjUs8v-JlxA,-0.1711525296979365,-0.445712180099084,-0.4751222199906857,0.0,-0.2217127734342647,-0.2478718084569988,-1.1027658922596968,0.0506711899662962,0.8552116736993506,-0.5978505922601076,0.25,1,0.0927415319329582
UC85nuGLJFY-M0eyEs3LcTBA,2.820680331609853,0.0893935299761363,0.1117571560443453,0.0,-0.2217127734342647,-0.2478718084569988,-1.3104740837588456,-1.3737130345248083,-1.2147790919480497,-0.4536370273510891,0.0,1,0.07448875031753088
UC86ElgDU_mispgIMab_SVzw,-0.2197967109120086,0.0321818582283896,-0.1381926296016236,0.0,-0.2217127734342647,-0.2478718084569988,-0.8613157335363417,-0.1853645778637467,0.0348988617193974,-0.4536370273510891,0.0,1,0.12515125241785158
UC86S4UCiVamj5iLqsdjX7DQ,0.933815627807593,-0.0052529393349506,0.2258208844790019,0.0,-0.2217127734342647,-0.2478718084569988,-1.143993934218171,-1.0858124340505328,-1.0915326492433173,-0.4536370273510891,0.0,1,0.09441803526413445
UC86XsdejS2XfwxoYWfepHPQ,-0.2843359685881357,-0.1945458779571247,-0.1699356715828779,0.0,-0.2217127734342647,-0.2478718084569988,0.432109369790372,1.1110155566755937,1.2487322299475985,-0.4536370273510891,0.0,1,0.11084804562706774
UC86pnWLjPLu-gHLrUr7Zs3g,-0.1121230154058019,-0.1549921295883122,-0.1937681226128345,0.0,-0.2217127734342647,-0.2478718084569988,-0.8855264611674972,-0.9101564524295648,-0.6230920031228889,-0.3094234624420706,0.25,1,0.11607034528907872
UC8717GfKidzurrq1pHO5BOw,3.813092247561495,-0.1193937560563809,-0.1278827522303637,0.0,-0.2217127734342647,-0.2478718084569988,-1.560353797224921,-1.3737130345248083,-1.2147790919480497,-0.5978505922601076,0.0,1,0.049619318622501296
UC87DIrva7SxY68qjqXw2fVQ,0.7115898116524157,0.1070514533550705,0.2144066827011961,0.0,-0.2217127734342647,-0.2478718084569988,1.252814512063411,-0.1783727472201524,0.7739031961421524,-0.4536370273510891,0.25,1,0.08388377308114442
UC87qHreU8T2aEw9Cd2GJ06Q,1.3309726024676265,-0.1597597689006244,-0.3730205199267599,0.0,1.6044277048521072,1.1971371189648596,-0.4296312165159582,-0.5918009310364131,-0.2831141085720543,0.9884986217390964,0.5,-1,-0.009473718649932072
UC88Mayyqdzypt-avzbyapSg,-0.29734221380595,-0.0836541191374182,-0.0531884750702856,0.0,-0.2217127734342647,-0.2478718084569988,0.4526790616363285,-0.1434499186326203,-0.2246772148574033,0.4116443621030221,0.0,1,0.12289619017616266
UC895dogyBMHai0816Ko7pKw,-0.0616618097823763,0.4032000540246232,0.4951864339533587,0.0,-0.2217127734342647,-0.2478718084569988,0.9618899099637525,1.2942684997936331,0.241168063030616,0.7000714919210592,0.5,1,0.05111009368936986
UC89z8fybC4G3CAujFCDrTxQ,3.172568042390352,-0.108375211867926,-0.3059894547176605,0.0,2.517497943995293,1.6788067614388125,-1.435413940491883,-1.373713034524808,-1.2147790919480497,0.2674307971940035,0.0,-1,-0.02692943178446905
UC8BFlm9kWiVWNScc_NWSRow,0.3218186602563488,-0.498262160074792,-0.5282982145770576,0.0,-0.2217127734342647,-0.2478718084569988,1.3670440617932635,-0.7632954703965965,-0.6219351802019154,-0.5978505922601076,0.0,1,0.09123613471889847
UC8BnLISTjGRD5L5BTAzz1aA,0.6291246438314316,-0.0038403054646359,-0.0591140164267634,0.0,-0.2217127734342647,-0.2478718084569988,-1.340471436379155,0.946827790025927,1.5793844086554345,-0.4536370273510891,0.5,1,0.04360013509069205
UC8Bo7fR7Ju87SSuBftYPYww,0.6293913253365114,-0.1853637578000789,-0.1999353735986777,0.0,-0.2217127734342647,-0.2478718084569988,1.266231590865266,-0.1319673943378749,1.0399058802213452,-0.4536370273510891,0.0,1,0.1005209845574001
UC8CAwrilPdOe1Tvl6u9Q62Q,-0.023356587027268,-0.4097371042017355,-0.4506161821258095,0.0,0.6913574657089212,0.7154674764909068,1.08116809855056,0.673634413041597,0.0862690378391625,-0.0209963326240335,0.25,1,0.06622853993873873
UC8CidO3_doF3ay2xSyHNVvA,3.801006153463753,0.6341051503694969,1.100989348637409,0.0,-0.2217127734342647,-0.2478718084569988,0.7635964881402397,-1.0626533451216789,-1.1363133422457792,-0.5978505922601076,0.0,1,0.01815994926092296
UC8DFXsqqMkQmq0YSJtfYYtg,0.1466347986459623,-0.2319806755204651,-0.2962677831757538,0.0,-0.2217127734342647,-0.2478718084569988,-0.2072740088583371,1.147778942576362,1.0824379601722451,-0.4536370273510891,0.0,1,0.1092993675795515
UC8FOOSJ9E15HCQXTxEtWxdw,-0.1894666577296744,-0.1804195392539773,-0.4110696545045164,0.0,-0.2217127734342647,-0.2478718084569988,0.2606122221864683,0.1268133606664709,0.6736227191040622,-0.5978505922601076,0.25,1,0.11774231642442601
UC8I4eIk2ttQkhrH2xkiQ7Xg,1.7958511251454596,-0.4288665211955808,-0.5148383391646183,0.0,-0.2217127734342647,-0.2478718084569988,0.5791240491916836,-1.232377484512112,-1.025413679557328,-0.165209897533052,0.0,1,0.09680794741400967
UC8K914ktRiWW6U24xNjUGGA,-0.2309506173699463,-0.3075565875823032,-0.3902649056439141,0.0,-0.2217127734342647,-0.2478718084569988,-1.2927124100696985,0.239954783256111,0.0497112951158624,-0.3094234624420706,0.0,1,0.12144735966510328
UC8KZbe3eimh8G611QaQtgIA,-0.104403732297444,0.8489667620443675,1.174508299154207,0.0,-0.2217127734342647,-0.2478718084569988,0.5469219365020559,2.0443644465419464,1.6192066312581457,0.123217232284985,0.0,1,0.015995024061445484
UC8Kw2ASMAjH9E7TRyuZ-4bw,-0.2967453135088924,0.0563732132575295,0.042568854752872,0.0,-0.2217127734342647,-0.2478718084569988,-1.1618713799530502,1.0876905293736403,2.042801513297181,-0.165209897533052,0.0,1,0.06980765674258377
UC8LCYq5dRjj177Rh-maY6CA,-0.0936720777719119,1.7520635953365755,5.002174007371514,0.0,-0.2217127734342647,-0.2478718084569988,-0.7787837521675218,0.8632648077223063,-0.074880026036915,-0.5978505922601076,0.25,-1,-0.0527051750132429
UC8LZcoy_lluHGqQqNLUz1eQ,-0.0743315129087928,-0.4431694391325175,-0.4910399780295344,0.0,1.6044277048521072,1.1971371189648596,-1.0988524456347215,0.312923311990012,-0.0344137112003993,0.4116443621030221,0.5,-1,-0.006717857980468089
UC8PE-cPFP6oJSudk6ezf71Q,1.1191009499209237,0.3637270275912573,0.8892633916092658,0.0,-0.2217127734342647,-0.2478718084569988,1.3882957718054283,-1.0626533451216789,-1.1363133422457792,-0.5978505922601076,0.0,1,0.06380013047107441
UC8PPzBD52fFX88zt65pwf0Q,0.1328200610706078,-0.1204835021849095,-0.1554358064895238,0.0,-0.2217127734342647,-0.2478718084569988,1.0285852980344945,-0.2367397667202209,-0.6410819427571709,-0.3094234624420706,0.0,1,0.12851815470371653
UC8PqonHPepD7dJGdotlTzdA,1.887198418661055,-0.2386906864044601,-0.2668675223774471,0.0,-0.2217127734342647,-0.2478718084569988,-0.1705150912065422,-1.2323774845121105,-1.02541367955733,-0.165209897533052,0.0,1,0.10541672619688403
UC8QE1hwQ7hTPzex_V9ElfVg,0.8283185879947714,0.1374230815668372,0.1223880979758002,0.0,-0.2217127734342647,-0.2478718084569988,1.1102462589594837,0.3972584374243608,0.5597178437047609,-0.3094234624420706,0.0,1,0.10649285889490573
UC8QLDWJM18dx9WvosvQiH-A,3.1817129709950165,-0.1744864769986555,-0.2425277088758922,0.0,-0.2217127734342647,-0.2478718084569988,-1.1855342270258078,-1.3737130345248083,-1.2147790919480497,-0.5978505922601076,0.0,1,0.08997126946819234
UC8R9BNF0dOmEbP-2R8T-M2g,3.1142173384616343,-0.3160323908041916,-0.3936895606075514,0.0,0.6913574657089212,0.7154674764909068,-1.0281335710870068,-1.1240774142075864,-1.0611382845085804,1.997993576102226,0.0,-1,-0.006804792887188715
UC8RwDfK9sKEveKtSpT0MIJA,3.432548725432213,-0.4643589471872384,-0.4751700416518504,0.0,-0.2217127734342647,-0.2478718084569988,0.6885636239697576,-1.3737130345248083,-1.2147790919480497,-0.5978505922601076,0.0,1,0.08126487112420161
UC8SjIn0tx_Kpf20qfQ4LG9w,0.1867137384136725,0.254389166028897,0.5633464897864328,0.0,-0.2217127734342647,-0.2478718084569988,1.0180955156568965,-0.0481706131564889,-0.4319293920028184,0.123217232284985,0.0,1,0.10523967599591727
UC8SqVJZAXXm0SXhP_1G7eOQ,0.1618150893796547,-0.1967191608345319,-0.2394821729934116,0.0,-0.2217127734342647,-0.2478718084569988,0.8799960336701926,-0.5123868752126776,0.1880155125812769,0.5558579270120406,0.25,1,0.11089967051936339
UC8ULaeJmdcDvGY9Jj5gkdTQ,-0.1999076383141116,-0.2884860303330543,-0.3935359869362574,0.0,-0.2217127734342647,-0.2478718084569988,0.0013944119380498,2.2993640133366555,-0.5143926342582599,-0.4536370273510891,0.0,1,0.06148889774491484
UC8UuJpP1hlJgHyp2vwxm2nQ,0.0015192984717828,-0.2625541085708482,-0.2393104206694469,0.0,-0.2217127734342647,-0.2478718084569988,0.4842285992315652,0.6438412978427601,0.5059184849740109,1.7095664462841889,0.25,1,0.08756862873561538
UC8Vyp3ZbFNthwN0f6m6kO1w,1.0404096351957877,0.2501512644179528,-0.118825295940867,0.0,-0.2217127734342647,-0.2478718084569988,0.4332471349260318,0.8244919776586825,-0.2333744393444838,-0.5978505922601076,0.25,1,0.08837772254316206
UC8W1IWY3FwFqQmbdGu5BCww,0.111733495911845,0.0646724372456286,-0.1314880489121837,0.0,-0.2217127734342647,-0.2478718084569988,-0.8107146568266946,1.219047234553872,0.8984214076245829,-0.4536370273510891,0.25,1,0.09423352120863454
UC8Wc7_4BVViYV51vB-EO7DA,-0.2807377531030811,-0.3852514504496135,-0.4249515696273124,0.0,-0.2217127734342647,-0.2478718084569988,-1.3762472930338707,0.3605063037359833,0.540100997910806,-0.4536370273510891,0.0,1,0.10344144193623611
UC8XV_bw2TOLvrrgxyoVOCaA,0.0120978767427807,-0.3475139456283485,-0.4205371279245096,0.0,-0.2217127734342647,-0.2478718084569988,-1.1800679351008247,-0.3672825919456595,-0.1179131776782538,-0.3094234624420706,0.5,1,0.08088899536280814
UC8Y6T7EuToAWvV6S4DAs65w,0.1021226828838146,-0.1850427046477347,-0.2910670573013422,0.0,-0.2217127734342647,-0.2478718084569988,-0.8185891653878483,0.3537212710835841,0.4141472094209872,0.2674307971940035,0.25,1,0.11295755679147945
UC8Y7E0w7LdcsyMerXRZEELQ,0.1239016822024382,-0.0200855949732553,-0.3259638639830061,0.0,-0.2217127734342647,-0.2478718084569988,1.0568086534555603,1.1110155566755937,0.8833873545043819,-0.4536370273510891,0.0,1,0.11475414208675716
UC8ZQT4qBIAXbnHoVVBvmn8Q,1.7653891067738354,-0.0342119336764026,0.3962863491185966,0.0,-0.2217127734342647,-0.2478718084569988,0.8550437735104319,-1.0858124340505333,-1.0915326492433164,-0.4536370273510891,0.0,1,0.0867744805564124
UC8bgwskNm3PinnLRogsWHuw,-0.1297802402428538,2.7267809658537403,-0.6003272946293761,0.0,-0.2217127734342647,-0.2478718084569988,1.1883230509019085,-1.3737130345248083,-1.2147790919480497,-0.5978505922601076,0.0,-1,-0.031220260767581776
UC8bzNsH5sNaMgkaNPQDHdyw,-0.2173040578066556,-0.0484391747988581,0.0517241503998619,0.0,-0.2217127734342647,-0.2478718084569988,1.3246015554665416,1.5052465626226814,0.5270941434392744,-0.3094234624420706,0.0,1,0.0992455913473913
UC8desUWqq_1htmYNBfpvGgA,-0.2312258811915894,0.1798020976762792,0.7572514730215368,0.0,-0.2217127734342647,-0.2478718084569988,0.7119761106480073,1.5431422681887068,0.6520294209366968,-0.4536370273510891,0.0,1,0.09803332468464887
UC8eDQ24Vmz9OCxHix6V2i9A,1.2101836460101527,0.2530572540940288,0.1902589211496268,0.0,-0.2217127734342647,-0.2478718084569988,0.6708401017465155,-1.2154359321644732,-1.0219211620241235,-0.3094234624420706,0.0,1,0.0939789252727305
UC8ePMpIpadjvemT0x2KEq1w,-0.267975160571433,-0.2304267782631189,-0.2828080466563575,0.0,-0.2217127734342647,-0.2478718084569988,0.8135034807027949,-1.373713034524806,-1.2147790919480497,-0.5978505922601076,0.0,1,0.10399456328632317
UC8f0rFzClsfWN3UmEPP426Q,0.1539689835686958,0.1090291407735111,0.0326931067039497,0.0,-0.2217127734342647,-0.2478718084569988,1.1509803331358583,-0.4923190181538239,-0.7636132639861809,0.123217232284985,0.0,1,0.11622720231496836
UC8g4p6UXi7qpIoVAS5ZA75A,2.975718447122744,-0.3835562898052358,-0.4556675100336105,0.0,-0.2217127734342647,-0.2478718084569988,1.4275621659124818,-0.6491881344061453,-0.476750470270098,0.8442850568300777,0.0,1,0.05999526961825069
UC8hkAI9yLo-hWYPMLEVOigg,-0.1099540334782268,-0.3923146198011871,-0.4096864681873346,0.0,0.6913574657089212,0.7154674764909068,-0.0966471672695607,-1.1094245925500783,-1.0651113571871094,-0.3094234624420706,0.0,1,0.0481925603057381
UC8is_9-Ip2WkeMx-NcN6jJQ,0.2443148462390213,-0.1114022844471719,-0.1177515577239929,0.0,-0.2217127734342647,-0.2478718084569988,-1.5209109985518328,-0.5354257524911766,-0.653341856906189,-0.3094234624420706,0.0,1,0.1084180221346907
UC8jd5Od2Z0JaF9wsB40VaDA,-0.1902311434374465,6.119523912672493,7.580024552576612,0.0,-0.2217127734342647,-0.2478718084569988,0.8560155943257206,0.6949633992946874,1.2416746105065717,-0.3094234624420706,0.25,-1,-0.1202568961476278
UC8jw4cyRm3WhgYZeBcyPiXg,-0.1625149151388134,-0.3728202723908438,-0.3744162281992633,0.0,-0.2217127734342647,-0.2478718084569988,1.1577840271945623,0.083992506665196,0.2339892918544794,-0.5978505922601076,0.25,1,0.11682536778373465
UC8lj3GnciSgj_CKIPLF0Xnw,2.402557491098752,-0.4728347504091268,-0.4989537088536121,0.0,-0.2217127734342647,-0.2478718084569988,1.3742637456548292,1.544666601248646,0.523310420347659,-0.5978505922601076,0.0,1,0.042421890813977514
UC8m1iUmSTLZBkqg-ybCkqhw,-0.0991902510676462,-0.1394531570148501,-0.0614868910988528,0.0,-0.2217127734342647,-0.2478718084569988,0.1719187844274687,1.6803745471183855,2.355522478914258,-0.0209963326240335,0.0,1,0.050199131852750156
UC8mcpxzInjecz0z2oIoLpFw,0.3095089337005067,-0.1655868836156727,-0.3517326338804381,0.0,-0.2217127734342647,-0.2478718084569988,1.3617189623387826,-0.6540483226389455,0.4126307545592256,0.123217232284985,0.25,1,0.09003097718377112
UC8npnXRk3594QNQClrfrPwQ,-0.2994363640074282,-0.3448501217586122,-0.4609580760537822,0.0,-0.2217127734342647,-0.2478718084569988,1.3589047825656575,0.7827750320247063,1.2523364762883975,-0.5978505922601076,0.0,1,0.09938101677636157
UC8oxq9NB0rXBfT9_8zxDLXw,4.426531434884509,-0.5354615186597466,-0.545637547643355,0.0,-0.2217127734342647,-0.2478718084569988,-1.435413940491883,-1.3737130345248083,-1.2147790919480497,-0.0209963326240335,0.0,1,0.03462936599987665
UC8p5pTvsPgNTSDTFm6qAcOQ,3.765960032968125,-0.0184629749870829,-0.0922139348172164,0.0,0.6913574657089212,0.7154674764909068,0.0060801275325776,0.29034063517198,1.562978261980523,4.0169834848284856,0.0,-1,-0.08628477739316265
UC8pf1GjbgLFCggSV66hEQHQ,-0.0875947892636713,2.4748906888532445,4.247032320873491,0.0,-0.2217127734342647,-0.2478718084569988,-0.0462219813694448,0.0422210526336963,0.1613274969561675,0.9884986217390964,0.5,-1,-0.0927611882118129
UC8q7vqg4A8G-mTJF2Iw5rPQ,0.349233903734188,-0.2490735453512733,-0.4638516694806775,0.0,-0.2217127734342647,-0.2478718084569988,-1.2447459780625902,0.7686948831658365,-0.4547780580814853,-0.5978505922601076,0.0,1,0.10468557655236788
UC8rF1hiZtJUfQDH3gTbBaBw,-0.0551087268388932,-0.0776504251885806,-0.2878642101866219,0.0,-0.2217127734342647,-0.2478718084569988,1.3349810723933768,-0.1853645778637467,-0.9667100182886036,0.4116443621030221,0.25,1,0.08790235540533392
UC8scW9SpxWDXHLrNtQwT_SQ,0.4945041412670103,-0.3889242985124318,-0.3324753516219402,0.0,-0.2217127734342647,-0.2478718084569988,0.8031322403412342,0.1711818932161781,1.4655221466881374,-0.5978505922601076,0.0,1,0.10038133805876404
UC8tmn5A9Gf3IqLfuD00Pbtg,-0.2618131110550122,0.0925013244908288,0.044316720982121,0.0,-0.2217127734342647,-0.2478718084569988,-1.4999054016533866,-0.5247732994950013,-0.295693299275385,-0.5978505922601076,0.0,1,0.10295892211971891
UC8vaB5oqxQUV2sTFN4-zkJQ,-0.0102818160761666,2.969753991547875,4.424746877669353,0.0,-0.2217127734342647,-0.2478718084569988,0.6587757224151572,1.4351105903104284,0.9806086704482004,-0.4536370273510891,0.5,-1,-0.10090898728738706
UC8xUTZbTcnm6fV9RFkUMq_Q,-0.298326898342209,0.08303667755972,-0.027687686878329,0.0,-0.2217127734342647,-0.2478718084569988,-1.2762688381457314,1.219047234553872,1.7375054936707248,-0.4536370273510891,0.25,1,0.0686805805612285
UC8xwzIXxCNxDFWOYh01QzDA,-0.222760072663483,-0.0953355146034823,-0.1814911683704984,0.0,-0.2217127734342647,-0.2478718084569988,0.894057910930811,0.553143910716433,0.012723844194597,0.5558579270120406,0.0,1,0.12185883938973813
UC8yxWXFOE5cxvazDaB2YovA,-0.2894137791180293,-0.0575203925365957,0.0646938702011441,0.0,-0.2217127734342647,-0.2478718084569988,-0.2929367893087892,-0.4101589575973113,0.1067730014401908,-0.5978505922601076,0.0,1,0.1206287601221327
UC8zCmHaOvKTnA32rXL-Qa0w,2.1321915876291957,-0.3412105121398012,-0.4552430742378842,0.0,1.6044277048521072,2.6421460463867183,1.3947224323934102,0.6869224734005143,-0.1432550405422305,1.132712186648115,0.0,-1,-0.019140163933744292
UC8zP6_lbEir3iJ9XF-smz-A,-0.12986778949495,-0.2694154730838055,-0.2527571998103503,0.0,-0.2217127734342647,-0.2478718084569988,-0.3184991097105644,0.2874703134954253,-0.79840788350888,-0.3094234624420706,0.0,1,0.116107024766616
UC8zm9Jr-MzctGPVwbUSG1Sw,-0.2664051464087222,-0.3499356036917452,-0.2738654102882102,0.0,-0.2217127734342647,-0.2478718084569988,0.0216733982074845,0.961465582324296,1.9977859311831017,-0.5978505922601076,0.0,1,0.08743702208189635
UC9-b9sdsE6uRm63AQqEIS0w,0.0509001874622094,-0.345697702080801,-0.2895538690861456,0.0,-0.2217127734342647,-0.2478718084569988,0.7649787281506063,-0.5500939982810339,-0.3536332093418406,0.9884986217390964,0.25,1,0.1053469844159558
UC90ew9zUWFd7lOSgL0_SrHA,-0.1253591887265563,-0.1549921295883122,0.0232548720255793,0.0,-0.2217127734342647,-0.2478718084569988,0.7094932595286394,1.1111258809962732,0.267824860714016,-0.5978505922601076,0.5,1,0.09125314061901679
UC90zSMndNMgIZ8uNdEr4rdA,3.3781023476923786,-0.0720503409169758,-0.0683431559576555,0.0,-0.2217127734342647,-0.2478718084569988,1.1883230509019085,-1.3737130345248083,-1.2147790919480497,-0.3094234624420706,0.0,1,0.07748706001328087
UC91WqQFsNFl1YB4PMamGOhQ,-0.0704838090598876,-0.1810249537698265,-0.3712866518091576,0.0,-0.2217127734342647,-0.2478718084569988,-1.2364543640370895,-0.1150721175324107,1.4452257664502557,-0.3094234624420706,0.0,1,0.09731774441516972
UC92OdpEh1sy-OuAd6geyGXg,-0.1340246178320046,0.6294434585974584,1.6412743054301189,0.0,-0.2217127734342647,-0.2478718084569988,0.7564703279139264,1.678421498176028,0.7385347613144053,0.123217232284985,0.25,1,0.027793290941770632
UC93AYYx8O7_wKGtIpeBEXJA,0.0551267545041606,0.918044558302758,1.3652952067448172,0.0,-0.2217127734342647,-0.2478718084569988,-0.6374932779051953,0.0729583070010641,0.9577241281495994,-0.5978505922601076,0.25,1,0.04206279620392395
UC94Fn4BR2rx72m1q4IfKBGA,0.4884415787586313,0.0837429944948774,0.0818158744032212,0.0,-0.2217127734342647,-0.2478718084569988,-1.078356043981917,-0.2626803023106864,-0.1146627982351896,-0.4536370273510891,0.0,1,0.10907550980552555
UC95d7DIbyJ32qYidbI0fyyA,0.4112363535679548,-0.2066945292418314,-0.4358693210287692,0.0,-0.2217127734342647,-0.2478718084569988,1.3132629076349456,-1.373713034524806,-1.2147790919480497,-0.5978505922601076,0.25,1,0.07519106241660495
UC95v2Sac_BAmAWGAgUt0Rzw,-0.2883261213483107,-0.1346502018557801,0.340286194547423,0.0,-0.2217127734342647,-0.2478718084569988,-0.1629908226710412,-0.44235658970735,-0.9684106319295328,-0.5978505922601076,0.0,1,0.10765680118427257
UC97Qh3rU4YJVVPi0zL9Z8pA,0.1960397089154072,-0.2340996263259372,-0.3225450157470515,0.0,-0.2217127734342647,-0.2478718084569988,-0.2388146427526871,-0.6509389824031255,-0.3094526845442078,-0.4536370273510891,0.0,1,0.12748174817300567
UC98I2SkFcD73Lx8b-8ZjQxA,2.3023757477479503,-0.1996530927190317,0.0816735711333769,0.0,-0.2217127734342647,-0.2478718084569988,0.1502754860389412,-1.0284204810148048,-1.001051413046568,0.5558579270120406,0.0,1,0.08711759941840092
UC98i0C-1jDfCO3zIUJfdBdA,-0.2325982150526661,-0.3130053182249457,-0.2760484230702051,0.0,-0.2217127734342647,-0.2478718084569988,-0.6617991992312503,1.6998095423811437,1.5075892126976758,-0.3094234624420706,0.0,1,0.08451977656404175
UC99jvrjs_qCb8Ko2lkDTWfA,0.0219831296411321,-0.3572556155651942,-0.3553780576443432,0.0,-0.2217127734342647,-0.2478718084569988,1.1420520970689143,2.0069131761187395,2.1317962483588686,0.2674307971940035,0.25,1,0.03515651924003571
UC9A2XqHl8WszXfOvwmygTYw,1.315719606856087,0.0223943235554948,-0.0410180294507663,0.0,-0.2217127734342647,-0.2478718084569988,1.3132629076349456,-1.373713034524806,-1.2147790919480497,-0.3094234624420706,0.0,1,0.08722495664779623
UC9AgkxjklF7AgCPfJHs8n3A,0.2447928918239625,-0.0236171796490421,-0.0682913593561684,0.0,-0.2217127734342647,-0.2478718084569988,1.338028726932783,0.9228964221657584,-0.2159488254548183,-0.3094234624420706,0.0,1,0.11635627680054705
UC9D-ZwQzXEEvm5AuEgFnI4g,-0.1265083871439059,-0.0377435183521894,-0.019886243066384,0.0,-0.2217127734342647,-0.2478718084569988,-1.3228672784132542,0.4032337647420372,-0.0538637534813336,2.1422071410112444,0.0,1,0.07099035772271006
UC9DV_i9rRNOXHO1WN3k4kWw,0.2987377106274888,1.4638862857923702,2.049141090451516,0.0,1.6044277048521072,3.123815688860671,1.153391352647248,0.7610310608929106,1.2942202467853856,1.7095664462841889,0.0,-1,-0.12654535668382838
UC9FoTn18uusGNabUFB1dvSQ,0.2477299961771316,-0.2006672913951551,-0.0447509639835421,0.0,-0.2217127734342647,-0.2478718084569988,-1.1845546994180325,-0.6540664937383917,-0.9749378363866948,-0.0209963326240335,0.0,1,0.11433280409162577
UC9J-LCaHVtR858a3JBScWXA,0.0619329436898343,-0.3487247746600469,-0.4316782523194458,0.0,-0.2217127734342647,-0.2478718084569988,-1.303288848636575,1.172747944034609,1.4052089751400851,0.7000714919210592,0.75,-1,-0.022573634201895287
UC9JPyIBPSi_EIMgDqisVwRg,-0.2658457879960407,-0.4023796361271796,-0.4804666329578065,0.0,-0.2217127734342647,-0.2478718084569988,1.1440237769250243,0.1893057899934973,-0.6085099407813572,-0.165209897533052,0.0,1,0.11553931565375652
UC9LES9No7l5T94n8CuZFozw,0.0564118094478237,0.0113455086412474,-0.3470522595675414,0.0,-0.2217127734342647,-0.2478718084569988,1.3674010213494865,-0.1583566583941771,-0.2907802211966153,-0.165209897533052,0.25,1,0.11283197229627162
UC9MLHh7O4f3pROQfkmWMU2Q,-0.23731229446107,-0.1408657908851649,-0.2153166540681023,0.0,-0.2217127734342647,-0.2478718084569988,-1.464024741413296,0.8363982943429291,1.5453516370391838,-0.4536370273510891,0.0,1,0.09036659583722878
UC9MN_c4EADW5XHtolTlY1Kg,0.9046392355822268,2.308817919474369,3.280749652094002,0.0,-0.2217127734342647,-0.2478718084569988,-1.5595798441446669,0.8139284425103277,0.2577928461651121,-0.165209897533052,0.0,-1,-0.04123037719014444
UC9Mdofy_wqa6XxhIc28n8vA,-0.1213511755190324,-0.3732440625519382,-0.4209977290835216,0.0,-0.2217127734342647,-0.2478718084569988,-1.560353797224921,-1.3737130345248083,-1.2147790919480497,0.7000714919210592,0.5,1,0.020329475676144848
UC9ORV__cLL7-lAkdwbEgNmA,-0.2534853552962935,-0.2177130734302863,-0.1162049812606477,0.0,-0.2217127734342647,-0.2478718084569988,0.5914739974073528,-0.2358684054644669,-0.7940706247065314,-0.5978505922601076,0.25,1,0.1189308280525222
UC9OoK579TBNaJQK-6L_ITkw,-0.0788937901442164,-0.1598354457151055,-0.296426892608307,0.0,-0.2217127734342647,-0.2478718084569988,0.7204945286289292,2.5370296354240898,1.7637271901702267,-0.3094234624420706,0.25,1,0.0429060532187624
UC9RU0W6038nJJYKDiglcw_g,4.098165251281653,0.0007507546138869,-0.0563964920816565,0.0,-0.2217127734342647,-0.2478718084569988,-0.8107146568266947,-1.3737130345248083,-1.2147790919480497,-0.165209897533052,0.0,1,0.0742439090849576
UC9UFhr7c23xG9SHgLYJcpdA,2.3904735500377283,-0.1007469889682265,-0.1477770315929435,0.0,-0.2217127734342647,-0.2478718084569988,-0.8606216493892502,-1.0626533451216789,-1.1363133422457783,-0.5978505922601076,0.0,1,0.10252367242133437
UC9UIMfirtcsVUmOu1e-cqog,0.266393898097721,-0.2846719188832046,-0.3682725502273073,0.0,-0.2217127734342647,-0.2478718084569988,1.1975029131870178,0.0237299459869207,0.7434970868015631,-0.5978505922601076,0.0,1,0.11620613906277621
UC9UZbofP6B9j7zCFYYWJdhQ,0.2750282055173694,-0.0702340973694283,-0.3035454304258509,0.0,1.6044277048521072,1.1971371189648596,-0.9521725556914468,-0.6100460230724879,-0.8245632636321607,-0.0209963326240335,0.0,1,0.04141470484611842
UC9VNqwPcpmfUq7baC6e_Xww,-0.2019654338971178,0.4746389668948254,1.3049601619221594,0.0,-0.2217127734342647,-0.2478718084569988,1.1995489916210993,-0.3301684852634792,-0.1770152595357827,-0.3094234624420706,0.0,1,0.08197752131508512
UC9VToXRWBZTC6ZzGuH_Q13g,0.5916965185748955,-0.3796009149683546,-0.484614214483067,0.0,-0.2217127734342647,-0.2478718084569988,-0.885747520997177,-1.0626533451216789,-1.1363133422457783,-0.5978505922601076,0.0,1,0.10737706102641215
UC9Z2iRoiuBRGlEGKSp5aX0A,0.5785942395911886,0.4531467515821797,0.9052156760399394,0.0,-0.2217127734342647,-0.2478718084569988,-0.9386630103764888,-0.514662322106776,-0.8292022406434456,-0.4536370273510891,0.0,1,0.08464983020569006
UC9ZAL-3woZTbhmSMphqV2tw,1.1365145020797522,1.0078880724547747,2.45387884150802,0.0,-0.2217127734342647,-0.2478718084569988,1.3513072649500149,1.1795722820893797,0.6468216131548071,-0.5978505922601076,0.0,-1,-0.004858530460431276
UC9_19pECBe7OK-LPTt7kfCw,-0.2219304947590882,-0.0109034748162095,-0.0683351182234169,0.0,-0.2217127734342647,-0.2478718084569988,-1.3929018268689577,0.5267464559234556,1.1965782626787596,-0.5978505922601076,0.0,1,0.09887542007672218
UC9_QFb4LYFe2WoUV5-FAkeQ,-0.2992967403607861,-0.4050283246340197,-0.4971973466752256,0.0,-0.2217127734342647,-0.2478718084569988,1.4228529019896188,1.7535263569412844,2.3044595687542286,-0.5978505922601076,0.0,1,0.02273725969526752
UC9_nhEkB8_81m5eqZr7duTA,-0.2915222638111414,-0.1606426650695711,-0.0814789627814344,0.0,-0.2217127734342647,-0.2478718084569988,-1.4857061328032384,1.7021356318470189,1.6834883487545529,1.2769257515571333,0.0,1,0.010832762271429708
UC9bHnZhPsz7lELQdOlI8HUA,0.9042309489658354,-0.3874713036743938,-0.4877653021305039,0.0,-0.2217127734342647,-0.2478718084569988,0.1888041970376066,-1.1885158724477591,-0.8671831293271394,-0.3094234624420706,0.0,1,0.1080461121231529
UC9brqiMi5bCnRPE6d7ZCUag,-0.0821095513146551,0.7866696083634879,0.6053999851215465,0.0,-0.2217127734342647,-0.2478718084569988,0.485803976491836,0.5219652291289111,1.3713174724260626,-0.5978505922601076,0.75,-1,-0.0074432810549061035
UC9csDDQDexOZEFPkAwb2tvA,-0.0821285629594139,-0.1626203524880117,-0.1209268647280036,0.0,-0.2217127734342647,-0.2478718084569988,-0.9466904505793418,1.596510349732673,0.6337013251644775,-0.5978505922601076,0.25,1,0.09503531680916893
UC9dVgbM0sGBpiCR14hyKU9A,3.6242641275597873,-0.3351029480534405,-0.2943226895860987,0.0,-0.2217127734342647,-0.2478718084569988,-1.3104740837588456,-1.3737130345248083,-1.2147790919480497,-0.4536370273510891,0.0,1,0.08334268046308274
UC9eRRf9gEynV4wzE3z5SJwQ,-0.0506991993161689,-0.2906049811385264,-0.2950967698363043,0.0,-0.2217127734342647,-0.2478718084569988,-0.4512151058464033,0.1819431269223996,0.0648456682255935,0.123217232284985,0.25,1,0.11504196983364012
UC9ecbVMjWhlD19KCDkZQLcg,-0.263409373837855,-0.0117510551383983,0.2070289047250884,0.0,-0.2217127734342647,-0.2478718084569988,-1.469369462601501,1.3839176113799498,1.584431588749395,-0.5978505922601076,0.0,1,0.0752372835486001
UC9fyQcu11s2Lvo0n5aR7JXg,-0.2334446699027056,-0.3177275514485693,-0.5380122928110254,0.0,-0.2217127734342647,-0.2478718084569988,1.297913045256581,0.5867842358558781,-0.2664046145397785,-0.5978505922601076,0.25,1,0.11522263445184588
UC9hntnMFZcvNFpyAaJDrdow,-0.2018997135290204,-0.3125008061284047,-0.3248895568958518,0.0,-0.2217127734342647,-0.2478718084569988,1.3548032004425827,-1.0858124340505333,-1.0915326492433164,-0.4536370273510891,0.0,1,0.10522232321924374
UC9i9VL5oQ5Y89P9gf95w2rw,0.6933734415765751,-0.1156401860581161,-0.3271735094213702,0.0,-0.2217127734342647,-0.2478718084569988,-0.9356545135597326,-1.373713034524808,-1.2147790919480497,-0.3094234624420706,0.0,1,0.10061554445573861
UC9jV35h-F5yHW5-WYhGRsJQ,-0.2739099438359379,-0.3294524125721815,-0.4743965102250178,0.0,-0.2217127734342647,-0.2478718084569988,-0.7482447284601761,1.5431422681887064,-1.2147790919480488,-0.4536370273510891,0.0,1,0.062203319104473964
UC9k2_CYulDFOXmgtlc3Zp4g,0.2742767468664549,-0.22957919794093,-0.3105328742115481,0.0,-0.2217127734342647,-0.2478718084569988,1.2626618309252988,-0.9076648272380896,-0.935382106614655,-0.5978505922601076,0.0,1,0.11604639508044062
UC9ktLYdqdHILeW8x5X1OmzA,4.698966123064652,-0.3339257531615116,-0.4233339915833898,0.0,-0.2217127734342647,-0.2478718084569988,0.438683910503682,-1.3737130345248074,-1.2147790919480497,2.5748478357383005,0.0,1,0.01624606792664074
UC9lbZcM5g5kkddI0aMkCe8Q,4.104156727909757,-0.3591177238487909,-0.4738904656871729,0.0,-0.2217127734342647,-0.2478718084569988,1.0633831941688707,-1.3737130345248083,-1.2147790919480497,-0.4536370273510891,0.0,1,0.0684904984870216
UC9ltqPiwSyLlyyl1Dy3RGnw,-0.2955388431599129,1.936412315412648,1.1714833388473564,0.0,-0.2217127734342647,-0.2478718084569988,0.8135034807027949,-1.373713034524806,-1.2147790919480497,-0.4536370273510891,0.0,-1,-0.005544316557996809
UC9m1oHRQfWrWc0hnNtX0Jew,0.8234456544803875,0.1617910158297663,0.7712370104675742,0.0,-0.2217127734342647,-0.2478718084569988,1.1765339612323242,-0.370846936387755,-0.1879748226545066,-0.165209897533052,0.0,1,0.08830960109364588
UC9m2PWKzAW9agOCbCNXgiQw,0.6696491505547723,-0.2592445092175394,-0.1539436470309177,0.0,-0.2217127734342647,-0.2478718084569988,0.737429590893476,-0.9623265351910174,-0.8268262106777529,-0.5978505922601076,0.0,1,0.12330092381371804
UC9mqNHYybS_Ym0BO8jmqesQ,-0.1969759430475615,-0.4124446524531721,-0.4673513559671214,0.0,-0.2217127734342647,-0.2478718084569988,-1.2733747598241918,0.6999989040259682,-0.3276860272470335,-0.165209897533052,0.25,1,0.09867956088894664
UC9n0ucXLFsUad9ZVILZD2CQ,-0.2837655895160193,-0.147458082279967,-0.1834735915141004,0.0,-0.2217127734342647,-0.2478718084569988,-0.6169779948668888,1.6151633867742254,0.3403059985441002,1.2769257515571333,0.25,1,0.06365941728989105
UC9oSL-zMWiaNxQ28JIG_K0g,0.327919971406888,-0.3028478080145874,-0.3621356097351931,0.0,-0.2217127734342647,-0.2478718084569988,-1.0605943702927705,-1.3737130345248083,-1.2147790919480497,-0.0209963326240335,0.0,1,0.10232476504184113
UC9ocoJzAYQ3kjZbxr1Ia6Mw,-0.2484230797646645,-0.0617582941475399,0.1070205016360325,0.0,-0.2217127734342647,-0.2478718084569988,1.3451938122941185,0.6418534819918507,0.7618317585810073,-0.3094234624420706,0.5,1,0.06790402975002285
UC9pGMK4ugyFM6FiDDJORUPw,0.0518654021643179,-0.3154269762883425,-0.5024299237472751,0.0,-0.2217127734342647,-0.2478718084569988,1.3132629076349456,-1.373713034524806,-1.2147790919480497,-0.3094234624420706,0.0,1,0.09381197096921579
UC9rDURdPGVcvZuYLrLGKkzA,-0.14291307069787,-0.2363598405184407,-0.0746858129415783,0.0,-0.2217127734342647,-0.2478718084569988,1.1529308462421084,1.515046331455771,1.2893169541724665,-0.5978505922601076,0.0,1,0.10008524379385358
UC9rNmcNlmTLBeKe2vqx98Lg,1.5469136615813226,-0.2287316176187412,-0.2163269100017875,0.0,-0.2217127734342647,-0.2478718084569988,-0.9339000964070584,-0.8533405916003499,-0.62107103664745,-0.5978505922601076,0.0,1,0.10368126071232647
UC9s8UzFLCBKVmwrYnkOEiJg,0.1063837524337626,-0.3419306784266284,-0.4015196952946741,0.0,-0.2217127734342647,-0.2478718084569988,0.6097515005635609,-0.5393918376686426,0.746964894034715,-0.0209963326240335,0.25,1,0.10317512867516115
UC9uVdOMCsWvOTElzE3e--QQ,-0.2152780092866378,0.3620318669468796,0.3768288792756226,0.0,-0.2217127734342647,-0.2478718084569988,-0.9573726783181632,-0.1853645778637467,-0.9546020525366496,-0.4536370273510891,0.0,1,0.09157006943315588
UC9uZJd0lkwJuLBOyKdPg0eQ,-0.1118676217476452,-0.2489322819642419,-0.4319286440233349,0.0,-0.2217127734342647,-0.2478718084569988,-0.0610755164284688,1.8672373018235424,1.3338366040061351,-0.4536370273510891,0.25,1,0.07829778816868715
UC9ubK2iKe1SuvfzbeUF-2Ew,-0.2299651171531344,-0.3465452824029899,-0.341839607459688,0.0,-0.2217127734342647,-0.2478718084569988,0.946470777638686,-0.231958809893655,0.100466173107725,-0.5978505922601076,0.0,1,0.13264339271436343
UC9v36oRzfmPVEIvo9-w3L2w,-0.0690879722919854,-0.3771792569049579,-0.4556767064180897,0.0,-0.2217127734342647,-0.2478718084569988,-0.103587630051394,1.6505324887745314,0.2916905612742573,-0.3094234624420706,0.75,1,0.007962550581447791
UC9wSfcbymWt3iZgaQeFRQ8w,3.9954019752913537,0.0289328003266658,-0.0600057777643793,0.0,-0.2217127734342647,-0.2478718084569988,0.8135034807027949,-1.373713034524806,-1.2147790919480497,-0.5978505922601076,0.0,1,0.06848011083572186
UC9ymYmlkc3DCNFg58tPQiJg,3.292835270985269,-0.3634968888467666,-0.4116292927942471,0.0,-0.2217127734342647,-0.2478718084569988,1.2382300434644635,-1.0626533451216793,-1.1363133422457763,-0.5978505922601076,0.0,1,0.08697681644121874
UCA1uGM0bo9ul-OkN-do7TPw,0.4818418029630473,0.4419465830389701,-0.5123797439117088,0.0,-0.2217127734342647,-0.2478718084569988,1.3132629076349456,-1.373713034524806,-1.2147790919480497,-0.3094234624420706,0.25,1,0.030371183429254767
UCA1uZ6yNk0MDlmlL02SE90A,0.7442620023347228,-0.2816306012565269,-0.0217020471488953,0.0,-0.2217127734342647,-0.2478718084569988,1.269262926367096,-1.0778010581234143,-1.1110306632381477,1.132712186648115,0.0,1,0.07734138985605454
UCA2vr_mab5x_tl56R3fNPKg,0.05564488151956,0.1416609831777814,-0.3427444002735046,0.0,-0.2217127734342647,-0.2478718084569988,-1.4688694429506075,0.0175915721593904,-0.7386655939397151,-0.5978505922601076,0.25,1,0.09495410918553682
UCA34qLHakUMd_oVLWwlwZVg,2.4173093163215325,0.0922187977167658,-0.1464839967557605,0.0,-0.2217127734342647,-0.2478718084569988,0.0121723643965338,1.1296542892406578,1.296780685684759,-0.4536370273510891,0.0,1,0.045311481288736855
UCA4oIm81v91S8vJ6Wnyynwg,-0.0932367005579291,-0.4425640246166683,-0.5327355313376572,0.0,1.6044277048521072,1.1971371189648596,-1.2175463101194346,-0.8846906941368281,-0.5358305510406098,-0.3094234624420706,0.5,-1,-0.009007071382889476
UCA4soPNWJ336GKa8NGo8J2Q,2.822158930157478,-0.4126565475337193,-0.4902345781464822,0.0,-0.2217127734342647,-0.2478718084569988,1.3132629076349456,-1.373713034524806,-1.2147790919480497,-0.5978505922601076,0.0,1,0.07207380788788459
UCA6r22NbJ88uc672iZlFFeg,-0.2703151837077389,0.7699298970002584,0.5812196240251939,0.0,1.6044277048521072,1.1971371189648596,-0.5886751171814446,-0.6806080307499931,-0.2897113866145585,-0.165209897533052,0.5,-1,-0.03785452107788845
UCA6ra5i-3ju5OfeTSPd7hhQ,0.768037790459736,-0.3872291378680541,-0.4447865556714842,0.0,-0.2217127734342647,-0.2478718084569988,-1.0653698330119916,1.4832782975601566,0.4714229521122209,-0.5978505922601076,0.0,1,0.07760651538115482
UCA8yb5OtZppnmuwBqUnAPJQ,-0.2844645588556963,-0.3155026531028236,0.0065388725409619,0.0,1.6044277048521072,2.160476403912765,0.7977312467150702,-0.2999475217528407,0.0018029664654342,-0.165209897533052,0.0,1,0.0227687854624003
UCA9sCaTAliLuZ5_pKugL8sg,3.4213437677861487,-0.4821581339532041,-0.4566575069320208,0.0,-0.2217127734342647,-0.2478718084569988,-1.560353797224921,-1.3737130345248083,-1.2147790919480497,-0.5978505922601076,0.0,1,0.048870734151403805
UCAAyZD0j8WFRCmqW0VWZkqg,-0.2686542347625389,-0.3660396298133331,-0.4823598517371488,0.0,-0.2217127734342647,-0.2478718084569988,0.1807767568347536,-0.2319588098936555,0.1004661731077262,-0.5978505922601076,0.0,1,0.12324706202046709
UCAD-wJutlrwvaU-SIP045lw,2.686837057294362,-0.1489379844298205,-0.342631911004747,0.0,-0.2217127734342647,-0.2478718084569988,-1.435413940491883,-1.373713034524808,-1.2147790919480497,-0.3094234624420706,0.0,1,0.08382503736239943
UCADrB9XMjnNB7o0Per-ePPQ,0.151452536401538,-0.4067234852783974,-0.4400353572474322,0.0,-0.2217127734342647,-0.2478718084569988,0.8745043187226781,1.5446666012486463,0.5233104203476568,-0.5978505922601076,0.0,1,0.10391033590554116
UCAEXuCLh5JIM4ResNk-543g,-0.2941009550882293,0.2584387164571325,-0.0456735967724492,0.0,-0.2217127734342647,-0.2478718084569988,1.4184317889502982,0.2713757872441226,1.1759017381341417,-0.0209963326240335,0.0,1,0.0743568952366973
UCAF2SpNe25TsaNSMo-_avkQ,1.2530928898058935,0.1451925678535683,0.108642620894235,0.0,-0.2217127734342647,-0.2478718084569988,-1.120055801842533,-0.514662322106776,-0.6662297055367408,-0.4536370273510891,0.0,1,0.09527597528721943
UCAFB0tUYdwlKJ8p2CE1U_Ww,-0.1996770189222557,0.1981663379903707,0.2648400706537674,0.0,-0.2217127734342647,-0.2478718084569988,1.2920220130276874,1.002983878797315,0.142324363736802,-0.4536370273510891,0.5,1,0.06659900753448744
UCAFbj6B1ugyUfqar0q0Sl2A,-0.1895333762419603,-0.3949633083080273,-0.4614298269853678,0.0,-0.2217127734342647,-0.2478718084569988,0.5674144617449974,-0.2492135100709903,0.0495812168483122,-0.165209897533052,0.0,1,0.1361668664914784
UCAG2KSvHOq3wM5UhUnOd9Hg,-0.0453318256048387,-0.2793039101760086,-0.3963763992995949,0.0,-0.2217127734342647,-0.2478718084569988,0.6803964381046071,-0.0773328999854683,-0.4327626103309577,-0.4536370273510891,0.0,1,0.13742557483582613
UCAHiK8RpEGPmJNwHYdW1Cvg,0.0909601876410485,-0.3054376367768311,-0.3433804275423766,0.0,-0.2217127734342647,-0.2478718084569988,1.3961821647623651,-0.9415863230116952,-0.9546516042926644,-0.4536370273510891,0.0,1,0.11147017278131205
UCAKggySl9ZdokP_q1GGvNSg,0.0881010509795043,-0.3465155427425622,-0.4012391136844744,0.0,-0.2217127734342647,-0.2478718084569988,-1.4462327624631162,-1.029796806627277,-0.4473339489289398,6.901254783008857,0.0,-1,-0.01787015779158474
UCAMo_qgoQJcEJQY3nmHMGkw,-0.2805058589465606,1.190306192908084,2.662842764507906,0.0,-0.2217127734342647,-0.2478718084569988,0.3087542710093095,1.1556551414539022,1.0832146585087292,-0.0209963326240335,0.0,1,0.03174772124736175
UCAN4m_N1N376qwO2n3ZgAXw,-0.2548517211511207,0.5421426854120079,-0.3143869899375827,0.0,-0.2217127734342647,-0.2478718084569988,-0.8107146568266947,-1.3737130345248083,-1.2147790919480497,-0.4536370273510891,0.0,1,0.06643379136648248
UCAOK9QQdvqTXPJEbZTAlJmw,-0.0909295177024311,-0.4378720621188373,-0.5318902958595113,0.0,-0.2217127734342647,-0.2478718084569988,-0.982422811833392,-1.069983080801744,-1.1221121740773423,-0.165209897533052,0.5,1,0.04560730764146703
UCAOQYZXcweb0brCj9A-uldw,-0.2824893606006516,-0.1380405231445354,-0.0113985686608942,0.0,-0.2217127734342647,-0.2478718084569988,-0.2592632539865087,1.289310609799646,1.3820912137914654,-0.3094234624420706,0.0,1,0.09620412838161019
UCASIifKs6WvO2WwQe8luAAg,-0.2992162241842269,0.5976591965153769,0.5017284942321852,0.0,-0.2217127734342647,-0.2478718084569988,-1.365400132309344,1.5353147132462213,2.0143245787719994,-0.5978505922601076,0.0,1,0.032256779042059314
UCAUJoWMicKCLyzfv6jlccwg,-0.2528828867251057,-0.1501488134615188,-0.2516789865069762,0.0,-0.2217127734342647,-0.2478718084569988,1.3309864298581875,-1.2154359321644748,-1.0219211620241218,-0.3094234624420706,0.0,1,0.10544761507134875
UCAUOD5xx6muOmpc5VqOZfTg,1.5668421135067323,-0.3103818553229326,-0.423700980501009,0.0,-0.2217127734342647,-0.2478718084569988,0.1033158954822898,0.3690030820483865,0.4281134353438288,0.4116443621030221,0.0,1,0.0857288579574711
UCAUcshGYx9HNwVflYIXGCbw,-0.2919786668510967,-0.3567162462692559,-0.5227496012317722,0.0,-0.2217127734342647,-0.2478718084569988,-1.1011398955676142,0.6129273399938453,0.9018159833930296,-0.5978505922601076,0.0,1,0.10419558366523812
UCAWm_L1YvjANZ-VXJaAE_DA,3.1180475097920723,-0.1422784247554796,-0.088445015763988,0.0,-0.2217127734342647,-0.2478718084569988,0.8135034807027949,-1.373713034524806,-1.2147790919480497,-0.5978505922601076,0.0,1,0.08595809364692936
UCAX07OUOngQNbmkLcqUHc6Q,0.3188236684324961,-0.406239153665718,-0.5048176645004971,0.0,-0.2217127734342647,-0.2478718084569988,-0.0610755164284685,-1.3737130345248083,-1.2147790919480497,-0.3094234624420706,0.0,1,0.0975160431202936
UCAXVhnopwiAQpShjhUQ-Pdg,0.2451788889358525,-0.4372363768771956,-0.4148181235063877,0.0,-0.2217127734342647,-0.2478718084569988,-1.0364536091985397,-0.7004744327573832,-0.7923904484458303,-0.5978505922601076,0.25,1,0.10360021192193963
UCAXh7cKLaTmfV7LU2DOrPxg,1.4709256764479015,-0.3564850879995681,-0.4428900714250483,0.0,-0.2217127734342647,-0.2478718084569988,-1.318972241974451,-1.0430087054793915,-0.5755756601870606,0.2674307971940035,0.0,1,0.09330688559915129
UCAYM0tS4Ev0MMGKGjde2hQw,-0.1404955880888352,-0.1838098605427327,-0.3716595072752731,0.0,-0.2217127734342647,-0.2478718084569988,-0.9698597591728468,-0.5727213722924638,-0.4031891870542625,-0.5978505922601076,0.25,1,0.11790354196915809
UCAaU7tz-UfP7GQMGNnG5_8A,-0.2668899826433135,0.6273245077919863,0.3791765238256534,0.0,-0.2217127734342647,-0.2478718084569988,-1.4091488465509372,1.1166619704684653,0.0269106207248309,-0.5978505922601076,0.0,1,0.07994653963654036
UCAbgxASDzupy65LJeDTYeaQ,-0.2516346970385687,-0.0015800912721324,-0.0784384972311911,0.0,-0.2217127734342647,-0.2478718084569988,-1.3317327194556765,1.1114672526403993,0.4794137274654034,-0.5978505922601076,0.25,1,0.0985538201134104
UCAePXvgwY5JRt16MtP5zrqg,1.4626508330872587,-0.0836541191374182,-0.3566564302050358,0.0,-0.2217127734342647,-0.2478718084569988,-1.248004155392327,-1.0496180008899734,-1.2147790919480494,-0.4536370273510891,0.0,1,0.093640941516753
UCAgO97nOYvuhhcLmtPc2aEQ,0.0153883409498207,-0.1853094257281438,-0.1420542521910042,0.0,-0.2217127734342647,-0.2478718084569988,1.2133481082538031,0.36142711456508,0.6830320995825295,0.5558579270120406,0.5,1,0.07417105510906369
UCAjhTOmMT99N1YzDr-gKBNQ,-0.147053616539143,-0.2487557027304525,-0.3445727834664178,0.0,-0.2217127734342647,-0.2478718084569988,1.2447098095759812,0.562967270746653,-0.1824920294996543,-0.165209897533052,0.25,1,0.1219722560197326
UCAk5oi5nMMyk5R_wgamFfkQ,-0.2928742548705168,-0.0676913564028618,-0.16968846922882,0.0,-0.2217127734342647,-0.2478718084569988,0.8696267458808361,1.5497275871520024,0.6964583373528063,-0.5978505922601076,0.25,1,0.11098184050103416
UCAmMfDSFgTLcXjotPHIPFWw,2.9458049985241908,-0.2114974844009014,-0.1434515438995019,0.0,-0.2217127734342647,-0.2478718084569988,-0.7482447284601761,-1.0496180008899734,-1.214779091948049,-0.4536370273510891,0.0,1,0.08976114355014503
UCAm_4xDZcBHa28RHeqKABgA,0.1263187159205228,0.3594891259803131,0.7294637117219452,0.0,-0.2217127734342647,-0.2478718084569988,0.6525951814190807,0.1155536925172212,0.835588471091537,2.2864207059202637,0.25,1,0.03205140628201947
UCAnnj_4dqYKB_0xsIJ2vthw,-0.1334331813006672,-0.3520545544972173,-0.4638516694806775,0.0,-0.2217127734342647,-0.2478718084569988,1.0562232696616656,1.3270789124321505,-0.687592074345985,-0.4536370273510891,0.25,1,0.09260609416391119
UCAodV6aIILldl3P4zjSfSYg,1.6910653591568132,-0.3701471344516329,-0.4413404624019981,0.0,-0.2217127734342647,-0.2478718084569988,-0.9164608296301264,-1.1206514696974497,-0.9458045270249412,0.5558579270120406,0.0,1,0.09065544106581402
UCAopgKsa2GvA1Mf3pikD7lA,-0.092283739780206,0.462970978043914,0.5257701926833194,0.0,-0.2217127734342647,-0.2478718084569988,-1.4994076375182572,-0.106077417833765,0.3547914997296048,0.2674307971940035,0.0,1,0.08405999735460257
UCAqYgMES6ZG1CPK_kfgd_-Q,0.2018131004407682,-0.3372218988589126,-0.4009545162295891,0.0,-0.2217127734342647,-0.2478718084569988,-0.9873464894677678,-0.5422491866132761,-0.6005630163016903,-0.5978505922601076,0.5,1,0.08758794820319682
UCAs49XS_oOqCeo99NEuRHVg,-0.2147783916063444,0.2891399592386395,0.9072051227865422,0.0,-0.2217127734342647,-0.2478718084569988,0.984971540331161,0.5225793482546806,-0.4887215735508888,-0.5978505922601076,0.25,1,0.08945072823956457
UCAuJXo3BE6qsgOQAq_ApOpQ,-0.2895586727257511,0.0484271477370091,-0.0159109776764781,0.0,-0.2217127734342647,-0.2478718084569988,0.2078021871050923,0.0937839920413909,0.3151093781479431,-0.3094234624420706,0.0,1,0.12726197642020148
UCAug43P3rkpaJRBGBDq-pZg,3.506568473299425,-0.4590615701735582,-0.4752604213463515,0.0,-0.2217127734342647,-0.2478718084569988,-0.0533398726561636,-1.298085087159946,-1.0587420116640394,0.9884986217390964,0.0,1,0.05318589627715781
UCAvjFYm4h-TLEvucfjiFDFA,-0.2794900329035043,-0.1973711456977541,-0.2367848453395513,0.0,-0.2217127734342647,-0.2478718084569988,-1.538429394133246,1.867237301823542,1.6417083398347536,-0.4536370273510891,0.0,1,0.03844725362461382
UCAw4Rw8UT5JAIw76fPdQYmA,-0.2979447948252606,0.1789545173540904,0.0483867584058841,0.0,-0.2217127734342647,-0.2478718084569988,1.1394570839781897,-0.9623265351910162,-0.8268262106777551,-0.5978505922601076,0.0,1,0.1058192168931727
UCAw4WFG-uhugjVTM_IREEgQ,-0.2682273053592052,0.0653787541807859,-0.2254405901421813,0.0,-0.2217127734342647,-0.2478718084569988,0.8666353122869707,0.7750034279361421,0.9077474396816088,-0.5978505922601076,0.0,1,0.12473015527726539
UCAwtL6d46-7kj-wIG0jtHKQ,1.2600989167512815,-0.4018498984258116,-0.4911872543923281,0.0,-0.2217127734342647,-0.2478718084569988,-0.1145318445903536,0.0617387533827615,0.7727734721785828,0.9884986217390964,0.25,1,0.04916159107249468
UCAwvA7OVxnoYCN0qPvp-y1Q,0.1158684969867292,-0.2187837012056827,-0.0794711338611976,0.0,-0.2217127734342647,-0.2478718084569988,1.2873254833187255,-0.1558392709769928,1.306783300418886,1.421139316466152,0.0,1,0.05855719017530714
UCAzKg4xGAnkj7dyEmoVeOMQ,0.2852701762751575,-0.0431115270593854,-0.187817177405391,0.0,-0.2217127734342647,-0.2478718084569988,0.9084459848155232,0.0211797600043309,-0.534025908584911,-0.5978505922601076,0.25,1,0.12200958011479018
UCAzmxb-aGdxEuuXQHtOJtPQ,1.5267916764677851,-0.4317271047829681,-0.4569154601522774,0.0,0.6913574657089212,0.7154674764909068,-0.9599688911309854,-0.5958849538012044,-0.9546305906462113,0.123217232284985,0.0,1,0.043825392996564905
UCAzn6BC99RNT4cdzNxQPXig,-0.1605413006969649,0.6113617450574297,0.6287826776088024,0.0,-0.2217127734342647,-0.2478718084569988,-1.1011741777413482,-1.0172971987421369,-0.8220531769128778,-0.4536370273510891,0.0,1,0.08027443228626102
UCB-E7le4rWSJKHbF4vqC0Gg,-0.0412167031981428,0.5087692102258223,0.0004724779809416,0.0,-0.2217127734342647,-0.2478718084569988,-0.139247074887847,-1.0699830808017443,-1.1221121740773403,-0.165209897533052,0.25,1,0.06696600472981362
UCB-MBnk6XuVC87HSSnkofPg,0.525507007962962,-0.3711251117464662,-0.53868842495428,0.0,-0.2217127734342647,-0.2478718084569988,0.2116769452405439,-0.8335546451334167,-0.6943876375886806,-0.4536370273510891,0.0,1,0.11892001914618378
UCB-r_XzE_9LeQOelD__d9nA,-0.0789124472893108,4.680453608499014,7.239758293160158,0.0,-0.2217127734342647,-0.2478718084569988,0.8043325816032814,0.3210968959721467,-0.6298016081191151,-0.5978505922601076,0.0,-1,-0.10459936878568676
UCB0zSUXPYQfGT55Pow_GEEQ,-0.1600777903437981,-0.2550066076065952,-0.439228211428024,0.0,-0.2217127734342647,-0.2478718084569988,-1.3104740837588456,-1.373713034524808,-1.2147790919480497,-0.5978505922601076,0.0,1,0.09571997591415593
UCB2BZSYssUrn-MAT_u1gIuw,1.1987732496363182,0.0109923501736687,-0.1112239878846375,0.0,-0.2217127734342647,-0.2478718084569988,-1.4928560219206155,-0.0947226026794564,1.4260041425117504,-0.4536370273510891,0.25,1,0.05897623172760902
UCB5g27rz7ngDx8K0vhv5Bvw,-0.0426151821938163,1.107902550473058,3.4854400696467573,0.0,-0.2217127734342647,-0.2478718084569988,1.0958557699150795,0.7964395409292375,1.301037609827276,-0.5978505922601076,0.25,-1,-0.007143267154864574
UCB5uwyuPUUGipThwdy18A5w,-0.2454671051222786,-0.2475196480939271,-0.3466106915776757,0.0,-0.2217127734342647,-0.2478718084569988,0.3086709350113824,0.8861790592496028,0.4854581518349664,-0.4536370273510891,0.0,1,0.12581037539424794
UCB5yKRjHzgCH4oTqHsFncqg,-0.1493288200666598,0.111995671901172,-0.0322908453845505,0.0,-0.2217127734342647,-0.2478718084569988,0.2512741254041252,1.4135042547347725,1.9470069777093868,-0.5978505922601076,0.0,1,0.0778288109428873
UCB6YOHE115rfDo5PoGfXoOQ,0.1042796025402279,0.0066535461434163,0.21478781849394,0.0,-0.2217127734342647,-0.2478718084569988,1.1008546676669753,1.1172043350362229,1.076629470570562,0.7000714919210592,0.5,1,0.04598004667543887
UCB9DWxQyF_zrNfSVq_roYsA,-0.0043752950522922,-0.4631481181555402,-0.5160656409159291,0.0,-0.2217127734342647,-0.2478718084569988,1.0466344438290545,0.1632230729833523,-0.0501036067430849,-0.3094234624420706,0.25,1,0.10938821716525288
UCB9EBkeTe_kngYVXitoPblw,4.425006537372646,-0.3561678119431337,-0.3884207115494435,0.0,1.6044277048521072,1.1971371189648596,1.272952050111226,-1.0901926939391475,-1.0947894551566704,3.5843427901014304,0.0,-1,-0.07107374292907642
UCB9oDZDawozevm3LzDcbY0w,-0.2180845459480123,-0.0356245675467173,-0.1429320930948179,0.0,-0.2217127734342647,-0.2478718084569988,-1.219837454124924,0.1980523611591418,-0.019601680117105,-0.4536370273510891,0.0,1,0.11791235867930017
UCBAEMW6blRkY2UE3vsBM0nQ,-0.2818396771852113,-0.0454121022196123,0.321925014328055,0.0,-0.2217127734342647,-0.2478718084569988,0.8433685648518596,1.1485830186980173,0.5566519319503614,-0.3094234624420706,0.0,1,0.10579021821482676
UCBAcgAjmTzxICt7ZbfcW0Rw,0.5224731684360211,-0.2324851876170061,0.2285627301972489,0.0,-0.2217127734342647,-0.2478718084569988,-0.5048292130918425,1.7331303399646665,0.5393864095962023,-0.3094234624420706,0.0,1,0.07139424064438121
UCBAg5RJVtoIySvpvAaMdO-w,-0.276485140955571,0.5534437563745258,1.3527325000954489,0.0,-0.2217127734342647,-0.2478718084569988,-0.8412536805340405,1.595954590183257,1.3923915985690254,-0.4536370273510891,0.0,1,0.0446113611161541
UCBBvZ9jWvpU4An_-1FgOyng,0.0639820326876735,-0.2526208259589526,-0.2228333580637477,0.0,-0.2217127734342647,-0.2478718084569988,-1.196580719443321,-0.0271962510211985,0.6944188404082224,2.5748478357383005,0.25,1,0.04820626294424424
UCBCuZiu_Df1iF_S1jCf-Fig,-0.076985377079968,-0.1870790989283182,-0.2690245006850718,0.0,-0.2217127734342647,-0.2478718084569988,-1.427517017846612,1.953983116173806,2.5326247536457127,-0.3094234624420706,0.0,1,0.019038816113321755
UCBJiCKGqeqaIxxDDKSKsF0A,-0.0859132343640859,-0.1486352771718959,-0.0593930718874561,0.0,-0.2217127734342647,-0.2478718084569988,1.0009132658023518,0.67888884516248,0.2566648661720045,-0.4536370273510891,0.25,1,0.1230477989784502
UCBK1sUZO_YGojC9dsH2Etnw,1.598137472334645,2.6973805234278148,2.961576844110445,0.0,0.6913574657089212,0.7154674764909068,-0.9053600585716548,-1.0937894131754833,-0.8461400960152488,0.9884986217390964,0.0,-1,-0.08703637768508099
UCBLU7CKnkpa1021wvqZnnFA,-0.0699238363283304,-0.0693865170472394,-0.259441027940754,0.0,-0.2217127734342647,-0.2478718084569988,0.1054046331122055,0.3546834872069647,1.862756352240255,-0.5978505922601076,0.25,1,0.08745170966791038
UCBLeYZcUhw8B_aOfQrfDw3w,0.4602629121136216,-0.0692923414558851,0.0269222989526131,0.0,-0.2217127734342647,-0.2478718084569988,-1.2357206911249907,0.4840677621226855,0.1672499035562258,-0.0209963326240335,0.25,1,0.10402481667645075
UCBMgDSiu14js6H6zq5T14EA,-0.2823309203055518,0.1145384128677385,1.0738622964217743,0.0,-0.2217127734342647,-0.2478718084569988,0.4530064752215645,1.333824106926469,0.3984378398737001,-0.5978505922601076,0.0,1,0.09954522825764833
UCBN-K0VQVfgfj64c0gY1xxg,0.2766762087135342,0.1386339105985355,0.4663564356417658,0.0,1.6044277048521072,2.160476403912765,0.3930093017733256,0.7364719754120799,0.1165456101633732,1.7095664462841889,0.25,-1,-0.0319318392488106
UCBQBN3o-auWYncjheyKZ26w,-0.2855198278440471,0.0111336135607001,-0.276800317435964,0.0,-0.2217127734342647,-0.2478718084569988,1.226652218174196,0.8699036664212813,0.5917571314849083,-0.5978505922601076,0.5,1,0.06926116000286453
UCBQBSTBtYk7WKUlEilNUhBg,2.1125992774292097,-0.1323899876632765,-0.1529493734147712,0.0,-0.2217127734342647,-0.2478718084569988,-1.348722962152605,-0.533718481020856,-0.1642580709468002,-0.4536370273510891,0.25,1,0.07909441304784226
UCBQLSyQg_J-IZyenXuOyBJw,-0.1728662718617498,-0.2202558143968528,-0.3406022644742685,0.0,-0.2217127734342647,-0.2478718084569988,-0.9256552269984905,-0.1110260271176027,0.4802476178049246,0.123217232284985,0.5,1,0.07054505630883029
UCBQnPTcvyxcqXvEER1N4APQ,-0.2709668859065614,0.8990345425050941,-0.1187173606039007,0.0,-0.2217127734342647,-0.2478718084569988,-1.4737431077641712,-0.1415240008602702,-0.185657893992044,-0.3094234624420706,0.0,1,0.07914488658534308
UCBSF7r-SK47FbphYpCaI18A,-0.2646630583814106,0.8392195883391961,1.5428234665050145,0.0,-0.2217127734342647,-0.2478718084569988,0.0758611096680444,1.311341583892621,2.110055916562221,-0.5978505922601076,0.0,1,0.018978799207365393
UCBUG52TcRk2our-apB6kT0A,-0.2279836922813117,0.1268283275394767,-0.095162942739465,0.0,-0.2217127734342647,-0.2478718084569988,-1.2895444481999636,-1.013423567729414,-0.8994692932492205,-0.4536370273510891,0.25,1,0.09804016652244552
UCBVBp9C490z4OF5Hb8Hi2iA,-0.1534548032981571,0.177153409169439,-0.0028867161615555,0.0,-0.2217127734342647,-0.2478718084569988,0.3102827537700176,0.4043203298870417,1.2582567004910636,-0.165209897533052,0.0,1,0.10475883500591598
UCBVgvALLbRbZq5ZHcF0j-kQ,0.1229542401238595,-0.3704187948113088,-0.4598930846175277,0.0,-0.2217127734342647,-0.2478718084569988,1.1500741725081491,-0.533718481020856,-0.1642580709468002,-0.4536370273510891,0.0,1,0.12673515193301693
UCBWiEHfYf4rUVN0k8WKx6Bw,-0.2815333225834303,0.0679214951473524,-0.0517592510950928,0.0,-0.2217127734342647,-0.2478718084569988,0.4201831237899516,-0.394198361512932,-0.1647000198878602,-0.5978505922601076,0.0,1,0.12351571479016754
UCB_-7iKYhryvuCwVOZjLjyQ,0.2493268529074854,-0.452642395674628,-0.5230030748750752,0.0,-0.2217127734342647,-0.2478718084569988,-1.1647538791033831,0.1070482091049669,-0.149929902855392,1.132712186648115,0.0,1,0.08885082567396968
UCBcVvd4jvx7aC9smT59ZOuQ,0.5833351140326436,-0.3072305951506921,-0.3902490252723071,0.0,1.6044277048521072,2.160476403912765,-1.4904191344919209,-0.0483252153933009,0.0800982055156268,2.430634270829282,0.25,-1,-0.02663470391865519
UCBdj2yDh80KDz4gbaNDFDHg,-0.0389311395580942,0.7175918121050975,1.793614368447458,0.0,-0.2217127734342647,-0.2478718084569988,0.3631340894964034,-1.0119424749141006,-0.9455869270735604,0.123217232284985,0.25,1,0.004103076208751999
UCBe-0vSHIhA8Wx6xqQ-Y0LA,-0.078508802734763,-0.3475812139078873,-0.3156930284357515,0.0,1.6044277048521072,1.1971371189648596,-0.2786867391024,0.5546392054178996,0.6322181232388229,-0.0209963326240335,0.25,1,0.021699849830251028
UCBffLFQD8katUYew-7dSgUA,0.0908956469749996,-0.3524783446583117,-0.4970426710008246,0.0,-0.2217127734342647,-0.2478718084569988,1.0633831941688707,-1.3737130345248083,-1.2147790919480497,-0.5978505922601076,0.0,1,0.09791741291699763
UCBfjfZ5KxviN8jrMFN_k9_A,-0.1889310013190794,0.2158242613693048,-0.3541362855710016,0.0,-0.2217127734342647,-0.2478718084569988,1.21612591911428,1.002983878797315,1.9756022649708171,-0.4536370273510891,0.5,1,0.04061111899943248
UCBgAncleUdGK-ofhWudgsQQ,-0.1576115566989197,-0.345697702080801,-0.3039087298313427,0.0,-0.2217127734342647,-0.2478718084569988,0.1263342686710879,-0.4014279336203034,-0.5776251679595036,-0.4536370273510891,0.75,1,0.037423915609741065
UCBgN2ztjU7ZFIFgXoWvcRLA,2.283873167792666,0.1876724863823184,-0.3183379085051526,0.0,-0.2217127734342647,-0.2478718084569988,-1.2214577356056444,-0.976694172713958,-0.9542611196128136,-0.3094234624420706,0.0,1,0.08714363403959291
UCBgpP40ca9NXdbyZj3lNF9g,0.1654270869965604,-0.0377435183521894,-0.3166312688907435,0.0,-0.2217127734342647,-0.2478718084569988,-1.4804086951950934,0.6486683473737658,1.1514458472366438,-0.4536370273510891,0.0,1,0.09152470470308804
UCBhVMNGLRn_VA0IPYatqf3A,0.7929855252685258,0.4831718846936806,0.5430186460740558,0.0,-0.2217127734342647,-0.2478718084569988,1.3930008461437111,-0.4031182491967668,-0.6442621025631596,6.324400523372782,0.0,-1,-0.0397010730587577
UCBhqJ2KqpMvHCaD-a-q4b4w,-0.2520172979127673,-0.1973711456977541,-0.4281862552484571,0.0,-0.2217127734342647,-0.2478718084569988,0.3762139821371629,1.5431422681887064,1.2009503301988704,-0.5978505922601076,0.0,1,0.11038880371166232
UCBi9CFPF4ZiOKMBv-Kd6q5A,-0.2608274401122007,-0.4271595886022839,-0.5158788379317633,0.0,-0.2217127734342647,-0.2478718084569988,-0.4422095621494828,0.2216714425778412,0.1531881557242335,-0.0209963326240335,0.25,1,0.0994414718405342
UCBiGW-Vgukkw_n7M4PiYSJQ,0.8702192411593112,-0.3278985153148354,-0.3047446628588222,0.0,-0.2217127734342647,-0.2478718084569988,0.1888041970376066,-1.3737130345248074,-1.2147790919480497,-0.5978505922601076,0.0,1,0.10125639578102374
UCBjEQQUGgIH3QOxOCjovWkA,-0.0967186195663865,-0.1931332440868099,-0.1659421887399781,0.0,-0.2217127734342647,-0.2478718084569988,0.8915378740476246,0.5708571672842018,0.5400152426979551,-0.4536370273510891,0.0,1,0.13679164623726708
UCBkCTVdl87z6FidwHr06s7Q,-0.2978563294457996,-0.1473639066886126,0.0044167821714562,0.0,-0.2217127734342647,-0.2478718084569988,0.5944509261606882,1.7695856516313415,0.8832818031949777,-0.5978505922601076,0.0,1,0.10368948255724614
UCBlZ7uzSxgc4i6x27ccsaeQ,-0.0705629526981501,0.0984343867461507,0.1300107474667771,0.0,-0.2217127734342647,-0.2478718084569988,0.0293427122683289,1.701779531593543,1.7320650489739804,-0.5978505922601076,0.0,1,0.07624411630491834
UCBmZMAj3-h5yYDye2l4dnCg,1.5262670816230683,-0.1628159479469784,-0.2949858752899587,0.0,-0.2217127734342647,-0.2478718084569988,0.8973525030703737,-0.5280760831488751,0.0075865360296674,0.5558579270120406,0.25,1,0.09242357066878809
UCBokKzzfSbawYpd8cLyuWgw,-0.2973145455306686,0.0920775343297344,-0.5807876566573499,0.0,1.6044277048521072,3.605485331334624,-0.1367625343852802,0.2330480372598585,0.7237229147190102,0.123217232284985,0.0,-1,-0.00752801269150849
UCBpWlER5Lxm1d6kEmaZhbdQ,-0.1760054107611176,-0.4236750917221742,-0.3936518147875925,0.0,-0.2217127734342647,-0.2478718084569988,-0.8513264622717787,0.1787219491767339,2.0824600714580965,-0.5978505922601076,0.0,1,0.08483772358311042
UCBqRJ1dhDNbgTVkDTGfZ7Gw,4.544922890193386,0.175564196065335,-0.6003272946293761,0.0,-0.2217127734342647,-0.2478718084569988,-0.1860153731615065,-1.3737130345248074,-1.2147790919480497,-0.3094234624420706,0.0,1,0.052415757137389274
UCBqc0wjS8LZXPza__W3R-ag,-0.1343537017370372,1.8575873454490857,7.471731527498624,0.0,-0.2217127734342647,-0.2478718084569988,-0.8047445501220989,2.320970348912311,0.4194308973491332,0.123217232284985,0.0,-1,-0.0909458451687516
UCBroBYphdsNaMkT71hpL4iA,-0.2873777415389628,-0.3202702924151358,-0.4523258848879083,0.0,1.6044277048521072,1.1971371189648596,-1.4510667271533058,0.5101351386523734,1.1905305385153302,-0.165209897533052,0.25,1,0.006052151105158554
UCBshpJ-bCV2i-OQhIRVzyqA,-0.2164799810313301,-0.2129101182712162,-0.3083400203806111,0.0,-0.2217127734342647,-0.2478718084569988,1.2693101071929984,1.0350062686332908,1.5941399830735696,-0.4536370273510891,0.0,1,0.09624485775977998
UCBta2_DUdjgqjacWO89bUYA,3.6275234458878254,-0.1600776115214452,0.0556668351023545,0.0,-0.2217127734342647,-0.2478718084569988,-1.1855342270258078,-1.3737130345248083,-1.2147790919480497,-0.5978505922601076,0.0,1,0.07615886943960015
UCBuI2GcON8MkVlQOej1r_XQ,1.9035395931730332,-0.3284433883790996,-0.3582493116065783,0.0,-0.2217127734342647,-0.2478718084569988,-0.0148870905006109,-0.8784563390649026,-0.2158192237700361,0.7000714919210592,0.0,1,0.07920878738544596
UCBv9abEQU1fwOwLyZ0ipgsA,-0.0439754249793896,0.5284155693243843,0.5388920293440067,0.0,4.343638422281664,8.422181756074153,0.4946198527716756,1.1412225687184383,-0.0682917639218185,1.997993576102226,0.25,-1,-0.1422031676309009
UCBzAJvJ-QqHnb4w1jyx-WTw,0.1706964414716345,-0.2881328718654757,-0.3320813636631461,0.0,-0.2217127734342647,-0.2478718084569988,1.2275958454687077,-0.7717963935624497,0.3010658015811638,0.4116443621030221,0.0,1,0.10794795281388947
UCC-b5VmHTdLq5BmTNRduU1w,-0.2858548376754615,0.7192264312978903,0.6445667885711549,0.0,-0.2217127734342647,-0.2478718084569988,-0.71438560101507,1.5682367995784672,1.0550214475438735,-0.3094234624420706,0.0,1,0.0762249761829571
UCC-jP_LIL00yt4pRQVMY9aQ,-0.14025794819433,-0.1753340573208443,-0.3827950697118596,0.0,-0.2217127734342647,-0.2478718084569988,0.4431110220865251,-0.0635521426047797,0.5816205340435351,-0.5978505922601076,0.5,1,0.08440244515301643
UCC0PYKwfZleV0nLKHznCw9g,-0.2277694457318283,0.0932596858317345,0.1303310041480167,0.0,0.6913574657089212,1.6788067614388125,1.037361785987654,0.5097318707844327,1.244282546196825,1.421139316466152,0.25,-1,-0.006291087794449313
UCC1SXvUwgrkw4P5e8JmUjdA,0.1805867223014745,-0.1962410386015023,-0.2250836237496993,0.0,-0.2217127734342647,-0.2478718084569988,-0.2198135704563996,2.181415707422022,0.5054264441220977,0.8442850568300777,0.0,1,0.04579743665277447
UCC1nRgVTJTyobWW7XFhn6fQ,-0.17308003282198,-0.4184483464020097,-0.4737642707004825,0.0,-0.2217127734342647,-0.2478718084569988,0.5843146262666276,-1.1941183414104872,-1.0202827234216143,-0.4536370273510891,0.25,1,0.09000361101436144
UCC2feCWJxxUxYUqKjJqEcJQ,-0.0318915532413177,-0.346757177483537,-0.4212369703737602,0.0,-0.2217127734342647,-0.2478718084569988,1.417224077517278,0.4088096504667842,0.3078071008803779,0.4116443621030221,0.0,1,0.10484187308573073
UCC2yhPH4Q9J9K4xr0bI3Cnw,-0.2844373250325374,0.169913660584076,0.732571355497023,0.0,-0.2217127734342647,-0.2478718084569988,0.6439223984053778,0.1439091455792572,1.398416192391514,1.2769257515571333,0.0,1,0.055156384939560155
UCC319UDOXCc5Y0l5qzXapEQ,-0.1267007452263124,-0.4219799310777965,-0.3799606837896308,0.0,-0.2217127734342647,-0.2478718084569988,-0.9356545135597324,0.5708571672842018,1.739582115040873,-0.4536370273510891,0.5,1,0.05381179154459764
UCC3MP7vnV0f1ejlx885GftQ,1.4837552066838378,0.0145239348494555,0.1046525056754922,0.0,-0.2217127734342647,-0.2478718084569988,-1.1230642986592891,-1.0496180008899734,-1.2147790919480497,-0.4536370273510891,0.0,1,0.08429983481245551
UCC5PdCc2rfvk2cH_DWusvcw,0.8208064750810207,-0.3423073807920456,-0.3246731066385992,0.0,-0.2217127734342647,-0.2478718084569988,-0.0122095495047501,-0.9623265351910174,-0.8490136077786012,0.123217232284985,0.0,1,0.10845932626197952
UCC5V9ZwcDLOivazam0bwIeA,-0.079983775193839,-0.3592589872358224,-0.3922661363056398,0.0,-0.2217127734342647,-0.2478718084569988,-0.9179436510968538,0.5892340174445904,1.203481676903583,-0.5978505922601076,0.25,1,0.10490861246701805
UCC6Edg-EbQdSB-_i99mjpsQ,-0.2950356740328222,0.1489809950512304,0.3525491926811082,0.0,-0.2217127734342647,-0.2478718084569988,-1.1314312824990236,1.5470884547487007,1.7250907877029416,0.2674307971940035,0.0,1,0.05033186926414285
UCC8F4FUnUk0zwRpONNzZJXw,0.4610963875621955,-0.2990807843604148,-0.4912726105622099,0.0,-0.2217127734342647,-0.2478718084569988,1.383629758646736,1.1460343544633411,1.3172027899389176,-0.5978505922601076,0.25,1,0.07279782572536175
UCC8RTTIuqXlptNwsgyLiT5g,-0.0856618047906484,-0.1811258561891348,0.0177548683628817,0.0,0.6913574657089212,0.7154674764909068,0.6595236151983276,-0.0078423292673615,-0.676062755267313,1.2769257515571333,0.0,1,0.05802537221575371
UCC8mTNqaDb7Wpxghc_p-nBg,0.3345363645061283,-0.3043781613740951,-0.3418499006478322,0.0,-0.2217127734342647,-0.2478718084569988,-1.5121320011756272,0.2375221900410362,0.6095684295513376,0.9884986217390964,0.0,1,0.07855587128871722
UCC9G_M1MWEgRTWYdCQoo5-g,-0.2788220546610553,-0.2715344238892775,-0.3195986331274653,0.0,-0.2217127734342647,-0.2478718084569988,-0.8731845851932137,0.7869205230407585,0.3075166227402182,-0.4536370273510891,0.5,1,0.07323957793929736
UCC9JgWuu3LFV98968d-f32Q,1.5941956345225103,-0.3132071230635622,-0.4697140195965695,0.0,-0.2217127734342647,-0.2478718084569988,0.2303444898452434,-1.0858124340505333,-1.0915326492433164,-0.4536370273510891,0.0,1,0.11058812960768694
UCC9d7a0W2GBfTAKiD8Q-Uyg,-0.0984913638420112,-0.0659961957584841,0.0601323292392743,0.0,-0.2217127734342647,-0.2478718084569988,-1.2354412195883635,-1.0626533451216789,-1.1363133422457783,-0.5978505922601076,0.75,1,0.012109212679400183
UCCC6_3Ij68phq8gxXN7ePrA,-0.2900792546925301,-0.3183867805880495,-0.2376956229888671,0.0,-0.2217127734342647,-0.2478718084569988,-1.2829058637599418,-0.6460649746797514,-0.1235509114918583,-0.0209963326240335,0.5,1,0.06621115219875562
UCCD_usbJs1Lm4kceySQEhTA,0.0315226208057849,-0.2956904630716595,-0.445429341870451,0.0,-0.2217127734342647,-0.2478718084569988,0.5986145860031034,-0.0566146584749199,0.5047960071265818,-0.5978505922601076,0.0,1,0.1306746587339057
UCCEHhMeUlHapVFHAds5AtvA,0.0523087715935497,-0.3181513416096637,-0.4532126204991561,0.0,-0.2217127734342647,-0.2478718084569988,-1.539735492415512,0.7869205230407589,0.1427041411660729,-0.4536370273510891,0.25,1,0.09655732286320579
UCCG6eFnrFvSOhEKU5-TzJWQ,0.8120312219165381,-0.0761671596247502,-0.2833363861695893,0.0,-0.2217127734342647,-0.2478718084569988,-1.3932424185249566,0.0506711899662962,0.8552116736993504,-0.5978505922601076,0.0,1,0.09066000305100924
UCCHRRXAPC15Lfle1PlFm6yg,0.1507461928412127,-0.4346936359106291,-0.4284762993287591,0.0,-0.2217127734342647,-0.2478718084569988,-0.0610755164284692,1.7746387207850185,2.0086932559728603,-0.3094234624420706,0.25,1,0.03214340247467512
UCCIf2S5ZIjWmsP1D5kgZ9ww,1.0832061052180584,-0.1513596424932171,-0.4303666621779414,0.0,-0.2217127734342647,-0.2478718084569988,0.3992411118305937,-0.5354257524911767,-0.6533418569061871,-0.3094234624420706,0.0,1,0.12782239260795025
UCCJ5h_r49dHmnokZRhXv0bw,-0.2579159569293499,1.007040492132586,-0.4479621164785641,0.0,-0.2217127734342647,-0.2478718084569988,0.6885636239697571,1.7375992883696083,2.827509392917122,-0.5978505922601076,0.0,1,0.014116206947600851
UCCJINsHPps35nZbNn193BhA,0.4049730443095843,-0.1852995471696101,-0.0921002200208137,0.0,-0.2217127734342647,-0.2478718084569988,-0.8068726043056997,-0.878431819036916,-0.9140559953031856,3.440129225192412,0.25,1,0.03765013556618679
UCCJTGKOCXzYTkL4vn0qBBTA,0.5121366973852408,-0.2390022968170295,-0.2722250332852008,0.0,-0.2217127734342647,-0.2478718084569988,-1.4015847821024745,0.2936314784222251,0.4559514573368188,1.132712186648115,0.0,1,0.09201287336132541
UCCOSgdLk0JMCCAovByT4hTg,-0.2756635871601223,-0.251051232769714,-0.3179001881471625,0.0,-0.2217127734342647,-0.2478718084569988,1.291338504543271,0.3168790881654391,-0.1405865990523143,-0.4536370273510891,0.25,1,0.1222745909394668
UCCPj7JOSc-yTbsUa-uCfYhA,3.1984739246189084,-0.2824025909237957,-0.4214298405201439,0.0,-0.2217127734342647,-0.2478718084569988,-0.9438384990352198,-0.865040296383093,-0.9304363047603046,3.1517020953743744,0.0,1,0.025836440073554623
UCCQ4sRhpha3v83HTRoIh5BA,-0.2567706993339056,0.2450657824848198,-0.1400559671130868,0.0,-0.2217127734342647,-0.2478718084569988,0.916908309372104,1.2413920517391657,1.05739558529506,-0.5978505922601076,0.0,1,0.11222231036554503
UCCQa32HMX1VMIPRnmcDfqDQ,-0.0667350198941738,-0.0066655732052653,-0.1668849307316672,0.0,-0.2217127734342647,-0.2478718084569988,0.1918126938543629,0.6973735543732191,0.7050671100490733,-0.5978505922601076,0.25,1,0.11317603824425698
UCCQnnXtf6yJch3FZOdIX9nQ,2.244802231093291,-0.1447000828188763,-0.1358559666021782,0.0,-0.2217127734342647,-0.2478718084569988,0.9451241464031962,-0.7007657181777233,-0.2342321498273943,-0.3094234624420706,0.25,1,0.09215410247359829
UCCQqgcQyleyNjgXAeywkNmQ,1.5174574661521314,-0.3613779380412945,-0.4034183022012161,0.0,2.517497943995293,2.6421460463867183,0.9422379890581282,1.7889902318274216,0.255718109140933,7.333895477735912,0.0,-1,-0.11082225002006763
UCCQyF8vB9mgntYrE0gwUbag,-0.1907112044752476,0.0814827803023739,0.0481867863178081,0.0,-0.2217127734342647,-0.2478718084569988,-1.0605943702927705,-0.8551609807090724,-0.8962021299537767,-0.5978505922601076,0.25,1,0.10025321999800757
UCCR7Omm7dilajDY_kZ3A9LQ,-0.2594177075508131,-0.3414598004698568,-0.3672686295832209,0.0,-0.2217127734342647,-0.2478718084569988,0.9465162869644672,0.6921186612913252,0.080931331097965,-0.5978505922601076,0.0,1,0.1304848727304912
UCCSiJNH26GIzBk9y6E8J4Jw,-0.0777129976594198,0.212010149919455,-0.0275401883991649,0.0,-0.2217127734342647,-0.2478718084569988,-1.4584384909823485,-0.4423565897073496,-0.9684106319295334,-0.5978505922601076,0.25,1,0.09023077113637451
UCCSmtEwvhWXglcJZVJFdQ-w,0.3140810825209172,5.5079431378656,4.536050082233031,0.0,2.517497943995293,9.38552104102206,0.4833636840696236,2.061042068840659,0.4155567119942107,2.5748478357383005,0.5,-1,-0.2529532049772001
UCCTTbX_dDOsQrbC9m9cuBVA,1.7059314586069332,0.0162190954938332,-0.1964947498466603,0.0,-0.2217127734342647,-0.2478718084569988,1.1883230509019085,-1.3737130345248083,-1.2147790919480497,-0.5978505922601076,0.0,1,0.08782217239116064
UCCVRL75z1cqEqUjnnpQ5Gdw,-0.076785301389967,-0.2234676977230421,-0.2927215295931576,0.0,-0.2217127734342647,-0.2478718084569988,-1.005719017208233,-0.1863677061566995,-0.1726894793267607,1.421139316466152,0.25,1,0.09455527768760014
UCCWt08UICpo7EqhBYuSI4Jw,1.160184012536221,-0.2698392632448999,-0.3266159803881291,0.0,-0.2217127734342647,-0.2478718084569988,-1.5361886882941589,-1.1437798294931956,-0.8513831438013518,0.123217232284985,0.0,1,0.08753953584461888
UCCYF_NyV8NtagqhLVOSh5ww,-0.2742002920390905,-0.0240409698101365,0.0288947729473254,0.0,-0.2217127734342647,-0.2478718084569988,0.5324163387442189,0.9273331331576424,1.704085135675925,0.123217232284985,0.0,1,0.09476189422655323
UCCYxQJxlhRW_l5MfltjguyQ,-0.2979246651248798,-0.2345705042827087,-0.3109708339439549,0.0,-0.2217127734342647,-0.2478718084569988,0.4530064752215649,0.8671978311159091,0.3951678681347353,-0.0209963326240335,0.0,1,0.12344237488318294
UCC_uJfRk9L7pQdKXYt54WMw,0.1425831692425166,0.0278430541981373,0.0316245829451047,0.0,-0.2217127734342647,-0.2478718084569988,-0.6300977914453368,0.3544643351848595,0.1378075090397984,-0.3094234624420706,0.25,1,0.11326965117226451
UCCaJlvvRcnZ42U836K-cFQQ,-0.2832393326633562,-0.2800102271111659,-0.2978117545511509,0.0,-0.2217127734342647,-0.2478718084569988,-1.1230642986592891,2.2993640133366555,-0.9239594446385008,-0.4536370273510891,0.0,1,0.03760182280275337
UCCbXlpjKj9lTP2cK7nmPO2Q,-0.214131410846838,-0.1880477621536769,-0.3180391749750726,0.0,-0.2217127734342647,-0.2478718084569988,1.295444216508398,0.978259941188661,0.8353396448451569,-0.5978505922601076,0.0,1,0.11638276299307926
UCCcNvPclDJbAJFUK6mnLUQA,-0.1297050372795184,0.0238473183935327,-0.0511448450959399,0.0,-0.2217127734342647,-0.2478718084569988,-0.7608076642641394,-1.0626533451216789,-1.1363133422457783,-0.5978505922601076,0.0,1,0.10945150761718908
UCCdkFRowAgGdQbAKC9QzPLQ,-0.0161130107160122,0.8653331344561569,1.029023385159492,0.0,-0.2217127734342647,-0.2478718084569988,-1.290988687255315,0.3808461688692013,0.7381828810595102,1.7095664462841889,0.25,1,0.007195688938726019
UCCeWvKmgERhfZHEOzYIaf8Q,0.1762314919302998,0.5558195497018733,1.501169893720362,0.0,-0.2217127734342647,-0.2478718084569988,-1.2190492533813404,-0.505624444385985,-0.3583893270558326,0.2674307971940035,0.0,1,0.06380571460285223
UCCee0Fz-WoBdaANCF8iC-AA,-0.1690081834542161,-0.2270364569743635,-0.4038276909684948,0.0,-0.2217127734342647,-0.2478718084569988,0.4608964488119796,0.9828190117283312,0.1484815151679417,-0.5978505922601076,0.25,1,0.12288018976026299
UCCfb0rdM_z3kw6_Nrc2w6rQ,-0.1141952447023058,-0.2058469489196425,-0.3987250388565515,0.0,-0.2217127734342647,-0.2478718084569988,0.794882358519626,1.2512494657077398,2.032627607112216,-0.4536370273510891,0.0,1,0.09167175699429814
UCChaBuFnyDLQi6VGYCzm5Gg,-0.2866448197412474,-0.0050006832866801,0.1470219637951642,0.0,-0.2217127734342647,-0.2478718084569988,-1.4681162960420415,0.8155597677169837,1.6297471814141058,2.719061400647319,0.0,1,0.018477578732076172
UCCi8_Sl8b-AQMPnNxfqbAdA,-0.1060236547046934,-0.41943719011123,-0.4621660037437545,0.0,-0.2217127734342647,-0.2478718084569988,-0.8598976050465458,-0.5448525621389272,-0.8542726752158717,-0.5978505922601076,0.25,1,0.10776885107549877
UCCin6iY4wLlSFOZ6gYv31kQ,1.2877071332733163,-0.3083271151479295,-0.2522429631190461,0.0,-0.2217127734342647,-0.2478718084569988,-0.039023275436383,0.8793673523614305,2.337567263195232,0.2674307971940035,0.25,1,0.01815916995540029
UCCl1qWoRZvfwahw1rfVfAyg,-0.2860674145753901,-0.1684121513563022,-0.1363998553678772,0.0,-0.2217127734342647,-0.2478718084569988,-1.1443737194746375,0.5340059567018912,0.2924658751563612,-0.4536370273510891,0.0,1,0.11536188684849025
UCClYmUwCTDXpJLUuHqTITTQ,0.0034961171239678,-0.1864736844124691,-0.2502619156660883,0.0,-0.2217127734342647,-0.2478718084569988,-1.2788649018416285,0.5016855812003541,0.5023462750096298,-0.3094234624420706,0.25,1,0.11117095879281924
UCCq2a7h_3lTf36MQY-p9BNA,3.4094538633978333,-0.3555861391730042,-0.3309771549912879,0.0,-0.2217127734342647,-0.2478718084569988,1.3132629076349456,-1.373713034524806,-1.2147790919480497,-0.4536370273510891,0.0,1,0.07556948374842548
UCCqzsuOyzjYgqQMp_Getz5w,-0.097318104909489,-0.0871857038132051,-0.6003272946293761,0.0,-0.2217127734342647,-0.2478718084569988,-1.1855342270258078,-1.3737130345248083,-1.2147790919480497,-0.4536370273510891,0.0,1,0.082106966335031
UCCr6O6NbPFcFGIEGlUvW2bA,-0.1465769401808959,0.0604345356346844,0.2040939066597951,0.0,-0.2217127734342647,-0.2478718084569988,0.8054305311741606,0.3687546772723302,-0.1870082257999481,-0.4536370273510891,0.5,1,0.09258914904366178
UCCsZLYbBHS8re17hR7eIsUA,-0.0945235520872234,-0.2778912763056939,-0.0696382815973343,0.0,-0.2217127734342647,-0.2478718084569988,-1.539424161666039,-1.0134235677294143,-0.8994692932492204,-0.4536370273510891,0.0,1,0.09576134511212886
UCCspP0gCKn3r4Cc-4kuarhA,-0.2901394406447078,0.0350071259690192,0.0387508228653047,0.0,-0.2217127734342647,-0.2478718084569988,0.6885636239697571,0.5708571672842027,0.0595287560290404,-0.4536370273510891,0.0,1,0.1310586307025216
UCCtWnaI870dRrMQc2b-YJuA,5.637981379248864,0.6810302791161335,-0.5527083399115404,0.0,-0.2217127734342647,-0.2478718084569988,0.9384433374358324,-1.373713034524806,-1.2147790919480497,0.2674307971940035,0.0,-1,-0.02457340161793442
UCCuBv92C1QBK-3RdxMJVb6g,-0.0175447583444062,-0.0414163664150078,-0.2157090239037268,0.0,-0.2217127734342647,-0.2478718084569988,-0.9905178998266084,-0.1342593331747656,-0.8721126323074939,-0.5978505922601076,0.0,1,0.1200725763708585
UCCue1m9UF1W5xR8I7w_fyRw,-0.2925746969779542,0.6593912966481307,0.3445737572012022,0.0,-0.2217127734342647,-0.2478718084569988,0.0380856047493461,0.7869205230407585,1.1427646245535874,-0.4536370273510891,0.25,1,0.068465214859117
UCCuvKqjGlT0jUkrcfjQD2iQ,-0.2211500157078188,2.88019300416992,-0.592090454199654,0.0,-0.2217127734342647,-0.2478718084569988,-0.0610755164284685,-1.3737130345248083,-1.2147790919480497,-0.5978505922601076,0.0,-1,-0.021516487441027965
UCCv64fcljDThLjOGC7Z7beg,0.7014826585768776,-0.1313809634701945,-0.1850136680742422,0.0,-0.2217127734342647,-0.2478718084569988,0.0119998239684957,-0.6399229231162161,-0.1835019361668451,-0.3094234624420706,0.0,1,0.12024617013025068
UCCvzmqP9D_PUoZJXU10Aihw,0.5800425108492712,0.0424940854816872,0.2817049152707129,0.0,-0.2217127734342647,-0.2478718084569988,-0.0862711793249474,-0.9586558900250391,-0.9063418259714072,-0.5978505922601076,0.0,1,0.10254675913478634
UCCwYYV3nT5OpE5J1jYRQdoA,0.4633580985875822,-0.2310094897346237,-0.2405406023691625,0.0,-0.2217127734342647,-0.2478718084569988,-1.3151292574247615,0.0592971869218538,0.9167468847677956,0.9884986217390964,0.0,1,0.08539780468235764
UCCy74Mtqewf_MN-CBxp-c0g,2.472356787600467,0.1243241129511915,0.0925782020324921,0.0,2.517497943995293,1.6788067614388125,-1.2695578103520786,-0.5873391872834332,-0.421381634135798,1.8537800111932077,0.0,-1,-0.050534254642859655
UCCysEPNZVExI8tUfzXXz9jw,2.4849390199637784,0.0441892461260649,0.0917864543901603,0.0,-0.2217127734342647,-0.2478718084569988,-0.8107146568266947,-1.3737130345248083,-1.2147790919480497,-0.4536370273510891,0.0,1,0.08990562890419296
UCCzDAIWcyIvBacOm88IMAeA,-0.2811958189178757,0.2603222282842189,-0.1766159869176176,0.0,-0.2217127734342647,-0.2478718084569988,0.3167525505874003,0.8270115678271532,0.2715917023509149,-0.5978505922601076,0.0,1,0.11904795769167009
UCD-3v4zPl6-Q9lWeFKoGSwg,1.6588672148215715,-0.2921941942426305,-0.3190612140776138,0.0,-0.2217127734342647,-0.2478718084569988,0.6497484720361913,-0.4124452071623908,1.147303629442081,-0.165209897533052,0.0,1,0.07974930812117198
UCD2Uu4Exo53wl9mVCxbppjg,0.0981213059706662,0.046308196931537,-0.0917458007781084,0.0,-0.2217127734342647,-0.2478718084569988,0.648018098694913,0.9328669242812412,0.5860324722015402,-0.4536370273510891,0.25,1,0.10879272785378136
UCD4KYtQ-fYVlRWTgUUxFuiQ,-0.0278012179991249,-0.2973856237160371,-0.4862117706342154,0.0,-0.2217127734342647,-0.2478718084569988,0.438683910503682,1.219047234553872,1.9709905279946809,-0.5978505922601076,0.25,1,0.06583536858489308
UCD4OLJLdE7N8UG28YpecQwg,3.747991273531731,-0.2873450568224155,-0.3278961599511625,0.0,-0.2217127734342647,-0.2478718084569988,0.2103327034210465,-0.402272219803779,-0.7786700081412471,0.5558579270120406,0.0,1,0.06647409625906758
UCD7KtpwR0OgrdvYNOrSOLzA,-0.1855984602212175,-0.0871857038132051,-0.2640498021254472,0.0,-0.2217127734342647,-0.2478718084569988,0.8901618152473708,0.4913162228257789,-0.219576625315944,-0.5978505922601076,0.0,1,0.13721832161827147
UCD7u-9FzZq2JmwmRJkTPsaw,1.8824851424023432,-0.2768318009029578,-0.3239521042507192,0.0,-0.2217127734342647,-0.2478718084569988,1.3132629076349456,-1.373713034524806,-1.2147790919480497,-0.165209897533052,0.0,1,0.0900573559867402
UCD90z36bO3Zl7uaIrG0Pkng,2.784476008673647,-0.3411570932119322,-0.3613379604881859,0.0,0.6913574657089212,0.7154674764909068,0.6795890830758573,-1.029663685894486,-0.8734679760871835,0.7000714919210592,0.0,1,0.02611590988073781
UCD9U_RGrP7JMRlD-CP4B-Yw,1.402524468519853,-0.3845451335144561,-0.4586481931875081,0.0,-0.2217127734342647,-0.2478718084569988,-0.0817663754583766,-1.194118341410486,-1.0202827234216163,-0.4536370273510891,0.0,1,0.10503946906517125
UCDBZ7VWdGY8Ho4xBHz9c6eA,3.133848100777632,-0.4635113668650496,-0.5021130417941194,0.0,-0.2217127734342647,-0.2478718084569988,-1.0605943702927705,-1.3737130345248083,-1.2147790919480497,-0.5978505922601076,0.0,1,0.0792572559644063
UCDBdU5IbL0NnRNLDvtMaWew,1.8574556975937933,0.1297948586671376,4.541608442991466e-05,0.0,-0.2217127734342647,-0.2478718084569988,-0.3109552298945442,-1.3737130345248074,-1.2147790919480497,-0.5978505922601076,0.0,1,0.07914195499260629
UCDByNAU1WpFz1dKAAqPRnbw,5.483563125273227,-0.4941937745282855,-0.442366979290932,0.0,0.6913574657089212,1.6788067614388125,1.332668833856405,-1.0995958073409369,-0.2617335482176066,2.2864207059202637,0.0,-1,-0.08712356316203751
UCDDp8g48EzeJXaG_D5GL4PA,4.241441358482371,-0.3360110698272143,-0.423978993604741,0.0,-0.2217127734342647,-0.2478718084569988,0.6885636239697576,-1.3737130345248083,-1.2147790919480497,-0.3094234624420706,0.0,1,0.07714876758418338
UCDFcYAxXhkD7X9N0-WQQpWg,0.1681686125052757,-0.4467010238083043,-0.4908039748306135,0.0,-0.2217127734342647,-0.2478718084569988,-1.4769542332995202,-1.0858124340505328,-1.0915326492433175,-0.4536370273510891,0.25,1,0.07623846594873052
UCDGrBM9N3YjIN_FlVOfpgIw,0.440244477482283,-0.2411627956775108,-0.2774145989736441,0.0,-0.2217127734342647,-0.2478718084569988,1.04204661665819,-0.3285192006153071,-0.6999459273346489,-0.0209963326240335,0.5,1,0.0840412576974871
UCDHJB4f2XRB0RFDj2tlsjwA,0.0196036243602476,0.0326863703249306,-0.0735214784566885,0.0,-0.2217127734342647,-0.2478718084569988,-1.4531374627151254,-1.2154359321644732,-1.0219211620241235,-0.3094234624420706,0.5,1,0.055364198673449716
UCDI-0TT4g1myeFIMAfdAdgg,-0.2971159169098437,-0.3449913851456437,-0.4342193477624134,0.0,-0.2217127734342647,-0.2478718084569988,0.6407759278314941,1.1110155566755937,0.8383984093593781,-0.4536370273510891,0.0,1,0.1196572081659068
UCDLcMIecm5zxamcLL3hixUA,0.7263802398996184,-0.2854253236140391,-0.0121774475602144,0.0,-0.2217127734342647,-0.2478718084569988,0.1733039150826423,-0.6808475660669969,-0.0172775434191202,-0.0209963326240335,0.25,1,0.10326876807544527
UCDMkeY2MoXdO-JxXNXjFmTA,3.1395963949801766,-0.3223892432206079,-0.2828017621953929,0.0,-0.2217127734342647,-0.2478718084569988,-1.0815240058516522,-1.013423567729414,-0.8994692932492204,-0.4536370273510891,0.0,1,0.09573007575258263
UCDNr2wzD90OFJeg-ioF-Row,-0.0163939770154167,-0.0524349106034626,0.1824589556181528,0.0,-0.2217127734342647,-0.2478718084569988,1.3384824399005752,0.1432919912707084,-0.5678343047773811,0.123217232284985,0.0,1,0.10633606637560555
UCDO0f2FNeU-G1EbA9W5mcyw,-0.1252042665371257,0.6605012232605209,-0.0243849543984622,0.0,-0.2217127734342647,-0.2478718084569988,0.5712395983727497,1.6876845767985722,1.430049353381167,-0.3094234624420706,0.5,1,0.047102614541393084
UCDPgbYfof_dzQZuOfEe6z5g,-0.2108129688892535,0.0145239348494555,0.221853364279875,0.0,-0.2217127734342647,-0.2478718084569988,1.218320403522218,-0.046207546521334,0.2673880283820378,-0.5978505922601076,0.5,1,0.07509396649473549
UCDRFfOBwSK87gSMJZi0R2Qg,-0.2663714817926764,0.8967137868610057,-0.036565740923824,0.0,0.6913574657089212,0.7154674764909068,0.1054046331122055,-1.0858124340505335,-1.091532649243315,-0.4536370273510891,0.0,-1,-0.0036209295061300217
UCDRJ0V_Y5qoQEr9mqyKXVQw,0.6233089655645152,-0.3687034536830695,-0.4178564024771024,0.0,-0.2217127734342647,-0.2478718084569988,0.7460513884353245,1.9098440852454464,1.3458433715355,-0.3094234624420706,0.0,1,0.06776607186122979
UCDSP3bFF-Hk4Bc_9IFvW4Og,-0.1490105580075549,-0.3940097804455648,-0.4142810684451316,0.0,-0.2217127734342647,-0.2478718084569988,0.6391264085168491,0.1576924797937462,1.585950834328912,-0.5978505922601076,0.0,1,0.10924897762728458
UCDTTc6_ImAZXItYMTsSO67g,0.539477992190414,-0.142984741690637,-0.1530252056000083,0.0,-0.2217127734342647,-0.2478718084569988,-1.1870033173724437,-0.7255229672551384,-0.7641498050243165,-0.4536370273510891,0.0,1,0.12046361153560659
UCDTcRTk949dRPpdT6p7IkiQ,-0.2354987210355568,-0.440344171391888,-0.3723878711071317,0.0,-0.2217127734342647,-0.2478718084569988,-1.2141450279472206,0.3053160402254743,-0.3105792898233503,-0.4536370273510891,0.0,1,0.11135314099448385
UCDTfySTAkgvPMZPHe24aJDA,-0.2395522071062031,1.0782372391964483,1.0002363758161814,0.0,-0.2217127734342647,-0.2478718084569988,0.6206639762703645,-0.1125690890906271,1.1229866401466913,0.4116443621030221,0.25,1,0.04605311002707707
UCDUJnGevGUHE3vMzZHhhusw,1.5085996902336505,-0.3033186859713591,-0.3890156105113321,0.0,-0.2217127734342647,-0.2478718084569988,1.0843128297277524,1.570288093059126,1.1408677707497936,-0.165209897533052,0.0,1,0.06378954917889429
UCDUdrGjj5a47veA7Q6ro6Og,-0.0988502990868934,0.0009626496944342,-0.0760542377372781,0.0,-0.2217127734342647,-0.2478718084569988,1.0915498954362737,1.449097397967605,0.7757337306910631,-0.5978505922601076,0.0,1,0.11457621964333653
UCDXITmQLven8Tp3QqnzOFGQ,0.7085787022596748,-0.1583824508770675,-0.2159685189141233,0.0,-0.2217127734342647,-0.2478718084569988,-0.885747520997177,-1.0626533451216789,-1.1363133422457783,-0.5978505922601076,0.0,1,0.11407616739749615
UCDXqP0gqBY7NBH5w_J49cUg,0.4662329386631692,-0.2887887375909789,-0.434370393178637,0.0,0.6913574657089212,0.7154674764909068,0.7692409635592299,-0.1506208630983427,-0.2196874277531213,0.7000714919210592,0.5,1,0.04151420436473646
UCDXwuTpVjsgHphbEWxMXFnw,0.3335170662480669,2.4271613219599857,7.772460372487239,0.0,-0.2217127734342647,-0.2478718084569988,-1.3353073883803277,0.5318052805364435,0.2447579372355117,0.123217232284985,0.0,-1,-0.060408525499759835
UCDYQFG5CkxQFKG-cgD_vpBg,0.2496034195707318,-0.3331326955501068,-0.3246492982335389,0.0,6.169778900568036,8.422181756074153,-1.1543999618672371,0.8353146420490254,1.835405003692879,6.901254783008857,0.25,-1,-0.2062189549685015
UCDZ4SfXBO6t3scGKUNwnxPQ,-0.1758162155431214,-0.0429904441562156,0.1265714794483062,0.0,-0.2217127734342647,-0.2478718084569988,1.2997187581053355,0.6734939303777554,1.4255114176127088,-0.3094234624420706,0.25,1,0.0793968154754125
UCDaxRt13m6OLy4ghXrWgxVA,0.4163034454809721,1.5105032035127566,2.549262510786533,0.0,-0.2217127734342647,-0.2478718084569988,0.2819206791181089,1.205407931967878,0.9943362040265056,0.5558579270120406,0.0,-1,-0.007591363303079857
UCDe6D78tNje1O4jMZeO-1tg,3.864919130134411,-0.4974145797526031,-0.5175480727996489,0.0,-0.2217127734342647,-0.2478718084569988,0.1639536700119181,-1.1667200510605311,-1.0229319919979842,-0.5978505922601076,0.0,1,0.06423873038057898
UCDhBMz_rmDf7ZrGth5JOxSw,-0.0396413996897449,0.0131995905960355,0.6391884743457739,0.0,-0.2217127734342647,-0.2478718084569988,1.384063711101973,1.0272930183862592,0.1956632461745114,0.9884986217390964,0.25,1,0.06525306542468379
UCDhHJYzhRUxW3TrrlnPT3qw,-0.2000215664714527,-0.2379339182596486,-0.0430024821967609,0.0,-0.2217127734342647,-0.2478718084569988,-1.1753798036459984,0.6709816509515717,2.1484514129979613,-0.3094234624420706,0.0,1,0.07367828307653723
UCDhyswSIqpVBF-q2mXa4GfA,4.151235224651625,-0.1653676818082101,-0.3326361772303332,0.0,-0.2217127734342647,-0.2478718084569988,0.3298819076333295,0.429577318597116,1.04361664525265,2.8632749655563376,0.25,-1,-0.019999894804775376
UCDlrg9TFOVWdpef8B9BzeoA,5.031474041513042,-0.1973711456977541,-0.3161861449959612,0.0,-0.2217127734342647,-0.2478718084569988,-0.4358950866275817,-1.3737130345248083,-1.2147790919480497,-0.3094234624420706,0.0,1,0.055083360054752895
UCDn1u-bjtOvxUMcH2-3R55Q,3.792584670223565,-0.3911037907694888,-0.4710286892711586,0.0,-0.2217127734342647,-0.2478718084569988,-0.3109552298945442,-1.3737130345248074,-1.2147790919480497,-0.3094234624420706,0.0,1,0.08209804388361425
UCDpQfuq88OQCCke4mkkWVIg,0.8447711259588246,0.0314755412932323,-0.2230158994129715,0.0,-0.2217127734342647,-0.2478718084569988,1.1676321918720003,-1.194118341410486,-1.0202827234216163,-0.4536370273510891,0.25,1,0.09336743913400891
UCDqLSztdEKhWwPBla9kaTaA,6.328627461909061,1.2698845676024806,0.3128553439743151,0.0,19.865832487715824,10.830529968443916,-1.3058937203507304,-1.3277032153651993,-1.0877372550980835,2.5748478357383005,0.0,-1,-0.22968010681217166
UCDrd-kV2v-7elk0Ve-z7QNg,0.3842771877839854,0.3387234080866865,0.3245125434599737,0.0,-0.2217127734342647,-0.2478718084569988,1.1651770573404705,-0.6575185566714732,-0.823254197960746,-0.4536370273510891,0.0,1,0.10614432297245574
UCDsZ1i_j0GTrmTCIPNIOLGA,0.8095462507113964,0.1111480915789832,-0.1323642188232457,0.0,-0.2217127734342647,-0.2478718084569988,1.0693151462927226,0.3300461805007953,1.3178953930642692,-0.5978505922601076,0.0,1,0.09063247174403577
UCDtCbN12sZlpUWpz11jMwnQ,-0.042195667921252,-0.3363743185367238,-0.3428838814094024,0.0,-0.2217127734342647,-0.2478718084569988,-0.0268702708153547,0.8656246715071337,1.7153299720209918,-0.5978505922601076,0.0,1,0.09802784131541142
UCDtpOFhhNN2h26W8P4KGyfw,-0.0190847723678269,-0.3872291378680541,-0.4979352469500592,0.0,-0.2217127734342647,-0.2478718084569988,-1.4479913457959448,0.0914561869687531,1.05185005833012,-0.5978505922601076,0.5,1,0.04795790521622145
UCDvCc2I4ZB9EAiDILaBs6Bw,-0.2138460914447984,0.9349961647465348,0.3352128733022999,0.0,-0.2217127734342647,-0.2478718084569988,0.7853367794353916,1.6371871384098091,1.436975773284472,-0.5978505922601076,0.0,1,0.06449388721443894
UCDw1JRxTd39ex6OgdhXshrw,0.0029754965575719,1.0748469179076932,1.9377575400159568,0.0,-0.2217127734342647,-0.2478718084569988,1.0928577320624708,1.085755972681202,2.154882866408276,0.123217232284985,0.0,1,0.0005589044068315951
UCDxZVNr5C60lYoy6P4Hhw7g,-0.2539795459877422,-0.2030216811790131,-0.2088203230314365,0.0,-0.2217127734342647,-0.2478718084569988,0.6336375754192589,1.7592056239452634,2.52781462303802,-0.4536370273510891,0.0,1,0.0588454997019629
UCDy9MbeU12vGfQZ3c5UKsOg,-0.1882127999869498,-0.2185606537524751,-0.319648394478827,0.0,-0.2217127734342647,-0.2478718084569988,-0.904918746357656,-0.3997013720928901,0.0915853821506611,-0.4536370273510891,0.5,1,0.08365369871524891
UCDzke-Pm3W_1AgqW8Lc80Tg,2.8894970677993963,-0.427428661720439,-0.5230662612288766,0.0,-0.2217127734342647,-0.2478718084569988,1.0811067163921129,-1.2154359321644732,-1.0219211620241235,-0.3094234624420706,0.0,1,0.07948849364510441
UCE-iOAGuWToKBR3UuVn_pNw,3.713289834217132,-0.1685534147433336,-0.2830909762524342,0.0,-0.2217127734342647,-0.2478718084569988,0.5636237672367195,-1.373713034524806,-1.2147790919480497,-0.5978505922601076,0.0,1,0.08298484678651391
UCE-mCWs5-ahaRFKjdTxLGOw,-0.2677019396806573,-0.0147175862660593,-0.2460605344658994,0.0,-0.2217127734342647,-0.2478718084569988,-1.289344055370303,-0.768417385815105,-0.3191206964680791,0.123217232284985,0.25,1,0.10582365777130026
UCE0BTyUu5DQJzSgRU72dEqg,0.0389427967120816,0.095891645779584,-0.116019535619174,0.0,-0.2217127734342647,-0.2478718084569988,0.4131333991848409,-0.7520342633036392,-1.055195372251197,-0.5978505922601076,0.0,1,0.11223442940585421
UCE0MStrYeTURgogcBoarsUg,-0.286905390370902,-0.2427772343864419,-0.3697732328914407,0.0,-0.2217127734342647,-0.2478718084569988,0.2776483266456174,-0.7378650184545152,-0.5847885590036048,-0.3094234624420706,0.0,1,0.1280122218233971
UCE0OC7ZMMNG5hKXa4W7M13w,0.0452828828212649,-0.1998684805756319,-0.0850716829400439,0.0,0.6913574657089212,4.56882461628253,1.107156346487293,-0.7311875269030438,0.3242475505290252,6.757041218099838,0.0,-1,-0.09352468190774488
UCE1-nvHZdRP2Cu_RGyAMnNQ,0.0331367789910917,-0.2198320242357584,-0.1925423852482368,0.0,-0.2217127734342647,-0.2478718084569988,1.081928235482472,0.9141945978464916,1.657069161068078,0.123217232284985,0.25,1,0.09076604399224875
UCE2DOOn7IgUWtMR3-guHlfw,-0.280830331606631,-0.3745154330352215,-0.3835761904194057,0.0,-0.2217127734342647,-0.2478718084569988,0.1636085341411277,-0.9586558900250388,-0.906341825971408,-0.5978505922601076,0.0,1,0.11467177357552388
UCE2n8UE7HUVcsvvHlApgJow,2.463592544144194,0.291682700205206,0.0746059701515876,0.0,-0.2217127734342647,-0.2478718084569988,-1.435413940491883,-1.3737130345248083,-1.2147790919480497,-0.5978505922601076,0.0,1,0.056751678609081146
UCE3huRw13OfMB1SgJQV7fgw,-0.1691469482214706,0.1465680271483484,1.1592878544342449,0.0,-0.2217127734342647,-0.2478718084569988,0.2418489059014971,-0.9208777019625384,-0.8261015503896586,1.421139316466152,0.0,1,0.04385743099784539
UCEAWHBzOQHqjOAU-6zRsaLQ,-0.1662893569515296,-0.321040819980762,-0.3679749002955343,0.0,-0.2217127734342647,-0.2478718084569988,-1.159839889074612,-0.5850991276046064,-0.6932328170147785,0.2674307971940035,0.0,1,0.1163881750151241
UCEAZJbZ47pt7nFMRmCaQ0Ww,0.0179669783233944,3.3183920307415504,2.4424270627348004,0.0,-0.2217127734342647,-0.2478718084569988,-0.4267152243424723,0.0237299459869207,0.7434970868015631,-0.5978505922601076,0.0,-1,-0.02103088592649638
UCEDN7Ipad-v1uHDCQVC3cCQ,2.8081883279832547,-0.1176985954120033,-0.0965513408963754,0.0,-0.2217127734342647,-0.2478718084569988,1.413352237342295,-1.1667200510605318,-1.0229319919979831,-0.5978505922601076,0.0,1,0.08597819948530921
UCEG4hSnpCCI-B1LkAQQdz9w,0.1190310021799694,-0.1196762828304439,-0.1765139606142367,0.0,-0.2217127734342647,-0.2478718084569988,-1.3938736476842464,-1.0858124340505328,-1.0915326492433175,-0.4536370273510891,0.0,1,0.10584565600808221
UCEH2llxZpHaH8VJbs-ccbOQ,0.305240479142066,-0.2240699258467026,-0.2538107053348369,0.0,-0.2217127734342647,-0.2478718084569988,0.1553486945788823,0.0175915721593904,-0.765894981206528,0.123217232284985,0.0,1,0.12065656210444248
UCEHkgIIBjKbcuiE1SNucBUg,4.489383296744876,-0.3983097001288643,-0.4424248330349017,0.0,-0.2217127734342647,-0.2478718084569988,-0.0246308871204871,-1.1056017735403696,-1.0780717663377164,4.59383774446456,0.0,-1,-0.020240331095634057
UCEHpezvAhnBEQr1egE1-I3A,0.2831889213752089,1.7951489283811748,0.3533435560913114,0.0,-0.2217127734342647,-0.2478718084569988,0.2303444898452434,-1.0858124340505333,-1.0915326492433164,-0.4536370273510891,0.25,1,0.021008672193941424
UCEI0NLOWmBMoU7WOz0ASFRA,-0.2777339352185666,-0.2800102271111659,-0.4163302169566922,0.0,-0.2217127734342647,-0.2478718084569988,-1.4106481211940465,0.6788888451624794,-0.6939626507055262,-0.4536370273510891,0.5,1,0.05734586141595038
UCEIU6OKVVtFtwqDO3FySxkA,3.876000964884429,-0.0603456602772252,0.0796927202348632,0.0,-0.2217127734342647,-0.2478718084569988,1.3132629076349456,-1.373713034524806,-1.2147790919480497,-0.0209963326240335,0.0,1,0.052996950054349234
UCEJhsPS9UHx9JdUwQxKfLKA,0.9186355852819528,-0.2754696182422972,-0.3003386060613524,0.0,-0.2217127734342647,-0.2478718084569988,-1.20325774924905,-1.2154359321644728,-1.0219211620241242,-0.3094234624420706,0.0,1,0.11184955821729708
UCELHfre64haTZ-jCRObe34g,3.626897009062018,-0.1549921295883122,-0.2639608045077704,0.0,-0.2217127734342647,-0.2478718084569988,-0.8107146568266947,-1.3737130345248083,-1.2147790919480497,-0.3094234624420706,0.0,1,0.08935395483997022
UCEMSMwFU1D6fZy_D_ZsRFzQ,3.386467732993509,-0.0939663463907157,-0.0853242155459623,0.0,-0.2217127734342647,-0.2478718084569988,-1.3104740837588456,-1.373713034524808,-1.2147790919480497,-0.5978505922601076,0.0,1,0.07649212484815254
UCEMe3R1TfhEEFwXp85xY0dw,-0.0907270954946389,-0.3587966706964467,-0.4171354985907603,0.0,-0.2217127734342647,-0.2478718084569988,0.66131011988919,-0.130916714404759,-0.3617150925334105,0.2674307971940035,0.25,1,0.11963030720009082
UCEMotgV3wtB_IFnkKDTjlRQ,-0.0462315813905355,-0.345167964379433,-0.3811836710156526,0.0,1.6044277048521072,3.123815688860671,1.3150776317608126,2.003846035692992,2.0777721155585382,2.1422071410112444,0.25,-1,-0.08318561486758558
UCEN2jAYaqBmS19SfETu1p1A,0.2700971007449519,-0.1895007569917149,-0.2151243476662756,0.0,-0.2217127734342647,-0.2478718084569988,-1.53371876326066,-1.155853447610699,-1.0407764807486906,0.7000714919210592,0.0,1,0.08402551731246166
UCEPm6Q9ero_ovH5QXLO9BXw,-0.0628173184641569,-0.2151703324637198,-0.4881695425660304,0.0,-0.2217127734342647,-0.2478718084569988,1.2055968064857865,0.8480565007920414,0.12149337224194,-0.5978505922601076,0.0,1,0.12890946063921577
UCEQyqOWdd2G-kpXYJDIfQsQ,0.3304836695687341,-0.0448066877037631,0.1057611964098965,0.0,-0.2217127734342647,-0.2478718084569988,-0.1681966820349588,1.1418301125800214,1.0356304486362629,-0.4536370273510891,0.25,1,0.09354088546032674
UCERe4RCslT6x4HOSHqEo17A,4.79629805589992,-0.3233780869298282,-0.4414668510218856,0.0,0.6913574657089212,0.7154674764909068,0.4380121181154713,-0.5082978547816788,0.251380207155877,0.8442850568300777,0.0,-1,-0.013172115529935136
UCES3opk08Ftfnh_kSHUjlRw,-0.2062032238965872,1.826226873528099,1.4519473422216949,0.0,-0.2217127734342647,-0.2478718084569988,0.7332148612097286,1.1110155566755937,-0.4706871704169468,-0.4536370273510891,0.25,-1,-0.009564099446100816
UCES5_uC9Qc7vyWL98eyiNXA,0.5704623504363766,-0.079920729623015,-0.2461866826666205,0.0,-0.2217127734342647,-0.2478718084569988,-0.7803839859597858,-0.1924109135898825,1.030794238076744,0.7000714919210592,0.25,1,0.0885939353931064
UCETTl9LR8zjBYuku2co96GA,4.171775158269623,0.0197035923739429,0.5882439349155636,0.0,-0.2217127734342647,-0.2478718084569988,-0.3109552298945442,-1.3737130345248074,-1.2147790919480497,-0.0209963326240335,0.0,1,0.04182218630111817
UCETsko5d9pUveqzNJlB4f6Q,0.4060539186543479,-0.347286915184905,-0.4608154826023788,0.0,-0.2217127734342647,-0.2478718084569988,-0.1423525457208406,-0.9607491497904392,-0.6352409434494316,-0.165209897533052,0.0,1,0.12086579524069513
UCEUfF2h_v3YGNjK0TE2w2qg,-0.1125614328218385,-0.2100848505305867,-0.3932467007500204,0.0,-0.2217127734342647,-0.2478718084569988,1.291338504543271,0.159194292905076,1.136923871898568,-0.5978505922601076,0.0,1,0.11491462627116239
UCEUqdGSY7POFitTZdYIEZqA,-0.2974622980103772,-0.1922856637646211,-0.2405311276970561,0.0,-0.2217127734342647,-0.2478718084569988,-1.3647768262602145,0.6441504733961075,-0.0469731888770251,-0.5978505922601076,0.0,1,0.11126312044300918
UCEV07swyCZst6xyPzZ2JPbA,4.937227579652519,-0.2572796639251926,-0.3490255078183464,0.0,-0.2217127734342647,-0.2478718084569988,-0.8107146568266947,-1.3737130345248083,-1.2147790919480497,1.8537800111932077,0.0,1,0.02458237351890874
UCEV1jsSewDFV3a5oGXNT0_Q,3.232137374371776,-0.1535794957179975,0.2436945365814968,0.0,-0.2217127734342647,-0.2478718084569988,-1.3104740837588456,-1.3737130345248083,-1.2147790919480497,-0.4536370273510891,0.0,1,0.0691839425631472
UCEWE9W3dUOqTHc2aLKgH4kg,2.0578812341560724,0.9595759940900112,0.011610180215757,0.0,-0.2217127734342647,-0.2478718084569988,0.9384433374358324,-1.373713034524806,-1.2147790919480497,-0.5978505922601076,0.0,1,0.021303775196730712
UCEX-6ml9RE1zgU24hBd9UBQ,-0.0211843308725312,-0.4118089672115304,-0.4259633537847904,0.0,-0.2217127734342647,-0.2478718084569988,0.6885636239697576,-1.3737130345248083,-1.2147790919480497,-0.5978505922601076,0.0,1,0.09985693578743221
UCEX8tZ8V8Ci9x1lksQqfuDg,-0.2963121961740272,-0.4168944491446634,-0.4104696204330868,0.0,-0.2217127734342647,-0.2478718084569988,0.9591169476926228,-0.1855199062532989,-0.7104606458466867,-0.5978505922601076,0.0,1,0.11748243071114883
UCEXZEZr4ZWLASvf13NGxziA,1.0462301464192956,-0.1685534147433336,-0.2734256156107812,0.0,-0.2217127734342647,-0.2478718084569988,1.0385326671431825,-1.1667200510605318,-1.0229319919979831,-0.5978505922601076,0.0,1,0.11416352824844672
UCEYGDSXVOS6zHTjDt2y1s3w,-0.1503946603198122,-0.1568083731358597,-0.1864254460509561,0.0,-0.2217127734342647,-0.2478718084569988,1.14286297249619,0.2593689031081621,1.1009236038744556,-0.3094234624420706,0.25,1,0.11290281011882225
UCEa7wFgMYANJgr27kC55Ndg,0.9518672966417668,3.3504588195976948,4.033124314340428,0.0,0.6913574657089212,0.7154674764909068,-0.6023752361682564,-1.0858124340505326,-1.0915326492433182,-0.4536370273510891,0.0,-1,-0.08558004550382314
UCEbszsKVcWvWn1INOKxD0jQ,2.7775188520931886,-0.3401884299865735,-0.3480180434934605,0.0,-0.2217127734342647,-0.2478718084569988,-1.0979558145585402,-1.1017232951455262,-1.0764742939380525,0.123217232284985,0.0,1,0.08967926429197798
UCEdf86yOoB3soQnTyhoqiTA,0.1859970034027994,-0.3404003250671207,-0.3074074231728658,0.0,-0.2217127734342647,-0.2478718084569988,0.0686971960718663,1.4351105903104284,0.9533553063602832,2.1422071410112444,0.0,1,0.046517245143318786
UCEeDwXqK5Oq3yMTwQ1Nu9pw,1.498556340603444,-0.1459635565910832,-0.0749650677312785,0.0,-0.2217127734342647,-0.2478718084569988,0.7851793542014799,-0.5192324276245978,-0.0605318219008335,1.997993576102226,0.0,1,0.06649839244543476
UCEebZyssW_53VYxpvHsGn7w,-0.1757283529397141,0.5901722370027087,-0.1678497212655307,0.0,-0.2217127734342647,-0.2478718084569988,0.8216001908523494,0.2467621336493667,0.5628794667575364,-0.4536370273510891,0.0,1,0.1117014927832446
UCEewwawaBcGhprBKiayorSg,-0.2882779238275373,0.2377200863591831,0.4206787669053932,0.0,-0.2217127734342647,-0.2478718084569988,-1.4888742861417674,0.7869205230407591,-0.0785569988489872,-0.4536370273510891,0.0,1,0.08324647180865818
UCEh-zTuCVe4N1vQl0ElRnJA,0.4167977577471968,-0.0681151465639562,0.0866556388003297,0.0,-0.2217127734342647,-0.2478718084569988,-1.046821307675953,0.3547938115276449,0.704317198044206,-0.4536370273510891,0.0,1,0.10910327246468121
UCEhXNCbjL5yHp2naW7hG_EQ,0.025909364484098,-0.1701274924845414,-0.182220320701944,0.0,-0.2217127734342647,-0.2478718084569988,-0.5427550043046981,-0.4733265006479685,0.2326606286942786,-0.3094234624420706,0.0,1,0.12795987846050938
UCEioiIdnuSu2NDUyJl4QR6A,2.3987389555066305,-0.2363598405184407,-0.4049960903256492,0.0,-0.2217127734342647,-0.2478718084569988,1.0182388134558586,1.3091018662074108,1.1642803559697064,0.8442850568300777,0.0,1,0.034480727546200185
UCEiseDQyevwOmrnwJV4DSdQ,-0.2612874662814982,-0.1049848905791707,0.1009916339659128,0.0,-0.2217127734342647,-0.2478718084569988,-1.272144916486558,1.6477317471448856,1.1500027067936611,-0.5978505922601076,0.0,1,0.08480195154769338
UCEizkZ_X8YEih_vNsd_fWgA,1.3515900795711469,-0.3180398178830599,-0.2763752333378576,0.0,-0.2217127734342647,-0.2478718084569988,0.8805377046252574,-0.7829273519647624,-0.7719709155948451,1.421139316466152,0.25,1,0.07576307217683376
UCEjGMkr1FWE-tQaXTaUR90w,0.5543146819314343,-0.1855050211871104,-0.3592967218024972,0.0,-0.2217127734342647,-0.2478718084569988,1.0633831941688707,-1.3737130345248083,-1.2147790919480497,-0.5978505922601076,0.0,1,0.10138781394089758
UCEjHHc_TR4O_SpgkDnIPm0Q,-0.2101284730964729,0.3671173488800126,-0.0164677973896072,0.0,-0.2217127734342647,-0.2478718084569988,0.4823864815369582,1.1347551550534958,1.4890446838984726,-0.5978505922601076,0.25,1,0.08936718052976134
UCEjiXbG-2OngOcVM54HqXOQ,0.5363971455274046,0.0076373447316712,-0.0503031226131854,0.0,-0.2217127734342647,-0.2478718084569988,0.5867623699644055,0.7374091016902643,0.5255625688424888,0.9884986217390964,0.0,1,0.09258792310613295
UCElv92R2uprtwDloZbQMuwQ,-0.27425759884669,0.1925158025091118,0.2095616118519258,0.0,-0.2217127734342647,-0.2478718084569988,0.943218800155054,1.7781780322838865,0.3209113104184112,-0.3094234624420706,0.0,1,0.09197478307318635
UCEnKHc84sOOgIxES6SxDdrw,-0.1300537385650105,-0.2473783847068956,-0.2918625674815636,0.0,-0.2217127734342647,-0.2478718084569988,0.5636237672367195,-1.373713034524806,-1.2147790919480497,0.123217232284985,0.0,1,0.09475627054907115
UCEnR7ce-9DoSlrO9g2qLatA,1.1395542803826468,0.0572056582168221,0.0654076938973268,0.0,-0.2217127734342647,-0.2478718084569988,1.153630915515561,-1.0599563161151375,-0.8410692523209216,0.7000714919210592,0.0,1,0.09052193985975099
UCEoL_6YqJ5b00j4fR1NlcyQ,-0.2921425899242981,0.7002164155002264,1.7678745019934148,0.0,-0.2217127734342647,-0.2478718084569988,-0.8298447007568642,1.0695598234998374,0.1360034442451876,-0.5978505922601076,0.0,1,0.05432835547973286
UCEoZ12TIVYg0StnJ0A5GYOg,0.2967719076569499,-0.3007759450047925,-0.5059254341631986,0.0,-0.2217127734342647,-0.2478718084569988,0.7858391882776585,-0.7542275296532407,-0.6822537835254587,-0.5978505922601076,0.5,1,0.08215037045483653
UCEpaUS3avfjjvS05zOOe3IA,0.7381906571850754,-0.2736533746947497,0.0108597167421007,0.0,-0.2217127734342647,-0.2478718084569988,0.2204469664801565,-0.8875704840725559,-0.9455209433275108,-0.165209897533052,0.0,1,0.11264089424605056
UCEqzrEN5pj_9w8DtHHxWwMA,0.9916519518780929,0.0068957119497559,0.0663481393518703,0.0,-0.2217127734342647,-0.2478718084569988,-0.6358678075311016,-1.0626533451216789,-1.1363133422457783,-0.5978505922601076,0.0,1,0.10724426903723672
UCErc-JqLN_uvgbKtxCYd3Sw,-0.1475723381572052,-0.3971579359279805,-0.4922880720201233,0.0,-0.2217127734342647,-0.2478718084569988,-1.1873139224843652,0.2917424113375571,1.4427467849680498,-0.3094234624420706,0.25,1,0.07892512424894449
UCEt6Npnli1APQhR9kbCVEVA,1.6153668831592611,-0.076398317894438,-0.1061300832052218,0.0,-0.2217127734342647,-0.2478718084569988,0.9359833191222044,-0.3661635595748557,-0.5623966805624369,0.2674307971940035,0.25,1,0.09253309507869911
UCEtHoEr9rYiXXtd5enAZfFQ,-0.2660935744364962,1.387604056795375,2.767378103336828,0.0,-0.2217127734342647,-0.2478718084569988,-0.5069796356097713,0.1081855610160259,0.5735468234532335,-0.5978505922601076,0.0,1,0.02839361360980558
UCEu5f96McuLVXG6U-bHB-mg,-0.2775400039080996,4.023578858802664,10.42266024251298,0.0,-0.2217127734342647,-0.2478718084569988,1.3503184891042166,0.1676520994824099,1.718637534468351,-0.5978505922601076,0.0,-1,-0.11726494143347599
UCEuCg-v6WhAbIOBNYzf-uyA,-0.1930401251473625,0.375593152101901,0.4229050104252084,0.0,-0.2217127734342647,-0.2478718084569988,0.6386566314072021,-1.0626533451216789,-1.1363133422457792,-0.5978505922601076,0.25,1,0.06449104467333916
UCEuGSmqzdiCAGma5lz_vQEw,-0.1012477180527257,-0.0306803490006158,-0.3072758470506182,0.0,-0.2217127734342647,-0.2478718084569988,-1.435413940491883,-0.9415863230116952,-0.8469181024180362,-0.4536370273510891,0.0,1,0.1105084083215499
UCEwKwjMKaQ8ZuOGUe4ZWjkg,-0.1650944338444468,0.2918710513879146,0.3786615396683127,0.0,-0.2217127734342647,-0.2478718084569988,-0.8386982603645078,0.8030515678614143,-0.3402566069391035,-0.0209963326240335,0.25,1,0.0930442353643332
UCEwsUj_5EpxlihhZvUV95_g,-0.2699105977696227,-0.1132650983420924,0.0116745583834935,0.0,4.343638422281664,4.087154973808577,-0.0582578251985013,1.4196148113482083,1.0653502876098255,0.5558579270120406,0.0,-1,-0.062458796934819705
UCExOYald_VcfY96EG0bzOdg,-0.280283387846597,-0.2340996263259372,0.3178162068520149,0.0,-0.2217127734342647,-0.2478718084569988,0.1844470913402613,0.3472588991068151,1.378636636265685,-0.4536370273510891,0.0,1,0.10114359254877214
UCExREirOaigLUGcUTs5dWWw,-0.2263414535758678,-0.2270364569743635,-0.4616326439678945,0.0,-0.2217127734342647,-0.2478718084569988,0.4416924073204383,-0.5146623221067759,-0.8292022406434463,-0.4536370273510891,0.0,1,0.1335686528714135
UCEziuXcdtMN5f5RVuBjw2bg,-0.28445466053182,0.3306713950258925,0.279530388029213,0.0,-0.2217127734342647,-0.2478718084569988,0.0559674176592983,1.7294054150060438,2.5496455127833344,-0.5978505922601076,0.0,1,0.03263832626386054
UCF0wDDlP-4WhFt0G44yNQ0w,-0.0272783683094114,-0.3453445436132223,-0.3719078169261636,0.0,0.6913574657089212,0.7154674764909068,1.2017688799800064,-0.1737383801574756,-0.288907933025805,0.4116443621030221,0.5,1,0.03984268382193601
UCF26tNCLPlPjqJhvabQQDpw,-0.2614205679311294,-0.0312454025487417,-0.0419026733712791,0.0,-0.2217127734342647,-0.2478718084569988,0.6637130969440692,-1.1667200510605318,-1.0229319919979831,-0.5978505922601076,0.25,1,0.09932384052709659
UCF2CaYLUCCY4j1wHZ3J6Fig,-0.2020210409827908,0.2577794873176524,0.2665988658591237,0.0,-0.2217127734342647,-0.2478718084569988,0.7268927912420453,0.2217135991516112,-0.6028046970403479,-0.5978505922601076,0.25,1,0.10624266543819433
UCF2iH0FLm41bLZ7OhdQ1_3A,0.0463256323860229,-0.1984306211004902,-0.1876946493258477,0.0,-0.2217127734342647,-0.2478718084569988,1.3087660525017937,0.6606295855705836,0.5831760173487394,0.9884986217390964,0.25,1,0.0877008673267286
UCF2pmb2kYiAHVqQ3y5Aie8Q,3.53452549520929,-0.4410504883270454,-0.4841323613806486,0.0,-0.2217127734342647,-0.2478718084569988,-0.4358950866275817,-1.3737130345248083,-1.2147790919480497,-0.4536370273510891,0.0,1,0.08095118192144007
UCF4w3k0dTQPm--5CaPl9BYw,1.040712911703601,-0.1253268183117028,-0.2748755146440705,0.0,-0.2217127734342647,-0.2478718084569988,-1.5355032701992328,-1.166720051060533,-1.0229319919979818,-0.5978505922601076,0.0,1,0.09356411937147602
UCF5Ilg972RSdjxL6DG6oNCA,0.7551641584093616,0.3005822935881888,0.4122800307960757,0.0,-0.2217127734342647,-0.2478718084569988,-1.2895444481999636,-1.013423567729414,-0.8994692932492204,-0.4536370273510891,0.0,1,0.08462713498411678
UCF5PXhjp5GPCkBKKd1Vgk-g,-0.2317430713195387,-0.1965235653755653,-0.2687587321453037,0.0,-0.2217127734342647,-0.2478718084569988,-1.4944577104763686,0.1135691267926913,0.495880755104461,-0.5978505922601076,0.25,1,0.10092527429175835
UCF5VLpS90p2MT-XX0o-CaSA,0.0251783355153322,-0.2567017682509729,-0.3492168740872504,0.0,-0.2217127734342647,-0.2478718084569988,0.0880051013987997,1.6999319501020322,1.5333257122248212,-0.3094234624420706,0.5,1,0.053730185998171864
UCF7bO2cyH3L3PQvWdLYKstQ,-0.2979519227984271,-0.22957919794093,-0.1811947877583548,0.0,-0.2217127734342647,-0.2478718084569988,1.2965717391542262,0.5881759795563251,0.7344124098107256,-0.5978505922601076,0.0,1,0.11989771622293321
UCF7my9js5jmUINg3BRbXC2A,-0.1190127284936844,-0.0678124393060316,-0.1725328128195217,0.0,0.6913574657089212,0.7154674764909068,-0.1497538016474116,0.7052326242533409,2.3489460684524213,-0.3094234624420706,0.0,1,0.01758332116796879
UCFA7ZKk0ib5JOkqRfFpC77g,-0.2119317470492827,-0.0490445893147073,-0.1084845756784856,0.0,-0.2217127734342647,-0.2478718084569988,1.3548032004425827,0.3546834872069649,1.05659506128073,-0.5978505922601076,0.25,1,0.10632361980696575
UCFBMN8ZQ00ra2CFDK3ItevA,-0.1801402623988814,-0.113743220575122,0.0977203191132067,0.0,-0.2217127734342647,-0.2478718084569988,0.6620219856827192,1.5987813773465134,0.1139063210009335,0.8442850568300777,0.5,1,0.06002096138972929
UCFBZ4rvfaQh7LIMZn1ZHKBw,-0.2471836635951211,-0.4414742784881398,-0.4825969043953084,0.0,-0.2217127734342647,-0.2478718084569988,0.7848926797813821,1.189360571772569,0.3446094020139308,-0.5978505922601076,0.0,1,0.11600975720482432
UCFD11PNrqA8XIxK2BdqiwYA,4.141731585303424,-0.1976738529556787,-0.4188922306253244,0.0,-0.2217127734342647,-0.2478718084569988,-0.310955229894544,-1.3737130345248083,-1.2147790919480497,0.7000714919210592,0.0,1,0.06882838652486006
UCFF1MiF5_f7X97saaCAEu7Q,-0.2956616170995998,-0.1329550412114024,-0.0097564115592902,0.0,-0.2217127734342647,-0.2478718084569988,0.7685607044223222,1.395318023076168,0.4649855854506387,-0.5978505922601076,0.25,1,0.11287693420676742
UCFFCrzAripcuGcyxGggdFAQ,3.268945947683239,-0.3151848104820028,-0.4087432731578418,0.0,-0.2217127734342647,-0.2478718084569988,0.8135034807027949,-1.373713034524806,-1.2147790919480497,-0.5978505922601076,0.0,1,0.09056882281830769
UCFFneaCEaEG6c8uTLzFj5JA,2.716934126343934,0.2306569170076095,0.3864097615482387,0.0,-0.2217127734342647,-0.2478718084569988,-1.435413940491883,-1.373713034524808,-1.2147790919480497,-0.3094234624420706,0.0,1,0.04691752786488518
UCFG44AeT5appUuPl1LsLMFg,-0.1477550498506669,0.5001874594636603,1.7594300328385817,0.0,-0.2217127734342647,-0.2478718084569988,1.0279909895090706,1.182324164559841,0.6828666328527512,-0.5978505922601076,0.5,1,0.026081731626822036
UCFKEeZLtP7TRatSqbK4P3uQ,1.3688078263176746,0.1196238948008716,0.5402367556071664,0.0,-0.2217127734342647,-0.2478718084569988,0.2638370612080887,-1.0626533451216786,-1.1363133422457803,-0.5978505922601076,0.0,1,0.0749388874007243
UCFLwCL8ygk7vXPbBKeF_CQA,0.4434435660136617,1.125459571432684,-0.1062726319719804,0.0,-0.2217127734342647,-0.2478718084569988,0.7940082863989455,-0.8962713587251894,-0.706007386339685,-0.3094234624420706,0.0,1,0.06791083130641007
UCFMw87q0hBblwJSKQ1rtO7g,-0.2203103004083047,0.7089343845284544,1.5039583450690386,0.0,-0.2217127734342647,-0.2478718084569988,-0.4914610198991366,1.7232225671124977,0.1605618082947108,-0.3094234624420706,0.0,1,0.03368725441932363
UCFNiyGDS2KAHPHVa6_s0K0Q,-0.2570373919237048,-0.2465308043847068,-0.3799154125910844,0.0,-0.2217127734342647,-0.2478718084569988,0.4200627883205128,1.2383685732461926,1.8053051202426704,-0.5978505922601076,0.0,1,0.0898003841007568
UCFONKHUkz0Q0CptEK80yaSA,0.1075618960761766,-0.2117800111749644,-0.3589161948692752,0.0,-0.2217127734342647,-0.2478718084569988,-1.1094603372164886,-0.9623265351910174,-0.8268262106777529,-0.5978505922601076,0.0,1,0.12094661459072586
UCFP1gufbMYkHeeUT0cQXthw,2.686939913209355,-0.2421718198705928,-0.2290713577355199,0.0,-0.2217127734342647,-0.2478718084569988,-1.435413940491883,-1.373713034524808,-1.2147790919480497,-0.3094234624420706,0.0,1,0.07969579413353295
UCFPJIveu_8kE0DiXQzdmRhA,-0.2872327691470189,0.4147029298257574,1.1897851607297905,0.0,-0.2217127734342647,-0.2478718084569988,-0.7113253114124979,0.1815262030954613,1.5545112420436378,-0.3094234624420706,0.0,1,0.06603353312489213
UCFQ1H1gbgaPYtlDVMugjOZw,-0.0486105038082065,-0.2754696182422972,-0.3917630033022798,0.0,-0.2217127734342647,-0.2478718084569988,0.6146965718428671,-0.561284323367529,-0.1850208662985744,-0.3094234624420706,0.0,1,0.14033247394276754
UCFQ3EdtuKzsl9H8fDj33Rkw,0.1773243475120369,-0.3317731682162701,-0.4022359316020096,0.0,-0.2217127734342647,-0.2478718084569988,1.3547495522873745,0.2312104726481438,-0.5733122691968386,-0.3094234624420706,0.0,1,0.11724431452960077
UCFQbaI6INxsm3t0It77KCMg,0.7548137448719717,0.3686914266212205,0.0860779203022245,0.0,-0.2217127734342647,-0.2478718084569988,1.1907246153769784,0.2948413322658437,0.0733242747130747,-0.3094234624420706,0.25,1,0.09274209512785442
UCFRjzr55O442fJeohQkAGxQ,-0.1870673434367236,-0.2795864369500715,-0.1668020712851838,0.0,-0.2217127734342647,-0.2478718084569988,-0.5927658480197926,1.7707309018998452,0.7560089676615889,-0.5978505922601076,0.0,1,0.09704209934920954
UCFSZsQ9oRTX6nw1mCrH3ibA,-0.2814314739436936,0.3012886105233461,0.0515157269000431,0.0,-0.2217127734342647,-0.2478718084569988,0.2589002326523754,0.4496373654036925,0.2158778844151247,-0.4536370273510891,0.0,1,0.12024985055487858
UCFT_lnUyQJtTTzHr5GS7wXg,3.503379050284235,-0.1065589683203785,-0.3159554905580083,0.0,-0.2217127734342647,-0.2478718084569988,1.2601829857448017,1.8139786526305084,0.579654110756437,-0.3094234624420706,0.0,1,0.022742491626608907
UCFTpOwzktuN0VJ3ehdLyrww,-0.0356769731620545,-0.2372074208406296,-0.326026904265896,0.0,-0.2217127734342647,-0.2478718084569988,-1.1247923756382348,0.3746070886469853,-0.6093321465697337,-0.5978505922601076,0.5,1,0.07697620000370847
UCFVc4M9rrIoUe-MBpKlyK_A,-0.1155149270207117,-0.4746509939566743,-0.5208474421993827,0.0,0.6913574657089212,0.7154674764909068,0.9093204124406508,0.8270685929468785,0.3944185542157307,-0.3094234624420706,0.75,-1,-0.003924881234589894
UCFWvl27zWOHHZO36ZhFjIMw,0.4270033746591308,1.1538131512582863,2.90707057709868,0.0,-0.2217127734342647,-0.2478718084569988,-0.7569335026683771,-0.2633445850914606,0.4560027511005611,-0.4536370273510891,0.0,1,0.01593366689403053
UCFYAxmKsQkdOnmv_ZjAt81A,1.446388276992757,0.1925158025091118,-0.1576154322602587,0.0,-0.2217127734342647,-0.2478718084569988,-1.1855342270258078,-1.3737130345248083,-1.2147790919480497,-0.5978505922601076,0.0,1,0.07304072078375007
UCFZjC7CPTyy7QqwtABoXAlw,0.6151690663399203,-0.0490445893147073,0.0462577353081996,0.0,-0.2217127734342647,-0.2478718084569988,0.7460057053984895,-0.0947226026794575,1.4260041425117524,-0.4536370273510891,0.0,1,0.09388764699812896
UCF_Z4iwGp7i5iLc7t37Kozw,0.6055603515818824,-0.1236316576673251,0.2750625587854199,0.0,-0.2217127734342647,-0.2478718084569988,1.4280005944018832,0.1713573212242974,-0.7608827442243599,-0.5978505922601076,0.0,1,0.09087476016403484
UCF_kEO3NPmJqDSDPwS0VrTQ,0.5120558078475796,-0.0942488731647787,-0.3598133240241682,0.0,-0.2217127734342647,-0.2478718084569988,-0.3761707224820936,2.191332335458377,-0.12325443559303,-0.4536370273510891,0.0,1,0.06276365830848046
UCFbsPCqC9H4HdnMMWip8w4A,-0.301498206498605,-0.0439591073815743,-0.2094052001026266,0.0,-0.2217127734342647,-0.2478718084569988,0.3952861742436471,0.2665515040036115,1.8994681124448347,-0.5978505922601076,0.0,1,0.08839523462801036
UCFfmkWQGP6cb6wrEtPjXupQ,-0.1701969077228749,-0.403333163989642,-0.3004818117667299,0.0,-0.2217127734342647,-0.2478718084569988,0.2512741254041252,1.9320563085505091,1.8739391514450017,-0.5978505922601076,0.25,1,0.04849325805626875
UCFgRdy_SQEzRyFZSuJnCUtQ,-0.066936539735498,-0.3117944891932474,-0.1227194541965295,0.0,2.517497943995293,1.6788067614388125,-1.2799071163941496,0.1640055859047227,1.6168598221481163,-0.165209897533052,0.25,-1,-0.017832228654737103
UCFh4zJBOEcDzK9j2U0b19JA,-0.1610276755592964,0.3350909209915915,0.3247590014342431,0.0,-0.2217127734342647,-0.2478718084569988,1.0879583561218586,0.7924818583362677,1.1926835477437818,0.7000714919210592,0.25,1,0.06949717400168409
UCFhLjJZaBj8lNr5kUFnbbMQ,2.9354756559515587,0.0229997380713439,0.2896484204601374,0.0,-0.2217127734342647,-0.2478718084569988,-1.1855342270258078,-1.3737130345248083,-1.2147790919480497,-0.5978505922601076,0.0,1,0.06293797428421916
UCFi-HP0WG6piAsLc-uI2awg,-0.2476815301017903,-0.4053205937106366,-0.461233135907686,0.0,0.6913574657089212,0.7154674764909068,-0.311200432671493,0.973401366987726,-0.2946656624634997,2.8632749655563376,0.5,-1,-0.02359488592748893
UCFifa1MM-ndOSeccOPc3bPA,-0.2976455965816517,0.4643469201253894,0.6719464827462948,0.0,-0.2217127734342647,-0.2478718084569988,-1.015538046272238,2.0190411834838544,1.4605069780171047,-0.3094234624420706,0.0,1,0.031976808291293846
UCFimYrpn31WMnbCXok5Hhvw,0.0643707593243114,0.0439538071476792,0.144307546129119,0.0,-0.2217127734342647,-0.2478718084569988,-1.0987920318341395,1.6731928468685011,1.790124947154394,1.2769257515571333,0.25,1,0.021480140706868767
UCFjdwx59JjMLMCvmpDh9A7A,1.63447830265462,0.0780924590136185,0.6673719217323743,0.0,-0.2217127734342647,-0.2478718084569988,-1.4640247414132963,-0.236657576220705,-0.3857055896073247,-0.5978505922601076,0.5,1,0.024164641916169793
UCFjjXgsfsVZ42wrGoo0uubA,-0.1151105822279241,-0.2030216811790131,-0.2477147600879996,0.0,-0.2217127734342647,-0.2478718084569988,-1.1176275230816386,0.0401008054484555,-0.5110721591053473,-0.4536370273510891,0.25,1,0.11779253096040898
UCFk3bmH_mFp7t1Cw2aqwwSw,0.2659053260746165,-0.2948428827494707,-0.4434744596756717,0.0,1.6044277048521072,4.087154973808577,1.076384282024451,-0.3083851138161659,-0.6376953254080029,1.2769257515571333,0.75,-1,-0.06141136229060462
UCFkKVRIUuMtYKGNqD0wvHcQ,0.4557914432384003,-0.101110237677736,0.5658716238435405,0.0,1.6044277048521072,1.1971371189648596,0.2758649765995019,-0.8461954463179836,-0.7286270291822936,-0.3094234624420706,0.0,1,0.028554524394376224
UCFkOVGsH0mZXGGpDSufKzFQ,3.2641693286983284,-0.4575783046097277,-0.4441975296077919,0.0,-0.2217127734342647,-0.2478718084569988,-1.1855342270258078,-1.3737130345248083,-1.2147790919480497,-0.5978505922601076,0.0,1,0.07620343351123876
UCFkbH4lzSYalbzO71vqxb_A,0.7888887814578447,-0.0720503409169758,-0.2266782895567381,0.0,0.6913574657089212,0.7154674764909068,0.9302031621424,0.657348581565596,0.7596479543866334,-0.3094234624420706,0.0,1,0.06752602347174752
UCFoszg6el2SgTsfthCGCAlg,0.6695276793660986,0.0813523833297294,0.5507610903829727,0.0,-0.2217127734342647,-0.2478718084569988,0.7374660808849174,0.041904553804432,-0.2659498559986476,0.5558579270120406,0.5,1,0.06363896648218081
UCFpFS2aw2xYomSPX3ux6qIA,-0.0651040328072328,-0.139966842058601,-0.3931529886171884,0.0,-0.2217127734342647,-0.2478718084569988,-0.821976323799282,-1.2669838056646163,-1.0387144900171092,0.2674307971940035,0.0,1,0.1051197734303635
UCFq5oXlqKKMJ5cDOII5VUOw,-0.1812289503491033,0.3698013532336106,0.2545358056886578,0.0,-0.2217127734342647,-0.2478718084569988,0.4825327166870317,-0.325598486895893,-0.0250995928272951,-0.4536370273510891,0.0,1,0.11481767893522832
UCFr4aPMID8LuUSYplHLmCmA,-0.0922686221406888,-0.3431549611142345,-0.5421525992286367,0.0,-0.2217127734342647,-0.2478718084569988,-1.051414508007661,0.0237299459869201,0.7434970868015631,-0.5978505922601076,0.25,1,0.09917186716808973
UCFrcjRqrexBtb7vGbkg9b-g,0.1615244958770459,-0.1761816376430332,-0.012947922488432,0.0,-0.2217127734342647,-0.2478718084569988,1.0787330565472353,0.5867842358558778,-0.2664046145397767,-0.5978505922601076,0.25,1,0.12494813099895818
UCFrdd6aXpKGd-T3-2z6zgnw,-0.1701696074191115,-0.3423073807920456,-0.3387317964986021,0.0,-0.2217127734342647,-0.2478718084569988,1.0456723317059915,0.941394357485615,0.0352595471240236,-0.5978505922601076,0.25,1,0.11668130642522945
UCFrjDWNckEdHldNr-kpt0VQ,0.4677626445944593,0.5857930720047332,0.6613319635945845,0.0,-0.2217127734342647,-0.2478718084569988,-1.1260727954760452,-0.3983063072553866,-0.3491473217944448,-0.5978505922601076,0.0,1,0.08306429888842015
UCFro1ie1XI8kPDunhndSkSA,4.14144403732628,-0.1609958235371498,-0.1921090547840533,0.0,-0.2217127734342647,-0.2478718084569988,-1.0605943702927705,-1.3737130345248083,-1.2147790919480497,0.4116443621030221,0.0,1,0.0651354492751221
UCFs_wD14ujDPl4VVjf_d5ag,-0.246919336227854,-0.0345146409343272,-0.2081098340884935,0.0,-0.2217127734342647,-0.2478718084569988,0.4478637727887916,-0.3347178091856518,-0.5706658721114696,-0.3094234624420706,0.25,1,0.1166427451867994
UCFtGU5UOy1skFyDuS7QAyAw,0.0093701054756388,0.5922911878081808,0.6055373408121897,0.0,-0.2217127734342647,-0.2478718084569988,0.3085455989429429,0.2737828027326147,1.0325859774407509,-0.0209963326240335,0.0,1,0.0891737548920899
UCFtgY-icGYqV5k_x9FSfhjg,-0.2954624835563346,-0.2421718198705928,-0.1781673466154742,0.0,-0.2217127734342647,-0.2478718084569988,0.9325387134059644,-0.3595048271389345,0.5340529539951284,-0.3094234624420706,0.0,1,0.11667098423500177
UCFutqmK7dOqgg9P6M_OhJnA,-0.2688290349322866,-0.077014739946939,0.0480206087555075,0.0,-0.2217127734342647,-0.2478718084569988,-0.5368422361650756,0.1072583870913415,1.1376148930620786,-0.5978505922601076,0.0,1,0.11485125603051488
UCFx9iJ-XldmGe8OSu_oAufw,0.187521140527116,-0.3344797272283016,-0.3475048568660656,0.0,-0.2217127734342647,-0.2478718084569988,1.2416774482920148,-0.0991791682716336,0.2045723179699605,1.132712186648115,1.0,1,0.015098757098090942
UCFxmune2KzFb93XzUEGbIiQ,-0.2683364525266012,-0.3626493085245778,-0.2965676285115742,0.0,-0.2217127734342647,-0.2478718084569988,1.3012661382714703,0.2467621336493667,0.2708747825586162,-0.4536370273510891,0.0,1,0.1216244035900162
UCFxsxT71HsqcjPSYPKrvEmA,0.107717111423232,0.2504337911920157,-0.0188593899713645,0.0,-0.2217127734342647,-0.2478718084569988,-0.0610755164284685,2.515427369093212,-0.7642432316361307,-0.4536370273510891,0.25,1,0.030646001630083852
UCFyPxB6dVl9Vx6zHRvqBf9w,-0.0456115214920612,-0.1371929428223466,-0.2789352605091347,0.0,-0.2217127734342647,-0.2478718084569988,1.3114832121763886,-0.5977315717647047,-0.88927657159996,-0.5978505922601076,0.0,1,0.1219751829910346
UCFyeEDMHqL1Io_YjORG8x0Q,-0.1777441685458047,-0.3440025414364233,-0.4067125832737665,0.0,-0.2217127734342647,-0.2478718084569988,-1.3588737707695475,-0.2863892496828337,-0.5845164041438307,-0.5978505922601076,0.5,1,0.07206068136775134
UCFzkk8FC6CW73LGPBFMNvvA,-0.2924127138661017,-0.3294524125721815,-0.3994621369187314,0.0,-0.2217127734342647,-0.2478718084569988,1.3339537666648538,-1.1941183414104872,-1.0202827234216143,-0.4536370273510891,0.25,1,0.08774985056635698
UCG0702rjqlPx86GVg5qMqcw,0.7546425994288603,-0.2171480198821604,-0.1282346914557184,0.0,-0.2217127734342647,-0.2478718084569988,0.9634691263856666,0.9958253665739444,-0.0433616007438664,1.2769257515571333,0.5,1,0.06215356745308692
UCG0ElPvd-Bdk_NONqJvEbiQ,-0.1586997201587559,-0.1075276315457372,-0.1423420611343052,0.0,-0.2217127734342647,-0.2478718084569988,-0.0227463491561808,1.6477317471448856,1.1500027067936611,-0.5978505922601076,0.0,1,0.1048900290519697
UCG3-ryhuVLBadlg4txxIrXQ,0.1465700436262483,0.7646325199865781,1.0264551772291208,0.0,0.6913574657089212,0.7154674764909068,-1.5098745272248797,1.1761247045680794,1.6856646408311595,2.5748478357383005,0.25,-1,-0.08277342560472145
UCG7Use9WgzsKghwDtK68B_A,0.0,-0.0012168425626228,-0.0398029278168943,0.0,-0.2217127734342647,-0.2478718084569988,1.1251110675027125,-0.7690724049702146,-0.4102373397227543,-0.3094234624420706,0.0,1,0.12358019461107589
UCG9WEAVAum76VW_EMvpedDQ,-0.289260877877074,0.029592029466146,0.1995006178439412,0.0,-0.2217127734342647,-0.2478718084569988,0.1577626424333821,-0.0952266893949335,-0.6776262622769487,-0.0209963326240335,0.0,1,0.11417412230353868
UCGAW5yKwtl8PlHO2l6sRzRA,-0.2747807237664565,-0.2764786424353792,-0.3199286014080427,0.0,-0.2217127734342647,-0.2478718084569988,-0.9176352767003892,-0.2009452615855189,0.8817045277034432,0.4116443621030221,0.5,1,0.04661667541816439
UCGBY8Kx2WORoZlYuoBXQBQg,-0.2323366061638523,-0.029267715130301,-0.0291496275734462,0.0,0.6913574657089212,0.7154674764909068,0.2338605210581383,-0.4315419571928635,-0.2772147788605498,-0.4536370273510891,0.0,1,0.07266507410788653
UCGCiRUEhEmAnjFpblyxlvuA,-0.2104806434864261,0.1548636766580306,-0.0364517973736775,0.0,-0.2217127734342647,-0.2478718084569988,-0.1138984405592652,-0.3132561123616023,0.0508123682799766,2.430634270829282,0.25,1,0.05181567756074357
UCGEiUm1x-K8Q6AAaz0yVWhQ,1.0865284996143256,-0.4310611488155341,-0.5135216152611702,0.0,-0.2217127734342647,-0.2478718084569988,0.8383692065975545,-0.3178174057786411,-0.0623847863022779,-0.3094234624420706,0.0,1,0.11602056717663878
UCGF-PkGdH58RtCXD0YCABDQ,-0.2848946960571691,0.1570233765174541,0.3967821370860286,0.0,-0.2217127734342647,-0.2478718084569988,0.6240842006257591,1.3810947513712897,0.1431889994216285,-0.165209897533052,0.0,1,0.10944132750530378
UCGG0Nrc_uxFUIrIazV44Vww,-0.1074636264594622,1.1206162553058905,0.6019086352565769,0.0,4.343638422281664,2.6421460463867183,-1.5292532086714914,-1.130990330806672,-1.0529976671343628,0.4116443621030221,0.0,-1,-0.09846517260111898
UCGGefblb_5ZEObps4mbozWg,0.6702017246221873,-0.1283090453712562,-0.2642355643926389,0.0,-0.2217127734342647,-0.2478718084569988,1.1377411460190066,0.5817407668649377,0.5366788189248878,2.5748478357383005,0.0,1,0.05908051492125638
UCGGum1Ol2mmMF-nZ3i095Gw,2.9096425408952444,-0.266590205343176,-0.2730260379545778,0.0,-0.2217127734342647,-0.2478718084569988,-0.9214504027192156,-0.7337108744450163,-1.1294118672044398,-0.0209963326240335,0.0,1,0.09356092841760694
UCGIA8g4ugbpDzPBJjtxKXkg,0.0627815837338971,0.7548527470382453,0.6185957256678193,0.0,-0.2217127734342647,-0.2478718084569988,1.2902976545372784,1.0287690690350184,-0.5131029853383119,0.5558579270120406,0.25,1,0.03764474175128668
UCGKSQz37YNkhsv-7iRErnvw,0.0,-0.3660396298133331,-0.4442103108910208,0.0,-0.2217127734342647,-0.2478718084569988,1.4382027643679838,0.7004951807381359,-0.0442525909100521,-0.5978505922601076,0.25,1,0.10583510423390191
UCGL2semgUuZPXcPw-GreQSQ,0.1146855893833472,0.8660772897985548,0.6796895119049383,0.0,-0.2217127734342647,-0.2478718084569988,0.7062761177480789,-0.6275781417421877,-0.2901687973938806,0.9884986217390964,0.0,1,0.05233084192212356
UCGL4_K2DAkuQqdXY5_qiZyg,-0.2772349937880764,-0.3292758333383923,-0.432931936695363,0.0,0.6913574657089212,0.7154674764909068,1.3466099110062828,0.9759759593277456,1.3440107831669044,-0.165209897533052,0.0,1,0.0474877851162262
UCGM54ibslU4euGBaVG0T-Dg,0.5546735023112784,-0.2016090473086983,-0.4566158454007124,0.0,-0.2217127734342647,-0.2478718084569988,0.7291091492446012,0.5287869945745582,-0.3567192374674602,-0.5978505922601076,0.5,1,0.09111889026720821
UCGNbT9of1Ice_oq4994SdLQ,-0.1873135521052017,-0.0589330264069104,-0.2203912944944949,0.0,-0.2217127734342647,-0.2478718084569988,-1.4211284951371057,-0.406591335177434,-0.339338261164756,-0.0209963326240335,0.25,1,0.10452743283483851
UCGNn3ao84U5kI5fGXgtJekg,2.6161683194925214,0.4789979514089393,-0.2116011933369232,0.0,-0.2217127734342647,-0.2478718084569988,0.8135034807027949,-1.373713034524806,-1.2147790919480497,-0.5978505922601076,0.0,1,0.05420458549938556
UCGOo2UEcpkhHYLvP5n4LCLw,-0.0295906526468601,0.1168389880279654,-0.1056133783080959,0.0,-0.2217127734342647,-0.2478718084569988,-1.4300084873357377,-0.5443320310952426,0.0066352797786305,-0.3094234624420706,0.25,1,0.10007785851126938
UCGRE6ow-MvhfpZG9BNPuTsg,3.9108794340407034,-0.3796009149683546,-0.4802142037875249,0.0,-0.2217127734342647,-0.2478718084569988,-1.560353797224921,-1.3737130345248083,-1.2147790919480497,-0.5978505922601076,0.0,1,0.04975486498259957
UCGScNGi7DFUYtxGDPspEBNQ,0.1151502035588923,0.0992819670683394,0.2058181514086657,0.0,-0.2217127734342647,-0.2478718084569988,-0.915679799430578,-0.278946887782152,-0.1899705974579107,-0.0209963326240335,0.0,1,0.11569081791777697
UCGSgH8DyLEM3rzDlPVyxb0Q,-0.1173932315650034,-0.3872291378680541,-0.4567964660395887,0.0,-0.2217127734342647,-0.2478718084569988,1.2131735779275965,-1.1667200510605331,-1.022931991997981,-0.5978505922601076,0.0,1,0.10605310629996301
UCGSjkhylxdTJ0eb_J0psA1A,0.1198133866394066,0.0001150693722452,-0.1967666127631205,0.0,-0.2217127734342647,-0.2478718084569988,0.3367686042611093,-0.4423565897073502,-0.9684106319295316,-0.5978505922601076,0.0,1,0.11892153473926076
UCGTs1gZfi0Wmyp8TfJr0HNA,0.2677900385213116,-0.3262033546704577,-0.4362823800471542,0.0,-0.2217127734342647,-0.2478718084569988,-1.4853209330544388,-1.0626533451216789,-1.1363133422457787,-0.5978505922601076,0.25,1,0.09043051281285197
UCGW4QXJknpv9kuZz2c-UE5g,0.1676396467774768,-0.0880332841353939,-0.177738327997375,0.0,-0.2217127734342647,-0.2478718084569988,1.3660144696505896,-0.650620151080262,-0.5999036835762079,-0.5978505922601076,0.0,1,0.1220713001575372
UCGXjOcHSckAyeB7NvASQl2g,-0.2442532496407022,-0.1374351086286863,-0.5606352190352437,0.0,-0.2217127734342647,-0.2478718084569988,-1.3858588325004044,0.7193267965850069,0.7031658253015507,-0.3094234624420706,0.0,1,0.09719677323589432
UCGY2u_qOjKAO17y3a9oQAKQ,0.2359315166588278,-0.1791246248728555,-0.0272400271218568,0.0,-0.2217127734342647,-0.2478718084569988,-1.4849920938587262,0.4876889246306596,0.7844184616509664,3.872769919919467,0.0,1,0.020454209696120773
UCGZj5i2i_vK0DKkjwyPfZZw,-0.1579320607953411,0.5769540200733353,1.1843179155429613,0.0,-0.2217127734342647,-0.2478718084569988,1.305095721769796,0.4722055152564356,-0.5477944609204324,-0.3094234624420706,0.0,1,0.06236938437529871
UCGb8thn_4H8mPBkD-bVAEIw,-0.0737789921255611,-0.466314901776905,-0.5076322207034158,0.0,-0.2217127734342647,-0.2478718084569988,1.188323050901908,-1.373713034524806,-1.2147790919480497,2.430634270829282,0.0,1,0.027716251739934028
UCGbUqpbM7GzGw5i0Cf6RWMA,-0.2420562789817401,0.1701154654226925,-0.2601126388018713,0.0,-0.2217127734342647,-0.2478718084569988,0.7452358990989448,1.2696434282165192,0.7971723655221945,-0.3094234624420706,0.0,1,0.11584643641947812
UCGdCr4Q4JfWc9xVmNQG2ERw,1.4970206212966877,-0.3064007962338639,-0.2373635677361676,0.0,-0.2217127734342647,-0.2478718084569988,-1.4162570316157843,-0.8139125218828206,-0.7186012183469445,1.8537800111932077,0.0,1,0.06283323366246413
UCGhWBdpDf1pN6PcjyCr8s6Q,-0.2307756787437922,-0.2197714827841735,-0.0979116120960472,0.0,-0.2217127734342647,-0.2478718084569988,1.2186537217688171,-0.1924109135898825,1.1224877332622267,-0.3094234624420706,0.25,1,0.10454659809126571
UCGhjKYxXrxOc2Av35LkCsaA,-0.1667398912989891,-0.3592589872358224,-0.4034016420787787,0.0,-0.2217127734342647,-0.2478718084569988,1.321290347837799,-0.231958809893655,0.1004661731077249,-0.5978505922601076,0.25,1,0.1092809108558741
UCGiB3Tj2S4HAc3xyZEKeHVw,-0.177538373532008,-0.3787533346461657,-0.4791885672634245,0.0,-0.2217127734342647,-0.2478718084569988,-0.6857748000936571,-1.3737130345248083,-1.2147790919480497,-0.5978505922601076,0.0,1,0.09724381587858616
UCGisurWQjw7mPLI1xBwAjcw,0.2110341228542369,-0.1151558544454367,-0.1727343232358873,0.0,-0.2217127734342647,-0.2478718084569988,-1.514288633039015,0.3593785088914125,1.4889583539930684,-0.5978505922601076,0.0,1,0.08188591958121932
UCGk8Saz-4lYn6EzY93TgF_w,0.0333290654189404,-0.3957049410899425,-0.3474588975481718,0.0,-0.2217127734342647,-0.2478718084569988,1.3788357804173732,-0.1389322812025722,-0.5893055113472434,-0.5978505922601076,0.0,1,0.11735854537439883
UCGkDkm75Fl-HWCvlcLOzr2w,-0.2546014349818255,0.352950649209142,1.1225177000518922,0.0,-0.2217127734342647,-0.2478718084569988,-1.106236245223482,0.074037003400606,-0.0124877406859647,-0.3094234624420706,0.0,1,0.09757410854748638
UCGme1EUtgJm7vElf3fWkT1A,0.181534107455828,-0.236117674712101,-0.2346935684475666,0.0,-0.2217127734342647,-0.2478718084569988,-0.9356545135597326,-1.373713034524808,-1.2147790919480497,-0.3094234624420706,0.0,1,0.10679328845680047
UCGnRWglqdjWgA0y6kags7zw,-0.0543116344830122,-0.3294524125721815,-0.3767811104269974,0.0,-0.2217127734342647,-0.2478718084569988,-1.4978838688584022,1.5431422681887068,2.660876922921959,-0.4536370273510891,0.0,1,0.03101401752232441
UCGnkBITT6ipjqiJp0e47uRA,1.5129955831344395,-0.3680644050274509,-0.4569092762087414,0.0,-0.2217127734342647,-0.2478718084569988,1.0598456769764268,0.4607863006964332,-0.0557204604365347,1.2769257515571333,0.25,1,0.06753333526931932
UCGoYoocZUyxtcR_TCTxkH8A,-0.1553428279669014,1.2678833362862014,1.955686625791707,0.0,-0.2217127734342647,-0.2478718084569988,-0.2945845454798659,0.7612151456561312,0.1549313571699878,0.4116443621030221,0.0,1,0.02969528606518801
UCGoa1Gsm8DtYYRDhPu8cMOA,0.3619163914433225,-0.2927239319439986,-0.3167183672274781,0.0,-0.2217127734342647,-0.2478718084569988,1.3593572033327823,-1.0110727706253186,-0.8994870403990912,-0.165209897533052,0.5,1,0.060823612432410745
UCGrMixoh4EWVisi2axrE9Zw,0.5796892935645261,-0.3047313198416738,-0.385103666652452,0.0,-0.2217127734342647,-0.2478718084569988,1.0009132658023514,0.2467621336493667,-1.214779091948047,-0.4536370273510891,0.0,1,0.09624766092673398
UCGrV362sUxYyOjp7XE2RQpA,4.303168989253978,-0.5046190124912083,-0.5925901302910497,0.0,-0.2217127734342647,-0.2478718084569988,0.9384433374358324,-1.373713034524806,-1.2147790919480497,-0.4536370273510891,0.0,1,0.04460117191045482
UCGrdbvMduAXuikgeWOf5NMg,0.2681441922194993,-0.3732440625519382,-0.4623297876265143,0.0,2.517497943995293,2.6421460463867183,-1.083889657310126,0.8878430045172035,0.3483770863332194,3.5843427901014304,0.25,-1,-0.054942136950667964
UCGrfoN1kUdpin1wIFDtsneQ,0.0171322785833231,-0.2694154730838055,-0.2509819723566939,0.0,-0.2217127734342647,-0.2478718084569988,1.4256164580586517,0.7653826104657394,1.6080739065910543,-0.3094234624420706,0.0,1,0.09004136165657634
UCGsOXxLWJO3mVq6hnXEvn2w,0.0,-0.2533114469622176,-0.5209946305616374,0.0,-0.2217127734342647,-0.2478718084569988,-1.431056834794538,-0.0908957423429613,0.4003255849648011,-0.5978505922601076,0.0,1,0.10779467889610828
UCGsPlcv1_GPR15ThOnAA57A,0.65145958098282,0.2228874307208784,0.1040564728448983,0.0,-0.2217127734342647,-0.2478718084569988,-1.4459141149950463,-0.977443801612464,-0.8798441838581191,0.4116443621030221,0.25,1,0.06342457559518161
UCGtyWwYj4UJMloE3pprjPVQ,0.6303292766627738,0.5760458982995614,2.483748855391505,0.0,0.6913574657089212,0.7154674764909068,-1.4144843049330014,-1.013423567729414,-0.8994692932492204,-0.4536370273510891,0.25,-1,-0.06031442268003129
UCGzlIbXcr_WFZs6Ou_sm-yg,-0.178455917134794,-0.1363453625001577,-0.0684551610249859,0.0,-0.2217127734342647,-0.2478718084569988,-0.0691029566313215,-0.231958809893655,0.1004661731077249,-0.5978505922601076,0.0,1,0.1277141855564689
UCH-ItWqf9ZMlPxjjDSl4U4A,-0.3007895733766862,-0.3315713633776536,-0.4623442484792361,0.0,-0.2217127734342647,-0.2478718084569988,1.13128989811304,1.3270789124321505,0.8994042257080808,-0.4536370273510891,0.0,1,0.1032408633358427
UCH16yczDotyaxgZ9NpF7qSA,-0.1703512819907716,-0.0414163664150078,0.1642360937961353,0.0,-0.2217127734342647,-0.2478718084569988,-0.1399502089756006,0.3593785088914122,1.488958353993068,-0.5978505922601076,0.25,1,0.0968286452252245
UCH26vrbT4dg-cFblacg5vAQ,1.1467833216178598,-0.1338026215335912,0.0016154718815734,0.0,-0.2217127734342647,-0.2478718084569988,-1.1670334403120777,-0.3941983615129308,-0.1647000198878629,-0.5978505922601076,0.0,1,0.09655042520146706
UCH2CAE9cxoUJwH8XmC1Gk7A,0.4229509499227519,-0.2754696182422972,-0.2668632480467488,0.0,-0.2217127734342647,-0.2478718084569988,0.506495895315343,-0.2122715317971679,-0.8901995161157631,-0.3094234624420706,0.0,1,0.1289919761133802
UCH2Hnz75mVKqI7L1JN8ZIGg,-0.2074248716553883,-0.4293962588969489,-0.4802379392073478,0.0,-0.2217127734342647,-0.2478718084569988,-1.5406632439972854,0.2723008635529677,-0.3642033093585973,-0.165209897533052,0.5,1,0.05627305715971037
UCH5isavuGQ00bDzZNqLSxaw,0.3442113160758014,0.5181279096166573,-0.3592580902435641,0.0,-0.2217127734342647,-0.2478718084569988,0.00139441193805,-1.0496180008899734,-1.2147790919480483,-0.4536370273510891,0.0,1,0.07382440235813542
UCH5sJtjqJ14Ho2uW0-LvcAA,-0.2925596098695615,0.1026722883570949,-0.0497477228898917,0.0,-0.2217127734342647,-0.2478718084569988,1.0188591918766132,-0.2531691672161764,-0.0895800299689568,-0.5978505922601076,0.0,1,0.12383445826850537
UCH7AIR1vA-yS2PwC9rhXqZg,-0.2802069202269141,-0.1274457691171749,-0.3431010023989355,0.0,-0.2217127734342647,-0.2478718084569988,-1.4114278697966165,-0.4429079789905085,-0.7146545864518086,-0.4536370273510891,0.0,1,0.11100235184125357
UCH7p5El406DKOjwGjclbHeA,-0.1056295419609667,-0.3972588383472887,-0.5069313204629093,0.0,-0.2217127734342647,-0.2478718084569988,1.3471220350800517,0.3053160402254735,-0.2299876403032861,-0.4536370273510891,0.0,1,0.11898928755652427
UCH7wQWfnK816kkIxPpxDD5w,-0.1702065604307318,-0.3632547230404269,-0.5044899125057714,0.0,-0.2217127734342647,-0.2478718084569988,0.1044761457496525,0.84635206915287,2.3228605392973503,-0.3094234624420706,0.0,1,0.061336086576482485
UCH8UBPASi-RoOApMgd3afGw,-0.2693311280746285,-0.0778623202691278,0.3044623181561552,0.0,-0.2217127734342647,-0.2478718084569988,-1.5114878303012025,-0.9623265351910174,-0.8268262106777531,-0.5978505922601076,0.25,1,0.07463431638139356
UCH9UBdaSn3rwVy2ou5tWFNw,-0.2863156939545223,-0.1838098605427327,-0.2391196468100636,0.0,-0.2217127734342647,-0.2478718084569988,0.3632991617621232,1.0111897535327443,0.188083392440672,-0.5978505922601076,0.0,1,0.12626073476208471
UCHApgi6_6kR3auqTvdW8mLw,-0.177259449465591,-0.3661808932003647,-0.1673516946366423,0.0,-0.2217127734342647,-0.2478718084569988,0.2094950560675144,-1.1941183414104872,-1.0202827234216143,-0.4536370273510891,0.0,1,0.11382750784275603
UCHBRgZYreunE0XjPJAYWo8g,-0.2717197968214269,-0.2751203406369996,-0.3639669168026326,0.0,3.430568183138479,2.160476403912765,0.2057694242800166,1.7675157530128232,0.3743238992079979,2.430634270829282,0.0,-1,-0.05919695628176991
UCHCCPoV2RJLtcCXNU1isDHw,-0.2086945290677207,-0.157688976068004,-0.3673324644243161,0.0,-0.2217127734342647,-0.2478718084569988,-0.949811207670018,1.7882804322756451,2.0637480867732725,0.2674307971940035,0.0,1,0.047250757952103595
UCHCPP0VIYSpuTAx38wI9zaQ,1.5161611303300264,-0.4143517081780969,-0.4123179159326973,0.0,-0.2217127734342647,-0.2478718084569988,1.3132629076349456,-1.373713034524806,-1.2147790919480497,-0.5978505922601076,0.25,1,0.056977301221722676
UCHDdQOm521KCiu7E_El3avA,4.1801617415284245,-0.3267901410473577,-0.3674486336111981,0.0,-0.2217127734342647,-0.2478718084569988,0.2052563251222615,-0.8094484321742009,-0.257270248572471,2.430634270829282,0.25,1,0.0200734161898678
UCHEFvfUj69tsfJyHgEVe1Hg,-0.1587736728374426,0.3713552504909567,0.2260342149973277,0.0,-0.2217127734342647,-0.2478718084569988,-1.335669746655325,-0.9586558900250388,-0.9063418259714076,-0.5978505922601076,0.0,1,0.09613368829740482
UCHFv_2y4gXBOFpUbxEHnP_w,0.9949676714514566,0.1967537041200559,0.3160686105114219,0.0,-0.2217127734342647,-0.2478718084569988,1.20604657312515,-1.2154359321644748,-1.0219211620241218,-0.3094234624420706,0.0,1,0.08883167891310045
UCHI-VdlvnkvE53TYDY8n3dQ,-0.2494957972916953,0.2137053105638327,0.2119889878531613,0.0,-0.2217127734342647,-0.2478718084569988,-1.0913301374948468,0.4731106887355272,-0.626397950357343,-0.5978505922601076,0.25,1,0.09800907215342686
UCHJ3GWaBeVdEkutJa2Ltq7g,-0.087746700669469,-0.453764193159878,-0.4662081801519065,0.0,-0.2217127734342647,-0.2478718084569988,1.0123253283346552,-0.5017705231682678,-0.3109609344099252,0.123217232284985,0.25,1,0.10229656061885639
UCHKB0mWZogpwQdm_0VHXF1A,-0.2986152194493429,-0.0575203925365957,0.7852603746536887,0.0,-0.2217127734342647,-0.2478718084569988,-0.8180273644851184,-0.4343400684680846,-0.4698635510398559,0.2674307971940035,0.25,1,0.07738186538055014
UCHKiVdxnfHpcUkArc-_SL0Q,0.0384649405159725,-0.287779713397897,-0.3304738531391545,0.0,-0.2217127734342647,-0.2478718084569988,-1.239315381184125,-0.0623070646601861,0.0178068445940465,-0.4536370273510891,0.25,1,0.11447325129759528
UCHKirits1xhUghdH2wYJEBw,-0.0646649976760159,-0.4414742784881398,-0.5350002901586288,0.0,-0.2217127734342647,-0.2478718084569988,0.9701979639948106,1.47832326146174,0.7003070316885336,0.123217232284985,0.25,1,0.08281402323759862
UCHKnZjdTkiZ31L7t9Poy8sQ,-0.0718339327352982,-0.0363308844818747,-0.2670479491011521,0.0,0.6913574657089212,0.7154674764909068,0.438683910503682,-0.9415863230116946,-0.8469181024180369,-0.4536370273510891,0.0,1,0.06061536931433209
UCHL2QC1zY2DIqs0EjyEM6vg,-0.0255729808548526,-0.0812526415578832,-0.0615220730579146,0.0,-0.2217127734342647,-0.2478718084569988,-1.0263891246796564,-0.5727213722924628,-0.403189187054264,-0.5978505922601076,0.0,1,0.12399148183516978
UCHMnj7e-Tci2LFVcKRoKa9w,-0.0271884808997278,-0.3846863969014876,-0.399091597722087,0.0,-0.2217127734342647,-0.2478718084569988,0.7476073939542426,1.5395872747859654,1.1952779939512324,-0.5978505922601076,0.0,1,0.10994893622781532
UCHNV3KE2FfnD8p2I4P4dC4Q,-0.1570430824121629,0.2620173889285966,0.6018713648882315,0.0,-0.2217127734342647,-0.2478718084569988,-1.2549769575221712,1.4207392575589868,1.5248669256029457,-0.5978505922601076,0.25,1,0.05789539564785251
UCHRRhVXewlF8SEKVaCdOzsQ,3.5715823324136142,-0.3567162462692559,-0.4817524638627806,0.0,-0.2217127734342647,-0.2478718084569988,0.5636237672367195,-1.373713034524806,-1.2147790919480497,-0.5978505922601076,0.0,1,0.0827473520097034
UCHSyxtC5VWeckH6vqE9W7sw,0.2395314071675305,-0.318857658544821,-0.4421090627450276,0.0,-0.2217127734342647,-0.2478718084569988,1.236452889444312,-0.1050771675058882,-0.2956179742727899,-0.0209963326240335,0.25,1,0.11456674413440904
UCHUmT467VSQmbnoCKfck1XQ,-0.2933835718855169,-0.3103818553229326,-0.3432155111635904,0.0,-0.2217127734342647,-0.2478718084569988,-1.110102695376288,0.1499379582228255,1.4925435774645497,0.4116443621030221,0.0,1,0.07315871627737625
UCHW4-rA2uYHrej1e-tVRhIA,0.1017287613885277,0.5025889370431954,-0.5043185380338324,0.0,0.6913574657089212,0.7154674764909068,1.4267427858762871,-0.3816097468978337,-0.1672914926381701,-0.4536370273510891,0.25,1,0.012786930035293131
UCHW_eWsY55vv-dTBb2j-GTw,3.1720601747267128,0.5964316663935861,0.9904960032422876,0.0,-0.2217127734342647,-0.2478718084569988,-1.5213267123036294,-0.9727940465129088,-0.9772710717902152,2.8632749655563376,0.0,-1,-0.029204118579589267
UCHXLcvHC5iPkszbnh41m50g,-0.0567095111177194,-0.3734366944433448,-0.5489764834290668,0.0,-0.2217127734342647,-0.2478718084569988,1.2866639851925734,0.5746560951204941,0.7963610650387811,0.2674307971940035,0.0,1,0.10406237393127299
UCHZ3SwjNlrRfzb1iX6jeSsw,4.244198602948122,-0.1843042823973429,-0.3531859900786356,0.0,2.517497943995293,3.605485331334624,0.6333440024528261,1.8735064206986092,1.108244205808641,0.4116443621030221,0.0,-1,-0.11110614404128816
UCHZq3MuhuWADyGTFLSjuGIA,-0.2974765979522394,-0.2728057943725608,-0.2015467090107496,0.0,-0.2217127734342647,-0.2478718084569988,-1.1312314845244391,0.2552364330343054,1.2264073797137949,-0.5978505922601076,0.0,1,0.10210060898472795
UCHZt8nTMrHnHh3_-OzJlLHg,-0.1976393122798589,-0.4135041278559081,-0.4413675897693894,0.0,-0.2217127734342647,-0.2478718084569988,1.3234650776010464,0.9627437022051184,0.8459493632565068,-0.165209897533052,0.0,1,0.10514202668166989
UCH_DE6VIdrF1UA2-WXE3vNw,-0.05436218087877,-0.3788945980331972,-0.4684520752443352,0.0,-0.2217127734342647,-0.2478718084569988,1.377803131780253,1.2154669915067762,2.394616654092983,-0.4536370273510891,0.0,1,0.05218564164212536
UCHbITMHZoRw0eZQlZE0Ea8w,4.292460056673446,-0.1369104160482836,-0.2526549674407085,0.0,-0.2217127734342647,-0.2478718084569988,-1.560353797224921,-1.3737130345248083,-1.2147790919480497,0.8442850568300777,0.0,1,0.03879018796298783
UCHdAu6riUiqViLO3736o_8g,2.843995298025963,0.7422658170399282,0.9198936527624578,0.0,-0.2217127734342647,-0.2478718084569988,-0.2205930182877684,-1.1139316151807193,-1.068187725722252,1.2769257515571333,0.0,1,0.0015840851209602547
UCHe6Mzr1N7kJGCucYUKzUqw,-0.1309662702256409,-0.3112647514918794,-0.3654425897728285,0.0,-0.2217127734342647,-0.2478718084569988,-0.9640493646353262,1.660994267220679,2.0523235046478163,-0.165209897533052,0.0,1,0.06280015522999965
UCHeXaExM_ERKw93cr_ZzyxA,1.0061361171685297,-0.3863815575458653,-0.4119362136655815,0.0,-0.2217127734342647,-0.2478718084569988,-1.2131985194509445,-0.7542275296532405,-0.6822537835254593,-0.5978505922601076,0.0,1,0.1089670453460102
UCHgRlC6TL2vc8XXhOeMycnA,-0.0411941819768757,-0.3699693203980268,-0.4590923327446689,0.0,1.6044277048521072,2.160476403912765,1.1789206424244394,0.987776287592682,-0.4522586089978385,0.2674307971940035,0.0,1,0.025956675717388356
UCHgcKFlOTD1P0HjJdTLhPRQ,0.1949260530071216,-0.154050373674769,-0.3417049759903731,0.0,-0.2217127734342647,-0.2478718084569988,0.8938248399337977,0.5245562166557189,-0.77118054441623,-0.0209963326240335,0.25,1,0.11171917131121323
UCHgp8gG_UIfF-qHiqb5QteQ,1.3434311958627383,-0.414403076682472,-0.3948685650505308,0.0,3.430568183138479,3.123815688860671,1.1834562452018538,0.0897506891182505,0.3399649390092794,3.440129225192412,0.0,-1,-0.06896353704888325
UCHh72EAMz4KbJKgmQMuL46A,0.2656153364758829,1.3823881778895974,1.601386792316021,0.0,2.517497943995293,1.6788067614388125,0.7146262704808061,0.6935251819451256,1.6036856310392873,0.5558579270120406,0.0,-1,-0.09853420870279761
UCHjVts7pc7o73oRmF9HvroQ,0.1885210791886737,-0.1227840773451363,-0.1989481450342068,0.0,-0.2217127734342647,-0.2478718084569988,-0.1860153731615065,1.47832326146174,0.4251961941181055,-0.5978505922601076,0.0,1,0.1057296843458671
UCHj_wHp37pkg-mEgPGOHLIQ,-0.1065912270765488,-0.2518584521241795,-0.3145887753071947,0.0,-0.2217127734342647,-0.2478718084569988,-1.4421666692569846,-0.5253115466827605,-0.3461953143945763,-0.3094234624420706,0.0,1,0.11829067592900261
UCHjkSlyEFmx9TZo4GWdNbGg,-0.1782465585909103,-0.2918763516218097,-0.2465164458035673,0.0,-0.2217127734342647,-0.2478718084569988,-0.5561874033631579,2.061694322004443,0.2311725823439358,0.123217232284985,0.0,1,0.07714346838147074
UCHmQXFu6cbUh9wI9BLmW43g,-0.1907017082541953,1.215969041552135,1.2665282370145063,0.0,-0.2217127734342647,-0.2478718084569988,-1.4582711859695807,0.1387304557710879,-0.2696001270063129,-0.4536370273510891,0.0,1,0.06110583318858731
UCHml6xRdPPpjTklBZB-6IMA,-0.1849930210473543,-0.2260947010608203,-0.2324554676530481,0.0,-0.2217127734342647,-0.2478718084569988,-1.1049257346541972,0.6475211206426796,0.3878614895428552,-0.0209963326240335,0.0,1,0.11617084969950758
UCHn8Ha9haHJbVLQiVYxF7Ig,0.070930441079721,0.5768608793785891,1.2077692411485654,0.0,0.6913574657089212,0.7154674764909068,0.3719061974261604,-0.2432498953426536,-0.4020259942611848,0.5558579270120406,0.25,-1,-0.004973411812446815
UCHounbmpBVBFlkNZ_9n7JjA,-0.2954125231519581,-0.2470151359973861,-0.2539704295697561,0.0,-0.2217127734342647,-0.2478718084569988,-1.3204604080582074,1.5672376083251705,2.418797247881741,-0.3094234624420706,0.0,1,0.04288287987030842
UCHq6TBb0dPN2kdo186YMiCg,-0.2804028561586754,-0.1813612951675206,-0.3131339787709407,0.0,-0.2217127734342647,-0.2478718084569988,0.8250845511078226,1.4284347250837706,0.8556956042406777,-0.0209963326240335,0.0,1,0.11401647400716497
UCHqtlVLOvvdY_0Cfv4S4LFA,-0.0004229253637077,-0.2240093843951177,-0.3029777880004325,0.0,-0.2217127734342647,-0.2478718084569988,-1.1863819516661993,-0.0760763258086726,1.3773935079573296,0.7000714919210592,0.0,1,0.08881565289860083
UCHrdGvuRuJErIQTFIikwpLg,1.6880278104077269,-0.1695220779686923,-0.0277671759393562,0.0,-0.2217127734342647,-0.2478718084569988,-1.2556106974919696,0.5414705343456604,0.4808763037531565,-0.3094234624420706,0.0,1,0.08299585714881103
UCHtdSSRRFnfCX5oI4FN6gOw,0.7606501525958584,-0.2397501618071961,-0.2037729857435729,0.0,1.6044277048521072,1.1971371189648596,-0.1509836235382407,0.370952268401207,1.115950383272126,-0.3094234624420706,0.0,1,0.029182143246964443
UCHu6ZVZNIHMeadyhsyJwbjA,0.4931147689922642,-0.3704187948113088,-0.4574267397632156,0.0,-0.2217127734342647,-0.2478718084569988,-1.4520577113134665,1.3895057908496768,0.4715752972976965,1.2769257515571333,0.0,1,0.0568564810529133
UCHuDttKPWFeWe5B3VZv76LQ,-0.2431368467480903,0.0927324827605167,-0.2450758495885104,0.0,-0.2217127734342647,-0.2478718084569988,0.2321813135896914,0.6682516152901647,0.568007048044622,0.2674307971940035,0.25,1,0.10254080382062097
UCHuG9TECjndKDdr4m98XwrQ,-0.1917487530333634,-0.2720641615906456,-0.3041138830347787,0.0,-0.2217127734342647,-0.2478718084569988,-1.4957470009418457,1.378323224744805,1.2483546048770664,-0.165209897533052,0.0,1,0.0787113202668418
UCHudXXrGZWkCZqFRsD2fU3Q,1.1401927164801189,-0.3753630133574103,-0.3819537853776417,0.0,-0.2217127734342647,-0.2478718084569988,0.3917180817414961,0.5708571672842018,-0.716364527786857,0.123217232284985,0.0,1,0.10133893082943929
UCHvNDk9ZoxxsyP2NIsYRVTQ,-0.2838436110537269,-0.0592155531809734,-0.3206954283978272,0.0,-0.2217127734342647,-0.2478718084569988,0.1636085341411277,-0.4401038362093029,-0.659866655532368,-0.5978505922601076,0.0,1,0.12190966619940918
UCHwN3xtmg7ai4LFERmfAXqA,3.2372655007735283,-0.4350196283422402,-0.5105605693939445,0.0,0.6913574657089212,3.605485331334624,1.2434908732744996,1.2527199559283897,0.1859261871795543,0.5558579270120406,0.0,-1,-0.035758510575551905
UCHwQM9LCCcvYAqTSFQL09hQ,1.0809011565184703,-0.2634325531624725,-0.362983564061367,0.0,-0.2217127734342647,-0.2478718084569988,-1.5130797474054725,0.5564301930800999,0.4073642562412315,1.132712186648115,0.25,1,0.06064957389132991
UCI0TzL6rSa4XgtfpwE-GiNw,-0.052050066501641,-0.3308650464424963,-0.4092392333999378,0.0,-0.2217127734342647,-0.2478718084569988,0.4429300037959446,-0.1333403854934675,-0.19829173748898,0.123217232284985,0.0,1,0.13243622831466323
UCI0VZYWpcMV1gI4r2z_QkBQ,-0.1021185448517056,-0.2829767582388269,-0.3280421282086005,0.0,-0.2217127734342647,-0.2478718084569988,1.108074051369199,1.006142590633767,0.7111866364850397,-0.5978505922601076,0.0,1,0.1261188855156007
UCI59icGA3Yr9IhuugvF9g5A,0.0781245988421927,0.6851718647813745,-0.0692199982354264,0.0,-0.2217127734342647,-0.2478718084569988,-0.5183228297376926,1.9741464294400248,2.2584210157102245,-0.165209897533052,0.0,1,0.013419683035360397
UCI8R66KwQO4Pl1VMDhchQOQ,-0.1522108451084714,0.8663421586492388,1.2513406426990692,0.0,-0.2217127734342647,-0.2478718084569988,-1.392074056055534,-0.2955924282114692,-0.3873926881444989,-0.165209897533052,0.5,1,0.019243018716528615
UCI9gH9OakYiZ7qeOusxNnZw,0.8212232340140666,-0.2637649376025466,-0.1630364070174503,0.0,-0.2217127734342647,-0.2478718084569988,-1.1855342270258078,-1.3737130345248083,-1.2147790919480497,-0.4536370273510891,0.25,1,0.07916747656957834
UCIB-7-yqD_HbBnXM2kJEnGQ,0.0508689216802295,-0.1737599795796365,-0.0321520190315228,0.0,-0.2217127734342647,-0.2478718084569988,0.5784702331031557,-0.4147170612832161,-0.1149914589626949,-0.3094234624420706,0.0,1,0.13512893361506145
UCIChgrdXrnOi6ATjyuUg5Og,-0.2699068115693571,-0.3295936759592131,-0.4011848487726815,0.0,-0.2217127734342647,-0.2478718084569988,-1.1294109618477668,1.549727587152002,0.6964583373528095,-0.5978505922601076,0.0,1,0.09211966869133975
UCICugCI-jYbsJ1qpBJdI6Kg,1.4822930452202443,0.4557365803444235,1.2386982138877245,0.0,1.6044277048521072,1.1971371189648596,0.572101001561118,0.1533904669441266,-0.0081958905353822,-0.0209963326240335,0.25,-1,-0.0320895558375589
UCIFB9HYsSdUoGdfKp2wI95g,-0.2573402368044337,-0.411385177050436,-0.4894065204609615,0.0,-0.2217127734342647,-0.2478718084569988,1.2748082066707656,0.5397093168855109,-0.0046885422687082,-0.165209897533052,0.0,1,0.11776089494796238
UCIFYyW40aODb7pNSjI0PXYQ,-0.2415316377096704,0.0181098515971775,0.2537988252834638,0.0,-0.2217127734342647,-0.2478718084569988,0.8571729784374998,0.6531511710994272,0.3591764372716309,0.5558579270120406,0.0,1,0.10192858985330427
UCIFqWs7BMEt0yh8_L7ugI3g,-0.0680734390802019,0.2306569170076095,-0.1061774375607548,0.0,-0.2217127734342647,-0.2478718084569988,-1.1202945518554228,0.1257458158531475,1.259371266948877,-0.5978505922601076,0.25,1,0.0907507908873394
UCIGS88I04MYi9HTklEovIKg,-0.2957222185886006,-0.1076688949327687,0.2623802145526745,0.0,-0.2217127734342647,-0.2478718084569988,0.641045296565069,0.3289374262057961,0.3018907675773574,-0.4536370273510891,0.0,1,0.1255862843118597
UCIHM2_JlqJVosSlHu_EgbLQ,-0.1851213026073705,-0.4423989115668912,-0.5547004830375415,0.0,-0.2217127734342647,-0.2478718084569988,0.85445522848338,0.2366133444739328,0.9269293992843588,0.2674307971940035,0.25,1,0.09186754267130698
UCIIuNcopOb3_obFMXWM6I0w,-0.2918365289166733,0.0859628477196577,0.0719450614872573,0.0,-0.2217127734342647,-0.2478718084569988,1.2884970883371092,0.7744093986337911,0.2680862130771033,-0.3094234624420706,0.0,1,0.1113744192775889
UCIJxypAnMMl1cLjSE9v-Weg,0.2587724773913067,-0.1270219789560805,-0.2019171694813365,0.0,-0.2217127734342647,-0.2478718084569988,-0.9981244419262516,0.5060381605572347,0.774733398042028,-0.5978505922601076,0.0,1,0.11662575624789195
UCINWBKC6Z8IVDab_qaUOZBw,2.7682477574102204,-0.1736388966764667,-0.4166558565447051,0.0,-0.2217127734342647,-0.2478718084569988,1.413352237342295,-1.1667200510605318,-1.0229319919979831,-0.5978505922601076,0.0,1,0.09057709124155688
UCIRZ6M6cxlLOUoVhg_UVdlQ,1.8639233299299829,-0.1813975165488106,-0.214811191681196,0.0,-0.2217127734342647,-0.2478718084569988,-1.5240496094441518,-1.0438760443685748,-0.7366101848715109,0.5558579270120406,0.25,1,0.0628776939476891
UCIWO2ze7Layxv_-j3oZTWSg,1.4614978655568347,-0.3057722079566425,-0.1965737316536544,0.0,0.6913574657089212,2.6421460463867183,0.3267894513685365,-1.2520511266399854,-1.0370750439036474,1.421139316466152,0.0,-1,-0.018990389042658373
UCIWUGDTfoT54Q0NHIkNae-w,0.2155371717179302,0.4613871158256824,0.3725069595673787,0.0,-0.2217127734342647,-0.2478718084569988,0.8605382080729721,-0.3027141213559967,-0.2170552217271412,-0.0209963326240335,0.25,1,0.09697169048422521
UCIY50ZRS92XsX-8OwPvao4w,0.4978305271855434,0.1340327602780818,-0.000170663114582,0.0,-0.2217127734342647,-0.2478718084569988,-1.26056709119629,-1.0626533451216789,-1.1363133422457783,-0.5978505922601076,0.5,1,0.04476602497596599
UCIYWz9veQch9ZhonEbc5Hsg,-0.2632886079339216,-0.1226781298048627,-0.1481300755854734,0.0,-0.2217127734342647,-0.2478718084569988,-1.0640556702933968,0.404320329887042,1.496031377803282,-0.165209897533052,0.25,1,0.09354933240032132
UCIYis9dawTENxxF11hmQTcA,-0.0886005485240381,-0.4043220076988624,-0.3900117420823394,0.0,-0.2217127734342647,-0.2478718084569988,0.97927392756384,-0.7463506275550645,-0.3093061025274947,0.4116443621030221,0.5,1,0.07456774162947805
UCIZLiaoFRm5_E43LmSaiQEQ,-0.1882734716037132,-0.1640733473260497,-0.0648341744330354,0.0,-0.2217127734342647,-0.2478718084569988,-1.2211058778669002,-1.1094245925500783,-1.0651113571871098,-0.3094234624420706,0.0,1,0.10885928359577118
UCIZjTh0NJer4J35KQNpqRFA,-0.2938048243651402,0.6360828377879376,1.9686348870347257,0.0,-0.2217127734342647,-0.2478718084569988,1.2805919157171808,0.3830434203163396,0.6127749315188289,0.4116443621030221,0.0,1,0.027884041773401924
UCI_oezs0oX0NUhx6ic88pfw,0.3927223353576995,-0.2386906864044601,-0.3598224109885459,0.0,-0.2217127734342647,-0.2478718084569988,1.4382027643679838,-0.7255229672551384,-1.2147790919480497,-0.165209897533052,0.0,1,0.08896490020832415
UCIcx84vN5-Ea2rSAZT0CIOw,-0.1832353677603629,-0.4304557342996849,-0.4725351953699627,0.0,-0.2217127734342647,-0.2478718084569988,0.5636237672367195,-1.373713034524806,-1.2147790919480497,-0.4536370273510891,0.5,1,0.03982164005812672
UCIcygDdlHbyifvGSCCwR73w,3.709485469333119,-0.3270877863110025,-0.285017953181769,0.0,-0.2217127734342647,-0.2478718084569988,0.9763496441162554,-1.0994844497088203,-1.0829975716132465,1.997993576102226,0.0,1,0.03545095253848091
UCId8qcsQlSQW-xBkFi4wwFg,0.5003900199975316,-0.2983102567947886,-0.1263156761444846,0.0,0.6913574657089212,0.7154674764909068,-0.8540997647249184,-0.7181435318376773,0.3543302787859133,0.2674307971940035,0.0,1,0.0629522188096554
UCIe7t1hfh_ZtcaTDD3_qwyg,-0.2556804554949364,-0.0973566676794712,-0.2972384272679861,0.0,-0.2217127734342647,-0.2478718084569988,-1.3708737163465765,1.1520800819986474,1.7139695956527536,-0.5978505922601076,0.5,1,0.046334618207031386
UCIfnYcZpWfA29lReIKrDsFw,-0.2932952218632148,-0.3166378053200408,-0.3944408953683297,0.0,-0.2217127734342647,-0.2478718084569988,-0.8652791126936157,-0.8468435286964421,-0.9111708590288372,-0.3094234624420706,0.0,1,0.12141897780641703
UCIh6nJbibP71pdRvNV6AfCg,-0.1689434668015928,0.0925013244908288,0.1539119733030743,0.0,-0.2217127734342647,-0.2478718084569988,-1.560353797224921,0.1819431269223996,2.6081444519832275,-0.5978505922601076,0.0,1,0.034568718977125545
UCIhntUb5sVPhbTY0KkvbWfw,-0.0043451222512425,0.6315624094029305,-0.0630612176922721,0.0,-0.2217127734342647,-0.2478718084569988,1.1631273880054294,-0.9586558900250388,-0.906341825971408,-0.5978505922601076,0.25,1,0.06687887516869873
UCIiSNSUseFm7SN99n7zw_9w,3.850085706653978,0.1369992914057428,0.0703357224111267,0.0,-0.2217127734342647,-0.2478718084569988,0.0638643403045688,-1.3737130345248074,-1.2147790919480497,0.123217232284985,0.0,1,0.05994837395683572
UCIjz6hUaP8qHamCESVTXuJQ,1.7211725852703217,-0.2079658997251146,-0.235341523282476,0.0,-0.2217127734342647,-0.2478718084569988,-1.5016657415820611,1.9703519376049925,1.7869537599236192,1.5653528813751705,0.25,-1,-0.043041503089605526
UCIkBmLnAvv2fApQ1WSuclDQ,-0.014427499866672,-0.3965525214121314,-0.4921452457688485,0.0,3.430568183138479,2.160476403912765,-1.2695453466044282,-0.7764337883072063,-0.1854446580618326,-0.0209963326240335,0.5,-1,-0.03414193417216682
UCIlWLFsf3XF-ZzNLtWAQUEg,-0.2355382949125334,-0.1222447080491979,-0.0301233677525529,0.0,2.517497943995293,1.6788067614388125,-1.081259223057309,1.4055726712559808,-0.0499880715646673,0.2674307971940035,0.5,-1,-0.04256086501408063
UCImBsxvOXfK2QwTwBkhvHjA,4.089930175523543,-0.4417568052622028,-0.5033877646170166,0.0,-0.2217127734342647,-0.2478718084569988,-1.0605943702927705,-1.3737130345248083,-1.2147790919480497,-0.4536370273510891,0.0,1,0.06848175726662642
UCIo3_dlfHgNvTGx2MEfOPFA,0.0429039071382981,-0.2680028392134908,-0.2928622095699508,0.0,-0.2217127734342647,-0.2478718084569988,0.5165037012485656,1.3902516595889602,0.8261874147891939,-0.0209963326240335,0.25,1,0.10504460024717532
UCIp8kFqQRf_1J9zlGCfD6ag,3.989676080984813,-0.4410504883270454,-0.5463147198769881,0.0,-0.2217127734342647,-0.2478718084569988,0.8135034807027949,-1.373713034524806,-1.2147790919480497,-0.4536370273510891,0.0,1,0.067191497061443
UCIrBoaQsbP6I-BklX-hBoXw,0.3877955392502483,0.0365610232263653,0.0532898603004649,0.0,-0.2217127734342647,-0.2478718084569988,0.4875498774274002,-0.9623265351910189,-0.8268262106777506,-0.5978505922601076,0.0,1,0.11831043865493701
UCIsz8huZX0674iyT5Qrq0RQ,0.0058120199675576,-0.1443973755609517,0.036440233610568,0.0,-0.2217127734342647,-0.2478718084569988,1.3078261320572957,0.4534234618502779,0.32132930565197,-0.4536370273510891,0.5,1,0.08158609299978198
UCIuW9GPH7Xf7MnjyRdCyiRg,1.7898545202635994,1.0223739906885478,1.3728444332933722,0.0,-0.2217127734342647,-0.2478718084569988,-1.4241522735192962,-1.266983805664616,-1.0387144900171097,0.2674307971940035,0.0,1,0.00833542616548233
UCIut4kCQ2XHoqQNlZeyxltA,0.8333157117371484,-0.2891923472682117,-0.3034998367685785,0.0,0.6913574657089212,0.7154674764909068,0.082486721916777,-0.626626049759059,1.0323491970102712,3.007488530465356,0.0,-1,-0.014101369020831367
UCIv96egh9ZEqq0LGZCfTs9Q,-0.1579512963528145,-0.3047313198416738,-0.2920379990353288,0.0,-0.2217127734342647,-0.2478718084569988,-0.8453817169808415,0.0906498739399586,1.2858756372640938,-0.4536370273510891,0.0,1,0.11350540244325358
UCIzEDge8YALYLYR-cdbvmTg,1.5511203164240912,-0.0216097525701738,0.166325730639327,0.0,-0.2217127734342647,-0.2478718084569988,-1.0393534756855114,2.0777288028893723,-0.1723414077471606,1.421139316466152,0.0,-1,-0.0018327221457016263
UCJ-PRvq0JvqP5lTSPghNlvg,-0.2749982393325774,-0.0060601586894162,0.3464242089513846,0.0,-0.2217127734342647,-0.2478718084569988,0.8318183077872495,0.7696282764133117,-0.0399453948504412,-0.3094234624420706,0.25,1,0.10430921636070317
UCJ-fC7bPLw5uCm2z6mRVzCw,0.5356814565687679,-0.312265367150019,-0.5120199107507013,0.0,7.082849139711223,6.495503186178341,-1.5289068148646627,0.2825282587532743,-0.1344914257140484,1.2769257515571333,0.5,-1,-0.14190041524275943
UCJ0jTXCPEbm2FtHqWj_09wg,-0.2839479222143915,0.0139185203336064,0.356487628630018,0.0,0.6913574657089212,0.7154674764909068,1.152751400060816,-1.1094245925500783,-1.0651113571871094,-0.3094234624420706,0.0,1,0.01740554677994044
UCJ10H7JDjKikK7LG1ItesPA,2.3834101454301493,0.5811919216842795,0.8539671138729251,0.0,-0.2217127734342647,-0.2478718084569988,-1.0694375645560372,-1.2880891956009688,-1.0513438569500173,0.7000714919210592,0.0,1,0.024016691078795616
UCJ1CyNmjy1SGIFeORxlyPAg,2.737450070112242,-0.1490590673329903,-0.2339035997298094,0.0,-0.2217127734342647,-0.2478718084569988,-1.1855342270258078,-1.3737130345248083,-1.2147790919480497,-0.5978505922601076,0.0,1,0.09071754516899888
UCJ1f4W-pr94N6mMaTdVMOUw,-0.2777214146912153,-0.0516789605863753,0.5973249058353816,0.0,-0.2217127734342647,-0.2478718084569988,-0.0837346295438983,0.2346490989178952,1.0253524788091388,4.0169834848284856,0.0,1,0.0012195072418989539
UCJ1w_7wVsY95U__eo0xdpbg,-0.178777404973892,-0.2512530376083303,-0.2484830740688885,0.0,-0.2217127734342647,-0.2478718084569988,1.0659355741762722,-0.6348160705288627,-0.7189593825453482,-0.3094234624420706,0.0,1,0.13107321361244717
UCJ22QVKUqxACcXxeDY11P5g,-0.1670183152642766,-0.5062082255953124,-0.5474252291128098,0.0,-0.2217127734342647,-0.2478718084569988,-0.7660634195867237,2.02928481864096,0.79388100294615,-0.165209897533052,0.25,1,0.05298606441800735
UCJ4S0vDCeOUQQbEBSuTr_Vw,0.1119879652467186,0.4145818469225876,0.7046535261215722,0.0,-0.2217127734342647,-0.2478718084569988,1.378741332818221,-0.3983063072553869,-0.3491473217944442,-0.5978505922601076,0.25,1,0.07207367368954554
UCJ5RYEq9Vj0T-VfihkqY6rw,0.4489070361913445,-0.3102809529036245,-0.4199078735564103,0.0,-0.2217127734342647,-0.2478718084569988,-1.3964298698295252,-0.0484400412866368,0.3262781950314201,0.7000714919210592,0.25,1,0.09265987728605574
UCJ7IhXj8cs02NFkdDYDOYzw,1.523070410391779,-0.2200563837328084,-0.1172915685113684,0.0,0.6913574657089212,0.7154674764909068,0.7157378300251066,0.9272665770245224,0.4748655734315303,1.132712186648115,0.0,1,0.03304196392217107
UCJ8efZFZ8NgCHhUAigzqI5w,0.1418936280335426,-0.3465452824029899,-0.3365667684503155,0.0,-0.2217127734342647,-0.2478718084569988,-1.0854448973184585,-1.1667200510605324,-1.022931991997982,-0.5978505922601076,0.0,1,0.11724107765920316
UCJ9igqsG4YRsPVP6ypfA--g,0.233136284526076,-0.3269803032991308,-0.3902944132866963,0.0,-0.2217127734342647,-0.2478718084569988,1.0436963183732864,0.118759897177078,0.0140651782263,0.4116443621030221,0.25,1,0.11454927745074667
UCJA0xWV0LuNTFwKdeX_c1pg,0.1520288719032369,-0.1876239719925825,-0.1938494167424649,0.0,-0.2217127734342647,-0.2478718084569988,0.6085535168259378,-0.0631231448190297,0.6679580593976245,1.5653528813751705,0.25,1,0.0861277175424634
UCJAvjBImqTOxcKhRa4dfXBA,-0.1485065076721792,0.0704642361139189,-0.064720265433557,0.0,-0.2217127734342647,-0.2478718084569988,-0.1138270784441124,0.2366783242014577,0.8912789130568989,-0.5978505922601076,0.25,1,0.1036956740270491
UCJB36JSkIPDSaZdTMuEquqQ,-0.1831968937029607,-0.2386906864044601,-0.3888066145852602,0.0,-0.2217127734342647,-0.2478718084569988,0.7159037597414931,0.5353968968220117,-0.4077100462970545,-0.165209897533052,0.5,1,0.09678411399534481
UCJBkt9-oZdjebUNjUBcqt8A,5.894064374120985,-0.4389315375215733,-0.6003272946293761,0.0,-0.2217127734342647,-0.2478718084569988,0.1888041970376066,-1.3737130345248074,-1.2147790919480497,-0.0209963326240335,0.0,1,0.020583676962660558
UCJCLl_yLTgIHySnhujMBxbQ,-0.1798378101237245,-0.3906194591568094,-0.525499141311893,0.0,-0.2217127734342647,-0.2478718084569988,-1.3897720655611718,0.7827750320247063,2.142140192414428,-0.5978505922601076,0.0,1,0.06397352788500849
UCJFhyccskiDJ5AJ5sKNHDiw,1.6543090358135164,0.2239469061236145,0.6716259249459802,0.0,-0.2217127734342647,-0.2478718084569988,0.5347552527945993,-1.063395099933898,-0.8345032611466636,3.872769919919467,0.0,-1,-0.0006662898304939935
UCJHEjhVZD_8xbKaYvsLkMGg,-0.2773820214424843,-0.2863670795275823,-0.4802142037875249,0.0,-0.2217127734342647,-0.2478718084569988,1.3858637527897033,0.495526287394929,0.6789949945899291,-0.5978505922601076,0.0,1,0.11306618363711951
UCJJlnST3Sdk0Wi319dCPX-A,1.0712432064022763,-0.0479144822184555,-0.3128898501776522,0.0,-0.2217127734342647,-0.2478718084569988,1.3802153741638985,-0.1406015411797588,-0.6952303288844272,0.8442850568300777,0.0,1,0.09697407838218197
UCJKZfNmEW0MWpyw0VRVkz1A,-0.2844530722826043,-0.4389315375215733,-0.4410093298944912,0.0,-0.2217127734342647,-0.2478718084569988,0.8232218470536699,0.9698550170939124,1.1407410897036538,-0.5978505922601076,0.0,1,0.10793642020268424
UCJMgVeEoQkWL_ppHrSN5QQQ,-0.2992797632864896,-0.4753774913756933,-0.5529259797003396,0.0,-0.2217127734342647,-0.2478718084569988,-0.8804972928516372,1.5507299581268594,1.2653349388897328,-0.5978505922601076,0.75,-1,-0.027562543435058262
UCJNU85vNbc0XVLVUFh_n8xA,-0.1879866958713459,-0.000308720788849,0.4640452070138094,0.0,-0.2217127734342647,-0.2478718084569988,0.4811960241266074,1.867237301823542,-0.4362133158977469,-0.4536370273510891,0.5,1,0.058503811772605
UCJNkqBt4Cly0S1ugI5xg_-w,2.887469387596428,-0.282129177916638,-0.3136342940632248,0.0,-0.2217127734342647,-0.2478718084569988,-0.9356545135597326,-1.373713034524808,-1.2147790919480497,-0.5978505922601076,0.0,1,0.09907193284710097
UCJO5OTLmo7wOAm9kAdZK_Dw,-0.1006990525445305,-0.2049993685974537,-0.1672902495887575,0.0,-0.2217127734342647,-0.2478718084569988,1.4103525341973504,-0.2358684054644673,-0.7940706247065292,-0.5978505922601076,0.0,1,0.11932512131932355
UCJOMnbsM59uzLl7cUtQl2WA,-0.1082349696544363,-0.3765188047058497,-0.3830044852575744,0.0,-0.2217127734342647,-0.2478718084569988,1.0509720405483658,0.74178270629856,-0.2768141371379762,0.2674307971940035,0.25,1,0.10795349470178628
UCJPQGeUxT9LaCYa5r7HMuWA,0.0707308554111796,-0.3209766093502931,-0.3844833665552349,0.0,-0.2217127734342647,-0.2478718084569988,0.2896032926764132,0.3965413690239048,0.0870499638899525,-0.4536370273510891,0.25,1,0.12280070607519183
UCJQr0Ol9FKFUvy9Y8ygJeGA,2.414448556665431,-0.3732440625519382,-0.4601016410050669,0.0,-0.2217127734342647,-0.2478718084569988,-1.330670409871575,-0.61749128937686,-0.954632615846635,-0.4536370273510891,0.0,1,0.0958376891433797
UCJQw9j7CYrxv4rjVazw-KFg,0.9061965386734387,-0.246577892180384,-0.3578838644596405,0.0,-0.2217127734342647,-0.2478718084569988,0.643249711078063,1.885242581469921,0.2957709696097684,3.872769919919467,0.25,-1,-0.0026492266349346094
UCJR3ooZUg4yyhK9TkbuK0-w,0.245334458183505,0.0893935299761363,-0.1611785574630502,0.0,-0.2217127734342647,-0.2478718084569988,1.400336635805118,0.4628254894059235,-0.0413943419939945,-0.4536370273510891,0.25,1,0.10952560276918849
UCJS4DGBn25_RSHFUNDo1agA,-0.1481945577829078,-0.3020147162449147,-0.3395698746750951,0.0,0.6913574657089212,1.6788067614388125,-1.4101363135985567,-0.5551871677568408,-0.3523623065800202,0.5558579270120406,0.25,1,0.020725691216498587
UCJTojC31Q7K7zBE37-ZSxjw,-0.2906141723452701,-0.2220922384282619,0.2385223151553626,0.0,-0.2217127734342647,-0.2478718084569988,-1.4474965146555463,0.0306987778928096,-0.5244122530474704,-0.4536370273510891,0.0,1,0.10383881844619464
UCJULrzO4zV57_AVJRbDnznA,0.4870990469442814,-0.3870795648700208,-0.5076553189560226,0.0,1.6044277048521072,2.160476403912765,0.5649145483239617,0.4537132638160853,0.2645947926020014,1.132712186648115,0.0,1,0.023015813808096197
UCJUpTjrz2fKlscksJWWle4w,2.441896754021079,-0.2291554077798356,-0.3753722075359669,0.0,-0.2217127734342647,-0.2478718084569988,-1.0138260720191106,-1.069983080801744,-1.1221121740773417,-0.165209897533052,0.0,1,0.10294793444614425
UCJWF7zV80aFlZwc9Xz8_V6A,-0.0728887412526207,-0.4195582730143998,-0.3933637440673567,0.0,0.6913574657089212,0.7154674764909068,-1.1135331514255995,-0.5010904791341089,-0.9199413136204792,-0.3094234624420706,0.25,1,0.046545241526641634
UCJX0Z73fXAvEfyZ7BLRTbVQ,-0.1998681541660246,-0.245683224062518,-0.3683155496058894,0.0,-0.2217127734342647,-0.2478718084569988,1.0009132658023518,1.5431422681887068,0.8000785279695518,-0.5978505922601076,0.0,1,0.11450086994791381
UCJXaNoaAAekMOjiTA52DocA,4.1052401337896,-0.3977633504438296,-0.3675337958831774,0.0,-0.2217127734342647,-0.2478718084569988,-1.435413940491883,-1.373713034524808,-1.2147790919480497,-0.3094234624420706,0.0,1,0.0682034053609985
UCJYFMvBeWFACoaJ42LSXMXA,0.4256630783367622,-0.4016380033452644,-0.5314998649510154,0.0,-0.2217127734342647,-0.2478718084569988,-1.0821925074719283,-0.6582920690111695,-0.2919582979605101,-0.5978505922601076,0.25,1,0.10114214362542895
UCJYQ9HhkLAqIicJ9DrmsdLQ,0.0656045907162928,0.1848875796094121,0.0634384378130701,0.0,-0.2217127734342647,-0.2478718084569988,1.2100616444644998,-0.2689408146089166,0.0660120941573641,-0.5978505922601076,0.25,1,0.10804971536893387
UCJZC8Ne57-pQv0wY3la_zxQ,0.5926899923753874,0.0314755412932323,0.1553766221605779,0.0,1.6044277048521072,1.1971371189648596,1.3132629076349456,-1.373713034524806,-1.2147790919480497,-0.165209897533052,0.0,-1,-0.008614910929621744
UCJZmMp35VWVxoxVwKhbp7PA,-0.2848585807573706,-0.1838098605427327,-0.3700507737071019,0.0,-0.2217127734342647,-0.2478718084569988,-1.286481376563302,0.1072583870913418,1.1376148930620786,-0.5978505922601076,0.0,1,0.10105424952638409
UCJaMo-yoEyrfsojR3--qRLg,-0.0925802082064916,-0.5060316463615231,-0.5307310342915138,0.0,0.6913574657089212,0.7154674764909068,-1.4914612771366211,1.219047234553872,0.8556165710342266,-0.4536370273510891,0.0,1,0.02410540476795686
UCJbzOc5EU4CP3eTp7xwc_CQ,0.0438500156525797,1.098955869294398,0.9180092972095488,0.0,-0.2217127734342647,-0.2478718084569988,-0.7809102844797104,-0.2352571199230122,0.5514602732812177,-0.0209963326240335,0.0,1,0.07462398723034713
UCJd1jEOP47wUCypDh3zVFjQ,1.7320929102875835,0.2401106975243312,0.4146549670707842,0.0,-0.2217127734342647,-0.2478718084569988,-0.7627393144012985,-1.0669714211340906,-1.1310836377053073,0.5558579270120406,0.0,1,0.06297003284754299
UCJdTxETmZZxm1evck_IA6uw,-0.2886280277354203,-0.4338460555884402,-0.4186878519432881,0.0,-0.2217127734342647,-0.2478718084569988,1.1836412815570485,0.0571629330081025,0.8271816745697677,-0.5978505922601076,0.25,1,0.0925923638910075
UCJeO8r3kD3jEHecuOAcQ_ag,4.477286632138084,-0.2663333628213006,-0.4703954186163541,0.0,-0.2217127734342647,-0.2478718084569988,-0.0610755164284685,-1.3737130345248083,-1.2147790919480497,0.2674307971940035,0.0,1,0.06609261382132547
UCJeX9EdxerDA_UwTXh_NpZA,-0.1293942912978398,0.2322461301117136,0.5373249987974554,0.0,-0.2217127734342647,-0.2478718084569988,0.1888041970376066,-1.3737130345248074,-1.2147790919480497,-0.165209897533052,0.0,1,0.07164356412582168
UCJelg0VQxWMY2RQz54c5weg,0.7302688753016932,-0.1651630934545783,-0.1100336733875317,0.0,-0.2217127734342647,-0.2478718084569988,-0.9976811672663246,-0.7259829105256846,-0.8382593628402687,0.123217232284985,0.25,1,0.10163665790140214
UCJfJAewcxF60YrGvDtpJTpg,-0.248771529630819,-0.0441547028405409,-0.0654991954577606,0.0,-0.2217127734342647,-0.2478718084569988,0.9942628307086115,1.4906274500492094,0.56581402850166,0.5558579270120406,0.25,1,0.09510473904956485
UCJhN9x3_1hDvxASC1Z41ETA,0.3495748555147079,-0.0651486154362952,-0.1351870609470916,0.0,-0.2217127734342647,-0.2478718084569988,0.1888041970376066,-1.3737130345248074,-1.2147790919480497,-0.5978505922601076,0.0,1,0.10635529663330046
UCJi_YSz_syE4_-zEEHpuFzQ,-0.0854927559599522,-0.3796009149683546,-0.4873187762500195,0.0,-0.2217127734342647,-0.2478718084569988,1.2382300434644635,-1.0626533451216793,-1.1363133422457763,-0.5978505922601076,0.0,1,0.10398465846705857
UCJicAXh0_sdGP5zOmkNWEQw,-0.0156376975907768,1.0218731477708909,1.6714282438366057,0.0,-0.2217127734342647,-0.2478718084569988,0.41319735662906,-0.1421519067124353,0.5388427240103743,0.123217232284985,0.0,1,0.042988856306761636
UCJjr7Fvt9itt4LMeU7EYTpw,1.967963447879808,-0.0970741409054082,-0.110714275056479,0.0,-0.2217127734342647,-0.2478718084569988,0.8135034807027949,-1.373713034524806,-1.2147790919480497,-0.4536370273510891,0.0,1,0.09407849787456513
UCJkCKwWQTe1gmTrss409nZg,0.1644701944736585,-0.3050138466157368,-0.4394761326017058,0.0,-0.2217127734342647,-0.2478718084569988,-0.9612050248785732,-0.7520342633036389,-1.0551953722511995,-0.5978505922601076,0.25,1,0.1056331489048864
UCJkVKu8RezbgbOZ6O_yjBrg,-0.2165752698965274,0.3382996179255921,0.3791169901506819,0.0,-0.2217127734342647,-0.2478718084569988,0.0736544041220736,-0.5209077440950202,-0.6531248580149125,0.123217232284985,0.5,1,0.06460300587361395
UCJkq1E0mhfWHEW8b5_OQ0Og,-0.1503621282641944,0.5764696884606559,0.6138614564502858,0.0,0.6913574657089212,0.7154674764909068,1.1197165967036768,0.9534039279073064,1.0973036431068777,0.123217232284985,0.0,1,0.02646142798325124
UCJlZJIc14IZ7jKkKTuicCiA,0.5277560160911335,-0.1857726781309595,-0.2288010954717351,0.0,-0.2217127734342647,-0.2478718084569988,0.335668456862319,1.3034334288459328,0.7483473880164826,1.421139316466152,0.5,1,0.03587010810584834
UCJl_BAwNPpp7c7knvzz9xqA,0.2781985326435895,-0.164174249745358,-0.2263430083177125,0.0,-0.2217127734342647,-0.2478718084569988,-1.474904563964479,-0.4411669397161949,-0.5084209123971513,-0.4536370273510891,0.0,1,0.11285255959025159
UCJmuTfLf2YxbTLVaKdVQeGw,1.588470104807729,-0.2939347609756969,-0.350838247446452,0.0,-0.2217127734342647,-0.2478718084569988,0.912013609569851,0.5908904347736013,0.6087761572199877,6.757041218099838,0.0,-1,-0.02345551133337498
UCJnEET48xtf1DFr3ULx605w,-0.2612998770165153,-0.1694009950655225,-0.0857506036388659,0.0,-0.2217127734342647,-0.2478718084569988,0.9467751520878108,0.5795022860492784,-0.3803861564644364,-0.5978505922601076,0.0,1,0.13521286696491935
UCJp5UaAYXanpEWtSzQOEbXQ,4.522305646557695,-0.4622399963817664,-0.5076657238876542,0.0,0.6913574657089212,0.7154674764909068,0.6260936956032388,-1.0496180008899734,-1.2147790919480497,-0.165209897533052,0.0,-1,-0.008716083307768407
UCJrO9dyQQnKjRNOxAKho5ZQ,4.056619245817155,-0.3499356036917452,-0.4483423907636784,0.0,-0.2217127734342647,-0.2478718084569988,-0.8107146568266947,-1.3737130345248083,-1.2147790919480497,-0.4536370273510891,0.0,1,0.0812219889980208
UCJrd0Li-F3K3VgT-YL1t5RQ,0.3863441598330151,4.66826964136755,3.795095091259805,0.0,-0.2217127734342647,-0.2478718084569988,-1.435413940491883,-1.3737130345248083,-1.2147790919480497,0.9884986217390964,0.0,-1,-0.08063472019042095
UCJs1iZV0tf7Yuj6NjJNnvzA,-0.0754411161416261,0.2426643049052848,0.2589594195344518,0.0,-0.2217127734342647,-0.2478718084569988,0.7058373795536352,1.3270789124321505,-0.9537190297598364,-0.4536370273510891,0.25,1,0.07764306281084704
UCJt38Oo-PA6VEu0w3wkSaTA,-0.1195583851842622,-0.4177420294668523,-0.4858277185270128,0.0,-0.2217127734342647,-0.2478718084569988,-1.0318288789723933,1.7077521183126734,1.218218778173445,-0.5978505922601076,0.0,1,0.08041470859721972
UCJtmGL916BF9-EousyS3BHQ,-0.0201992027778599,-0.2096610603694923,-0.3202105997088526,0.0,-0.2217127734342647,-0.2478718084569988,-1.135083585859224,0.9472999550251427,1.3804507593468598,0.123217232284985,0.5,1,0.054705812153131916
UCJvK-fWapn0Wxcn-9WLybJw,-0.0845157766496709,-0.0520716618939531,-0.2702946464382844,0.0,-0.2217127734342647,-0.2478718084569988,-1.4364768640913128,0.2922736433944773,0.571443251371719,-0.3094234624420706,0.0,1,0.11201099424672512
UCJwSwlV2b-wNMiy4Kyq45fA,4.95429478919487,-0.437720708489875,-0.5712138244740781,0.0,-0.2217127734342647,-0.2478718084569988,1.1883230509019085,-1.3737130345248083,-1.2147790919480497,-0.3094234624420706,0.0,1,0.029855599588727355
UCJxaNTe5NEF1ewIv1qCbIKQ,-0.1243588482322167,-0.3957049410899425,-0.4376381968646479,0.0,-0.2217127734342647,-0.2478718084569988,1.1333970023514095,0.254589688591852,0.4473250054101462,-0.5978505922601076,0.5,1,0.07621268694585132
UCJy6XBK4s2e9qY3wBclOeMg,-0.2352192963075181,-0.0070893633663597,-0.0181578280605141,0.0,-0.2217127734342647,-0.2478718084569988,1.4240466451469032,-0.2069709134394023,0.1456010918919432,0.123217232284985,0.25,1,0.09791648329711261
UCJydCjxYk8EXl5DGwxsArsg,-0.2583424434222759,-0.2524638666400287,-0.2696928742537814,0.0,-0.2217127734342647,-0.2478718084569988,0.9596548661923132,1.9039192238593945,1.3763646972386918,-0.4536370273510891,0.0,1,0.09727135349069682
UCJz3aHk2yzhYnn79l_vMaHw,0.1274062695653189,-0.5017937447505788,-0.528141398823675,0.0,-0.2217127734342647,-0.2478718084569988,-0.9771948063673694,-1.0858124340505326,-1.0915326492433182,-0.4536370273510891,0.25,1,0.07319119171649913
UCJzcjyFJfsc5yIGPFdCFOHQ,1.2766007992173478,0.0619884328920305,-0.1058060662263935,0.0,-0.2217127734342647,-0.2478718084569988,0.3137440537706443,-1.3737130345248074,-1.2147790919480497,-0.5978505922601076,0.0,1,0.08797366466127632
UCK-MpPSnKHIbevDsJizLN4A,-0.2899857243875558,-0.4262178326887407,-0.4169059050832626,0.0,-0.2217127734342647,-0.2478718084569988,0.6348390805000012,0.3673259064682341,-0.3969993316625357,-0.5978505922601076,0.25,1,0.10849908201181635
UCK036Q0eohGBZC_N5DHYkSA,0.6717990098010792,-0.274864203726448,-0.4721135459194394,0.0,-0.2217127734342647,-0.2478718084569988,0.7066405138606165,-0.8973225283003575,-0.913102987931451,-0.3094234624420706,0.0,1,0.12391220397574387
UCK0y3iTYCC0niTi0QS3p_rw,-0.2694714540629827,-0.4570939729970484,-0.5129651279268846,0.0,-0.2217127734342647,-0.2478718084569988,0.9217521689551132,1.114078073320974,0.7521362485918927,-0.3094234624420706,0.0,1,0.10502700977652796
UCK2rn6pdf5jMmgPFaX_vU1g,-0.2719280547233053,0.2993109231049055,0.4181061376136299,0.0,-0.2217127734342647,-0.2478718084569988,-1.3865976232225723,-0.545232979640128,-0.4157783174313932,-0.5978505922601076,0.25,1,0.0859792809593814
UCK42_mpjxeX6oX0GzQ1N6LQ,0.116509456249775,-0.0156711141285218,-0.1799162199831738,0.0,-0.2217127734342647,-0.2478718084569988,1.3570431770209783,-0.4256684994985205,-0.7669720844894733,-0.165209897533052,0.0,1,0.12002389147199716
UCK8D-7ipayTAflMD09NlI-Q,-0.2024932645982977,-0.0967209824378295,-0.3012633610326182,0.0,-0.2217127734342647,-0.2478718084569988,1.0764311634519996,-0.91782443025812,-0.4105897271111828,-0.165209897533052,0.0,1,0.11610760860657432
UCK8Fy84XupSnTEPsQbYRodg,4.856515630040935,-0.0273842033032147,-0.1175294339261311,0.0,-0.2217127734342647,-0.2478718084569988,0.1622615822931119,-0.8650843622255692,-0.7101360786405055,-0.0209963326240335,0.0,1,0.047368232309156544
UCK8Ie3Wzo_v79xCBgYMaWrQ,-0.1520666632366238,-0.1888953424758657,-0.1921842364738854,0.0,-0.2217127734342647,-0.2478718084569988,-0.9264482712826266,1.617513702710831,1.1365409651886555,-0.5978505922601076,0.25,1,0.0891666321205753
UCKAR1Xzu55ZGZe6pZVg-Cyg,-0.110755599864916,-0.1143082741232479,-0.1184731647909441,0.0,-0.2217127734342647,-0.2478718084569988,0.0946001075066454,0.473110688735527,-0.6263979503573409,-0.5978505922601076,0.25,1,0.11515594104597765
UCKBYRwVjh6bn9dJyMoeDr6A,0.0675059077675991,-0.0686041352113728,-0.1704634720557653,0.0,0.6913574657089212,0.7154674764909068,0.8081781384242639,0.4775113026688447,0.5451307652875788,0.5558579270120406,0.25,1,0.06720182674032688
UCKBeO4KkYnTEnYJPFGQZitQ,3.3316100245878117,0.1974600210552133,-0.1562128634439154,0.0,-0.2217127734342647,-0.2478718084569988,1.0840740531987785,-1.1941183414104872,-1.0202827234216143,-0.4536370273510891,0.0,1,0.07526376295846926
UCKCG91b9Yez3AEaVqwcFfBg,1.290795218443951,0.1834345847713742,-0.0897861079006584,0.0,-0.2217127734342647,-0.2478718084569988,0.8561669077852193,0.817033114176426,0.4681970500190357,-0.3094234624420706,0.0,1,0.08678837100470654
UCKCncIyOS831QUoacCrJLPA,0.5198802598516897,-0.0744719989803725,0.0188070223775087,0.0,-0.2217127734342647,-0.2478718084569988,-1.5114878303012025,-0.9623265351910174,-0.8268262106777531,-0.5978505922601076,0.0,1,0.10173410710313424
UCKE1pFEf1puwkU76z2Z02Og,1.0681028323614978,0.1181170853392026,0.5020992164319181,0.0,-0.2217127734342647,-0.2478718084569988,0.7362308880243884,0.8693533775411755,1.5521053479514926,-0.0209963326240335,0.0,1,0.05894694942912687
UCKE98tJiYD3_Kkbd8cf7Kbg,-0.2937154408612896,0.5430508071857817,0.0664739821474529,0.0,-0.2217127734342647,-0.2478718084569988,0.5912880596618563,1.517346236525232,-0.0560495580668208,-0.3094234624420706,0.0,1,0.0989143088538022
UCKED68JWmO_n20tke_BRJQA,0.2768773437616496,-0.1707329070003906,-0.290181308379256,0.0,-0.2217127734342647,-0.2478718084569988,0.3769560371698397,-0.7690724049702169,-0.4102373397227516,-0.3094234624420706,0.5,1,0.09338312120442172
UCKEdInYW3ajoEzolFDeXesA,0.9269839306299588,0.2375916650982454,0.4853644884916155,0.0,-0.2217127734342647,-0.2478718084569988,-1.332575288616925,-0.7495618171695039,0.1987843868569657,0.2674307971940035,0.0,1,0.0759329711751231
UCKEy2jZPzhyM2_mB1xxxgCA,-0.241794761611488,-0.1020183594515097,-0.0658359137189368,0.0,-0.2217127734342647,-0.2478718084569988,0.9872596547051438,1.7051897850061244,-0.1514919788294532,-0.165209897533052,0.0,1,0.10657439152769926
UCKF5zVkzv9lG1m5BtqYzmzA,-0.2552944624895444,-0.3601065675580113,-0.3932177943551823,0.0,-0.2217127734342647,-0.2478718084569988,-0.524067106273168,-0.1917841923989008,0.2013905483510074,-0.5978505922601076,0.0,1,0.1269952017617223
UCKF95oyzOefzQpWOX3C4Pew,-0.2815374463170809,-0.3317731682162701,-0.4581413925936922,0.0,-0.2217127734342647,-0.2478718084569988,1.3608031461516263,0.6503516638391391,0.9136222565415912,-0.3094234624420706,0.5,1,0.06252239035458235
UCKG2TD8hFxHBZLFj8_upznw,-0.2680846068561265,-0.3423073807920456,-0.3109876917878147,0.0,-0.2217127734342647,-0.2478718084569988,1.340340631341665,-0.1788749767064661,-0.3561128990551159,-0.5978505922601076,0.0,1,0.12294080558149151
UCKG6PCKy5kVATpmSB50VJZw,-0.2186673845796566,0.9320296336188738,1.0968243550543886,0.0,-0.2217127734342647,-0.2478718084569988,0.7093622411463846,1.723195064652504,1.3339641722262126,1.2769257515571333,0.25,1,0.006051039975015271
UCKGU7SRNk6wa13UBT8xMP_A,2.4084633913498243,-0.0327992998060879,0.1639334401691783,0.0,-0.2217127734342647,-0.2478718084569988,1.1780022217800152,-1.2750766671054932,-1.0431129886649573,0.4116443621030221,0.0,1,0.07526414456413516
UCKH3o0lnmgLJ5erzPFcHkDw,-0.1161173908450386,0.242311146437706,0.5388715509628481,0.0,-0.2217127734342647,-0.2478718084569988,0.8488956853625944,1.6241660265974156,0.8206942634979066,-0.165209897533052,0.25,1,0.08669186927002653
UCKHN3NcDui5tws5VhlTh3fA,0.8010999714476529,-0.3112647514918794,-0.396894094540915,0.0,-0.2217127734342647,-0.2478718084569988,1.429022902082874,-0.4252405731882587,-0.506804608827554,-0.165209897533052,0.0,1,0.10698037879229427
UCKIJEO7ZQldZMzjYACzSzXA,-0.0015878178529938,-0.4523515592895633,-0.5403400106147492,0.0,-0.2217127734342647,-0.2478718084569988,1.1258531225353896,1.002983878797315,0.8209584392187932,-0.4536370273510891,0.0,1,0.10800057959978832
UCKJSXnMQv8znickZQpiQyyg,-0.2873696675173756,-0.3348675090750547,-0.459948353473579,0.0,-0.2217127734342647,-0.2478718084569988,-0.0528403566383971,2.006532411574074,1.1680915669433165,-0.0209963326240335,0.0,1,0.07753844063881765
UCKNK94GclrIH3FYZLBI2cRQ,0.5689326478092043,-0.3575638265914447,-0.2397831847798678,0.0,-0.2217127734342647,-0.2478718084569988,-1.5355032701992328,-1.166720051060533,-1.0229319919979818,-0.5978505922601076,0.0,1,0.09322850998032522
UCKNXK-jSe7Uws637VrSnDAA,-0.2514963338041573,-0.1839511239297642,-0.4136742740851549,0.0,-0.2217127734342647,-0.2478718084569988,0.2512741254041254,0.8949522009190368,0.4709717377945961,-0.4536370273510891,0.0,1,0.12627097079160005
UCKQ5aXoMGnL_nNMKn4UhspA,0.0,-0.4050283246340197,-0.4615607255546292,0.0,-0.2217127734342647,-0.2478718084569988,0.8354278837944696,1.7148504543522851,1.6972810445497726,-0.5978505922601076,0.0,1,0.07767102052473657
UCKQoepgoXPPXCm4EXBZ0RHw,0.787602499903844,-0.2396702013994424,-0.3453121993831284,0.0,-0.2217127734342647,-0.2478718084569988,0.0611789739608249,1.3783001137997128,-0.3572551748605176,6.324400523372782,0.0,-1,-0.016781280537506382
UCKWILPzNeVFhnlHyCfiCzwA,-0.2416026467206496,5.307663046918755,12.370527697936266,0.0,-0.2217127734342647,-0.2478718084569988,0.7166222829910749,0.8381899079253581,0.2690891516852393,2.1422071410112444,0.0,-1,-0.14362378249159535
UCKYzQfwdX_aYo50RUKlwZUA,5.741411675974649,-0.3714076385205291,-0.4968395509190439,0.0,3.430568183138479,6.013833543704388,0.595929847389788,0.3212729146494285,-0.3988971993627404,0.8442850568300777,0.0,-1,-0.11163526408415048
UCK_Bf5cbN8i86JM46h-zOLQ,-0.1596713859368445,-0.0965090873572823,0.0699749468601941,0.0,-0.2217127734342647,-0.2478718084569988,0.8135034807027949,0.181943126922401,2.608144451983225,-0.5978505922601076,0.0,1,0.0805791030633502
UCKaPp5CQo4Id55X4OIlk65Q,3.11150182104509,0.262441179089691,-0.013910123907893,0.0,-0.2217127734342647,-0.2478718084569988,0.9591341964657406,-1.1941183414104872,-1.0202827234216143,-0.4536370273510891,0.0,1,0.07872972992773841
UCKcUfoeKp75eh9dJKy8KNwQ,-0.1446917944012645,0.35440364404718,-0.0542055179131916,0.0,-0.2217127734342647,-0.2478718084569988,0.185112764704276,0.9559409651036648,1.0214212543985457,-0.5978505922601076,0.0,1,0.10569716139092822
UCKdCoO2xMJpzInq54XcRrSA,-0.2483403743440163,-0.1117655331566814,-0.1553584957488167,0.0,-0.2217127734342647,-0.2478718084569988,-1.2128743627975436,-0.1218662643301455,0.3490472365332607,-0.5978505922601076,0.0,1,0.11715299962102305
UCKga2g4ArDsV3QRzgTVHkTw,0.1165149178143047,-0.4313033146218737,-0.4637055342796418,0.0,-0.2217127734342647,-0.2478718084569988,-1.2919732970451152,-0.3941983615129308,-0.1647000198878616,-0.5978505922601076,0.25,1,0.10152848198572745
UCKhkVHPnUxB4VDK23fqafzg,0.3698649127038761,0.1571999557512434,0.1267233389473466,0.0,-0.2217127734342647,-0.2478718084569988,-1.1356800488620862,0.3657022653848762,-0.46756626919974,0.4116443621030221,0.25,1,0.08292754985964818
UCKj4L52BQ2eLJ45IHSH-uyw,-0.2881356791522294,0.1628504912325024,0.6872230235319712,0.0,-0.2217127734342647,-0.2478718084569988,-1.2833963600521263,-0.1788749767064657,-0.356112899055116,-0.5978505922601076,0.0,1,0.09695316767547246
UCKjHuspfgaAH7EOnEwH0a1g,2.7910933832081124,0.1607315404270303,0.111820137745074,0.0,-0.2217127734342647,-0.2478718084569988,-1.3104740837588456,-1.3737130345248083,-1.2147790919480497,-0.165209897533052,0.0,1,0.07108340737387248
UCKk7L-IIr_H-TS0C2FPk-2g,-0.2211094048983283,0.5678055340560588,-0.0321844924379507,0.0,-0.2217127734342647,-0.2478718084569988,0.8238949991025155,1.0809951497530983,-0.0793735207503702,-0.0209963326240335,0.0,1,0.10365354098005353
UCKkC7aNFOEL4Fzkojh8_zGg,0.490756146185018,-0.171943736032089,-0.2668461512718096,0.0,2.517497943995293,1.6788067614388125,0.5514177304959197,1.7051897850061244,0.50492099505278,-0.165209897533052,0.0,-1,-0.003930028231124205
UCKl2ZSGMKMnIN5QiPAmb9Vg,0.1635611170798432,-0.2363598405184407,-0.299790493782977,0.0,-0.2217127734342647,-0.2478718084569988,0.438683910503682,-1.3737130345248074,-1.2147790919480497,-0.5978505922601076,0.25,1,0.0863622021010656
UCKlRPQI_KGGmefo_Esw-9RQ,0.333884332016816,-0.2079658997251146,-0.3283794507279003,0.0,-0.2217127734342647,-0.2478718084569988,1.14774324345333,-1.017297198742136,-0.822053176912879,-0.4536370273510891,0.25,1,0.10722017629971164
UCKltxhASFYKqfH-B0xSzXRQ,0.0,1.4782951512695806,1.6207716913832722,0.0,-0.2217127734342647,-0.2478718084569988,-1.161733371460156,-0.910711452011554,-0.6805882007103992,-0.5978505922601076,0.25,1,0.00361859783113605
UCKmKXCwuHwi6TYJRrDYovag,-0.2811226773768223,-0.3584114069136336,-0.3311896132878267,0.0,-0.2217127734342647,-0.2478718084569988,-1.3155965963800829,0.7058103169762773,0.8273982734629548,-0.5978505922601076,0.0,1,0.10355729875067937
UCKmoUByX84VlPofWHGJwPbQ,0.5076910370234502,-0.3559897488502369,-0.377306684120606,0.0,-0.2217127734342647,-0.2478718084569988,0.6703047156184457,-0.7390554704038862,-1.1034857593554446,-0.3094234624420706,0.25,1,0.09662354807000095
UCKnU-wOy9EeFU0_VJeYQ6jg,2.648581565749776,-0.0931572924468082,-0.2795060357021505,0.0,-0.2217127734342647,-0.2478718084569988,0.504585465830337,0.0732199949555301,-0.0150875798931909,1.8537800111932077,0.5,1,0.019161321832838918
UCKnUFvifVMD_Cm9EbP-N8lQ,-0.0278975823600698,-0.3787533346461657,-0.4678582437391428,0.0,-0.2217127734342647,-0.2478718084569988,-1.459554701586114,-0.7004744327573831,-0.7923904484458313,-0.5978505922601076,0.5,1,0.0686979805115362
UCKnsn7hPNmhCqziJfZTYa7w,-0.2960670055483396,-0.1740626868375611,-0.3967256612819625,0.0,-0.2217127734342647,-0.2478718084569988,-0.955379381478106,-0.981396037687231,-0.6975615507128011,-0.4536370273510891,0.25,1,0.10458833291454134
UCKoNd1bK_QcDaQ9VsOZVauQ,-0.2218408171147056,-0.3117944891932474,-0.552841860175555,0.0,-0.2217127734342647,-0.2478718084569988,1.2145881448428535,1.451070512093213,2.479551521394173,-0.5978505922601076,0.25,1,0.03916196014185813
UCKoOXrdJ8G444u7VYhQ6olQ,0.998381768626928,-0.1055499441272966,0.0365394606407981,0.0,-0.2217127734342647,-0.2478718084569988,0.3588003777911758,-0.4315419571928637,-0.2772147788605493,-0.4536370273510891,0.25,1,0.10631578096789257
UCKpcGZGw11y6sMkqLACXL-A,-0.1935570378705277,-0.2699452107851735,-0.2327480025442436,0.0,-0.2217127734342647,-0.2478718084569988,1.2811659698353632,-0.2371444500307161,-0.2295459489209661,-0.165209897533052,0.0,1,0.12710240411305584
UCKqErh0-wWVJQ9K-5j4LKsg,-0.0831719635429343,-0.2423988503140362,0.0966880342487568,0.0,-0.2217127734342647,-0.2478718084569988,1.3704845094777716,-0.6240779044800718,0.0233474783404638,-0.165209897533052,0.25,1,0.10278846383958562
UCKqnolV4Merceiwp1vIfiDQ,-0.0020885188682189,-0.4728347504091268,-0.4787008649887433,0.0,-0.2217127734342647,-0.2478718084569988,0.2454553388247743,0.1412258545526825,-0.1396142384760638,-0.3094234624420706,0.0,1,0.12611791362451708
UCKrGHsSd7KAvY0XzfXYgntg,0.5834522719371243,-0.158019202167558,-0.4043627668748252,0.0,-0.2217127734342647,-0.2478718084569988,-1.4012086948787692,1.0084990172517776,-0.1710168486435292,-0.3094234624420706,0.5,1,0.06911616996238157
UCKruRnsA98g_W9nrwZy41Xw,1.2916103807547474,-0.3529626762709911,-0.3918632592656229,0.0,-0.2217127734342647,-0.2478718084569988,0.0443691460007195,-0.8962713587251895,-0.7060073863396849,-0.3094234624420706,0.0,1,0.10951995091000694
UCKsYLVrkoi5XM_ldCuM3nUw,-0.0095937189028751,-0.4576993875128976,-0.5074199367961026,0.0,-0.2217127734342647,-0.2478718084569988,0.6153157431447549,1.0721613347539147,1.4812981348376948,-0.3094234624420706,0.5,1,0.054542066886573926
UCKumhTl9x-hlvku3EZlCKug,-0.1663363125604949,-0.3770581740017881,-0.4533483226534208,0.0,-0.2217127734342647,-0.2478718084569988,-0.0115204084369899,-0.3880274727800766,-0.5354352115798987,-0.5978505922601076,0.25,1,0.10648945420007949
UCKv1S7WgHRFzDxr17RtTCKw,0.1754678081316802,0.117646207382431,0.240919102210707,0.0,-0.2217127734342647,-0.2478718084569988,1.0129764219059825,-0.6838003967813339,-0.3984784152076516,-0.4536370273510891,0.0,1,0.1157358208217269
UCKvz4reZG7X0cKkQa6t_PZw,1.9655037423324493,-0.3132685419274889,-0.4260485955156541,0.0,-0.2217127734342647,-0.2478718084569988,0.9311719079652018,0.2441523532449249,-0.1468726375298847,1.997993576102226,0.0,1,0.05918984423025103
UCKwJJysQwopS4dmdi3zTClw,0.4583869476345765,-0.3948573607677536,-0.4534841502140631,0.0,-0.2217127734342647,-0.2478718084569988,-1.5559966915275758,-0.0908957423429613,0.4003255849648015,-0.5978505922601076,0.25,1,0.08169977047041888
UCKwbC24BFP-f6NLsC3Cv5_w,0.0287546920668612,-0.1126131134788702,0.1048308056774186,0.0,-0.2217127734342647,-0.2478718084569988,-1.452965907153858,-0.5106563659622045,1.330490188538966,-0.0209963326240335,0.0,1,0.08826238233805273
UCKxQlxka5eaVOR-Xna0e9vg,-0.2230488171095821,-0.2868379574843538,0.0313419638460004,0.0,0.6913574657089212,1.6788067614388125,-1.1494384999007812,0.6940921559784239,-0.6197616161272361,-0.0209963326240335,0.25,1,0.011574303045599754
UCKxlnGDhVxkjqAQDDn-oaWw,-0.2938470079050636,-0.0388736254484412,-0.3168329757890462,0.0,-0.2217127734342647,-0.2478718084569988,1.3279677018833451,0.0980783446324294,0.9976852447962632,-0.5978505922601076,0.75,1,0.006626225617334003
UCKxyGnx_ZjvTKbTuB5jVKvg,-0.254629974852034,-0.2390438448720387,-0.2262149741329219,0.0,-0.2217127734342647,-0.2478718084569988,1.2289028583504862,-1.0172971987421375,-0.8220531769128772,-0.4536370273510891,0.25,1,0.11118394115976099
UCKyrQ7sZrzynReVrxLJQXDg,-0.1913326077976224,-0.2058469489196425,-0.1222732109478418,0.0,-0.2217127734342647,-0.2478718084569988,-1.3404714363791552,0.410949900299033,0.1496095615473272,-0.4536370273510891,0.25,1,0.11264870839273167
UCKzIVR2hZppwMHFOOjTjMUg,-0.233811531344947,0.3500244790492043,0.4148516994266895,0.0,-0.2217127734342647,-0.2478718084569988,0.360775370540324,-0.1319673943378726,1.039905880221342,-0.4536370273510891,0.25,1,0.08783687451122024
UCKzMS7xpAWba62Mbso53t3A,3.671807399318338,-0.3406122201476679,-0.4067744311307528,0.0,-0.2217127734342647,-0.2478718084569988,1.2594817534766285,-0.7632954703965978,-0.6219351802019131,-0.5978505922601076,0.0,1,0.07570083416980355
UCL1ER-jYd0izRIlPYuQFbMw,0.1510155400766968,0.1077577702902278,0.2180706308367727,0.0,-0.2217127734342647,-0.2478718084569988,-1.3906135138461893,-0.0308478273745221,-0.7437912194971422,-0.5978505922601076,0.25,1,0.08692938461325445
UCL1WcxlDxvedLFkJA2H8fWQ,1.7606130766899264,0.3111770476155492,0.7116589369108466,0.0,-0.2217127734342647,-0.2478718084569988,1.001462515186867,0.6175635313744786,0.5222257071833049,-0.3094234624420706,0.0,1,0.06202980373492317
UCL1sLmduA18r2QqGnWYps2g,2.0625996894670733,-0.3903883008871216,-0.4197421793304073,0.0,-0.2217127734342647,-0.2478718084569988,1.0368533866696454,-1.0641447623349525,-0.963295222981184,3.440129225192412,0.0,1,0.02273026510971715
UCL2krQC--M9cQ15_ckj6uEw,1.41237673434882,-0.2282472860060619,-0.3706693295521178,0.0,-0.2217127734342647,-0.2478718084569988,0.167592668281126,1.8515164780938904,1.6984557226474122,-0.3094234624420706,0.0,1,0.02170904093800763
UCL5Ap6B_5sZWDeo-JbOaC-g,-0.117493077160207,-0.2626348305062948,-0.1828405368273753,0.0,-0.2217127734342647,-0.2478718084569988,-0.2298641793448566,2.042372983312123,0.7470386113882328,-0.5978505922601076,0.0,1,0.08749099650269226
UCL6935wR_nH2qU1HhhBMevA,0.8972559036747865,-0.2914525614607153,-0.2310070104166225,0.0,-0.2217127734342647,-0.2478718084569988,1.0134762016063152,-1.0626533451216789,-1.1363133422457792,-0.5978505922601076,0.0,1,0.11251077922589348
UCL6faS2AxWRHyhe9PST-BGA,2.1687809370641875,0.2556990628904615,0.1072035891416508,0.0,-0.2217127734342647,-0.2478718084569988,0.1272989601503462,1.367728114079512,1.6910533278815054,0.2674307971940035,0.25,-1,-4.666499060945739e-05
UCL9DzZ00vJegnZue-sTdLYQ,-0.2718951779692277,0.5527374394393684,0.8409633413318559,0.0,-0.2217127734342647,-0.2478718084569988,-0.0958031754268853,0.690968951257189,1.837750979348973,-0.4536370273510891,0.25,1,0.04377751907049521
UCLAbDYTF06nFXXtUKvhhh_A,0.1311946538411035,-0.3482404430473675,-0.3876092078515357,0.0,-0.2217127734342647,-0.2478718084569988,1.1049234869765074,0.7870308473614386,-0.1270283515142995,-0.5978505922601076,0.5,1,0.09122960197732644
UCLAdj5BwJOuPbRSAymyZ0gw,-0.2360939042232367,0.0696166557917301,-0.1007556628078894,0.0,-0.2217127734342647,-0.2478718084569988,1.3132629076349456,-1.373713034524806,-1.2147790919480497,-0.5978505922601076,0.25,1,0.06965322149861986
UCLAydouMu612cGgFtZSFB2g,-0.2112794553144916,-0.1363453625001577,-0.2443448561972691,0.0,-0.2217127734342647,-0.2478718084569988,0.2731985284958006,1.5658911022060304,1.1807622896985632,-0.5978505922601076,0.0,1,0.11166064359357486
UCLAzDSXXhkaffpsZgskYBSg,-0.0670734584454284,-0.0956615070350934,0.1362355793125885,0.0,-0.2217127734342647,-0.2478718084569988,-1.412556695014186,0.1387304557710884,-0.2696001270063123,-0.4536370273510891,0.0,1,0.11593612937939524
UCLC2l-SBIcOUEr7fnapodEg,0.0080593056473519,-0.3015024424238115,-0.2938674894894083,0.0,-0.2217127734342647,-0.2478718084569988,-0.1114822886913564,-0.3567251795412255,0.6179551815879246,-0.3094234624420706,0.0,1,0.11351331897594996
UCLCKgdY-CupG8q06lnv_uLw,-0.122336555092382,-0.3043781613740951,-0.2381494438433067,0.0,-0.2217127734342647,-0.2478718084569988,-0.7952143748717307,-1.2323774845121105,-1.02541367955733,-0.165209897533052,0.0,1,0.11642250048808067
UCLDC3YLAhzljtL3tElB_3lg,2.1433019246644376,-0.374656696422253,-0.4272075821880843,0.0,-0.2217127734342647,-0.2478718084569988,0.0168330235348892,-0.1319673943378741,1.0399058802213443,-0.4536370273510891,0.0,1,0.07122880775657314
UCLDKpaAlA0Ap6V4hQP_-8IQ,0.6318611113381091,-0.0144350594919964,-0.2023748799745047,0.0,-0.2217127734342647,-0.2478718084569988,0.6678727649398496,-1.194118341410486,-1.0202827234216163,-0.4536370273510891,0.0,1,0.11207561014982864
UCLEcCbIAoe-08hV4RRHvWLw,0.063083962405264,0.0985756501331821,0.33983987866943,0.0,-0.2217127734342647,-0.2478718084569988,0.7455967767586257,0.0401008054484563,-0.5110721591053502,-0.4536370273510891,0.0,1,0.1221746098452155
UCLEkptekQRH0pLYhQg1TQrQ,-0.2951339892514177,0.2617348621545337,0.3971454240763011,0.0,-0.2217127734342647,-0.2478718084569988,-1.5550633995000538,-0.28882181042245,-0.45828321916567,0.4116443621030221,1.0,-1,-0.024390298536206
UCLEna8M8WAfgWliReqL-sug,0.0479204886774933,0.4286274636902884,0.4964092793878593,0.0,-0.2217127734342647,-0.2478718084569988,-1.397780628755,-0.4008670544744659,0.452173339147119,-0.3094234624420706,0.0,1,0.0873660299616894
UCLFHCsLpHqjpm4ZHkTnXZBA,-0.2022757342142332,-0.4700094826684974,-0.545447335938899,0.0,-0.2217127734342647,-0.2478718084569988,0.9542845708350618,1.002983878797315,0.0570155876469516,-0.4536370273510891,0.25,1,0.10362736218028162
UCLGPv4eWxcoGspJMW-R8fGw,0.0689857182298736,-0.1717419311934726,-0.2077524092843696,0.0,-0.2217127734342647,-0.2478718084569988,0.9493352087191708,1.9424237869122407,0.9100899394347756,1.7095664462841889,0.25,1,0.04681455303743576
UCLGi8FtHW9VDu23UgFSZsdw,-0.2118955117149446,-0.1627616158750432,-0.1851379224562627,0.0,-0.2217127734342647,-0.2478718084569988,0.9845085016217388,0.4628254894059235,0.5982111116465629,-0.4536370273510891,0.0,1,0.13099950910715624
UCLHH7O65atyGeiiAvdeuYgA,-0.2938783706178756,0.1261220106043194,0.4587595957657675,0.0,-0.2217127734342647,-0.2478718084569988,-1.3104740837588456,-0.293396255742025,-0.2415103966094989,-0.4536370273510891,0.0,1,0.1022297339080106
UCLHODIo7vxDr1nws64huSTA,0.6095959635709414,-0.3033186859713591,-0.416851517716746,0.0,-0.2217127734342647,-0.2478718084569988,1.3132629076349456,-1.373713034524806,-1.2147790919480497,-0.5978505922601076,0.25,1,0.07429258750367612
UCLKO63b6ffdn5q84ftPRb7w,-0.063603799160153,0.132125704553157,0.7975506453527373,0.0,-0.2217127734342647,-0.2478718084569988,-0.8542049158967556,0.5144501193466643,0.9934195185993728,-0.165209897533052,0.0,1,0.10129557583023513
UCLMIFbJIUEn4oaMy5Mvy8TQ,-0.1065979731311311,1.211307349780096,2.342985342811396,0.0,-0.2217127734342647,-0.2478718084569988,0.984270483476067,-0.2890585268027277,-0.8238132927318517,-0.5978505922601076,0.0,1,0.022412759374649482
UCLOAAt2Dn6tuY77ckWiKpxA,1.0153274114391015,-0.0380260451262524,-0.2458634468939703,0.0,-0.2217127734342647,-0.2478718084569988,-0.1661084559348904,-0.2952979590287803,-0.394397173750291,0.123217232284985,0.0,1,0.11092217314722369
UCLPrt2I7dVmli5WeJAEu9pw,-0.0619787897548381,-0.4353999528457865,-0.4104521041099729,0.0,-0.2217127734342647,-0.2478718084569988,1.2190588181039843,-0.3997013720928881,0.0915853821506582,-0.4536370273510891,0.25,1,0.11180859044371799
UCLRGB5QAOLLZGF5wM3mrd3g,-0.2159924466456478,0.1204714751230604,0.1167426998089635,0.0,-0.2217127734342647,-0.2478718084569988,0.8286063319261608,1.2302406409614666,0.3825093326131193,-0.3094234624420706,0.0,1,0.11293221138462017
UCLUt8H_RWr6L2qArTCPIAdg,0.4007586594575913,1.2017418004296796,0.978780701654887,0.0,-0.2217127734342647,-0.2478718084569988,0.9062172252614416,-0.6119784948265137,-0.2379262221799347,-0.3094234624420706,0.5,1,0.012992042164160944
UCLVGqFdlqiUZopgnp6DTWkQ,-0.2691035315466329,-0.3863815575458653,-0.4115658542307353,0.0,-0.2217127734342647,-0.2478718084569988,1.0633831941688705,1.47832326146174,0.4251961941181021,-0.5978505922601076,0.0,1,0.10491146810183616
UCLX-iBfkiBa1MtFJkBvxjLg,3.5385319364115624,-0.2261888766521747,-0.4117879825892286,0.0,-0.2217127734342647,-0.2478718084569988,-1.0605943702927705,-1.3737130345248083,-1.2147790919480497,-0.5978505922601076,0.0,1,0.08490631014066657
UCLXIh_LSDBDz5mZ-5EI9fSA,-0.096502361110319,-0.0593366360841432,-0.0895330478456288,0.0,-0.2217127734342647,-0.2478718084569988,-0.5183228297376937,1.094941002543386,1.9774051305188276,-0.3094234624420706,0.25,1,0.07920655432449397
UCLXg9208qefNkM1ptY9MEpA,-0.2717950274736606,-0.3406122201476679,-0.2999565307230704,0.0,-0.2217127734342647,-0.2478718084569988,-1.2602101921331266,-0.6480389359587571,-0.8707034320772671,-0.5978505922601076,0.0,1,0.11875572386612021
UCL_KO4NMP4tjspOMgQIHRxA,2.5609237516977723,-0.4044504289598001,-0.5142958001133368,0.0,0.6913574657089212,2.6421460463867183,1.0571600239882175,1.1689261132635975,0.984408447629415,1.8537800111932077,0.25,-1,-0.04484756093287401
UCL_Pw62I9qIhDhm1eno_whg,1.1428916950973813,-0.1180618441215128,-0.2933934601184811,0.0,-0.2217127734342647,-0.2478718084569988,0.6717233048278436,-1.0335116789188543,-0.7170321399669632,-0.3094234624420706,0.0,1,0.11547390262086688
UCL_TrpYcl3Lbj209zxlFg1A,0.2996444599060489,-0.3174450246745064,-0.3041006508173632,0.0,-0.2217127734342647,-0.2478718084569988,-0.1310584842729051,-0.9905894738118944,-0.9532629769061528,-0.0209963326240335,0.0,1,0.11499949022783362
UCLbajGW4KYIKCUF89LaZOPA,0.539616335401765,-0.4196683483809179,-0.3913691574334054,0.0,0.6913574657089212,0.7154674764909068,0.9678634411700144,-0.0912085354800775,0.521839090703359,0.2674307971940035,0.0,1,0.06814703205901895
UCLcHUhR-yjQgh1hOGq2xAmA,0.3694506039008964,-0.0170248882542401,0.1082403336400809,0.0,-0.2217127734342647,-0.2478718084569988,0.115268094909799,0.4564464344462822,-0.5648014070192291,-0.0209963326240335,0.25,1,0.09996022229253754
UCLcaNshR03MPgXpaKZPQtHw,-0.2955415683882193,-0.2625288829660211,-0.1003599522779837,0.0,-0.2217127734342647,-0.2478718084569988,0.4088960089490819,1.9096260273104604,1.1455644750972995,-0.165209897533052,0.0,1,0.08966415327414257
UCLgDK_z0EeoTdLXEC4_ARaw,-0.101100728572899,-0.3054376367768311,-0.3305601372153779,0.0,-0.2217127734342647,-0.2478718084569988,0.9855634034239869,0.4362803751197959,-0.1556871481687599,-0.4536370273510891,0.25,1,0.1254617485161439
UCLgn78loM1JEeQeA3t1Ok7Q,2.8887766768713274,-0.2380550011628184,0.0593705183116342,0.0,-0.2217127734342647,-0.2478718084569988,-0.9356545135597326,-1.373713034524808,-1.2147790919480497,-0.5978505922601076,0.0,1,0.08946772699779043
UCLhPVbIGHSInWL156c1a_Qg,-0.2884708391045998,-0.3578059923977844,-0.4099857631959743,0.0,-0.2217127734342647,-0.2478718084569988,-1.4602644675175716,-0.1146779310166056,1.886175257795777,-0.3094234624420706,0.25,1,0.05706047483273052
UCLjBBYf8XEYYzUKeB7PfX4Q,6.430761441786163,-0.5227115924456239,-0.5950709265355624,0.0,-0.2217127734342647,-0.2478718084569988,1.3132629076349456,-1.373713034524806,-1.2147790919480497,0.5558579270120406,0.0,-1,-0.032192574943206376
UCLjFChohT8YDwy92945ntFg,0.3364189742267057,-0.2355122601962519,-0.2726908911296594,0.0,-0.2217127734342647,-0.2478718084569988,1.00464149164418,0.3800587607929486,1.4962402973337785,-0.0209963326240335,0.25,1,0.09366220859907848
UCLkLNBPS7TMMYAiNAat8pFQ,0.4358565872725262,-0.3651920494911442,-0.4122012025172595,0.0,-0.2217127734342647,-0.2478718084569988,0.3626100206943627,-0.9623265351910182,-0.8268262106777517,-0.5978505922601076,0.0,1,0.11982095164467294
UCLkWMXPCsuhxaZzTL1RxeFA,-0.2587151383256531,-0.266872732117239,-0.2614901393697834,0.0,-0.2217127734342647,-0.2478718084569988,-1.0605943702927705,-1.3737130345248083,-1.2147790919480497,-0.5978505922601076,0.25,1,0.08181834879519045
UCLlumAMcmoP3o3OXc7pVSqg,0.4623340197919899,-0.3493705501436193,-0.3160169801114955,0.0,-0.2217127734342647,-0.2478718084569988,0.5220834744290829,-1.0858124340505324,-1.098322150030161,0.8442850568300777,0.0,1,0.09677464877452735
UCLm6qNhePyDd8xMR77NW0dQ,0.1879631469165364,0.149289206077481,-0.2281812181339648,0.0,-0.2217127734342647,-0.2478718084569988,1.0262913735060897,0.6093437645306434,0.0215311692215535,-0.5978505922601076,0.25,1,0.11446898852278725
UCLnoRyq-YxUT7n8Z9KjytvA,0.1365539418995079,-0.0626058744697287,-0.1628888875988549,0.0,-0.2217127734342647,-0.2478718084569988,1.1883230509019085,-1.3737130345248083,-1.2147790919480497,-0.5978505922601076,0.0,1,0.10177011011560333
UCLpJqfrTcLpvrEme3Vp8-vQ,5.462611521997673,-0.2552060382706396,-0.1296069032557495,0.0,0.6913574657089212,1.6788067614388125,0.9761106674339534,1.4402510056289757,0.3471275335181003,3.5843427901014304,1.0,-1,-0.15651026465910456
UCLqcZGfLm06xYitWZTeF9Ww,0.1451026148675969,0.2289617563632318,0.3369347095259536,0.0,-0.2217127734342647,-0.2478718084569988,-0.1344797640510389,1.2770589495299554,1.3164750976958377,2.2864207059202637,0.0,1,0.023922534457006872
UCLqhWi2NJ65pHfGhbvmgc1w,-0.2581881779935843,0.0653787541807859,0.0180975604551149,0.0,-0.2217127734342647,-0.2478718084569988,1.034360849060416,0.7701906994813151,-0.2361242249721478,-0.0209963326240335,0.5,1,0.08163386075203549
UCLs-zwOMDNwWaTa8dI4qsjA,-0.0390526676024323,0.9541823011306276,0.3481581336732766,0.0,-0.2217127734342647,-0.2478718084569988,0.3834766714493338,0.6626720813367452,1.5973224849297318,0.2674307971940035,0.5,1,0.019937234084948463
UCLsU3Kbv_qpfnclM-EDMv_Q,-0.0975202951905083,-0.0438985659299894,-0.0394061888292035,0.0,-0.2217127734342647,-0.2478718084569988,-0.95364174770179,-0.9766564041713188,-0.9048316648162232,0.7000714919210592,0.5,1,0.05689120385111557
UCLt7ivYV0_Oe6iOSo-y_UFw,4.868054187622585,7.388472737892355,9.71771892165223,0.0,-0.2217127734342647,-0.2478718084569988,-0.9356545135597326,-1.373713034524808,-1.2147790919480497,-0.3094234624420706,0.0,-1,-0.15334173817881924
UCLtCvtRATucCy5GfFV3NDvA,1.7965093447639646,0.349318162114047,0.2101568272120132,0.0,-0.2217127734342647,-0.2478718084569988,-0.5608349433606193,-1.3737130345248083,-1.2147790919480497,-0.5978505922601076,0.0,1,0.06276451022010399
UCLxf7BbSIQzwlp-4Nzd76zA,0.9019190904489408,-0.073133714261127,-0.1796010436750089,0.0,-0.2217127734342647,-0.2478718084569988,0.2785815149444683,-0.8288905176694075,-0.3614304599540165,1.421139316466152,0.25,1,0.07921584704014784
UCLxmocXutWCN0e3HELNrDJQ,0.785517654217995,-0.3660396298133331,-0.3620049295798982,0.0,-0.2217127734342647,-0.2478718084569988,-1.302360096343877,0.1190858879494138,0.8714530752431954,0.8442850568300777,0.75,-1,-0.01109578981893855
UCLzjELvRi3-FYl8nLIujqjQ,-0.2242696197800444,-0.2712989849108917,-0.2582677476381018,0.0,-0.2217127734342647,-0.2478718084569988,0.2928440423697768,0.6787562015038336,0.4688314855501955,-0.0209963326240335,0.0,1,0.1272103191009738
UCM-1CgVJYCMnDUUof06arkQ,-0.1892660818712084,-0.3240844038649856,-0.395676413324897,0.0,-0.2217127734342647,-0.2478718084569988,-0.9691054206230908,0.7306054143536379,1.6641849109062712,0.123217232284985,0.5,1,0.051948640810405955
UCM-5cLUaC9H7zz2-pSp9wxA,0.1982480493395211,-0.5279274713514014,-0.6003272946293761,0.0,-0.2217127734342647,-0.2478718084569988,-1.295247590384521,1.0569997177364543,0.2249678545768754,-0.165209897533052,0.0,1,0.08319969759591572
UCM-KCKTyhibGDR-Gu8uYwjg,-0.2440025152519288,-0.0370372014170321,0.0594296089518461,0.0,-0.2217127734342647,-0.2478718084569988,-1.5484358957007442,0.905257246339378,1.0449859800733017,2.1422071410112444,0.0,1,0.03360020901124261
UCM0xjvQEw0uaGcJuqV81cww,0.5808211788620985,-0.1648805666805153,0.3306793313118662,0.0,-0.2217127734342647,-0.2478718084569988,0.854083288151373,-1.0172971987421375,-0.8220531769128769,-0.4536370273510891,0.0,1,0.10775083979682071
UCM1e0HvRXcTS-wLT7BxsahQ,-0.2555106223571892,-0.2346646798740631,-0.4197897757420523,0.0,-0.2217127734342647,-0.2478718084569988,0.4421452105043084,0.5744486237479951,-0.5220981416249899,-0.5978505922601076,0.0,1,0.1305863994383547
UCM2IiH-NaaZ0ttd6tdcXCow,-0.2351339584645967,-0.3536437676013214,-0.4062453133729118,0.0,-0.2217127734342647,-0.2478718084569988,0.2123902208197641,2.0491262340338308,2.1052975461367107,-0.165209897533052,0.0,1,0.04338797911797876
UCM2jxaOY97bci7UHdklU4RQ,-0.147111892288667,-0.2965380433938483,-0.3029543379506579,0.0,-0.2217127734342647,-0.2478718084569988,-1.379290675313842,1.549727587152002,0.6964583373528088,-0.5978505922601076,0.0,1,0.0917856445962918
UCM2obt59EEQuYLqnOfWXn5g,2.646295008887074,-0.3584114069136336,-0.3256488795901071,0.0,-0.2217127734342647,-0.2478718084569988,-0.161164846135818,-1.1667200510605324,-1.022931991997982,-0.5978505922601076,0.0,1,0.09777303770482765
UCM3xdIIhq-rUMBXUjmxVL1w,0.8209902233713026,-0.3075565875823032,-0.3793096731812494,0.0,-0.2217127734342647,-0.2478718084569988,0.7092544829996652,-0.2667319137845624,1.7047898446423664,-0.165209897533052,0.0,1,0.07917850918679764
UCM4USSyFycozS4FgCd3ZLLA,-0.1838117719246747,-0.2760750327581464,0.0065003140344984,0.0,0.6913574657089212,0.7154674764909068,-1.4709389346199615,1.007520891912043,-0.4967919995956804,-0.3094234624420706,0.5,1,0.0052703587962235066
UCM4ytcATXD7BknyhC3ej7LQ,-0.2750478967710091,0.2671028708617295,-0.0526511819273586,0.0,-0.2217127734342647,-0.2478718084569988,0.4732055385399223,1.701779531593543,1.7320650489739804,-0.5978505922601076,0.0,1,0.07657124735098014
UCM678nXZtJeqVMGgrT5QEqA,-0.2358252027744539,-0.32450819402608,-0.4303443004079017,0.0,-0.2217127734342647,-0.2478718084569988,-1.1965701640454172,0.3230320655593343,0.0496080072415538,-0.5978505922601076,0.25,1,0.11174382971571484
UCM9wm9xAHHLx2c4TShu6roQ,-0.0601211913063968,-0.1660106737767671,0.041291568547065,0.0,-0.2217127734342647,-0.2478718084569988,0.2722037609630074,0.7870308473614382,-0.1270283515142979,-0.5978505922601076,0.0,1,0.1287422035241128
UCMA3oZvKkdkS_YI7qus98nQ,4.508464805140476,-0.141530559765313,-0.5754322049745214,0.0,-0.2217127734342647,-0.2478718084569988,1.1810432859514437,-1.3022599049465982,-1.0621400681042572,1.132712186648115,0.0,1,0.03003940997318516
UCMCdR-NxEi3UZArlV1iQGCg,-0.0175207533445379,-0.3634968888467666,-0.2946228029097348,0.0,-0.2217127734342647,-0.2478718084569988,-1.5417326750417524,0.8494545328843905,0.6292126222628909,-0.5978505922601076,0.25,1,0.07863323763397645
UCMG4vrEq3fFEvxXr_fMiSRA,1.063159348469279,0.0102860332385113,-0.2188263940635279,0.0,-0.2217127734342647,-0.2478718084569988,-0.1444750803538694,-0.1855024832645966,1.339833187808021,-0.165209897533052,0.0,1,0.08466171307011466
UCMGgC1x6oejPaDx1ku-PcwQ,-0.2785431516790774,-0.0541300712478403,-0.1047983107399376,0.0,-0.2217127734342647,-0.2478718084569988,-1.160338564129329,-0.9586558900250388,-0.9063418259714076,-0.5978505922601076,0.25,1,0.10048329514108195
UCMJkf1_BT83re1Oop0U-iaw,0.0529650482948944,-0.358552670300665,-0.3736749703843722,0.0,-0.2217127734342647,-0.2478718084569988,-0.9184236597649416,-0.8857178951604889,0.3074937084255714,3.007488530465356,0.0,1,0.047509116226044035
UCML8L-NJfdPqt4Ldw1CEoOA,0.2032799310729349,-0.4455002850185368,-0.3496901387368054,0.0,3.430568183138479,3.123815688860671,1.0264401045903746,0.5119609305694143,-0.248184792181741,1.5653528813751705,0.0,-1,-0.019821854189110533
UCMLiDHwjl53Gy6BWoxCqMKQ,0.0989845821058763,-0.3409889225130852,-0.3524069203141678,0.0,-0.2217127734342647,-0.2478718084569988,-0.0586668516997687,1.3644779376043696,0.3996158459960449,-0.0209963326240335,0.0,1,0.10429935221819558
UCMLkTrKuK8a9PwL4x51dG3g,2.5152985863587864,-0.3749121727605014,-0.3714333611692846,0.0,1.6044277048521072,1.1971371189648596,0.2981742195359175,0.0932763107761182,-0.0464015083732693,5.459119133918671,0.25,-1,-0.07778987968040985
UCMOY5KeLaRAt8ulUmJqRSrQ,0.1510342394007971,-0.3229671388948275,-0.3494987730089234,0.0,0.6913574657089212,0.7154674764909068,-1.2955405792901062,-0.454601455949534,1.0648909543398335,0.2674307971940035,0.25,1,0.030606028504982674
UCMOrZFrLv5PmJLK6BdG2F2Q,-0.124600170183777,0.8205728212510415,0.6782290652410028,0.0,-0.2217127734342647,-0.2478718084569988,-1.4592147960575352,-0.9107114520115536,-0.6805882007103994,-0.5978505922601076,0.25,1,0.050177290346246906
UCMQt40_NQZcynX8k5x_MWjQ,-0.2862791615555228,-0.2448356437403291,-0.2454733489963988,0.0,-0.2217127734342647,-0.2478718084569988,0.7204945286289305,0.8632648077223063,-0.0748800260369143,-0.5978505922601076,0.25,1,0.123504523033168
UCMRFUlKSjiL7SNaRevcsNCQ,-0.1348051232180027,2.070612533092548,6.492230622542311,0.0,-0.2217127734342647,-0.2478718084569988,-1.3708737163465765,1.2154669915067762,2.394616654092983,-0.4536370273510891,0.25,-1,-0.11085865661234617
UCMRPv_JDHY9eL82XsqeSs3g,0.429208815159012,-0.2422929027737626,-0.2618731494844922,0.0,-0.2217127734342647,-0.2478718084569988,-1.1230642986592891,1.4135042547347727,1.516449410473945,-0.5978505922601076,0.25,1,0.07547972821193843
UCMSobC7lyIxCukAx-4viKTw,-0.2322437964055065,-0.2461070142236124,-0.2150247967895961,0.0,-0.2217127734342647,-0.2478718084569988,0.2512741254041252,1.3270789124321505,2.2943910938990366,-0.4536370273510891,0.25,1,0.05221650765656549
UCMU6ZtfiqOJJ88gWdSX4iDg,-0.2543145355152749,-0.245683224062518,-0.3214791094780362,0.0,-0.2217127734342647,-0.2478718084569988,1.148901746230127,2.0924049905106763,0.8672051592580732,2.2864207059202637,0.0,1,0.017190406340898634
UCMU91wEB_tzUT7E-79u8pgA,-0.2634328003430739,0.4319572435274588,0.3817156734765204,0.0,-0.2217127734342647,-0.2478718084569988,-1.0716303073123794,0.983899003492314,0.689512175017219,-0.4536370273510891,0.0,1,0.09149824808100665
UCMUaVI67Zarw-K-cxfc-5Hg,3.034395731474023,0.2509988447401417,0.906086216700536,0.0,-0.2217127734342647,-0.2478718084569988,-0.9356545135597326,-1.373713034524808,-1.2147790919480497,-0.5978505922601076,0.0,1,0.03794307174102013
UCMUxNxR6ZmPh6kSUk9wHtFQ,-0.1160611616232431,0.1374230815668372,-0.143157552458459,0.0,-0.2217127734342647,-0.2478718084569988,0.8693045637914902,-0.0458613584177222,0.5435158282931509,-0.3094234624420706,0.25,1,0.1119301329747201
UCMVUntv8DALJMDCgsElhndg,-0.2488005101259604,-0.0795574809135055,-0.4526845738618546,0.0,-0.2217127734342647,-0.2478718084569988,-1.4584384909823485,-0.4423565897073496,-0.9684106319295334,-0.5978505922601076,0.25,1,0.09471496451316941
UCMVdVnDIK6U9BRL_1aCSwuA,2.269392023603727,-0.1380405231445354,-0.3706569172853838,0.0,-0.2217127734342647,-0.2478718084569988,0.6110247534352408,0.3473303730847104,-0.3965499526654297,-0.165209897533052,0.25,1,0.08595918122895069
UCMWAKDQiH3mE4gHJF1ZgNZg,-0.3001575834396721,0.0001150693722452,0.015082950178195,0.0,-0.2217127734342647,-0.2478718084569988,-0.9963963649473055,0.3746070886469853,-0.6093321465697337,-0.5978505922601076,0.25,1,0.10220386596690983
UCMWZt0fx1rg-v1SE4yeCryQ,-0.2882510476366967,-0.3660396298133331,-0.3763322668211326,0.0,-0.2217127734342647,-0.2478718084569988,0.9591169476926228,0.8086821870059665,0.1548955839508874,-0.5978505922601076,0.0,1,0.12331221319925739
UCMX0YCcUgTaPa8lq9htHdGg,1.6876235567518627,-0.0541300712478403,-0.1079164584381334,0.0,-0.2217127734342647,-0.2478718084569988,-0.2675701219963203,-0.9343708750479552,-0.4701550207994087,0.123217232284985,0.0,1,0.09435437804223001
UCMXJ1E1iuvkGEQxBDkYRDzg,2.6643257526454485,-0.2583969288953506,-0.3829235318291432,0.0,-0.2217127734342647,-0.2478718084569988,-1.0605943702927705,-1.3737130345248083,-1.2147790919480497,-0.5978505922601076,0.0,1,0.09425588572380761
UCMY6SbDXkB0mq9b7vuT6LTQ,0.1164220055312629,-0.1694009950655225,-0.2437567652020877,0.0,-0.2217127734342647,-0.2478718084569988,1.0882337211945587,-1.1667200510605331,-1.022931991997981,-0.5978505922601076,0.0,1,0.11720974952720042
UCMYIWB7GC_LYwq11Ai5o8jg,-0.2965507024140935,0.0293565904877602,0.1425022691341491,0.0,-0.2217127734342647,-0.2478718084569988,0.2947906890498933,0.5380803761822751,0.2079135054954586,-0.4536370273510891,0.0,1,0.12691974768716058
UCMYngNZP8uJhMJtdTlQiTrA,1.95114153870528,-0.3547789198185385,-0.4999474760963437,0.0,-0.2217127734342647,-0.2478718084569988,0.9653352516134688,-0.2824608764509119,0.5624398540796913,-0.3094234624420706,0.0,1,0.08886084192274757
UCMZNBr8C0TLvHhHMw6m5RPQ,-0.2832025051632124,-0.2657829859887105,-0.377110779255681,0.0,0.6913574657089212,0.7154674764909068,0.7559315091274085,1.0837794603941953,2.1581568911385207,-0.3094234624420706,0.0,1,0.03372374167150727
UCMbD_E_1AT3ptdQ809cSqoA,-0.2964455209259927,-0.432574685105157,-0.3874832749390685,0.0,-0.2217127734342647,-0.2478718084569988,0.0127364368926598,1.0717103715472942,0.3847435570527296,-0.165209897533052,0.0,1,0.10208982468994421
UCMbquPz0eKVjKKaSMkPr4Zg,-0.285460356385204,0.1552222683328028,0.2328279592212279,0.0,-0.2217127734342647,-0.2478718084569988,-0.6135865053762631,1.812502104544484,1.1954058898948807,-0.5978505922601076,0.0,1,0.07759464547999417
UCMdP47I4KgNQ2U-bbHdX1cg,0.3406898439348645,-0.3319245218452323,-0.5438482661885287,0.0,-0.2217127734342647,-0.2478718084569988,-1.1238063536919658,-0.4795643465846175,0.5452296155562087,-0.165209897533052,0.25,1,0.09526631593658808
UCMdxF12nhZUs8y1Xlf9JXqQ,3.39694250266134,-0.4236750917221742,-0.3679717773844178,0.0,-0.2217127734342647,-0.2478718084569988,-1.3104740837588456,-1.373713034524808,-1.2147790919480497,-0.5978505922601076,0.0,1,0.07642995733614444
UCMe_4S5x94XtmKxj2L_CS-A,0.9444982966371344,-0.2591234263143696,-0.2980192077333754,0.0,-0.2217127734342647,-0.2478718084569988,0.8755465885557755,1.7286557662608917,0.9012188588363254,0.7000714919210592,0.0,1,0.06563231107370804
UCMgH0CiOhHEUAO2THBFMECw,-0.1549731715834612,0.1949374605725085,0.4918398728844112,0.0,-0.2217127734342647,-0.2478718084569988,0.3045378114935383,1.8740604645343688,1.9250432573115008,-0.3094234624420706,0.0,1,0.05061996111502104
UCMgIMWSzAr1_4BptPaMdLqQ,-0.2406791821652957,-0.2838243385610158,-0.4543017687313901,0.0,-0.2217127734342647,-0.2478718084569988,-0.8731845851932137,1.9320563085505087,0.8984214076245829,-0.5978505922601076,0.25,1,0.0709259823372943
UCMgxlaKqhDiA2LM05KyvZ2Q,3.3631019766156465,-0.3957049410899425,-0.4617477910617681,0.0,-0.2217127734342647,-0.2478718084569988,-1.1855342270258078,-1.3737130345248083,-1.2147790919480497,-0.5978505922601076,0.0,1,0.08253193672394837
UCMhwhHNMcIN_agMNjhtURQg,0.1323500271301741,-0.4847008749197706,-0.5670784869078748,0.0,-0.2217127734342647,-0.2478718084569988,0.1636085341411277,-0.4401038362093029,-0.659866655532368,-0.5978505922601076,0.0,1,0.11237106377837097
UCMi3o_s3DkCY0VoThHuufoA,-0.1989550442622596,-0.2024566276308872,-0.1943558905138883,0.0,-0.2217127734342647,-0.2478718084569988,0.8643612476285151,-0.3079363728786087,0.0122899181930158,-0.5978505922601076,0.0,1,0.13323231598059432
UCMjhKYSfaM8uUxRQbdHSHsg,-0.2700461283269005,-0.3420652149857059,-0.3542084721044786,0.0,-0.2217127734342647,-0.2478718084569988,-1.3653374700257217,0.5414705343456604,0.4808763037531565,-0.3094234624420706,0.0,1,0.11246111660363967
UCMjkExwd9qR-E54XsxZmWFQ,-0.2700349089439373,-0.2160179127859086,-0.205539795277434,0.0,-0.2217127734342647,-0.2478718084569988,-1.0605943702927705,-1.3737130345248083,-1.2147790919480497,-0.5978505922601076,0.0,1,0.09717011932402914
UCMlKsztqDZx2S-Hqwjg_ohw,-0.0214787669110867,-0.034635723837497,-0.2834749063864749,0.0,2.517497943995293,1.6788067614388125,1.0345566359647176,0.2168516003894669,1.347012330956153,0.123217232284985,0.25,-1,-0.003025652719219396
UCMoc4RbV0-QfMg0_TUl3y9Q,0.4842510486491108,-0.4071472754394918,-0.4486709787380327,0.0,-0.2217127734342647,-0.2478718084569988,-0.8296542198508234,-0.5847383660859374,-0.7704477483689296,-0.4536370273510891,0.0,1,0.12343188021472995
UCMohUwkYIMKOxGjMA9mreFw,1.6665746018422396,-0.4482549210656505,-0.4908707999480634,0.0,-0.2217127734342647,-0.2478718084569988,0.740098643516031,0.7766602854503557,0.0188874518006987,-0.5978505922601076,0.25,1,0.08154146535215145
UCMq5wUMWEA5ZComYJg-XWlA,-0.1220685814780188,-0.4106788601152787,-0.3857722568839116,0.0,-0.2217127734342647,-0.2478718084569988,-1.0605943702927705,-0.077332899985468,2.275056675766537,-0.4536370273510891,0.0,1,0.06494002575477165
UCMqUU_y-tZUzQi43pr1fH6Q,-0.259878998284308,-0.3302871507682767,-0.3310373270055817,0.0,-0.2217127734342647,-0.2478718084569988,0.5087603809698436,0.3538522728743031,0.0688745686422035,0.2674307971940035,0.25,1,0.11969947553060606
UCMr_8ULu56JMFUR983cEieQ,1.2581648122912656,-0.2079658997251146,0.0202395907946398,0.0,0.6913574657089212,0.7154674764909068,0.0358227997865983,-0.0883779235914898,1.519597389560003,-0.4536370273510891,0.0,1,0.024993343239337495
UCMs2aCr-xMCuJzUnYBT5Cxg,-0.2209204225319051,-0.0419814199631336,0.0243536341072106,0.0,-0.2217127734342647,-0.2478718084569988,0.5636237672367195,1.7592056239452627,1.4664455754765744,-0.4536370273510891,0.0,1,0.09916205410524304
UCMt30rzhJLXqzVGZzby-4wQ,0.1380773406917345,-0.2833400069483364,-0.4736269513305368,0.0,-0.2217127734342647,-0.2478718084569988,1.0811067163921124,-1.2154359321644748,-1.0219211620241218,-0.3094234624420706,0.0,1,0.11479689321210867
UCMt6_IDmq7bx-tdq4fT73rQ,1.2534089212436856,-0.255854187928784,-0.3267626371421514,0.0,-0.2217127734342647,-0.2478718084569988,-1.4602644675175716,-1.166720051060533,-1.0229319919979818,-0.5978505922601076,0.25,1,0.08496849815830404
UCMuu5BumdEb9pldKjzQCLvg,-0.2612081756777661,-0.155839709910501,-0.0883787494056518,0.0,-0.2217127734342647,-0.2478718084569988,0.5250680217980646,0.7405007512310076,0.3492562489872309,-0.5978505922601076,0.5,1,0.08727418899545858
UCMvPNLVVT3Bc5T5k4t8fZ1g,0.4250449428018327,-0.1485237534452921,-0.008763978784595,0.0,-0.2217127734342647,-0.2478718084569988,-1.3964405327241127,-0.2244357926536243,-0.2780120884693811,1.421139316466152,0.25,1,0.076293271933632
UCMvgnuYTIg2AvHJuQiaJWGw,-0.2722144970705722,0.1854526331575381,-0.0520515474440179,0.0,-0.2217127734342647,-0.2478718084569988,0.2133206796417232,0.1387304557710884,0.4094808434760136,-0.4536370273510891,0.0,1,0.1202173292794872
UCMx53_rtRk9ea0hZLh0cS7Q,1.0718507401690949,0.0583155848292123,1.1313762212931164,0.0,-0.2217127734342647,-0.2478718084569988,-1.5396629381950129,-1.194118341410486,-1.0293340808139717,0.4116443621030221,0.0,1,0.04541822700018938
UCMxgQFNb99YYZnW96nETJFA,-0.2521511696005796,-0.273300216227171,-0.3219006604078999,0.0,-0.2217127734342647,-0.2478718084569988,-0.5389105402689438,2.2643055360786195,1.6718266035832403,0.4116443621030221,0.5,1,0.0038678979494335963
UCMxv92zAEm4ud0XO-uhs28w,1.8023938674351991,-0.1188287025082551,-0.1536227541478899,0.0,0.6913574657089212,0.7154674764909068,0.9165139855080758,0.507185793927783,-0.6309783407222957,0.8442850568300777,0.0,1,0.04285547414194946
UCMzUyEMJEvHvgmf5hpoBPQw,1.7201913237256472,0.0427766122557501,-0.049845587271868,0.0,-0.2217127734342647,-0.2478718084569988,1.0633831941688707,-1.2296707973537706,-0.9006579712454474,-0.0209963326240335,0.0,1,0.09235402521438302
UCMzcnTMWhEshylJI3yjLwfA,-0.1913530223481309,-0.2362185771314093,-0.3073371366021711,0.0,-0.2217127734342647,-0.2478718084569988,-1.538691249887746,-0.7960927591164815,-0.5721571538418362,-0.4536370273510891,0.0,1,0.10411491397173461
UCN-cEdQkMszwEfbU6UkSl9w,5.308761019273823,-0.512516920038877,-0.5499249310837934,0.0,-0.2217127734342647,-0.2478718084569988,-1.3104740837588456,-1.373713034524808,-1.2147790919480497,0.2674307971940035,0.0,1,0.0186589247811485
UCN2atYDqj7l_a2jjbBlxJLg,0.6802348477395225,-0.2599979139483739,-0.2657187489630849,0.0,-0.2217127734342647,-0.2478718084569988,-1.5224439003241137,0.8807946615644368,0.8188533351382933,-0.0209963326240335,0.0,1,0.0777436217968212
UCN6LhhVRj4HqqyCsVdUdKfg,0.4879363783368359,-0.1329550412114024,-0.3367938285453541,0.0,-0.2217127734342647,-0.2478718084569988,-1.2852784208623664,-0.958655890025039,-0.9063418259714076,-0.5978505922601076,0.0,1,0.11746864421613507
UCN6rzZOB6vJu8NkHFVakA3g,-0.2984304329098444,1.143622006908159,1.1689225446697449,0.0,0.6913574657089212,1.6788067614388125,0.9740149882769248,-1.1094245925500794,-1.065111357187107,-0.3094234624420706,0.0,-1,-0.045945348565129995
UCNASD8o9gbXmLprttmvG3yA,4.015563548366522,-0.2668470478650514,-0.3694571982559635,0.0,-0.2217127734342647,-0.2478718084569988,-0.2580036138798037,-1.05709999539677,-1.1603041003002814,3.440129225192412,0.0,1,0.010687644487395953
UCNCCdmeoEoLf8yHUK54wtLQ,-0.2886308194692097,-0.0419814199631336,0.0831484985795593,0.0,-0.2217127734342647,-0.2478718084569988,1.2894620520692943,-0.1442048322240509,0.0292585304386783,-0.4536370273510891,0.25,1,0.10614155665972747
UCNDc2ZtP60SCVFo74NRQ68Q,-0.2656542248242785,1.0562001508195389,1.393882849085989,0.0,-0.2217127734342647,-0.2478718084569988,0.5359594748115831,-0.7542275296532407,-0.6822537835254588,-0.5978505922601076,0.0,1,0.0467822242614927
UCNIb7iUMK5z7pgsNi_itedw,-0.2600524344266676,0.0773861420784611,-0.1804733355441666,0.0,-0.2217127734342647,-0.2478718084569988,-0.0478015698527893,1.219047234553872,0.460183157064129,-0.4536370273510891,0.0,1,0.11343213225264848
UCNJmQsnr8QL3qtPRYTUf76g,-0.2248593720873348,-0.3829912362571099,-0.5413351161294594,0.0,-0.2217127734342647,-0.2478718084569988,-1.3567614476767478,1.3006573243072228,0.2892057504423644,-0.5978505922601076,0.25,1,0.08638939070060475
UCNKtaPsZEcCoF1pZuX-6M_g,0.3437815103584233,-0.1950167559138962,-0.3438874455080712,0.0,-0.2217127734342647,-0.2478718084569988,1.408451290384569,-0.3482672471232848,-0.0861774671394434,-0.0209963326240335,0.0,1,0.11326915587101472
UCNMJBrUazekd7kif0zWgGbg,-0.2046222980135535,1.313016988442757,0.3717943697455457,0.0,-0.2217127734342647,-0.2478718084569988,-1.0790951570065006,-0.394198361512931,-0.1647000198878613,-0.5978505922601076,0.0,1,0.07402860442805992
UCNRXyB_8cro_Y7s8Uvd11cw,0.0141135701265811,-0.4414742784881398,-0.4199999024853658,0.0,-0.2217127734342647,-0.2478718084569988,0.8042972384256893,1.617513702710831,1.136540965188655,-0.5978505922601076,0.5,1,0.05780591239692284
UCNStoqqT7LKJDQ6vh-D6S8A,-0.2979186984564594,-0.278833032219237,-0.2493357207370667,0.0,-0.2217127734342647,-0.2478718084569988,1.313262907634946,0.930962760211796,0.7125801227431096,1.2769257515571333,0.5,1,0.03506137557512723
UCNT-1gDY4IwtQ25JCXg31LQ,0.1935404078931175,-0.2034925591357846,-0.4238896602472549,0.0,-0.2217127734342647,-0.2478718084569988,0.852493637401461,0.9805081470917572,0.3384568795420709,-0.0209963326240335,0.5,1,0.08820272216311104
UCNTp0NfNznrIAL2PMWMOwIA,-0.1093923892342492,-0.245400697288455,-0.1764386338761546,0.0,-0.2217127734342647,-0.2478718084569988,1.1258531225353896,-1.0496180008899734,-1.2147790919480497,-0.4536370273510891,0.0,1,0.103479374579102
UCNWjHyfqVi0II7Hj1vCs_nQ,-0.0893284339344206,-0.0020038814332268,0.0909520848747255,0.0,-0.2217127734342647,-0.2478718084569988,1.4273142982959182,0.0636030223027879,-0.0870037236028625,0.123217232284985,0.0,1,0.10452817538552067
UCNWkn1DIu-IdJ1AdwSpehLQ,1.967278443850104,-0.0705600898010394,-0.3051341884164809,0.0,-0.2217127734342647,-0.2478718084569988,1.3807198384053507,-0.7145240080070554,0.1533253811185282,2.430634270829282,0.5,-1,-0.002372411741183522
UCNZ3HreDsv3_AgP9Mitwnnw,-0.2809354041754912,-0.3255676694288161,-0.2022435744507848,0.0,-0.2217127734342647,-0.2478718084569988,-0.5487594140922079,1.963923072206406,0.8695836990066359,-0.165209897533052,0.0,1,0.07191250182940329
UCNZ7472fqApbBviqvWEjOxQ,-0.2580352971350774,0.0341242298000724,-0.1661530602874954,0.0,-0.2217127734342647,-0.2478718084569988,0.4137911718902604,1.1057374900349886,1.36559854292013,-0.165209897533052,0.0,1,0.11109317397249541
UCNZNPJTYmnT_cMTE9824nZw,-0.187899645132907,-0.2261888766521747,-0.1740476888379676,0.0,-0.2217127734342647,-0.2478718084569988,1.240015026809944,1.6839635211816797,1.5411464017237244,-0.5978505922601076,0.25,1,0.07465178972682102
UCN_W8danXa80CyLkWKZBCRw,1.1873486745947142,-0.1991873892453017,0.0117499164289803,0.0,-0.2217127734342647,-0.2478718084569988,-1.3410410511235415,-0.3344544111784604,0.7466611968429969,-0.3094234624420706,0.0,1,0.08908265187073633
UCN_cD3fKU1hJ6f6a8_49_pQ,-0.1531946594938786,0.1115718817400776,-0.0460008807921027,0.0,-0.2217127734342647,-0.2478718084569988,-0.919842030741624,-0.6607039605281714,-0.5952556625433751,0.123217232284985,0.25,1,0.10267256631610233
UCN_ki28vlXdUbpBqr8KYRLA,-0.0304916613105263,0.3784537356892883,1.1250014928598584,0.0,-0.2217127734342647,-0.2478718084569988,1.0001712107696747,-0.4795643465846168,0.5452296155562077,-0.165209897533052,0.0,1,0.07721341725552339
UCNauCZB1B_hzrXgtV8EH86Q,-0.2901069494096137,-0.3004934182307296,-0.1498556744056146,0.0,-0.2217127734342647,-0.2478718084569988,-0.6401329251629453,1.189945826954533,1.239877621889064,-0.4536370273510891,0.0,1,0.10022303353786266
UCNbYCngSJqfAhQ7stfUKqkQ,-0.1972866647437717,-0.0397212057706301,0.2557565205906855,0.0,-0.2217127734342647,-0.2478718084569988,1.1366310749938724,1.6839635211816788,1.2583832372287431,-0.5978505922601076,0.0,1,0.0848587345128829
UCNd-tBDNq7m8iBA3eTV1Uxg,4.343981919669884,-0.555171124564614,-0.5953568158878542,0.0,-0.2217127734342647,-0.2478718084569988,-1.560353797224921,-1.3737130345248083,-1.2147790919480497,-0.3094234624420706,0.0,1,0.015286408401099238
UCNdTyTFYcy061xWT8sxdZjA,0.4954778413779765,0.2398390371646552,-0.0922220840940416,0.0,-0.2217127734342647,-0.2478718084569988,-1.413340524162795,-0.1471921601118598,0.1608011156229381,-0.4536370273510891,0.0,1,0.10473029968035696
UCNdjO23xxDPtLEAIluSuDIw,-0.2613265405282395,-0.2167444102049276,-0.218211677764491,0.0,-0.2217127734342647,-0.2478718084569988,1.1340901679034672,0.0798795126558018,0.4434432940115971,-0.3094234624420706,0.0,1,0.12798271870345418
UCNhaLlMCpSlI99xl5D5zT8Q,2.255859050635425,-0.2312743585853077,-0.2910987341245263,0.0,-0.2217127734342647,-0.2478718084569988,-0.8347073640222386,0.1072583870913415,1.1376148930620786,-0.5978505922601076,0.25,1,0.061483819593234956
UCNi2SscoEJI1XtBWo-3vbRA,0.6858116821708526,-0.1795719589317885,-0.2901515911813391,0.0,-0.2217127734342647,-0.2478718084569988,1.305189958106311,0.5624806478373907,0.4663936377536378,-0.5978505922601076,0.0,1,0.11201778362825426
UCNiwLeKNdIisbd74yA5MitA,3.203968554488463,-0.0266086396097087,-0.3475716288210522,0.0,4.343638422281664,5.532163901230436,0.419361730309442,0.6617899960104979,-0.2542456901232355,6.0359733935547455,0.0,-1,-0.14454174223033278
UCNkvaxO8PxehbRmmbHQGFTg,-0.2235238779487018,-0.2439880634181403,-0.032958689589092,0.0,-0.2217127734342647,-0.2478718084569988,1.281332002975773,0.8632648077223063,-0.0748800260369145,-0.5978505922601076,0.0,1,0.12169125110356044
UCNma11iqW58LQ9E4qaBkntw,0.0199404828116829,-0.3993777891527608,-0.5569868948615546,0.0,-0.2217127734342647,-0.2478718084569988,0.8135034807027949,-1.373713034524806,-1.2147790919480497,-0.4536370273510891,0.25,1,0.06635832109756906
UCNml2Rf4TQq61kmTnseivig,0.0871095780017769,-0.4534614859019534,-0.4781623871875726,0.0,1.6044277048521072,2.160476403912765,-1.1894361624412026,-0.3985360327312096,-0.2217208346948135,0.7000714919210592,0.25,1,0.0029778760754626266
UCNpMK6H4t-gI3MkzR68FtOg,-0.2699861762989564,-0.4236750917221742,-0.3218037069002754,0.0,-0.2217127734342647,-0.2478718084569988,0.8135034807027949,-1.373713034524806,-1.2147790919480497,-0.5978505922601076,0.0,1,0.0923995110388024
UCNpP4A5GxQrl-jTQgwlw7tQ,-0.2622227173848697,-0.5109758649076246,-0.5925901302910497,0.0,-0.2217127734342647,-0.2478718084569988,1.2313121232720727,1.0448036157469276,1.185779332346271,-0.5978505922601076,0.0,1,0.0832051102494234
UCNq7lnAS8kHAVRNsx_su7tA,1.2633856287199616,-0.2684374957889722,-0.0715747931198316,0.0,4.343638422281664,2.6421460463867183,1.4219550900680384,-0.7811971784968929,-0.8183063907202645,4.305410614646523,0.0,-1,-0.09157257580323874
UCNscPzLD1jN_0NhRnHqTvlQ,-0.2652457679948767,-0.388076718190243,-0.4172325685474089,0.0,-0.2217127734342647,-0.2478718084569988,1.2228446789381486,1.701779531593543,1.7320650489739804,-0.5978505922601076,0.25,1,0.060373441034617115
UCNt6PhWZYrrKRfHDj14521Q,3.4404535408663564,-0.3190342377786105,-0.2702460641455174,0.0,1.6044277048521072,1.1971371189648596,-1.0760946522477342,-1.2323774845121098,-1.0338341750825004,2.1422071410112444,0.0,-1,-0.024498792106278366
UCNtc35PKUsHLdu_lsnlsyZA,-0.2294764418182986,0.1155272565769589,-0.113628838541517,0.0,-0.2217127734342647,-0.2478718084569988,0.8851796513464197,-0.277475542750097,0.1396906171048709,-0.4536370273510891,0.0,1,0.1293508244742531
UCNthl3PYE3ZlVB4X_e64pjA,-0.2815342537888855,0.7508593397510095,0.7772139231325905,0.0,-0.2217127734342647,-0.2478718084569988,-0.9214103710754412,1.2005725221672157,1.4912443944938318,-0.165209897533052,0.25,1,0.036348730090635495
UCNuAznZGQMkS-uE-opwntUA,5.507977745070171,0.2212031364908878,-0.1492126900246774,0.0,-0.2217127734342647,-0.2478718084569988,0.6885636239697576,-1.3737130345248083,-1.2147790919480497,0.5558579270120406,0.0,1,0.02117181770664517
UCNxI_HDUisdTY7XEPB4tnwQ,4.7898690166353735,-0.2000015673873057,-0.3539591103180246,0.0,-0.2217127734342647,-0.2478718084569988,0.6541445066750755,-1.0824669244036595,-1.0273532387808062,2.8632749655563376,0.0,1,0.0003553009893779713
UCNxlK7dJBpQkXTxsXUlL5cw,-0.1061323080038418,-0.3642385216286818,-0.3747410719977732,0.0,-0.2217127734342647,-0.2478718084569988,0.6637978046719202,2.321258481048848,1.1133565732175486,-0.165209897533052,0.25,1,0.061448308766197335
UCNy35ptog4P0UO1rGmQMLVA,1.1899506755877205,1.175179238546797,2.1094827253054667,0.0,-0.2217127734342647,-0.2478718084569988,0.3762139821371629,-1.0496180008899734,-1.214779091948047,-0.165209897533052,0.25,-1,-0.020073578473066234
UCNzibLvHdIudTgwVxo0SxIg,1.0277255108830563,-0.3143372301598139,-0.3267242488909742,0.0,2.517497943995293,1.6788067614388125,0.3868795044742792,-0.908913405767176,-0.7974679648787767,1.5653528813751705,0.0,1,0.008304412010186668
UCO0FkOCxGlWgsD2BaDzL1jQ,-0.0998294318901414,-0.1168510150898144,-0.2166804345704449,0.0,-0.2217127734342647,-0.2478718084569988,0.313744053770644,1.7375992883696083,1.273386522219049,-0.5978505922601076,0.0,1,0.10019010964628605
UCO0NO0k1C5LzmhXxx-Wm_WA,-0.0875291851611986,-0.3909019859308724,-0.5174115859438476,0.0,-0.2217127734342647,-0.2478718084569988,1.3132629076349456,-1.373713034524806,-1.2147790919480497,-0.4536370273510891,0.25,1,0.056143180767183276
UCO1ZOk2VbyceXfOHIDa1LQg,-0.221907961225825,0.0520596348321041,-0.045483609889949,0.0,-0.2217127734342647,-0.2478718084569988,-0.8107146568266947,-1.3737130345248083,-1.2147790919480497,-0.3094234624420706,0.0,1,0.09348790861175849
UCO25VJKh1rJ097G4oeYVcBg,2.7814004285746385,0.0380678326880343,0.152481374814285,0.0,-0.2217127734342647,-0.2478718084569988,-1.3104740837588456,-1.373713034524808,-1.2147790919480497,-0.0209963326240335,0.0,1,0.07498729143336752
UCO2RdNSI57z2f-QZpheo7jw,-0.2989237298435223,-0.0176841173937202,-0.1885191909417126,0.0,-0.2217127734342647,-0.2478718084569988,0.7904789302123298,-0.4423565897073496,-0.9684106319295356,-0.5978505922601076,0.0,1,0.12270591761839
UCO34J0tfaisSaxDS_odnrwA,0.1758828394634803,-0.2091635675716858,-0.1093873481260778,0.0,-0.2217127734342647,-0.2478718084569988,-0.1485008666457357,1.9489876408265625,1.962624559044291,1.997993576102226,0.5,-1,-0.029904422046558188
UCO8791kVrVRd22l8eb7LAFw,-0.2865643900919885,-0.0030330861101703,-0.0389881144801809,0.0,-0.2217127734342647,-0.2478718084569988,0.9721143891273732,0.8236977704609358,0.1223049584053918,-0.3094234624420706,0.25,1,0.1158725184329426
UCO90TjJi5T1SvGfH1WCAvjA,-0.1254594381471219,0.8960074699258482,1.4416441113100134,0.0,-0.2217127734342647,-0.2478718084569988,-0.3953495613527378,0.3991489811206241,0.5491801280612035,-0.5978505922601076,0.0,1,0.07256251932494073
UCOB2TfE-J1QyQW40N1n4kqQ,-0.2894090389969505,0.4705221481870509,0.55564407067216,0.0,-0.2217127734342647,-0.2478718084569988,-1.5086618213168856,-0.542249186613276,-0.6005630163016897,-0.5978505922601076,0.0,1,0.08212081728487813
UCOBNkglJN0RPvIjXWmzY9xg,-0.0385927441919392,-0.3075565875823032,-0.3304048457370573,0.0,-0.2217127734342647,-0.2478718084569988,0.0339992561555041,0.8433053488261394,0.3648439033001704,-0.4536370273510891,0.0,1,0.1250734016726182
UCOBRw0YHPSxv3m-QHRfedew,0.0967866030663178,0.0496379767687074,-0.3263468318674738,0.0,-0.2217127734342647,-0.2478718084569988,-1.1140897577653892,-1.0562694392218024,-1.1600766669534597,-0.3094234624420706,0.0,1,0.10819975398108617
UCOBue1PH-JNU-lVaZmg9M1A,-0.2353258670794649,-0.4092662262449639,-0.3487693773661612,0.0,-0.2217127734342647,-0.2478718084569988,0.6393799193504766,-0.6404676730803764,-0.3731513624127611,0.4116443621030221,0.0,1,0.11858592560456244
UCOEYfejyDmEUT33-HJx63ug,0.6858770107636489,-0.5060316463615231,-0.5318875190037446,0.0,-0.2217127734342647,-0.2478718084569988,0.7291434314183354,-1.0172971987421375,-0.8220531769128772,-0.4536370273510891,0.0,1,0.09709334437423867
UCOFlYbL1XlJuUgUg8BOITaQ,-0.2938670979636016,0.3430690529589259,0.6268122561363995,0.0,2.517497943995293,4.56882461628253,0.9091660917635532,1.0963124061670455,1.2848262414503715,7.189681912826893,0.0,-1,-0.13915152250854268
UCOGS7MVA2Nh359RS2ZkDr9w,-0.2830107741275257,0.6459712748801407,2.4556208217516264,0.0,-0.2217127734342647,-0.2478718084569988,0.5011538388702006,1.2838662412808386,0.8375094232491389,-0.5978505922601076,0.0,1,0.04702784918730174
UCOH7P4vi19uqPXT4t5Bl68Q,-0.0335397314954241,-0.0398624691576615,-0.1374505444558267,0.0,-0.2217127734342647,-0.2478718084569988,1.279915904263609,1.6511739460669854,0.3936493915091602,-0.4536370273510891,0.5,1,0.0682765947019579
UCOHBX-VEGAjsP1amx8S9ZYg,-0.299891905166306,1.422354850005117,1.7239723336394697,0.0,-0.2217127734342647,-0.2478718084569988,0.912178243494887,-0.6982702178866109,-0.5607994821238809,-0.5978505922601076,0.0,1,0.010818282114717859
UCOHhIeXoMQU62_gVqQ9s2nA,1.2644496706602262,-0.2277427739095209,-0.406417360230779,0.0,-0.2217127734342647,-0.2478718084569988,1.268625827731357,-0.293396255742025,-0.6942099056598225,-0.4536370273510891,0.0,1,0.10868589106552934
UCOHl1cyutua5NuXsNtGXJXQ,-0.1195877013625632,-0.2448356437403291,-0.4223500896975346,0.0,-0.2217127734342647,-0.2478718084569988,-1.3897720655611718,0.7827750320247063,2.028223996533613,-0.5978505922601076,0.25,1,0.07026296935224285
UCOIwaSMx6CbtVsp_ufHb0fQ,-0.2571408317395314,-0.117321893046586,-0.3379008140339296,0.0,-0.2217127734342647,-0.2478718084569988,-1.40852871812611,-1.1211855879751076,-0.8420655001310104,-0.0209963326240335,0.25,1,0.08671294718260802
UCOJOBZNJLZCIW1FEaySuaAA,0.5788284400909065,-0.3892875472219412,-0.4245835194323475,0.0,-0.2217127734342647,-0.2478718084569988,-0.2581654991860537,-0.978542717318194,-0.9079934838539804,-0.3094234624420706,0.0,1,0.11073691961698695
UCOKIPfw_xp5YeR_LUMDnHMA,-0.2685182149798724,-0.051652528767596,-0.3777123084378291,0.0,-0.2217127734342647,-0.2478718084569988,0.2769109819595493,0.0575501468567493,-0.1466887690844861,0.5558579270120406,0.0,1,0.11909405147450985
UCOKXaauDtahsPXzhZ5mx70Q,0.7219713484353845,-0.0144350594919964,-0.2896716085961653,0.0,-0.2217127734342647,-0.2478718084569988,-1.3446793293719597,0.0795779935793143,0.0269848621580675,-0.4536370273510891,0.0,1,0.10677627850570165
UCOLNChBfTnznJ1I5PesdplA,-0.2203289326645795,-0.4440170194547063,-0.4474391522564066,0.0,-0.2217127734342647,-0.2478718084569988,0.8135034807027949,1.3486852480078066,0.6291183845680028,-0.5978505922601076,0.25,1,0.1008355114375643
UCOM4a2QTWooucQrESCL22Ng,1.2004929591094968,-0.3055223948090501,-0.402376481657926,0.0,-0.2217127734342647,-0.2478718084569988,1.1312208868056732,1.4338622472556404,0.5811265189832523,2.2864207059202637,0.25,1,0.03228981052627328
UCOMbDLR7ma8bpUaI9M15S1A,2.680883924219648,-0.2872146598497711,-0.1335597032515759,0.0,-0.2217127734342647,-0.2478718084569988,0.1888041970376066,-1.3737130345248074,-1.2147790919480497,-0.5978505922601076,0.0,1,0.0917690352361421
UCOO-PqTx5q4lc5M5Ehp49EA,0.137534985792875,0.0153715151716443,-0.3705712909209343,0.0,-0.2217127734342647,-0.2478718084569988,-0.7356817926562127,-1.0626533451216789,-1.1363133422457792,-0.5978505922601076,0.0,1,0.1114926385336289
UCOOYzLfBjWHsXTMy2q7_DWw,-0.2799848628657416,-0.1922856637646211,-0.493453554874141,0.0,-0.2217127734342647,-0.2478718084569988,0.987309304359551,-0.9623265351910189,-0.8268262106777506,-0.5978505922601076,0.25,1,0.1029270708064936
UCORKyLSn_1kB6FeTglUJAlw,-0.2815144075843844,-0.1525704715249155,-0.1954919701221785,0.0,0.6913574657089212,0.7154674764909068,0.9684406900561424,1.0116176771452987,-0.4126538284474759,-0.3094234624420706,0.25,1,0.06526090006712382
UCOTml_gIIqTMOWYzVKfbyxw,0.1636902895599016,0.2094674089528885,-0.0566175256399248,0.0,-0.2217127734342647,-0.2478718084569988,1.3759412509121969,0.5250212739267182,0.57007282398979,-0.3094234624420706,0.0,1,0.10069646678725525
UCOWXz88XBCezFdNJITdVo_Q,0.9527219543008892,-0.2024566276308872,-0.438191082155091,0.0,-0.2217127734342647,-0.2478718084569988,0.1888041970376066,-1.3737130345248074,-1.2147790919480497,-0.5978505922601076,0.0,1,0.10459848832285973
UCOWlNOZjIXy-5LLeFIoIj1Q,-0.1435387244782327,-0.3544227936327449,-0.4604423271216061,0.0,-0.2217127734342647,-0.2478718084569988,-1.319695695547863,0.3405403390784415,1.8156350627590496,1.132712186648115,0.25,1,0.052404424185002574
UCOX-HcA1qSeNCbNq_up7q0w,1.5646401673424692,0.2755786740836179,0.161519550304884,0.0,-0.2217127734342647,-0.2478718084569988,1.34746815324806,-0.5727213722924636,-0.4031891870542631,-0.5978505922601076,0.0,1,0.08007296694701471
UCOYvo3AjQuR19MepKm_Fbqg,-0.1496239201017702,-0.1202413363785698,-0.4268928118352572,0.0,-0.2217127734342647,-0.2478718084569988,0.0638643403045686,0.181943126922401,2.608144451983225,-0.5978505922601076,0.5,1,0.042870049603141336
UCOZ1ypuDGFTxDXBsSlsbk0w,3.6813104281586937,-0.4541879833209724,-0.4404716622763232,0.0,-0.2217127734342647,-0.2478718084569988,-1.0357438432670822,-1.166720051060533,-1.0229319919979811,-0.5978505922601076,0.0,1,0.07560203322024533
UCO_cJQMTRU7LC5SuxCMNh-g,-0.1612931102637227,-0.4387472809297931,-0.363428066896112,0.0,0.6913574657089212,0.7154674764909068,-0.1202258024663056,-0.9703130581863888,-0.9592230624211732,1.997993576102226,0.0,1,0.007365987896897075
UCOaFox655s6MzVAC83kTI_Q,-0.2417219815097376,-0.4138068351138327,-0.4980578188216686,0.0,-0.2217127734342647,-0.2478718084569988,-1.3194486246527457,-1.0296636858944863,-0.8734679760871825,0.7000714919210592,0.5,1,0.035954811657350705
UCOaHbz8qAE0GL9MLo-3kAvg,1.2140358619651888,-0.313610732740795,-0.3807936087247744,0.0,-0.2217127734342647,-0.2478718084569988,-1.185534227025808,-1.3737130345248076,-1.2147790919480497,-0.3094234624420706,0.0,1,0.10280388911178862
UCObVMTiout7KscK0I1_0PPg,3.933527294007208,-0.3428724343401715,-0.4587491669609857,0.0,0.6913574657089212,0.7154674764909068,0.3902278557998451,-0.8901023648367735,-0.4491514822114651,-0.0209963326240335,0.0,1,0.004348666039900917
UCOcGyutuwSVLTne2lJAkYqw,1.088629663875737,-0.1853637578000789,-0.1672903892267086,0.0,-0.2217127734342647,-0.2478718084569988,0.3711324660882905,-0.2437742485174372,-0.7564266241342613,0.4116443621030221,0.0,1,0.11616537930710108
UCOhaqXJiXe2y-Q0DRyF4gPQ,0.5356855587662048,-0.3206555561979489,-0.2075977493999683,0.0,-0.2217127734342647,-0.2478718084569988,0.4500159749899162,-1.1595215087996842,-0.920379288868178,0.2674307971940035,0.25,1,0.0957184457521511
UCOiWER0zk6Sd8jwO_etqTvQ,0.5932663320961941,0.9607868231217094,0.4665333367916378,0.0,-0.2217127734342647,-0.2478718084569988,1.4369645106066151,-1.0005655326994731,-0.6568245557029443,-0.3094234624420706,0.25,1,0.02976037944598464
UCOjaA-WqeSVv5yYzcZVHRSw,1.1781931600413138,1.7061529945513467,2.1777188929638363,0.0,-0.2217127734342647,-0.2478718084569988,-0.2902643708646361,-1.1941183414104866,-1.0202827234216154,-0.4536370273510891,0.0,-1,-0.004150267916485095
UCOkuyzzPVBvlX5sWhpJf3mA,0.0130120864593485,-0.3513482375620599,-0.454103758669138,0.0,0.6913574657089212,0.7154674764909068,-0.4175127319285825,0.7043029640376189,1.1054638143978146,-0.0209963326240335,0.0,1,0.06733728172788606
UCOlE-jjlntU6MdyCVSecwCw,-0.2857163198104351,2.08504157905362,4.949565916213696,0.0,-0.2217127734342647,-0.2478718084569988,-0.0077582985537285,-0.8712043266954671,-0.8577416309201211,-0.3094234624420706,0.0,-1,-0.04513861947087805
UCOljzDRpDcHrQgvQFjuiN1w,-0.299693132537337,-0.198218726019943,-0.0656524764541917,0.0,-0.2217127734342647,-0.2478718084569988,0.2865361078370828,1.7658303441209011,1.263714560713706,-0.5978505922601076,0.0,1,0.09653364152800387
UCOlnVMMaCwpT6JQqgYH92vA,0.1549440560086955,0.0996672308511526,0.3148649131839383,0.0,-0.2217127734342647,-0.2478718084569988,0.0818102663788302,1.9346276501890536,0.5579266558958619,0.2674307971940035,0.0,1,0.058660634912957366
UCOmuYcwzKikgTT-y5tPQRnQ,0.4509294401882793,0.1117131451271091,0.2858927996458458,0.0,-0.2217127734342647,-0.2478718084569988,1.1135823060171837,-0.3022703510344461,-0.4869385812512828,0.8442850568300777,0.25,1,0.08628605662828609
UCOnULsxLCgbXeD313udb7Ow,2.070091230250554,-0.3771609110105382,-0.4358023703958559,0.0,0.6913574657089212,0.7154674764909068,0.4885096492536588,0.3902204752487893,0.3694038048399828,3.440129225192412,0.25,-1,-0.0195798986310608
UCOnUmG2umqGw6-BIdE2Dz1w,-0.0266340443565901,-0.1981416732633804,-0.260892117040932,0.0,-0.2217127734342647,-0.2478718084569988,-0.0226200040194928,0.3033926753791797,0.5393350920405993,0.2674307971940035,0.25,1,0.111412009533844
UCOnesLMmE6xQw8TYEBx-Zuw,4.651149473285342,-0.3206234508827145,-0.3974645859345251,0.0,-0.2217127734342647,-0.2478718084569988,-0.8107146568266947,-1.3737130345248083,-1.2147790919480497,0.4116443621030221,0.0,1,0.06312368258724887
UCOp2OQUz-BfGNLBvmDMbSRQ,2.394352328240064,-0.3168799711263805,-0.476339386988528,0.0,-0.2217127734342647,-0.2478718084569988,0.8515241097052146,-0.297158595005455,-0.38300461730947,-0.5978505922601076,0.0,1,0.10434979040180559
UCOpQ4iXUaX1QjPKJKOxuwdw,-0.2078994947800967,-0.2126275914971532,-0.2708960756707062,0.0,-0.2217127734342647,-0.2478718084569988,-0.1578486718941032,-0.4370210768531353,-0.1848196109246249,-0.5978505922601076,0.0,1,0.12861592015628437
UCOpUI8M0Dd-mK6wmL98E2wA,0.1473329594510709,0.0126404230223692,0.3924753678563534,0.0,-0.2217127734342647,-0.2478718084569988,0.6245846757771576,0.3934139775227953,0.1496123195798447,-0.0209963326240335,0.0,1,0.12509159384313018
UCOq_lWI50yTa9F3Y_FxVdzQ,-0.1603640033611179,-0.1448211657220461,-0.0638789408076142,0.0,-0.2217127734342647,-0.2478718084569988,-1.0106873777302146,-1.0626533451216789,-1.1363133422457783,-0.5978505922601076,0.0,1,0.11303470540980903
UCOqhn4eQQ8kQCN1FpmYUTEw,3.1593812184485497,-0.3609541478802001,-0.4526710590354482,0.0,-0.2217127734342647,-0.2478718084569988,-0.1109825089910243,-1.0626533451216786,-1.1363133422457803,-0.5978505922601076,0.0,1,0.09300897786027001
UCOsKYxFZmG37huU0f2AFM1w,1.606007623460052,-0.0270075009377975,-0.2359855607732512,0.0,-0.2217127734342647,-0.2478718084569988,0.7264845310349344,-0.0518607533305829,-0.0581394692797849,0.123217232284985,0.0,1,0.10593722376152709
UCOt-Xm-JhhDuVqJvinDa9Ew,2.149807803115018,-0.366887210135522,-0.3825383727961133,0.0,-0.2217127734342647,-0.2478718084569988,1.0633831941688707,-1.3737130345248083,-1.2147790919480497,-0.5978505922601076,0.0,1,0.08667759247897217
UCOvmYM5PJctApj3vD9zzk8w,-0.2678869317487178,-0.0363308844818747,0.6121960484598014,0.0,-0.2217127734342647,-0.2478718084569988,1.3132629076349456,-1.373713034524806,-1.2147790919480497,-0.5978505922601076,0.0,1,0.066941248341228
UCOxMw8uERlc4rM80LqvQsUQ,-0.0998446845591932,-0.2025870246035316,-0.000640424272674,0.0,-0.2217127734342647,-0.2478718084569988,-1.2581061301565986,0.837877950397749,-0.03921956804107,4.305410614646523,0.25,1,0.0167827583076276
UCOzz0A5l00GQy-NSyFvC_vA,-0.2744725906065197,0.4418456806196619,0.1610811385858906,0.0,-0.2217127734342647,-0.2478718084569988,-0.7812463739189996,-0.3443569040083726,0.10654450377761,-0.4536370273510891,0.0,1,0.10481193308038939
UCP0J7_ZJsnLryTJxyQzeQxA,2.5902311850101314,-0.3278985153148354,-0.3792464827312831,0.0,-0.2217127734342647,-0.2478718084569988,-1.3855069479293278,-1.0626533451216789,-1.1363133422457787,-0.5978505922601076,0.0,1,0.08676246335878018
UCP1WR1zpq41mtwrTHy4CNBA,-0.2869421316231326,-0.2626348305062948,-0.4379328347721997,0.0,-0.2217127734342647,-0.2478718084569988,-0.256029181344045,1.535314713246222,2.0143245787719968,-0.5978505922601076,0.0,1,0.07164405843482663
UCP2WOW299R0Zyz8LooMD4ow,0.0141270306725915,-0.0702340973694283,-0.4064859766286805,0.0,-0.2217127734342647,-0.2478718084569988,-1.435413940491883,-0.0773328999854683,0.5301387919092438,-0.5978505922601076,0.25,1,0.10393669691773422
UCP31odWRcEMmtMTHs3n9zEQ,0.315797219066498,-0.0314875683550814,0.3714626583178972,0.0,-0.2217127734342647,-0.2478718084569988,1.1500581189560162,-0.7180040035871464,-0.7767900994114821,-0.3094234624420706,0.0,1,0.10703168794108536
UCP3NXOW-3FUS1xhTVMcRW2w,-0.2765264486138752,-0.055825231892218,0.4201633259371659,0.0,-0.2217127734342647,-0.2478718084569988,-1.5147119222942098,1.9145954639909055,1.1505827800759831,-0.5978505922601076,0.0,1,0.04069456765062268
UCP3O0bqJF8uKF6SYSnFUynA,-0.1366451252415246,0.3306713950258925,1.0210815971334974,0.0,-0.2217127734342647,-0.2478718084569988,-0.5712061837221803,0.1711818932161784,1.4655221466881367,-0.5978505922601076,0.0,1,0.08133199088285231
UCP3UzMEFEUu1C-qGLClvapw,-0.2646355051929127,0.0151293493653047,0.0818713345251368,0.0,0.6913574657089212,0.7154674764909068,1.0366474623657935,1.357945106111659,0.4550873207461918,0.7000714919210592,0.0,1,0.050837342993639956
UCP55Rzf5jGZBOJ9eRgLQBsw,0.3778526063402239,0.4636328414656699,0.6126606437810815,0.0,1.6044277048521072,1.1971371189648596,-1.2714419790216702,-0.7806007198454433,-0.6723858581101032,4.305410614646523,0.25,-1,-0.08682237972302687
UCP5zn7jDrjoP_oGTi8CITrQ,0.4445228015657156,-0.3508773596052884,-0.3527223649590604,0.0,-0.2217127734342647,-0.2478718084569988,-0.8198945191118042,0.1651889441799266,0.6237880046788187,-0.0209963326240335,0.0,1,0.11153766900575768
UCP6LmAM_xtRUIfNszHJs86w,0.375903308655812,0.0532178191232938,0.1525373956172367,0.0,-0.2217127734342647,-0.2478718084569988,0.8572394735907994,1.2542670122609272,0.0690325112216139,1.997993576102226,0.25,1,0.060059134242387624
UCP7RwmfnS9EA2uSDrSjJhRw,0.0709364003242201,-0.2023153642438557,-0.2063154288001117,0.0,-0.2217127734342647,-0.2478718084569988,-1.038196796341181,-0.3820614355494505,0.4686584885526441,0.4116443621030221,0.0,1,0.10914850138046944
UCP7UJ77QFGFI2V5WY0J8hVQ,1.5564186181132362,-0.1790069053836626,-0.2459816862826783,0.0,-0.2217127734342647,-0.2478718084569988,1.1195506857533797,-0.7520136841783316,-0.7817447314535919,3.440129225192412,0.0,1,0.04184782846182594
UCP8uQCp9tzhkm_-5J8o-k4A,-0.0256845492438482,0.3448683654225555,1.7219614657896103,0.0,-0.2217127734342647,-0.2478718084569988,1.3831552571238397,0.2105018657881331,0.1136820325345724,1.5653528813751705,0.75,-1,-0.052878290541776396
UCP9r66BsJpwwef9sOymzCsA,-0.1559311160018784,-0.3896177733214954,-0.3530885077721755,0.0,-0.2217127734342647,-0.2478718084569988,-1.416067123153496,-0.1271345777309413,0.6170788871832514,0.2674307971940035,0.0,1,0.10301542570005351
UCPACLGYMFAxvWEtu958suwg,-0.3002628906836473,5.999853643372973,12.65669163259832,0.0,-0.2217127734342647,-0.2478718084569988,-0.8994496791341595,1.6511739460669854,0.7798462979111587,-0.4536370273510891,0.0,-1,-0.13680253446333113
UCPAFLmpLQt0c6Fk7bOkxglQ,2.78968385752342,-0.2988159155097308,-0.4268204379248498,0.0,-0.2217127734342647,-0.2478718084569988,1.4304671205956787,-1.298085087159945,-1.05874201166404,0.9884986217390964,0.0,1,0.056894648828807404
UCPF1wTA_kIj-KltiK0can0Q,-0.2437668366569531,0.7892123493300545,1.238039885266925,0.0,-0.2217127734342647,-0.2478718084569988,0.1451974526255234,0.8753796981227971,1.9648871832108543,-0.5978505922601076,0.0,1,0.035186827011109645
UCPK0iAz4nv7pOvXwi_ob-KQ,-0.1413824601373851,-0.2550066076065952,-0.3488780506299945,0.0,-0.2217127734342647,-0.2478718084569988,1.1061914641209378,0.7412971858741852,0.9514348515299608,0.123217232284985,0.25,1,0.10764378479576503
UCPK4S5GzQARdJC4qAfTrDLw,0.9163158418507192,-0.4694444291203715,-0.5198707055637223,0.0,-0.2217127734342647,-0.2478718084569988,1.3132629076349456,-1.373713034524806,-1.2147790919480497,-0.5978505922601076,0.0,1,0.07133575833978617
UCPMPqj6RfOrfqUnhh1b_oXQ,0.0464542851360348,-0.0320929828709305,-0.1857567733099871,0.0,-0.2217127734342647,-0.2478718084569988,0.6992821919288726,0.5597355453004363,0.5314225606257896,-0.5978505922601076,0.5,1,0.08806338969512528
UCPN-UUTa-ZzmrR7U3fIO8BQ,2.07270698227146,-0.1964293897842109,0.1091034378354633,0.0,-0.2217127734342647,-0.2478718084569988,1.368752312458432,-1.0536418978835165,-1.1728258905954996,-0.0209963326240335,0.0,1,0.07941725451709414
UCPOKPWQMtZscKv5roshke_Q,-0.0808080360772898,0.0314755412932323,0.017225743230778,0.0,-0.2217127734342647,-0.2478718084569988,1.0417850569897122,-0.6582920690111688,-0.2919582979605111,-0.5978505922601076,0.0,1,0.12935517883419273
UCPOZVGwr_tI3CTYyXxREPpg,3.6378737531928937,-0.1966648287625967,-0.4400893115279495,0.0,-0.2217127734342647,-0.2478718084569988,0.1888041970376066,-1.3737130345248074,-1.2147790919480497,-0.4536370273510891,0.0,1,0.08954569057338396
UCPOe9yAAKmedmzNrcEtw5qw,-0.2672193946992486,-0.4813105536310152,-0.5262944950766151,0.0,-0.2217127734342647,-0.2478718084569988,1.0067320523817025,0.1412258545526839,-0.1396142384760676,-0.3094234624420706,0.0,1,0.11643874734754628
UCPP7rQOIv-DqkAG1Yq-7oUg,0.3920105286304087,-0.1299781737383489,-0.1823585327463795,0.0,15.300481291999896,10.830529968443916,-1.3411710287571963,-0.9670946085624048,-0.9523953223674724,4.59383774446456,0.5,-1,-0.21745434072015601
UCPQs-p_ccMvK1YuEjP5rW5A,-0.2011322828903192,-0.2286256700784676,-0.370236847268235,0.0,-0.2217127734342647,-0.2478718084569988,-0.5074309085509203,1.5431422681887068,0.3827210146744316,-0.165209897533052,0.25,1,0.09744417866471106
UCPRPPv8tzX2EbZj3JSy0JzQ,0.2591539326118754,-0.3151848104820028,-0.3940964242008599,0.0,-0.2217127734342647,-0.2478718084569988,-1.387895613087195,-0.0280277244516113,-0.5341412537916652,-0.5978505922601076,0.0,1,0.11749200528705833
UCPT_76MwHgN5085vjZQQbMg,-0.0660722215120663,0.7978837480109096,2.453349634674834,0.0,-0.2217127734342647,-0.2478718084569988,0.9812775834551296,-0.1442878886266843,-0.1081176143159632,0.5558579270120406,0.5,1,0.006423379794725015
UCPUeGS4s08TG7wgfeaIt3Lw,0.1096923858565827,0.8112494377069642,3.5457739039189096,0.0,2.517497943995293,2.6421460463867183,-1.4110977215016018,1.4280499165186291,1.7572861606335666,1.997993576102226,0.75,-1,-0.18210630645788417
UCPUp2eMTThfrXCyRnXKSmrw,-0.1939202850582014,-0.5383295934873553,-0.5970281566703916,0.0,-0.2217127734342647,-0.2478718084569988,1.0250540268965824,1.472830200937939,0.2257877056252326,0.2674307971940035,0.0,1,0.08288513102854539
UCPWL7ZC5t0CYrlr7ztyiNgQ,0.0559163060622411,-0.3075565875823032,-0.4153675261662206,0.0,-0.2217127734342647,-0.2478718084569988,-1.5157025599849498,-0.0001157780116184,0.4656087825875165,-0.4536370273510891,0.75,1,0.021720639064030045
UCPXB8a7JUa9Hi4npX-B3idA,5.425165078410456,-0.323978456324712,-0.4261866588166618,0.0,-0.2217127734342647,-0.2478718084569988,-1.3280487035549908,0.2290446098368294,0.8643081763154311,0.9884986217390964,0.5,-1,-0.037632172942762665
UCPYZov-3cu5T00MLD_tL-zA,-0.1996562417525594,-0.3664163321787504,-0.0667579045383236,0.0,2.517497943995293,2.6421460463867183,-1.4344497061439192,-0.9399188350346436,-0.7129820645204281,-0.0209963326240335,0.0,-1,-0.002233042316717393
UCPYt0AodY3elxHEQiLTbNRQ,-0.0331408838900882,-0.4262178326887407,-0.2854924108854959,0.0,-0.2217127734342647,-0.2478718084569988,1.1883230509019085,-1.3737130345248083,-1.2147790919480497,-0.3094234624420706,0.0,1,0.09115415756779682
UCPZigcEwXI1yvcr9ycPFWPg,1.993944006931267,-0.2846719188832046,-0.4048152091513645,0.0,-0.2217127734342647,-0.2478718084569988,-1.410563413466195,-1.166720051060533,-1.0229319919979818,-0.5978505922601076,0.0,1,0.09615538877557156
UCP__YUyDBvcTDvcJ_IVo1tw,1.251250636556824,-0.2094794360147376,-0.1680384975616304,0.0,-0.2217127734342647,-0.2478718084569988,0.6099557832218048,-0.2760334568719978,1.2779957160082664,-0.3094234624420706,0.0,1,0.08586954062938223
UCPa-HQx8CJXw3AowL0N1FOQ,-0.0185489109919077,-0.0036385006260195,-0.3046342946633389,0.0,-0.2217127734342647,-0.2478718084569988,-1.3568588142191256,-0.6210029182336297,-0.7173781074181241,0.7000714919210592,0.25,1,0.09875837979676566
UCPbqYVwuet5H6Jm-8HPUZGQ,0.2625650985539943,-0.2233282930647873,0.0378424884376681,0.0,-0.2217127734342647,-0.2478718084569988,0.9081488824477548,-1.0937894131754815,-0.8332014795623932,-0.165209897533052,0.0,1,0.11619120201342298
UCPcTPyYwVZiyzmXuk_u5Jyw,0.3393902256088849,-0.2122038013360588,-0.4189957156267586,0.0,-0.2217127734342647,-0.2478718084569988,1.1932033218590488,-0.4014279336203034,0.1212430687160788,-0.4536370273510891,0.25,1,0.11741102684770033
UCPco6E8erUp1HxRvhf3HsZg,-0.2800429608614556,-0.1888953424758657,-0.2921976997682942,0.0,-0.2217127734342647,-0.2478718084569988,-0.5951381704597352,0.1463499836895677,-0.0399408636103351,-0.5978505922601076,0.0,1,0.12692766772362624
UCPd5xl8c4YpMECLBKWpCJNQ,0.1548860421267742,0.8112494377069642,2.422457817699234,0.0,-0.2217127734342647,-0.2478718084569988,-1.4203598605090113,-0.5354932177790569,-0.2046650730089735,-0.4536370273510891,0.0,1,0.04311820703344005
UCPdD3YpXTI2gROpI-LtEiNg,0.6566241515121158,-0.3448501217586122,-0.5749003779940208,0.0,-0.2217127734342647,-0.2478718084569988,1.338113434660634,-1.1667200510605331,-1.022931991997981,-0.5978505922601076,0.0,1,0.09599467712966492
UCPeZOW8GUyv2rL9P_e7BMzw,0.02625756517546,-0.0582267094717531,-0.187915548646347,0.0,-0.2217127734342647,-0.2478718084569988,-0.8852477412968448,-0.6838003967813316,-0.3984784152076546,-0.4536370273510891,0.0,1,0.12649635914675605
UCPessuZQy5_st-CzifVsuUw,-0.2608034949877369,0.0223943235554948,0.552654013126171,0.0,0.6913574657089212,1.6788067614388125,1.0794683920751091,-0.6897585633061866,-0.7056565030960709,-0.3094234624420706,0.25,1,0.015531214476962318
UCPfUe_j5kVggThOU4Xp8-1g,1.5949706699349326,-0.2055209564880314,-0.2060062521219808,0.0,-0.2217127734342647,-0.2478718084569988,-1.3774712625414918,-0.9979504994915024,-1.0238543373415507,0.5558579270120406,0.0,1,0.08570218543727276
UCPgEkm1wDqJE34YKNVeYqFQ,0.3510184581379785,-0.3295936759592131,-0.5278287848967753,0.0,-0.2217127734342647,-0.2478718084569988,-1.4630782329170198,-0.7542275296532402,-0.6822537835254594,-0.5978505922601076,0.0,1,0.10648611254374624
UCPi-Xsta1dTIphd5Su316RA,-0.1018599365657693,-0.3550210856248783,-0.3652057461202385,0.0,-0.2217127734342647,-0.2478718084569988,1.1321997857238668,1.549727587152001,0.6964583373528119,-0.5978505922601076,0.0,1,0.10517396120086642
UCPjX5Wo5KiLclR-FpZGMj9A,-0.2386863037226161,-0.1461310625836107,0.0912352941303556,0.0,-0.2217127734342647,-0.2478718084569988,-0.7250105159514799,1.178625914836312,0.6620415825441991,0.2674307971940035,0.0,1,0.10497197105408362
UCPkIKAY6qaQTynmJV43cAFQ,-0.0150175080119044,0.3950874995122443,-0.0047096831285005,0.0,-0.2217127734342647,-0.2478718084569988,-1.3629375105578665,-0.3910451541073897,-0.7489552702834495,-0.5978505922601076,0.25,1,0.09254241334457153
UCPmgpaTGmxNKoceOnFbgk4A,-0.2717574844940412,0.2984633427827167,1.6260364220364358,0.0,-0.2217127734342647,-0.2478718084569988,-0.6906550710507978,1.0944730065767574,0.5344902340150413,-0.5978505922601076,0.0,1,0.06810872948671381
UCPpzmjPrlbsfTgGQFhOzV9Q,0.6032343239243223,0.0257241033926652,0.343722551795891,0.0,0.6913574657089212,0.7154674764909068,1.257828648589611,1.5020574305496808,1.1021726153649405,0.7000714919210592,0.0,1,0.01210243183484555
UCPqh3FoQvdQEoW6z_dgWESA,0.7435085254656747,-0.3211178727373246,-0.2435385782897864,0.0,-0.2217127734342647,-0.2478718084569988,1.0633831941688707,-1.3737130345248083,-1.2147790919480497,-0.5978505922601076,0.25,1,0.0815669831961991
UCPquI0r7ma8No-lF_cP_cig,-0.2909153899491992,-0.125978803174925,-0.1868665545523118,0.0,-0.2217127734342647,-0.2478718084569988,0.9756156912873672,-0.3925677816439542,0.767922887952819,0.5558579270120406,0.0,1,0.09861188483312416
UCPsWVFUj9DAR-MYVoM8v20A,0.2946613453462851,0.587025916109735,0.8840780265372423,0.0,-0.2217127734342647,-0.2478718084569988,1.3919267432666065,-0.7626238122995634,-0.7228305809523115,0.2674307971940035,0.0,1,0.055349204273350716
UCPszdnrj_8eyEJFglR2yd8g,-0.0484295308477383,-0.1549921295883122,-0.266197122056142,0.0,-0.2217127734342647,-0.2478718084569988,-1.3273021371946527,0.4306357061662885,0.2370813560915137,-0.165209897533052,0.0,1,0.12154461747045686
UCPt5_QsxGU1ZQ2ektIK_K1A,-0.2570994590665996,0.0258250058119734,-0.3456608161242272,0.0,-0.2217127734342647,-0.2478718084569988,0.6706512854208283,1.002983878797315,1.494511718182025,-0.4536370273510891,0.0,1,0.11492283575473566
UCPtIEoB1-cgGymoVE4prZyQ,2.316290450301436,-0.1189699658952865,-0.3353967247418984,0.0,-0.2217127734342647,-0.2478718084569988,-0.1860153731615065,-1.3737130345248074,-1.2147790919480497,-0.4536370273510891,0.0,1,0.10014053590304767
UCPvFVAH-ZkS9M3qezMKAo5g,0.0583265272309557,-0.3414598004698568,-0.4115598135746894,0.0,-0.2217127734342647,-0.2478718084569988,0.1733344892487094,0.3605531680139802,1.475400948093592,0.8442850568300777,0.5,1,0.04706483381160442
UCPvjq_ahVgFMFnSpVDR9B5Q,-0.28478760056759,0.2399803005516867,-0.2602908785389964,0.0,-0.2217127734342647,-0.2478718084569988,-0.54613014911222,0.0980783446324306,0.9976852447962616,-0.5978505922601076,0.0,1,0.10726233931195628
UCPyILZ97cIKMveQzjggwN3w,3.345406613176701,-0.2616459867970745,-0.329182886873233,0.0,-0.2217127734342647,-0.2478718084569988,-0.8107146568266947,-1.3737130345248083,-1.2147790919480497,-0.4536370273510891,0.0,1,0.09606771548864407
UCQ-ZSxvPWWtxpC-MVNnQk5Q,-0.1616025139410597,-0.3575638265914447,-0.2827766255952559,0.0,-0.2217127734342647,-0.2478718084569988,-0.6857748000936571,-1.3737130345248083,-1.2147790919480497,-0.5978505922601076,0.0,1,0.10205808640784908
UCQ1rKvydNl_JLCrWsD9VByA,-0.1773024426871128,0.1117131451271091,0.4047398875957345,0.0,-0.2217127734342647,-0.2478718084569988,-1.18136791328475,1.1686295949356034,1.0394532018897171,0.8442850568300777,0.0,1,0.0698661964525929
UCQ27c9LVOyiR8_3ZcrISUiw,-0.1253119782319154,0.1782128845721751,-0.2183941850253752,0.0,-0.2217127734342647,-0.2478718084569988,-0.8107146568266947,-1.3737130345248083,-1.2147790919480497,-0.165209897533052,0.0,1,0.08999276737470685
UCQ2BQpQhF0UpdKa6uH3DLFw,-0.2951112378153384,0.9032724441160382,1.1111110486444378,0.0,-0.2217127734342647,-0.2478718084569988,0.6006793487059903,0.8384450336569247,2.0169985242538457,-0.3094234624420706,0.0,1,0.04595191746710875
UCQ44fJIOlHecPBtM12GPhbQ,3.479215147922909,0.175564196065335,-0.0875686544326486,0.0,-0.2217127734342647,-0.2478718084569988,-0.8107146568266947,-1.3737130345248083,-1.2147790919480497,-0.4536370273510891,0.0,1,0.07373548027197341
UCQ6qMcRdFqernyfpskLObmA,4.295494568295919,1.0528098295307835,-0.6003272946293761,0.0,-0.2217127734342647,-0.2478718084569988,-1.3104740837588456,-1.373713034524808,-1.2147790919480497,-0.5978505922601076,0.0,1,0.007464054292504574
UCQ76yTYSle9F8qcfkIltS_g,1.1937026906547787,-0.4787678126644487,-0.5546408842683839,0.0,-0.2217127734342647,-0.2478718084569988,1.1883230509019085,-1.3737130345248083,-1.2147790919480497,-0.5978505922601076,0.0,1,0.07428807958687966
UCQ7FZZPTBHLy9lOVZN5fXew,-0.2381260883010715,-0.282129177916638,-0.2998170535285856,0.0,-0.2217127734342647,-0.2478718084569988,0.3762139821371629,0.8949522009190368,-0.5776251679595036,-0.4536370273510891,0.0,1,0.11787610172625812
UCQ8vn1PsMKP5Lp8wd_-RIBw,0.1592854214756827,0.1966075695817475,0.3109180481034809,0.0,-0.2217127734342647,-0.2478718084569988,-0.686863388368704,-0.5657526254605594,0.961636332501759,2.8632749655563376,0.0,1,0.030075856982659854
UCQ966uhlk8H3sfvxjDULIXA,0.4335970145117271,-0.1481055394705279,0.1499574127182543,0.0,1.6044277048521072,1.1971371189648596,-0.997289764578254,0.448599809663217,0.2274721267723281,5.60333269882769,0.5,-1,-0.09061841998563835
UCQ98jn4akS3KpFAYfWDaNIg,-0.1854540496534224,-0.0303978222265528,-0.0916594894766243,0.0,-0.2217127734342647,-0.2478718084569988,-0.9762000388345764,1.6955291156599646,1.519033257883908,-0.5978505922601076,0.0,1,0.084946827229397
UCQANb2YPwAtK-IQJrLaaUFw,3.0206597799663943,-0.0236171796490421,-0.6003272946293761,0.0,-0.2217127734342647,-0.2478718084569988,1.3667251977162809,0.9930231977611986,0.5044673390862592,3.5843427901014304,0.0,-1,-0.02280140549235421
UCQArSxIgNNSI6WyN4aBzAPA,0.0625537165666978,-0.3704187948113088,-0.4429542257578586,0.0,-0.2217127734342647,-0.2478718084569988,0.9384433374358324,-0.9415863230116944,-0.8469181024180376,-0.4536370273510891,0.0,1,0.11986491095851554
UCQCyztyqmA8dc2wPGR1ymog,0.0,0.4688269875426732,0.3685848341960998,0.0,-0.2217127734342647,-0.2478718084569988,1.2758245055367314,-0.4793463198901869,-0.2244174227718032,-0.5978505922601076,0.25,1,0.08971360800303513
UCQE3zzg16zALp1A3Ru54fEQ,-0.1970795385275635,-0.3393408496643847,-0.4247999260840623,0.0,-0.2217127734342647,-0.2478718084569988,0.9964592652238132,0.8891753435371866,0.1807685593993465,-0.165209897533052,0.25,1,0.11699036589572542
UCQE9PyvVDQwmsR17i-PvCmQ,4.201754571112068,-0.4728347504091268,-0.5314129433044935,0.0,-0.2217127734342647,-0.2478718084569988,-1.1855342270258078,-1.3737130345248083,-1.2147790919480497,-0.5978505922601076,0.0,1,0.05168682645164824
UCQEsf2Y3AeAzelDcfTA7v1w,-6.127088260365714e-06,0.0611408525698417,0.0247889804379374,0.0,-0.2217127734342647,-0.2478718084569988,-0.9852096215512114,-0.8037424348223319,-0.8033978683264228,-0.5978505922601076,0.25,1,0.10418037459007196
UCQF-RBaGpjFJpx4EbwRMpNw,-0.113974572629215,-0.2959023581522067,-0.3500544629138341,0.0,-0.2217127734342647,-0.2478718084569988,0.6374600327188894,0.850764486503504,-0.5689197669781753,0.4116443621030221,0.25,1,0.10087960267443824
UCQGFNbtx9aLWj3qCW0J0wTQ,1.241342875024241,-0.0465018483481408,0.442139918868315,0.0,-0.2217127734342647,-0.2478718084569988,0.9135928104101446,-1.1667200510605318,-1.0229319919979831,-0.5978505922601076,0.0,1,0.0861847431390117
UCQG_f0SLQvkZpqCQxkHEtAA,0.6964830953859692,0.4828120628587891,1.0936195342799264,0.0,-0.2217127734342647,-0.2478718084569988,0.2190986520256846,-1.0937894131754833,-0.8332014795623913,-0.165209897533052,0.0,1,0.06718693676810367
UCQHmbWpdleFVdJOBb2mZIqg,-0.1778855053386271,-0.2979506772641631,-0.3358105906754726,0.0,0.6913574657089212,0.7154674764909068,0.2950875732255725,-0.2869435801930394,0.9763470220913084,0.8442850568300777,0.75,-1,-0.030506657872606757
UCQKbUkkZ4kDmEL7GWdeEIXQ,-0.1065159158705182,-0.1511394917601811,-0.2790910825793642,0.0,-0.2217127734342647,-0.2478718084569988,1.1204004406260517,0.8334541398052595,0.4559925987418818,0.2674307971940035,0.0,1,0.12429838905350143
UCQNNgFrabu5-gaIv8h9tnCQ,-0.0345702004671985,-0.0758846328506872,-0.1278602264457943,0.0,-0.2217127734342647,-0.2478718084569988,0.8074765466852502,1.5483535739433498,0.2787351835507332,0.4116443621030221,0.75,1,0.022308723482448167
UCQNRkfW2-DMxs6SPerh6rJQ,-0.2772515934979994,0.4323810336885532,0.6603763072238801,0.0,-0.2217127734342647,-0.2478718084569988,-0.2827885286271411,0.671269317244001,1.6541765213239623,-0.5978505922601076,0.0,1,0.07501575805057475
UCQNnnqyPfqzi-Jgnbd79QSQ,3.5148814926371346,0.0829357751404118,0.2180375396598323,0.0,-0.2217127734342647,-0.2478718084569988,1.3132629076349456,-1.373713034524806,-1.2147790919480497,-0.3094234624420706,0.0,1,0.050931106404631055
UCQOHekr5ykscySeOjzbU-iA,5.430536815096362,-0.4863960355641483,-0.4798805582304563,0.0,1.6044277048521072,2.160476403912765,-1.1855342270258078,-1.3737130345248083,-1.2147790919480497,0.123217232284985,0.0,-1,-0.064049199035077
UCQOUQXFYKzb0O0uT0I-5aNg,2.7364230761934607,-0.3470359868000466,-0.4146944318259119,0.0,4.343638422281664,6.495503186178341,0.5064766885479367,0.7599445569249973,0.476865670998533,1.421139316466152,0.0,-1,-0.10155655367550787
UCQQGl92ujpYeXQ_0ZsN_kLQ,3.9550731181937735,-0.1597597689006244,-0.0451435516604455,0.0,-0.2217127734342647,-0.2478718084569988,1.3132629076349456,-1.373713034524806,-1.2147790919480497,-0.165209897533052,0.0,1,0.06160589552890772
UCQQYC8P3PrpXREuOmAYoIqw,0.0481570358190212,-0.1549921295883122,-0.2079548131625473,0.0,-0.2217127734342647,-0.2478718084569988,-1.4457489812054285,-1.0955377356472078,-0.7771351668355928,0.5558579270120406,0.25,1,0.08353231070407385
UCQQkSWu7z_e3jrYjWhjRJLQ,-0.2783793284613428,-0.3134896498376252,-0.3006815268148833,0.0,-0.2217127734342647,-0.2478718084569988,0.023318815029725,1.695529115659964,0.9727273979639676,-0.5978505922601076,0.25,1,0.09246065625914984
UCQSSAFhoaOYMV29cMnuwH7A,0.7591508749917941,-0.3846863969014876,-0.4714502301351627,0.0,-0.2217127734342647,-0.2478718084569988,-1.022539108985337,-0.7508557074986458,-0.6909493834317401,0.123217232284985,0.0,1,0.10887141553810464
UCQSgJb6uMhddEhjMmMbm7Nw,1.4998698789889418,-0.3850852582295764,-0.4040465938071147,0.0,-0.2217127734342647,-0.2478718084569988,0.2973935670538001,0.565867367362483,1.805998708151371,1.132712186648115,0.0,1,0.025747766673559214
UCQV3aaUP4YUpOEwayB30Kvg,2.005859101863261,-0.1685534147433336,-0.2489487088570456,0.0,-0.2217127734342647,-0.2478718084569988,1.413352237342295,-1.1667200510605318,-1.0229319919979831,-0.5978505922601076,0.0,1,0.0964061359568299
UCQVbKy2KgIMzeUbmodbkgaA,-0.297350996934446,-0.1371929428223466,-0.1346725441049168,0.0,-0.2217127734342647,-0.2478718084569988,-0.6013804686354631,1.7796694610792516,1.6652701788589648,-0.5978505922601076,0.0,1,0.08010987147923021
UCQWTks93HFXUh9KKcW-Q3dA,0.0037740065081055,-0.2382091066759437,-0.4010091164711716,0.0,-0.2217127734342647,-0.2478718084569988,1.3405867217316072,-0.4253827588273614,-0.5515391938313876,0.2674307971940035,0.0,1,0.11484105623416896
UCQWcsTQAO_IvosDt5sx9Fkw,-0.2820513546531427,-0.4753774913756933,-0.4102490327264907,0.0,-0.2217127734342647,-0.2478718084569988,1.1123853209672647,0.6217019380344613,0.1194410838211985,-0.5978505922601076,0.0,1,0.11542059465582083
UCQYZzbVyNL6mUhTQI0vNqag,4.161026840470434,-0.3929200343170363,-0.4198882257283973,0.0,-0.2217127734342647,-0.2478718084569988,0.438683910503682,-1.3737130345248074,-1.2147790919480497,-0.3094234624420706,0.0,1,0.07663679458065842
UCQa4nYh-3sGpPrJGcQQDkPg,0.1448071941087199,0.5449679531526375,0.440474538829405,0.0,-0.2217127734342647,-0.2478718084569988,-1.3479953183220927,0.1818752027383887,-0.1882135099017997,-0.4536370273510891,0.0,1,0.09724450255949357
UCQaT1yPnnvH7949yyvEMxrA,0.4767726416398882,-0.010654186486154,-0.3894464400108011,0.0,6.169778900568036,13.238878180813682,0.5317489027146017,0.4665887411667627,-0.626363185190072,3.5843427901014304,0.25,-1,-0.1522292022158236
UCQaUGLgCQg6Kf3yh5Lm9_Fw,2.9452497981609023,-0.2220922384282619,-0.2825588583523146,0.0,-0.2217127734342647,-0.2478718084569988,-1.1855342270258078,-1.3737130345248083,-1.2147790919480497,-0.4536370273510891,0.0,1,0.09502129433167644
UCQbBXHs3kS4fE4JQN4b6riw,-0.2994659663607874,0.0552077903145198,0.4254292919075909,0.0,-0.2217127734342647,-0.2478718084569988,-1.1038214943561904,1.5631086663291085,0.6839457592272509,-0.5978505922601076,0.5,1,0.044700634043798315
UCQbnEjUaQen0Vfrkswq4hqw,0.1072139134626067,-0.0651486154362952,-0.2102227730869233,0.0,-0.2217127734342647,-0.2478718084569988,1.0561964942664075,-0.6033418976700903,-0.4220141637108319,-0.5978505922601076,0.0,1,0.13085056803137296
UCQbz6ZDEVMELTKz77eVoMXg,1.8006566232701606,-0.0980831650984901,-0.5450299131347198,0.0,-0.2217127734342647,-0.2478718084569988,1.3727243391847088,0.0682541709257106,0.3511050695948599,-0.3094234624420706,0.25,1,0.07184704452599994
UCQdJdpuO9gchZT4aVd-7SIA,-0.2167950061795902,-0.2560963537351237,-0.3743801228353528,0.0,-0.2217127734342647,-0.2478718084569988,0.0873244084803967,1.329033133626468,0.8954809840943171,0.7000714919210592,0.25,1,0.08051805177055282
UCQeKX3uCsng1t5G7Q3zBnAg,0.0519814700183779,0.1743533670336366,-0.2771579551249762,0.0,-0.2217127734342647,-0.2478718084569988,-1.4087449715105584,1.0140844928611228,0.2152873524751042,-0.3094234624420706,0.5,1,0.05952236221751994
UCQfGxIQAQ4-0lWbOkoe9LPg,0.7152960056950072,-0.3003521548436981,-0.4263734181261275,0.0,-0.2217127734342647,-0.2478718084569988,-1.560353797224921,-1.3737130345248083,-1.2147790919480497,1.5653528813751705,0.0,1,0.04382618950882833
UCQglK45dlF_bXAvHrOmP1uA,-0.2938578897160385,-0.4080553972132656,-0.3495159932172942,0.0,-0.2217127734342647,-0.2478718084569988,-1.435413940491883,-1.373713034524808,-1.2147790919480497,-0.3094234624420706,0.0,1,0.0805072183071669
UCQkRji1TJMI_M_CrfY4QgTg,-0.24605413875402,1.5825475308988075,-0.6003272946293761,0.0,-0.2217127734342647,-0.2478718084569988,-0.8107146568266947,-1.3737130345248083,-1.2147790919480497,-0.4536370273510891,0.25,1,0.0035997883666226693
UCQlIllfrYJYT-QVq4CcjakA,-0.3015729112922886,2.871717200948032,1.3660970339614251,0.0,-0.2217127734342647,-0.2478718084569988,-1.1338422511177724,1.6839635211816797,1.0535671977122874,-0.5978505922601076,0.0,-1,-0.02416371645566462
UCQlZUMBAkmyJ8tU9USLUehg,-0.2810479634788135,-0.2661193273864045,0.0264290064623018,0.0,-0.2217127734342647,-0.2478718084569988,1.124291044866387,1.0380939841918488,1.2440547931088468,-0.0209963326240335,0.0,1,0.10029360123293835
UCQlsN4pD3nqhAlendcB6R8g,2.1715626501678216,-0.0659961957584841,-0.1506833132520867,0.0,-0.2217127734342647,-0.2478718084569988,1.1869680331437038,0.961177178606446,0.4238751505450198,-0.5978505922601076,0.0,1,0.07126827085390836
UCQmaal1SpzrWiVVIHjd_RuA,-0.0367444992571955,-0.2126275914971532,-0.3791021151952722,0.0,-0.2217127734342647,-0.2478718084569988,-1.084587077488314,0.1072583870913415,1.1376148930620786,-0.5978505922601076,0.25,1,0.10368855349766704
UCQpFkb-rTn03Np-89OWCA6Q,1.5084495512061806,-0.1436910586257943,0.1216168919341922,0.0,-0.2217127734342647,-0.2478718084569988,-0.8107146568266947,-1.3737130345248083,-1.2147790919480497,-0.0209963326240335,0.0,1,0.0908807030195864
UCQpV0iCHTga5D2PBrJz2r5Q,-0.3014771392601432,0.0441892461260649,-0.159618220730726,0.0,-0.2217127734342647,-0.2478718084569988,-0.739270187566276,-1.0562694392218024,-1.16007666695346,-0.3094234624420706,0.25,1,0.09481585007223536
UCQqRcukWbDR56i7EIS218Lw,-0.0932375226157177,-0.423796174625344,-0.5041138841619986,0.0,-0.2217127734342647,-0.2478718084569988,-0.2645599195480917,1.0682357362454564,0.9361740202163298,-0.3094234624420706,0.25,1,0.0927024604183494
UCQqWCUmjqwywrGYTET0s7dg,2.688738829747538,-0.245400697288455,-0.1770604803743782,0.0,-0.2217127734342647,-0.2478718084569988,-1.2897832247289376,-1.194118341410486,-1.0202827234216163,-0.4536370273510891,0.0,1,0.08898266475508221
UCQtdV-wVWcF90eTU614NI0w,2.791043858427443,-0.282129177916638,-0.2640250782025164,0.0,0.6913574657089212,0.7154674764909068,-1.2607191395804382,0.2441235116205818,-0.5934432704053525,2.2864207059202637,0.0,-1,-0.01014647729185636
UCQtvUmn5rG0QiOLQo2YwEGg,3.673485052470525,0.2633493008634648,0.4719996076193613,0.0,-0.2217127734342647,-0.2478718084569988,-0.2149291067712521,1.425673672882687,-0.2486997714500765,-0.3094234624420706,0.0,1,0.016985885081580387
UCQuTblxRC3HQIVf7QNeZ4Yw,-0.116627993840974,0.1077577702902278,-0.0184823456825178,0.0,-0.2217127734342647,-0.2478718084569988,1.389161453978084,0.0036908584232404,-0.4651093412617765,-0.165209897533052,0.25,1,0.10010704506712004
UCQv5e5zUSfTL6E_YSZzo3Fg,-0.1745201807915358,0.1023090396475853,0.2751371280439798,0.0,-0.2217127734342647,-0.2478718084569988,-1.1622945126872852,0.7732783331960396,0.5262419523331026,-0.3094234624420706,0.0,1,0.09980382090123224
UCQvA2-D5unfK9Qamk95Ga_Q,-0.1478064339536275,-0.2256238231040488,0.2507951692889146,0.0,0.6913574657089212,0.7154674764909068,0.7835061280824854,1.6511739460669854,-0.4555756949434605,-0.4536370273510891,0.0,1,0.044814645874042436
UCQvJGoOlnlsiFYCuJUHOomw,0.1807130806674822,0.8924758852500614,1.354616142408103,0.0,0.6913574657089212,0.7154674764909068,1.1642499900427472,0.3990612762161749,-0.094710495934018,1.2769257515571333,0.25,-1,-0.02855198255576963
UCQvm7pd5-dgTG2EtgTblJuA,2.8757448741281526,-0.2234039698792685,-0.4598491106607901,0.0,-0.2217127734342647,-0.2478718084569988,-0.9356545135597326,-1.373713034524808,-1.2147790919480497,-0.3094234624420706,0.0,1,0.09745442259918213
UCR-A5BhmwnBH82fXLYbX3DQ,0.1839758338923482,-0.2730013898315275,-0.2874862898325335,0.0,-0.2217127734342647,-0.2478718084569988,-0.8107146568266947,-0.9748268392819346,-0.8540617142743785,0.5558579270120406,0.0,1,0.10822682915105769
UCR28u2Ke2t-cExWCvC3Vr9w,0.2661634120742954,-0.4149167617262229,-0.4852424837139505,0.0,-0.2217127734342647,-0.2478718084569988,0.3899249524087017,0.2704730480445775,0.2899155895233901,-0.4536370273510891,0.0,1,0.1258329669819115
UCR3BnWuIwK2Dxzvem79BlSg,1.785679907049066,-0.3007759450047925,-0.3125366745482629,0.0,-0.2217127734342647,-0.2478718084569988,1.0882337211945587,-1.1667200510605331,-1.022931991997981,-0.5978505922601076,0.0,1,0.105596914883548
UCR3PsGYkNWVJUBFF8wjXQYA,1.3374164688119754,-0.2884860303330543,-0.4669874188851491,0.0,-0.2217127734342647,-0.2478718084569988,1.3339537666648538,-1.1941183414104872,-1.0202827234216143,-0.4536370273510891,0.0,1,0.10346288715182128
UCR4DFNGrs2GlKcmjT5Khvsg,-0.2499640656219604,-0.1223353583510363,-0.0422135793016227,0.0,1.6044277048521072,2.160476403912765,1.0623124269735056,0.1731186707357663,0.3501441807276675,3.5843427901014304,0.0,-1,-0.03882762840723142
UCR70gfrDqTz2gsEqen2BVFQ,0.1404075559982665,-0.2205383411709157,-0.3466432768494403,0.0,-0.2217127734342647,-0.2478718084569988,-0.3646266761335751,0.0093969973943143,0.562815299246403,0.8442850568300777,0.25,1,0.09590614931229108
UCR7PyWuSQtYKIbN4rJxeong,0.3061105687902237,-0.3965525214121314,-0.4377854490575275,0.0,-0.2217127734342647,-0.2478718084569988,-1.5151275263266908,-0.6892294005827133,-0.504692370160951,-0.165209897533052,0.0,1,0.10681668066678962
UCR8JGN56uZJD43Xite3vG0Q,-0.2396585098736054,-0.1669995174859874,-0.108489985180245,0.0,-0.2217127734342647,-0.2478718084569988,-0.2339163118279529,1.3270789124321505,-0.3750108348519452,-0.4536370273510891,0.25,1,0.10527500411122642
UCR8rshYkNNQSqs6W6FMd02Q,0.1214657800187098,-0.3175156563680221,-0.3981894355720533,0.0,-0.2217127734342647,-0.2478718084569988,0.046675825162175,-0.1097424033489514,-0.7980225919944269,1.5653528813751705,0.0,1,0.08813885995794646
UCR9UuIBwPdhhW8bpPmnRo-Q,-0.2383519722081153,-0.0015195498205474,0.1056767508068469,0.0,-0.2217127734342647,-0.2478718084569988,-0.873491917281427,-1.0035464880872889,-1.0238089377728894,0.7000714919210592,0.0,1,0.09543754218310913
UCR9z6OFrajaTWBgu3Umfh8w,0.7288618713095314,-0.3812960756127322,-0.4209985850330874,0.0,-0.2217127734342647,-0.2478718084569988,1.1985252208680086,0.1713573212242979,-0.7608827442243626,-0.5978505922601076,0.0,1,0.11513817231314388
UCRA1PRX4eCYPq6lKUCFF6EQ,-0.2451842820624681,-0.216441702947003,-0.3458798313838818,0.0,-0.2217127734342647,-0.2478718084569988,1.1160391827177816,1.1565455816173789,-0.1084103110761825,0.4116443621030221,0.0,1,0.11082858305451371
UCRBfb6hc7QJD0IjAPRVKTyw,-0.0079771108318046,0.0670739148251636,0.5074984734492077,0.0,-0.2217127734342647,-0.2478718084569988,1.162772539583067,-0.7520342633036392,-1.055195372251197,-0.5978505922601076,0.25,1,0.0737661384795007
UCRBpFIalBn-M7mmRV81tO2g,0.8936803810453385,-0.2757723255002218,-0.3252778231807243,0.0,-0.2217127734342647,-0.2478718084569988,-1.1361441913000487,-1.0119424749141004,-0.9455869270735612,0.123217232284985,0.0,1,0.10572966498072289
UCRC1RnPWiE3h8yA4mHt227Q,0.3602135425540245,-0.3211178727373246,-0.3725776272543535,0.0,-0.2217127734342647,-0.2478718084569988,1.1637740296005663,-0.0518607533305829,-0.0544076028540982,-0.5978505922601076,0.25,1,0.1210539466447304
UCREdcQjCGJF-LcChGdv1sAg,-0.1740811744193658,-0.2942374682336215,-0.4228242894038172,0.0,-0.2217127734342647,-0.2478718084569988,1.2743592008459284,1.0626833698728595,1.1173552955907593,-0.3094234624420706,0.0,1,0.10874076928731591
UCREzd_hIP92_wI5K1TKjwDg,3.160480433188177,-0.2428728261521024,-0.2690494593398991,0.0,-0.2217127734342647,-0.2478718084569988,0.64292687458787,1.2498939438342966,-0.3468632555340118,1.421139316466152,0.5,1,0.004876289349742158
UCRF0f3n46KQfBGRNc8WP9vA,-0.0311964554328149,0.0054830780794413,0.2036284800362697,0.0,-0.2217127734342647,-0.2478718084569988,1.0566649237317132,1.7013575171063946,2.178946858343045,0.8442850568300777,0.25,1,0.04292958712148709
UCRGAJrSN_BLSJ9fOmoEW2Ag,-0.2811063767575348,-0.4067234852783974,-0.3085770304765018,0.0,-0.2217127734342647,-0.2478718084569988,0.5978290128498336,-0.5727213722924621,-0.4031891870542653,-0.5978505922601076,0.0,1,0.12645210218231356
UCRHNGkLkUbGZHwfjSx3qqfA,0.4975477364093266,-0.3346791578923461,-0.3762342948764137,0.0,-0.2217127734342647,-0.2478718084569988,0.5636237672367195,-1.373713034524806,-1.2147790919480497,-0.5978505922601076,0.0,1,0.10479998005453228
UCRJmRbuqfi60SuxtYiW3oew,4.777870703715082,-0.3324542595466004,-0.3884380043491366,0.0,-0.2217127734342647,-0.2478718084569988,-0.9356545135597326,-1.373713034524808,-1.2147790919480497,-0.165209897533052,0.0,1,0.06317453099042919
UCRKUzPDYdsc7gUJb8Cbx-1Q,0.0,-0.1985819747294525,-0.5132702100095072,0.0,0.6913574657089212,1.6788067614388125,1.1883230509019085,-1.3737130345248083,-1.2147790919480497,-0.3094234624420706,0.0,1,0.013329568583816453
UCRKXbLrqPThjrlRYcUWjFaQ,-0.2268574482639347,-0.3732440625519382,-0.3343926868493052,0.0,-0.2217127734342647,-0.2478718084569988,-0.801364092996659,1.034292390694416,-0.1990528560173851,0.123217232284985,0.0,1,0.11185916429132736
UCRKp9xGVz9nIw_eHduy1E6A,0.0261237617645818,-0.2413393749113002,-0.3954002182582345,0.0,-0.2217127734342647,-0.2478718084569988,-0.0580670196117125,1.6280680595535613,0.7959544752446958,-0.165209897533052,0.0,1,0.10294606851631855
UCRMWaAC3bJ2FOZRRDuNHM1Q,0.6153197895404028,-0.4302631024082783,-0.519649512530923,0.0,-0.2217127734342647,-0.2478718084569988,-0.4358950866275817,-1.3737130345248083,-1.2147790919480497,1.8537800111932077,0.0,1,0.045135087597803714
UCROecyVH2v_irQucpSXVCKg,-0.2932134323428138,2.440192869413639,2.4044581472632958,0.0,-0.2217127734342647,-0.2478718084569988,-1.1062362452234809,2.316008205266097,2.390988199311959,-0.165209897533052,0.0,-1,-0.08510156629145471
UCROh_jMW6Pu3x_o0KegRV7g,-0.161835093572142,0.5365563605612178,0.6498663688625755,0.0,-0.2217127734342647,-0.2478718084569988,-1.3717276712443027,0.4818939402162285,-0.5529569383967039,0.2674307971940035,0.0,1,0.08111834668062834
UCROqGDh9OMFavfKReiteO0Q,-0.1349673168012399,-0.1120833757775022,-0.3745263512266231,0.0,-0.2217127734342647,-0.2478718084569988,0.3787338265845308,-0.3204041752115946,-0.3283923259887853,-0.165209897533052,0.5,1,0.09972081338836458
UCRQeF8gEJzqzX3IFIPxL3cA,-0.2768860109446169,-0.2939011268359275,-0.3272375828312354,0.0,1.6044277048521072,2.160476403912765,-1.1379196606615134,-0.0327590221779522,-0.0598888782693073,-0.0209963326240335,0.25,1,0.012218894254509172
UCRS18GYITkjpW5W0SqvMtHg,-0.0172907222923692,0.0662263345029747,-0.2416649299727122,0.0,1.6044277048521072,1.1971371189648596,0.3049531550547782,0.6356761740111688,-0.2923647922702823,0.123217232284985,0.0,1,0.044002177779784823
UCRSbGeloMR4L_oZz_bBAxsQ,-0.0302693212039513,-0.4092662262449639,-0.5905404698533198,0.0,-0.2217127734342647,-0.2478718084569988,-1.560353797224921,-1.3737130345248083,-1.2147790919480497,-0.4536370273510891,0.25,1,0.03940386811008967
UCRSlhe2nkHIIHCWQAMvYMLg,-0.2698448394247199,-0.3567162462692559,-0.4157887612582978,0.0,-0.2217127734342647,-0.2478718084569988,1.0728783203499028,0.7103473554387487,0.1340726495519452,-0.5978505922601076,0.0,1,0.12682920280393373
UCRT817aaVgXP3cWlxAq-_iQ,0.1733612352267373,0.3011120312895567,0.5982374037153082,0.0,-0.2217127734342647,-0.2478718084569988,0.9794766270757514,0.4366130605665744,-0.2513423907836445,-0.165209897533052,0.0,1,0.10809978754362781
UCRVCVTtNANjyhPgUsjC9rkw,1.905260569565076,0.1082286482469994,0.0720667173072938,0.0,0.6913574657089212,0.7154674764909068,-1.2309298012125784,0.7444267495148318,1.7167887177828496,1.2769257515571333,0.25,-1,-0.03906032861612141
UCRY3A47Jie-_Olsa591jqog,-0.3014906120969458,-0.198218726019943,-0.0445891620279361,0.0,-0.2217127734342647,-0.2478718084569988,-0.1366682415338609,0.3900164049146278,0.0283214479552717,-0.5978505922601076,0.0,1,0.12633923249360696
UCR_30faWJ88xF-QiH4ruwEA,2.3443249273891738,-0.0532824909256515,0.0022946694178739,0.0,-0.2217127734342647,-0.2478718084569988,-0.9356545135597326,-1.373713034524808,-1.2147790919480497,-0.5978505922601076,0.0,1,0.08854589413852904
UCR_YSxno8pxJNVId28VSw5Q,-0.098248824881373,-0.4389315375215733,-0.5057775846435271,0.0,-0.2217127734342647,-0.2478718084569988,1.1394570839781897,-0.9623265351910162,-0.8268262106777551,-0.5978505922601076,0.25,1,0.09240738645570812
UCRb2TnINcmAFNklQxvB4itg,0.0632717617375617,-0.3259208278963948,-0.2788566253997135,0.0,-0.2217127734342647,-0.2478718084569988,-1.0358285509949334,0.6360603501932194,0.1349554118634775,-0.4536370273510891,0.0,1,0.12069115311679723
UCRbUMOwFnjHZkX_nN1Nx2EQ,-0.2735958114003496,-0.3414598004698568,-0.5072237743020043,0.0,-0.2217127734342647,-0.2478718084569988,-1.0499452801358138,1.3454947984050505,2.229603725903707,-0.4536370273510891,0.0,1,0.05185631326634871
UCRbzxb55iqh_yFaF7y8rZ6Q,-0.1069931134831039,1.9736453081373724,1.0449265812447044,0.0,-0.2217127734342647,-0.2478718084569988,0.2576207885926031,2.0940299551603565,1.7671250985086824,-0.3094234624420706,0.25,-1,-0.03960516241930978
UCRc3gIC2TXbnHV0Iai8u7sA,0.1839287057356071,0.0717356065972022,0.0545582185463299,0.0,-0.2217127734342647,-0.2478718084569988,1.0906561092932037,0.3631589770593943,-0.5214693872653331,-0.165209897533052,0.0,1,0.12232341689720677
UCRd_9czd0mkQLf-c6hxRODg,1.109908323781235,-0.3287460956370242,-0.4137776464344242,0.0,-0.2217127734342647,-0.2478718084569988,-0.3014425156919231,-0.1460186282808379,-0.6633054022986736,-0.165209897533052,0.25,1,0.10017221015936878
UCRdjGa8Gg1hTQ2YKZRdZT2Q,-0.0863447754178937,-0.484842138306802,-0.4632874770353188,0.0,-0.2217127734342647,-0.2478718084569988,-1.108875892481232,0.6543522822767197,1.1783771250820887,-0.4536370273510891,0.25,1,0.08741175421972891
UCRdyhvvXLO4jNo60djOFkMw,4.07623038556691,-0.0123161086865243,-0.4598457286188754,0.0,-0.2217127734342647,-0.2478718084569988,-0.9356545135597326,-1.373713034524808,-1.2147790919480497,-0.0209963326240335,0.0,1,0.07476131035247074
UCReXeTcGQPqZdHHzSnnnwsw,1.3055529004263693,-0.5095632310373099,-0.5163395530806079,0.0,2.517497943995293,1.6788067614388125,1.2594669252529147,-0.396427869519958,-0.6100520107457331,-0.0209963326240335,0.0,-1,-0.004076716278427428
UCRgqAkj_qI2UTSGbRsSPfnw,-0.2827068300242334,0.718015602266192,2.301246878570959,0.0,-0.2217127734342647,-0.2478718084569988,-1.4169131537781532,-0.3941983615129306,-0.1647000198878616,-0.5978505922601076,0.0,1,0.04331248791508191
UCRhuU8B54CT4kWDmg7oLkOA,0.1427941292442246,0.2762958574331624,0.7907737185579863,0.0,-0.2217127734342647,-0.2478718084569988,0.0143725257323283,1.4486000018025416,0.7863338498168793,0.5558579270120406,0.25,1,0.05051335039866711
UCRii9yjmoGpOlNzZCBRf2cQ,2.698784490638493,0.4371032669121768,0.5394148443641813,0.0,-0.2217127734342647,-0.2478718084569988,-0.7929911346034527,-1.2154359321644732,-1.0219211620241235,-0.3094234624420706,0.0,1,0.05745029485873471
UCRk4aTSxez8bnZTOHOJG2Vg,-0.2892835504807091,0.3583237030373034,0.5035655024608192,0.0,-0.2217127734342647,-0.2478718084569988,-0.8891581604222946,-0.9082882779635768,-0.8585541910808335,-0.165209897533052,0.0,1,0.09179342781990563
UCRkP97bcSb4iIwE7xF3lvng,-0.2901240459122901,-0.2411627956775108,-0.3377597578952463,0.0,-0.2217127734342647,-0.2478718084569988,1.0554862715235989,1.8535808462176009,1.832849749780528,-0.4536370273510891,0.0,1,0.07283332128692699
UCRlO38cIew3bRGLRIJBSxqA,-0.0918132915214052,-0.2422929027737626,-0.1850690402043976,0.0,-0.2217127734342647,-0.2478718084569988,-1.157903522126004,0.0809748253378828,0.5483650430664125,-0.5978505922601076,0.25,1,0.11129905652598748
UCRljB1MO6gJr4D_FQ6thizw,-0.2523053851811973,-0.1764843449009577,-0.1534538067791985,0.0,-0.2217127734342647,-0.2478718084569988,-1.5483235264651638,-0.2909969965827953,0.0207255746026211,0.7000714919210592,0.0,1,0.08858901255529678
UCRllauuwNU-Oycwi3DRkl3w,-0.1993685368133731,0.6950098506639234,0.843993383075132,0.0,-0.2217127734342647,-0.2478718084569988,-0.7227711396166011,-0.790701887082076,-0.6503849529288531,-0.3094234624420706,0.0,1,0.07937071072151852
UCRnmCEmz3iTiZUIA_K8L3qA,-0.2235547344663918,0.3408423588921586,0.6707045858231252,0.0,-0.2217127734342647,-0.2478718084569988,0.854049005977639,0.9177010349363603,-0.2047060370531046,-0.5978505922601076,0.0,1,0.10411364329355338
UCRpi4ZOzNkh60r4FBYXLj8Q,0.5320353011424194,-0.2303326026717645,-0.2609520381504293,0.0,-0.2217127734342647,-0.2478718084569988,1.179182406106866,-0.5551352755611889,-0.3226087062882015,-0.0209963326240335,0.0,1,0.12262777777315964
UCRqjdA7uJzu1J6PvD5wqrYg,-0.1179591528845878,-0.0815351683319462,-0.479029437663709,0.0,-0.2217127734342647,-0.2478718084569988,0.5636237672367195,0.3547938115276458,1.7623960538871848,-0.4536370273510891,0.25,1,0.08859521936666176
UCRr73IzPT9vO8ICaLzMt6_g,-0.2874109901389694,1.3325113358531002,1.4697461681736732,0.0,-0.2217127734342647,-0.2478718084569988,0.5196938122449596,0.0067232451586501,-0.3252360533026571,-0.5978505922601076,0.0,1,0.04740244287928447
UCRsrOw4Bqp2toVJBwF5YD8w,-0.2611763042689314,0.491095234189271,1.11128400477662,0.0,-0.2217127734342647,-0.2478718084569988,0.5676497074098916,0.930111743517266,0.3394267990651821,0.2674307971940035,0.25,1,0.07421542239434553
UCRt-kh-2FC24gW91i7ijslQ,2.550380861282684,-0.0953355146034823,-0.2040795394833094,0.0,0.6913574657089212,1.6788067614388125,0.9516604270261254,1.972233503091764,0.0457299399645994,0.5558579270120406,0.25,-1,-0.03769993631811541
UCRtPH-t8SifJkJX6cqmwj2A,-0.2252511402238716,-0.3558686659470671,-0.3549144683244289,0.0,0.6913574657089212,0.7154674764909068,0.4540877904904498,1.5375190500359743,1.288200843331408,0.8442850568300777,0.5,-1,-0.008139248859528991
UCRu9mL0ujOnxUY--PlqTt3A,0.2741218270610663,-0.2669938150204088,-0.1989239984672533,0.0,-0.2217127734342647,-0.2478718084569988,0.781572576043622,0.9649169296741826,0.0130697894933551,-0.3094234624420706,0.25,1,0.11754615681797648
UCRv0M_jcnCPoZG9Q_d7iUWg,-0.2646300697653527,0.111995671901172,-0.5824590789753877,0.0,-0.2217127734342647,-0.2478718084569988,0.438683910503682,-1.3737130345248074,-1.2147790919480497,-0.165209897533052,0.0,1,0.082372043167524
UCRvMSJ5Ss-7wgXgXbTihZYQ,1.296915926480534,-0.101110237677736,-0.184583755606741,0.0,-0.2217127734342647,-0.2478718084569988,0.7984494007199234,-0.2736873218970064,0.8189873673414175,-0.3094234624420706,0.0,1,0.10062346520529014
UCRvkmG7fkSysN4SMaGaZ-7Q,-0.2921923278763042,0.4510278007767077,0.3914793980056128,0.0,-0.2217127734342647,-0.2478718084569988,-0.9078042833890996,-0.2358684054644669,-0.7940706247065308,-0.5978505922601076,0.25,1,0.07860161417255751
UCRw14qvBPk_pnRx7mHQ9dOg,-0.1505306781368087,0.0840255212689404,-0.3121555727620169,0.0,-0.2217127734342647,-0.2478718084569988,0.6885636239697576,-1.3737130345248083,-1.2147790919480497,-0.5978505922601076,0.25,1,0.07553419648110904
UCRwsjitJW1YHmQL7GzJgyuw,-0.1417570106797588,-0.1602895066019924,-0.1006700772199285,0.0,-0.2217127734342647,-0.2478718084569988,1.1251886257801138,-0.7229374020414114,-0.2100293036917441,-0.165209897533052,0.25,1,0.11854447850548705
UCRyMCXAVxGh4ShHxpVVJP8w,-0.0285038302544514,-0.2414453224515738,-0.0673217290253296,0.0,0.6913574657089212,1.6788067614388125,-1.3220469264817416,-0.0973462672145869,-0.5032608435602417,0.8442850568300777,0.0,1,0.03772756797358284
UCRyhBjm5HW73BhI_mgLlX8w,1.2963917366853523,-0.2486968429858561,-0.1359529819761733,0.0,1.6044277048521072,2.160476403912765,1.4303282558068302,-0.1266578618074444,0.0021095482082884,-0.0209963326240335,0.0,1,0.006056456757882633
UCS0BKkADiDte-YltNS20lFA,-0.2806484946842225,-0.2631998840544207,-0.2140895309066072,0.0,-0.2217127734342647,-0.2478718084569988,1.2214090223135343,-0.6454193663865168,-0.3966222204638079,0.8442850568300777,0.25,1,0.09836669926569896
UCS11wAYOnWu8ksrRAQyqf3g,-0.1245750957225065,-0.4127978109207508,-0.4647514111069343,0.0,0.6913574657089212,0.7154674764909068,0.2633372815077566,-0.6838003967813323,-0.3984784152076537,-0.4536370273510891,0.25,1,0.05027929152423216
UCS2uGFIavn4hetsaXZbBClQ,0.2804594365610159,-0.2560963537351237,-0.2801622133134217,0.0,-0.2217127734342647,-0.2478718084569988,-0.0243873259927058,0.745029582263047,1.196833316970068,-0.3094234624420706,0.0,1,0.11148392475671187
UCS5MrdaDOdaEtve7jXfp9UQ,-0.218073182521242,-0.1274457691171749,0.2565812665864025,0.0,-0.2217127734342647,-0.2478718084569988,0.4358849205153473,0.2419217313516367,-0.3266685075669472,-0.4536370273510891,0.25,1,0.11435372899814067
UCS6903cdTxHUQH2wnE5PXEg,-0.2150463558294776,-0.0125986354605872,0.0294100757001914,0.0,-0.2217127734342647,-0.2478718084569988,-1.0605943702927705,1.6079612749156738,1.4790335539156687,-0.5978505922601076,0.0,1,0.08332006321824553
UCS6Iurq14Z6uc9EgnYFEjkA,-0.2812986705731351,-0.2191660682683243,-0.3309073132953481,0.0,-0.2217127734342647,-0.2478718084569988,-1.478560525702309,2.2696095125513374,1.8412569410326591,-0.3094234624420706,0.0,1,0.012538069228488158
UCS7bb3vxlu8QPW63fgv8unw,0.1312928723872904,-0.3319245218452323,-0.3846692251843624,0.0,-0.2217127734342647,-0.2478718084569988,-1.0916949588461995,-1.1309903308066718,-1.0491905244906563,-0.165209897533052,0.0,1,0.1141972502647779
UCS9GHXdFBfcoNR59oAgGjjg,1.6969349572007904,-0.5012892326540379,-0.5209431434411115,0.0,-0.2217127734342647,-0.2478718084569988,-1.29834361275606,-0.3281573203008156,-0.3590304189770467,-0.3094234624420706,0.75,-1,-0.01899286801684852
UCS9fwF-italmITMm-fq2cxQ,-0.2994734022234818,0.1526795273662363,0.2693910094272823,0.0,-0.2217127734342647,-0.2478718084569988,-0.2179462778206793,1.1888040616906477,2.140038867307442,-0.5978505922601076,0.0,1,0.06418923790365999
UCSAHT5CECANBo1ZBgvPE1zg,2.307443733012636,-0.2579378228874983,-0.3773207401496926,0.0,-0.2217127734342647,-0.2478718084569988,0.480466185374878,-0.392132049884082,-0.5401677568760036,2.1422071410112444,0.5,1,0.023203465271183887
UCSCm490iUWT2tSn64O-YkqQ,-0.2971463765943087,-0.2956904630716595,-0.4109431735546949,0.0,-0.2217127734342647,-0.2478718084569988,-1.418585887056076,1.3312244034482017,0.1567031776150271,-0.5978505922601076,0.0,1,0.09172663392874975
UCSDdGp66w8Df5FNqosEkL8w,-0.1576080939872189,-0.4118089672115304,-0.463763969594697,0.0,-0.2217127734342647,-0.2478718084569988,-1.4112731793976525,-0.7004744327573831,-0.7923904484458306,-0.5978505922601076,0.0,1,0.10856830497629061
UCSEjNVXZbdns-GDtG1U3JMg,-0.297653398683939,-0.0092083141718318,-0.47584147383325,0.0,-0.2217127734342647,-0.2478718084569988,1.005058597727836,0.6399773842892886,-0.1482360757041387,-0.5978505922601076,0.0,1,0.12559231382839958
UCSEnTsBo7CaSPJy8qSOwchQ,0.0476047066551676,-0.2010036327928492,-0.2171587557070353,0.0,-0.2217127734342647,-0.2478718084569988,-0.8731845851932134,1.913536592342804,0.6635260574689567,-0.3094234624420706,0.0,1,0.08241036685106912
UCSF6UomQwIxC8T3wnPvainA,-0.2695183226931895,-0.187482708605551,-0.2823014991765059,0.0,0.6913574657089212,0.7154674764909068,1.252547396421101,0.5678231854363316,0.3351414313625071,-0.4536370273510891,0.25,1,0.06528425141719318
UCSF72pFFjfyuXnp_ZH3IebA,-0.2830342738729444,-0.1401594739500075,0.0771497012093932,0.0,-0.2217127734342647,-0.2478718084569988,0.4692229342110277,0.6673635672078987,0.0416679975363626,0.123217232284985,0.0,1,0.12239965516212958
UCSFnvHBtXEfniAWp7IFMi_w,-0.299274812959387,-0.0313866659357731,0.0238902797610666,0.0,-0.2217127734342647,-0.2478718084569988,0.5173364033188178,1.4351105903104284,1.0630054310873018,-0.4536370273510891,0.0,1,0.11594790125987497
UCSH9j3351LbD_isZZnT3swg,-0.2126066245297402,-0.2559954513158155,-0.306901577955918,0.0,-0.2217127734342647,-0.2478718084569988,-0.7482447284601761,-1.0496180008899734,-1.214779091948049,-0.4536370273510891,0.5,1,0.06846407830997508
UCSIUusiaGHzvdQEWiShs9KA,-0.2966580170918481,0.0708880262750134,1.0907489140116229,0.0,-0.2217127734342647,-0.2478718084569988,-0.8332404261244694,1.2424200481590992,1.223339315663019,0.123217232284985,0.0,1,0.0773465374280215
UCSIwJtVU38K6jn-T55Sx3sQ,-0.2280935363615336,-0.3011997351658869,-0.4527888727056227,0.0,-0.2217127734342647,-0.2478718084569988,0.9518531361200384,0.8313210074981374,0.9176665168916855,-0.165209897533052,0.0,1,0.1236029022707486
UCSJeAvoN75qeUKLRKVvEXzg,-0.1906228804026669,-0.4503412726279615,-0.5811337521258281,0.0,4.343638422281664,4.087154973808577,0.7168802436943054,-0.5692986888541002,-0.4939704238013844,0.5558579270120406,0.0,-1,-0.0474849480027989
UCSK3GvCts3xjt4MNerjrQWQ,0.020891045203249,-0.1529847025094439,-0.3137126585476233,0.0,-0.2217127734342647,-0.2478718084569988,0.5505312645145747,-1.1907775676531691,-0.9614648035476472,1.421139316466152,0.0,1,0.08300293659663072
UCSL5_XX844vS-YAbLgO0lSA,0.0714042277760596,0.095891645779584,0.0818080736225135,0.0,-0.2217127734342647,-0.2478718084569988,-0.6857748000936571,-1.3737130345248083,-1.2147790919480497,-0.5978505922601076,0.25,1,0.07368841145090949
UCSL5vxKWOH2v-LXUU2jsAUw,1.51421111418358,-0.2552891343806582,-0.2080056726518145,0.0,-0.2217127734342647,-0.2478718084569988,0.6678727649398496,-1.194118341410486,-1.0202827234216163,-0.4536370273510891,0.0,1,0.11120966197828747
UCSLQYMjdxUCYP1sEUwuvbCw,-0.0508686443523861,-0.2319806755204651,-0.4108308169154517,0.0,-0.2217127734342647,-0.2478718084569988,-1.3632256457744891,1.1110155566755937,1.4681860319466642,-0.4536370273510891,0.25,1,0.08496201688528082
UCSLa4Lll44idGWrO0IhFieQ,2.141273895661743,-0.0006114280467737,-0.1744027085655111,0.0,-0.2217127734342647,-0.2478718084569988,-1.2575353026260163,-0.5010904791341089,-0.9199413136204788,-0.3094234624420706,0.0,1,0.08947300290931626
UCSLaYPgIdARlxHkHO1W1s0g,-0.1824001462539655,-0.2590561580348308,-0.2260250781867339,0.0,-0.2217127734342647,-0.2478718084569988,0.6153157431447549,1.9814818905568423,0.1085158365527677,-0.0209963326240335,0.0,1,0.09597933947885107
UCSLz4GtoLvp1AhxFY6jCX5w,-0.0338729748436345,-0.1811258561891348,-0.2562210726166598,0.0,-0.2217127734342647,-0.2478718084569988,1.1600583681485033,-0.2342437935502518,-0.5531794288546897,-0.4536370273510891,0.0,1,0.13196984141643614
UCSMvFrrT9XyHB2PVoFHSWcA,-0.1783644128150487,1.8215651817560603,1.9376536713662609,0.0,-0.2217127734342647,-0.2478718084569988,-0.8512601821015386,1.5658911022060304,0.5316667819612511,-0.5978505922601076,0.25,-1,-0.0110692238388439
UCSN63doDgnvcppEluN_P0tw,0.8545232238801692,-0.1520255984606512,-0.1636813114509724,0.0,-0.2217127734342647,-0.2478718084569988,1.124984949437067,-0.9217816260603124,-0.9107537539804006,0.123217232284985,0.0,1,0.11198303943667948
UCSOzCFRSlMcmCnSF81whhZQ,-0.1004579506149353,-0.0758846328506872,-0.1791020328702733,0.0,-0.2217127734342647,-0.2478718084569988,-0.9574212261142332,-0.3261438876594885,0.2951969704540467,-0.4536370273510891,0.25,1,0.11390475624238366
UCSP3gcMnOhvoudPk_8y0-Ag,-0.1607182085535003,-0.2637649376025466,-0.2742221603503417,0.0,-0.2217127734342647,-0.2478718084569988,0.6415323072000775,-0.1319673943378749,1.0399058802213457,-0.4536370273510891,0.0,1,0.12852871337264854
UCSPA3ltspWsJ_oYsmwCdo1g,-0.0543596287992551,-0.1168510150898144,-0.0262039802702264,0.0,-0.2217127734342647,-0.2478718084569988,-1.4759594657667272,0.96506915543511,1.260687709480784,-0.4536370273510891,0.0,1,0.09137493541738811
UCSR_QSO0HJyMqJsPHKFqUGA,1.0857338319379923,-0.2343014311645535,-0.2914707746068645,0.0,-0.2217127734342647,-0.2478718084569988,0.8135034807027949,-1.373713034524806,-1.2147790919480497,-0.3094234624420706,0.0,1,0.10844471167939135
UCSTjtpyqIt5CeqRYGjI-ecA,-0.2838865789739866,-0.2405977421293849,-0.3518771610039709,0.0,-0.2217127734342647,-0.2478718084569988,1.3224427699200554,0.3020560845491521,-0.0089626482077863,-0.5978505922601076,0.0,1,0.12254230728182941
UCSTzzyk6HvlFnzsx7muZ97g,-0.2998823394487854,0.2043819270197555,0.2674707949028722,0.0,-0.2217127734342647,-0.2478718084569988,0.5137167746741639,-1.0626533451216784,-1.136313342245782,-0.5978505922601076,0.0,1,0.09565596852130465
UCSU7sG44tJRYCf_mZWs2N-w,-0.2885295704261732,-0.4841358213716447,-0.5466234715475369,0.0,-0.2217127734342647,-0.2478718084569988,0.9113656137291132,1.4351105903104284,1.981802528551278,-0.4536370273510891,0.25,1,0.04550829080276031
UCSVz193DQGmnwOncMD3LxXg,0.2571476312636389,0.3841993522964338,0.114090216553684,0.0,7.082849139711223,4.087154973808577,-1.235987540761064,-0.0265195836748581,-0.4645396887852316,0.5558579270120406,0.0,-1,-0.09350763914454041
UCSWfx2gNSjAM3wXx9AJH6XA,0.0523512358477869,-0.3999428427008867,-0.4483555206417959,0.0,-0.2217127734342647,-0.2478718084569988,0.7792982350896812,-0.5727213722924636,-0.4031891870542631,-0.5978505922601076,0.0,1,0.13052430145859617
UCSZid2wzqxgPDUpuUDaB6Cg,-0.271496101117073,0.2459133628070086,0.3488202281686766,0.0,-0.2217127734342647,-0.2478718084569988,-1.473743107764171,1.6477317471448856,1.4045402785333043,-0.5978505922601076,0.25,1,0.05256867170056989
UCS_5IEhg2wqMeTDwEFizitA,-0.2400231146033182,-0.027148764324829,0.1972380465113338,0.0,-0.2217127734342647,-0.2478718084569988,-1.3289748704725757,-0.1093270303296875,0.9573034094632256,-0.4536370273510891,0.5,1,0.05054208779447661
UCS_8UngNbgwoCEDecrueXzA,-0.2978729709003502,-0.4228275113999853,-0.3829786102650565,0.0,-0.2217127734342647,-0.2478718084569988,0.4728891561167959,-0.5727213722924621,-0.4031891870542653,-0.5978505922601076,0.25,1,0.10894710809495178
UCSclSvMq4D3GCi7r90bAFWQ,0.0788513249627094,-0.4255115157535833,-0.552479051111395,0.0,-0.2217127734342647,-0.2478718084569988,-1.4275170178466123,-0.0773328999854683,1.2689454526998485,-0.4536370273510891,0.25,1,0.0719450243782151
UCScpOrZ3XaroUs4TDhP5KIw,0.4851194885351147,0.1399658225334037,-0.096032716717769,0.0,-0.2217127734342647,-0.2478718084569988,1.2102474539935832,1.889986135840865,1.042058391904063,-0.5978505922601076,0.0,1,0.06463696762238791
UCSdpxZ3i3HFqPkk_Dt3eyTg,-0.2777882262196705,-0.4233925649481113,-0.3577644846989978,0.0,-0.2217127734342647,-0.2478718084569988,0.6465430243641391,-0.9415863230116952,-0.9546516042926644,-0.4536370273510891,0.25,1,0.09275689890766753
UCSeN4d16aIIluNOdkY30tWg,-0.2482371012023397,0.6985212548558486,1.0788132562412789,0.0,-0.2217127734342647,-0.2478718084569988,-0.1067173913591802,-0.7130864942069817,-0.5013239131827841,-0.5978505922601076,0.0,1,0.07554740554762557
UCSezhcz1LOLfPy_BvLgGHEw,0.0001320362918531,-0.3717305262623153,-0.3848396063894685,0.0,-0.2217127734342647,-0.2478718084569988,0.4219067225045599,0.793357328816135,1.3672065491461292,0.7000714919210592,0.0,1,0.08926434941375383
UCSgpgSpedoYZCNgNfvPevOw,-0.1058785932825824,0.117081153834305,-0.0797784526336441,0.0,-0.2217127734342647,-0.2478718084569988,1.2123157580974515,0.1072583870913429,1.1376148930620766,-0.5978505922601076,0.0,1,0.10556146030206864
UCShjx-A9up3IXsksClxr8uw,-0.2986233326049849,-0.3916083028660298,-0.4916085871412882,0.0,-0.2217127734342647,-0.2478718084569988,1.11481718551578,2.407395691214933,1.3378210100607213,-0.4536370273510891,0.0,1,0.041063789015770846
UCSj6YzM0Tnf-AVYbHjSLGsA,-0.2677750934781562,-0.1274457691171749,-0.3132447842511167,0.0,-0.2217127734342647,-0.2478718084569988,1.4181221942701052,0.0306987778928099,-0.5265585625474937,-0.4536370273510891,0.0,1,0.11759807726440802
UCSkUwNioVrXLtwUNWZ7p7rQ,-0.2530789981426433,0.7307293070990246,1.0146717835818917,0.0,-0.2217127734342647,-0.2478718084569988,0.2320313211010267,1.5631086663291087,0.683945759227249,-0.5978505922601076,0.5,1,0.03848694211925091
UCSkvzJvM2N6C-3AoB9JQG6w,4.764942353340541,-0.4671842149278679,-0.5450728892673444,0.0,-0.2217127734342647,-0.2478718084569988,-1.0605943702927705,-1.3737130345248083,-1.2147790919480497,-0.0209963326240335,0.0,1,0.04060526958965294
UCSl3cldrsFxmGNwkTOw7XIw,-0.1050469862530995,0.2396854900048384,0.3068122766322503,0.0,0.6913574657089212,0.7154674764909068,0.0987494229168117,0.7825880310697257,0.7501863068070322,1.997993576102226,0.25,1,0.0012840461737597675
UCSnFbM8agTkZsBJYpLnoDOA,0.4183096006293445,-0.4117383355180147,-0.4456201579289143,0.0,-0.2217127734342647,-0.2478718084569988,1.3198665363237934,-0.281976343698014,0.1770469416050609,0.4116443621030221,0.0,1,0.09964149591431365
UCSqUuCs4GNpkcqRFuOuxPaA,-0.2674658271335622,-0.4262178326887407,-0.4149221336059648,0.0,-0.2217127734342647,-0.2478718084569988,-1.556662364891591,1.4015085091006787,0.7935154797718497,-0.3094234624420706,0.25,1,0.06165430819553819
UCSr0cVjai_tDvk8plNPgr0w,1.2185423438742835,-0.2134751718193421,-0.4567964660395887,0.0,-0.2217127734342647,-0.2478718084569988,1.2131735779275965,-1.1667200510605331,-1.022931991997981,-0.5978505922601076,0.0,1,0.11190892611948783
UCSs7CXaQq6VXGqx9Rybw8nA,0.5309017988567006,-0.4722293358932777,-0.4823413268886128,0.0,-0.2217127734342647,-0.2478718084569988,-0.2042742815128179,-0.7390554704038862,-1.103485759355446,-0.3094234624420706,0.0,1,0.10364899118577053
UCSsdoUpOAqTqwpOojiWy9wg,-0.1928340718837338,-0.1860700747352363,-0.2688811254851562,0.0,-0.2217127734342647,-0.2478718084569988,0.517981892306008,-0.3723265260209647,-0.6612211022357385,-0.4536370273510891,0.5,1,0.086003377111179
UCStb05Z0RVc_kGNXymqzb6Q,-0.1958898834302953,-0.4310611488155341,-0.416202702724776,0.0,-0.2217127734342647,-0.2478718084569988,0.6950469805759302,-0.4621425509487143,-0.6205910697781405,-0.3094234624420706,0.25,1,0.11009567906082657
UCSvJAXq4Klh3vH_rzFkeF3w,-0.0662865365529363,-0.4905935762073692,-0.5067402433125827,0.0,2.517497943995293,1.6788067614388125,1.0445587660730649,1.5044564456493932,1.217113552361372,1.7095664462841889,0.0,-1,-0.032143178716067644
UCT-8oFVNQHeH-ma0K9moZVQ,-0.0240354421518186,-0.0525761739904941,0.0132113533535118,0.0,-0.2217127734342647,-0.2478718084569988,0.8518326479750831,1.1110155566755937,0.729289835174343,-0.4536370273510891,0.25,1,0.11460395276450702
UCT027MsUrcJw70UteguhLmg,-0.2909123429206543,-0.0481970089925184,-0.3816058102825399,0.0,-0.2217127734342647,-0.2478718084569988,0.9639938487546734,0.7270064767866358,1.6439917919474385,-0.5978505922601076,0.0,1,0.10722596305549592
UCT0cX1LIBjqseP9q4y6IkRw,3.303848699426467,-0.2745009550169385,-0.387056461236048,0.0,-0.2217127734342647,-0.2478718084569988,0.0390138132788807,-1.1667200510605318,-1.0229319919979831,-0.5978505922601076,0.0,1,0.0946369458476663
UCT38sbSPio9wLTp-oR-CAKw,-0.2924882136458496,-0.0031339885294785,-0.0875132314557952,0.0,-0.2217127734342647,-0.2478718084569988,1.406097590701329,1.6789343090966402,0.4404505392556052,0.4116443621030221,0.0,1,0.07094228719029161
UCT3_dxZ_pmfCKpJJmyAfdAQ,-0.2672152511828998,-0.3598240407839483,-0.3821203602328908,0.0,-0.2217127734342647,-0.2478718084569988,-1.4736628188856429,-0.533718481020856,-0.1642580709468002,-0.4536370273510891,0.25,1,0.10086356898927551
UCT4700WW7RNXRnqn9cMlPYQ,-0.2979848835511157,0.0385387106448059,0.5594873095213142,0.0,-0.2217127734342647,-0.2478718084569988,0.7224751340676158,2.118487353941556,1.4039442661229249,0.8442850568300777,0.25,1,0.037558570948316994
UCT4h4tL5nDSO1rmkCXxitpQ,2.490090836933228,-0.1345910683449297,-0.1854732153862799,0.0,-0.2217127734342647,-0.2478718084569988,1.1736230303441428,0.968992331311701,-0.1301191448234486,4.882264874282597,0.0,-1,-0.0038337044082513705
UCT6Fi1ZtOq-XDZMdBJZYoHQ,2.2945169051384986,-0.4313033146218737,-0.4822978451925821,0.0,-0.2217127734342647,-0.2478718084569988,1.3132629076349451,1.737599288369609,3.199552782412107,0.123217232284985,0.0,-1,-0.03185903109364774
UCT6fmYeQhbDITHf5huyjFPA,-0.1968168576400034,-0.2362185771314093,-0.2557806337806757,0.0,-0.2217127734342647,-0.2478718084569988,1.2549383111939116,0.8949522009190368,0.2148940590677457,-0.4536370273510891,0.5,1,0.0875383962426668
UCT7wdwhxwUvSJkHHMrc4Hkg,1.826621368355981,-0.2358654186638306,-0.0424479866378164,0.0,-0.2217127734342647,-0.2478718084569988,0.8883721600366055,0.1280096345246428,-0.2047810871870471,0.4116443621030221,0.0,1,0.09506509955369252
UCT8m3FXCoQz2R8oPgR0DN-w,-0.1053752344696179,0.664618041968295,0.975730105739419,0.0,-0.2217127734342647,-0.2478718084569988,0.3058471311253731,1.7294054150060438,1.5542128978691536,-0.5978505922601076,0.0,1,0.05317505396276456
UCT8rzlmv7RBp4i8sf3iVwtg,-0.0197697351535171,-0.2482259650290845,-0.3096253738051586,0.0,-0.2217127734342647,-0.2478718084569988,-1.0605943702927705,-1.3737130345248083,-1.2147790919480497,-0.5978505922601076,0.25,1,0.08352661101526043
UCT8t2SuqoFfnI5Ub9RXavPg,-0.2377066661412249,0.3741805182315863,0.4414089062566259,0.0,-0.2217127734342647,-0.2478718084569988,1.2626010983762983,0.5965475508271466,0.7536703954279724,0.8442850568300777,0.0,1,0.07482192622258155
UCTB2-6cbIjyH3cQLipK3jmA,3.3699090448506897,0.2687980315061073,0.5777729592154277,0.0,-0.2217127734342647,-0.2478718084569988,1.3132629076349456,-1.373713034524806,-1.2147790919480497,-0.5978505922601076,0.0,1,0.030914088257422312
UCTBLOjmW2hYr6uRFVlMLkjA,-0.2944307600930227,0.8389587943939071,2.3241850639663704,0.0,0.6913574657089212,2.6421460463867183,0.530417112585669,1.2322992868581295,0.7358383348168271,0.5558579270120406,0.0,-1,-0.05408254707908966
UCTFIxp3ac9LgeSbleTkdd6A,0.1003513098429863,-0.0071364511620369,0.047676150481497,0.0,-0.2217127734342647,-0.2478718084569988,0.7333804254756746,-0.6073152096511626,-0.4416188058056418,-0.0209963326240335,0.25,1,0.11770910081030611
UCTFrl0KTzHTqpYYKAl8p0pg,3.8357305235102,16.76059215049544,0.3581384332832261,0.0,-0.2217127734342647,-0.2478718084569988,0.8135034807027949,-1.373713034524806,-1.2147790919480497,-0.4536370273510891,0.0,-1,-0.07472377970442567
UCTFxVVYzyaWaL4a27duBS4g,-0.2857724635547627,-0.2482259650290845,-0.0995687577321851,0.0,-0.2217127734342647,-0.2478718084569988,0.5617411136457509,-0.1507178378021397,-0.2154963235420896,1.132712186648115,0.0,1,0.11356152711818829
UCTG1OPWCER0zdGkMOgtlJjA,2.5529109438336803,-0.2951455900073952,-0.2930360987826866,0.0,-0.2217127734342647,-0.2478718084569988,-1.212169260990069,-1.1558534476106992,-1.0407764807486903,0.7000714919210592,0.0,1,0.08389313295830764
UCTGEPPRerDe-_wOEemVmm4g,2.2548520974215074,-0.0117510551383983,-0.1676129334299984,0.0,-0.2217127734342647,-0.2478718084569988,0.8135034807027949,-1.373713034524806,-1.2147790919480497,-0.5978505922601076,0.0,1,0.08971140335586175
UCTGUaQxmF7ApDZhMM_5KRfg,-0.0458311193545048,-0.2133447748466977,-0.2289930069092303,0.0,-0.2217127734342647,-0.2478718084569988,1.377617378638223,0.3472357623625741,0.20331289926401,4.305410614646523,0.25,1,0.016076811240311573
UCTHJez5byxuR8cd9-92KX1g,1.380107264628874,-0.2312743585853077,-0.2191328775788837,0.0,-0.2217127734342647,-0.2478718084569988,-1.4602644675175716,-1.166720051060533,-1.0229319919979818,-0.5978505922601076,0.0,1,0.09830555373024402
UCTLn6KtFGPipBKO_reldlvQ,0.7246550779699905,-0.1473639066886126,-0.0492405566330017,0.0,-0.2217127734342647,-0.2478718084569988,-1.2598730070491988,-0.9076648272380892,-0.9353821066146562,-0.5978505922601076,0.25,1,0.09484396125193245
UCTMIhzxjycbx2aaixQKPaNw,-0.2484826156154936,0.9769513906948823,0.2506224402229219,0.0,0.6913574657089212,1.6788067614388125,-0.3280919577337863,-0.1421519067124353,0.691657400362645,0.123217232284985,0.5,-1,-0.03746011202968236
UCTMXFWOOHSX7jRYSk9A6bLA,-0.1664281252540049,-0.1726500529672464,-0.2948012707439201,0.0,0.6913574657089212,0.7154674764909068,0.7927755039522472,0.6430431484258753,0.1888907217984713,-0.4536370273510891,0.25,1,0.07139653621858488
UCTNWJL89ZKGPwI5vsaKOc1A,2.572285076575741,0.3450802605031028,1.6202158761141106,0.0,-0.2217127734342647,-0.2478718084569988,1.0771556971999414,-1.246118156694654,-1.035202949949127,1.2769257515571333,0.0,-1,-0.003800950633273792
UCTNe1PH2LuC-sV8txr__DUQ,2.5877959785721862,-0.0702340973694283,-0.0847936616803241,0.0,-0.2217127734342647,-0.2478718084569988,0.1888041970376066,-1.3737130345248074,-1.2147790919480497,-0.5978505922601076,0.0,1,0.08713226213204733
UCTPTnBO46Q7gUbnZeamoRDg,-0.1557805751917691,-0.1987837795680689,-0.2675832481114047,0.0,-0.2217127734342647,-0.2478718084569988,1.1883230509019085,-1.3737130345248083,-1.2147790919480497,-0.4536370273510891,0.25,1,0.08537914036441419
UCTRzwbjZxwzSwuIt9GfqqHg,-0.0951906543607893,0.4686026280456233,0.5037043918758226,0.0,-0.2217127734342647,-0.2478718084569988,0.8878306803039041,0.2267261654467932,-0.1786038773293962,3.5843427901014304,0.25,1,0.012306985396139447
UCTSUFE45B-liBKLuJgfbvAQ,1.329150195690732,-0.3759684278732595,-0.461037869354721,0.0,-0.2217127734342647,-0.2478718084569988,-1.0119439985453025,-0.3707010374888319,-0.1766468257701575,-0.3094234624420706,0.25,1,0.08938211412730507
UCTTK3BDWg-_WRBpQq5Bb_QA,0.6789037866365203,-0.3626493085245778,-0.5041040085232282,0.0,-0.2217127734342647,-0.2478718084569988,0.6142248439463667,-0.9076648272380892,-0.9353821066146562,-0.5978505922601076,0.0,1,0.11417867802912929
UCTV-WQyRb6uYh7F33nyrifA,2.316915540607561,-0.4050283246340197,-0.4276323868094084,0.0,-0.2217127734342647,-0.2478718084569988,-1.379881472896263,0.7340987371669621,1.9887226736412045,0.8442850568300777,0.25,-1,-0.0011422592982123225
UCTVmgKyPB8f7pdR6EAz3Y5g,-0.1867268641109651,-0.316738707739349,-0.3318453384955027,0.0,-0.2217127734342647,-0.2478718084569988,1.1868712281615004,-0.9390756294551428,-0.6357864884858817,-0.4536370273510891,0.0,1,0.12054578874636107
UCTWNBGi-GCLeop4Xa2sYaWQ,5.811268447240956,-0.4259823937103549,-0.4562940336059032,0.0,-0.2217127734342647,-0.2478718084569988,-1.1855342270258078,-1.3737130345248083,-1.2147790919480497,1.2769257515571333,0.0,1,0.008599041720041611
UCTWVdFpZaBtYDd-Sra7-wkg,-0.2974300016096685,-0.281069702513902,-0.2545621515532592,0.0,-0.2217127734342647,-0.2478718084569988,-1.4921060480066637,2.1103085770496683,0.4503038484452126,-0.165209897533052,0.0,1,0.046870352070524535
UCTW_udshchHbLB6NDD21oDQ,2.7579251388495587,-0.3541735053026894,-0.4659439383206012,0.0,-0.2217127734342647,-0.2478718084569988,0.1393669815846988,0.1576924797937476,1.58595083432891,-0.5978505922601076,0.25,1,0.033691119554200955
UCTWqdUVXwbpNW4Rc7UWUSkw,-0.2705459047575732,0.6558597119723437,0.3715925016796115,0.0,-0.2217127734342647,-0.2478718084569988,-1.2530220531220957,-0.3927502878258654,-0.0361604568782406,-0.4536370273510891,0.5,1,0.0380124993495457
UCTXPIcL4hmR-y4sDn99cL_A,-0.2181364831310669,-0.2383375279368814,-0.3780971614478906,0.0,-0.2217127734342647,-0.2478718084569988,-1.435413940491883,1.4351105903104284,2.3231946155100847,-0.4536370273510891,0.25,1,0.04873779823967156
UCTXfX3bgc6a-SGZjjLX7WEg,0.4650855235799175,1.1085079649889071,1.864273449983484,0.0,1.6044277048521072,1.1971371189648596,1.3672435602383637,-0.6180840276292017,-0.1135968521342645,-0.3094234624420706,0.25,-1,-0.06775531913326738
UCTY0NEGXgkskpHE2UQ2jC_Q,-0.2824166473421752,-0.150754227977368,0.1199001808419889,0.0,-0.2217127734342647,-0.2478718084569988,1.0272255132743666,0.6518809256929106,1.2716585733683328,-0.165209897533052,0.25,1,0.09210672964087485
UCT_YRvViA6I5pKSzvAjL8ZA,0.0794512011885607,-0.4092662262449639,-0.487083586571311,0.0,-0.2217127734342647,-0.2478718084569988,-1.552326357022068,-0.2319588098936551,0.0252460358445321,0.123217232284985,0.0,1,0.09490678489307469
UCTaJU7c1y_Bxw1UBC9idMUQ,-0.1061347732773582,0.4882271593616623,0.4553953725965288,0.0,-0.2217127734342647,-0.2478718084569988,-0.6699809548031145,2.074196353842805,1.397238618341885,-0.0209963326240335,0.25,1,0.033774878609209746
UCTb40Otegvfv42VUd0MWNBQ,-0.2683693808082596,-0.3652979970314179,-0.4345576297418592,0.0,-0.2217127734342647,-0.2478718084569988,0.3964506176151801,0.5423274106088043,1.6020088445997052,-0.165209897533052,0.0,1,0.10059774139585309
UCTcN_m1rruYCI3lkWxCnn-w,0.2909509955525601,-0.0549776515700292,-0.0367211088493225,0.0,-0.2217127734342647,-0.2478718084569988,1.2343127180468647,0.4241191796360414,-0.6456648639776562,0.123217232284985,0.25,1,0.10459773568557751
UCTdSnPV0W7h3-FtPkPTND6w,0.2552548565977615,-0.3090701238719262,-0.2448785789208752,0.0,-0.2217127734342647,-0.2478718084569988,-0.8625791731627683,-0.639922923116217,-0.2239600498484155,0.7000714919210592,0.25,1,0.10593224026211329
UCTe19yIBjNLXb0g--EummIA,1.3260457412580609,-0.3850496456109971,-0.4881627650482998,0.0,-0.2217127734342647,-0.2478718084569988,-0.9179309913364904,-1.2154359321644732,-1.0219211620241235,-0.3094234624420706,0.0,1,0.10516342972276554
UCTf6DpyUcgfOxXWs3OKoLEw,-0.2149056370135416,-0.1790069053836626,0.0133283638829916,0.0,8.908989617997594,7.458842471126247,-1.546149686384404,-0.7337108744450164,-1.1319607191048164,1.2769257515571333,0.0,-1,-0.15498529105377712
UCTfIVF6hSBPXSnLoNqIUbmw,-0.1071041111173986,-0.4292449052679866,-0.393111380175824,0.0,-0.2217127734342647,-0.2478718084569988,0.9039591517871206,-0.7414481773733779,-0.7308489001866177,-0.3094234624420706,0.0,1,0.12021429853769283
UCTiw2Kk7TAAQDsxpHK0C4gQ,4.303610512205661,-0.3574696510000904,-0.4050742646548504,0.0,-0.2217127734342647,-0.2478718084569988,1.188323050901908,-1.373713034524806,-1.2147790919480497,3.872769919919467,0.0,-1,-0.01214343680820873
UCTlbHzcI7qr70LrriWUNfPg,-0.2997559008982714,8.55304810057982,26.807327186341965,0.0,-0.2217127734342647,-0.2478718084569988,0.2320313211010267,1.5631086663291087,0.683945759227249,-0.5978505922601076,0.0,-1,-0.13360827998435487
UCTlfDryLc8PfDf4_I9mXBqg,-0.2051175867140853,-0.0093142617121055,0.220478776305161,0.0,-0.2217127734342647,-0.2478718084569988,-0.7728295892084165,1.0251130505053008,1.693954157674294,-0.165209897533052,0.25,1,0.08294715360044996
UCTp3b5p_bImdxeoBkDJbgUw,-0.2118425960429668,-0.2213859214931046,-0.345191115065978,0.0,-0.2217127734342647,-0.2478718084569988,-0.0878281259087912,1.867237301823542,0.5046982604297473,-0.4536370273510891,0.0,1,0.09539098248095484
UCTqA0l_3MfL52auQ834ItBQ,3.18505701357871,-0.1164877663803049,-0.1459509056461426,0.0,-0.2217127734342647,-0.2478718084569988,0.5727900140376626,0.6201249361563572,-0.1896504145824161,3.728556355010449,0.0,1,0.008969365174572141
UCTqAo8XD8qDaOVKKRhMRWjg,2.049201601921395,-0.229861724714993,-0.3209691095508545,0.0,-0.2217127734342647,-0.2478718084569988,0.3762139821371629,-1.0496180008899734,-1.214779091948047,-0.4536370273510891,0.0,1,0.10167344967285208
UCTqnYf3KeKyZ__cN_-FGy_w,2.8754216892461675,0.3013972746672164,-0.2212467317296709,0.0,0.6913574657089212,0.7154674764909068,-0.1090508588538649,-1.0669714211340906,-1.1310836377053073,0.5558579270120406,0.0,-1,-0.006541537749963355
UCTrQzL5qwQG-MQYUXMtQmVQ,-0.2702873787917598,0.6537407611668716,0.2092075591669309,0.0,0.6913574657089212,0.7154674764909068,0.9727465645349486,1.0516936512875406,0.8545208394418482,-0.4536370273510891,0.0,1,0.04069477012697009
UCTrxIWNCl0sVZmE3JKJem8g,2.587745353350428,0.0590219017643696,0.5564525868369327,0.0,-0.2217127734342647,-0.2478718084569988,-0.8018714625634277,-1.2880891956009688,-1.0513438569500173,0.7000714919210592,0.0,1,0.057992414751356025
UCTt4H-yiLhxMBNtdg4jbvFg,0.020564920746966,-0.0753195793025613,0.1184437512352516,0.0,-0.2217127734342647,-0.2478718084569988,-1.086144881611611,-0.7520342633036389,-1.0551953722512,-0.5978505922601076,0.25,1,0.096217008303975
UCTwXFoAN_jz9ZitdPAHJJ0A,1.4373731611977285,0.1280055224314056,0.5730168658768491,0.0,-0.2217127734342647,-0.2478718084569988,-1.3099993154707907,-1.15600760821997,-0.7926427099307211,1.2769257515571333,0.25,1,0.02501955793767885
UCTxY-2FMHlji_V0_3VifdEQ,-0.2577508662969877,-0.3781882810980398,-0.3918094796190076,0.0,-0.2217127734342647,-0.2478718084569988,-1.0174712592646389,-0.3679707295971476,-0.5103643275525974,-0.4536370273510891,0.0,1,0.12162559580047749
UCTzP4kyP71GCcsemgVQkBDQ,-0.15679131306087,-0.0442769500023951,-0.2908695065285135,0.0,-0.2217127734342647,-0.2478718084569988,-1.1577313588134357,-0.0773328999854683,-0.3014795749598066,-0.165209897533052,0.25,1,0.11205333492757769
UCU-Ct6Q9jjU7PGeBUfKX4HA,2.3397388374070287,0.1560698486549917,0.2561433647792566,0.0,-0.2217127734342647,-0.2478718084569988,0.9384433374358324,-1.373713034524806,-1.2147790919480497,-0.5978505922601076,0.0,1,0.06494790552748175
UCU13CW1HqrY3k22Lz83wf9g,-0.0792948217608034,-0.2129101182712162,-0.119581521830413,0.0,-0.2217127734342647,-0.2478718084569988,-1.3104740837588456,-0.0773328999854683,-1.2147790919480494,-0.4536370273510891,0.75,-1,-0.00839765806827708
UCU17oKMQKIuVNmOLiooMV8w,-0.301734793284224,0.2145528908860215,0.313809203718712,0.0,-0.2217127734342647,-0.2478718084569988,-1.2549769575221714,-0.2790249229905835,-0.275862150668952,-0.5978505922601076,0.0,1,0.10548216908535651
UCU21FOWGN-pL0XXZU-KQEkw,2.4569153833026105,-0.4352990504264782,-0.5235226647171345,0.0,0.6913574657089212,0.7154674764909068,-0.4083766640338121,0.128259410215099,1.185343128421756,-0.3094234624420706,0.0,1,0.020015195912037154
UCU3K3YwRZXKjnhAVcy4gGFw,0.254493511495464,-0.3590168214294827,-0.4291189008782666,0.0,-0.2217127734342647,-0.2478718084569988,-1.1855342270258076,1.959835882862067,2.2121716013054686,-0.3094234624420706,0.0,1,0.02042344755383496
UCU3jA93DwrRu15m5fRIn9cw,7.773130097876547,-0.4878793011279787,-0.5262715643484964,0.0,-0.2217127734342647,-0.2478718084569988,0.3137440537706443,-1.3737130345248074,-1.2147790919480497,1.5653528813751705,0.0,-1,-0.03190124079825685
UCU74vVs6dNI7tKakVEO_nkQ,-0.2795817257750851,-0.1990663063421318,-0.2995183915988141,0.0,-0.2217127734342647,-0.2478718084569988,-0.1145358620783522,1.1261831082956129,1.9703253948028012,-0.5978505922601076,0.0,1,0.08535324672388328
UCU9cSKi__6qzJ1qW9rw_aKA,-0.2982722315479764,0.0314755412932323,-0.094543154961801,0.0,-0.2217127734342647,-0.2478718084569988,1.4184317889502982,-0.4457325100908638,-0.6448215599575537,-0.5978505922601076,0.0,1,0.11000950424166939
UCUCQPwG8XSG6Ah4ahZMhzsw,-0.2586646135866678,-0.3329839972479684,-0.2893613005916511,0.0,-0.2217127734342647,-0.2478718084569988,1.2410746129175518,0.6255923645632593,-0.3577915710201287,-0.5978505922601076,0.5,1,0.08191271276483425
UCUCn5RLzBPoyl8kB-0OYE6Q,2.172443811541476,-0.1117981323998425,-0.4522578944113533,0.0,16.213551531143082,8.903851398548106,0.8227274658922964,-1.2796791621174437,-0.9559967628008492,2.430634270829282,0.0,-1,-0.17973915997269208
UCUCrZKV_ARlnodDuMMOmJWg,-0.2543102510449419,0.3188052705152489,0.3509286634720365,0.0,-0.2217127734342647,-0.2478718084569988,-0.5091429674525844,1.68396352118168,1.0535671977122851,-0.5978505922601076,0.0,1,0.08345379261036878
UCUEYQ20eOQ0eLzUrPgPrvWA,-0.1328289995953165,0.2374375595851202,0.1771788059903681,0.0,-0.2217127734342647,-0.2478718084569988,-1.1825257302090515,0.6973735543732191,2.318032990825759,-0.5978505922601076,0.5,1,0.025473470726699865
UCUEnZzmPJukk_Whs0riexcw,1.428534695064721,-0.1807827879634869,-0.4093417466277135,0.0,-0.2217127734342647,-0.2478718084569988,0.9698966117486592,0.4176488298316232,0.0124726554499072,3.728556355010449,0.0,1,0.03220644142714868
UCUFhQHlcIFbRMyi8fxg4Tow,0.4294166427990256,0.1670883928434466,0.037758169764613,0.0,-0.2217127734342647,-0.2478718084569988,-1.435413940491883,-1.3737130345248083,-1.2147790919480497,-0.5978505922601076,0.0,1,0.07480363931241968
UCUGRF0yjFAfhUH1TQccTalA,0.6330576093394069,0.8841413454152044,0.1200798511652252,0.0,-0.2217127734342647,-0.2478718084569988,-1.4999054016533866,-0.5247732994950013,-0.295693299275385,-0.5978505922601076,0.0,1,0.06895357859043172
UCUH3Sx4ZPmwhFgtNI6PDeDQ,4.655256338337266,0.7365082638412213,0.4622505586552356,0.0,-0.2217127734342647,-0.2478718084569988,1.0521215271962832,-1.2669838056646143,-1.0387144900171108,0.2674307971940035,0.0,-1,-0.004744657777373096
UCUI-X-3pHnhsZBr5AJ5a6dg,0.1014941297241494,-0.129564719922647,-0.3209024494522238,0.0,-0.2217127734342647,-0.2478718084569988,0.8974064411401247,-0.5094596114985818,-0.9546342163512016,-0.4536370273510891,0.25,1,0.1145245987035095
UCUKG5Sa2n6Xo92Rd_uTx7eA,-0.281449230841113,0.4072361507969509,0.3469514860278204,0.0,-0.2217127734342647,-0.2478718084569988,0.6562888906893806,1.019191045285816,0.9529178966426068,-0.0209963326240335,0.0,1,0.10142067008914168
UCUMjr51IH7WYuKuQ_W-_QFw,0.5007048678732714,-0.2863670795275823,-0.1580714101914484,0.0,-0.2217127734342647,-0.2478718084569988,0.6434050083693863,0.4880758844992563,0.1972238582440484,0.123217232284985,0.5,1,0.09289302927046944
UCUOgwTU_S01F3EqqLuY64vQ,0.379562028747616,-0.2528876568011231,-0.3532498983418567,0.0,-0.2217127734342647,-0.2478718084569988,0.0894148516234099,-0.7520342633036389,-1.0643221181285618,0.123217232284985,0.0,1,0.10978069986515787
UCUP1QRlC4di3B0eyqSUMCTw,1.9271014419641943,0.2243000645911932,0.4960355353869969,0.0,-0.2217127734342647,-0.2478718084569988,0.9384433374358324,-1.373713034524806,-1.2147790919480497,-0.4536370273510891,0.0,1,0.06111145628626302
UCUPMXMaExZBJEwNZayvqbwQ,-0.1873452660273524,-0.1969002677409826,-0.3738154063507399,0.0,-0.2217127734342647,-0.2478718084569988,-1.510050208243294,1.464107908236478,0.5578341030845642,-0.0209963326240335,0.5,1,0.04885779295549486
UCUPvAQk12H1q8OB_1yvP_5Q,2.0994805358090627,-0.2363598405184407,-0.1868940213437069,0.0,-0.2217127734342647,-0.2478718084569988,0.8013666368288657,0.47992527210335,1.8216422035312376,1.5653528813751705,0.25,1,0.008531903657608753
UCUQdGOO2l7gazdxXNLqChkw,-0.2202718685387873,-0.266872732117239,-0.3752125957232379,0.0,-0.2217127734342647,-0.2478718084569988,-1.4260758437095402,1.248114955966988,2.07713906321685,-0.5978505922601076,0.0,1,0.062271588186769034
UCUR7-JiGUdY_KyQqDAI4D3Q,1.196760584752042,-0.3475812139078873,-0.4506272898021287,0.0,-0.2217127734342647,-0.2478718084569988,-1.232856040079109,-0.3206747399560408,-0.0675114665463917,-0.0209963326240335,0.0,1,0.09848287974271736
UCUSC0H8kN839IPP3Tg-oPQg,-0.2883047916174601,-0.3838388165792987,-0.3438960916366032,0.0,-0.2217127734342647,-0.2478718084569988,1.1129383021603494,0.4606745689554723,0.4000318399826891,-0.3094234624420706,0.0,1,0.1180077281669088
UCUT7WJQJxuqwNlA1nSEonnA,-0.2739602812086263,0.4713697285092398,0.6354523092947109,0.0,-0.2217127734342647,-0.2478718084569988,0.6926381734134038,-0.2027431473013093,0.2430771613567275,-0.5978505922601076,0.25,1,0.08924636419144488
UCUWLxg7B7FZDhrg02WBv_2Q,0.0235631380272761,-0.317336360530636,-0.4582594209025461,0.0,-0.2217127734342647,-0.2478718084569988,1.2689325988908906,0.559591919825348,1.236453829614184,0.5558579270120406,0.25,1,0.08845942021319886
UCUXXBMefuAOpnhVMVcLYZrA,-0.0596555727685446,0.0357134429041765,-0.0292567741942585,0.0,-0.2217127734342647,-0.2478718084569988,1.2245648938317408,-0.2307218265648462,-0.5250051161026434,-0.4536370273510891,0.0,1,0.12910150816613636
UCUYIcYAUyrQ30Ll0orLMEiA,-0.2050588704841061,0.4332286140107421,1.473989966540311,0.0,-0.2217127734342647,-0.2478718084569988,0.4527541518594985,1.8526379723070776,1.2025482654337944,-0.5978505922601076,0.0,1,0.05000630558800179
UCUYIpLxQ1nsxNNAsF8ho15A,-0.253721007999819,-0.3974001017343202,-0.4054878339762065,0.0,-0.2217127734342647,-0.2478718084569988,0.6003662814715439,1.4077896023704073,0.1885781822602794,1.5653528813751705,0.0,1,0.07917957546602977
UCUYfUcLocDsoyPP6TDf4G5Q,-0.3009645657652267,-0.4452883899379896,-0.5133630359799287,0.0,-0.2217127734342647,-0.2478718084569988,-1.4085220263142475,-0.61749128937686,-0.3913440892681142,-0.4536370273510891,0.0,1,0.09236495101916986
UCUYrz6xb_yaVCIi8VKeijAg,-0.0187372299431628,0.7519188151537456,0.4973179347163494,0.0,-0.2217127734342647,-0.2478718084569988,1.250792979268427,0.1387304557710884,1.9842370284569892,-0.4536370273510891,0.0,1,0.04454557320303193
UCUZgtC6qc9WVEgBgr7GM4Jw,0.8204426502612152,-0.4855484552419594,-0.5233434814747354,0.0,-0.2217127734342647,-0.2478718084569988,0.082365127018299,-0.3941983615129298,-0.1647000198878635,-0.5978505922601076,0.0,1,0.1083744388966203
UCU_m4npIjhqpVFc5IFLvkVQ,-0.1260660913986547,-0.2804340172722603,-0.3177979267592692,0.0,0.6913574657089212,0.7154674764909068,-1.5303928297688267,0.4308566204649397,1.8019338102194653,0.8442850568300777,0.0,1,0.0008269152525515744
UCUaiVwYIJC8YnaEz-_dHQ0A,0.0026247134711738,-0.1025962551257294,-0.0524060971421691,0.0,1.6044277048521072,1.1971371189648596,0.7224939261886456,-0.8652115504555866,-0.6581006440310726,1.8537800111932077,0.25,-1,-0.006173978894126297
UCUbz8JgxFWoYEL_tjJnG1DQ,0.1531074568580249,0.1149622030288329,0.6088765038128617,0.0,-0.2217127734342647,-0.2478718084569988,0.7510335523362764,-1.0496180008899734,-1.2147790919480497,0.123217232284985,0.25,1,0.05204345847240466
UCUcIj_OAk2kd51GMBoqF5Dw,1.3466854610075922,-0.3890546954850762,-0.4347818315099881,0.0,-0.2217127734342647,-0.2478718084569988,-1.5200200793152014,1.0533686033844154,-0.1631707037716405,0.5558579270120406,0.25,1,0.05091239665621705
UCUcYgGJOQGb9vLjH3804qgg,0.806620298695454,-0.2829767582388269,-0.3377800247731842,0.0,-0.2217127734342647,-0.2478718084569988,1.3384585705314247,-0.9586558900250394,-0.9063418259714068,-0.5978505922601076,0.0,1,0.1122974266368284
UCUcc61QgH1PpVTTYM7sPokw,0.7558205855766458,0.1925158025091118,0.4665226487330526,0.0,-0.2217127734342647,-0.2478718084569988,1.1126705332358515,1.1679065265992714,0.5873486609729108,0.8442850568300777,0.5,1,0.028564973580385455
UCUdeDQRwJJv2lIMVjq0jwbg,-0.2850215525465105,-0.2906049811385264,-0.0794412251796156,0.0,-0.2217127734342647,-0.2478718084569988,1.2852553348508249,0.1394873672105534,1.3749063433818267,-0.5978505922601076,0.25,1,0.09501706379426961
UCUdfMjM7jwdYc6hxPs7_P_Q,5.468566792517532,-0.3601065675580113,-0.405296034172013,0.0,10.735130096283966,6.013833543704388,-1.4292278704984005,-1.3124194399909583,-1.0712641153932845,1.5653528813751705,0.0,-1,-0.16078269148029345
UCUdkIjy2FOWOX-gBzsiOSIQ,-0.0153703827608603,-0.1838098605427327,0.1407918182076809,0.0,-0.2217127734342647,-0.2478718084569988,-1.5499825568633598,0.1711818932161781,1.465522146688138,-0.5978505922601076,0.25,1,0.06942907256176734
UCUeAIcI2klubl2pUn2JX9fQ,-0.0394481891970922,0.0840255212689404,0.1682474731063218,0.0,-0.2217127734342647,-0.2478718084569988,-1.3104740837588456,-1.373713034524808,-1.2147790919480497,-0.5978505922601076,0.25,1,0.06375311717316678
UCUeSfdhkSWR65NsHfOkBu_A,-0.139672286005565,0.8953011529906907,1.1496882307509917,0.0,-0.2217127734342647,-0.2478718084569988,1.3883968352392806,1.5431422681887068,1.4824865085992185,-0.4536370273510891,0.25,1,0.01136852908937086
UCUi6SmD9t7L8YnZxDQLwvbw,-0.2666739963526738,-0.4007904230230755,-0.5254458259126689,0.0,-0.2217127734342647,-0.2478718084569988,1.238586942527627,-0.6480389359587567,-0.8707034320772682,-0.5978505922601076,0.25,1,0.09580481069419211
UCUjOlqFAlN3YfPGiCMCrwdQ,3.6773830754634895,-0.0342119336764026,-0.3562527665307972,0.0,-0.2217127734342647,-0.2478718084569988,-1.3104740837588456,-1.3737130345248083,-1.2147790919480497,-0.4536370273510891,0.0,1,0.07912328663137458
UCUjZOJznRf_NnwFu31KXr-w,-0.1642515149148477,-0.2863670795275823,-0.4527656888139167,0.0,-0.2217127734342647,-0.2478718084569988,0.4890906827665696,-0.6838003967813309,-0.3984784152076556,-0.4536370273510891,0.0,1,0.13493804720573832
UCUjtx4qHm6XMrNdZXt8Ee-A,-0.2902756029012182,0.1925158025091118,-0.1012552045921443,0.0,-0.2217127734342647,-0.2478718084569988,-0.78879025373502,1.501072095479063,0.7490530767213571,-0.5978505922601076,0.0,1,0.10111424796523288
UCUkeYMqyGxfiOkEqBpqm7YQ,0.7760004026006698,-0.1114978762128323,-0.3213134391820224,0.0,-0.2217127734342647,-0.2478718084569988,0.4507281128505092,0.4298792395674161,0.7259693935721664,1.421139316466152,0.0,1,0.0865676549045652
UCUqQ92MRE9v-JzP6r4-Gg9g,3.582759183040761,-0.2369248940665666,-0.3169690917456402,0.0,-0.2217127734342647,-0.2478718084569988,1.1883230509019085,-1.3737130345248083,-1.2147790919480497,-0.4536370273510891,0.0,1,0.08098582517986952
UCUr8JbXBq7Wqm6VlF_UoCrg,-0.204162721325098,-0.3262033546704577,-0.2829274750566168,0.0,-0.2217127734342647,-0.2478718084569988,-1.0180822566698444,0.5267464559234556,1.7516014858191795,-0.5978505922601076,0.25,1,0.08511223434510251
UCUspgbblsfoVfy9H_nZE7Jw,-0.0977071897048415,-0.2736533746947497,-0.2746058471969643,0.0,-0.2217127734342647,-0.2478718084569988,-1.2779714413853605,0.5146490831243498,0.4866509624485053,-0.4536370273510891,0.5,1,0.06983820857333978
UCUt5zhiX8GZTPUThiXGAOEw,0.433667484780259,-0.3064413503162653,-0.4451284421590231,0.0,-0.2217127734342647,-0.2478718084569988,0.3460534810473483,-0.0496927485116838,-0.4385055691742138,1.421139316466152,0.0,1,0.0946396374304258
UCUtedbv70CB9HVJty-RG4Sg,0.177918813448067,0.2635629765749409,0.1770701379874993,0.0,-0.2217127734342647,-0.2478718084569988,-0.7445489674765009,-1.050745863820686,-1.1930963583896697,1.132712186648115,0.25,1,0.04976623446459422
UCUtssbb5P6_9IIpmDAIB4bQ,-0.1062131446446071,0.7069970580777369,1.6572397290862737,0.0,-0.2217127734342647,-0.2478718084569988,0.1482586717627627,0.1398729542127558,0.8176721296736356,-0.5978505922601076,0.0,1,0.06074322500946788
UCUuBEBzneee-q4b-U5tXQ_A,2.657195244225408,-0.3736678527130326,-0.4102490327264907,0.0,-0.2217127734342647,-0.2478718084569988,-1.0605943702927705,-1.3737130345248083,-1.2147790919480497,-0.5978505922601076,0.0,1,0.09195317816188459
UCUv6iDRbILxcN73nmGSJosg,0.8580980166961599,-0.0532824909256515,0.1312727315622404,0.0,-0.2217127734342647,-0.2478718084569988,1.0936776491569489,-1.0937894131754833,-0.8332014795623913,-0.165209897533052,0.0,1,0.10908092301647088
UCUvFPA0ktTkZ9flnVrqbTdA,-0.1730414103746291,-0.1276812080955607,0.2875782542599517,0.0,-0.2217127734342647,-0.2478718084569988,-0.5196744358094493,1.31479517557138,0.1465295925421582,-0.0209963326240335,0.25,1,0.09239970766669969
UCV-z7WGW4VW2BHhSAx1cBWA,1.0149213371116084,-0.5219944090960795,-0.5384944899087201,0.0,-0.2217127734342647,-0.2478718084569988,-0.2603541531848972,-0.9076648272380892,-0.9353821066146562,-0.5978505922601076,0.25,1,0.07688126908341708
UCV12cNem0ZVh2uO3neqXdRQ,-0.2833848356377935,-0.2168654931080974,-0.3278516523780859,0.0,-0.2217127734342647,-0.2478718084569988,-1.4759594657667274,0.3536513130859776,0.2130925151413463,-0.5978505922601076,0.0,1,0.10811944054153771
UCV298b0dGtqTDCeOOo9fYaw,0.0772735667848397,-0.3478166528862731,-0.4401418998454794,0.0,-0.2217127734342647,-0.2478718084569988,-0.9171050507899576,1.7183523037244317,0.566701183449892,0.123217232284985,0.0,1,0.08347754278619901
UCV2i20IfuXEfRoB30s1SRuA,1.0455962418160805,-0.0511635401201794,-0.0629756048576191,0.0,-0.2217127734342647,-0.2478718084569988,0.6878463639013103,0.2162132089041626,0.6681723533379692,1.5653528813751705,0.0,1,0.07214881415691932
UCV309AtZqwaitkSXgoNScFw,1.870500775306646,0.0441892461260649,0.0662373837411125,0.0,-0.2217127734342647,-0.2478718084569988,-1.1366682601020894,-0.9623265351910174,-0.8268262106777529,-0.5978505922601076,0.0,1,0.08711819379302116
UCV3VsxMT_zBnOMxfMMmn_yQ,3.145382482972768,-0.1753340573208443,-0.355355100653819,0.0,-0.2217127734342647,-0.2478718084569988,-1.210384754051496,-1.166720051060533,-1.0229319919979818,-0.5978505922601076,0.0,1,0.0891084203084972
UCV5saiNPvDIkOnGgcMdC4tg,-0.10586614275929,-0.4024855836674532,-0.4432418971995499,0.0,-0.2217127734342647,-0.2478718084569988,1.0882337211945587,-1.1667200510605331,-1.022931991997981,-0.5978505922601076,0.25,1,0.08937679346291855
UCV5zjmNdYEDfKLRRwPR4L2A,-0.2035189601707978,-0.2583969288953506,-0.484390247915748,0.0,-0.2217127734342647,-0.2478718084569988,0.4961716749692495,1.6676107717063415,1.30429352938568,-0.5978505922601076,0.0,1,0.10448235889897084
UCV6FwihAYyx5n9aSOZGDlbw,0.351361147613644,-0.2841633706898913,-0.316302512663333,0.0,-0.2217127734342647,-0.2478718084569988,1.2463046248241396,1.9051972795414127,0.3422049426208005,2.2864207059202637,0.0,1,0.031376351568543404
UCV9ZPHxCFnrf1BfbGWCLncQ,0.4617189634096635,-0.3839598994824686,-0.3157795874905259,0.0,0.6913574657089212,1.6788067614388125,0.3988923253782357,0.3730385578405323,0.101615907902443,3.728556355010449,0.0,1,0.006983026297348427
UCV9uANSvyGm8Ku1szG2zv4w,-0.0509914259728442,-0.0922711857463381,-0.0914673032845607,0.0,-0.2217127734342647,-0.2478718084569988,1.2225282965150226,0.8656246715071343,0.609948711542852,-0.5978505922601076,0.0,1,0.12440790045217437
UCVCRUztC2VDqLtdcSqjyPSQ,0.1150221254850553,-0.340047166599542,-0.4693737261646507,0.0,-0.2217127734342647,-0.2478718084569988,0.872332787962252,0.834640494240023,1.1633849702723724,0.4116443621030221,0.0,1,0.10022597812510664
UCVCUs-xHFWERqMyXxgLhWWg,-0.3003747601706251,-0.2458043069656878,-0.3515893367767655,0.0,-0.2217127734342647,-0.2478718084569988,-1.5164480200823949,-0.2024720390900928,-0.0404157857127996,-0.3094234624420706,0.0,1,0.10742554489709888
UCVD4HmAHzpBa34MFYvPcLdw,3.427664534474085,0.4280220491744392,0.5045733479032252,0.0,-0.2217127734342647,-0.2478718084569988,0.9384433374358324,-1.373713034524806,-1.2147790919480497,-0.3094234624420706,0.0,1,0.03298129259433663
UCVDtkX7LZmOSzOkc2VVELFQ,0.9834562318985116,-0.395248551685687,-0.4560987522533565,0.0,-0.2217127734342647,-0.2478718084569988,0.4117171725421842,0.1895462338863591,-0.3186040113024778,0.5558579270120406,0.25,1,0.09440638181562644
UCVG4fnmDpfQ6U1ovDWdYtoQ,-0.2919908472152628,-0.2715344238892775,-0.3660985675497396,0.0,-0.2217127734342647,-0.2478718084569988,0.8135034807027949,-1.373713034524806,-1.2147790919480497,-0.4536370273510891,0.0,1,0.10138968443112745
UCVG5Q0liFyRhlsbfiNPNK5g,-0.0853289057635642,0.0703229727268874,-0.4481630626422914,0.0,-0.2217127734342647,-0.2478718084569988,1.1702975110477467,0.5708571672842018,-0.4263484507382156,-0.4536370273510891,0.0,1,0.12104740973615302
UCVHX6pDzR8y3lQ1jnWncLzQ,-0.2374890185956725,-0.2541590272844064,-0.2207433474562023,0.0,-0.2217127734342647,-0.2478718084569988,1.1883230509019085,-0.3366089268933362,-0.5776251679595034,-0.5978505922601076,0.0,1,0.13026587665996853
UCVHbZr9rieS7kIGIJJypyLg,3.6610733897617815,-0.2771849593705365,-0.332291651623678,0.0,-0.2217127734342647,-0.2478718084569988,-1.3104740837588456,-1.3737130345248083,-1.2147790919480497,-0.4536370273510891,0.0,1,0.08328514726784103
UCVI416YJyz2ziQxP7MN_07Q,-0.2550690521087732,-0.2730883211466238,-0.3596048132525763,0.0,-0.2217127734342647,-0.2478718084569988,-1.2037686216785757,0.6689617325504638,0.6361994277750976,0.8442850568300777,0.0,1,0.09564576228939603
UCVIZe_89OvywjoCT4SDaNVQ,0.0626350130863668,0.4813830030132381,0.3975559412030487,0.0,0.6913574657089212,5.532163901230436,0.8802535358911268,1.0077996426547242,0.9515577325880484,4.882264874282597,0.25,-1,-0.11272165225722641
UCVJqQMNwonLqzJS_hCYNUYw,-0.2585587023075187,0.1155272565769589,0.2371891266552485,0.0,-0.2217127734342647,-0.2478718084569988,1.3996470189293284,0.8535964738622116,0.9752581008064588,-0.4536370273510891,0.0,1,0.09582099648987263
UCVJub7H_4OycMS7x6gECOqA,2.9426720203598147,-0.3711251117464662,-0.417887650168427,0.0,-0.2217127734342647,-0.2478718084569988,-0.9356545135597326,-1.373713034524808,-1.2147790919480497,-0.5978505922601076,0.0,1,0.09248353928585396
UCVKyc7iMFgWTNlKE5VSH21A,0.3449737733302249,0.4725704672990073,0.2941486853579437,0.0,-0.2217127734342647,-0.2478718084569988,-1.3513174163662776,-0.9270539290185248,-0.3210257808347931,0.4116443621030221,0.0,1,0.07590630506175627
UCVLFzpX6L1cWJbQuPyTVACw,-0.264697276838141,-0.237631211001724,-0.2218442323097783,0.0,-0.2217127734342647,-0.2478718084569988,-1.045225476879934,-0.596916699581249,1.2077475734498284,0.123217232284985,0.0,1,0.09857334605425105
UCVLG01tK4sd2XcL-qrO0x_w,0.0013894129346803,-0.2199732876227898,-0.3215116389652643,0.0,-0.2217127734342647,-0.2478718084569988,1.3788766616390298,0.3007779725885059,0.2898666000558898,0.4116443621030221,0.5,1,0.07163281115932318
UCVM7wBVTe0s6xQrP7lVVk-A,0.0500696050005469,-0.4257192560286296,-0.4821215366909743,0.0,-0.2217127734342647,-0.2478718084569988,0.7325636052376072,-1.077801058123415,-1.1110306632381448,1.132712186648115,0.0,1,0.08058582387127011
UCVN4yg1Bc6PO8D038HpFa0Q,-0.0727161738128608,-0.3527608714323746,-0.3219996029866254,0.0,-0.2217127734342647,-0.2478718084569988,0.4606083135953565,0.3168790881654406,-0.1405865990523186,-0.4536370273510891,0.0,1,0.13709881171277677
UCVQIik5tW9CAEddxsRk0leg,1.1056288900808084,-0.3533259249805005,-0.1075442264706667,0.0,-0.2217127734342647,-0.2478718084569988,0.5884742942624079,-1.1667200510605331,-1.022931991997981,-0.5978505922601076,0.0,1,0.11394380034798901
UCVQXS0L9lR5SSoonw_szjEQ,4.590860239938763,-0.4240988818832686,-0.4777243051981633,0.0,0.6913574657089212,0.7154674764909068,-1.5599540583996925,-0.8426215788627657,-0.6493388732245838,1.8537800111932077,0.0,-1,-0.03972364019225694
UCVQowlIpahvL6vw9iJBO24g,2.617934889208357,0.1560698486549917,-0.2522523439991565,0.0,-0.2217127734342647,-0.2478718084569988,0.6885636239697576,-1.3737130345248083,-1.2147790919480497,-0.5978505922601076,0.0,1,0.08010160152416868
UCVQsfW9lNwK2duAKaGirZrQ,3.128901322224915,0.1264045373783823,0.0628549655548176,0.0,-0.2217127734342647,-0.2478718084569988,-0.6857748000936571,-1.3737130345248083,-1.2147790919480497,-0.5978505922601076,0.0,1,0.076750977583106
UCVRBIt5M04nObbs7RN1YAWg,1.0095030353634664,-0.251051232769714,-0.1687419150315337,0.0,0.6913574657089212,0.7154674764909068,-0.1583885092484116,-1.1500437794405651,-1.039575714242744,-0.0209963326240335,0.0,1,0.04580863431238136
UCVSAOO7G90-R0DgwPtMj0lg,0.1505266514631716,-0.2126275914971532,-0.0826576101612615,0.0,-0.2217127734342647,-0.2478718084569988,-0.0645368164290952,0.5744486237479957,-0.5220981416249924,-0.5978505922601076,0.25,1,0.11396943385400271
UCVSBJTfR3DtmJy7MCOdjCOQ,-0.0294998402444392,-0.1253268183117028,-0.4871776037797625,0.0,0.6913574657089212,0.7154674764909068,0.8781897670718697,1.431277756176376,2.7433003813158177,-0.4536370273510891,0.5,-1,-0.023934226135527426
UCVW62rS-YeoqFArCGMTNkcQ,-0.0858109225180414,0.5466832942808766,0.5872587225288329,0.0,-0.2217127734342647,-0.2478718084569988,-1.3874459940946646,-0.3906798586047155,-0.4115640239382352,-0.3094234624420706,0.25,1,0.08026746342144092
UCVWNT4WsexV9-D4fTaIcuPw,-0.2597161258238446,0.5925737145822437,0.3373348813648947,0.0,-0.2217127734342647,-0.2478718084569988,0.6520926481385597,1.4404808548901886,0.752709926365248,-0.5978505922601076,0.0,1,0.09648113410563863
UCVXWHdGpNz-UIzurXREdt5A,0.091471612774961,-0.4058759049562085,-0.4590383973502336,0.0,-0.2217127734342647,-0.2478718084569988,1.2540511565981631,0.7686948831658361,-0.4547780580814825,-0.5978505922601076,0.0,1,0.11576982532428248
UCVYR_d7nmNN5IrwZikGrFOQ,-0.2065092254058232,-0.45588314396535,-0.5179588903321549,0.0,-0.2217127734342647,-0.2478718084569988,0.7564703279139269,1.1485870112935177,-0.1016908963068793,-0.5978505922601076,0.0,1,0.11725435822815122
UCVZC976cRqHEH2kO_LpvG6g,0.1293812740683366,-0.3175734459354441,-0.3317199184042095,0.0,-0.2217127734342647,-0.2478718084569988,1.1375789090487607,-0.090205109416421,0.7587106863118838,0.2674307971940035,0.25,1,0.10461259406811563
UCV_nC_NwihEsrye1zKn4rgQ,-0.2753969622406224,-0.3390381424064601,-0.3461403567637637,0.0,-0.2217127734342647,-0.2478718084569988,-1.4320397718575928,0.568356418236701,-0.4894156601279832,-0.3094234624420706,0.25,1,0.09827273253174063
UCV_wLMJaHua5Ve0-f_pb9UA,0.0043509383701562,1.9663130656676435,2.407763578352623,0.0,0.6913574657089212,0.7154674764909068,-0.4280205780664282,-0.1266578618074444,0.0021095482082884,-0.0209963326240335,0.0,-1,-0.026114699387028373
UCVa0CBM-4g01NA-vvM98vPw,-0.2578963995624342,-0.4869610891122741,-0.5184773433467893,0.0,-0.2217127734342647,-0.2478718084569988,-1.4376302984944391,0.3547938115276449,1.3938856148681205,-0.4536370273510891,0.5,1,0.02716225579351733
UCVaK2_XYMPNGGwAi_fk-gPg,0.4130598247390092,0.2910470149635643,0.9421264343191478,0.0,-0.2217127734342647,-0.2478718084569988,0.5941627909440654,-0.1187474168982647,-0.362355336873333,-0.165209897533052,0.0,1,0.10649051561587392
UCVbSw9d0zu5PxG1qXp-Vpuw,-0.1874975794928268,0.0616705902712097,0.0494507013414639,0.0,0.6913574657089212,0.7154674764909068,-1.3743688760054311,0.8949522009190363,0.2540644697036649,0.9884986217390964,0.25,1,0.024216523796016465
UCVbvDTLdcrjBZr9ivHLlmyw,1.4153470157624335,-0.250768705995651,-0.3990816819470234,0.0,-0.2217127734342647,-0.2478718084569988,-0.7356817926562127,-1.0626533451216789,-1.1363133422457792,-0.5978505922601076,0.0,1,0.10726252286475163
UCVeGgrpXnrDLO8BRcmwQvmA,-0.2723532010247763,-0.1812671195761662,-0.1600923889967934,0.0,-0.2217127734342647,-0.2478718084569988,0.2313163106605325,1.00388191900675,0.4260750094209771,-0.5978505922601076,0.0,1,0.12532822267378513
UCVfh0b8WgMb0swTr_WHzmxw,3.047628405937987,-0.4058759049562085,-0.4506043348460312,0.0,-0.2217127734342647,-0.2478718084569988,-1.0605943702927705,-1.3737130345248083,-1.2147790919480497,-0.5978505922601076,0.0,1,0.0866533107070398
UCVhXJ4Bh4Y1YwCcPE_A5lBw,2.3277599557088324,-0.1989603588018582,-0.2944365954523522,0.0,-0.2217127734342647,-0.2478718084569988,1.3287631895899097,-1.232377484512112,-1.025413679557328,-0.165209897533052,0.0,1,0.09650104849630747
UCViAuJMUEl1qLnhTIjIW-oA,-0.2445378194568455,-0.266590205343176,-0.1955093395586843,0.0,-0.2217127734342647,-0.2478718084569988,-0.9014492679466184,-0.2342437935502511,-0.6804784339520161,-0.4536370273510891,0.25,1,0.11659768376131796
UCVik1TAuxknvPJmiw8wKRbA,0.5283814367498018,-0.2199732876227898,-0.1940332496476879,0.0,-0.2217127734342647,-0.2478718084569988,0.4372148201570463,-0.7255229672551384,-0.7641498050243165,-0.4536370273510891,0.0,1,0.1291549047836848
UCVjKLwgkH5byOastzJgEoSQ,0.0794869825869715,0.0012048155007738,0.2170127925223869,0.0,-0.2217127734342647,-0.2478718084569988,0.9093204124406508,1.0554343899297194,0.0260639590569489,-0.3094234624420706,0.5,1,0.07872107856499655
UCVn0hWuuttq4y7sKY6BayDw,-0.1847508335599976,-0.0227695993268533,-0.2208537596433784,0.0,-0.2217127734342647,-0.2478718084569988,1.3607812350396349,-0.0280277244516104,-0.5341412537916659,-0.5978505922601076,0.0,1,0.11904126164209072
UCVoK0gfOyfxlt7Dn6unO8kw,-0.2834759743933097,0.075549718047052,0.3389508596101224,0.0,-0.2217127734342647,-0.2478718084569988,-1.0289516008502202,-0.1101655434507008,0.2675857698614506,-0.5978505922601076,0.0,1,0.1084013681935378
UCVod8JmNjpPBHx6psVU9NvQ,-0.1366412169236592,-0.2627559134094646,0.1039280603335172,0.0,-0.2217127734342647,-0.2478718084569988,-1.0783178925160122,-1.2154359321644732,-1.0219211620241233,-0.3094234624420706,0.25,1,0.09460103314535423
UCVowaBKY8M7I7u_JHWEvS6Q,-0.2350859436385248,0.6878205532882146,1.2071701787789637,0.0,-0.2217127734342647,-0.2478718084569988,-0.2200816942237274,1.579981865677227,1.946295812540489,-0.165209897533052,0.0,1,0.026169937529857523
UCVoyI7ON2kx-yPZyCeOFi_w,-0.0691713057024107,0.0191471002432128,-0.0533405682430414,0.0,-0.2217127734342647,-0.2478718084569988,0.2974442825224085,0.2992880874260308,0.0269812252244969,0.2674307971940035,0.75,1,0.02464958167393161
UCVpLv94y2gI0dC9rByI9bUQ,-0.2758642579861491,-0.1104941626733981,-0.2503485157547258,0.0,-0.2217127734342647,-0.2478718084569988,-0.3704881956485748,-0.7306019709804397,-0.6105758039420457,-0.4536370273510891,0.0,1,0.12143412262873526
UCVpjhrIANLoaBnTcdA3zuJA,1.0433782921530677,-0.4679187845404316,-0.5084593505575342,0.0,0.6913574657089212,3.605485331334624,1.2465874289984726,-0.40404614944062,0.1318024996665688,2.2864207059202637,0.25,-1,-0.019977166592399453
UCVpmOLPFirArA-TCAn4IX9A,-0.2872475390356196,-0.1396297362486395,0.0205581918993356,0.0,0.6913574657089212,0.7154674764909068,1.3022269706153369,1.366781094892538,1.1560195432147349,-0.165209897533052,0.25,1,0.02807994495322641
UCVqdyGEzaf7tj8oBStzFhEg,-0.3016348446327727,0.0145239348494555,-0.1797831711256081,0.0,-0.2217127734342647,-0.2478718084569988,0.1504750297653186,1.6477317471448856,0.964707836732028,-0.5978505922601076,0.25,1,0.09740182332632763
UCVrn-chmHzhwD2IGpQkws6Q,-0.0477765992648534,-0.440344171391888,-0.5562563872395111,0.0,-0.2217127734342647,-0.2478718084569988,1.3292919503056733,-0.7781153507471197,-0.4491122555292782,-0.4536370273510891,0.25,1,0.08607549777583273
UCVs-XnCruTq4wkybY_GuyHQ,-0.180459121330164,-0.3011997351658869,-0.3635669539154076,0.0,1.6044277048521072,1.1971371189648596,1.2704166373988592,0.9875507819575612,0.3229015175533113,0.7000714919210592,0.5,1,0.0037820832715075303
UCVsWBPtH3uPr2BdT1XwItmQ,-0.2903707199502319,-0.1712374190969316,-0.0429876492243744,0.0,-0.2217127734342647,-0.2478718084569988,1.1763262815384323,1.347825392496143,1.6238581042164313,-0.4536370273510891,0.0,1,0.09054082710080114
UCVt9MPJRkAN3-8qsWXrEgsQ,3.081407505148789,-0.4339873189754717,-0.518306864711615,0.0,-0.2217127734342647,-0.2478718084569988,1.14774324345333,-1.017297198742136,-0.822053176912879,-0.4536370273510891,0.0,1,0.0759860761325345
UCVtVBlTSq50vq01uNm_pJbA,-0.1571325446286708,-0.0038403054646359,-0.0876983912057692,0.0,-0.2217127734342647,-0.2478718084569988,0.4189129350859965,1.4351105903104284,-0.1058495254927821,-0.4536370273510891,0.25,1,0.11243562314829864
UCVvJtUy3rbzBmNU_ZKXjumQ,2.781186260561609,-0.3621784305678062,-0.388496497784962,0.0,-0.2217127734342647,-0.2478718084569988,0.3275165568017151,-1.246118156694654,-1.0296762416224312,-0.0209963326240335,0.0,1,0.09389183599633855
UCVwm1ZTG5LcdrecJQvzJ-6w,0.1222512530699162,-0.3906194591568094,-0.4832768430311993,0.0,-0.2217127734342647,-0.2478718084569988,0.682321325794029,0.1754660974455877,-0.5530316268506844,-0.5978505922601076,0.0,1,0.12729152278016925
UCVx8F2HImxTEalRqFKtlXzw,3.3435301191376814,-0.4279129933331184,-0.4771305152533397,0.0,-0.2217127734342647,-0.2478718084569988,-1.560353797224921,-1.3737130345248083,-1.2147790919480497,-0.5978505922601076,0.0,1,0.04856889409005999
UCVyL8wxWp1HJjVsyMK_bJ4w,3.2232915366936,-0.4505857669516698,-0.4218446715482034,0.0,-0.2217127734342647,-0.2478718084569988,-1.0294937817393408,-1.130990330806672,-1.049190524490656,-0.165209897533052,0.0,1,0.08364560910432722
UCVyTWVHxxAGZweLMKNu8rxA,-0.2208011845953452,0.1826273654169086,0.0450427088417435,0.0,-0.2217127734342647,-0.2478718084569988,0.0458067489027837,2.0208452666877093,2.470102692548128,-0.4536370273510891,0.25,1,0.028797333671964742
UCVyWD-I3p-5vvNgPG4fhrRA,-0.2995104788679425,-0.2372074208406296,-0.1604279373992583,0.0,-0.2217127734342647,-0.2478718084569988,-0.3091755344359866,-0.5977315717647045,-0.8892765715999609,-0.5978505922601076,0.0,1,0.12152393969472403
UCVye602vK1Nwas3QkJfbfwQ,-0.1694796786453835,0.1056388194847557,-0.190978407112357,0.0,-0.2217127734342647,-0.2478718084569988,1.1116647163573323,0.6543522822767197,0.5478885672093969,-0.4536370273510891,0.0,1,0.12175174287955437
UCW06dnIv7L5RkGagM3Pneug,0.5649342837256291,0.0984126539173765,0.5888386673794603,0.0,11.648200335427152,7.9405121136002,0.8959007787244422,1.7052637896601786,0.8587579202337364,4.305410614646523,0.5,-1,-0.2014450864307581
UCW0ROCevI2v4IPDs_1LXIrw,0.5823431373606078,-0.2380550011628184,-0.4792544751722021,0.0,-0.2217127734342647,-0.2478718084569988,1.363863984344593,-0.9076648272380892,-0.9353821066146562,-0.5978505922601076,0.0,1,0.10708108752422196
UCW15IE4KgOefUdfIAYq9Efw,-0.2972229228659903,-0.1270219789560805,0.1279614263096908,0.0,-0.2217127734342647,-0.2478718084569988,-0.0031163868076376,0.2420817137755791,-0.079985786631784,-0.5978505922601076,0.0,1,0.1266207150151113
UCW3IL6JICkJLuGwiTLC63GQ,-0.2423620817169946,-0.3557627184067934,-0.1634172219204948,0.0,0.6913574657089212,0.7154674764909068,0.2390680886633257,1.4462872290682305,1.116980088234813,-0.165209897533052,0.0,1,0.051432390964011365
UCW41CKWFYU6-J4noJpzxmkA,-0.0540425656422953,-0.4677492684759938,-0.5144714945687308,0.0,-0.2217127734342647,-0.2478718084569988,1.1864648594608185,-0.3385369925509973,-0.8167722945651994,-0.5978505922601076,0.25,1,0.10010153561688068
UCW45YvM7iZR-lonKDO2HJ0A,-0.2715960328362929,-0.1329550412114024,-0.0244425919928197,0.0,-0.2217127734342647,-0.2478718084569988,1.007125742688136,1.5302500945755677,1.5525637875668483,0.123217232284985,0.25,1,0.08519675272237448
UCW4z0FG7FJWnXhBz9SKtxcw,-0.1159310325367071,-0.3070268498809352,-0.3865894843329805,0.0,-0.2217127734342647,-0.2478718084569988,0.6606934150959934,1.8223613209076976,1.30509394794157,-0.165209897533052,0.0,1,0.0977113352152722
UCW5DJXxg8O9FntzoF9yjvCQ,1.605171323408488,-0.4185896097890412,-0.4518086681399842,0.0,-0.2217127734342647,-0.2478718084569988,-0.3859880940650263,-1.062653345121679,-1.1363133422457776,-0.5978505922601076,0.0,1,0.10356337237327484
UCW5FUVS6jZtSzRqNEz7vuzQ,0.2322335913342563,-0.2891923472682117,-0.3147803871849697,0.0,-0.2217127734342647,-0.2478718084569988,0.3548407538460058,-0.1142944553184939,-0.257741797890937,-0.4536370273510891,0.0,1,0.1336282057247698
UCW6UQh-EtCpVbu1NjNGS5BQ,0.0383151374207016,0.2628649692507854,1.7224617065522565,0.0,-0.2217127734342647,-0.2478718084569988,1.3788357804173732,-0.1389322812025722,-0.5893055113472434,-0.5978505922601076,0.0,1,0.0520054161631574
UCW6_RAVIrP2dJhOTydzhnSQ,-0.1590424250172395,0.539176154284347,0.6107090640625737,0.0,-0.2217127734342647,-0.2478718084569988,-0.1106306244199476,-0.8037424348223317,-0.8033978683264233,-0.5978505922601076,0.0,1,0.08218206168657899
UCW6uaPPRC5DsEI_bLu1TqCg,0.4233403139407481,-0.2134751718193421,-0.2427564399922808,0.0,-0.2217127734342647,-0.2478718084569988,0.7954850401170401,-0.4101589575973101,0.1067730014401893,-0.5978505922601076,0.0,1,0.1306513749076798
UCW6v6HOZ9aEbiTpBEnOWc_g,-0.2831764362720564,-0.3618017282023889,-0.300122659494728,0.0,-0.2217127734342647,-0.2478718084569988,-1.363225645774489,1.9219724991025997,1.2793356864043262,-0.5978505922601076,0.25,1,0.04205714788008813
UCW7RoHzkSKJEomcdB6EWQcQ,0.1352994464230338,-0.1628625182943514,-0.2272560143378956,0.0,-0.2217127734342647,-0.2478718084569988,1.2773393990551096,-0.4211026864828123,-0.7728130295383439,-0.3094234624420706,0.25,1,0.1159451572441293
UCW9L9KVcoIaNopqypht32gA,0.212668991342356,-0.4075710656005862,-0.4647955734328568,0.0,-0.2217127734342647,-0.2478718084569988,0.3416071958351093,-0.653706732699832,-0.7856096988983187,0.123217232284985,0.0,1,0.12014756407067112
UCWA6iumOviQ5ImqJVKiq74g,1.256488807651439,-0.4032120810864722,-0.4213900599345899,0.0,-0.2217127734342647,-0.2478718084569988,0.7195178773474915,0.1308058598717798,-0.137337428344178,-0.3094234624420706,0.0,1,0.11332925657389592
UCWC1K1JQboHwrChyg0iZZ3w,-0.1943807081157749,0.5032952539783528,0.0359104129393386,0.0,-0.2217127734342647,-0.2478718084569988,0.0594731171748123,-0.4399697972544744,0.3077725369103514,-0.0209963326240335,0.25,1,0.0902295950018539
UCWCzB6NxSqKU7j7nMjxxTlA,0.92661976319185,-0.1596538213603508,-0.3196491428371546,0.0,-0.2217127734342647,-0.2478718084569988,-1.378886540904954,0.4118926443408882,-0.2468117810755056,1.5653528813751705,0.25,1,0.06324012752793101
UCWElNlzxxV1ThxxwPlnCV9Q,-0.2225872525903101,0.3818087411312858,-0.0002105631665834,0.0,-0.2217127734342647,-0.2478718084569988,-1.5418530105111907,1.064340287268094,0.2029029218898254,-0.0209963326240335,0.0,1,0.0799834561544352
UCWFg5RJpyxcKpe_OMk3-SvQ,-0.1717095003882775,-0.4103257016477,-0.4136630746086533,0.0,-0.2217127734342647,-0.2478718084569988,0.3137440537706429,2.434403610684501,2.524503762100721,-0.165209897533052,0.0,1,0.001881128212488814
UCWGX1-XAiLtGJpq1cY4NN5w,-0.2350647929063997,-0.2706868435670887,-0.3106139846045972,0.0,-0.2217127734342647,-0.2478718084569988,1.047464703964322,0.2302450549423449,0.1838666046688783,0.123217232284985,1.0,1,0.02777099757030982
UCWH9-wvO4QtoAVvW3lkpGuQ,0.1910155383928179,0.0629066449077351,-0.1776987653722195,0.0,-0.2217127734342647,-0.2478718084569988,1.0043930411087858,0.7329046841016192,-0.1153086688497924,0.4116443621030221,0.0,1,0.11625747443170259
UCWHjnNwHbqy9CbVJs0cT3yQ,-0.2773788642374812,0.4934068168861496,0.2326842432084092,0.0,-0.2217127734342647,-0.2478718084569988,0.9384433374358324,0.5708571672842018,-1.214779091948047,-0.4536370273510891,0.25,1,0.05774797184538094
UCWJSVicdIws2XQAsS8E0MKw,-0.2975344906015312,-0.2372074208406296,-0.2951715975330022,0.0,-0.2217127734342647,-0.2478718084569988,-1.252330950073524,0.5105276571979427,0.9988137776721044,-0.5978505922601076,0.0,1,0.10925946949998327
UCWK0nYOOJxldD3eNaMMS8Bw,-0.1038518699747262,-0.3505410182075943,-0.4663936961144261,0.0,-0.2217127734342647,-0.2478718084569988,-0.7125794741424726,1.053716229258354,-0.3701928441867775,-0.3094234624420706,0.5,1,0.08442482097560627
UCWL6D9x9NTVlTNqWLpMKnsQ,-0.0256205776697739,-0.398974179475528,-0.4553093059288119,0.0,-0.2217127734342647,-0.2478718084569988,-1.2469445692847183,1.449758379942233,1.4016284893980273,-0.3094234624420706,0.25,1,0.07444721043235208
UCWLWuEPoL3JspLu-tb3OFSg,0.4723043006076617,0.2150537338036786,0.3456327650970956,0.0,-0.2217127734342647,-0.2478718084569988,0.645242200531276,-0.7459549917704564,-0.3944343957424748,1.8537800111932077,0.0,1,0.06643099377478479
UCWMXjC1mJ1zwMN9sQctxfIw,-0.2703168237685601,-0.0756828280120708,0.1236268815432551,0.0,-0.2217127734342647,-0.2478718084569988,0.5467957138009125,0.9287794596100106,-0.3389277010497268,-0.3094234624420706,0.0,1,0.12738759098051072
UCWNzkbM0KRGCf1R3QC7ZtiQ,-0.2950721004770083,-0.48272318750133,-0.5325614340311164,0.0,-0.2217127734342647,-0.2478718084569988,0.5881402498408361,0.3547938115276449,-0.2708308367173639,-0.4536370273510891,0.0,1,0.11763239110445745
UCWSWTBReFOvTiRoh0OqG3SA,0.5023067640232437,-0.4083244703314208,-0.3625898254807784,0.0,-0.2217127734342647,-0.2478718084569988,-1.515243226214246,0.4728322267864937,1.1997778799554677,-0.0209963326240335,0.5,1,0.04260637696457259
UCWTJUG7teA29F875p4R869g,-0.0766318981955863,5.007735191998751,4.98431773651821,0.0,11.648200335427152,7.458842471126247,0.907145810616507,0.0551629112280369,0.4484398870636029,1.8537800111932077,0.0,-1,-0.2285013452841712
UCWUGaY-MfpwfjJ2RcHm3qsw,4.003568619558812,-0.3643444691689554,-0.459024274815611,0.0,-0.2217127734342647,-0.2478718084569988,0.6885636239697576,-1.3737130345248083,-1.2147790919480497,-0.5978505922601076,0.0,1,0.08360836076599171
UCWUdhxKgdDNC-BO15AVj80A,2.054431755901252,-0.398247682056509,-0.5118164792252301,0.0,-0.2217127734342647,-0.2478718084569988,-1.3104740837588456,-1.373713034524808,-1.2147790919480497,-0.5978505922601076,0.25,1,0.05305286185954117
UCWYL7LbGgjjlJcNnoC8mSGg,0.0982660509758022,-0.0506745514727628,-0.2933164310282595,0.0,-0.2217127734342647,-0.2478718084569988,1.182746824706566,0.3780901207715789,-0.5082312026126292,0.5558579270120406,0.0,1,0.11425590949552394
UCWZCu9jQ6CmMVtJbxUF6sDA,0.4133246766738233,-0.1957819325936501,-0.1010446224792575,0.0,-0.2217127734342647,-0.2478718084569988,-0.4780241808694527,0.1921205221878663,-0.5087609434525522,-0.165209897533052,0.5,1,0.08869183593964897
UCWakdecp98pAe66ZqkDgb0A,-0.0745002859929142,-0.0203210339516411,-0.0685623054333613,0.0,-0.2217127734342647,-0.2478718084569988,0.6402743715065575,0.9194753955399012,0.4561763850108569,-0.0209963326240335,0.25,1,0.1175480411219908
UCWamAT8Rm1adeRK1CuYG8Ew,0.581046944522049,0.0077064409535888,-0.0919040555357713,0.0,-0.2217127734342647,-0.2478718084569988,-0.03420877878524,2.308150617578153,1.58646883437642,1.997993576102226,0.0,-1,-0.014681826209373305
UCWbBXg0jbhjgeieRYmr9zkg,3.911448025192407,-0.2956904630716595,-0.3695314304202017,0.0,-0.2217127734342647,-0.2478718084569988,1.1883230509019085,-1.3737130345248083,-1.2147790919480497,-0.5978505922601076,0.0,1,0.07466305886887814
UCWcoqhvDp6-0LA0OUC_K7nA,0.8094998488087771,-0.0382572033959403,-0.1964170441767683,0.0,1.6044277048521072,2.160476403912765,1.0578480223198738,-0.6535436137901302,-0.3013206046749411,0.2674307971940035,0.0,1,0.022607576052518785
UCWgzAQxVHjb0HJRHsaQHuZQ,-0.2509283221840616,-0.2350413822394803,-0.2434876250726481,0.0,-0.2217127734342647,-0.2478718084569988,0.7883078178063162,0.7584712446851853,0.6081071894095135,-0.0209963326240335,0.25,1,0.11626797067576244
UCWiFUTvzJgG7XoiGB-OvZ_Q,5.54206822143502,0.5688414655609564,0.1758827920116404,0.0,0.6913574657089212,3.605485331334624,-0.8107146568266947,-1.3737130345248083,-1.2147790919480497,0.123217232284985,0.0,-1,-0.10939996139161079
UCWjBAfE91nBdj0R2mrYHcBQ,0.9922181939688508,-0.345697702080801,-0.2910987341245263,0.0,-0.2217127734342647,-0.2478718084569988,0.9661076298609692,-0.7542275296532402,-0.6822537835254597,-0.5978505922601076,0.25,1,0.11344066861180924
UCWjVrEuj6j1Chqmxon51d4A,0.0240122410811345,-0.3166378053200408,-0.2908100195860507,0.0,-0.2217127734342647,-0.2478718084569988,-0.2359953328328317,1.996878292441712,1.8441999055343556,-0.3094234624420706,0.5,1,0.017703413360854403
UCWkQfUFIJK8zUvfVnrcIlgA,-0.2751872625051031,0.0116986671088261,-0.190863055231224,0.0,-0.2217127734342647,-0.2478718084569988,-0.8522549496343318,-0.7255229672551384,-0.84691750298084,-0.4536370273510891,0.25,1,0.10769276650941212
UCWldQvEUGvhqMKOwcWV2JMg,0.7857074290449091,-0.3790304282130352,-0.3183382248905293,0.0,3.430568183138479,6.013833543704388,1.3160484922420337,0.4392983682659921,0.0760156786534625,6.180186958463764,0.0,-1,-0.11521848763529541
UCWlgrPymojtiMJLWDUlzQxw,0.2250751964056189,-0.0988399332433016,-0.1674048077396665,0.0,-0.2217127734342647,-0.2478718084569988,0.3045641914855347,-0.4252405731882587,-0.506804608827554,-0.165209897533052,0.0,1,0.13104656068975917
UCWnjwkVos8xyUexam5s202w,-0.2367565588013791,-0.3071713237994901,-0.2135882014926304,0.0,-0.2217127734342647,-0.2478718084569988,-1.3177018157172569,1.267746987668228,1.1816842926433322,0.2674307971940035,0.0,1,0.09056981761617044
UCWq8uNX3So8mlRsCfRlX4Yw,0.6879896717436532,0.4114740524078951,0.7412155918625577,0.0,-0.2217127734342647,-0.2478718084569988,1.2712423080293276,-0.9415863230116952,-0.9546516042926644,-0.4536370273510891,0.0,1,0.07603372356815447
UCWrBPtZxyBIowmbsFbnigSg,0.0965791637780793,-0.3024711056491702,-0.2713870812473628,0.0,-0.2217127734342647,-0.2478718084569988,0.9632938644615204,-1.1667200510605344,-1.0229319919979785,-0.5978505922601076,0.0,1,0.11959369681153331
UCWrya5CScMak0zApNygJDUg,0.906312380746759,0.5917261342600549,0.2762994570933353,0.0,-0.2217127734342647,-0.2478718084569988,0.1570355328132518,0.5598694098468232,-1.0277058462569053,0.8442850568300777,0.0,1,0.040780746595820816
UCWtFYzhucdXffX7dfZii-dw,3.067683469583507,0.1399658225334037,-0.0346035306905212,0.0,-0.2217127734342647,-0.2478718084569988,0.5636237672367195,-1.373713034524806,-1.2147790919480497,-0.5978505922601076,0.0,1,0.07195291354884015
UCWtNc69664m4sRUF0OjZ9eA,0.6581656650259231,-0.3338315775701572,-0.3947748489412301,0.0,-0.2217127734342647,-0.2478718084569988,0.8878422607261862,-0.9076648272380892,-0.9353821066146562,-0.5978505922601076,0.0,1,0.11516594399315827
UCWwF2uJkkBkpPhWO-B36l7w,0.3673053493749951,0.4044108830563215,0.9366716475825204,0.0,-0.2217127734342647,-0.2478718084569988,-0.9948965652421352,-0.0585264376305124,1.1600151938721317,0.2674307971940035,0.5,1,0.0202265517144376
UCWxZfmOsuvljH6qrIBv-cIQ,0.6698043148614479,0.0094384529163226,-0.0615628129333328,0.0,-0.2217127734342647,-0.2478718084569988,1.4382027643679838,-0.8551609807090724,-0.8962021299537767,-0.5978505922601076,0.0,1,0.09580987833511012
UCX-N2V1gTQ2eGwkOXarRMBQ,0.0288799449194732,-0.0575203925365957,-0.1636056596872946,0.0,-0.2217127734342647,-0.2478718084569988,-1.3863429235925522,-0.5222989118289475,0.1664152699279399,-0.0209963326240335,0.75,1,0.015307561200443576
UCX-Zm4p1ddD8FIAHfg7PxaA,-0.2778980043257896,0.1247093767340046,-0.0858010183061827,0.0,-0.2217127734342647,-0.2478718084569988,-1.4741663970193657,0.4814288324071951,0.4950136192773802,-0.5978505922601076,0.0,1,0.09876275248441074
UCX-ZuUxKsoU0dEWBdWLQS_Q,-0.2571022678483173,0.6671607829348617,0.4890771671201684,0.0,-0.2217127734342647,-0.2478718084569988,1.2853146073046675,1.159347639927097,1.485697454144007,-0.4536370273510891,0.0,1,0.05651480500895567
UCX-iwdNZUH_FXrWkQitHw-A,-0.0117609616563354,-0.1853637578000789,-0.5874320207321655,0.0,-0.2217127734342647,-0.2478718084569988,-1.435413940491883,-1.3737130345248083,-1.2147790919480497,-0.4536370273510891,0.0,1,0.08099270389413765
UCX-qX5S2lw-s3Kk8A8bLKGQ,1.0502244603571935,-0.0243234965841994,-0.1539898422491603,0.0,-0.2217127734342647,-0.2478718084569988,-0.7064656591235651,-1.194118341410486,-1.020282723421616,-0.4536370273510891,0.0,1,0.11225204485322576
UCX0VevQSmnZ9ApLYcVsBYZg,-0.1723517677425283,-0.2829767582388269,-0.3795174262685544,0.0,-0.2217127734342647,-0.2478718084569988,1.3610506037732093,0.9101865342127542,-0.2958548032686539,-0.5978505922601076,0.0,1,0.11927179102704188
UCX2y_mlOSyclJlMhiftNR_g,2.00909776851182,-0.2839454214641856,-0.3510817739639269,0.0,-0.2217127734342647,-0.2478718084569988,1.2035707304382417,-0.1112351356558227,0.7257946387446239,-0.3094234624420706,0.0,1,0.08238984482565459
UCX526cq3cCBZIaFnUKaBngA,-0.1955668599964853,-0.3169741467177348,-0.47861430623022,0.0,-0.2217127734342647,-0.2478718084569988,1.2387962099049517,0.5861212465129693,0.6497823934504475,-0.0209963326240335,0.0,1,0.11521340499110044
UCX5BqUmPQ801xipR8rlgUUg,-0.0879368495903783,0.7256438251658915,0.1603635900297804,0.0,-0.2217127734342647,-0.2478718084569988,-0.8668379220047359,1.549727587152002,0.6964583373528085,-0.5978505922601076,0.0,1,0.08171127156554958
UCX8J4DGT0-e_DYwsH8_0FZw,0.2813852133709637,-0.2753983930051384,-0.3760600682822178,0.0,0.6913574657089212,0.7154674764909068,-0.9994712989233104,0.5878664290754156,0.5345700766369804,1.132712186648115,0.5,1,0.013878942158645324
UCX8W4liwnD6Z235h4z0nnCg,2.7317680321272606,-0.318525274104747,-0.4444748176106702,0.0,-0.2217127734342647,-0.2478718084569988,0.0638643403045686,-1.373713034524806,-1.2147790919480497,1.132712186648115,0.0,1,0.07300624396669642
UCX92uMjmM1UW6qv6npMphLw,0.7142793503222451,0.1094529309346055,0.0119459591352803,0.0,-0.2217127734342647,-0.2478718084569988,-1.435413940491883,1.737599288369608,2.8275093929171256,-0.5978505922601076,0.0,1,0.005618492031908007
UCX99P4RCXopzBCRYisfWelg,0.619073305771927,-0.1414308444332908,-0.311401783598385,0.0,-0.2217127734342647,-0.2478718084569988,0.2143547083564474,-0.7520342633036385,-1.055195372251201,-0.5978505922601076,0.25,1,0.09996453662243798
UCXAMpzrM5M9tHn4THru_XXw,0.0989424987136132,-0.0626058744697287,-0.0566040688551,0.0,-0.2217127734342647,-0.2478718084569988,-0.2985764058871031,1.1022535303154466,0.9663582246706116,-0.5978505922601076,0.75,1,0.026089235528670207
UCXBD33PtLif6ssMTrJG3KPA,-0.0290517651997751,0.1614378573621876,-0.2242307121948478,0.0,-0.2217127734342647,-0.2478718084569988,-1.072973194300211,-0.293396255742025,-0.238444267397596,-0.4536370273510891,0.0,1,0.11722499604817316
UCXBzbLJWq68_2kcV_n18aYw,-0.2441553095835387,-0.3036718444389378,-0.2852701754292777,0.0,-0.2217127734342647,-0.2478718084569988,0.7172353550413836,0.9197437710099242,0.4335296117074241,0.4116443621030221,0.0,1,0.11595042542820277
UCXDR6O9X8TiuM5cmMhBY8yQ,-0.2871979784347962,-0.3092517482266809,-0.5152419360906867,0.0,5.256708661424851,3.123815688860671,0.5627335139487869,0.8736537752736367,-0.1445585632408722,0.8442850568300777,0.0,-1,-0.03667974271359997
UCXF6AmFN3PSkK4L9wdOBb9A,0.0359754186871716,-0.3745154330352215,-0.3320287329096908,0.0,-0.2217127734342647,-0.2478718084569988,-0.2548319647165032,1.5497275871520024,0.6964583373528063,-0.5978505922601076,0.0,1,0.10221002928130712
UCXFQk-XL4zrERTrR0xfD8Xw,0.9211126455542168,-0.0626058744697287,-0.289765832342959,0.0,-0.2217127734342647,-0.2478718084569988,0.0887148673302568,-1.1667200510605338,-1.0229319919979796,-0.5978505922601076,0.0,1,0.10990086821242856
UCXFy4E6UuTE6iEuAJR2gePQ,0.990294864847598,-0.2644712545377039,-0.190108383514157,0.0,-0.2217127734342647,-0.2478718084569988,0.0845551993344767,-1.1941183414104872,-1.0202827234216143,-0.4536370273510891,0.0,1,0.11394051619896994
UCXHQmITVzZA-O6GMoMI9fJQ,-0.1313762303862786,0.3542623806601485,0.5038606056944926,0.0,-0.2217127734342647,-0.2478718084569988,-0.6972347785853538,-0.3816097468978337,-0.1672914926381701,-0.4536370273510891,0.25,1,0.09781073349220487
UCXHi5PcbD1ZKBJmscllLQbA,3.979646218625708,-0.3462627556289269,-0.3251163050805373,0.0,-0.2217127734342647,-0.2478718084569988,0.2850884670295937,-0.6220495922777043,-0.7391317788141412,0.8442850568300777,0.25,1,0.05072095526956327
UCXHmYMvW8bv3IsoC7XDRN0A,-0.1096419061542098,-0.071646731239743,0.223217840889465,0.0,-0.2217127734342647,-0.2478718084569988,0.4584087784220553,-0.9813960376872318,-0.6975615507128002,-0.4536370273510891,0.0,1,0.11723674733726969
UCXHr3gGC7gg7YEPrN2-o0wA,0.0149693520397485,-0.3431549611142345,-0.4158969252283026,0.0,-0.2217127734342647,-0.2478718084569988,-1.5140211642593315,1.041334326083983,-0.032381846742602,-0.5978505922601076,0.0,1,0.09740831898109886
UCXIJgqnII2ZOINSWNOGFThA,0.2070842150862856,-0.057167234069017,-0.5221321200503989,0.0,1.6044277048521072,3.123815688860671,0.9915195271894388,0.4506417711301211,0.2673649162951761,2.1422071410112444,0.0,-1,-0.016590803520381114
UCXJKaA-iUjowh386J9IHl_Q,0.8047526410228278,-0.1809492769553454,-0.3096070945249727,0.0,-0.2217127734342647,-0.2478718084569988,-0.2386166896523392,-0.9330532357556576,-0.9688300111373692,2.1422071410112444,0.0,1,0.06616163862069296
UCXK-HLThVl5Co6TZMdYtIlA,-0.0839833999279193,0.5797540622091376,0.7317621672581279,0.0,-0.2217127734342647,-0.2478718084569988,1.142834178198435,0.202713133192858,0.5170603860956897,-0.165209897533052,0.25,1,0.08423024206552843
UCXLI92C_uigZZesZY-Tdakw,0.0236128330540961,-0.461816206220672,-0.5451451645178511,0.0,-0.2217127734342647,-0.2478718084569988,-1.2361353037354548,-0.9076648272380892,-0.9353821066146558,-0.5978505922601076,0.25,1,0.08248205118901003
UCXLU2euBUjGmYFETupvOKaA,-0.286985242762965,0.1614378573621876,0.3437814940971012,0.0,-0.2217127734342647,-0.2478718084569988,-1.0225737412903506,0.3125126867958358,-0.1521965656923393,-0.4536370273510891,0.25,1,0.09491811178661408
UCXNsZ-xUc4UYP2MXuTASKww,0.134147926668816,-0.0287968371735295,0.1024836670157413,0.0,0.6913574657089212,0.7154674764909068,0.3629756790567351,0.4399319767761517,1.9470029739923544,-0.0209963326240335,0.0,1,0.028468273234546704
UCXNtXq8h4QeA6b0qHhxEDUA,3.967553852527064,-0.2540783053489598,-0.3257616786144516,0.0,-0.2217127734342647,-0.2478718084569988,0.3251314332536028,-0.3045698109897593,0.2239694012331147,1.7095664462841889,0.0,1,0.029115418894851475
UCXOHvKAvl19adqLbuapVuCA,-0.3008828928047466,-0.1939808244089988,0.016617972564773,0.0,-0.2217127734342647,-0.2478718084569988,1.3114832121763886,-0.5977315717647047,-0.8892765715999601,-0.5978505922601076,0.0,1,0.1146872793233642
UCXP5hD8nCSVa0Hnl9WMHjuA,-0.0179721994325512,-0.3619014435344111,-0.4659952644835988,0.0,-0.2217127734342647,-0.2478718084569988,0.1760568048933646,-0.1115715107814323,-0.0156955760826263,1.132712186648115,0.25,1,0.09459558522880662
UCXQJY-uttpKZ6lPPGooYpyQ,0.5308810705508423,0.6112204816703983,0.6073099766401999,0.0,-0.2217127734342647,-0.2478718084569988,0.9966997251735552,-0.1552678582832412,0.2832642053078618,-0.5978505922601076,0.25,1,0.07691188529139142
UCXSThWtKEoXD7sxVAdFpANQ,-0.1741263541288452,-0.4022030568933903,-0.4437118415720829,0.0,-0.2217127734342647,-0.2478718084569988,0.1210481942231387,0.0710024954897184,0.1393335320832495,0.4116443621030221,0.0,1,0.11605835522890456
UCXTn5mNIPuf0ebK_Zf3wdug,0.1892775931805344,-0.3634968888467666,-0.4806802762968965,0.0,-0.2217127734342647,-0.2478718084569988,0.6260936956032388,0.2467621336493667,0.0190641763411231,-0.5978505922601076,0.25,1,0.12117426786562613
UCXUd8BgXOLOc6EVbVY4AMyA,-0.1537876209059818,0.0597282186995269,-0.0709232933895061,0.0,-0.2217127734342647,-0.2478718084569988,0.4101254922350222,-0.1267200839279835,-0.0182152003146656,-0.4536370273510891,0.25,1,0.11914392990081407
UCXVHX0Y7P2RHBHR2dwN5xVg,-0.2683649193739542,-0.3117944891932474,-0.4047267744602078,0.0,-0.2217127734342647,-0.2478718084569988,1.1800522589074418,1.8733671600031363,0.9882084706135288,-0.3094234624420706,0.25,1,0.08201352755684138
UCXVIkv29htA9rNr1Tibgdaw,0.0816374788769861,0.0747963133162175,0.2225919283327349,0.0,-0.2217127734342647,-0.2478718084569988,-0.3131715878970999,2.0845782689581163,0.9247973533657098,-0.0209963326240335,0.25,1,0.047613983253387226
UCXV_GeMRDlgaZY6lctkCs3w,-0.1105207982309764,1.163466149372104,1.7484606219909191,0.0,1.6044277048521072,1.1971371189648596,1.2793513975370867,-0.2409233018017608,-0.4147698388394805,-0.0209963326240335,0.25,-1,-0.06855007606431618
UCXWJ6Ud2EZChwQAxWzAQfWA,-0.292604113869352,-0.0837953825244497,-0.2642753682434861,0.0,-0.2217127734342647,-0.2478718084569988,1.0409623030201356,0.5941211589710139,0.777388183075154,-0.5978505922601076,0.0,1,0.127628222902473
UCXWSBvj3019Lc60oYhhFBRQ,-0.173768107568601,-0.1747690037727184,-0.2739112563108131,0.0,-0.2217127734342647,-0.2478718084569988,1.0415520909256517,-0.5905795548297855,-0.4831586296163384,-0.0209963326240335,0.0,1,0.12331959644769991
UCXWeeA9ksZMP3dkr7dTSizw,-0.2909963649824288,0.3823737946794118,0.4861994362911297,0.0,-0.2217127734342647,-0.2478718084569988,-0.7650727818959832,0.7827750320247063,2.0282239965336144,-0.5978505922601076,0.0,1,0.06706171632902436
UCXWtqGeTomxiWZYqJTcLW-A,-0.2992303117798263,-0.3080863252836712,-0.2828666327949942,0.0,-0.2217127734342647,-0.2478718084569988,-1.292907863377925,0.246762133649367,-0.380733401093987,-0.165209897533052,0.0,1,0.11581406267026384
UCXXQdiW_VYuMhNJE67dZhuA,0.0725560747182163,-0.293430248879156,-0.4640906940813386,0.0,-0.2217127734342647,-0.2478718084569988,1.0402372006074323,-0.6575185566714732,-0.823254197960746,-0.4536370273510891,0.5,1,0.0819159842793204
UCX_y-cDDMqRkKaC0o5NkAAQ,-0.1795067224987779,-0.2409609908388945,-0.4309827679976508,0.0,-0.2217127734342647,-0.2478718084569988,1.0893821467041915,1.4775739775584331,0.0563011892627393,-0.3094234624420706,0.0,1,0.11037868533343531
UCXaKQI7nYn_ynNykHGzdKWg,-0.2238723876237718,-0.1804195392539773,-0.1622097234783786,0.0,-0.2217127734342647,-0.2478718084569988,1.1168435398187546,0.6944694671243081,0.2104741452763697,-0.4536370273510891,0.0,1,0.13118122162096607
UCXai_F3g7Dh60eATRpdnVsQ,0.0865366079186352,-0.2675613911290174,-0.2623631009570165,0.0,-0.2217127734342647,-0.2478718084569988,-1.5358047759235791,1.66467790580177,1.988082109569856,0.9884986217390964,0.0,1,0.006908631218838279
UCXakE3_Q5xlr86TBW71leyw,1.3259200742662989,-0.4262178326887407,-0.51206482022467,0.0,-0.2217127734342647,-0.2478718084569988,-0.9149636545298246,-1.1941183414104866,-1.0202827234216154,-0.4536370273510891,0.25,1,0.07815573220969996
UCXb02p8d5Cvyc70qZnNqH8A,-0.2963514919740805,0.1536683710754567,0.8158424640523876,0.0,-0.2217127734342647,-0.2478718084569988,-0.9014492679466184,-0.1956378243690159,0.6893763278798117,-0.4536370273510891,0.0,1,0.09965175769160267
UCXcbM2lA0cMbWFWod5KX8UQ,-0.2455864479778062,-0.0778017788175429,-0.0619653712961392,0.0,-0.2217127734342647,-0.2478718084569988,1.3536426563923991,0.957623523071538,-0.5682048261108071,0.7000714919210592,0.25,1,0.08572609036501916
UCXdPkCQZDgWaxopiqOg2Rhw,-0.293496627598974,0.2998759766530314,-0.1526461731250625,0.0,-0.2217127734342647,-0.2478718084569988,0.438683910503682,1.1110155566755937,1.2699850638766588,-0.4536370273510891,0.25,1,0.08611945517385572
UCXf0hVKWTlPy4G8AZQV1xow,1.0677735204181362,0.5718079966886173,-0.1597062707228223,0.0,0.6913574657089212,3.605485331334624,-0.7356817926562127,-1.0626533451216789,-1.140800873674234,0.123217232284985,0.0,-1,-0.03961801647792451
UCXgC1XAWYlZFrtWbvBZl18Q,0.0121549188972292,-0.2672965222783334,-0.4128919267963084,0.0,-0.2217127734342647,-0.2478718084569988,-1.4665145290453123,0.0844822358266227,2.104151094212896,-0.4536370273510891,0.0,1,0.07184497621341895
UCXj2xNgzLlQv4vkvb75djYA,1.4057764944906763,0.0289328003266658,0.5770833839602922,0.0,-0.2217127734342647,-0.2478718084569988,0.9384433374358324,-1.373713034524806,-1.2147790919480497,-0.5978505922601076,0.0,1,0.07010730612636384
UCXjtCu2Iy60jzCfliLtGu5g,-0.208962649084075,-0.3363743185367238,-0.4782042168928753,0.0,-0.2217127734342647,-0.2478718084569988,0.6915721207865136,0.6973735543732191,0.6345077734297422,-0.5978505922601076,0.0,1,0.12623125497219123
UCXkbNIDuZL9wzjfIbHBmukw,0.2683443455349474,0.570536626205334,0.1490920627569655,0.0,-0.2217127734342647,-0.2478718084569988,-1.093941373664107,0.0869060757613787,0.3116557542927562,-0.5978505922601076,0.5,1,0.05099926733698712
UCXn4Lz9XWLCcb2s3GDh9COA,0.1213140451932306,-0.0227695993268533,0.055134289499837,0.0,-0.2217127734342647,-0.2478718084569988,-1.427517017846612,1.7294054150060438,2.549645512783339,-0.5978505922601076,0.25,1,0.025696964842088055
UCXnBfpSjd9ZBABQr5xetOOg,-0.2940566451801736,0.0340182822597988,-0.0742645999439131,0.0,-0.2217127734342647,-0.2478718084569988,-1.1272778392880851,-0.1552678582832397,0.2832642053078599,-0.5978505922601076,0.0,1,0.11040388830779274
UCXncRhMyfyZC4KPuwrECTfQ,-0.285379700388216,-0.2494367940607829,-0.1892982233514158,0.0,-0.2217127734342647,-0.2478718084569988,-0.635510908467938,0.2558085797703769,1.0537448267075713,-0.3094234624420706,0.0,1,0.11761517953789596
UCXnnVj7Q3imjvyDEroqFpTQ,0.3700089725331733,-0.2552891343806582,-0.4227803981947232,0.0,-0.2217127734342647,-0.2478718084569988,-1.4203935324951726,0.6788888451624806,-0.1504986525936012,-0.4536370273510891,0.0,1,0.10890889101304901
UCXpguLik07jLPBK7XxwpTHg,2.080527001895626,0.1060626096458501,0.621923687198831,0.0,-0.2217127734342647,-0.2478718084569988,-0.4732565308933514,-1.1017232951455267,-1.08016308665374,1.5653528813751705,0.0,1,0.03366759412838144
UCXsNNbUQbMmHs-CaLnwZdrA,1.1221160452053938,-0.4074499826974164,-0.5140266228666067,0.0,0.6913574657089212,0.7154674764909068,-1.2749024329177534,-1.1094245925500783,-1.0651113571871094,-0.3094234624420706,0.0,1,0.03826942025519753
UCXsXVM0yB4pr_O8Ym9JdkNw,1.4361126831962714,-0.3735467698098628,-0.4177835119988297,0.0,-0.2217127734342647,-0.2478718084569988,0.3388989060295633,0.7193859459310047,1.0240684912977414,-0.3094234624420706,0.25,1,0.07380022859689112
UCXtBfk1oannBCGGI8YSABUg,0.5488483037409708,-0.1853637578000789,-0.3158245961162419,0.0,-0.2217127734342647,-0.2478718084569988,-1.4523820522464137,-0.6861789362658425,-0.4880343256527891,0.4116443621030221,0.0,1,0.10198353723578168
UCXtOnwla5LobF9TKpGlD02w,-0.0399023363217981,-0.3547032430040574,-0.4768814440723411,0.0,0.6913574657089212,0.7154674764909068,-0.8137231536434509,1.462118509779998,0.6156379948294898,-0.165209897533052,0.25,1,0.03631303302627631
UCXxZrzmQ_Lgz-wfS_hJkVfA,-0.0569270828559645,0.0846123076458403,-0.2866712303980485,0.0,-0.2217127734342647,-0.2478718084569988,1.3710001441804365,0.259983132918305,0.6944138677415405,0.5558579270120406,0.25,1,0.08924602027357786
UCY-FEREOBP-MqXdVAN3uM8Q,-0.1826467005969876,-0.1963116702950181,-0.3234574541984265,0.0,-0.2217127734342647,-0.2478718084569988,0.9954764902247016,1.1450749968118972,0.2810938857863958,-0.165209897533052,0.5,1,0.08698000276314005
UCY-QQLqkedR1LeeA8XrzPDA,-0.2896336704509184,-0.271231716631353,-0.3093656281209485,0.0,1.6044277048521072,1.1971371189648596,-0.4633043490271419,-0.7165503254718297,-0.1963190723088081,-0.3094234624420706,0.0,1,0.045555628575679574
UCY-YziUr4rws9oruHdFaLQA,-0.2639326730816146,-0.3725377456167809,-0.3819893242227422,0.0,-0.2217127734342647,-0.2478718084569988,1.0332681605863951,0.6229362666580248,0.6323403783066917,-0.0209963326240335,0.0,1,0.11696747751914305
UCY0scOkoXHUZ7UDP6JNCDlg,1.694543384102278,0.7633611495032948,3.8741328602990097,0.0,0.6913574657089212,0.7154674764909068,0.4606019300686093,-0.1614864925421874,-0.1028255224746904,0.123217232284985,0.0,-1,-0.05515869067432022
UCY1tAp8R7A_-RUpj6WqIqFQ,0.5748439290290286,-0.3375478912905237,-0.3015745322993648,0.0,0.6913574657089212,0.7154674764909068,-1.539181559765789,-0.5015672311205296,-0.7953360925963683,0.5558579270120406,0.0,1,0.047198354260216124
UCY2a6trgIn6ds7V-Z5TslLA,-0.0815814043984386,-0.2390438448720387,-0.3805258474275318,0.0,-0.2217127734342647,-0.2478718084569988,1.0677509847026228,0.671335455038297,0.1176353796777643,-0.4536370273510891,0.0,1,0.13554355681052266
UCY3oJLso_yBnkBLHrd7G8Zw,-0.0849515926279487,-0.1871109628502051,-0.2785938492288228,0.0,-0.2217127734342647,-0.2478718084569988,1.4039528934081345,1.8237699875661455,0.0552624372735576,1.421139316466152,0.0,1,0.0516788781781114
UCY4PKr-Nz-EMZm9BYhxyVHA,0.9564639677694192,-0.2355122601962519,-0.3606416485266692,0.0,-0.2217127734342647,-0.2478718084569988,-0.6857748000936571,-1.3737130345248083,-1.2147790919480497,-0.5978505922601076,0.0,1,0.10215532615741496
UCY5bieqDuJqvS8KliPMjCQA,-0.2374180858153665,-0.3196648778992866,-0.3389014842859705,0.0,-0.2217127734342647,-0.2478718084569988,-0.5259957198939045,-0.0924687063292431,-0.106561104152849,-0.3094234624420706,0.5,1,0.09319843413535028
UCY6dM250bnwdWvolOvLZ4rg,-0.2859752011203653,-0.4389315375215733,-0.4872305228055815,0.0,-0.2217127734342647,-0.2478718084569988,0.6662711246600368,0.0754358853534569,-0.5194628538972375,-0.5978505922601076,0.0,1,0.12057988870318026
UCY7VQKeXxVvhOqOJVuMCrQw,2.8506883773472245,-0.1944046145700932,-0.1445316213128325,0.0,-0.2217127734342647,-0.2478718084569988,-1.2354412195883635,-1.0626533451216789,-1.1408008736742332,0.123217232284985,0.0,1,0.08745843510415502
UCY9r4ng5QpxueoCIli5bMCA,-0.2748354113276978,0.4648009810122763,0.430157825066041,0.0,-0.2217127734342647,-0.2478718084569988,-1.2366181572483603,-0.5119870664717707,0.0512399571402089,-0.165209897533052,0.25,1,0.08098922205906878
UCYB8MsDWw0poWJjYeqqp7lg,4.223116774643747,-0.2432817464829829,-0.368507710872521,0.0,-0.2217127734342647,-0.2478718084569988,0.9788679988555876,0.1387304557710884,-0.9545501484448196,-0.4536370273510891,0.0,1,0.06304620633021374
UCYCbHnYHitQPluMJmUc1iCA,1.0005880844119015,-0.4191546633371671,-0.485520243115509,0.0,-0.2217127734342647,-0.2478718084569988,0.6885636239697576,-1.3737130345248083,-1.2147790919480497,-0.4536370273510891,0.0,1,0.09683004533596912
UCYE_gsOQkdnReSPncZOBeZw,1.0165570988526649,-0.1495433989456696,-0.2074514175954767,0.0,1.6044277048521072,1.1971371189648596,-1.1146190262648823,-0.9507602463526608,-0.9656277258729566,-0.3094234624420706,0.0,1,0.030003722682646727
UCYINwzr06RTBQXwH3-ND-xg,-0.2929354613683981,-0.3478166528862731,-0.3192830063004948,0.0,-0.2217127734342647,-0.2478718084569988,-0.0535316366124486,1.3713103076931827,1.414290303823574,-0.165209897533052,0.0,1,0.09251332580476163
UCYJdaylPGoi02oPXEBxg2tw,-0.0724962526272499,-0.298233204038226,-0.3671659077689128,0.0,-0.2217127734342647,-0.2478718084569988,1.25839952136807,-0.1342593331747656,-0.8721126323074937,-0.5978505922601076,0.5,1,0.07527375399985681
UCYN4O52ELctv5jXCuwL59iw,-0.0006561739234577,-0.2869724940434314,-0.3016591975997046,0.0,-0.2217127734342647,-0.2478718084569988,1.412788417470736,1.200211512133168,0.0436562871197774,-0.3094234624420706,0.5,1,0.06882318723682584
UCYNwmZ3hiWD0uHhYmeoVxBQ,0.1744771652430476,-0.4721284334739695,-0.5640551102555222,0.0,-0.2217127734342647,-0.2478718084569988,1.0784860453922362,0.3547938115276449,-0.0476822034536191,-0.4536370273510891,0.0,1,0.11851174987672841
UCYPG3NEE1yB5CCA07Jsy8dA,2.193953601124505,-0.5518138258858141,-0.5804958436660744,0.0,5.256708661424851,3.123815688860671,-1.0605943702927705,-1.3737130345248083,-1.2147790919480497,0.2674307971940035,0.0,-1,-0.07837817879066644
UCYRS5awJwNdxmLBJxCYssbg,-0.1898797298169853,1.1138356127283795,0.7105730407755367,0.0,-0.2217127734342647,-0.2478718084569988,-1.286481376563302,0.1072583870913415,1.1376148930620786,-0.5978505922601076,0.0,1,0.0586233478149355
UCYRsduRTz3am5vlZTPLljjg,0.3323536522602372,-0.364532820351664,-0.4651256107737475,0.0,-0.2217127734342647,-0.2478718084569988,-1.0703127366436451,-0.0941392490653167,-0.5492936490824796,-0.0209963326240335,0.0,1,0.11844852213296098
UCYUIylRaMPkchohdbsBKCFw,0.3814700815535433,-0.3001402597631509,-0.4040952886601441,0.0,-0.2217127734342647,-0.2478718084569988,0.845783187810255,-0.8429934970393775,0.2927171675666939,0.9884986217390964,0.25,1,0.08770668363077272
UCYUU-4lEN8TtDH1J_Kn--Iw,1.7402668957242111,-0.0774990715596183,-0.2161309777938065,0.0,-0.2217127734342647,-0.2478718084569988,-1.3998422896507912,-1.1094245925500783,-1.0651113571871096,-0.3094234624420706,0.0,1,0.09162852801012855
UCYV2Xdsba1FNZgROVBvn4_w,0.3407225182273943,0.0585981116032752,-0.0301415020719572,0.0,-0.2217127734342647,-0.2478718084569988,-1.48601501720153,-0.9076648272380892,-0.9353821066146562,-0.5978505922601076,0.0,1,0.09586777070617664
UCYVItPIo4v-RUQGs1JuKC6A,-0.1507133737252688,-0.136829694112837,-0.0513251657472328,0.0,-0.2217127734342647,-0.2478718084569988,-1.4921420302153443,0.5288134131870396,0.0726510415785299,-0.3094234624420706,0.0,1,0.10533930996154561
UCYXnKZh_LiPZvZX3ftYUdsA,-0.2818071703274368,-0.1564047634586269,-0.2584492872717188,0.0,-0.2217127734342647,-0.2478718084569988,0.8533738098687313,0.0996480895053367,1.0044353786450988,-0.4536370273510891,0.0,1,0.12598998397809552
UCYYWMXeiVa03HkGqjY5-yUg,-0.2722203547573739,0.0823303606245627,-0.2486762255029515,0.0,-0.2217127734342647,-0.2478718084569988,0.2387111896001621,-1.062653345121679,-1.1363133422457776,-0.5978505922601076,0.0,1,0.111211406181979
UCYZu1kH-8vavb2GoEddIFxQ,-0.1757190520022053,0.2080547750825737,0.0913903905868712,0.0,-0.2217127734342647,-0.2478718084569988,-1.55245687457965,1.205390778947932,2.1424717044835684,-0.4536370273510891,0.0,1,0.04789371342443949
UCY_DxPM3NledgNzkSLcVZ3g,0.1383838208650904,-0.255854187928784,-0.4734755473606267,0.0,-0.2217127734342647,-0.2478718084569988,1.219058818103985,0.4731106887355272,-0.6263979503573424,-0.5978505922601076,0.0,1,0.1254342005068388
UCY_G8H5wzdQVZgCVaBnDhTw,0.7001752096688267,-0.1131428511802383,-0.1964610445398463,0.0,-0.2217127734342647,-0.2478718084569988,-1.4978838688584022,-1.0496180008899734,-1.2147790919480497,-0.165209897533052,0.0,1,0.0842922737423708
UCY_snYiHAD9kRR9Zl7QAGOQ,-0.2921587276294571,-0.2058469489196425,-0.3638967467738326,0.0,-0.2217127734342647,-0.2478718084569988,-1.248164038561012,0.7008269713598805,0.5943001998843659,0.123217232284985,0.0,1,0.1071045661822928
UCY_wvoaFSLelDTpQjBcy3Wg,-0.2991437512500223,0.1798020976762792,0.1245339336128332,0.0,-0.2217127734342647,-0.2478718084569988,1.268320131354473,1.4316904863933777,0.3141186846087214,-0.5978505922601076,0.0,1,0.09484244684142212
UCYa4gI0xjeammMXQKZNqCrQ,4.815062754438027,-0.2243120916530422,-0.174805929634519,0.0,-0.2217127734342647,-0.2478718084569988,0.9650783714000936,-1.1558534476107003,-1.0407764807486883,0.7000714919210592,0.0,1,0.04339407498822723
UCYaIvjrrHn01u0ka3jam4SQ,-0.3016734693244735,-0.1058324709013595,-0.111565452638659,0.0,-0.2217127734342647,-0.2478718084569988,1.0195343879855203,1.1349068891345848,0.0799895540139403,-0.5978505922601076,0.75,1,0.025117637482025
UCYaJw0xq3QBG70TaMW9xRyw,3.75983582353724,-0.5088569141021525,-0.500620890091624,0.0,-0.2217127734342647,-0.2478718084569988,-0.8107146568266947,-1.3737130345248083,-1.2147790919480497,-0.4536370273510891,0.0,1,0.0663638025332014
UCYcDtJAJgxxmrPOu9SkFyIA,-0.2444262505272623,-0.1726128783917118,0.122484001949855,0.0,-0.2217127734342647,-0.2478718084569988,0.5729060677230413,1.1976047916022656,1.9631808411376916,1.421139316466152,0.0,1,0.050880493158205475
UCYcz_T-YBkpZPopvikFigNQ,2.747790154861934,0.5477932208932668,0.4424588980166438,0.0,-0.2217127734342647,-0.2478718084569988,0.2303444898452434,-1.0858124340505333,-1.0915326492433164,-0.4536370273510891,0.0,1,0.050610489299896366
UCYeykUtMFITDWrFrxsAzOTA,-0.2616071294094541,-0.0744719989803725,0.2492471727147897,0.0,-0.2217127734342647,-0.2478718084569988,-1.0498072496187911,0.0133428061169145,0.6126382367248396,-0.0209963326240335,0.0,1,0.10784935690965947
UCYf0LdbCik2vYpYfkcKtYYw,1.1905676653552344,-0.2619991452646532,-0.4853731258896205,0.0,6.169778900568036,3.605485331334624,1.012279602918003,0.8507644865035048,-0.5689197669781777,0.4116443621030221,0.25,-1,-0.07124984891207031
UCYguH5ur20smWpmqgfpB9lQ,-0.2292357762982466,-0.1905905031202434,-0.2788359351466088,0.0,-0.2217127734342647,-0.2478718084569988,-1.4825340064800374,1.2679391727091631,0.7884382364183533,-0.5978505922601076,0.0,1,0.0883833180366097
UCYh8JBtZDvuztWjzZRDC1fQ,0.3882615219410429,-0.4253702523665518,-0.5278287848967753,0.0,-0.2217127734342647,-0.2478718084569988,1.0871840497345222,-0.9107114520115556,-0.6805882007103973,-0.5978505922601076,0.0,1,0.10616212804390718
UCYimwMx8oFM5yGNDHzikeGQ,-0.1971742437093748,0.1478765722071662,0.105022262884227,0.0,-0.2217127734342647,-0.2478718084569988,1.1012966081631408,0.9296715649069036,0.3773035728084946,0.8442850568300777,0.25,1,0.08307230134749999
UCYkMq2gR6KBnJKIDYgurm6A,1.3792769393578308,-0.2704749484865415,-0.4682547940279464,0.0,-0.2217127734342647,-0.2478718084569988,0.5125509626305723,-0.3056220580191984,0.7499805701508601,-0.165209897533052,0.0,1,0.09772547417790067
UCYmPJQQQw5PSfcS_1P0AnBw,-0.0934688591267579,-0.4855484552419594,-0.5258466216653586,0.0,-0.2217127734342647,-0.2478718084569988,1.2131735779275965,-1.1667200510605331,-1.022931991997981,-0.5978505922601076,0.0,1,0.09363493146564278
UCYnF61nvh73kk0ZuBZIteaA,-0.1552237217823664,-0.2215877263317209,-0.3078184945128851,0.0,-0.2217127734342647,-0.2478718084569988,-0.9749273081265324,-0.1064397450339107,-0.9754000390787768,-0.3094234624420706,0.0,1,0.1159228417989574
UCYo8jHuwRR5_L7tj12n0KfQ,3.990626202959906,-0.3711251117464662,-0.4624985919796111,0.0,-0.2217127734342647,-0.2478718084569988,1.1883230509019085,-1.3737130345248083,-1.2147790919480497,-0.3094234624420706,0.0,1,0.07010384902503247
UCYp01tbXes4vx2ZlBc2Bk3w,0.1047565291412228,-0.410855439349068,-0.5092208254087153,0.0,1.6044277048521072,1.1971371189648596,0.3996863993049813,0.5507210553832808,1.800040689979646,-0.165209897533052,0.0,1,0.005881268809435236
UCYpihZIr67Zv1cWadjaktLA,3.13081050760335,-0.3066148316687601,-0.3360683102205503,0.0,0.6913574657089212,0.7154674764909068,-0.1860153731615065,-1.2776848764107822,-0.9568948969740396,2.5748478357383005,0.0,-1,-0.022626926041183326
UCYqMjj0iV_DouX_pmwr61Kg,1.565725314581308,-0.1314293966314625,-0.2365521893859121,0.0,3.430568183138479,6.013833543704388,1.2228981951370568,1.108161766718096,-0.2568737034529174,2.2864207059202637,0.0,-1,-0.08942375315461748
UCYqn_Tt4fbyBGgc0zXAsMog,0.9195338444900414,0.5555627071799979,1.0220223943387308,0.0,-0.2217127734342647,-0.2478718084569988,-0.1026158092361054,-1.0858124340505328,-1.0915326492433175,-0.4536370273510891,0.0,1,0.058629165626781776
UCYr3_K15IoPX7MCMCTtwJZQ,0.0624105190712531,-0.2952889776558858,-0.2819566246359254,0.0,-0.2217127734342647,-0.2478718084569988,0.9441816661701952,-0.3145728960590492,0.5553059899123309,1.421139316466152,0.5,1,0.045414948313307335
UCYrhloUV9s0FHoOrzjpTilg,-0.2530882157247983,-0.0617582941475399,0.1307535383686424,0.0,-0.2217127734342647,-0.2478718084569988,-0.9101040022408916,-0.0773328999854683,-0.0471644223438611,-0.4536370273510891,0.0,1,0.12218426855109799
UCYtKb_g5W7HsmrM6N67zu_g,-0.2907670520102446,0.2526940053845193,0.1567612534553419,0.0,-0.2217127734342647,-0.2478718084569988,-0.1109825089910243,-1.0626533451216786,-1.1363133422457803,-0.5978505922601076,0.0,1,0.0956570944025395
UCYwjk6ITE41i-xm9-Ghk1mg,2.2913671743052677,-0.2412912169384485,-0.313567862939542,0.0,-0.2217127734342647,-0.2478718084569988,-0.2765815601761805,-0.9450165213848832,-0.951080893965625,0.2674307971940035,0.0,1,0.10251603894870276
UCYx1T58vCGlDXrKBur1giOw,-0.099528467833936,-0.0808288513967888,-0.1652078093384294,0.0,-0.2217127734342647,-0.2478718084569988,-1.3587556059473074,-0.276185261131526,-0.3150259819146923,-0.165209897533052,0.0,1,0.12189510163334272
UCYx3ahm6xdUDR5768L4Br_A,-0.2615323316893748,-0.4873142475798528,-0.5280739973688305,0.0,-0.2217127734342647,-0.2478718084569988,0.9753826328490064,0.9710435983497928,0.5256057301149192,0.4116443621030221,0.0,1,0.08530096338618076
UCYy-mdQNBMf-xMe5UhGXTig,-0.2611594138508593,0.1831924189650346,0.2910979096885666,0.0,-0.2217127734342647,-0.2478718084569988,0.254532302733862,0.7686948831658365,-0.4547780580814853,-0.5978505922601076,0.0,1,0.10890028619054676
UCYzVj6yIMG7hb3fIIGy6pvw,0.197560531058818,0.5120535839743041,0.6411810300034059,0.0,-0.2217127734342647,-0.2478718084569988,-0.9675854182189056,-0.240102526969639,-0.5462958216423786,-0.5978505922601076,0.0,1,0.09191908464094867
UCZ0x_B_vZdYKfNT5C7Lpy8w,-0.1727498799242194,-0.4163293955965375,-0.4895539645587582,0.0,-0.2217127734342647,-0.2478718084569988,1.0045538869094135,-0.8461463806131629,-0.6161914163394382,-0.4536370273510891,0.0,1,0.11391246082371365
UCZ19M3sVDanKWSJ-HJd-zfg,-0.206003328637866,-0.1168510150898144,-0.2104888534862037,0.0,-0.2217127734342647,-0.2478718084569988,-1.2405817342699517,0.9901479971381468,2.296595796065333,-0.4536370273510891,0.5,1,0.03481620217586867
UCZ1PLzkX0NDv9qP41G7Ojtg,-0.234424358705993,0.2103149892750773,0.1204813750335554,0.0,-0.2217127734342647,-0.2478718084569988,0.8641045574124416,-0.9076648272380886,-0.9353821066146576,-0.5978505922601076,0.0,1,0.10662483424650104
UCZ2Ex7i75pJIe0D3Rp6S3iQ,-0.1692775956753887,-0.1034309933218245,-0.2156536876237184,0.0,-0.2217127734342647,-0.2478718084569988,-1.263442766989166,-0.1319673943378733,1.0399058802213434,-0.4536370273510891,0.0,1,0.10882682578636799
UCZ3BezaDAGVkAi8nBLAfcJg,-0.0633740145889587,-0.4861538697578086,-0.519884879190022,0.0,0.6913574657089212,0.7154674764909068,-1.1327444963173177,-0.978542717318194,-0.9079934838539804,-0.3094234624420706,0.0,1,0.03930731878973026
UCZ42DcQM-dSL8QGIqWpWqEw,0.0471098130922032,-0.364532820351664,-0.3460363297275088,0.0,-0.2217127734342647,-0.2478718084569988,-0.539921548857914,0.8951079884964384,1.4182532843749789,-0.0209963326240335,0.0,1,0.10135977050761408
UCZ4920aB2h9g2uMu6-YvJ-w,-0.2768414549031913,-0.3914670394789983,-0.4759376885745054,0.0,-0.2217127734342647,-0.2478718084569988,1.3649548835429812,-0.5422491866132765,-0.6005630163016897,-0.5978505922601076,0.25,1,0.09329791313633223
UCZ5bC-ukRfXLj4LrNpir1ew,1.8244494822224937,-0.1350134505652896,-0.2572894630846865,0.0,-0.2217127734342647,-0.2478718084569988,0.098556475690916,-1.0599563161151393,-0.8258095585391808,-0.3094234624420706,0.0,1,0.10246649800781071
UCZ6Q7fw-fQXc-3U0Ex6rVBw,-0.2745714227920107,0.1348803406002707,0.6168657986869192,0.0,-0.2217127734342647,-0.2478718084569988,0.2390680886633257,-0.6480389359587571,-0.8707034320772674,-0.5978505922601076,0.0,1,0.10757360358087364
UCZ6fJo1q-MLfiQhBwoYNBug,2.952349504191532,-0.2249175061688914,-0.254871916243385,0.0,-0.2217127734342647,-0.2478718084569988,0.0638643403045688,-1.3737130345248074,-1.2147790919480497,0.123217232284985,0.0,1,0.08718020865736753
UCZ77R8-HDdtT96IyVz03eqQ,0.0654593460769373,-0.0980831650984901,-0.0596617263010417,0.0,-0.2217127734342647,-0.2478718084569988,1.0527436449875132,-0.3314722891677622,-0.4573908455556449,-0.3094234624420706,0.25,1,0.11821611212599586
UCZ7P2OBr4fKPtEojOBoiJSA,-0.2120959402064636,0.3408423588921586,0.5319717470848394,0.0,-0.2217127734342647,-0.2478718084569988,1.2225282965150222,-0.5727213722924621,-0.4031891870542653,-0.5978505922601076,0.25,1,0.09379691570384902
UCZ8FdDKlPWVCsUxjKq-3ysg,-0.2113281724290985,-0.2602333529267597,-0.3937033146743517,0.0,-0.2217127734342647,-0.2478718084569988,-1.502029200783887,0.7940892068376252,0.6572377240794993,-0.4536370273510891,0.25,1,0.09352243274155886
UCZAMQaHr3N8rh-DMw3Qa1cg,-0.2908979363310918,0.6824172287342608,1.1928518625872355,0.0,-0.2217127734342647,-0.2478718084569988,1.2288685761767522,0.9177010349363603,0.2981282367220058,-0.5978505922601076,0.25,1,0.057151886816674546
UCZCZsrxwH51w5NFgFlXa1rg,1.073600582545776,0.175564196065335,0.1139951202861122,0.0,0.6913574657089212,0.7154674764909068,-0.1659179549505229,-1.178793238350014,-0.8696553383170972,0.4116443621030221,0.0,1,0.02018546039002822
UCZEwl50kq4uTCknw_9MbJNQ,-0.1651237827920934,0.3213480114818153,0.3616214169297707,0.0,-0.2217127734342647,-0.2478718084569988,0.8371321177232565,0.125856572003475,1.1619541434416774,-0.5978505922601076,0.0,1,0.1034859860006026
UCZFhmduJg0xnWAKZTxLsEFQ,0.5977160034563648,-0.4039842039472653,-0.4804812600248715,0.0,4.343638422281664,16.128896035657398,-1.351849377297673,-0.0745891581751618,0.2660659653575624,8.63181756191708,0.5,-1,-0.20630636162877503
UCZG3O15BF7CbmjSXNbQ7hQg,-0.2023894813225527,-0.0431115270593854,-0.2582956206764846,0.0,-0.2217127734342647,-0.2478718084569988,1.1663986478102333,1.8899861358408652,0.8450953090747556,-0.5978505922601076,0.0,1,0.09092979048193534
UCZHHzf2q57b9ygeQskJ6nNw,1.7124572480680889,-0.1439083869135351,-0.4534900737603508,0.0,0.6913574657089212,1.6788067614388125,0.8599731395291614,0.4896806467456567,0.3603256521475957,0.5558579270120406,0.0,1,0.03133902219560192
UCZHsGZLCHVl293Qz6lV2J0A,0.0951776771239948,1.3441655652831968,3.0865110560993205,0.0,0.6913574657089212,0.7154674764909068,1.1572419363841668,-0.5231631148931101,-0.6951102586471429,-0.165209897533052,0.25,-1,-0.07057221421232829
UCZJ4MywxLLotC80ryojvDOg,0.3710657257315852,-0.1575348705548787,-0.288829148052342,0.0,-0.2217127734342647,-0.2478718084569988,1.04488240745514,-0.3941983615129327,-0.1647000198878589,-0.5978505922601076,0.25,1,0.12145753276957155
UCZJIhNvtqbpAh9KMdxhftYQ,0.6530158533315704,0.0125058864632916,0.3528160267600247,0.0,-0.2217127734342647,-0.2478718084569988,0.6931421587192073,0.6359829139131946,-0.199278608433905,1.7095664462841889,0.0,1,0.07389978263906194
UCZLxLL-AWWmdupXTKM-ImsQ,3.135045190963571,0.0687085340179563,-0.1775521880276871,0.0,-0.2217127734342647,-0.2478718084569988,1.0989548450099629,-1.1094245925500783,-1.0709829836392966,0.7000714919210592,0.0,1,0.06657479326545712
UCZOGu-eOnDaOcvEsTd-aNng,-0.2850965762967458,0.1747166157431462,0.1442302313569645,0.0,-0.2217127734342647,-0.2478718084569988,1.1300666631641854,-0.1552678582832383,0.2832642053078573,-0.5978505922601076,0.25,1,0.10522003204167862
UCZOQL7pTXkvwvjg8tc3iVlw,-0.2634244526890226,-0.1236316576673251,-0.0062326354095453,0.0,-0.2217127734342647,-0.2478718084569988,1.0633831941688707,0.1819431269223996,-0.2590482059652303,-0.5978505922601076,0.0,1,0.13537244290505396
UCZOd3_lRxKKKTkmMP69LXUA,-0.0026526257597039,-0.5448790777951782,-0.5648149183909875,0.0,0.6913574657089212,0.7154674764909068,-1.5474389768498813,1.002983878797315,1.4378419415128447,-0.4536370273510891,0.25,-1,-0.007058445199141117
UCZPftIhYeCpUhitisYULO8w,1.1488638833852418,-0.0391561522225042,-0.1361729885473826,0.0,-0.2217127734342647,-0.2478718084569988,-1.404313351938454,-1.130990330806672,-1.0529976671343626,0.4116443621030221,0.0,1,0.08790752075678021
UCZQUGiBlm9S6BwPxnWoEUAA,-0.1801318794854851,0.5322542483198048,0.8932605984789085,0.0,-0.2217127734342647,-0.2478718084569988,-1.3381009476719403,-1.1500437794405642,-1.0448068490671187,1.2769257515571333,0.0,1,0.022802179217758956
UCZRzMEvyYclXYMAmX63COFw,-0.0983286884656414,-0.3609541478802001,-0.3428373793022911,0.0,-0.2217127734342647,-0.2478718084569988,0.1888041970376061,1.737599288369609,2.82750939291712,-0.5978505922601076,0.5,1,0.012209229357405094
UCZTXxXcmmw3OUEe7hBHVvVw,0.0809481765444469,-0.2651775714728613,-0.2295528499298434,0.0,-0.2217127734342647,-0.2478718084569988,0.9384433374358324,-1.0033187103707104,-0.83400679269766,-0.3094234624420706,0.0,1,0.12284856820776191
UCZU6WSYDo7EZL6uWyTiSnvA,-0.1418025189068484,-0.4416283840012651,-0.48018853165934,0.0,-0.2217127734342647,-0.2478718084569988,-1.532187095957518,0.19822602924096,0.8568417099255103,0.2674307971940035,0.0,1,0.07582909185568093
UCZUgI9EwkPTyGnVI7wcAr9w,3.0612767234370737,-0.1007469889682265,-0.2682776225042381,0.0,-0.2217127734342647,-0.2478718084569988,1.0633831941688707,-1.3737130345248083,-1.2147790919480497,-0.5978505922601076,0.0,1,0.08546732727047884
UCZ_V8XcGJySMuYpDV6lLisg,0.3146852034438251,-0.4223651948606096,-0.4765824978952045,0.0,-0.2217127734342647,-0.2478718084569988,0.8981773677701398,-0.4917709877169594,-0.3659034802233112,0.2674307971940035,0.75,1,0.02654879171061969
UCZ_oyFiitOuX4aEQrIcSiRA,4.530647900500497,-0.3613110238053322,-0.4555620814902298,0.0,-0.2217127734342647,-0.2478718084569988,0.2281446548138981,-1.0938270831546637,-1.0888203537774628,1.421139316466152,0.0,1,0.04152489495326206
UCZb777DMB5rqO3zHnapML7A,0.7720085930148469,-0.2114974844009014,-0.2479864998903919,0.0,-0.2217127734342647,-0.2478718084569988,0.6885636239697576,-1.3737130345248083,-1.2147790919480497,-0.4536370273510891,0.25,1,0.08605520091744445
UCZdEnGWnGcbSx4lFf_ivXuA,3.5975209863673983,-0.3499356036917452,-0.4570330057850322,0.0,-0.2217127734342647,-0.2478718084569988,-1.3104740837588456,-1.373713034524808,-1.2147790919480497,-0.0209963326240335,0.0,1,0.08261794028556602
UCZdcSr2XVOvykMX0ABE57uw,-0.0598828958411133,0.1410555686619322,-0.0147349904798939,0.0,-0.2217127734342647,-0.2478718084569988,0.8053362948376448,1.6759870687572511,2.4989233222035208,-0.3094234624420706,0.75,-1,-0.019747955847849163
UCZfoMQlyYjnzGugeYPew1yQ,-0.1139040229946772,1.2011363859138302,3.3965877603488184,0.0,-0.2217127734342647,-0.2478718084569988,0.362025575959106,0.0729583070010632,0.9577241281496004,-0.5978505922601076,0.0,1,0.010621256203283247
UCZg6Mg0JI19wx6CeKnIGcQQ,0.2436408215133797,-0.5025000616857362,-0.5199203241864285,0.0,0.6913574657089212,0.7154674764909068,0.2956671638797849,-0.8973225283003571,-0.9131029879314518,-0.3094234624420706,0.25,1,0.02587740929315241
UCZh60tvQwBhaNTgpFPtSYpw,-0.224265057184719,0.2374375595851202,0.6562542566355628,0.0,-0.2217127734342647,-0.2478718084569988,-0.8209168267927953,0.1713573212242974,-0.7608827442243604,-0.5978505922601076,0.0,1,0.10275099811808436
UCZlHyBLK5hDG4jGQEvByFvw,-0.2738691213894743,-0.1133194304140276,-0.0246293488257587,0.0,-0.2217127734342647,-0.2478718084569988,-0.9499770782776148,1.6759425145358795,1.8645500255968723,-0.4536370273510891,0.0,1,0.06620707292830819
UCZl_3gUANpkk3ieQaGWwS7w,0.132634160661889,-0.1076688949327687,-0.0873598471681559,0.0,-0.2217127734342647,-0.2478718084569988,0.8104949838860388,-0.5146623221067766,-0.8292022406434436,-0.4536370273510891,0.0,1,0.13484945586120123
UCZl_TpXWqlbDhZbBHneaHZg,-0.2618706794839147,-0.2151703324637198,-0.2916994481580762,0.0,-0.2217127734342647,-0.2478718084569988,0.9126646018806098,0.8568812964719866,-0.1603825289741176,-0.5978505922601076,0.0,1,0.1314371789425295
UCZmiJlWiRgbQBrFpyuCR1DQ,1.5545795918803935,-0.2383375279368814,-0.3038369317039006,0.0,-0.2217127734342647,-0.2478718084569988,-1.3086943883002884,-0.0804105965913016,0.2160541104543799,-0.4536370273510891,0.5,1,0.03976485320375456
UCZr58Ghknr7KN-JhgH4nTOQ,0.634696144941573,-0.2126275914971532,-0.3733147967305972,0.0,-0.2217127734342647,-0.2478718084569988,1.1980414172527831,-0.4359955120035436,-0.181832655465341,-0.5978505922601076,0.0,1,0.1236675816567196
UCZrUFS8ez81-5EOE1Qk5nOg,-0.2105080237988817,-0.1677058344211448,0.4699251275604257,0.0,-0.2217127734342647,-0.2478718084569988,0.7664721639331157,-0.1319673943378733,1.0399058802213428,-0.4536370273510891,0.0,1,0.1126606430621524
UCZsZAS_4dAC0LRH7BYO1CRQ,1.1842870665177514,-0.258820719056445,0.2367347231606257,0.0,0.6913574657089212,0.7154674764909068,1.0714027198981515,-0.3875594557306031,-0.3713934989548926,-0.4536370273510891,0.0,1,0.05496715859975315
UCZuEcLFgCPaMrMAtTA_nD7Q,0.3258701175326723,0.3082105164878884,0.2539229772715692,0.0,1.6044277048521072,1.1971371189648596,-1.381777253903839,-0.2626245189368272,-0.8017315143478105,0.123217232284985,0.0,1,0.011445553874742942
UCZuiianifWmcvo8BRck1eAQ,0.235755904054739,-0.3360110698272143,-0.4729463046642985,0.0,-0.2217127734342647,-0.2478718084569988,-1.5166981871439464,0.1033973993180397,-0.0958012177344848,-0.3094234624420706,0.25,1,0.10051977356980368
UCZwE1bPmPcWQ6g4xd66uG-Q,-0.2558165245987382,-0.1036664323002102,-0.0800215025315542,0.0,-0.2217127734342647,-0.2478718084569988,-1.2787846638533638,-0.2375466315543255,1.39027550859016,-0.0209963326240335,0.25,1,0.08339055925911543
UCZxUabREVs4T7slSDd5QUwQ,4.008329048616141,-0.1145690680685368,-0.0221896363659949,0.0,-0.2217127734342647,-0.2478718084569988,0.438683910503682,-1.3737130345248074,-1.2147790919480497,0.5558579270120406,0.0,1,0.05026271851867442
UCZxk1By3u8Ud8WdliERahsg,4.634814890953744,0.1540719807526893,-0.2292207228895899,0.0,-0.2217127734342647,-0.2478718084569988,0.5636237672367195,-1.373713034524806,-1.2147790919480497,0.7000714919210592,0.0,1,0.03846319027197159
UCZys-FEh1c0pMfgi_tjiPOA,1.372493292182423,0.2778035724293637,-0.0897923894786854,0.0,-0.2217127734342647,-0.2478718084569988,-1.2231346429877128,0.6031130289043951,2.094906033360579,-0.165209897533052,0.0,1,0.03201105654552999
UCZyzx4BV1o4l7C3ifnAyLvw,-0.2897610701453569,-0.1917206102164952,-0.2192550412958519,0.0,-0.2217127734342647,-0.2478718084569988,0.2567109009817758,0.0401008054484552,-0.1639931329574052,-0.4536370273510891,0.0,1,0.1343904798266709
UC_-tzh5XNxxYKm89EIyWdnQ,-0.2947342434364108,0.0865682622355069,-0.1015511690897983,0.0,-0.2217127734342647,-0.2478718084569988,0.2557849241498131,0.4550247896162779,0.6379498342471995,-0.4536370273510891,0.25,1,0.10724408497171278
UC_-uGeOCDGgSlHewGYwETDg,-0.2958936061153917,-0.2884860303330543,-0.1951705353310054,0.0,-0.2217127734342647,-0.2478718084569988,-1.377646341186784,0.009789798886167,0.2027032288150464,-0.165209897533052,0.0,1,0.10935934846001799
UC_0JK8xSBjl27pXyl5eYJYw,2.680136576292247,-0.1662932005508301,-0.1904957998852636,0.0,-0.2217127734342647,-0.2478718084569988,0.0571544707704499,0.4146114697026117,1.3383943352432328,0.4116443621030221,0.0,1,0.050019046477484785
UC_0pJiuIUhpfUnwwedaT5Bw,-0.1636731470383308,0.058719194506445,0.0310499375264297,0.0,-0.2217127734342647,-0.2478718084569988,0.3261829362950457,0.2096818617970267,-0.439889959085557,-0.3094234624420706,0.0,1,0.1254138899503574
UC_1RwtUkgklSTtvIw2nQv7A,-0.146883546868235,15.66339942342199,12.832205286053163,0.0,-0.2217127734342647,-0.2478718084569988,-0.9356545135597324,1.737599288369608,2.8275093929171247,-0.5978505922601076,0.25,-1,-0.18513383222890278
UC_2dKf-g1wNPfj1duSF2pIw,0.2563107800674636,-0.2870190643908045,-0.3924317036433382,0.0,-0.2217127734342647,-0.2478718084569988,0.2695562516652441,0.3537796806866853,1.5770513783946458,0.5558579270120406,0.0,1,0.08199620019138748
UC_2n3DjvV1-qXD_47BDoAhQ,-0.0652712683535166,-0.147787696849707,-0.2978835885149017,0.0,-0.2217127734342647,-0.2478718084569988,0.3303299555221792,2.36857976847763,1.9195040964581371,0.123217232284985,0.25,1,0.02530599545841672
UC_3jHCr_fXw68yLN2HbvRfg,0.2064806806259176,-0.0953355146034823,0.0021757908132594,0.0,-0.2217127734342647,-0.2478718084569988,0.2973239248364349,-0.6035801205236193,0.8359654922247135,0.5558579270120406,0.25,1,0.08598542885542326
UC_68oY8bUO3UYqQRogUXo1Q,2.267865002421185,-0.3268625838099379,-0.3835920461458075,0.0,-0.2217127734342647,-0.2478718084569988,-1.1150105739276424,-0.9287884629776048,-0.8601609656511371,-0.0209963326240335,0.0,1,0.10026348982438432
UC_6O5Oru2O4-Aj2zPF8XSTQ,-0.1596772984193875,0.3196528508374376,0.1288294654896593,0.0,-0.2217127734342647,-0.2478718084569988,1.25472822401476,0.2535675055126685,0.9925084895984808,-0.4536370273510891,0.25,1,0.09626705277247372
UC_6pp8Egac-EDfRUEnpVJhQ,-0.2865996137938837,-0.3047313198416738,-0.2033940902226404,0.0,-0.2217127734342647,-0.2478718084569988,1.3847987295582846,1.219047234553872,0.0582125081006305,-0.4536370273510891,0.25,1,0.10036581624915092
UC_7nAoNyUvWWmWr7VOYtaaQ,1.0105381391480202,-0.1133194304140276,-0.3169198008321356,0.0,0.6913574657089212,0.7154674764909068,1.1161824637600517,-0.6509389824031255,-0.3094526845442078,-0.4536370273510891,0.25,1,0.058496562191152124
UC_8HyubQNHvT3Z8_y0F8L3w,-0.0964223237815301,-0.4198609802723244,-0.4844763376630571,0.0,-0.2217127734342647,-0.2478718084569988,1.136467575360164,0.4628254894059235,-0.4760761913304371,-0.4536370273510891,0.0,1,0.12331684304217722
UC_8ZCYTGO2PoJJ3K0sbxN9A,1.574889505533793,0.2193558460450917,-0.0932874862878076,0.0,-0.2217127734342647,-0.2478718084569988,0.043173481274661,-1.194118341410486,-1.0202827234216163,-0.4536370273510891,0.0,1,0.09180628064146723
UC_9Ei3EC9cY9m-sFo88Lq3A,4.013665969829331,-0.3647682593300498,-0.4090396021457669,0.0,-0.2217127734342647,-0.2478718084569988,-1.1855342270258078,-1.3737130345248083,-1.2147790919480497,-0.165209897533052,0.0,1,0.07942483089663821
UC_A07C8TbKgS_awIgcoP-xw,-0.166698675560082,-0.4083581044711901,-0.4056258801438754,0.0,-0.2217127734342647,-0.2478718084569988,1.3398551949603097,1.219047234553872,0.8851905032785891,0.7000714919210592,0.0,1,0.0795944496352563
UC_AhrJI9w0AQR7C0s7sol8A,-0.043512926626985,-0.3388111119630166,-0.2922072027876414,0.0,-0.2217127734342647,-0.2478718084569988,-0.5074040980782584,1.8633293922997247,0.3451817650281963,2.1422071410112444,0.25,1,0.027521358852856503
UC_B-_DhHdcufhDDpdeCIVMQ,0.1175936590334208,-0.4231357224262358,-0.3817045298491058,0.0,-0.2217127734342647,-0.2478718084569988,-0.0034190691960728,1.250780639490196,0.4883977157402268,0.2674307971940035,0.0,1,0.10050089902511788
UC_G-2z0nn8dqecpVT-zF13g,-0.015259586334495,-0.3016235253269813,-0.1350112037089436,0.0,-0.2217127734342647,-0.2478718084569988,0.4079481433016054,0.4731106887355272,-0.6263979503573437,-0.5978505922601076,0.25,1,0.12041279346111022
UC_GiTX8ajeIFynGdFRDS0Kw,-0.1740025748823634,-0.1897429227980546,-0.4001354872900785,0.0,-0.2217127734342647,-0.2478718084569988,0.3980721050585981,0.1787219491767347,2.082460071458096,-0.5978505922601076,0.0,1,0.08707265541636222
UC_IDdQsJpvgqYEvgbbLp9TQ,2.5253748547309054,1.4929461825531305,1.8232719136920117,0.0,-0.2217127734342647,-0.2478718084569988,0.1888041970376066,-1.3737130345248074,-1.2147790919480497,-0.3094234624420706,0.0,-1,-0.021352299433776367
UC_KTRulcc2sMICLD-Tnrynw,0.2267329088904298,-0.0202268583602867,0.199879053716112,0.0,-0.2217127734342647,-0.2478718084569988,-1.086144881611611,-0.7520342633036389,-1.0551953722512,-0.5978505922601076,0.0,1,0.10574755420801973
UC_MB45H-uXwuWQkBAiMSb6g,0.4458488954640309,-0.3784451236199152,-0.4410571597908426,0.0,-0.2217127734342647,-0.2478718084569988,-1.2086968838788512,-0.1471836562208477,-0.2691606188866237,0.2674307971940035,0.25,1,0.09980529596074345
UC_NdIzCcPJlv-henfTLHHTQ,5.117598571361547,-0.4873646987895069,-0.537738419523263,0.0,-0.2217127734342647,-0.2478718084569988,-0.3933829730046562,-0.7990408195230484,-0.9806100650962298,1.7095664462841889,0.25,-1,-0.02406896903605782
UC_Qx5PaLlOXG8x2QJw4nuHA,1.2640896952989074,0.0842863152142292,0.1969620160105333,0.0,-0.2217127734342647,-0.2478718084569988,0.5447605832822839,0.3140254095665443,0.0555607487093071,0.5558579270120406,0.5,1,0.050683807375952517
UC_Wwql7XQrMm7BQWQ8Yi3uA,1.4014894411717873,-0.2962555166197854,-0.2930732078847567,0.0,-0.2217127734342647,-0.2478718084569988,0.618580656125321,-0.9905894738118944,-0.9532629769061528,-0.0209963326240335,0.0,1,0.11268524984529149
UC_YWn4PChuaMtLGfs_PJ5kA,4.956991382579648,-0.4050283246340197,-0.350345167662992,0.0,2.517497943995293,2.6421460463867183,0.0638643403045688,-1.3737130345248074,-1.2147790919480497,0.5558579270120406,0.0,-1,-0.06971660996584883
UC_Z6W4o1PDjN8YHPkvbUpVQ,-0.1234357067343753,1.8064499993436929,5.408027828077284,0.0,-0.2217127734342647,-0.2478718084569988,-1.1855342270258078,-1.3737130345248083,-1.2147790919480497,-0.4536370273510891,0.0,-1,-0.04422957253256343
UC__Dih26WBv5UVB-qabW2-g,-0.2958943955217685,-0.2699452107851735,-0.3526358733485197,0.0,-0.2217127734342647,-0.2478718084569988,-0.4261767202767066,0.7455094459115055,1.0264408345158575,-0.165209897533052,0.25,1,0.10424900818289179
UC__dZlylIj2mAJPA3Y30S1g,-0.1005982802384315,0.2525527419974878,0.1736925484920397,0.0,-0.2217127734342647,-0.2478718084569988,-0.9386630103764888,-0.514662322106776,-0.8292022406434456,-0.4536370273510891,0.25,1,0.09884889968029459
UC__eDVXNDXFgf2B8YPWeszA,-0.0109114935294504,0.1441330924508322,-0.0069074799434342,0.0,-0.2217127734342647,-0.2478718084569988,-1.5014423994802564,-0.1344256916594067,-0.5652735954862639,0.4116443621030221,0.25,1,0.07737269398434515
UC_bIIu-t-5v1hcGI9w9KLlg,-0.2474445209949641,0.1190588412527457,-0.0911197221752826,0.0,-0.2217127734342647,-0.2478718084569988,0.2717234541650258,-0.9415863230116952,-0.9546516042926644,-0.4536370273510891,0.5,1,0.06747173495648445
UC_c4ZR47cgFTCTx8mKNI1FA,-0.2695283826142981,0.4154294272447764,0.5096488649380726,0.0,-0.2217127734342647,-0.2478718084569988,0.10568465266918,1.2624401306138973,1.9806872610260589,-0.5978505922601076,0.0,1,0.05739160817020034
UC_dWbkcmdjmk7nkN3JWlFOA,-0.0118832811601277,-0.413118864073095,-0.5238138433736985,0.0,-0.2217127734342647,-0.2478718084569988,-0.7682025432037691,-0.1964102397746377,1.0463218077790428,0.2674307971940035,0.0,1,0.1032351111948161
UC_fX6---2V2e7gn3aJMA-BQ,6.235170513627926,-0.3525435431446339,-0.5232338959201086,0.0,-0.2217127734342647,-0.2478718084569988,-1.1855342270258078,-1.3737130345248083,-1.2147790919480497,0.5558579270120406,0.0,1,0.016212898340011495
UC_fxE8dgQBUKoOnI25yf5-Q,-0.2778405235726027,-0.1712374190969316,-0.0880761121472196,0.0,-0.2217127734342647,-0.2478718084569988,1.275014029241187,-0.533718481020856,-0.1642580709468002,-0.4536370273510891,0.25,1,0.11546772030935132
UC_gHyU4rBnatxCsXASXjt5w,-0.2632705844728511,-0.2542801101875762,-0.4056861434407148,0.0,-0.2217127734342647,-0.2478718084569988,-0.5557385937047515,1.215270099226929,-0.0392872034023153,-0.3094234624420706,0.25,1,0.1080452753893002
UC_h9-o7r-PqF2jTF4oG_tSA,2.5780445126089813,-0.0165540102974685,-0.1395894262537849,0.0,-0.2217127734342647,-0.2478718084569988,1.3966624715603468,-1.0858124340505324,-1.0915326492433188,-0.4536370273510891,0.0,1,0.08864753695703764
UC_jx0cHe2odFbtjqzoToW-Q,-0.2918521701508818,-0.2364540161097951,-0.395042526387154,0.0,-0.2217127734342647,-0.2478718084569988,-1.4216414374608126,-1.2461181566946538,-1.0296762416224317,-0.0209963326240335,0.0,1,0.09275003889306915
UC_l53DTpSycyUFO6whwSBLg,-0.2969307479838246,0.3783780588748072,-0.2884764076892958,0.0,0.6913574657089212,1.6788067614388125,0.438683910503682,-1.3737130345248074,-1.2147790919480497,-0.3094234624420706,0.0,-1,-0.020123338953901504
UC_lBXxHOtjNPl8hBYZAa8TA,0.0777357983206842,-0.2754696182422972,0.0185368470709749,0.0,-0.2217127734342647,-0.2478718084569988,1.2500509242357505,-0.7690724049702146,-0.4102373397227543,-0.3094234624420706,0.25,1,0.11317855592727
UC_lEWEvBl5VkwS6YywayYoA,-0.1516539309566015,-0.0140819010244177,-0.0931276550649584,0.0,-0.2217127734342647,-0.2478718084569988,1.4055979201505298,-0.1970917974638494,0.6321126957511425,-0.165209897533052,0.0,1,0.10784433252028197
UC_mty0aB-_h_a5NeFFUMNdg,0.4910102997045819,-0.2520786028572156,-0.3684798024067158,0.0,-0.2217127734342647,-0.2478718084569988,-1.4945276299948096,1.8266936111590293,2.2250523888895506,0.2674307971940035,0.25,1,0.009910104677206544
UC_nJ9xk77KKhDLQY2we0kgw,2.272948966873783,1.0002598495550754,-0.0729104871375175,0.0,2.517497943995293,3.123815688860671,-0.8982930692939626,-1.1017232951455265,-1.076474293938052,0.123217232284985,0.0,-1,-0.07154925162633186
UC_ntpLnJrCVNxvq8GvKae2Q,0.336189616599415,0.3679649292022015,0.4108819010293805,0.0,-0.2217127734342647,-0.2478718084569988,0.7709913670798691,0.526746455923455,1.7516014858191815,-0.5978505922601076,0.0,1,0.07442235763406208
UC_oZV2rNP1G3DlnjJDBtV1A,1.109156728803654,-0.1829622802205439,-0.3335502871162186,0.0,-0.2217127734342647,-0.2478718084569988,0.501153838870201,0.8949522009190368,0.0190641763411231,-0.5978505922601076,0.0,1,0.10612331406164416
UC_qrNNh5_-yFULcm1rkyIng,0.2163160751283921,-0.1753340573208443,-0.50120297573647,0.0,-0.2217127734342647,-0.2478718084569988,-0.2949261872238164,1.558065909968005,2.247397230211709,-0.5978505922601076,0.25,1,0.03896109071096959
UC_teSySwSqDm_Iv1JyP1Pjg,0.1814122086066464,-0.1580742398508171,-0.0765028622705782,0.0,-0.2217127734342647,-0.2478718084569988,1.1998716885225365,-0.8379289317394619,-0.9488628764940664,0.2674307971940035,0.25,1,0.0952387284043466
UC_uppEi5wesk_xi1CnYGoAA,0.01334518201263,1.251385790729311,0.3693659456447764,0.0,-0.2217127734342647,-0.2478718084569988,-1.120055801842533,0.2489918667671641,-0.1302261917420736,-0.3094234624420706,0.25,1,0.0677303457650475
UC_vlX8H4TniygFd5YnommWQ,-0.2813902031287342,-0.0693865170472394,-0.2214063031670643,0.0,-0.2217127734342647,-0.2478718084569988,0.8347621163996255,1.1114672526403984,0.4794137274654053,-0.5978505922601076,0.0,1,0.12553631331839044
UC_vy9wknYR459CHvDzsnk6Q,0.7402424173338388,-0.1634679328102006,-0.0654435199809701,0.0,-0.2217127734342647,-0.2478718084569988,0.4090767060572987,1.969572605428324,1.6730728767824126,0.9884986217390964,0.0,1,0.01690898157040932
UC_wcYzBVwRVKfrbdr-UjoiA,0.4791220810392698,-0.2710046861879095,-0.4653011356094911,0.0,-0.2217127734342647,-0.2478718084569988,-1.1855342270258078,-1.3737130345248083,-1.2147790919480497,-0.165209897533052,0.25,1,0.0778673554591015
UC_y5l6s6mSGni-xd6nVUc4A,-0.2693127059677745,0.4154294272447764,0.2242477832429028,0.0,-0.2217127734342647,-0.2478718084569988,-1.4676599380717257,0.4077605988310949,-0.1723791826725567,-0.5978505922601076,0.25,1,0.08395013143624586
UC_zumCPjENy7PTqDBOX6-TQ,2.5043999018467216,-0.2710046861879095,0.0828248012286892,0.0,0.6913574657089212,0.7154674764909068,-1.279373495205416,-1.130990330806672,-1.0491905244906563,-0.165209897533052,0.0,1,0.023002426857126668
UCa-0WKXVWRt_F2PAgVZBmKA,-0.0866232016073974,-0.1733563699024037,-0.3882794244814887,0.0,-0.2217127734342647,-0.2478718084569988,-0.0162107444458897,1.6207286641017529,2.010516555872142,-0.4536370273510891,0.0,1,0.07594412335524109
UCa-y0S1DujyXS6Or9cAeSiw,2.2965442046332685,-0.2279445787481372,-0.3215230192240797,0.0,-0.2217127734342647,-0.2478718084569988,-1.5153069943716706,1.3245588822628027,1.4815329807331672,0.7000714919210592,0.0,1,0.0025459330321603857
UCa2x-ifN-0XlOn7y6jzvXMA,0.6017936567588211,-0.2656484494296329,-0.3300900179601647,0.0,-0.2217127734342647,-0.2478718084569988,0.917530451165737,-0.4256931542671004,-0.1763361649054885,-0.0209963326240335,0.0,1,0.12516451477891816
UCa4tJeOKbZM9PuFRbj--nMw,-0.0942400645430615,0.0394216068137527,0.3275085610116943,0.0,-0.2217127734342647,-0.2478718084569988,1.3633540119940242,0.4088096504667842,-0.0859150208070619,-0.165209897533052,0.5,1,0.07329881307350589
UCa5N4qRDauavcuisJWA9S2w,0.2385952585274326,-0.2485791234966631,-0.3327991643670661,0.0,-0.2217127734342647,-0.2478718084569988,0.2119251879345183,0.2867461628633406,0.9167078891444046,0.4116443621030221,0.5,1,0.0689565207195415
UCa5zkVteixdOHx1_zmRyJ_Q,-0.0854877961497942,-0.3995795939913772,-0.4673763685718554,0.0,-0.2217127734342647,-0.2478718084569988,-0.0329088151610657,0.4065356219886779,1.015405123204921,-0.3094234624420706,0.0,1,0.1161600436536927
UCa6WXJmONhrq-auC5-8QpSg,-0.1813371900251022,0.138835715437152,-0.1691574640950731,0.0,-0.2217127734342647,-0.2478718084569988,1.3252596769984213,0.3755402915916362,-0.1123827615880742,-0.4536370273510891,0.0,1,0.11593137655186891
UCa8C62ScOIzjH-AzVVaE0bA,0.1706753178225961,-0.3329839972479684,-0.2223659587780278,0.0,-0.2217127734342647,-0.2478718084569988,0.0730442025896784,0.0237299459869207,0.7434970868015631,-0.5978505922601076,0.0,1,0.11401684288385205
UCa8e2ZywSle9qN7Uw7GvzCA,-0.1004175274831272,-0.2380550011628184,-0.172664328150969,0.0,-0.2217127734342647,-0.2478718084569988,-1.042568830438609,0.0710084739431081,-0.7140251956744872,-0.5978505922601076,0.25,1,0.11248875678329628
UCa8lwT-ihtMT3lcrwRZQjFQ,0.0915946998591216,-0.4128987133400589,-0.4574275972808654,0.0,-0.2217127734342647,-0.2478718084569988,-0.8462863076677871,-1.1094245925500783,-1.0709829836392972,0.7000714919210592,0.0,1,0.0919469125589168
UCaBD9dfGg9ysV4Wj0cP3ccA,-0.2133321656697571,-0.1935433635975465,-0.2071407554892803,0.0,-0.2217127734342647,-0.2478718084569988,-0.5605133486640886,-1.1004382371536798,-0.5582090522077688,3.1517020953743744,0.0,1,0.03491721776636414
UCaDI8AoOQPY_ymKjFgwrNJg,0.0639232649835718,0.0293565904877602,-0.0945093394570664,0.0,-0.2217127734342647,-0.2478718084569988,-1.1228774593333817,0.6521232570801783,0.3520030429344696,-0.165209897533052,0.0,1,0.10987018025447315
UCaFX2-ecM9CzDQQ5Hmjymeg,1.2335512829439663,0.0852968917522236,0.7612867869181085,0.0,-0.2217127734342647,-0.2478718084569988,0.7351923189370468,1.9320563085505087,0.5473083704456495,0.123217232284985,0.0,1,0.03052500781213241
UCaHpXr6WfAavnmt4Rbnd4CQ,2.2688614806106564,-0.377784671420807,-0.4320585993912902,0.0,1.6044277048521072,1.1971371189648596,0.0618694619754048,-0.0768400684544814,-0.2839078842449846,4.738051309373579,0.25,-1,-0.07566854232191722
UCaJQ7n0FCZdSaHWQn8M3Zlg,0.3264251347508023,-0.3117944891932474,-0.3066410057987502,0.0,-0.2217127734342647,-0.2478718084569988,-1.435413940491883,-1.3737130345248083,-1.2147790919480497,-0.4536370273510891,0.0,1,0.09786045524812065
UCaKJjx_yGft0_qLK1DN9A2g,0.3925722747446596,-0.2552891343806582,-0.2900765449536145,0.0,-0.2217127734342647,-0.2478718084569988,1.327333148990763,1.9752689797018204,0.0245901091314182,-0.4536370273510891,0.0,1,0.07231888985310914
UCaL0hXxgrn0icnkgs6_JTfA,-0.1082512767898203,-0.2948428827494707,-0.2057499743957672,0.0,-0.2217127734342647,-0.2478718084569988,-1.0234950463581165,0.6999989040259682,-0.327686027247033,-0.165209897533052,0.25,1,0.11386041282081588
UCaN4iKHB0HMXz29NFwjSTww,-0.1307739079142681,-0.3506419206269025,-0.3591918791129611,0.0,-0.2217127734342647,-0.2478718084569988,-0.092176104981898,0.0844822358266227,2.1041510942128947,-0.4536370273510891,0.0,1,0.0827453977658485
UCaNI-oJ2kO_626qs9g79jXw,0.0702584434259835,-0.1609251918436341,-0.2056369661359847,0.0,-0.2217127734342647,-0.2478718084569988,1.03174042472632,1.1542282278269047,2.1587209431667014,0.123217232284985,0.25,1,0.0660131939707509
UCaOhBPe7jwAqiwZhS9NIgwQ,-0.2948687272085093,-0.3273334617667094,-0.3876404793461664,0.0,-0.2217127734342647,-0.2478718084569988,1.404048018543053,0.8949522009190368,1.5047009709837793,-0.4536370273510891,0.25,1,0.07396617016428708
UCaPHzcj3fFYQV-t9OFamjbQ,1.001624741308636,-0.3499356036917452,-0.4260549314911308,0.0,-0.2217127734342647,-0.2478718084569988,-0.9108039865340444,-1.166720051060533,-1.0229319919979811,-0.5978505922601076,0.0,1,0.1140741204210532
UCaQuKN-Z1VtrtCc9Gji2pAw,0.0343788117465736,-0.3711251117464662,-0.4511517698043459,0.0,0.6913574657089212,0.7154674764909068,-1.3104740837588456,-0.6665965975033503,1.136106179360048,0.2674307971940035,0.25,1,0.023019243452802707
UCaRDJHvHkAvPvYcRSbg4Uvg,-0.2737301065968027,-0.0314875683550814,-0.0782431696479913,0.0,-0.2217127734342647,-0.2478718084569988,1.0670746265022006,1.5867056711777272,1.720515067077715,-0.3094234624420706,0.0,1,0.07983587921224489
UCaRiLmr7ajpQEAwuhSTNLuA,-0.1358967767135812,-0.0524349106034626,-0.3532463089266421,0.0,-0.2217127734342647,-0.2478718084569988,-0.6710700058452577,0.0980783446324306,0.9976852447962616,-0.5978505922601076,0.0,1,0.11775942521218408
UCaS7YxxHk4KpF4RW70_ZU9g,0.0995381908511502,0.0704642361139189,-0.1533227108633682,0.0,-0.2217127734342647,-0.2478718084569988,-1.385150048866164,-0.6480389359587571,-0.870703432077267,-0.5978505922601076,0.0,1,0.11052903343712317
UCaUNr9xoYgPNavKHqsTAHVA,1.8649330948461789,-0.2276418714902127,-0.2743562244724118,0.0,-0.2217127734342647,-0.2478718084569988,-1.3634262740167444,-0.6862777031018394,-0.5119130601850839,-0.3094234624420706,0.25,1,0.08796271399240385
UCaV3zGTX97CrTGXzHdWEFbQ,-0.2220208151357652,-0.0967209824378295,-0.1460945238670559,0.0,-0.2217127734342647,-0.2478718084569988,-0.3649358824979615,-0.3424254275638889,0.80843507923686,-0.165209897533052,0.0,1,0.11089508841024237
UCaVVb5mK2XSGCAGDFT_nh0w,-0.2372260718044664,-0.4084186459227751,-0.4594627317671731,0.0,-0.2217127734342647,-0.2478718084569988,-0.2844799459755168,0.6730243375449566,-0.4700544735529389,-0.5978505922601076,0.0,1,0.11740148578304677
UCaVejI6C8VSzFKfMuOCMGIA,-0.1339489879735502,-0.1168510150898144,-0.2926027179444315,0.0,-0.2217127734342647,-0.2478718084569988,0.7821106659197298,0.6609745579108789,0.7344193523828642,-0.0209963326240335,0.5,1,0.08638868420752743
UCaXY4FXAAMXjxUFQ50o8d-w,-0.1071650747883619,-0.1924269271516526,-0.1474567314423235,0.0,-0.2217127734342647,-0.2478718084569988,-1.5414142342007926,-0.5847383660859384,-0.7704477483689285,-0.4536370273510891,0.5,1,0.07268830923493508
UCaYwxG8OGnuWZSk1SuR7Bqg,-0.0849048242025361,-0.0905760251019604,-0.1791099283913856,0.0,-0.2217127734342647,-0.2478718084569988,0.8507218837034917,1.4397053219578733,0.6782552048780766,-0.5978505922601076,0.0,1,0.12271328710550228
UCa_8NRDv31fTyhk6WT05I4Q,-0.2841134631869977,0.1095027886006166,0.8744924888822725,0.0,-0.2217127734342647,-0.2478718084569988,1.4288314415236345,0.3830729463061125,-0.4340460489672112,1.132712186648115,0.0,1,0.06113147322517426
UCa_SRtyMKNTATB3hNTqfSag,-0.290364413443363,1.593566075087263,2.4147375402024607,0.0,-0.2217127734342647,-0.2478718084569988,0.501153838870201,0.5060381605572347,-0.134432051314691,-0.5978505922601076,0.0,1,0.02226630839518534
UCaa22TRx3oy9oWbQ64YtVnA,-0.1571439109104467,0.3501657424362357,-0.0153069331697345,0.0,-0.2217127734342647,-0.2478718084569988,0.3035418838045437,0.1713573212242971,-0.7608827442243584,-0.5978505922601076,0.0,1,0.112146275952549
UCaaYdDw_YRhfLu3fZoU-4nA,0.238531845870145,-0.3058614269379255,-0.4031383588344328,0.0,-0.2217127734342647,-0.2478718084569988,-1.239315381184125,-0.7632954703965974,-0.6219351802019139,-0.5978505922601076,0.0,1,0.12135802276413005
UCabXdzM648jvcRl30OaPjRw,0.0060286683753214,-0.2653022156378891,-0.3139519620112447,0.0,8.908989617997594,6.977172828652295,-0.5168349620927696,-1.0778010581234148,-1.1126147017347294,3.5843427901014304,0.0,-1,-0.1637464413471228
UCabae30sDHbx4SoGfkoPYGw,-0.0723922122104778,-0.0948139267129046,-0.2600562249908914,0.0,-0.2217127734342647,-0.2478718084569988,1.1865686337492345,-0.8533405916003499,-0.62107103664745,-0.5978505922601076,0.0,1,0.12010914054844618
UCackWv-uzBLhE0UhHFGUPNA,-0.2480114236691817,-0.3478166528862731,-0.363455468953736,0.0,-0.2217127734342647,-0.2478718084569988,0.2271333643098934,2.191332335458377,1.6004100618802437,-0.4536370273510891,0.0,1,0.05868854173534799
UCag5M6T6BZWo0TSIkVOk9Vw,-0.1269230062761161,0.1738690354209573,-0.1753792005051116,0.0,-0.2217127734342647,-0.2478718084569988,-1.3122285009115195,-0.8533405916003499,-0.6210710366474501,-0.5978505922601076,0.25,1,0.10038196905861868
UCagbyRfPgZ8x5Hxtm1yQcCw,-0.0001749842429096,0.8599853062328225,0.4729986932729438,0.0,1.6044277048521072,1.1971371189648596,-0.8284690196168197,-0.505479174835902,-0.7870401335615216,-0.165209897533052,0.5,-1,-0.03465888333861167
UCagtBb8oFmImZQGBg7OVX-Q,1.4479656039290278,-0.0524349106034626,-0.1532334384979299,0.0,-0.2217127734342647,-0.2478718084569988,-1.0106873777302146,-1.0626533451216789,-1.1363133422457783,-0.5978505922601076,0.0,1,0.10090173545877756
UCah1NkJCqsQdFx8rFPLelpw,0.4416216650125089,-0.3855339772236765,-0.4108273068439018,0.0,-0.2217127734342647,-0.2478718084569988,-1.0854448973184585,-1.166720051060533,-1.0229319919979818,-0.5978505922601076,0.0,1,0.11216572631818161
UCai4b_SK-vwQg8B7zLsqLLA,-0.264017487835567,-0.1867763916703937,-0.4557851364629925,0.0,-0.2217127734342647,-0.2478718084569988,0.7632395890770762,0.0306987778928099,-0.1395830457686502,-0.4536370273510891,0.0,1,0.1382348903852344
UCaiaq7nXs_Aef6PQn8epsNw,-0.3011577985076436,-0.3266271448315521,-0.4567825640754329,0.0,-0.2217127734342647,-0.2478718084569988,1.0426923351389628,-1.194118341410486,-1.0202827234216163,-0.4536370273510891,0.25,1,0.09499371408958884
UCajcy7K0SoZB0f4sqa38ULw,-0.0378960535573958,0.6620753010017286,0.556436132776695,0.0,-0.2217127734342647,-0.2478718084569988,0.4924650646619991,-0.7632954703965951,-0.6219351802019176,-0.5978505922601076,0.75,1,0.002824570957953354
UCalno-3qR_9o7oE8G4Pf4ig,0.3235580640767743,1.9171063191850133,2.11512754535427,0.0,-0.2217127734342647,-0.2478718084569988,0.5724974516357122,-0.4220928851998446,-0.2570842848287901,1.2769257515571333,0.0,-1,-0.016126712078295302
UCamC-rEdtevcaOMEATd6iZA,2.7089026319165117,-0.0219220190046644,-0.3523917175252506,0.0,-0.2217127734342647,-0.2478718084569988,-0.7858641298010067,-1.166720051060533,-1.0229319919979811,-0.5978505922601076,0.0,1,0.09641777042790262
UCamGP4oDtI_5P84T2DY5Uvw,-0.081530298074562,-0.0980831650984901,-0.5266663631296659,0.0,-0.2217127734342647,-0.2478718084569988,1.377945165404634,-0.8065143187742863,-0.5542727544441244,1.7095664462841889,0.25,1,0.051718896009883775
UCamo-TUszAVRCBtgh5ehqNA,1.8355327343547905,0.0139941971480875,-0.1509441131645001,0.0,-0.2217127734342647,-0.2478718084569988,-0.8107146568266947,-1.3737130345248083,-1.2147790919480497,-0.165209897533052,0.0,1,0.09467575295323416
UCaoKfuiXh65zjATLQHenR0g,0.377235512585716,-0.2326869924556224,-0.4441400267766648,0.0,1.6044277048521072,1.1971371189648596,-0.9620502784594896,-0.4942438703915391,-0.964400159742981,-0.0209963326240335,0.25,1,0.007161647253071113
UCaq2spPs0ECFC422NVP4esg,-0.0524114260937109,-0.3465452824029899,-0.3945807850331194,0.0,-0.2217127734342647,-0.2478718084569988,-0.9594553691253844,-0.910711452011554,-0.6805882007103992,-0.5978505922601076,0.0,1,0.12142713559020335
UCaqGpcRt2DIAKejrA4w13dg,0.4490114436265205,-0.1829622802205439,0.0100527567142871,0.0,-0.2217127734342647,-0.2478718084569988,0.647951818524674,0.1787219491767333,2.0824600714580987,-0.5978505922601076,0.0,1,0.08028336417112186
UCaqpLEe6hP6xDdpaat1qpIw,2.4443416210398343,-0.3254499499396232,-0.4468861781987814,0.0,-0.2217127734342647,-0.2478718084569988,1.1883230509019085,-1.3737130345248083,-1.2147790919480497,-0.0209963326240335,0.0,1,0.08669702240943711
UCatanT79m3Fx2GAuOj3wh1Q,-0.2305297148599383,0.1381709465570039,0.4836220811203824,0.0,-0.2217127734342647,-0.2478718084569988,-1.2440947830922502,0.5076986646116363,1.2445375166572297,1.132712186648115,0.5,1,0.01684850330342702
UCau1ICCCgOgaz6ke_ObT5oA,-0.1303191602302804,0.2043819270197555,0.300528085688388,0.0,-0.2217127734342647,-0.2478718084569988,-0.8326390599183695,1.714850454352285,2.3514292611181293,-0.5978505922601076,0.25,1,0.03121720893241947
UCauL193i_LvE1FksCn7_avw,-0.2343138039282211,0.2645601298951631,0.0187909072714529,0.0,-0.2217127734342647,-0.2478718084569988,0.2641889457791654,1.6077186863074335,0.8679844604640565,-0.0209963326240335,0.25,1,0.09021624475716616
UCauPYWkHDZHao4si3ORiSpw,-0.0510124962249135,-0.2501094768561708,-0.3225945066891894,0.0,-0.2217127734342647,-0.2478718084569988,1.181839694295736,0.199539653505047,0.3539754572786153,-0.0209963326240335,0.0,1,0.12619453966161104
UCawDrwSkDB_wTniiaTN2G1g,-0.2248065404558813,0.3062328290694477,2.0077449593347483,0.0,-0.2217127734342647,-0.2478718084569988,-1.3163787077887137,-0.7255229672551384,-0.433557127277809,-0.4536370273510891,0.5,1,0.010720797712494956
UCay_iuggORd-7CLACIvQNNw,-0.1338249354930253,0.3565831363042371,0.4967124790992698,0.0,-0.2217127734342647,-0.2478718084569988,1.0009132658023518,1.4505436871501822,0.1756047585355944,-0.3094234624420706,0.25,1,0.09302888019911276
UCazMuTEKX7d07MgipOc7dUQ,-0.2057494914311915,-0.0001160888974425,-0.1490764515409105,0.0,-0.2217127734342647,-0.2478718084569988,-1.5474769732504516,2.143649556517246,1.383459195880563,0.2674307971940035,0.25,1,0.029439320141813385
UCb0EdkwM0pBHLOfZnpcNa0g,1.7157272114066806,-0.5370086890891389,-0.5684410454564206,0.0,1.6044277048521072,1.1971371189648596,-1.1140897577653892,-1.0562694392218024,-1.16007666695346,-0.3094234624420706,0.0,1,0.0021336600719988885
UCb0WEJ6xNG_gQaVAQjMMhQw,0.0463797056081265,-0.1022109913429163,0.0196725198595397,0.0,-0.2217127734342647,-0.2478718084569988,1.402728206003771,1.7071893382378704,0.6331179248212939,0.2674307971940035,0.25,1,0.07968612078036297
UCb1YcPHjeijbjTqc3FNBSJQ,-0.07878665964667,-0.0205901070697962,-0.1900108760415373,0.0,-0.2217127734342647,-0.2478718084569988,0.574659704256329,1.1182694212417756,-0.3058243247111253,-0.3094234624420706,0.0,1,0.12923696895953302
UCb3DD6dE3RhhqAU0O1xJyog,0.4047524500825792,-0.1846574408649215,-0.1236404257000608,0.0,-0.2217127734342647,-0.2478718084569988,0.5625370857630555,0.6179618466131948,0.3501163626577059,0.7000714919210592,0.0,1,0.11531153324719262
UCb3tc9EzUT34qIX0qA8tbKQ,-0.1258300143343775,-0.1994900965032262,-0.1764935583007633,0.0,-0.2217127734342647,-0.2478718084569988,0.9799836302434696,1.867237301823542,-0.84691750298084,-0.4536370273510891,0.5,1,0.05640287950815803
UCb6vQxauHlFzOCwHUHgGeMw,-0.2471689312719093,-0.3177275514485693,-0.451459748865502,0.0,-0.2217127734342647,-0.2478718084569988,-1.011728403369052,-0.9623265351910174,-0.8268262106777529,-0.5978505922601076,0.25,1,0.10996986569781997
UCb8R-4OAIAOG98P_3gIESWA,0.4760368609599855,-0.4033802517853192,-0.4108540813861257,0.0,-0.2217127734342647,-0.2478718084569988,1.4150168325573682,-0.5042657163513038,-0.4921884443623088,1.2769257515571333,0.25,1,0.07690311785971948
UCb8UjjFpMCGiN4PZO_k8e4A,-0.2951160943080262,-0.2155335811732293,-0.3763288731370428,0.0,0.6913574657089212,0.7154674764909068,-1.1015831702275412,-0.2929087163340813,-0.6346591516316262,-0.3094234624420706,0.0,1,0.06209593574544087
UCb9BIXjzeMCb8pSCv3wTCUg,0.0034165337170382,0.2942254411717724,0.7681912041090943,0.0,-0.2217127734342647,-0.2478718084569988,1.019505140954627,0.3255814347770405,1.0328263103992683,-0.3094234624420706,0.5,1,0.05175511677750211
UCb9cobEB0voDWO2wXuHkWnw,0.6808115597322808,-0.4481136576786191,-0.5172432940892242,0.0,-0.2217127734342647,-0.2478718084569988,-1.248004155392327,-1.0496180008899734,-1.2147790919480494,-0.4536370273510891,0.0,1,0.08099286494767444
UCbBCfHBg0E1i1WT4mv1-sbg,1.3841977581489993,-0.111341742995587,-0.00308406112744,0.0,-0.2217127734342647,-0.2478718084569988,-1.0756723152917531,0.7809591136539684,0.9551473051274626,0.123217232284985,0.0,1,0.07416180280910967
UCbDax9lQl9hqYlIryJJuhew,-0.2587387764698295,-0.1359215723390633,-0.138017273375744,0.0,-0.2217127734342647,-0.2478718084569988,-0.9981244419262514,0.7329046841016192,2.412564234342689,-0.165209897533052,0.0,1,0.06708254520343532
UCbE4dsop37iURoMsQeRCzpw,0.8282925558670392,0.1684266775626922,0.1326025413140067,0.0,-0.2217127734342647,-0.2478718084569988,1.148727427055751,-0.956878298419998,-0.7950867027945748,1.421139316466152,0.0,1,0.0628175888975579
UCbE73iycaKF0ZYu6CZvF9rw,-0.125069451187389,-0.3236606137038911,-0.4030978849145084,0.0,-0.2217127734342647,-0.2478718084569988,0.4571846972174122,-0.3941983615129298,-0.1647000198878635,-0.5978505922601076,0.25,1,0.12204545691969193
UCbIuy0Cq4U3RKhwiHoshgyQ,-0.2059463202337661,-0.3965525214121314,-0.443902430922666,0.0,-0.2217127734342647,-0.2478718084569988,-1.1356272344632523,-1.0626533451216789,-1.1408008736742337,0.123217232284985,0.0,1,0.09706757917916531
UCbK6uCU8ERLOTIbLe-k6iUw,-0.1361443860779087,-0.3363743185367238,-0.2547897740567461,0.0,-0.2217127734342647,-0.2478718084569988,-1.538429394133246,1.7148504543522842,1.6972810445497777,-0.5978505922601076,0.0,1,0.03822761138859587
UCbKFPCQAdYjhfCClH8WAVmw,3.263907955737697,-0.2024330837330486,-0.3793673627783158,0.0,2.517497943995293,7.9405121136002,0.4209615908210281,0.6041863954388892,-0.1994356016743481,3.872769919919467,0.25,-1,-0.12649087940226456
UCbM1YWf9-yCq0o_4ofSVyFA,-0.232870876967119,-0.0502554183464057,-0.3604025295284116,0.0,-0.2217127734342647,-0.2478718084569988,-0.5827593464522942,1.7583895536297864,1.7788553653917116,0.7000714919210592,0.5,1,0.009236852825228847
UCbMLCCCCYgsFa5CB_8VE2tQ,-0.2641199331589063,-0.2897574008163376,-0.3730161306211547,0.0,-0.2217127734342647,-0.2478718084569988,0.2041540594159716,0.1000863191834943,1.0934752057574826,-0.5978505922601076,0.0,1,0.12254414711332012
UCbOFAfe06fMKCKC3__xO2zQ,-0.2638754779978394,-0.0554014417311236,0.052159729854541,0.0,-0.2217127734342647,-0.2478718084569988,1.1830559842314448,0.503496223883904,1.2404971723460247,-0.165209897533052,0.0,1,0.10967962227815486
UCbOghTKH54IjBu9qxQdCPUQ,0.6965205832808311,-0.3173567350576117,-0.3626764578530244,0.0,1.6044277048521072,1.1971371189648596,1.2045479106444172,-0.0773328999854683,-0.0769370691693797,0.9884986217390964,0.25,1,0.022506111818646146
UCbRLpInyhpPXz48d1RntbHw,-0.2941375684460981,-0.1465163263664238,-0.3159053730404673,0.0,-0.2217127734342647,-0.2478718084569988,1.031918911024056,1.5972902971955787,1.6679663777952256,-0.0209963326240335,0.0,1,0.08928681898875596
UCbTFTaodP-EgUKolj3Sntpw,-0.0394433902969905,0.2405453540998127,-0.1469767055243448,0.0,-0.2217127734342647,-0.2478718084569988,-1.2972244462700586,0.67888884516248,-0.6923989056338191,-0.4536370273510891,0.25,1,0.09370385179564011
UCbTuq_flXapL0xgT0hhVQ6Q,0.6709247411137754,-0.2270364569743635,-0.4466840159023714,0.0,-0.2217127734342647,-0.2478718084569988,-1.1883422066897988,0.4383055847340855,1.6631868239584442,-0.5978505922601076,0.25,1,0.07242790329867921
UCbX7Q1rSFKgvI-H4iG6dUHA,0.9268551750930536,-0.1710961557099001,-0.0942556700186987,0.0,-0.2217127734342647,-0.2478718084569988,1.0798033948604004,-0.4969906366996909,0.996447696680886,0.123217232284985,0.25,1,0.0895492685574304
UCbY8HIzZsSRaGR1U2R6sLPg,0.242277814226123,0.206924667986322,1.1201286482683457,0.0,-0.2217127734342647,-0.2478718084569988,0.3231388122575221,0.2586204363797421,-0.0053226682436587,0.8442850568300777,0.25,1,0.0695477519513436
UCbbGyMG034S0vbM_Xu3ActA,0.522018812785324,0.0354309161301136,-0.0008737358240553,0.0,-0.2217127734342647,-0.2478718084569988,1.205970822155902,0.6633863050904631,0.1580306077915388,0.8442850568300777,0.5,1,0.06066386456249567
UCbblzKwFMluLCZTuNqxl-kg,0.677916643574655,-0.217955239236626,-0.2905737198825081,0.0,-0.2217127734342647,-0.2478718084569988,0.9833861137163056,0.9079423663894692,-0.6011888747828857,-0.3094234624420706,0.0,1,0.11127735840819741
UCbbywMGti1ejbQpjMLDxsFQ,0.1298796199008389,-0.1176215426554407,-0.1822547840084202,0.0,0.6913574657089212,0.7154674764909068,1.407803349533244,0.292139141145253,-0.4180066351733395,0.2674307971940035,0.5,1,0.03259644896857272
UCbdOYagMB-l8HDONlr8TuyA,-0.0598807740661279,-0.1862466539690256,-0.2953886341733105,0.0,-0.2217127734342647,-0.2478718084569988,0.4774123667003147,-0.817901333406312,-0.3622141436895618,-0.165209897533052,0.0,1,0.13073528459365114
UCbda-zMTh1eJUGFpeQmhkdg,0.2340080057961363,-0.1712374190969316,-0.1032597301244984,0.0,-0.2217127734342647,-0.2478718084569988,1.363669679897834,-0.6838003967813323,-0.3984784152076537,-0.4536370273510891,0.25,1,0.11474991556222419
UCbdqJvSpFLmhEyt0vLzQ5tA,-0.2786964597923387,-0.3592589872358224,-0.3009546861801812,0.0,-0.2217127734342647,-0.2478718084569988,1.1616721477087275,-0.4939000066870162,-0.7657871112055327,-0.5978505922601076,0.0,1,0.12257447835905616
UCbeJW22lAKCRh-Epx6EUkhA,-0.251939169704824,-0.2672965222783334,-0.2264426207736211,0.0,-0.2217127734342647,-0.2478718084569988,0.438683910503682,1.002983878797315,1.3993644073092195,-0.4536370273510891,0.0,1,0.11373554655819207
UCbenCPhjqXDmCfvS6k9d-wA,1.1708017230215677,-0.0624418266654341,-0.0246949858485842,0.0,-0.2217127734342647,-0.2478718084569988,-1.1396693693735875,-0.9923133300410798,-0.7524887891772345,3.1517020953743744,0.0,1,0.03688126723759633
UCbfT2_X810bglVueFLm-T_Q,0.8634098182414948,-0.2195386310473084,-0.3193978545635462,0.0,-0.2217127734342647,-0.2478718084569988,0.6446109890467032,-0.5990028673733298,-0.0953793745572631,0.5558579270120406,0.25,1,0.11495040100773585
UCbgtpdJkG42-3OHEVv1ppIw,0.1410544560730175,-0.4813105536310152,-0.4977600013280392,0.0,-0.2217127734342647,-0.2478718084569988,1.375732836001465,-0.4014279336203034,-1.2147790919480497,-0.4536370273510891,0.0,1,0.08374991049031211
UCbnlDSOWeJ0DrFvwDUG-F9g,-0.2826702664585294,-0.2219509750412304,-0.1457971504867764,0.0,-0.2217127734342647,-0.2478718084569988,-1.3826623784762395,0.3663163376553918,1.1583907424834974,-0.5978505922601076,0.25,1,0.09115455782130066
UCbo-n9BNnxGsxryQ7xNm1cA,-0.1515628103969847,0.5874882326491108,0.3296184916158541,0.0,-0.2217127734342647,-0.2478718084569988,0.2885483908741654,-0.9586558900250388,-0.9063418259714076,-0.5978505922601076,0.0,1,0.09022242243077977
UCbp8menGVaIDpK9Lm3iSNbA,0.7868867419360701,0.297827657541075,0.2965218518818128,0.0,-0.2217127734342647,-0.2478718084569988,0.8694398368540215,-0.6863342074966508,-0.7994489532743001,1.5653528813751705,0.0,1,0.06588319174732454
UCbpFEN7jVqwByEiwFRtmzlQ,1.06275029706925,0.0967392261017729,-0.1252292820608752,0.0,-0.2217127734342647,-0.2478718084569988,-1.010330478667051,-0.6480389359587572,-0.8707034320772667,-0.5978505922601076,0.0,1,0.10643804721474237
UCbpnqXFG_Kh0aVl-fuKywTw,-0.1842463698936709,-0.3796009149683546,-0.4237044040555508,0.0,0.6913574657089212,0.7154674764909068,0.8135034807027949,-1.373713034524806,-1.2147790919480497,-0.3094234624420706,0.25,1,0.013911638537524362
UCbq2YIyiohjqVc47NlRPUZg,2.281641473648238,-0.1359215723390633,-0.2891510379122879,0.0,-0.2217127734342647,-0.2478718084569988,-1.2980828843155747,-1.257465427761282,-1.0341940984261475,0.123217232284985,0.0,1,0.09032507074182
UCbqUawpg9pc8ykD3ylJYy-w,3.0766065906583595,-0.1288584029874896,-0.1141867564758622,0.0,-0.2217127734342647,-0.2478718084569988,0.9177524784059246,-1.194118341410484,-1.0202827234216183,-0.4536370273510891,0.0,1,0.09366093286809368
UCbsCF5Ki9rzIsffjcqj5Mug,0.8985640332388022,-0.3883592449643059,-0.4314131289829575,0.0,-0.2217127734342647,-0.2478718084569988,-1.498250518413862,-0.5733909323455175,-0.1231845395791011,0.8442850568300777,0.0,1,0.08094053642804244
UCbsnWUEPi6Bjp_wrBg28WqA,-0.1689239474212176,-0.0652898788233267,-0.3338746119158484,0.0,-0.2217127734342647,-0.2478718084569988,-1.5005183706842873,-0.1808086313457049,-0.2517013602813678,-0.4536370273510891,0.0,1,0.10906594310653417
UCbt_fqJeYzdQFpzIYck97JA,3.062162878780072,0.6743326164303056,1.4046176568087327,0.0,1.6044277048521072,2.160476403912765,0.9946590029216628,0.2492580736857969,0.6567869739678277,0.5558579270120406,0.0,-1,-0.08780852806771955
UCbtyNUu7HGVNV8Lj5aFKo4w,0.63484650017684,-0.1347443774471344,-0.1636881664529895,0.0,2.517497943995293,1.6788067614388125,0.7743177143165803,-0.0730772519606282,0.2914606508299266,-0.0209963326240335,0.25,1,0.006399503367067294
UCbuCQHIIADQmwb3LzMxlTtw,-0.0831588414335991,-0.2757723255002218,0.0142643737093371,0.0,2.517497943995293,1.6788067614388125,-0.6679561089671093,1.485229426708319,1.1517320429471911,-0.165209897533052,0.0,-1,-0.009241313033410692
UCbuOP4w_bPW4riebUqp47zg,0.1281610857366699,-0.1007469889682265,-0.3518771610039709,0.0,-0.2217127734342647,-0.2478718084569988,1.127581199514335,0.3746070886469859,-0.6093321465697356,-0.5978505922601076,0.0,1,0.12485271967827277
UCbud-YZ24dfuY1jQa5cB9Fg,0.5241055091108211,-0.2093785335954293,-0.1985557388797517,0.0,1.6044277048521072,1.1971371189648596,1.2063585101653609,0.2851832618494078,-0.1990794166559469,0.4116443621030221,0.5,1,0.013674230347610672
UCbv_35a2qYMzzwuMRPi-hJw,1.0855102844081677,0.2080547750825737,0.0705006687433574,0.0,-0.2217127734342647,-0.2478718084569988,0.8354278837944701,1.5431422681887068,0.0567366393631799,-0.4536370273510891,0.25,1,0.08342983964773759
UCbx9EFxHm8HF8bbqea--1Jw,-0.1821363431012496,-0.3168799711263805,-0.4810142998920536,0.0,-0.2217127734342647,-0.2478718084569988,-0.149247536074055,-0.1917841923989001,0.2013905483510062,-0.5978505922601076,0.0,1,0.1282528367662178
UCbxz5K3SnNIkiLcnvK-xXoQ,-0.2403810123503132,-0.3372218988589126,-0.5862012298319565,0.0,-0.2217127734342647,-0.2478718084569988,-0.6857748000936571,-1.3737130345248083,-1.2147790919480497,-0.5978505922601076,0.25,1,0.0686781613192552
UCbyYvedHDL5PWt1jLRUdFuA,3.292336357894454,-0.450797662032217,-0.4506043348460312,0.0,-0.2217127734342647,-0.2478718084569988,-0.3109552298945442,-1.3737130345248074,-1.2147790919480497,-0.5978505922601076,0.0,1,0.08695289074048718
UCbz73BCCs32gZJzFwpr3Vkg,0.0533051632310995,-0.3372218988589126,-0.4326490608942836,0.0,-0.2217127734342647,-0.2478718084569988,-1.1855342270258078,-0.8551609807090724,-0.8962021299537766,-0.5978505922601076,0.5,1,0.07224413261058027
UCbzTcQH_fMOqV5cGVEZdTtw,-0.260522605491285,-0.2948428827494707,-0.4753295793240626,0.0,-0.2217127734342647,-0.2478718084569988,-1.1763543647406982,0.0237299459869198,0.7434970868015635,-0.5978505922601076,0.0,1,0.10695671157537873
UCbz_65Ycf-zn2O74BxGtshQ,-0.0660354729617037,0.4976447184970938,1.251356807436142,0.0,-0.2217127734342647,-0.2478718084569988,-1.2354412195883635,-1.0626533451216789,-1.1363133422457783,-0.5978505922601076,0.0,1,0.05201536858432154
UCc-NFNw3YReZnFTRi1MU9Fg,-0.297135141017578,-0.0370372014170321,0.3880969216539504,0.0,-0.2217127734342647,-0.2478718084569988,0.0838221550481618,-0.7990408195230495,-0.7511999243239156,-0.4536370273510891,0.0,1,0.10629682805514867
UCc-zs5wExdiExGjJ_nujS1A,0.1891484682646475,0.1179287341564939,0.1996945002528395,0.0,-0.2217127734342647,-0.2478718084569988,0.984085212366544,-0.7130864942069837,-0.5013239131827809,-0.5978505922601076,0.0,1,0.11344043164666673
UCc1Q7rwlDtVIungUX7YZZ8A,3.639982538292236,-0.3711251117464662,-0.3808628731801676,0.0,-0.2217127734342647,-0.2478718084569988,-0.8107146568266947,-1.3737130345248083,-1.2147790919480497,-0.165209897533052,0.0,1,0.08578719950343772
UCc2FEqbXnvW7venA7D-Ljog,4.257033145472958,-0.065610931975671,0.0895770679163295,0.0,-0.2217127734342647,-0.2478718084569988,-0.9356545135597326,-1.373713034524808,-1.2147790919480497,0.2674307971940035,0.0,1,0.061477696202571264
UCc2UhG6ANBB0HOGqlDXkqBA,-0.1933785974111663,-0.258290981355077,-0.3796243899174527,0.0,-0.2217127734342647,-0.2478718084569988,-1.2249417709053518,-0.7915907210880287,-0.9220428663153898,0.9884986217390964,0.0,1,0.09461697772510858
UCc3wFZAYT1vfEZ8TktmYydg,0.7177975037506084,-0.171943736032089,-0.3191156953847624,0.0,-0.2217127734342647,-0.2478718084569988,0.3862025073412701,0.7566678121802773,-0.0781033167758307,-0.0209963326240335,0.25,1,0.10621478479243923
UCc4hIHKYk1zsZn_92exyxGQ,2.5032076901578786,-0.1671004199052956,-0.0762086810548394,0.0,-0.2217127734342647,-0.2478718084569988,0.8135034807027949,-1.373713034524806,-1.2147790919480497,-0.3094234624420706,0.0,1,0.09269525749237745
UCc5Z0NkUigAMsggzbIRVq-w,-0.2599270448925663,0.443399577877008,-0.1162255907170442,0.0,-0.2217127734342647,-0.2478718084569988,0.8729649122525577,1.286987867645756,0.157173521621359,-0.5978505922601076,0.5,1,0.06844919460016619
UCc7k-pvR5orqROnP8b2-Ntw,4.009270268070583,-0.3968018097421869,-0.417722393302997,0.0,-0.2217127734342647,-0.2478718084569988,-0.1441707251535695,0.653409192822395,0.5833186377142708,3.5843427901014304,0.0,-1,-0.016712446615042675
UCcBIRI-d6E1RGfh52jYuz5w,0.0924578967152212,-0.3562924561081615,-0.4275193032026473,0.0,0.6913574657089212,0.7154674764909068,-1.2967015807277749,-1.246118156694654,-1.035202949949127,1.2769257515571333,0.25,1,0.011575453500607569
UCcBVW_alxRFuMlzZSPAvUMA,-0.0997358247713225,0.6841123893786384,1.0938207907982411,0.0,-0.2217127734342647,-0.2478718084569988,-1.539680186968131,-0.5817396107333543,-0.5875597281294919,-0.4536370273510891,0.25,1,0.05854150685027815
UCcEnCDOhsSKT_5r59Yznf7w,-0.1701495722888223,0.3289762343815148,0.128657035268666,0.0,-0.2217127734342647,-0.2478718084569988,-1.3882938745037294,1.2679391727091625,0.7090593214518717,-0.5978505922601076,0.25,1,0.0817019484178872
UCcFAaY4LkX2W-tTW9erJjog,0.2526830045387959,0.4270130249813573,0.4412124110335671,0.0,0.6913574657089212,0.7154674764909068,1.1964902367670585,0.5567333349759707,-0.063102758236754,-0.4536370273510891,0.0,1,0.04981645100743831
UCcGDMyCgqfpDPdMzNWvudOQ,3.0429614255068067,-0.3643444691689554,-0.4731456332865069,0.0,-0.2217127734342647,-0.2478718084569988,-1.1855342270258078,-1.3737130345248083,-1.2147790919480497,-0.5978505922601076,0.0,1,0.08412589556551253
UCcGOY9puCEb8XNPxjQNF4sg,-0.291921822698246,0.0743842951040423,0.069436646783092,0.0,-0.2217127734342647,-0.2478718084569988,0.5365460435300006,1.9482610602322508,0.0862617486126558,-0.165209897533052,0.0,1,0.09054276917789866
UCcGVwkAS0EWigy7K5KTRiXQ,3.7466489315573135,-0.4001850085072264,-0.327570368504508,0.0,-0.2217127734342647,-0.2478718084569988,-1.45153690067837,1.6939895950640174,0.2100359949102826,-0.3094234624420706,0.0,1,0.007022349660074645
UCcJPXekDmebMyaF-xGmpQ5w,-0.269135877409944,0.0495829390854485,0.1899403275540777,0.0,-0.2217127734342647,-0.2478718084569988,0.7118163496490274,0.972374889192444,0.4176005385084544,0.2674307971940035,0.0,1,0.11609009228383654
UCcJoWrE7i5vtupMbTZ7KFSw,0.8519955281501488,0.3683887193632958,0.571022678170681,0.0,-0.2217127734342647,-0.2478718084569988,0.1632536857187659,-0.7520342633036389,-1.0643221181285618,0.123217232284985,0.25,1,0.043311473648734056
UCcNKQzyiz1tT37_jVX3YJ_A,-0.2658348748786306,0.3017594884801177,-0.0866765220489013,0.0,-0.2217127734342647,-0.2478718084569988,0.400354743231394,-0.2271121353600052,-0.4245564482655888,-0.0209963326240335,0.0,1,0.11883240332951822
UCcNq3j-h8CtA_KJ-dlpo54A,1.4970964059048326,0.061847169504999,-0.1760480910520422,0.0,-0.2217127734342647,-0.2478718084569988,0.7719631878951583,-1.0858124340505324,-1.0915326492433188,-0.4536370273510891,0.0,1,0.10561049399152261
UCcOc68Hgg9ctQTT3uIa4ZNA,-0.1718414320879585,-0.471987170086938,-0.536150792812271,0.0,-0.2217127734342647,-0.2478718084569988,-0.685774800093657,0.7004951807381359,1.906624910819943,-0.5978505922601076,0.0,1,0.07941361160270433
UCcPF8igiXUVHhISUqtapZAA,0.3721887474075929,0.2226519917424927,0.4735623351065456,0.0,-0.2217127734342647,-0.2478718084569988,-1.2115483238673477,-0.866607673183282,-0.5002494429291369,-0.0209963326240335,0.25,1,0.0731565268600004
UCcPipJq8PutvbRvB1fcDUOA,3.9523001601780434,-0.3150906348906485,-0.366184249183728,0.0,-0.2217127734342647,-0.2478718084569988,0.8135034807027949,-1.373713034524806,-1.2147790919480497,-0.0209963326240335,0.0,1,0.08030343668289636
UCcPukUVpEzWPfWjwVtvDTDA,-0.0962457768653688,0.5645093883586578,0.9988964375627472,0.0,-0.2217127734342647,-0.2478718084569988,-1.2084069752287452,0.5515756933173039,0.5741430632894905,1.2769257515571333,0.25,1,0.04333376449693016
UCcQJ1aU3i_iDNT6gZ6hAR-w,-0.2423050376841949,-0.1189699658952865,-0.2900486752634648,0.0,-0.2217127734342647,-0.2478718084569988,1.0756905911428891,0.0306987778928099,0.1626580045851534,-0.4536370273510891,0.5,1,0.09246752865803298
UCcQgdsisYxkR1IgYUpyNWNA,-0.2021530514901333,-0.4198609802723244,-0.4572838859695979,0.0,-0.2217127734342647,-0.2478718084569988,0.6915721207865136,0.9977811681891212,0.839814465349244,-0.4536370273510891,0.25,1,0.10951700045120816
UCcS8_5MTtjGgj8kg-IQQJOw,-0.0989846346496968,-0.3292169735937958,-0.3766745152511833,0.0,-0.2217127734342647,-0.2478718084569988,0.9690160912950332,-0.0949564509383414,-1.0310357250429782,-0.0209963326240335,0.25,1,0.09943360467384255
UCcSxRhOkp_Mbe-RgaMoKmDQ,-0.2341724238932332,-0.0840072776049969,-0.1198897646626141,0.0,-0.2217127734342647,-0.2478718084569988,0.1095062152352805,-0.2612064725023904,0.517358637170859,-0.165209897533052,0.25,1,0.11225716694409876
UCcTK5xZk_5eKWWqviKg7Xeg,0.3122312864095682,-0.0914236054241492,-0.4610583365395019,0.0,-0.2217127734342647,-0.2478718084569988,-0.0918112836305451,-0.3997013720928897,0.0915853821506604,-0.4536370273510891,0.0,1,0.12727010379989795
UCcTVjdQ4paHpqpLdGxM2bgA,0.1280584254891024,0.4595036039985961,0.697711257699715,0.0,-0.2217127734342647,-0.2478718084569988,1.2733472781477595,-0.4716351816038797,-0.1141630402789395,-0.5978505922601076,0.0,1,0.09028944855192539
UCcU2E-WoWpKeIxH_sux80gA,-0.2389168008369148,0.1194119997203244,0.4522832405860159,0.0,-0.2217127734342647,-0.2478718084569988,-1.076228305829099,-1.0900871997211266,-0.9027212449309476,-0.165209897533052,0.25,1,0.0734585433130418
UCcUXPjhE1SFWTdrjPaTPSOA,1.028390369272652,-0.3948573607677536,-0.2341759891869541,0.0,-0.2217127734342647,-0.2478718084569988,-0.8107146568266947,-1.3737130345248083,-1.2147790919480497,-0.5978505922601076,0.0,1,0.09929383719033624
UCcUqT5BLbdSVsDhDRXLdYjQ,5.313254531093205,-0.4079948557616807,-0.3401442516916136,0.0,1.6044277048521072,1.1971371189648596,-1.3104740837588456,-1.373713034524808,-1.2147790919480497,0.123217232284985,0.0,-1,-0.04063649784144019
UCcUrmfgbW3eCsg3Hm8S_HEw,0.0647522335270488,-0.1796490116883511,-0.1912288665596461,0.0,-0.2217127734342647,-0.2478718084569988,-1.515594731321281,0.4318943566139986,0.8992744030676997,0.2674307971940035,0.0,1,0.09248085124520988
UCcVEXvLinFBPyBakr64X_ww,-0.2707621429880206,-0.1041373102569818,-0.1883302559094056,0.0,-0.2217127734342647,-0.2478718084569988,0.3220758684226226,1.002983878797315,-0.6308164885664287,-0.4536370273510891,0.0,1,0.11652136780966632
UCcVOtvm8t7prWGGEfeE6fMw,1.5628627012331706,-0.1168510150898144,0.2335653115087832,0.0,-0.2217127734342647,-0.2478718084569988,0.0638643403045688,-1.3737130345248074,-1.2147790919480497,-0.0209963326240335,0.0,1,0.07983042617289987
UCcX0frIe4fKB732wozeNXOg,0.0328009685570392,0.0664382295835219,-0.1658667265263013,0.0,-0.2217127734342647,-0.2478718084569988,-1.362166059666881,0.0707355674081506,0.5477029256290851,-0.165209897533052,0.25,1,0.10282722688222995
UCcXDD282uCpwG6w3VIKxl4A,-0.0296706784240539,-0.2364203819700256,-0.2363141279777918,0.0,-0.2217127734342647,-0.2478718084569988,0.3820689649000076,-0.0440517874124842,0.04295313196137,0.7000714919210592,0.25,1,0.11510153976343268
UCcXbdJFrIfZOFdvWlQPFLVQ,0.0805046789898861,-0.1710961557099001,-0.317297917210794,0.0,-0.2217127734342647,-0.2478718084569988,0.959468276276912,0.0304895665675926,-0.2498141885335039,-0.5978505922601076,0.25,1,0.13061005968586964
UCcYD6kYz0-axczQg8HW1aIw,-0.2258326474493185,-0.3228130333817023,-0.4159510310086206,0.0,-0.2217127734342647,-0.2478718084569988,1.1508846488036937,-0.4793463198901869,-0.2244174227718032,-0.5978505922601076,0.25,1,0.12133702234171545
UCc_dnCiVDKZtFqlOHdai3Zw,1.8186115174451536,-0.2800102271111659,-0.4123816083444499,0.0,-0.2217127734342647,-0.2478718084569988,0.8135034807027949,-1.373713034524806,-1.2147790919480497,-0.4536370273510891,0.0,1,0.10160577044546876
UCcaPWa7EDCUFja-a2PuTRRg,0.9604713405912456,-0.2503449158345566,-0.3606749520763787,0.0,-0.2217127734342647,-0.2478718084569988,0.3394178920795686,-0.5730925217999916,-0.3314180841338843,-0.4536370273510891,0.25,1,0.11285432529183292
UCcaVG-QcHwqzrDDY48kxbWQ,-0.2758873555429955,-0.0980831650984901,-0.1344292419141885,0.0,-0.2217127734342647,-0.2478718084569988,-1.4510629970713271,0.4435575196378149,-0.0471555391664748,0.7000714919210592,0.0,1,0.09332746078073983
UCcbdLLqyjOrSaZ9cMkGfXpA,-0.2899547980528849,-0.390195668995715,-0.399862115241568,0.0,0.6913574657089212,0.7154674764909068,1.2787610992392096,0.0232852985922512,0.3012095177677309,0.123217232284985,0.25,1,0.04354905618094651
UCcd0JUDk_XoKVRiXb7XcFJA,0.0872411336880654,0.4439646314251341,1.0097351065964644,0.0,-0.2217127734342647,-0.2478718084569988,1.0845486071224522,0.0306987778928099,-0.1743088970395258,-0.4536370273510891,0.0,1,0.09844134531080662
UCcdwaEivBWawsOV99aMb4cw,3.769901136615558,-0.3211178727373246,-0.364485461455831,0.0,-0.2217127734342647,-0.2478718084569988,0.9384433374358324,-1.373713034524806,-1.2147790919480497,-0.5978505922601076,0.0,1,0.08135461872110666
UCcf0OZCyL4QMo0umz54CF5Q,0.0564322959640874,-0.2092372702083979,-0.3816970621052553,0.0,-0.2217127734342647,-0.2478718084569988,0.9384433374358324,-1.373713034524806,-1.2147790919480497,-0.5978505922601076,0.0,1,0.10373230608594997
UCcfVfpXVIlWE5Hg4fw_uFZg,-0.1809616084314441,0.5120535839743041,1.4635898747293838,0.0,-0.2217127734342647,-0.2478718084569988,-0.7865738957324641,1.3737337825055609,0.2719879960564922,-0.5978505922601076,0.25,1,0.049783552460872016
UCci7OWMYF-XypoSAiETtwPA,0.0043070036615173,-0.2471664896263484,-0.3644902963608762,0.0,1.6044277048521072,1.1971371189648596,-1.1394399313279715,-1.0110727706253184,-0.8994870403990917,-0.165209897533052,0.0,1,0.03391126882463924
UCciCNgN6MeAdNyx4rE5MQgw,-0.2744107043317741,2.212935395526757,5.536446785242424,0.0,-0.2217127734342647,-0.2478718084569988,-0.7867989457119268,-0.6634854125402853,-0.2850850549259114,-0.165209897533052,0.0,-1,-0.039151345966303874
UCcisnfkS0kSwXxDjNjaprVA,-0.2322040307407148,-0.3602276504611811,-0.4260603840626052,0.0,-0.2217127734342647,-0.2478718084569988,-1.1386769240257018,1.5084285989156996,1.5911150773865823,-0.3094234624420706,0.25,1,0.06279146691676274
UCcjp7yVx0SypoC1ToMQMEMA,-0.2825470048114425,0.4019387737832707,0.9498005853646316,0.0,-0.2217127734342647,-0.2478718084569988,1.1574438274094463,1.1371006818170435,2.0012203185654007,0.4116443621030221,0.0,1,0.032386237164356346
UCckZo6-NMmq7LF-QVhXbCNA,0.3874601099731847,-0.0693865170472394,-0.2616727517006217,0.0,-0.2217127734342647,-0.2478718084569988,1.0744191311884792,1.5965103497326734,0.8401875938626951,-0.5978505922601076,0.0,1,0.09957818847442029
UCclPdruTLudptH6txOaElQg,0.1472642827255057,1.6040901974211077,2.206376985311416,0.0,-0.2217127734342647,-0.2478718084569988,-1.0598725548060155,-0.9403380594040414,-0.7523079962345779,0.4116443621030221,0.0,1,0.0041329381224897155
UCcmwa40drRRPN0zDwRcOcMw,-0.2075356089440787,-0.2530692811558778,-0.2215409902371911,0.0,-0.2217127734342647,-0.2478718084569988,-1.4871059163999183,0.4079952109999032,0.3059680063457446,-0.3094234624420706,0.25,1,0.10496789834098125
UCcoAw8nEt6uoL5aI5HDlhnw,-0.1741914445577848,0.6946062409866908,0.857404047029403,0.0,-0.2217127734342647,-0.2478718084569988,-1.4724194276803917,-0.0304450538810196,-0.6253205797517916,1.7095664462841889,0.0,1,0.031926881059274825
UCcpH9lwNJF8cDdPWU5Nljgg,-0.2672851177627072,-0.3389170595032903,-0.3966178811080564,0.0,-0.2217127734342647,-0.2478718084569988,1.268963633658062,0.4871842287549633,-0.2073744773288051,-0.5978505922601076,0.5,1,0.08611206642811359
UCcpN5xXHMl13GHKqlNju9ZQ,-0.2867074828450566,-0.3351029480534405,-0.4553440378730912,0.0,-0.2217127734342647,-0.2478718084569988,-0.7662599695687183,-0.8024001876972104,-0.6937134719058216,-0.4536370273510891,0.0,1,0.12069436634116171
UCcpZaYzofGsiZIkhAj4AiqA,0.1981401240859053,-0.2542801101875762,-0.2649934955698883,0.0,-0.2217127734342647,-0.2478718084569988,1.1300526521047347,0.052227587426402,0.66199492913177,-0.3094234624420706,0.0,1,0.12383255212086863
UCcpwxfrfiREuIGRbW8BYnEQ,-0.2754139290422703,-0.3082629045174606,-0.5606903186627765,0.0,-0.2217127734342647,-0.2478718084569988,0.6012570789736028,-0.8114248223549813,-0.5150362368130986,-0.4536370273510891,0.0,1,0.12109078607825796
UCcrKcHtkunbvGd3ic9YHRuw,-0.133604604166862,-0.2166046991628085,-0.1452968357844644,0.0,-0.2217127734342647,-0.2478718084569988,-1.3787296940897906,1.2555223197717666,1.2069802592086134,0.5558579270120406,0.25,1,0.07566743983923896
UCcrqVQmqZOuBNl1-O64JD_w,6.090057566192165,0.0678508634538367,-0.303735994993533,0.0,-0.2217127734342647,-0.2478718084569988,0.9332896566666584,-1.322195848163495,-1.0813653731618753,2.1422071410112444,0.0,-1,-0.019426778385165155
UCcs0yVIeUZn397D50ylyB8w,0.2834833870012893,-0.3594708823163696,-0.334463373743171,0.0,-0.2217127734342647,-0.2478718084569988,-0.2496408730941171,-0.1323479263613285,-0.2299136138512926,0.4116443621030221,0.25,1,0.10051974741844488
UCcuJTD-AcQNJXcMmlYsrKkQ,-0.1258795513314899,0.6052874194150762,0.3183079791389106,0.0,-0.2217127734342647,-0.2478718084569988,-0.7590226809186594,0.0835744015783168,0.9986467781990984,-0.5978505922601076,0.0,1,0.09266567034463818
UCcv172PO5qBIk8vclNgsM2Q,0.1444528127367956,-0.2329043207433632,-0.0357467052657609,0.0,-0.2217127734342647,-0.2478718084569988,1.09157172409049,-1.1228858586898116,-0.8987752190098249,0.5558579270120406,0.0,1,0.10462560978263297
UCcvsMjepSSh6yOZaIPHKeLw,-0.222665758306948,-0.3093728311298507,-0.4341890319700602,0.0,-0.2217127734342647,-0.2478718084569988,1.3274513138130029,-0.5087787957535417,-0.4791093080035871,-0.3094234624420706,0.0,1,0.12123185503986605
UCcw385g8Qkp5GfS0EduBtDA,-0.1637475254433974,-0.2377942072175295,-0.1536098767579475,0.0,-0.2217127734342647,-0.2478718084569988,0.3261829362950457,-0.3616052854941343,-0.2066050339108162,0.5558579270120406,0.0,1,0.1168295957984064
UCcyRedFc-OcJEoIDzv6y5nA,-0.1470535806667344,-0.3899602300173292,-0.4395719600371912,0.0,-0.2217127734342647,-0.2478718084569988,0.7023361270008283,-1.246118156694654,-1.0296762416224312,-0.0209963326240335,0.5,1,0.0542700508311495
UCd-ESqaEMKfvedTAHvcnR3A,4.883250339258751,-0.2478728065615058,-0.258589486496812,0.0,-0.2217127734342647,-0.2478718084569988,0.5636237672367195,-1.373713034524806,-1.2147790919480497,0.4116443621030221,0.0,1,0.050010843327285504
UCd09aTMf0SFNVQcqiqUuP0g,-0.0206569327753428,-0.3421661174050141,-0.3203768678688109,0.0,-0.2217127734342647,-0.2478718084569988,1.0045538869094135,-0.8461463806131629,-0.6161914163394383,-0.4536370273510891,0.0,1,0.12120467295703491
UCd2-hUfajoG3u65DNjzWfsg,-0.293788582192002,2.99740125443832,1.8840172288565544,0.0,-0.2217127734342647,-0.2478718084569988,0.0158168066814057,1.5324531788673887,0.8904029796920142,-0.3094234624420706,0.0,-1,-0.028595131137419183
UCd3Oy4Vh6JXvpmE5yS9t5ZQ,-0.0953370684282613,0.6205438652144755,1.1781941919646235,0.0,-0.2217127734342647,-0.2478718084569988,-0.8293357790098638,0.7198165194304561,-0.3904246630888292,-0.5978505922601076,0.25,1,0.06462996503318591
UCd6fKa7Bz4hfxk-Jz-Lp-9g,-0.2935711826034194,0.2620173889285966,0.4134932016180312,0.0,-0.2217127734342647,-0.2478718084569988,1.4095919634465706,1.189360571772569,1.211946715932518,-0.5978505922601076,0.0,1,0.0721826105033016
UCd6ff1aKHAY2fpsgzrrdFTA,-0.2774694540856197,0.1437799339832535,-0.234060004341029,0.0,-0.2217127734342647,-0.2478718084569988,0.37233368838746,-0.4774189348040288,-0.4200944839739901,-0.165209897533052,0.25,1,0.11028716206192835
UCd8VIyi98KnxLX4DIW_lpQQ,0.05287804535351,-0.0864793868780477,-0.0463345614929081,0.0,-0.2217127734342647,-0.2478718084569988,-1.2897832247289378,-1.1941183414104863,-1.0202827234216156,-0.4536370273510891,0.0,1,0.10505678019655801
UCd98urfvT2GODjUMhLq7hpw,-0.2668051342372627,-0.3779057543239769,-0.4785970018644354,0.0,-0.2217127734342647,-0.2478718084569988,-1.283210250079955,1.3203962029449323,0.1260322201209241,-0.5978505922601076,0.0,1,0.09515137194882828
UCdAtPRvoxy187DJRmU79Ncw,-0.1447938170911952,-0.346227439782169,-0.5917596628958287,0.0,-0.2217127734342647,-0.2478718084569988,-1.435413940491883,-1.3737130345248083,-1.2147790919480497,-0.165209897533052,0.0,1,0.07688326003293455
UCdB36Wo2E0LGNin-F-JxzOw,-0.2275493711863018,0.0893935299761363,-0.0151239091463011,0.0,-0.2217127734342647,-0.2478718084569988,-1.1151673760140182,0.4628254894059235,-0.0504553374688724,-0.4536370273510891,0.0,1,0.11475022590988487
UCdBBgWX3ihUEvSnk1aHB4Qw,-0.2871215946938718,-0.1143082741232479,-0.0513592637371526,0.0,-0.2217127734342647,-0.2478718084569988,0.234446071968318,1.1018456941480936,2.0415174597438885,-0.5978505922601076,0.25,1,0.07363459548389623
UCdBEdEcfSpPIjauQT1Wz0UA,1.9173355057783097,0.0263900593600993,0.3536936194386965,0.0,-0.2217127734342647,-0.2478718084569988,-0.760113580117048,-0.9076648272380892,-0.9353821066146562,-0.5978505922601076,0.0,1,0.08351760329448815
UCdDXAjqakA6JH9jCBV43UIg,-0.0801243315690338,0.3716634615172073,-0.1285836359361727,0.0,-0.2217127734342647,-0.2478718084569988,-0.0230028483545664,-0.2462691602815939,0.2183867650611717,0.2674307971940035,0.0,1,0.11035126523980371
UCdFg65wZ2fqPO3T1hayO5Ww,4.632633052016072,-0.45588314396535,-0.5560155608160483,0.0,-0.2217127734342647,-0.2478718084569988,-0.6857748000936571,-1.3737130345248083,-1.2147790919480497,-0.4536370273510891,0.0,1,0.0555406464906934
UCdFjxJYoT-rOPb3Qf6chm8Q,-0.2745864571204419,-0.2829767582388269,-0.5378843357937002,0.0,-0.2217127734342647,-0.2478718084569988,-1.0008060407148278,1.157010663703827,-0.0373644058384339,-0.5978505922601076,0.0,1,0.10695173574111194
UCdHEraw9R6OuIWEVZ_vOdQQ,3.921777545467632,-0.2053760709628709,-0.2140527552533624,0.0,-0.2217127734342647,-0.2478718084569988,-0.6926494243170279,-1.3059996614546838,-1.0653516992895602,1.2769257515571333,0.0,1,0.05611501203962094
UCdM6TvhpT7jLWA9Bq_ZlZ0A,-0.2733176336761641,0.5353620428344971,1.2654768690308111,0.0,-0.2217127734342647,-0.2478718084569988,1.230681986430904,0.4203519203611788,-0.5368283624379594,0.123217232284985,0.0,1,0.05840922026483175
UCdMESel15DpTZOImnd76U4A,-0.0931969896873085,-0.0522230155229154,0.1829444830702521,0.0,-0.2217127734342647,-0.2478718084569988,1.3019081538032924,1.152750639362775,0.9220115850989864,-0.165209897533052,0.5,1,0.058508040464203104
UCdMNt-bpqmTKcWKjwztd-9g,-0.2736740722341691,-0.2880622401719599,-0.3536019143500601,0.0,-0.2217127734342647,-0.2478718084569988,1.2225282965150226,0.8656246715071343,0.8418551425069227,-0.5978505922601076,0.0,1,0.11839165378673583
UCdMyyCV2DvVNpazyuivr2vg,-0.2007467576730713,-0.1436910586257943,-0.0770956171480662,0.0,-0.2217127734342647,-0.2478718084569988,0.5121897758898096,0.9838990034923148,0.7105375976702633,-0.4536370273510891,0.5,1,0.0874726729030132
UCdN_S6_3S6PD_7VtVPc0IWg,2.3588602558858325,-0.2814228609814806,-0.236775697247106,0.0,-0.2217127734342647,-0.2478718084569988,-1.26796197013592,-0.7990408195230487,-0.9644418722126836,-0.4536370273510891,0.0,1,0.09885365416920211
UCdOQOI5S4hFtKp-FLMwS5gA,3.743905304107307,-0.1804195392539773,-0.3568421216743226,0.0,-0.2217127734342647,-0.2478718084569988,-1.3104740837588456,-1.373713034524808,-1.2147790919480497,-0.5978505922601076,0.0,1,0.07774753264822432
UCdS0QrJi7lpu23uL-b3rwsg,3.403831251273429,-0.2389025814850073,-0.3510752930089207,0.0,-0.2217127734342647,-0.2478718084569988,-1.435413940491883,-1.3737130345248083,-1.2147790919480497,-0.5978505922601076,0.0,1,0.07972884887997383
UCdSEDBdiiPFiq56sjz1YA1Q,-0.2041154363203716,-0.3663574724341539,-0.3772443804965598,0.0,-0.2217127734342647,-0.2478718084569988,1.1085264301462656,0.3277858920580754,-0.1806651361604201,-0.165209897533052,0.25,1,0.11874966643466084
UCdTayR_23TzbaDM-QPiU8Ew,0.2277059698578473,-0.3355267382145349,-0.4823429376295427,0.0,-0.2217127734342647,-0.2478718084569988,0.8593306267430294,-0.2890585268027277,-0.8238132927318517,-0.5978505922601076,0.0,1,0.1262668249002863
UCdTuniOjNjIfyxPTdD0qCKw,-0.0359924661359401,-0.3584114069136336,-0.3077778909607676,0.0,-0.2217127734342647,-0.2478718084569988,-1.4123893900014182,-0.44235658970735,-0.9684106319295328,-0.5978505922601076,0.25,1,0.09763502287028836
UCdWdHe6VlbVNU8o-inONkww,-0.1494953674746394,-0.3852514504496135,-0.4630401606856696,0.0,-0.2217127734342647,-0.2478718084569988,1.1331919931591825,-0.0900242945164225,-0.3143656531880064,-0.4536370273510891,0.5,1,0.08746336350997225
UCdbia5G4AGaHQiWlbWecxVA,-0.0278423276854469,-0.3762105936795992,-0.3288494662563477,0.0,-0.2217127734342647,-0.2478718084569988,-1.2612911355389946,-0.5448525621389273,-0.8542726752158714,-0.5978505922601076,0.25,1,0.10573039282330016
UCdc53-_lxFbzSXPnvNvgXNA,-0.1307796718200175,0.970594538278466,3.222731319394361,0.0,-0.2217127734342647,-0.2478718084569988,-0.8601518722796027,0.1576924797937479,1.58595083432891,-0.5978505922601076,0.0,1,0.012553571537480546
UCdcPHfeG21tqh8QZ_jZTNTg,-0.1921913138216058,-0.3859577673847709,-0.2994977543249814,0.0,-0.2217127734342647,-0.2478718084569988,1.3827779927644992,-0.8405408242415838,-0.557885094376555,0.123217232284985,0.5,1,0.04898563474094708
UCdcTbWtgfYJqqcvUr6sQEaQ,1.639043237941336,-0.3050138466157368,-0.3310932451452196,0.0,-0.2217127734342647,-0.2478718084569988,-1.2095269342213515,0.1072583870913415,1.1376148930620786,-0.5978505922601076,0.25,1,0.06585226715655218
UCdcZ56tqvc3yK08kXoMU1fA,-0.2880064160072157,0.0933489048130176,-0.3913474550280313,0.0,-0.2217127734342647,-0.2478718084569988,1.2684624809892515,-0.0308478273745215,-0.7437912194971444,-0.5978505922601076,0.0,1,0.11346845267963374
UCdcjh6c9VbPNhYizwTCqqZw,0.6622862881214333,-0.158806241038162,-0.0857518962609427,0.0,-0.2217127734342647,-0.2478718084569988,-1.3750987227875895,-0.9244514574236474,-0.7580856942154324,0.123217232284985,0.0,1,0.10618536801305611
UCdeGiH7VRDhLw0Jn20m10ig,0.4820376039323696,-0.0363308844818747,-0.155771260054485,0.0,-0.2217127734342647,-0.2478718084569988,0.8165119775195514,-0.5146623221067759,-0.8292022406434463,-0.4536370273510891,0.0,1,0.1328042094384298
UCdfJSbeuC1EDckRtP7iALlQ,-0.1604398738920201,0.4771615273775302,0.3253464489660515,0.0,-0.2217127734342647,-0.2478718084569988,-1.0970653461239677,1.8222763015645145,2.399865694448903,-0.4536370273510891,0.0,1,0.024775645799649637
UCdhMce3pr4rpkGUaiOgbdvA,2.141550415890877,-0.2312743585853077,-0.3459012204137117,0.0,-0.2217127734342647,-0.2478718084569988,-1.435413940491883,-1.3737130345248083,-1.2147790919480497,-0.5978505922601076,0.0,1,0.08383116021839893
UCdkGURXW3wZ15FILaR4sbHw,1.7691945297419072,-0.1961939508058252,-0.3633102647302542,0.0,2.517497943995293,2.6421460463867183,0.1316776294819546,1.585313148657869,1.2774695880741358,1.2769257515571333,0.0,-1,-0.07815319815337718
UCdkGVtBzwm8VgngJ2VJPOPw,-0.0460470975967158,-0.0335056167412452,-0.1499184329527876,0.0,-0.2217127734342647,-0.2478718084569988,-1.1927118818817988,-0.1452164859607665,0.4199023584248576,-0.0209963326240335,0.5,1,0.06517528346550278
UCdl7fi0kG3InjDg9JhfYYJA,0.3214812076057104,-0.2524638666400287,-0.1597616254391249,0.0,-0.2217127734342647,-0.2478718084569988,1.3439986748370227,0.4731106887355272,-0.6263979503573424,-0.5978505922601076,0.0,1,0.12207226221991185
UCdl7qCnJl0yTbskcZUkk2GA,2.680858167339616,-0.2718371311472021,-0.4434131787358303,0.0,-0.2217127734342647,-0.2478718084569988,-0.0610755164284685,-1.3737130345248083,-1.2147790919480497,-0.3094234624420706,0.0,1,0.09490491411071927
UCdn0s4rhv0A6JYgn-M1_Kxg,0.0727278586531366,1.338232503027875,1.0879183620967887,0.0,-0.2217127734342647,-0.2478718084569988,0.2946127184743902,-0.4490295998960747,0.4907479870676969,1.5653528813751705,0.0,1,0.018838863083186552
UCdniaSEiEAKm9jQOL-JBjlg,1.0342939495648542,2.076387712738834,0.6105824247901733,0.0,6.169778900568036,6.495503186178341,-1.0518463387629866,-0.0098373505302503,1.4643786205856688,1.132712186648115,0.0,-1,-0.1704912201924237
UCdo9xBEnBj5i_SDDm-57yVQ,3.1681194896524767,-0.3665845028775974,-0.4102488019995668,0.0,-0.2217127734342647,-0.2478718084569988,0.4593510832683797,-0.46339176091202,-0.6294279654817703,0.7000714919210592,0.25,1,0.07137425591708285
UCdqjCt80md8GIiviKzq-X9A,1.0910739451104476,0.4905815491455202,0.4750875227224633,0.0,-0.2217127734342647,-0.2478718084569988,-1.435413940491883,-0.9415863230116952,-0.858599220405769,-0.0209963326240335,0.25,1,0.051031504354722645
UCdqky2Ngy8XTkwnIi_lWMoQ,2.2299749930533075,0.8207847163315887,0.3658008280520162,0.0,-0.2217127734342647,-0.2478718084569988,0.6574630354163279,-1.130990330806671,-1.049190524490658,-0.165209897533052,0.0,1,0.04395932974009997
UCdsqyKGdwJX7JYONerKldeQ,-0.0236252000829944,-0.0727768383359948,-0.2976337091829429,0.0,-0.2217127734342647,-0.2478718084569988,1.404072324535509,0.6062710258709396,1.117986946628715,-0.5978505922601076,0.0,1,0.11198192691425884
UCdtOM2TIdJmuLAV3MVlc1lA,0.0087775642526706,-0.161651689262653,-0.0754803682913147,0.0,0.6913574657089212,0.7154674764909068,-0.1602879590298116,0.4047277559208088,0.456189840152654,-0.3094234624420706,0.0,1,0.06873701935379073
UCdw8AzxUBiC5hS1bAJbo1AA,2.839160133450739,-0.1413152652984468,-0.0484524040126484,0.0,-0.2217127734342647,-0.2478718084569988,0.8005254029072701,0.1553121024418184,-0.5925557303185323,5.026478439191616,0.0,-1,-0.0008418813098333144
UCdy2TwQ-DVTxhCVtckNmETQ,2.175505975927677,0.1097354577086685,0.6447527126099732,0.0,-0.2217127734342647,-0.2478718084569988,0.8885363448732775,-1.0626533451216789,-1.1421339237299657,0.8442850568300777,0.0,1,0.055032390742874804
UCdyQFWNKirPDm10HLHm5MIA,0.5484773547916083,1.157986842238762,1.0155607056842784,0.0,-0.2217127734342647,-0.2478718084569988,-1.1059364220910282,-1.0738524673152288,-1.116238638067652,0.2674307971940035,0.25,1,0.019117966380108764
UCdz6q9P2rRZye0MXJRLwK9Q,0.8861907342920925,-0.2702100796358575,-0.2062246434789743,0.0,-0.2217127734342647,-0.2478718084569988,1.2190152875951723,-0.908882303411936,-0.8129803821039137,0.9884986217390964,0.0,1,0.0947110732097774
UCdzHfhwdqFgniL0R-NW6EXQ,0.0755261395286841,-0.3271161334789688,-0.32430484488389,0.0,-0.2217127734342647,-0.2478718084569988,-1.0959340347280404,-0.7590027773614556,0.4155646324953397,2.430634270829282,0.0,1,0.06714046460011258
UCdznNFCOdBujOQ8Iodi2irg,0.2257371705194666,-0.2425754295478256,0.0533621093332872,0.0,-0.2217127734342647,-0.2478718084569988,0.8297284583077363,-0.5894328042779929,-0.5730598186011013,-0.4536370273510891,0.0,1,0.1318158522760045
UCe0K08hbRs4Eds1qXPyk1dQ,2.120071346437882,-0.4721284334739695,-0.4678482017385302,0.0,-0.2217127734342647,-0.2478718084569988,-1.560353797224921,-1.3737130345248083,-1.2147790919480497,-0.4536370273510891,0.0,1,0.05561873248763444
UCe0quJfsQS8SAWaw-4TRapA,-0.2092408937872535,0.2566419453062936,0.6456794636197809,0.0,-0.2217127734342647,-0.2478718084569988,-1.257593142362225,0.7151731537903768,1.112136635567179,4.161197049737504,0.0,1,0.0002479435611358327
UCe2XprleOhewzgESpSBQiEw,0.9153386323495564,-0.2807165440463233,-0.0676916004787196,0.0,-0.2217127734342647,-0.2478718084569988,-1.5258536523958268,1.6005460694928,1.9823870300788613,0.8442850568300777,0.0,-1,-0.005256032621256401
UCe2nsJ1G7J1E1dhemmyfWgw,0.7660432620468982,0.2869604669815824,0.231342610203369,0.0,-0.2217127734342647,-0.2478718084569988,0.8844186814637206,-0.9507602463526608,-0.9656277258729566,-0.3094234624420706,0.0,1,0.09704577701955797
UCe4_J_mt6JTcSLRR2lOa0rA,-0.1234239039476287,0.3599129161414074,0.5665623687849067,0.0,-0.2217127734342647,-0.2478718084569988,-1.388508477103675,-0.8065467256638471,-0.8585990738100208,-0.165209897533052,0.0,1,0.0828509773933927
UCe4hxuprNciIY9owFgw7beg,0.3444649383612266,-0.4608273625114517,-0.5119367998455497,0.0,-0.2217127734342647,-0.2478718084569988,1.0561846722653632,1.1234642407034794,1.069029692964922,-0.4536370273510891,0.0,1,0.09418358800385301
UCe72BSa5xqG2HbTA21kBN1Q,-0.2079287159932715,-0.4414742784881398,-0.5423243583735043,0.0,-0.2217127734342647,-0.2478718084569988,1.4136537430666416,-0.0518607533305829,-0.0544076028540982,-0.5978505922601076,0.25,1,0.09752484324854133
UCe90buaIKeLy7fcSujOfwtQ,0.4136670749298261,-0.050739749959085,-0.3027530975157161,0.0,-0.2217127734342647,-0.2478718084569988,0.5294185216236054,-0.572721372292465,-0.4031891870542607,-0.5978505922601076,0.0,1,0.1316162183761726
UCeBdclX0Yk3vELXLw09e-xw,-0.2881559313743452,-0.2499211256734622,-0.3402542034996373,0.0,-0.2217127734342647,-0.2478718084569988,-0.0294327469859188,-0.1101655434507002,0.2675857698614506,-0.5978505922601076,0.0,1,0.12663488709195814
UCeCdGj1ruErQsCOd9wuhR0A,-0.2864213700036213,-0.3236606137038911,-0.4663603552111711,0.0,-0.2217127734342647,-0.2478718084569988,0.4694196777057583,0.4731106887355267,-0.6263979503573395,-0.5978505922601076,0.0,1,0.128476905962275
UCeGH4YXlScuoYSof40aepeA,-0.0311013573700786,-0.1604408602309547,-0.1168151964836285,0.0,-0.2217127734342647,-0.2478718084569988,0.8828774041642781,1.7232225671124977,0.1605618082947108,-0.3094234624420706,0.25,1,0.10421004150906182
UCeGaYSWw66ydETLSLB71xIQ,0.944603330614096,-0.3796009149683546,-0.3904060040506431,0.0,-0.2217127734342647,-0.2478718084569988,0.1994274379020771,-0.7795388061942776,-1.0187044770561788,0.4116443621030221,0.0,1,0.10104075486123537
UCeJ8VEAX4lLtzfZBsxuFXdw,1.087516881892038,-0.1641199176734228,-0.1857018558287625,0.0,-0.2217127734342647,-0.2478718084569988,0.333799640760567,-1.0345296492922604,-0.7967045639214466,0.5558579270120406,0.0,1,0.100636743118039
UCeJiU7fmLILz3n87FAYpg1A,-0.2957219335626805,0.0145239348494555,-0.0896939869674167,0.0,-0.2217127734342647,-0.2478718084569988,-1.3526456057257723,0.2678238280576326,0.2742416869279754,-0.5978505922601076,0.0,1,0.11291315931840146
UCeKyH_dvObiDhw0DFFWr4WA,-0.2885733270798104,-0.1388881034667242,-0.2456702197857613,0.0,-0.2217127734342647,-0.2478718084569988,0.2808998977876669,-0.5003261465072568,-0.3612832726061193,-0.5978505922601076,0.0,1,0.13027966713771105
UCeNshU_zKBr2aul1-HRQPfA,-0.1166535911118863,-0.0933071172512356,-0.2187651684073817,0.0,-0.2217127734342647,-0.2478718084569988,-1.2381560771829532,0.8286079706148313,0.0891502871096402,-0.0209963326240335,0.0,1,0.11448118408536612
UCeOPlcsFwKd9Bb-af19gDdA,-0.1253144924870694,-0.4723638724523553,-0.5119154811381293,0.0,-0.2217127734342647,-0.2478718084569988,-0.3652956649909757,1.3223926960865038,1.8440977798737817,-0.0209963326240335,0.0,1,0.05657905362001364
UCeOqc5WuwceX2EYIW0Rj8uA,-0.1455532708450259,-0.2499211256734622,-0.1586412916030397,0.0,-0.2217127734342647,-0.2478718084569988,-0.4151739956606616,1.3920039814049452,0.3277886134583009,0.123217232284985,0.0,1,0.10962510895653915
UCeOrO8v1kEZVMkCmr5CwnqA,-0.296967470831699,0.4514986787334792,0.4905783265422994,0.0,-0.2217127734342647,-0.2478718084569988,-0.4088173629208623,1.707586210911984,0.453511033568591,-0.0209963326240335,0.0,1,0.07242820914245202
UCePj7zIKFqzDg6-YZFCVeSA,0.3207822579483217,-0.2342082904698075,-0.2932531078289884,0.0,-0.2217127734342647,-0.2478718084569988,-1.4062449741425032,-0.5675979240266386,-0.2458332256651119,0.5558579270120406,0.25,1,0.09463717627863572
UCeQ0pe577clYUZi5MQ1PbWg,2.5740439027188606,-0.2126275914971532,-0.1501821143976271,0.0,-0.2217127734342647,-0.2478718084569988,-0.9356545135597326,-1.373713034524808,-1.2147790919480497,-0.5978505922601076,0.25,1,0.06787842006657024
UCeQmlwcUQq5tG5d85xt88Dg,0.7830012407048366,-0.3014351741442727,-0.4424527642287912,0.0,-0.2217127734342647,-0.2478718084569988,-1.054127741488846,-0.1381710257587477,-0.4926814251551226,-0.0209963326240335,0.25,1,0.10569076129780841
UCeQw9K2hKM0PJu0Ynlu4Q2w,-0.2566894115482345,-0.2750660085650644,-0.5416516728409707,0.0,-0.2217127734342647,-0.2478718084569988,0.7561868729513201,-0.1764527400043924,-0.1602248520195403,-0.4536370273510891,0.5,1,0.09406919812726394
UCeSj3buhtUTgF2XU7PaEtgw,3.548491116032647,-0.2863670795275823,-0.3553306649309298,0.0,-0.2217127734342647,-0.2478718084569988,0.8135034807027949,-1.373713034524806,-1.2147790919480497,-0.5978505922601076,0.0,1,0.0851785154562848
UCeTi-vYIt6ZRoDT9BJHjyoA,0.5630169048623146,-0.3067090072601144,-0.3416852587941335,0.0,-0.2217127734342647,-0.2478718084569988,0.5056646376158888,0.1124437003216453,0.247903061146772,-0.5978505922601076,0.0,1,0.1315264459280207
UCeU6YELFTKt39aWqMiaGLdQ,-0.301592665355824,0.233199657974176,1.0051644460510876,0.0,-0.2217127734342647,-0.2478718084569988,-1.0703127366436451,-0.4359955120035428,-0.181832655465342,-0.5978505922601076,0.25,1,0.07591248357084734
UCeW5c-FlNwtS-IMDiztdQeQ,-0.0831703472247961,-0.2556422928482368,-0.4866773561038116,0.0,0.6913574657089212,1.6788067614388125,-1.0605943702927705,-1.3737130345248083,-1.2147790919480497,-0.165209897533052,0.25,-1,-0.011543511583290256
UCeY23ji5nV16Lxb7QTA2UUQ,-0.2036096834313929,0.7924815877156399,0.5305160699758725,0.0,-0.2217127734342647,-0.2478718084569988,1.0633831941688707,-1.3737130345248083,-1.2147790919480497,-0.3094234624420706,0.0,1,0.04162821078849538
UCeZIDa0yjK7KEH4XuDyZF3Q,-0.3000668219672461,0.0267079019809201,0.3455462256764053,0.0,-0.2217127734342647,-0.2478718084569988,1.040944378184259,0.9759759593277456,1.24501467725646,-0.165209897533052,0.0,1,0.09493064156727454
UCeZdyMwXeY2un04OZneYpzA,-0.294079928455122,-0.2143227521415309,-0.0995189493493872,0.0,-0.2217127734342647,-0.2478718084569988,-0.4914585897597983,-0.7894018096295063,-0.2387142205481707,-0.0209963326240335,0.25,1,0.10257087648410945
UCe_Z9uywkehIbk5XXp3wtaA,3.91859438255094,-0.4101138065671528,-0.4492774482222814,0.0,-0.2217127734342647,-0.2478718084569988,-0.8107146568266947,-1.3737130345248083,-1.2147790919480497,-0.5978505922601076,0.0,1,0.07826406480339582
UCeakZEw9heyntZWRi9xsp8g,-0.2997749159194842,-0.1058324709013595,-0.2015667251019944,0.0,-0.2217127734342647,-0.2478718084569988,0.8354278837944696,1.7148504543522851,2.596955580104094,-0.5978505922601076,0.0,1,0.06049038491149744
UCeanHOodyKzjWGnqVZnVsPg,-0.2798977216379201,-0.2944190925883763,-0.4182903562956526,0.0,-0.2217127734342647,-0.2478718084569988,1.1258531225353896,2.320970348912311,-0.9144218517401036,0.123217232284985,0.0,1,0.03811959165776335
UCecdlboAiNojl72fty50e2w,0.9948234452505476,-0.3662036776176278,-0.4465663346833801,0.0,-0.2217127734342647,-0.2478718084569988,0.0528979184102839,-0.9008601525278912,-0.6724089192393251,3.1517020953743744,0.0,1,0.05096295914075877
UCedXqbHWaCUJm1PcXGbSL4w,0.944741959254477,0.2206675774960982,0.1864074324316336,0.0,-0.2217127734342647,-0.2478718084569988,-1.4602466623911003,1.219047234553873,-0.5034337085376184,0.7000714919210592,0.25,1,0.04934243690738738
UCeda0ikD6cYxD62Z44QK7FA,0.8401188767587935,-0.2261888766521747,-0.1314043518097491,0.0,-0.2217127734342647,-0.2478718084569988,0.346460688301485,-0.2995872651967971,0.0328517737717827,0.123217232284985,0.25,1,0.10809376217073074
UCeg4cmFPakq7jCrbAwexCkA,2.148161947970386,0.6327866920905366,0.4481724043551187,0.0,-0.2217127734342647,-0.2478718084569988,0.5773962702677901,-1.246118156694656,-1.0296762416224297,-0.0209963326240335,0.0,1,0.04313572184378284
UCegNnqoN_92grPoMqmZPS6w,-0.0444423810147204,-0.2662370468755973,-0.3479091016701042,0.0,-0.2217127734342647,-0.2478718084569988,-1.3104740837588456,-1.3737130345248083,-1.2147790919480497,-0.165209897533052,0.25,1,0.08039838447257741
UCegtMtXqBiGyqi2l2aTaUFQ,0.0932046581750333,-0.4056337391498689,-0.4553748448613862,0.0,-0.2217127734342647,-0.2478718084569988,0.8383475127080602,0.3114744604175721,-0.7866334685531139,-0.3094234624420706,0.25,1,0.10540788211309515
UCehLaCUo4WHIWg-KdeeCvRg,-0.2572353494533373,-0.2322161144988509,-0.285126421895905,0.0,-0.2217127734342647,-0.2478718084569988,-1.4468365407715449,0.7346529515812213,1.5736217351566906,-0.0209963326240335,0.5,1,0.04493657146560914
UCej7gKc_oWXrgHr1vmoKaKw,-0.0370917838208695,-0.0248280086807404,0.1395217971416824,0.0,-0.2217127734342647,-0.2478718084569988,0.9277247694767176,1.1185046378126575,0.9227987529037636,-0.3094234624420706,0.0,1,0.11607544098864137
UCejIMHbKwPZ1ZzL2JgQQbcQ,0.1621027157389666,-0.3110881722580901,-0.3609860086724834,0.0,-0.2217127734342647,-0.2478718084569988,-1.101691070368132,-0.1142944553184931,-0.2577417978909381,-0.4536370273510891,0.0,1,0.12575834651567336
UCejSXqcYhd70vcsFYUPUXzg,4.3700651960877765,-0.1597597689006244,-0.0556142045262415,0.0,-0.2217127734342647,-0.2478718084569988,1.2163031452781408,0.129448075791431,-0.6809666928954202,-0.165209897533052,0.0,1,0.05600766346735786
UCekIjbBrhO3r6eTfVdIWocg,-0.10664016741637,-0.1753340573208443,-0.1660478578683437,0.0,-0.2217127734342647,-0.2478718084569988,-1.4592147960575352,-0.9107114520115538,-0.6805882007103994,-0.5978505922601076,0.25,1,0.10380293467584667
UCel2ca3OALNUQoX7svVhmHQ,0.3358574424127145,-0.0310839586778486,0.0825825623637586,0.0,-0.2217127734342647,-0.2478718084569988,-0.295927614883776,0.8437745560947099,0.8863586102428032,1.7095664462841889,0.0,1,0.06561453429147401
UCemjetjmfQE950C3Bea8bDA,-0.0799402241742933,0.1123929751771981,-0.1696676647301007,0.0,0.6913574657089212,0.7154674764909068,-0.9536532591434604,0.718484856577559,1.1360954653887134,3.295915660283393,0.0,1,0.0091129611554292
UCenWoaDQZgYOMCB_M-Aiz3A,-0.2401800165976583,0.8663421586492388,1.0603276599719766,0.0,-0.2217127734342647,-0.2478718084569988,0.5747702178699108,0.4104434219463332,0.5742393133103308,-0.3094234624420706,0.0,1,0.0858621118695076
UCeokT5vktbbx4qJk7nrp55Q,-0.2535472256404468,0.7098929575118822,0.5218499903583117,0.0,-0.2217127734342647,-0.2478718084569988,0.0847193123517768,1.3270789124321505,0.8001249554020836,0.4116443621030221,0.0,1,0.06418291844084717
UCepiqzCVO-Qc0mB4Ul1T2Ow,-0.1963971075849189,-0.0635745376950874,-0.4672192245652884,0.0,-0.2217127734342647,-0.2478718084569988,-0.7751430059856025,-1.1094245925500783,-1.0651113571871098,-0.3094234624420706,0.0,1,0.10773042974490143
UCeq3jtiWQqRj__g-pf9y6Hw,0.0322938910279392,-0.398974179475528,-0.3939430500435927,0.0,-0.2217127734342647,-0.2478718084569988,0.3837653939466821,0.622753150777853,-0.6956242812942465,-0.3094234624420706,0.0,1,0.11585071629732735
UCerXPtQHBaeVawAxcRrV7HA,-0.2887340668947482,-0.023011765133193,0.2601918583418224,0.0,-0.2217127734342647,-0.2478718084569988,0.5018958939028777,-0.7690724049702162,-0.4102373397227524,-0.3094234624420706,0.0,1,0.11466096123315761
UCev-syYBxDAm3e42aU1qYNg,0.5968335161802273,-0.2349068456804027,-0.2763210507749608,0.0,-0.2217127734342647,-0.2478718084569988,-1.3998422896507912,-1.1094245925500783,-1.0651113571871096,-0.3094234624420706,0.0,1,0.10451031162909219
UCevizsJNK050wfi1MpCfSKg,-0.1462926566870937,0.0138176179142982,0.2188813530965523,0.0,-0.2217127734342647,-0.2478718084569988,-0.8035279569242322,-0.1977928176452223,0.6323610695798457,-0.4536370273510891,0.25,1,0.10040674420126
UCeweO3EhpPBnvsBqaERVNXg,-0.2388100885928071,1.02851252696137,2.006839023366921,0.0,-0.2217127734342647,-0.2478718084569988,-0.896341361659138,-0.2637807372481865,0.7949779228649634,0.8442850568300777,0.0,1,0.02154264200670214
UCexYGUOmxnAhE4JujBpa-IA,1.9838203678080968,-0.0075131535274541,0.0161002489245643,0.0,-0.2217127734342647,-0.2478718084569988,-1.240397613292684,-0.1342593331747656,-0.8721126323074939,-0.5978505922601076,0.0,1,0.08189696616689923
UCeyXmm_ImxlMyVW-Xg8hOMw,3.468846986633687,-0.2267104645427524,-0.225276846610427,0.0,-0.2217127734342647,-0.2478718084569988,0.5908362983284112,-0.1790366437836691,1.6113554397964291,0.5558579270120406,0.0,1,0.029152208258122148
UCf-XUn2a_yczCcXBOHoMWzw,-0.2745393495951881,0.0569029509588975,0.3842134515479924,0.0,-0.2217127734342647,-0.2478718084569988,-1.4520437546519591,0.8012998153938444,0.8471914194112342,0.4116443621030221,0.25,1,0.054056830900671315
UCf0QDT7-O7V_wLGSK631olg,-0.1672111361241769,0.1041252831951328,-0.2233010890626855,0.0,-0.2217127734342647,-0.2478718084569988,1.0740227433502278,-0.3314722891677632,-0.4573908455556427,-0.3094234624420706,0.0,1,0.12286708865013163
UCf10bu29lDxT-FhMXGLKWBA,2.895438987222936,-0.325037931727448,-0.275271007708697,0.0,-0.2217127734342647,-0.2478718084569988,-0.3314126958227779,-0.4028514353759894,1.47317268951485,-0.165209897533052,0.0,1,0.04474595611365956
UCf2HjecnR2SBo7T2NUMEYPA,-0.1661296773039714,-0.2680028392134908,-0.3187594351815604,0.0,-0.2217127734342647,-0.2478718084569988,-1.2769516656014368,0.8217034963027202,1.885081148879329,0.8442850568300777,0.5,1,0.024258426958884416
UCf2QWxGlxDJ_f47l7hgcU0w,-0.1525276170684676,0.544791373918848,0.7809737659882189,0.0,-0.2217127734342647,-0.2478718084569988,0.6653294114610611,2.3232449814612126,1.6832726062750567,-0.165209897533052,0.0,1,0.0227866346224313
UCf4k57Uj3MyceSuI1r6TGHg,0.1975481119280816,-0.2543901855540942,-0.3001311194187869,0.0,-0.2217127734342647,-0.2478718084569988,-0.1289008988640042,-0.9881657961091448,-1.008857506965624,0.2674307971940035,0.0,1,0.11158089917753439
UCf7hZnSEvwhKOZ-INfdqm1g,0.1837967066021239,-0.4050283246340197,-0.3534240476177099,0.0,-0.2217127734342647,-0.2478718084569988,-1.4961557918794566,0.3746070886469859,-0.6093321465697336,-0.5978505922601076,0.75,1,0.01624668895203496
UCf8Q9LTRNC7axAJXN5ThNIw,-0.1547837122827944,-0.4128987133400589,-0.4954749307105562,0.0,-0.2217127734342647,-0.2478718084569988,-1.2078732823994955,1.758082236061616,0.1345880772852555,-0.3094234624420706,0.25,1,0.07022582936890592
UCf8qdVExBSqPK2EPiBHc2TA,-0.2744880377017011,-0.4016380033452644,-0.4535657070903434,0.0,-0.2217127734342647,-0.2478718084569988,1.0715503800340205,1.340210948622868,0.3685926211912014,-0.5978505922601076,0.0,1,0.10346092519658712
UCfCxvUObC4GU_o71BSsHJvg,0.3775646868662797,0.2948308556876216,0.6187040790101007,0.0,4.343638422281664,2.6421460463867183,-1.219315770851693,-0.0735581291865455,1.218221354673659,0.7000714919210592,0.25,-1,-0.06497045917813737
UCfFC6o5NwJA16C74sFhqjcA,0.1387228472291584,-0.0414163664150078,-0.0530922228235994,0.0,-0.2217127734342647,-0.2478718084569988,1.133459664635032,-0.1342593331747661,-0.872112632307491,-0.5978505922601076,0.25,1,0.11182095903733069
UCfFMSLBAkOWCNwPIhcPZLIw,-0.0171127639711026,-0.1829622802205439,0.0913288457607811,0.0,-0.2217127734342647,-0.2478718084569988,1.3629118169843386,1.2705631090434877,0.4158496112403828,0.123217232284985,0.5,1,0.059908200025362235
UCfFatPUuakjjmx7m_YfXLFw,-0.2611470922607964,-0.0843604360725756,0.1783320131273317,0.0,-0.2217127734342647,-0.2478718084569988,1.4149685518592878,-0.4014279336203034,-0.3519371963675704,-0.4536370273510891,0.25,1,0.10244985432176767
UCfGmKwtRdjElxWNcQo2qCuA,0.6293426617228404,-0.3954930460093953,-0.5030579924386088,0.0,-0.2217127734342647,-0.2478718084569988,0.369697424375238,0.0121428610998053,-0.1563942885066454,-0.165209897533052,0.25,1,0.10874445399112409
UCfK_X9UAfA2uxZ1LMcsLSdw,-0.0070525110842148,0.6848829169442646,1.774703767968597,0.0,1.6044277048521072,2.6421460463867183,0.0525322758183348,-1.1595215087996833,-0.9203792888681788,0.2674307971940035,0.5,-1,-0.11517772721268615
UCfKphprwMqUiUkiqkPqr5Ug,0.4076848118711038,-0.3149729154014556,-0.4786344760771262,0.0,-0.2217127734342647,-0.2478718084569988,-0.5733978791645828,2.1103085770496683,-0.7217874579759656,-0.165209897533052,0.25,1,0.05033797007018076
UCfO0qq1sMSFzaauQJLHKW4A,2.049891971875368,-0.3126420695154362,-0.229335844980888,0.0,-0.2217127734342647,-0.2478718084569988,0.7840664640961857,0.0217611665272953,0.5508946544850774,-0.5978505922601076,0.0,1,0.09337864400498208
UCfO1HKtG2B7a7fZzfFUQPJQ,0.068462128439576,0.6586849797129732,0.789200788568045,0.0,-0.2217127734342647,-0.2478718084569988,1.1883230509019085,-1.3737130345248083,-1.2147790919480497,-0.4536370273510891,0.0,1,0.04538918489768595
UCfPBiFxACzYq6_5luZe7V0g,-0.1957485045515022,1.5107680723634405,8.086611145462221,0.0,-0.2217127734342647,-0.2478718084569988,-0.7649109616284905,1.4810142148486949,1.0031522797852916,0.9884986217390964,0.0,-1,-0.0704356820222859
UCfRcL6-wgBLdcOMtUfbpoHA,-0.1755645180117296,-0.1126131134788702,0.1318227055190195,0.0,-0.2217127734342647,-0.2478718084569988,-1.3938736476842464,-1.0858124340505328,-1.0915326492433175,-0.4536370273510891,0.25,1,0.08205743392366294
UCfTua2_UbsITlPlIp-hAmSg,-0.2516395719002713,0.0314755412932323,-0.1951036995472886,0.0,-0.2217127734342647,-0.2478718084569988,0.9822921436191824,1.134906889134584,0.0799895540139452,-0.5978505922601076,0.0,1,0.1264861551714147
UCfVSb4bcPyZkZ9kAPGT4z7A,-0.112021010416174,-0.2871616860796343,-0.1762427293408539,0.0,-0.2217127734342647,-0.2478718084569988,0.7899317117948528,1.462118509779998,1.3489390874373175,0.9884986217390964,0.25,1,0.0759101372555962
UCfWEcQeRNDDHj6eR-14SwsQ,-0.2142762823455629,0.6194843898117395,1.0610659128921454,0.0,-0.2217127734342647,-0.2478718084569988,-1.3587239699290703,0.5708571672842012,-0.083674784367863,-0.165209897533052,0.0,1,0.08516005371640817
UCfX9b0EVGcBH4484epE4LUw,0.0689794723457786,-0.1149675032627281,-0.3053983504398579,0.0,-0.2217127734342647,-0.2478718084569988,-1.555926685642078,1.797768175345558,1.8327122959166935,-0.0209963326240335,0.25,1,0.023913287781869574
UCfYdiAvayx5DLzAB6prtBvg,1.7341263231303297,-0.2583969288953506,-0.0409172929954964,0.0,-0.2217127734342647,-0.2478718084569988,0.3385945807963322,-1.1667200510605338,-1.0229319919979796,-0.5978505922601076,0.0,1,0.10379356579420412
UCfZ2ZGPNHu0ijKS_mW19V8Q,-0.275245648781421,-0.1648805666805153,-0.2173537250384956,0.0,-0.2217127734342647,-0.2478718084569988,0.7932842021541441,0.4977914745481406,-0.1035014671393813,-0.4536370273510891,0.0,1,0.13801856005331387
UCf_zARG85NCdJ9jn_yVRsPQ,2.714158539971805,-0.3541735053026894,-0.5720751650345369,0.0,-0.2217127734342647,-0.2478718084569988,1.3132629076349456,-1.373713034524806,-1.2147790919480497,-0.5978505922601076,0.0,1,0.07075801937766257
UCfaNrgo-P8H_DZWe5oXxJaA,2.859738715372864,-0.1338026215335912,-0.1700500507040442,0.0,-0.2217127734342647,-0.2478718084569988,1.3132629076349456,-1.373713034524806,-1.2147790919480497,-0.5978505922601076,0.0,1,0.0831103361450744
UCfb1uygb6mMS4pXOoKQP3cQ,0.0034560386142034,-0.246409721481537,-0.4003263890647942,0.0,-0.2217127734342647,-0.2478718084569988,-1.2467919828421212,0.3384623187631809,-0.7179307149808064,-0.3094234624420706,0.25,1,0.10597385607735105
UCfb3NfQ0gWFnZXwBWk0Nn7A,-0.0016256359819463,0.9322222655102804,0.5405249153841919,0.0,-0.2217127734342647,-0.2478718084569988,0.1164726571742278,1.0763824197611056,0.8374604422674667,0.2674307971940035,0.25,1,0.04747431998068469
UCff3Y1aAbdEkrGMJnO-1_5Q,0.5931610006566198,0.0177646831401775,-0.0403596385541493,0.0,-0.2217127734342647,-0.2478718084569988,-1.061096354320031,-0.3071782243588597,-0.0333651806282045,1.132712186648115,0.0,1,0.09949024626997444
UCffX4VZEnw2rbm1e0ljumLg,0.4537449648395178,-0.3358092649885978,-0.2814993730439498,0.0,-0.2217127734342647,-0.2478718084569988,-0.9762343210083104,-1.0172971987421369,-0.822053176912878,-0.4536370273510891,0.0,1,0.1182723946029442
UCfjW2aG07v3hy0MdbrpnAag,1.2359745274949006,1.0077821249145014,2.893192737344304,0.0,2.517497943995293,1.6788067614388125,-1.3660400170304006,1.129068965626962,0.3416788897056897,-0.165209897533052,0.0,-1,-0.09529301146577385
UCfkMzoCpfwCMb6jkpWKJ7rA,0.3017706133944746,-0.3613453387981334,-0.4224027070135436,0.0,0.6913574657089212,1.6788067614388125,0.5602766691922976,-0.8710980287806054,-0.5582450997874446,0.5558579270120406,0.25,1,0.033347988964318565
UCflReQC_vSa_23iza_9j4mQ,0.6695927235163454,-0.2839454214641856,-0.283840248088918,0.0,-0.2217127734342647,-0.2478718084569988,-1.3751378201841582,-0.7271488976717968,-0.6710236146028492,0.7000714919210592,0.0,1,0.1005186858422844
UCfllxolJ-MCm0cZNJ35HpgA,-0.2809726815002117,-0.3069511730664541,-0.3700701686980612,0.0,-0.2217127734342647,-0.2478718084569988,0.2465476253026196,1.268849548160579,1.4556829462718452,-0.3094234624420706,0.25,1,0.08884903423733809
UCfm6Gwi5VAY4StJrW2SMlMw,-0.0662681307507227,-0.1943796857370877,-0.3419345322491936,0.0,-0.2217127734342647,-0.2478718084569988,0.7537657075267684,-0.8912661457732429,-0.91578961228218,1.132712186648115,0.0,1,0.10303296048640581
UCforrMIC-59nj76y2m0bZBg,1.246206450382591,0.0458844067704426,-0.1126485623261764,0.0,-0.2217127734342647,-0.2478718084569988,-1.084395225858422,-0.910711452011554,-0.6805882007103992,-0.5978505922601076,0.0,1,0.10065857941951023
UCfpwK9hyMMv0gJ7rY_5Ngzg,0.247319636845928,-0.3069511730664541,-0.2838608035826097,0.0,-0.2217127734342647,-0.2478718084569988,0.9146283235750996,-0.7431733515966916,-0.4877800161535658,-0.3094234624420706,0.0,1,0.12621460762655679
UCfqcyRB_2LMIXoJ5lViXFVg,-0.1620858978305881,-0.417035712531695,-0.5136695189020644,0.0,-0.2217127734342647,-0.2478718084569988,-1.435413940491883,-1.3737130345248083,-1.2147790919480497,-0.4536370273510891,0.25,1,0.05711515612826945
UCfqdCHugkV1Gbx9AdGJzJEg,0.2847132448641869,0.3154149492264934,-0.0354377558299798,0.0,-0.2217127734342647,-0.2478718084569988,-1.1529558960942143,1.1843321957375654,1.721638406075041,0.5558579270120406,0.25,1,0.03621269711762143
UCfrqfvncpNB_WKLSC5oDwvw,-0.0711935289283847,-0.060910713825351,0.3780839687934131,0.0,-0.2217127734342647,-0.2478718084569988,1.2884123806092578,-1.1667200510605318,-1.0229319919979831,-0.5978505922601076,0.0,1,0.09107411089848888
UCfvnh19iQqhZh2EY1Leqrjw,-0.2734047096487089,2.124151356777476,2.2229334745320166,0.0,-0.2217127734342647,-0.2478718084569988,0.668792648552072,0.6799807504817291,-0.3472080722836934,-0.5978505922601076,0.0,1,0.0014225372538370085
UCfw2hsnT4tTjDbISbqH8_Ag,-0.146862936841247,0.3429613096976307,1.3763801515212353,0.0,-0.2217127734342647,-0.2478718084569988,0.8856440678446517,-0.650938982403124,-0.3094526845442099,-0.4536370273510891,0.0,1,0.08279357377234425
UCfwTOKnnLmpqLq8Y2Agbi1w,1.342152793237488,-0.0049704125608876,0.2617284686007303,0.0,-0.2217127734342647,-0.2478718084569988,0.8672846348611126,-0.7632954703965965,-0.6219351802019153,-0.5978505922601076,0.0,1,0.09796144255426731
UCfx-YJzVyVI8gkIGqZBTuPA,1.6139710565107288,0.8197252409288527,0.3203085666329148,0.0,-0.2217127734342647,-0.2478718084569988,0.4764782826951209,0.9989867747096496,0.1298282591200734,-0.5978505922601076,0.25,1,0.04018827084687676
UCfx8EB3XuIRyEphmhhcJTkA,-0.1640497865446331,-0.2677203124394278,-0.2637058084101263,0.0,-0.2217127734342647,-0.2478718084569988,0.313744053770644,0.181943126922401,2.608144451983225,-0.5978505922601076,0.0,1,0.07407288798354239
UCg-CIINkX1-oN_kNRRbrHEg,-0.2850194660089943,-0.3529626762709911,-0.5316339117333153,0.0,1.6044277048521072,1.1971371189648596,-0.0542344281997667,0.8537231504280683,0.4538603290924342,-0.3094234624420706,0.25,1,0.020216932884139782
UCg-MOkF1f4X2_nQb2WjCcVQ,0.250536375129843,-0.3486642332084619,-0.2716345454392702,0.0,-0.2217127734342647,-0.2478718084569988,-0.7019997776985982,0.6525112650704894,1.7319132204497838,0.123217232284985,0.25,1,0.07682061758630132
UCg04cjQa479on35AlujlqaQ,-0.283421389959049,-0.0448066877037631,-0.3046231711227791,0.0,-0.2217127734342647,-0.2478718084569988,0.594359534438796,0.4731106887355267,-0.6263979503573395,-0.5978505922601076,0.0,1,0.12550038726485258
UCg3mpGTW0LSm7ZTXHStTmkg,1.2101517694611674,-0.4201258491230084,-0.473590083049892,0.0,-0.2217127734342647,-0.2478718084569988,-1.4719850788038296,1.547341123068426,1.5640286163892303,7.910749737371987,0.0,-1,-0.07010905457243832
UCg7ECHe6c2EnhhNHrcNXt9w,-0.0894851365051233,0.3161519755936141,0.2524188258877408,0.0,-0.2217127734342647,-0.2478718084569988,-0.8526993834468207,-0.8472644056279269,-0.575439856289176,1.997993576102226,0.5,1,0.005152513922229318
UCg7GShLwLfDYiwUitRBVeZg,-0.1842228121812559,-0.4127978109207508,-0.5111277852309187,0.0,-0.2217127734342647,-0.2478718084569988,1.4382027643679838,0.1387304557710884,0.185993823431531,-0.4536370273510891,0.0,1,0.10943162882584756
UCg7SYgpNySkthGRJmdZnO2A,-0.0562204988374583,-0.2185606537524751,-0.3610666160236387,0.0,-0.2217127734342647,-0.2478718084569988,0.438683910503682,-0.0773328999854683,-1.2147790919480483,-0.4536370273510891,0.0,1,0.1015800939702558
UCg7dXPcr3LJXa6ckHri51Ow,0.1106758807155301,-0.2203768973000226,-0.3454087101742661,0.0,-0.2217127734342647,-0.2478718084569988,0.0517434771061403,0.3766766850522826,-0.3031753988773111,-0.3094234624420706,0.0,1,0.1275977547208983
UCg8O7iNGcUymnkzyKgSCTfw,-0.1871594075177073,-0.3485229698214304,-0.3526440256120384,0.0,-0.2217127734342647,-0.2478718084569988,-1.332108296934889,0.4828500655720177,0.8290537067477547,3.440129225192412,0.0,1,0.034806409648811154
UCgBNYsFGcYDR7Frfs4iOBnA,0.3619075278156904,-0.0329405631931194,-0.1156589212630171,0.0,0.6913574657089212,0.7154674764909068,-0.1289413094489222,0.1819431269223996,0.8298198599945443,0.123217232284985,0.0,1,0.06366068799275915
UCgBrTYJJH5aX4wo6z9FL8PA,1.5332630257027755,-0.1873996124955325,-0.0563410807545444,0.0,-0.2217127734342647,-0.2478718084569988,0.962410328510157,-0.1551484557630815,0.2414086508052957,1.132712186648115,0.0,1,0.08671045293994628
UCgCv-rDUK2CmqkOmJb8sVKA,-0.2970716871998207,-0.3986714722176034,-0.4492378216605205,0.0,-0.2217127734342647,-0.2478718084569988,0.9766922158295924,0.228567981507661,0.5919724059013188,-0.165209897533052,0.5,1,0.06446647955669582
UCgCyFfGl_KGKvwKRWT0KtnQ,-0.2742580045088328,3.243804962388932,6.9079710784094335,0.0,-0.2217127734342647,-0.2478718084569988,-1.3619849068333754,1.4248754590600798,1.593292002983778,0.123217232284985,0.0,-1,-0.09665975219692247
UCgDep9894-BCiBu_UMdRTWA,1.6086753551934347,-0.2133447748466977,-0.4235826610973027,0.0,0.6913574657089212,1.6788067614388125,-1.3398010445474746,-1.0277333840062912,-0.8896330900738916,2.430634270829282,0.0,-1,-0.008354326731605188
UCgEg8CHSu-XJJ3DoHxiQTeg,-0.2194145669762046,-0.1270219789560805,-0.261902629755363,0.0,-0.2217127734342647,-0.2478718084569988,-1.3677906915103202,0.7706612901807163,1.791453482000901,-0.5978505922601076,0.25,1,0.07652022698940941
UCgFWZNCHQuWBoUlipgA9r1g,-0.1331774159580663,0.2596159113490616,0.1201343238416449,0.0,-0.2217127734342647,-0.2478718084569988,0.9888501096987204,-0.6838003967813309,-0.3984784152076556,-0.4536370273510891,0.25,1,0.10828236758061549
UCgFx3ykayCyZLVAgG3bm2iw,0.5614768054684451,-0.2999283646826037,-0.2695118666924342,0.0,-0.2217127734342647,-0.2478718084569988,-0.98943566771805,-0.7632954703965975,-0.6219351802019136,-0.5978505922601076,0.0,1,0.12212808523343932
UCgGg_7tCIl0P0hj8CitpcrQ,4.107978297806215,-0.1609251918436341,-0.3316868280742054,0.0,-0.2217127734342647,-0.2478718084569988,-0.6857748000936571,-1.3737130345248083,-1.2147790919480497,-0.5978505922601076,0.0,1,0.08362982349416054
UCgGitc96tDJMHrqSGGAHJIw,-0.0112823119783958,-0.0634534547919176,0.0905889175241622,0.0,-0.2217127734342647,-0.2478718084569988,0.8623694476265132,-0.9623265351910189,-0.8268262106777506,-0.5978505922601076,0.0,1,0.12256458921856933
UCgHpRxImkGOIrj2jfJeOFOw,0.0212204028252139,-0.1968414079963861,-0.0726588724175031,0.0,-0.2217127734342647,-0.2478718084569988,1.0352164929014671,1.9482610602322508,1.2373859980716824,-0.165209897533052,0.0,1,0.0864177264554406
UCgIZ9eKeokf0N7IVMI89_bw,0.479224536238252,-0.1053481392886802,-0.2036603810166208,0.0,-0.2217127734342647,-0.2478718084569988,-1.4704047592582672,1.0597833515109631,-0.5237864038104618,-0.3094234624420706,0.0,1,0.09449014981685389
UCgKDV2cheuOaTZFmNFgRPtw,0.0879136194599772,0.0018102300166229,0.0970984270580807,0.0,-0.2217127734342647,-0.2478718084569988,-1.0224276715971432,0.3452701819486767,-0.6086936771161943,1.132712186648115,0.5,1,0.05431901654518778
UCgMXYeH8WTSUtwpGyh9kkHQ,0.0889122473788499,-0.4293962588969489,-0.4303526857269124,0.0,-0.2217127734342647,-0.2478718084569988,1.0770368052660784,0.5885659579915643,0.4766990023329214,-0.165209897533052,0.25,1,0.10841299453473696
UCgPB_yIfy6u5h_dhu3U-WOg,-0.0429685846467035,-0.2731824967379781,-0.3733533786752575,0.0,-0.2217127734342647,-0.2478718084569988,0.3443266493733918,1.055871551366,1.7512411893228053,-0.0209963326240335,0.5,1,0.05456248092215127
UCgRHV2oivxE_PXaSgevoyYw,-0.038832343752938,-0.3745154330352215,-0.470367498493116,0.0,-0.2217127734342647,-0.2478718084569988,0.6228355182735019,0.768694883165837,-0.4547780580814879,-0.5978505922601076,0.0,1,0.12426049589003096
UCgRVfh_p9FpJu6zxOhXzOwQ,-0.0763817794281368,0.1670883928434466,-0.0077561343362183,0.0,-0.2217127734342647,-0.2478718084569988,1.34089361253475,0.3402508522457508,-0.0973465693170633,-0.5978505922601076,0.25,1,0.10457791999398452
UCgUltJd_Y-QyqH3Nq0xWfoQ,1.0748572506630565,-0.2716590680543053,-0.2520212473711855,0.0,-0.2217127734342647,-0.2478718084569988,0.9544835042696892,-0.0304458287504105,-0.0947925229870212,3.5843427901014304,0.0,1,0.045023299109361925
UCgVWPXna4H0bkJ_ue6wNDWA,1.8842808232619337,-0.3506419206269025,-0.3331566377786943,0.0,-0.2217127734342647,-0.2478718084569988,-0.1860153731615065,-1.3737130345248074,-1.2147790919480497,-0.4536370273510891,0.0,1,0.10263089986259666
UCgWi0Z8D5h5lJRJWhTJJf9Q,0.0210967032618918,0.2278316492669801,0.6544659498036736,0.0,-0.2217127734342647,-0.2478718084569988,-0.4404897807992576,0.5629113838699578,1.5936355865327183,-0.4536370273510891,0.25,1,0.06597613947250852
UCgYdHms9B2Ji2NWyy_pTlbA,0.1820285153491014,-0.5058903829744916,-0.5232916579662378,0.0,-0.2217127734342647,-0.2478718084569988,1.1738709011353043,1.2040516355923288,0.1642216768903026,-0.5978505922601076,0.0,1,0.09804791367011251
UCgYi9ZnUoAbF-VBikT5vmDw,0.2956881011510883,0.6141870127980592,2.239192340756003,0.0,-0.2217127734342647,-0.2478718084569988,-1.188542723842564,-0.5146623221067763,-0.8292022406434453,-0.4536370273510891,0.0,1,0.046243908116843424
UCgZSxnw2Dt2oMo6ttTCrFag,-0.029322858632846,-0.4372363768771956,-0.4490662265195072,0.0,-0.2217127734342647,-0.2478718084569988,1.3406030434066816,-0.1218662643301463,0.3490472365332622,-0.5978505922601076,0.0,1,0.11281681120284115
UCg_4UGZAf188RFzSQEPrptA,-0.1558151439678564,0.8621042570382946,3.005961679551713,0.0,6.169778900568036,4.56882461628253,1.2727861655096986,-0.6313877189646657,0.0834388171222886,2.8632749655563376,0.0,-1,-0.17112516833717484
UCgcqOJ2MC50VxI14OD1sL-Q,1.5101639076852518,0.673517635351278,0.1175332193410009,0.0,0.6913574657089212,4.56882461628253,-0.7034983223168991,-1.2154359321644732,-1.029487186355715,0.7000714919210592,0.0,-1,-0.07577576950106191
UCgdZ8MQyddRjDZTFFLUEH3w,0.2404462271850313,-0.1190484455547485,-0.1211565870892572,0.0,-0.2217127734342647,-0.2478718084569988,-1.483084104243212,-0.7176201912708665,-0.8041958083485724,2.5748478357383005,0.25,1,0.04910060837605268
UCgdbCpZJgQNGK6wA18q65MA,0.9531552191269952,-0.2599979139483739,-0.3510245948820331,0.0,-0.2217127734342647,-0.2478718084569988,0.4693587537797782,-0.6362499548184086,-0.7677027812586448,2.5748478357383005,0.0,1,0.08162956883036132
UCgeT0_G-e0sN50pSbDSgeRQ,0.2448133132789444,-0.2913112980736838,-0.3212621264501432,0.0,-0.2217127734342647,-0.2478718084569988,0.8165119775195514,-0.5146623221067759,-0.8292022406434463,-0.4536370273510891,0.0,1,0.13495829018014677
UCgfVkOjBNMtLDWePxjCAoAg,-0.1225931979183471,-0.3856046089171921,-0.4191156372590821,0.0,-0.2217127734342647,-0.2478718084569988,0.8812946334457487,-0.500257411131387,-0.2728633024571189,0.4116443621030221,0.25,1,0.10611504865051041
UCgfxHhZM2Nv5u9M_M16hV_w,-0.2853857522943129,-0.3626493085245778,-0.3333733222443197,0.0,-0.2217127734342647,-0.2478718084569988,-1.5465223655432148,0.1697095435598817,0.0059310575827037,-0.3094234624420706,0.25,1,0.08220289893377714
UCggCn5JCoKyeI5FgDZCnflQ,6.240594487464625,0.4145166484362654,0.054252551115539,0.0,0.6913574657089212,5.532163901230436,-0.8107146568266947,-1.3737130345248083,-1.2147790919480497,0.5558579270120406,0.0,-1,-0.12622144817738412
UCghWl7LwYHJXDKybVewcheQ,0.1463314012976971,0.2798165756945622,0.2007414016898061,0.0,-0.2217127734342647,-0.2478718084569988,-0.734591117362968,-0.5452329796401278,-0.4157783174313935,-0.5978505922601076,0.0,1,0.11151823677164246
UCghzfrjsrgC1voCfnDhJ4Pg,0.3478801513538589,-0.374126958720885,-0.4470319221445785,0.0,-0.2217127734342647,-0.2478718084569988,1.1330384833302491,0.4202851649231143,0.1895475463291024,2.1422071410112444,0.75,-1,-0.008594690441960928
UCgiAMEOQJcBxrh2ifgqeqew,2.037569595971468,-0.0016330650422691,-0.000670852457359,0.0,-0.2217127734342647,-0.2478718084569988,1.3521910030072106,-1.0954187846967052,-1.086266891738101,0.9884986217390964,0.0,1,0.06331372835207394
UCgiVlN2P1aPbrrt_4IIETZw,0.413970384373611,0.8599853062328225,1.5019235212446174,0.0,-0.2217127734342647,-0.2478718084569988,-1.1723678366436987,-0.7723929988602636,-0.4535584314179735,-0.165209897533052,0.25,1,0.02514890628849098
UCgjoHOa11Qqlqtpv7ZUleag,-0.0075115329421406,-0.1097878457382407,0.3523131919175818,0.0,-0.2217127734342647,-0.2478718084569988,1.171494997466101,0.7245998736550193,0.3307491248842751,-0.0209963326240335,0.25,1,0.0996491292298734
UCgladwV0yey-vu95kL5ZsYw,-0.1508401054113226,-0.2044343150493278,-0.3037830945162295,0.0,0.6913574657089212,0.7154674764909068,-0.9771948063673694,-1.0858124340505326,-1.0915326492433182,-0.4536370273510891,0.5,1,0.009478280539836792
UCglmksJGHLN6XYUQ-4FgRSQ,0.4134844137255485,-0.3538203468351106,-0.3682990004169459,0.0,0.6913574657089212,0.7154674764909068,-0.2543315581610137,0.6839439247014156,-0.6141979487730417,0.4116443621030221,0.75,-1,-0.019165085292041195
UCglzV-YIKIWrUhomfTuAaSw,-0.2986117979699144,-0.3927384099622815,-0.4133395979188111,0.0,-0.2217127734342647,-0.2478718084569988,-1.1046334943467906,1.0702853568671182,0.8835821298623561,0.123217232284985,0.0,1,0.08864281883443048
UCgm4z7bCH2FMMbtarzsNpNg,6.049116896763845,-0.1931332440868099,-0.6003272946293761,0.0,-0.2217127734342647,-0.2478718084569988,-1.0605943702927705,-1.3737130345248083,-1.2147790919480497,0.123217232284985,0.0,1,0.025838677902360718
UCgm9mvmWmbTGjC86I9iqfYQ,-0.0440393335917802,-0.3925971465752501,-0.3849209621759571,0.0,-0.2217127734342647,-0.2478718084569988,1.157587283699832,0.473110688735527,-0.6700440047362533,0.8442850568300777,0.75,1,0.016967938415219874
UCgm_netCczXftX1MulWeIqQ,-0.2831798930120126,-0.2016090473086983,-0.4138311373740744,0.0,-0.2217127734342647,-0.2478718084569988,0.1431623221068949,-0.7130864942069809,-0.5013239131827851,-0.5978505922601076,0.0,1,0.12765505215115608
UCgnulkRvISjE1FQxx1HuIqg,-0.256036478579549,0.072643728370976,0.3138864330924301,0.0,-0.2217127734342647,-0.2478718084569988,1.435650384360582,-0.634816070528863,-0.7189593825453474,-0.3094234624420706,0.75,1,0.005875041854596086
UCgo-Ds3cB-n-wSJAYlWr5NQ,3.043703100722201,-0.2278840372965524,-0.3486453740978549,0.0,-0.2217127734342647,-0.2478718084569988,-1.0605943702927705,-1.3737130345248083,-1.2147790919480497,-0.5978505922601076,0.0,1,0.09459591232440107
UCgpxVHkTgVST0OxDt-_fiZA,-0.2653771265036844,-0.3448501217586122,-0.2932551073092934,0.0,-0.2217127734342647,-0.2478718084569988,1.413352237342295,-1.1667200510605318,-1.0229319919979831,-0.5978505922601076,0.0,1,0.10656020334384847
UCgtXSGedtXX1inAP-JSBWhg,0.1516691819831531,0.1798020976762792,0.1795031328481293,0.0,-0.2217127734342647,-0.2478718084569988,1.0291779485557562,-0.572721372292465,-0.4031891870542607,-0.5978505922601076,0.25,1,0.10730330245318098
UCgvHPrH9Gk2bq-hWuD4u4UQ,-0.2219720614548448,-0.3041662662935479,-0.2926708133104714,0.0,-0.2217127734342647,-0.2478718084569988,0.0090009540376929,-0.1342593331747658,-0.8721126323074925,-0.5978505922601076,0.0,1,0.12171766489546992
UCgvJ2H-XzM5qiNq7Wbm7zXA,0.2087756519928262,-0.3033186859713591,-0.3749822449143559,0.0,-0.2217127734342647,-0.2478718084569988,-1.3683789663895336,0.4628254894059235,-0.6324413658014082,-0.4536370273510891,0.5,1,0.07475782884950444
UCgvfHDOYhJiqx8GxYh28vlw,0.3854393973577416,-0.1182636489601291,-0.4263681857345543,0.0,-0.2217127734342647,-0.2478718084569988,-1.3938736476842464,-1.0858124340505328,-1.0915326492433175,-0.4536370273510891,0.0,1,0.10328821879377081
UCgxWBcwjrec8vDpF-oHuIXw,0.1969886639003372,-0.2476205505132353,-0.4180543949942727,0.0,-0.2217127734342647,-0.2478718084569988,0.1108956570742488,0.3965719827513266,1.750890645999997,-0.3094234624420706,0.0,1,0.08881846514028918
UCgzLwcAWqMdm8Sp-RkWDG_w,1.9120846803222824,0.2764262544058068,0.4129399710709945,0.0,-0.2217127734342647,-0.2478718084569988,-0.9356545135597326,-1.373713034524808,-1.2147790919480497,-0.5978505922601076,0.0,1,0.0583432275683442
UCh1-v4ls6fZ416cafzg4Afg,-0.22837261743831,-0.2185606537524751,-0.304663662821192,0.0,-0.2217127734342647,-0.2478718084569988,-1.0815240058516522,-0.4014279336203034,-0.84691750298084,-0.4536370273510891,0.0,1,0.12182657000170927
UCh56sbMM6Jo4mp6w_-7C_8Q,0.0160600512040098,-0.2906049811385264,-0.3871406858822839,0.0,-0.2217127734342647,-0.2478718084569988,-0.3534673435174696,-0.7990408195230487,-0.9644418722126836,-0.4536370273510891,0.25,1,0.1066412475539541
UCh5kS0zAIaVkaCQoC_4zMhw,-0.0746317626041718,-0.2637649376025466,0.1361239211565963,0.0,-0.2217127734342647,-0.2478718084569988,-1.5489566734645497,2.1913323354583776,0.0176476702007338,0.4116443621030221,0.0,1,0.02463437386281697
UCh7L43_gs6bD6xWIhry2r1A,2.1601240269826203,0.0724419235323595,0.192734356517473,0.0,-0.2217127734342647,-0.2478718084569988,0.7928126216728868,-1.194118341410484,-1.0202827234216183,-0.4536370273510891,0.0,1,0.08977817261384041
UCh7Qn-oHIXq82keENk_8bjw,-0.2998024918586411,0.4580909701282813,0.9613060274670222,0.0,-0.2217127734342647,-0.2478718084569988,-1.0083266118923515,-0.1853645778637464,0.1005508263920068,-0.4536370273510891,0.0,1,0.0968638872241101
UCh7bMZrYplMAN85X0WnfrtA,-0.0336529296557934,-0.0313866659357731,0.1130758070235655,0.0,-0.2217127734342647,-0.2478718084569988,0.022324047496932,1.867237301823542,-0.84691750298084,-0.4536370273510891,0.5,1,0.046547147579246495
UCh8UvqOqb6faO0uRTPPx8uQ,0.4499007886743347,-0.1182636489601291,-0.3580278775664003,0.0,-0.2217127734342647,-0.2478718084569988,0.6467120004126476,0.0663548146741812,0.4423785210696186,-0.4536370273510891,0.0,1,0.1258968038044666
UChAV7SZikJzAxI-Vo1H0nwA,1.654933771296201,-0.241263698096819,-0.0996305825532392,0.0,2.517497943995293,4.56882461628253,0.9714332287342484,-0.5222913965561924,0.163660709292476,4.738051309373579,0.0,-1,-0.0929270256228234
UChCGuc5WnD-rqTct9fk3nrw,-0.1575564215816273,-0.0816764317189776,0.0949981823445857,0.0,-0.2217127734342647,-0.2478718084569988,1.076470530351409,0.7788936512845088,0.2220220123155988,0.123217232284985,0.75,1,0.030397866600732626
UChFBBjRo3vAXqXtrvhw0upQ,1.8904452733719803,0.5371984668659062,0.814710307769738,0.0,-0.2217127734342647,-0.2478718084569988,-1.3360245950776863,0.7001709066505172,2.266139665873578,-0.0209963326240335,0.75,-1,-0.08459214583239816
UChFFmVfItxMzpWSCze51hiw,3.6365171297158634,-0.1021536116305825,-0.1147899533483719,0.0,0.6913574657089212,2.6421460463867183,0.245088084521202,0.3853577497409489,-0.1521273253339196,5.459119133918671,0.25,-1,-0.0932201914487708
UChHpngVe4JLIulxoy1ZnggA,0.5830771536302687,-0.2126275914971532,-0.2960542052307294,0.0,-0.2217127734342647,-0.2478718084569988,1.4324853104770516,0.1230565694859634,0.3101344977105312,0.123217232284985,0.25,1,0.10003490763968559
UChI6c2mn4ZcT8Xhd6QIVk6Q,-0.0798512359618316,1.019512031159079,0.8831580557645455,0.0,1.6044277048521072,1.1971371189648596,0.1705452886862949,-0.7390554704038862,-1.1034857593554446,-0.3094234624420706,0.0,-1,-0.03248345414046738
UChInLg-gyzPLn7I8rH-V5pg,-0.2836949870209792,0.1720326113895481,0.0087851687171118,0.0,-0.2217127734342647,-0.2478718084569988,1.0371181002279246,-0.1853645778637467,0.3945529307295003,-0.4536370273510891,0.0,1,0.11719675787706291
UChKKNayV4YjoIMGRVYrRGlA,-0.0869938544600407,-0.2043334126300196,-0.1434658308612684,0.0,-0.2217127734342647,-0.2478718084569988,1.3330210906293667,1.1873916274597645,0.95284017619973,0.7000714919210592,0.25,1,0.08397222806072346
UChLlcpUcu3U46xvgOp-gS-Q,0.1658147537456493,-0.2346646798740631,-0.3520378453653824,0.0,-0.2217127734342647,-0.2478718084569988,-1.3826623784762395,-0.6506201510802625,-0.5999036835762079,-0.5978505922601076,0.0,1,0.1159647271027181
UChMFbg871kPjzNHBB90an1w,-0.1039349480141253,-0.2941365658143133,-0.3151789924330085,0.0,-0.2217127734342647,-0.2478718084569988,0.8135034807027949,-0.7255229672551384,-1.214779091948047,-0.4536370273510891,0.0,1,0.10878687083396876
UChMaGXnK6x8YswCh47jpdkw,1.117820093459899,-0.1380405231445354,-0.0979276883841405,0.0,-0.2217127734342647,-0.2478718084569988,-1.5355032701992328,-1.166720051060533,-1.0229319919979818,-0.5978505922601076,0.0,1,0.0914049978226073
UChN4gY1SGTOC9oRYD1CE_XQ,0.8742958813094247,0.5416129477106398,1.1638752437224789,0.0,-0.2217127734342647,-0.2478718084569988,-0.0137084392853158,0.5316802448576176,1.5295559928557456,-0.165209897533052,0.0,1,0.040769490389201746
UChO8pcn0DyVX2rGaGH_T7IQ,4.35029587042334,-0.3398705873657527,-0.58613077520638,0.0,-0.2217127734342647,-0.2478718084569988,1.3209985514072509,-1.298085087159947,-1.0587420116640387,0.9884986217390964,0.0,1,0.023085107431318308
UChOkC-4zej-AjnsVQjI2MOA,-0.2101277556241347,-0.2346646798740631,-0.1104480761901159,0.0,-0.2217127734342647,-0.2478718084569988,-1.3510196090336897,0.3536513130859773,0.2130925151413463,-0.5978505922601076,0.25,1,0.11262337780420767
UChPR2aFr1wDsxahYmfaxY0w,-0.0020437380834834,-0.2730255374190542,-0.2230561613787864,0.0,-0.2217127734342647,-0.2478718084569988,0.3294849410101111,1.4742405902797766,0.3728332669447149,2.5748478357383005,0.25,1,0.04929247441787349
UChQ87jC37oMk9Ww-o9skp9Q,-0.1051417420486558,-0.4530578762247206,-0.5329157162987648,0.0,-0.2217127734342647,-0.2478718084569988,-0.921094026606831,-0.5671312560815512,0.041796797466961,-0.4536370273510891,0.0,1,0.11579865337626188
UChQhywXtjJbJOksO8ejoEnA,-0.1183360630187849,-0.0030330861101703,0.3135568894795379,0.0,-0.2217127734342647,-0.2478718084569988,-0.8370972787698594,-0.4281738692703273,-0.46923235274157,-0.3094234624420706,0.25,1,0.10712581469445648
UChRDWFJcdDdcx1jD0Vc3adA,2.585336585294775,-0.3876529280291486,-0.3971769979236942,0.0,-0.2217127734342647,-0.2478718084569988,1.0633831941688707,-0.5958849538012044,1.2483334156069137,0.123217232284985,0.25,1,0.03974729709155622
UChSCUyftsIPzfIe0KA4uhVQ,-0.1596799534458079,-0.255854187928784,-0.2204070510833224,0.0,-0.2217127734342647,-0.2478718084569988,-1.075944232671135,0.100086319183494,1.0934752057574813,-0.5978505922601076,0.0,1,0.1160559662614642
UChTPAYQWYZbcrqenAC82hHQ,0.2905363257282235,-0.0579441826976901,-0.3918339370039751,0.0,4.343638422281664,2.6421460463867183,1.1700153088705685,-0.4930735982781073,0.7750415753588032,0.123217232284985,0.0,-1,-0.020120237204617863
UChTyuDqufxv9z45zMYveBOg,-0.2570264234754292,-0.299732769223637,-0.3085309106201011,0.0,-0.2217127734342647,-0.2478718084569988,0.4553285123045663,0.2417592401343309,-0.0343817696260846,0.5558579270120406,0.0,1,0.12470226768792808
UChUEZAI71CnG-R1No79cuRg,-0.0742855311706583,0.2403435492611962,0.0136471715384373,0.0,-0.2217127734342647,-0.2478718084569988,0.2735967899123349,0.9379177718235112,1.2229887613815131,-0.3094234624420706,0.0,1,0.10779911219357502
UChVEu3NVJZJ_CVwIw311pVw,-0.2171086528315107,-0.381141970099607,-0.3327172423728942,0.0,-0.2217127734342647,-0.2478718084569988,0.0626730432158145,0.0433291437134128,1.5783092474328,0.2674307971940035,0.0,1,0.09435688335007758
UChVNyT2xW00eM9GCpfTUJtg,3.66614372481596,-0.0085918921193309,-0.1913308674289638,0.0,-0.2217127734342647,-0.2478718084569988,-0.9356545135597326,-1.373713034524808,-1.2147790919480497,0.2674307971940035,0.0,1,0.07460409098759813
UChXKlhn0g00wcfGuQmSRSTw,0.0312962710779678,0.0343008090338617,-0.1952530986077781,0.0,-0.2217127734342647,-0.2478718084569988,-1.2723851273392617,-0.6596542528474935,-0.5731168559316238,-0.4536370273510891,0.5,1,0.07617980893121051
UChY4T2grLAKOSdNllD2J3nA,-0.2892651044828936,-0.3043781613740951,-0.4519507710462921,0.0,-0.2217127734342647,-0.2478718084569988,0.9332989974188826,0.078042386310727,-0.4588100937929864,-0.165209897533052,0.0,1,0.12630207405187122
UChZOC11EwSKPdf1bOsGGXyQ,0.0853630849364388,-0.2913112980736838,-0.3515347145521178,0.0,-0.2217127734342647,-0.2478718084569988,1.2575537858566523,-0.0890246258867888,0.5920035920214568,-0.4536370273510891,0.0,1,0.12015127447355761
UChZbOg0D7anRGiuBEIhPgog,-0.0433994285357604,-0.2402210397639677,-0.2311469159546298,0.0,-0.2217127734342647,-0.2478718084569988,0.2370609980380942,0.9423940053065104,0.593881350692116,-0.0209963326240335,0.0,1,0.12137534468341193
UChafr20EBGfwP6VRA_qk03g,0.0377233587377606,-0.1204835021849095,-0.1187489296801206,0.0,-0.2217127734342647,-0.2478718084569988,0.4760609485932319,-0.6606262003615632,-0.7146040102536286,-0.3094234624420706,0.0,1,0.1358584535954952
UChd2niRs5P2rH1SZdwT9g2w,-0.1691362382954374,-0.2227985553634193,-0.22295596646529,0.0,-0.2217127734342647,-0.2478718084569988,1.3361356558378832,-0.372080671728455,0.2931594427500056,-0.3094234624420706,0.25,1,0.10614756674128156
UCheD5L2g4_yFTKFNGjJX39Q,0.4770002889242248,-0.0532824909256515,-0.0344377735659388,0.0,-0.2217127734342647,-0.2478718084569988,-1.5426429347620425,0.941394357485615,0.0352595471240223,-0.5978505922601076,0.25,1,0.07932109736154863
UCheplchK5_7Q4BoWvii-VHw,0.4986985193008234,-0.3741326548252008,-0.3999615028199643,0.0,-0.2217127734342647,-0.2478718084569988,0.8170320760361613,1.325365607819744,0.6773325135582847,3.1517020953743744,0.25,1,0.023701462293969244
UChfIEPbj8vTTkQTlXgSUYhA,0.782204845875544,-0.2586577228406395,-0.1222724403409388,0.0,0.6913574657089212,0.7154674764909068,0.971134652151896,-0.226915223201546,-0.4317152597586129,2.430634270829282,0.0,1,0.0324153463299795
UChfn7JlK8r3uZX6511LNyGA,0.4532615899594851,-0.0098439994134735,-0.0791786018072206,0.0,-0.2217127734342647,-0.2478718084569988,1.1548675484431845,1.0193678859640891,0.0126208158369083,-0.165209897533052,0.0,1,0.11868872907298866
UChjBHcMAYQ0GXy1yOU-5Gew,-0.2995523627441685,-0.3852514504496135,-0.3324033460740448,0.0,-0.2217127734342647,-0.2478718084569988,1.3698116482895295,-0.293396255742025,-0.0771414784798365,-0.4536370273510891,0.0,1,0.11278975915033934
UChk8i-kt6sUEGsaaedRpHzw,-0.2825761131022739,-0.3496096112601341,-0.3065587862061094,0.0,-0.2217127734342647,-0.2478718084569988,1.2482760422993897,2.4396317527844302,1.6531015822146882,0.5558579270120406,0.25,1,0.006205273209345108
UChl-l5L-mf7unvtnaYefk3g,3.099154974246258,0.6044398390928875,1.3560658730954178,0.0,-0.2217127734342647,-0.2478718084569988,-1.435413940491883,-1.3737130345248083,-1.2147790919480497,-0.5978505922601076,0.0,-1,-0.0024577817957821546
UChm_MMON9skUAkGOWwJgPDw,0.050823798029634,1.0349501013132327,0.8512726365035336,0.0,-0.2217127734342647,-0.2478718084569988,1.4015375328428428,0.5165086430989768,1.0927848854206814,0.7000714919210592,0.25,1,0.023418790881818585
UChnYqLm23qTwTRdEFXem6MA,4.7033897294362665,-0.5345870310257422,-0.5530725437645105,0.0,-0.2217127734342647,-0.2478718084569988,-0.0610755164284685,-1.3737130345248083,-1.2147790919480497,-0.3094234624420706,0.0,1,0.0444186896718774
UChqZMAWIioeV1GyXlC5hSjQ,0.749655783787213,-0.1804195392539773,-0.2940815075063182,0.0,-0.2217127734342647,-0.2478718084569988,-1.285623556733157,-1.166720051060533,-1.0229319919979818,-0.5978505922601076,0.0,1,0.10730168429823395
UChqoRfZGlzadj2IqCnx2Pag,-0.2842422242224194,-0.1117655331566814,-0.0773880837870845,0.0,-0.2217127734342647,-0.2478718084569988,-0.7912779241249446,1.88740492071936,1.2364195624435907,-0.5978505922601076,0.0,1,0.08348702789092732
UChrA8SCzrf-u2s9LcHsAudQ,-0.1249932262796959,-0.0377435183521894,0.0576501861186188,0.0,-0.2217127734342647,-0.2478718084569988,0.3195770922715325,-0.7807319184278199,-0.1318675779829969,-0.0209963326240335,0.25,1,0.10950357352183798
UChs9JhzfEyrBU0PiOAKn95Q,-0.2633229063747725,-0.1931332440868099,-0.2873464846747816,0.0,-0.2217127734342647,-0.2478718084569988,1.0976864212679862,1.1250023643327696,1.519211861755244,-0.5978505922601076,0.0,1,0.10653457434582275
UChsFHIjjYr1lvos3t0_8Bag,-0.0766499215240028,-0.3088605573087476,-0.3553118698793341,0.0,-0.2217127734342647,-0.2478718084569988,0.4805383894219343,-0.0601319750527462,0.5305010623890682,0.5558579270120406,0.0,1,0.118261604221571
UChsoPSB2sSlzhCLdEwOhTqQ,-0.1830687044896698,1.356243584874388,1.1230618736242244,0.0,-0.2217127734342647,-0.2478718084569988,1.0201560701054502,1.5631086663291076,0.6839457592272528,-0.5978505922601076,0.25,1,0.032061961651394355
UChu6Pf2fZ8ctN612i4hKSdw,-0.2962838292181065,0.2158242613693048,-0.2945286362817623,0.0,-0.2217127734342647,-0.2478718084569988,-1.2226335509604618,0.6999989040259682,-0.3276860272470336,-0.165209897533052,0.0,1,0.10226436423589069
UChwFT4NWIMA5V7xhife_aMQ,-0.2627641687073773,-0.2688100585679563,0.099774961511477,0.0,-0.2217127734342647,-0.2478718084569988,-1.2398746621222396,0.691679632937351,0.916030912673229,-0.3094234624420706,0.25,1,0.09834644408847698
UChwuwWuB3kr9EgOfueZ9CEg,0.2364728164868101,-0.2312743585853077,-0.3335278484528989,0.0,-0.2217127734342647,-0.2478718084569988,1.3624458558547967,0.0077210861183263,0.0803849492003953,-0.4536370273510891,0.0,1,0.1237548217203161
UChx6Sqxa21lQ9UZYsRVE7oQ,0.0475532753073587,-0.4601210455762943,-0.5639269719353621,0.0,-0.2217127734342647,-0.2478718084569988,-1.2062250860557158,-1.1941183414104863,-1.0202827234216156,-0.4536370273510891,0.25,1,0.07422424611761347
UCi0UkigO1Vp6x3MphMaOl0A,0.0805074280591279,-0.0380260451262524,-0.2066787026535052,0.0,-0.2217127734342647,-0.2478718084569988,-1.5115374799556105,-0.545232979640128,-0.4157783174313934,-0.5978505922601076,0.0,1,0.10373347960800083
UCi2DYF6TC34m42mS9YyHRRQ,0.0843628379552612,-0.3490880233695563,-0.4724571448531525,0.0,-0.2217127734342647,-0.2478718084569988,-1.2361353037354548,-0.9076648272380892,-0.935382106614656,-0.5978505922601076,0.25,1,0.0997718868953888
UCi4uvelj5_X36j2Duh9q5jw,-0.2196201644961701,-0.2506476230924812,-0.4375459400175364,0.0,-0.2217127734342647,-0.2478718084569988,1.4347597445293394,0.3831082274167626,0.2609327827325153,-0.3094234624420706,0.25,1,0.10785003163476337
UCi7jriYZGYJoCLhA09b8kMw,0.1151465850003548,-0.4511743643976343,-0.5140862839548989,0.0,-0.2217127734342647,-0.2478718084569988,-0.1755351585849319,-0.0471264952176953,0.1576712652039261,-0.0209963326240335,0.25,1,0.10024180735431415
UCi87tUXsHxbCG1vukGRe49w,-0.2480445704374523,-0.0964561135871455,-0.4702607012142262,0.0,-0.2217127734342647,-0.2478718084569988,0.5555603679792505,0.4597797922380014,1.334361590660793,0.9884986217390964,0.25,1,0.09282496844175747
UCi9WBCmPYK6xgiem-Gc9s-g,-0.2698390373345799,0.6120680619925871,2.273939558324009,0.0,-0.2217127734342647,-0.2478718084569988,-0.9075825790986908,-0.6284311901260716,-0.2318224790729195,0.4116443621030221,0.0,1,0.039224313229446306
UCi9y_ghOw79oGRQz32NCzHQ,-0.1323124963059188,0.0831779409467515,0.1377430315874717,0.0,-0.2217127734342647,-0.2478718084569988,1.229863343709545,0.3546834872069649,1.2528200305084534,-0.5978505922601076,0.0,1,0.10362987517130706
UCiA78C08jmX7_ESQ6vYS5zA,-0.1078862041009507,-0.1888953424758657,-0.0439396352717586,0.0,0.6913574657089212,0.7154674764909068,-0.6233048717271383,-1.0496180008899734,-1.214779091948049,-0.4536370273510891,0.0,1,0.03429064641476831
UCiAoOLUnBa1kDgRaDTqZpfg,1.4499132589089403,0.0314755412932323,0.3023639840885062,0.0,-0.2217127734342647,-0.2478718084569988,1.2238947017430002,-1.1094245925500794,-1.065111357187107,-0.3094234624420706,0.0,1,0.087288230567721
UCiArZqlqVrs1IcQOJdsV7cw,1.5375391665033695,0.0057454243696425,-0.4184359565085621,0.0,-0.2217127734342647,-0.2478718084569988,0.4471716192958786,-0.8518395887462635,-0.826931837778444,0.7000714919210592,0.25,1,0.0766544328909054
UCiBDVh5EtZafTckEhE8V9GQ,0.3371854231122503,0.2627438863476156,0.0102701979055319,0.0,-0.2217127734342647,-0.2478718084569988,-0.5516550810755099,-0.3347178091856513,-0.5706658721114708,-0.3094234624420706,0.25,1,0.10150820210935019
UCiBSOz0rYBjd9p6XjZ326ww,0.7966696626539335,-0.2397501618071961,-0.3007252916955242,0.0,-0.2217127734342647,-0.2478718084569988,0.789790169718034,1.492874773322148,2.0311101462571526,-0.165209897533052,0.0,1,0.05903201705300776
UCiDlOjcG66FzQRCML5vW3vA,0.5089730853463573,-0.1243488410168696,-0.0462315920835331,0.0,-0.2217127734342647,-0.2478718084569988,0.0660370093485114,-0.5217445452668346,-0.5480977425560338,0.5558579270120406,0.0,1,0.11106488611631699
UCiDq596Bgw8vfmvUgXTgc6w,-0.0173110543662089,-0.4135041278559081,-0.363447044897483,0.0,-0.2217127734342647,-0.2478718084569988,-0.5497990063410104,1.5965103497326734,0.6337013251644762,-0.5978505922601076,0.0,1,0.09341741558987804
UCiEbMX-9RNkk_Rfy3QZ85uw,3.4026084811356645,-0.3904983762536396,-0.4755768850739426,0.0,0.6913574657089212,0.7154674764909068,1.3315218159862576,-0.739055470403886,-1.1034857593554472,-0.3094234624420706,0.0,1,0.014652144837538239
UCiFU158dDmLTnxsdK_FsQyQ,0.9222827300828386,-0.1100703725123037,-0.1918030637410391,0.0,-0.2217127734342647,-0.2478718084569988,0.6580246002624116,0.083992506665196,0.2339892918544797,-0.5978505922601076,0.25,1,0.11376566101533542
UCiFsW5fgolvk10GB67RdlzQ,-0.1139923180444797,0.3083517798749198,-0.1179240776859571,0.0,-0.2217127734342647,-0.2478718084569988,0.000672596451295,-0.9428345866193494,-0.9212527335011688,-0.4536370273510891,0.25,1,0.08922067680075446
UCiGCuVpbWXq9zmp_-y8QjpA,-0.1308357697395567,0.0706761311944661,-0.2744772209539771,0.0,-0.2217127734342647,-0.2478718084569988,0.8513825578739375,-0.4505572551628644,0.2228178845810981,-0.165209897533052,0.25,1,0.11384396668077573
UCiHxb9VWUeWD4YhzA8jY7DA,-0.1793609511286643,-0.0080782070755801,0.3285507117451616,0.0,-0.2217127734342647,-0.2478718084569988,1.083732393330985,0.5708571672842018,0.2155982487812332,-0.4536370273510891,0.5,1,0.08138313689713578
UCiMWVSLT3AIJjYSbE8sSuqQ,-0.2573566062379023,0.0627300656739458,0.354416376716783,0.0,-0.2217127734342647,-0.2478718084569988,-0.6123743328260576,1.3142479476407103,1.2775975935924144,-0.165209897533052,0.25,1,0.08168225867179219
UCiN2it7IB_hdpJ0NtCz1ywA,0.1291710914383057,-0.0287026615821752,-0.3431553112880963,0.0,-0.2217127734342647,-0.2478718084569988,-0.0122095495047501,-0.9623265351910174,-0.8268262106777529,-0.5978505922601076,0.0,1,0.12048244501991695
UCiQfSPZUyJS9lxxwMMHQ11Q,-0.181746801088853,-0.3832334020634496,-0.4152658330310346,0.0,-0.2217127734342647,-0.2478718084569988,1.3715875040759802,0.898024493974837,2.006373819128557,-0.3094234624420706,0.25,1,0.062260510993741525
UCiR_QuMS8tE5cBN0AYWkmLg,-0.2958359215607153,-0.0092083141718318,-0.0839119045372319,0.0,-0.2217127734342647,-0.2478718084569988,-1.119761017750783,0.1205516155204356,-0.6343810601906206,-0.5978505922601076,0.0,1,0.11488892732249895
UCiSUNyjATH-DkPS4yCdsjdA,-0.0905741191635839,0.0145239348494555,0.1600247448561251,0.0,-0.2217127734342647,-0.2478718084569988,-1.045094088337806,-1.2323774845121105,-1.02541367955733,-0.165209897533052,0.25,1,0.08240963448725208
UCiSrWKrp3h0FSWyZgmU7UmA,-0.2913286348070544,-0.340047166599542,-0.4572327450726927,0.0,-0.2217127734342647,-0.2478718084569988,0.8354278837944701,0.8949522009190368,0.0844479379107141,-0.4536370273510891,0.0,1,0.1257568227860304
UCiTA3-yLl_UqPPPCwjYML3w,-0.2454727095168346,0.0561966340237402,-0.246658098262764,0.0,-0.2217127734342647,-0.2478718084569988,-1.3390848846802583,0.3053160402254743,-0.3105792898233498,-0.4536370273510891,0.0,1,0.1182178900469284
UCiUE2CBDPLqfjOswnnv-gRw,0.0178966949495575,-0.0375417135135731,0.1708550594617489,0.0,-0.2217127734342647,-0.2478718084569988,0.3965706064038072,1.9910479580513687,0.3287371769743771,-0.3094234624420706,0.0,1,0.08446316020100408
UCiUGvYm_tfuH7UHO2QGdrVA,0.0890612542274077,0.1508431033348271,0.5651161419930991,0.0,-0.2217127734342647,-0.2478718084569988,-0.1016553238770463,-1.0172971987421375,-0.8220531769128772,-0.4536370273510891,0.0,1,0.09116782993813388
UCiV4wlEkMi0x8XLkMOOu_jQ,2.477166862437362,-0.2812815975944492,-0.3225282546849676,0.0,-0.2217127734342647,-0.2478718084569988,0.6885636239697576,-1.3737130345248083,-1.2147790919480497,-0.5978505922601076,0.0,1,0.10077167858734648
UCiWY7Xpez35T_N_Tdta8WMw,1.7021723904129236,0.2483148403865436,0.0474715096325301,0.0,-0.2217127734342647,-0.2478718084569988,-0.9981244419262514,-1.0496180008899734,-1.2147790919480497,-0.4536370273510891,0.0,1,0.07336991822106809
UCiXaXmxb5Vn8tG0mpzZmB-w,-0.2958357406074582,-0.4659481602913425,-0.4249969527762069,0.0,-0.2217127734342647,-0.2478718084569988,-1.168289113135792,0.1881053600938723,0.9429291418716635,-0.165209897533052,0.0,1,0.09110625578952297
UCiXmbhawhRmSQxONnaVjFyQ,3.973862174229565,0.2158242613693048,0.0474509735372348,0.0,-0.2217127734342647,-0.2478718084569988,-1.3104740837588456,-1.3737130345248083,-1.2147790919480497,-0.4536370273510891,0.0,1,0.056039241031999254
UCiY0YFbPKvrYCOS4WFZ0WSQ,4.149909030964049,-0.4626637865428608,-0.423519968973746,0.0,-0.2217127734342647,-0.2478718084569988,-0.1860153731615065,-1.3737130345248074,-1.2147790919480497,-0.5978505922601076,0.0,1,0.07339497222732172
UCi_M2Qm5zCaQTrNd7Ap2RIg,-0.2852496569897814,0.328128654059326,0.5498501772761891,0.0,-0.2217127734342647,-0.2478718084569988,0.2770015395358203,0.9584924604654528,0.6768262387041443,-0.4536370273510891,0.0,1,0.10622975711366267
UCi_P5fY5feq7gvNQV9MMmrw,-0.2263340177209264,-0.3024711056491702,-0.3218108714020252,0.0,-0.2217127734342647,-0.2478718084569988,-1.0847351313870013,-0.7004744327573829,-0.792390448445831,-0.5978505922601076,0.0,1,0.12529867976956005
UCi_zTvddu89yWvDIu9vwykA,-0.15847133448252,0.3738979914575234,0.7654111577363517,0.0,-0.2217127734342647,-0.2478718084569988,1.151580536667084,0.6089813230120511,1.4352844743612598,-0.5978505922601076,0.0,1,0.07797391825586353
UCiamX0YGBnQJBQYRUWA4Ltg,-0.1289977702786031,-0.3252145109612374,-0.4136315160621725,0.0,-0.2217127734342647,-0.2478718084569988,-1.435413940491883,-0.7255229672551384,-1.2147790919480497,-0.4536370273510891,0.5,1,0.0536025559329128
UCib99A-2JEPcqWlz-jlGz0g,0.3490612106287536,-0.2978699553287165,-0.3637360408363972,0.0,-0.2217127734342647,-0.2478718084569988,1.038009557952047,0.829847360506389,-0.6793471339585405,-0.3094234624420706,0.0,1,0.11205826989320455
UCibLFWHbliMMtl8_5FWqDvQ,0.1697729672540823,-0.2427520087816149,-0.1676733715346317,0.0,-0.2217127734342647,-0.2478718084569988,0.6143230970125293,0.4526478123328409,1.1364997381525166,2.1422071410112444,0.25,1,0.0643282112274387
UCicTgzKgO-JX4J3g9AGoMjg,0.055069475255753,0.3816321618974965,-0.0832070576573723,0.0,1.6044277048521072,2.160476403912765,1.2182454191856702,1.34228531453929,0.6473782672557342,-0.165209897533052,0.0,-1,-0.009047346464124528
UCicoau16YIB6Yz4Gx1MjTtw,-0.1131464324124314,-0.1938395610219673,-0.0974795503714807,0.0,2.517497943995293,1.6788067614388125,-1.0605943702927698,1.8672373018235413,2.5668930382793613,0.4116443621030221,0.5,-1,-0.09672840222790702
UCid-D0Xta9hKNmPG1mHngFQ,0.3546024508254028,-0.3760693302925676,-0.4602345203601273,0.0,-0.2217127734342647,-0.2478718084569988,-1.1855342270258076,1.4351105903104284,1.9921586653163563,-0.4536370273510891,0.0,1,0.05511712879414454
UCidUv0381GExeVo31M4hUlA,-0.2839051168584114,-0.034635723837497,-0.3134742528140814,0.0,-0.2217127734342647,-0.2478718084569988,0.4875002277729925,1.399337222168882,0.4852356659767094,-0.5978505922601076,0.0,1,0.12123884234947391
UCidZOOAqSwhDgXDTIw3qpow,0.6752801379742288,-0.1240024740582828,-0.4272618611028869,0.0,-0.2217127734342647,-0.2478718084569988,1.2040929641179197,-0.9481405990731314,-0.9041057232912127,0.9884986217390964,0.0,1,0.09448783317788956
UCifSCsg5nqeAIJGKXsq9YsA,-0.2875297950750836,-0.0176841173937202,-0.1050561008678436,0.0,-0.2217127734342647,-0.2478718084569988,-1.3104740837588458,0.959771207646004,0.5732296727047598,-0.5978505922601076,0.0,1,0.10242843150221498
UCigc5_jiC8PSoj5qbQopzUQ,-0.295484159467381,-0.3702775314242773,-0.457772972469907,0.0,-0.2217127734342647,-0.2478718084569988,-1.2762688381457314,0.8656246715071343,0.5321539727502862,-0.5978505922601076,0.0,1,0.10046635795623543
UCihlPx12DUnYci0OAQg7hLw,0.5630915201155461,-0.0113272649773039,-0.0823334892229685,0.0,-0.2217127734342647,-0.2478718084569988,-0.8433942281250585,-0.3675195010798505,-0.7388032428392499,0.123217232284985,0.25,1,0.11000920637546752
UCijCnPndnzBd6FLQOaHZJVg,0.7132924359013072,-0.398247682056509,-0.4888655716178085,0.0,-0.2217127734342647,-0.2478718084569988,-1.0605943702927698,1.7375992883696083,3.4673269122039376,-0.5978505922601076,0.0,-1,-0.0007991241104783331
UCijl5SWc84KibTwA6-veX7Q,-0.2410276728936017,-0.1626203524880117,-0.3011831531714759,0.0,-0.2217127734342647,-0.2478718084569988,-1.2768353534150043,2.320970348912311,1.7420349113918838,1.5653528813751705,0.0,-1,-0.0089200725625872
UCikDjzHmPdk4xDmLbUiuzrA,-0.2366970037839153,0.1870670718664693,0.2839140712104853,0.0,-0.2217127734342647,-0.2478718084569988,0.8526756924276901,0.2059645285090691,-0.0117099004524068,-0.3094234624420706,0.0,1,0.12115455988177443
UCik_e5NCkKNiWKTdaRqiCQw,0.0341686960125476,0.2589095944139041,-0.1405953169767691,0.0,-0.2217127734342647,-0.2478718084569988,-1.0982386418435697,1.3921786159931675,1.7549741852205265,-0.4536370273510891,0.25,1,0.06054051974724611
UCikmq0xQC0dDZ2Z8fQpNW9w,-0.2497310445658286,-0.0454121022196123,-0.2338395527664339,0.0,-0.2217127734342647,-0.2478718084569988,1.166279430942548,-0.2135174895521101,-0.4406323052997437,-0.3094234624420706,0.25,1,0.1201569423378982
UCim02EQchW8hbocfO4XwZJg,-0.1416379604589496,-0.2524638666400287,-0.6003272946293761,0.0,-0.2217127734342647,-0.2478718084569988,-1.415759817380225,-0.8233207697066314,0.6291836190590413,0.7000714919210592,0.25,1,0.05885800367542471
UCimNcavwsd8LdNf95zXfdyg,0.2669497781274285,-0.4821581339532041,-0.5361922639001668,0.0,-0.2217127734342647,-0.2478718084569988,1.1128204096217782,0.1576924797937491,1.4257744055753316,0.123217232284985,0.0,1,0.0768441859067242
UCinhWk4qeIpRAL5h9GjtoKg,0.0566272968380751,-0.1162456005739653,-0.4609423955636408,0.0,-0.2217127734342647,-0.2478718084569988,-1.0508760039418947,2.2160234628749764,1.6891160495733182,-0.3094234624420706,0.5,1,0.008639526435249179
UCioH5PLeTI0nF-A21hRivaQ,0.3507954075331863,-0.2656013616339557,-0.1849531942786427,0.0,-0.2217127734342647,-0.2478718084569988,-1.3769253269518016,-0.7379160440169482,-0.5915428406298153,0.123217232284985,0.0,1,0.11223847243489116
UCioiWBB9C9Jau5jKOUOoTSQ,2.7640580395359384,0.2984633427827167,0.9219421745784632,0.0,-0.2217127734342647,-0.2478718084569988,-0.6857748000936571,-1.3737130345248083,-1.2147790919480497,-0.5978505922601076,0.0,1,0.0451250304233381
UCipBbKmba3w-ksTReLsBnhg,-0.2246746258450733,0.0281205358512349,-0.0385987562110229,0.0,0.6913574657089212,0.7154674764909068,-1.1684133898831048,-0.445442029708864,0.3695117376852709,2.1422071410112444,0.0,1,0.024097808047263247
UCipduDR0208cqq-R8eGy18w,0.1613465423472706,0.2829243702092546,0.1206465348571897,0.0,-0.2217127734342647,-0.2478718084569988,-1.1053947969384643,0.324237254667611,0.2456182745103436,-0.4536370273510891,0.25,1,0.10010102496367229
UCiq7nezpfYoouQthrqwNzqA,4.103472432273943,-0.4116206160288218,-0.4242859448512729,0.0,-0.2217127734342647,-0.2478718084569988,1.3132629076349456,-1.373713034524806,-1.2147790919480497,-0.0209963326240335,0.0,1,0.05387346326774034
UCiqCgCUincHiu8Zz2JbVYEA,-0.1402987514834382,-0.2049993685974537,-0.1033507328455654,0.0,-0.2217127734342647,-0.2478718084569988,-0.6857748000936568,1.9968753152774763,1.3733523821256746,-0.5978505922601076,0.0,1,0.08506119642337323
UCir4njC1lhnE6ez3pUj3iOQ,4.99982047706376,-0.227199453190169,-0.2276669014977227,0.0,-0.2217127734342647,-0.2478718084569988,-0.6184720221153968,-1.0515466858631035,-1.1867615775227172,2.430634270829282,0.0,-1,-0.001966942847445141
UCis65cHFZVyUa1HEBxxVitA,0.0328373289252999,-0.0380759027922635,-0.0021015676180388,0.0,-0.2217127734342647,-0.2478718084569988,1.0163138176214916,0.7236372861437556,0.1827877921340701,3.5843427901014304,0.25,1,0.035731753880514694
UCisEJar4FXn3Tg15zMUvsxQ,0.0331002574789088,-0.1473639066886126,-0.3824742458276033,0.0,-0.2217127734342647,-0.2478718084569988,-0.885747520997177,-1.0626533451216789,-1.1363133422457783,-0.5978505922601076,0.25,1,0.10214836144934714
UCitH54dr9YjERa7umagensg,-0.2691077999653264,0.2272665957188541,0.5403329759899319,0.0,-0.2217127734342647,-0.2478718084569988,-1.0588146748342129,-0.5977315717647045,-0.8892765715999609,-0.5978505922601076,0.0,1,0.09897373923250435
UCitSLdihZ4-M_-vRkIuYOhA,3.702380670156751,-0.3529021348194061,-0.3938944055840562,0.0,-0.2217127734342647,-0.2478718084569988,-1.3104740837588456,-1.373713034524808,-1.2147790919480497,0.123217232284985,0.0,1,0.07847919652838475
UCiu5i_eARJZeyKBLie8BXxw,0.4637459776100363,-0.1370773636875026,-0.3066712150191229,0.0,-0.2217127734342647,-0.2478718084569988,1.224402184246774,-0.4885562248083356,0.0027337732166516,1.8537800111932077,0.0,1,0.08810611210556796
UCiuVtXvIjkOVvgCeFskN3HQ,0.3827146247309828,1.3124776191468186,1.3270500711091917,0.0,-0.2217127734342647,-0.2478718084569988,1.210864709885373,-0.6511024647215384,-0.1437571242640011,0.2674307971940035,0.5,-1,-0.01809370924139686
UCiv0dWVTlRcWaQi6CXy3NIQ,2.746262082489461,-0.3601065675580113,-0.3314640809035554,0.0,-0.2217127734342647,-0.2478718084569988,-0.984520480483451,-0.9623265351910172,-0.8268262106777535,-0.5978505922601076,0.0,1,0.09256263787104707
UCivUqN1u3rYQOunpLBjMB9g,-0.1307038182109735,-0.2657829859887105,-0.4091141288531126,0.0,-0.2217127734342647,-0.2478718084569988,-0.7309498012355071,0.8408077792347406,2.1649478822585437,-0.3094234624420706,0.0,1,0.08831165902261706
UCivvxYRLj4LpOV7Iyf_MnUQ,-0.2150840473667726,-0.0243234965841994,-0.1386937791857292,0.0,-0.2217127734342647,-0.2478718084569988,1.409177871163725,-0.2857523322628522,0.3744403049015826,-0.4536370273510891,0.0,1,0.11224735268019348
UCiwfRx4vjEzmj-KpPjVro5A,1.3497190439499136,-0.3406122201476679,-0.4780409288432936,0.0,-0.2217127734342647,-0.2478718084569988,-1.0480169649887088,0.0914561869687531,1.0518500583301198,-0.5978505922601076,0.0,1,0.08172563956596346
UCiyQfMPxUW5bFKiSw23z-Og,-0.2974687707513302,0.9112639157252472,1.0951983185342644,0.0,-0.2217127734342647,-0.2478718084569988,-1.2910373510570956,1.88740492071936,1.2364195624435903,-0.5978505922601076,0.0,1,0.024674360383206806
UCiyaRqXkEBInSxYBC7xD8SA,0.0154891714063687,-0.3132071230635622,-0.2013082611986159,0.0,-0.2217127734342647,-0.2478718084569988,0.7724490336809506,-0.8705892703159884,-0.7971431502123815,-0.4536370273510891,0.5,1,0.0829125867128862
UCiyqmEhkxq58CKOQB8UHQDw,-0.2746549351172465,-0.161651689262653,-0.3401658000455801,0.0,-0.2217127734342647,-0.2478718084569988,0.5495535258809031,1.671612047234733,0.2653086046224492,-0.3094234624420706,0.0,1,0.11566198454128757
UCiysaxEwvLzT_ChJUu5JtXA,0.6137212038159658,-0.2270364569743635,-0.2924438873268841,0.0,-0.2217127734342647,-0.2478718084569988,0.501153838870201,-0.4014279336203034,-1.2147790919480497,-0.4536370273510891,0.5,1,0.06097908500208066
UCiz5UyNBR0g5kEZqp1Jde9g,-0.2375493264934734,0.0882634228798846,0.5096129094021046,0.0,-0.2217127734342647,-0.2478718084569988,-0.0764253788068333,0.3275082089480098,0.4889117792684851,-0.5978505922601076,0.0,1,0.1133613191256228
UCj-MdOznJW2YvAoC3tiREvg,-0.0523539232362218,0.1381293985019945,0.0496831039328765,0.0,-0.2217127734342647,-0.2478718084569988,0.8363493572889339,0.10138174198111,0.6774886955497658,3.872769919919467,0.0,1,0.031226639599419848
UCj-_y8gm7SC6xbdx0tCpueQ,3.793067561472978,-0.4412431202184519,-0.2684956755535433,0.0,1.6044277048521072,1.1971371189648596,-1.344419305371613,-1.1168846626736677,-1.0628437431083757,0.2674307971940035,0.0,-1,-0.016584831636589636
UCj-bPeU8TLn5XIjV4GrTuvA,3.707666749482672,-0.1821146998983551,-0.2941922972991843,0.0,-0.2217127734342647,-0.2478718084569988,-1.560353797224921,-1.3737130345248083,-1.2147790919480497,-0.5978505922601076,0.0,1,0.05871880070118968
UCj059NMJW0oSAYV15F8HYoQ,0.7733217550678644,-0.4465597604212728,-0.507438348268589,0.0,-0.2217127734342647,-0.2478718084569988,-0.8107146568266947,0.1819431269223996,2.6081444519832275,-0.5978505922601076,0.0,1,0.042257601253183286
UCj0MesvcTO5Aa8BDpDcAy4Q,1.4624569089816235,-0.0347416713777706,-0.2488029120995178,0.0,-0.2217127734342647,-0.2478718084569988,0.7040639059247217,-1.2323774845121105,-1.02541367955733,-0.165209897533052,0.0,1,0.11114288495306673
UCj0x143FVw5oDzuCXGqGf2A,-0.1528183003123931,-0.4233925649481113,-0.4507310012193469,0.0,0.6913574657089212,0.7154674764909068,1.2834953348185854,0.0118476259170534,-0.0080184074066493,-0.0209963326240335,0.0,1,0.07375758967221635
UCj2BrnA3QpFHFMINKznvo0w,-0.1932898590918998,0.2636183739816199,0.1011123904036631,0.0,-0.2217127734342647,-0.2478718084569988,1.3470688186645865,0.6564375270970894,0.913670775154438,-0.0209963326240335,0.0,1,0.08855255692723418
UCj33bhIi4eENR1jHyOmcV6Q,1.2117228184499256,-0.2520177717336135,-0.3381003247316135,0.0,3.430568183138479,4.087154973808577,-1.118287125847652,-0.4131677479530053,-0.0128212218077409,1.421139316466152,0.0,-1,-0.051321096721210324
UCj6YdqoSgivhyZtWTAcinPQ,-0.2808527033441143,0.1314900193115153,-0.0004999179183796,0.0,-0.2217127734342647,-0.2478718084569988,-0.7314166750243687,-0.7130864942069819,-0.5013239131827837,-0.5978505922601076,0.0,1,0.11417861824681413
UCj8AAiVt_eEca5SFLRXwF_w,-0.2718572901373185,-0.5074442802318379,-0.573106351881788,0.0,-0.2217127734342647,-0.2478718084569988,0.3658053068653513,1.4531107174677158,1.0249397125130797,-0.4536370273510891,0.0,1,0.0925686019171203
UCj94TDH5Crkdbm1bG7hZ-Xg,0.404903043180072,-0.266590205343176,-0.2758345854405544,0.0,-0.2217127734342647,-0.2478718084569988,0.6951263617192589,-0.3730120793937469,-0.8750179477542885,0.8442850568300777,0.0,1,0.11734448681439619
UCjAuMAsq-lKsIxYWJOtsmTw,-0.1015833755516948,0.0585981116032752,-0.1792947258543775,0.0,-0.2217127734342647,-0.2478718084569988,-0.5991641106329074,0.8699036664212816,1.5866287554731244,-0.5978505922601076,0.25,1,0.09454084230588644
UCjBcaT1zOgi8sCfdyT_vhtg,3.4554953257352303,-0.4240988818832686,-0.4429173983033231,0.0,-0.2217127734342647,-0.2478718084569988,-0.9356545135597326,-1.373713034524808,-1.2147790919480497,-0.165209897533052,0.0,1,0.08271367913913424
UCjBhTIeYEdQdoANkqedebsw,-0.1230740453932948,0.299169659717874,0.0194759663579956,0.0,-0.2217127734342647,-0.2478718084569988,0.5636237672367195,-1.373713034524806,-1.2147790919480497,-0.4536370273510891,0.25,1,0.06678953756258682
UCjCB2LTjWI-khZARtPtIsmQ,0.0065465244531576,-0.3804484952905434,-0.4574021428367958,0.0,-0.2217127734342647,-0.2478718084569988,-1.3727262162503393,-0.8876834769369428,-0.8980818391605867,1.5653528813751705,0.0,1,0.074182229285506
UCjEX23AgXa0jgQfZV95Cb8w,3.780593654077897,-0.2058469489196425,-0.49121163505615,0.0,-0.2217127734342647,-0.2478718084569988,0.438683910503682,-1.3737130345248074,-1.2147790919480497,-0.3094234624420706,0.0,1,0.08160047240563167
UCjEfc48D_yhlc0ABH9qGHtQ,4.569814078811688,-0.3753630133574103,-0.1628866067613332,0.0,0.6913574657089212,0.7154674764909068,-0.5608349433606193,-1.3737130345248083,-1.2147790919480497,-0.0209963326240335,0.0,-1,-0.0018366917090179014
UCjEktGVuoRsUb0Z4RS1Owrg,0.1845077636660116,-0.145668746044235,-0.3602091227168792,0.0,-0.2217127734342647,-0.2478718084569988,1.061384788321141,-0.079406452580682,-0.4966363960074303,-0.5978505922601076,0.25,1,0.1255303615270249
UCjGoTlCIflDtlgVHT2ydhyQ,-0.1001606421628903,-0.3960227837107633,-0.4605093226671666,0.0,-0.2217127734342647,-0.2478718084569988,0.5011538388702006,-1.0496180008899734,-1.214779091948047,-0.165209897533052,0.25,1,0.0791110480744523
UCjHLcSGNlAOwMjJ_WkqKC-Q,0.0124990509462368,-0.4491025013878394,-0.5578080742420297,0.0,-0.2217127734342647,-0.2478718084569988,-1.4606096033883624,-0.9586558900250388,-0.9063418259714076,-0.5978505922601076,0.0,1,0.09056690525043143
UCjJ1A1BGUmckFbMfmMDwHCg,-0.2807156157529444,1.575484361547234,2.45312195386786,0.0,-0.2217127734342647,-0.2478718084569988,-1.4994459465274048,0.3547938115276449,0.1668780620000813,-0.4536370273510891,0.0,1,0.025356645809957
UCjMO0NeVo-xOUoeKx_ayHYw,1.3900841031944269,-0.0922711857463381,-0.0208073155617387,0.0,-0.2217127734342647,-0.2478718084569988,0.9384433374358324,-1.373713034524806,-1.2147790919480497,-0.5978505922601076,0.0,1,0.0965707990569048
UCjOy5Fe4MpcUfbOt4LQAuWA,-0.0507981626240924,-0.3080863252836712,-0.4098928066921757,0.0,-0.2217127734342647,-0.2478718084569988,0.6864933281909692,0.573542349569524,2.3334656399849805,-0.165209897533052,0.0,1,0.08233586405575682
UCjQ9hcb0r_vZmE5Q4hBn5bQ,-0.1708177496934624,0.0812708852218266,0.5426488137501512,0.0,0.6913574657089212,1.6788067614388125,0.8135034807027949,1.5431422681887077,3.209395229133561,-0.165209897533052,0.25,-1,-0.0403738135076146
UCjQo3FaH7HUs9QALmqWMVJQ,-0.1233214179230026,-0.1283538908909486,0.1087834702499507,0.0,-0.2217127734342647,-0.2478718084569988,0.4746074190835182,-0.9766941727139584,-0.9542611196128128,-0.3094234624420706,0.5,1,0.07163789752774202
UCjSAadOQPblpoqPEcAJ1RQg,-0.1667834519983374,0.4467898991657635,0.886921267494039,0.0,-0.2217127734342647,-0.2478718084569988,0.6215828968575506,0.455024789616277,1.508999783685125,-0.4536370273510891,0.25,1,0.07356637303958896
UCjSWI3RvpbsPLasLZGqxHMg,4.456599499493611,-0.1361570113174491,-0.4859100452995043,0.0,-0.2217127734342647,-0.2478718084569988,1.0633831941688707,-1.3737130345248083,-1.2147790919480497,-0.0209963326240335,0.0,1,0.06065291934760775
UCjSY3gh5Y2oloL0PYKY3OUw,-0.2060383762299895,-0.4180068983175363,-0.4603823780788899,0.0,-0.2217127734342647,-0.2478718084569988,0.5321602054950539,1.5026303889843524,1.0116288377331857,0.9884986217390964,0.0,1,0.08120517309503583
UCjUgg0XV11kam2NKxCllcww,3.276669914028844,-0.1115536380761342,-0.3054485619205527,0.0,-0.2217127734342647,-0.2478718084569988,-0.9511547955146968,-1.2323774845121094,-1.0254136795573308,-0.165209897533052,0.0,1,0.08953163534543856
UCjWKaxWZIGjakUwdfu61Prg,-0.2903179895704489,-0.1583824508770675,-0.3717031436681201,0.0,-0.2217127734342647,-0.2478718084569988,1.0325560352449017,0.9277848443842688,0.8404382954994805,-0.5978505922601076,0.25,1,0.11187032504226335
UCjWi-wrYZjjjz3a8uBXBx5g,-0.2096654270805685,0.2009916057310001,-0.0889910652872997,0.0,-0.2217127734342647,-0.2478718084569988,-0.2172594106092835,0.1495618669077976,1.4073952763098017,-0.5978505922601076,0.25,1,0.09306311687740676
UCjXJRWIhGo_OzCURcfpCCcg,-0.2670504560623826,-0.2185606537524751,0.1035326185995003,0.0,-0.2217127734342647,-0.2478718084569988,-1.149781304490778,-0.6594224948369725,-0.9346094433199956,-0.3094234624420706,0.0,1,0.11344777605716544
UCjYWBr1DZlZ_20U61guYS6A,0.7711841978888825,-0.0473494286703296,-0.2471919985238122,0.0,-0.2217127734342647,-0.2478718084569988,1.0633831941688707,-1.3737130345248083,-1.2147790919480497,0.123217232284985,0.25,1,0.07191486064095892
UCjZSr26T86eJwOOnmKQCkXQ,-0.0411000861250522,-0.406239153665718,-0.4689870828433084,0.0,-0.2217127734342647,-0.2478718084569988,1.0342602691736884,1.0554343899297194,0.0260639590569489,-0.3094234624420706,0.25,1,0.10811969756322226
UCjceiw8kyRms991vK9YT5Sw,-0.2423521198029794,-0.1921914881732668,-0.3841759355308721,0.0,-0.2217127734342647,-0.2478718084569988,1.1394780806651028,-0.8008038103004858,-0.4501485942530484,-0.0209963326240335,0.25,1,0.10990824383018327
UCjcivFlotjtvC0LbjkwZgqg,0.5716657003102016,-0.3096755383877753,-0.2169978443246143,0.0,-0.2217127734342647,-0.2478718084569988,0.6260936956032388,-1.0496180008899734,-1.2147790919480497,-0.4536370273510891,0.25,1,0.09112875632118994
UCjdh2spLvoQPOovqY7w8ScQ,-0.1464489312924555,-0.1415721078203222,-0.230377191264254,0.0,-0.2217127734342647,-0.2478718084569988,-0.0808003843468417,-0.9813960376872318,-0.6975615507128002,-0.4536370273510891,0.0,1,0.1230829596403793
UCjeXAsX0rvZb6gQdfWcr1Yw,-0.0571911714774414,-0.3382813742616486,-0.4310585354812319,0.0,-0.2217127734342647,-0.2478718084569988,-1.249056648651064,0.6505158375336544,2.253669242258943,-0.165209897533052,0.25,1,0.059382424073218754
UCjfefRehiE0OMyIGKO154vg,-0.2603620512930941,0.3688125095243902,0.6649502512637894,0.0,-0.2217127734342647,-0.2478718084569988,1.222990111056055,0.217913784550689,0.8420655787913452,-0.5978505922601076,0.0,1,0.09288461352189176
UCjfjtrg5bzrZjtT8gU_Wr6w,-0.2555045225065873,-0.1713383215162398,-0.4804398800042823,0.0,-0.2217127734342647,-0.2478718084569988,0.040049326443836,-0.7431733515966913,-0.4877800161535661,-0.3094234624420706,0.5,1,0.08540079805621698
UCjfse3v6f1_XW5-AxGbx7VA,-0.2850731294604537,-0.3796009149683546,-0.4327482611832332,0.0,-0.2217127734342647,-0.2478718084569988,0.5616253613889901,0.7545732203646692,0.0041481987823705,-0.3094234624420706,0.25,1,0.11040442008178286
UCjghC8Cn7RwmSyCd52a0z_g,-0.2121951442018905,-0.282129177916638,-0.460986714545521,0.0,-0.2217127734342647,-0.2478718084569988,1.3879388727422648,-0.6480389359587572,-0.8707034320772666,-0.5978505922601076,0.25,1,0.10587002021255915
UCjhNjPX-qUlgyMRh70mNl4A,0.4088020230188574,-0.2803129343690905,-0.2867232020950169,0.0,-0.2217127734342647,-0.2478718084569988,0.8030590559061497,0.7792768367633391,1.471569662918595,-0.3094234624420706,0.25,1,0.0964329095387863
UCjhXVtJNIiSdWUHNWmFyXmQ,0.7157525925754585,-0.1795719589317885,-0.1188501619883443,0.0,-0.2217127734342647,-0.2478718084569988,1.0599218941682436,0.574448623747996,-0.5220981416249949,-0.5978505922601076,0.0,1,0.12271486346076382
UCjk4noCTWuz1mf6CEk97mjA,-0.0752754450212512,0.5188342265518148,0.6994579771374922,0.0,-0.2217127734342647,-0.2478718084569988,-0.0488694796876688,-0.3546942606952081,-0.0809767505954755,0.2674307971940035,0.0,1,0.09139952006474966
UCjkZTO73RyYlSE9z93P_jqQ,-0.2715617105151471,-0.1288584029874896,-0.2357233732670599,0.0,-0.2217127734342647,-0.2478718084569988,-0.9426273156895772,0.5708571672842018,0.5878904997105884,-0.4536370273510891,0.0,1,0.11858274115945794
UCjkcdH5KBzWzkc8f06L_gpQ,-0.1548047053603731,-0.4414742784881398,-0.5664247391155691,0.0,-0.2217127734342647,-0.2478718084569988,0.354355859215728,0.1787219491767327,2.0824600714581,-0.5978505922601076,0.0,1,0.06922413025506574
UCjkjwyI_5S_RzhhRDgbQGHw,-0.2865151426054142,0.3083517798749198,0.1773678473395484,0.0,-0.2217127734342647,-0.2478718084569988,0.8811959814263254,0.7778889254493802,0.7291354505446294,-0.4536370273510891,0.25,1,0.09891166440108218
UCjlQQkv7hcGlRLZ4LLwRjiA,-0.1550304062946052,-0.3329839972479684,-0.6003272946293761,0.0,-0.2217127734342647,-0.2478718084569988,-0.2452271241982891,0.7686948831658361,-0.4547780580814825,-0.5978505922601076,0.0,1,0.111113725409487
UCjleVoEecWRYNq9_wZg86FA,-0.2748884225047424,-0.1549921295883122,0.1365199848347131,0.0,-0.2217127734342647,-0.2478718084569988,1.016726996385412,0.9113605806922268,0.072619284187066,-0.5978505922601076,0.25,1,0.11414999365255885
UCjolqPx3szlQSsrpvfwBtDw,-0.0781059260083135,-0.1274457691171749,-0.3965689089666847,0.0,-0.2217127734342647,-0.2478718084569988,0.4356754136869259,-0.5146623221067763,-0.829202240643445,-0.4536370273510891,0.0,1,0.13558871952031543
UCjpEy0Dmyhr3DFVSnS5Prvg,-0.2898003739210702,-0.0144350594919964,-0.0432454922676571,0.0,-0.2217127734342647,-0.2478718084569988,-1.2330525544304964,1.6511739460669854,-0.4912095152074594,-0.4536370273510891,0.0,1,0.07931966895813153
UCjqkDbo69GLct65EguloWmg,0.4106183402406249,-0.3918908296400927,-0.451174065756288,0.0,-0.2217127734342647,-0.2478718084569988,0.9845956085815764,0.8470644499309297,0.2735724019104389,0.123217232284985,0.75,1,0.030649836783588957
UCjrUYr9gm1phmweLHajznmg,-0.2605798983169975,-0.150754227977368,-0.069461585134796,0.0,-0.2217127734342647,-0.2478718084569988,-0.6887832969104132,0.6973735543732191,1.5290121623786477,-0.5978505922601076,0.25,1,0.10250330198947927
UCjs9VVfbkxAuZarl9L3tnJg,-0.2683035079420031,-0.4213745165619473,-0.3942148720768912,0.0,-0.2217127734342647,-0.2478718084569988,-0.544975145766771,1.6702857261338175,1.5905659350994623,-0.3094234624420706,0.0,1,0.07045823778693577
UCjs9tWymZkShBa-wm8wNRng,-0.2359097198730108,-0.4240988818832686,-0.5264229574318613,0.0,0.6913574657089212,1.6788067614388125,0.120884759449025,-0.5422713416673111,0.2743935815872865,-0.165209897533052,0.25,1,0.01994062959245585
UCjuLUktoKq4UAJ7aIKk8_Uw,2.005162272791392,0.2803559449905005,0.9868090800661882,0.0,-0.2217127734342647,-0.2478718084569988,-0.4246334196549943,-1.2669838056646154,-1.03871449001711,0.2674307971940035,0.0,1,0.052729546503327895
UCjv9NXGWHTqmr_q86MinVYw,-0.2188320241914605,0.5137487446186818,-0.1521635571600684,0.0,-0.2217127734342647,-0.2478718084569988,0.7352198217532159,0.9113605806922274,0.0726192841870647,-0.5978505922601076,0.0,1,0.1132972933117673
UCjvxfiAlNBQ5our6GAgJA6w,2.1642569030838983,0.0077432922719448,0.1161664301848894,0.0,-0.2217127734342647,-0.2478718084569988,0.9384433374358324,-1.373713034524806,-1.2147790919480497,-0.5978505922601076,0.0,1,0.08271683016160203
UCjxZPjWr_m8Chym7FLePWVw,-0.0739772123948255,-0.2465308043847068,-0.3986359766211625,0.0,-0.2217127734342647,-0.2478718084569988,-1.335669746655325,-0.9586558900250388,-0.9063418259714076,-0.5978505922601076,0.25,1,0.10682576213526529
UCjx_fi1Nl8jOR2x__rxs1rQ,-0.0108407025521158,0.7705655822418999,0.1444338878828643,0.0,-0.2217127734342647,-0.2478718084569988,-1.0623487874454445,-0.8533405916003498,-0.6210710366474501,-0.5978505922601076,0.0,1,0.08461275927223083
UCjykmzIHE0lu2O1GfLzAIRA,0.4143271553814538,-0.2859432893664879,-0.2708207048108894,0.0,-0.2217127734342647,-0.2478718084569988,0.9067392262937228,0.2786848485583595,0.2618714448917078,0.123217232284985,0.25,1,0.12069899669104667
UCk-On1dS4fBBe-4BD1x5y-Q,-0.0697013026524634,0.1568675713111694,1.8077784197254867,0.0,4.343638422281664,3.605485331334624,0.5367331129279524,0.7421851821154988,1.7803342693488382,1.132712186648115,0.5,-1,-0.13274423573202399
UCk0--G61CAiyFY63Bpbpguw,-0.2787009024216316,-0.1236316576673251,-0.130084197611101,0.0,-0.2217127734342647,-0.2478718084569988,1.0762980145439105,1.6213617357559,0.6046539020660585,-0.5978505922601076,0.0,1,0.10964979237157635
UCk0KvwbSJlgbgfnEjvJg_mA,3.3006025767511598,0.5051787658054391,0.7124576116893668,0.0,-0.2217127734342647,-0.2478718084569988,1.0633831941688707,-1.3737130345248083,-1.2147790919480497,-0.0209963326240335,0.0,1,0.024384771173710462
UCk0jMxuiWu9_G1Pi4Gbnz_g,0.1360102453918474,-0.4013201607244435,-0.416380188426138,0.0,-0.2217127734342647,-0.2478718084569988,-1.1473232245757603,0.813928442510328,-0.0863518707190338,-0.165209897533052,0.0,1,0.11321499766635518
UCk1NaZKiquS5xXfSTxXcY7w,-0.0845969750120474,-0.3075565875823032,-0.2145020788009797,0.0,-0.2217127734342647,-0.2478718084569988,-1.4978838688584024,0.246762133649367,-1.2147790919480492,-0.4536370273510891,0.25,1,0.07247924980549209
UCk3l23AyVR5itMh2b6nzMWQ,-0.2402836868655573,0.0923674960189042,-0.0333135895303151,0.0,-0.2217127734342647,-0.2478718084569988,1.295939709846719,-0.823138607351228,-0.5842425737870917,1.421139316466152,0.0,1,0.06210732253059159
UCk494q-qX-TKV2d6flmSN-Q,2.7899065112845705,1.3960798600172633,1.0407007597183418,0.0,-0.2217127734342647,-0.2478718084569988,1.3339537666648538,-1.1941183414104872,-1.0202827234216143,-0.4536370273510891,0.0,1,0.0034919109091446354
UCk9mjDpONHDr_saq2o4lI_Q,-0.12871591179397,0.0340182822597988,0.2374876912074518,0.0,-0.2217127734342647,-0.2478718084569988,0.7174608291912768,0.9897550444875406,0.2073192709541717,-0.5978505922601076,0.5,1,0.08584429485295098
UCk9w6Az3DAEq80GHNKzvNfA,0.4792148912663344,-0.17971322231882,-0.129009002836595,0.0,-0.2217127734342647,-0.2478718084569988,0.3479492993837582,-0.2342437935502518,-0.680478433952014,-0.4536370273510891,0.0,1,0.12707695170934857
UCkBwdtUkXHm6FlKh2TZk5kQ,0.0085075800393899,-0.3423073807920456,-0.3016887871742573,0.0,-0.2217127734342647,-0.2478718084569988,0.5147578003130011,-0.9623265351910162,-0.8268262106777551,-0.5978505922601076,0.0,1,0.12610077597021874
UCkCI-MARNzJvEMYcmXsy7KQ,-0.2896610803108566,0.393816129028961,0.4248377344890971,0.0,-0.2217127734342647,-0.2478718084569988,0.5108244976455386,-0.650938982403124,-0.3094526845442099,-0.4536370273510891,0.0,1,0.10962840366824672
UCkCkluKH2zTTmg-n4FwHnKA,1.661361634582088,-0.4031020057199542,-0.4820266292294383,0.0,-0.2217127734342647,-0.2478718084569988,0.4474103905179372,-0.519933687972508,-0.2409062329799416,0.2674307971940035,0.0,1,0.103256353692744
UCkDEWPlMF2jQz_n4knt2TWg,-0.1376158682199567,0.2696456118282961,0.3647879479090433,0.0,-0.2217127734342647,-0.2478718084569988,0.2540438722079918,0.1257458158531475,1.259371266948877,-0.5978505922601076,0.0,1,0.0963907713143316
UCkDX8gA2pEhTeLVArcHCPww,-0.0274030465317754,-0.4516452423544059,-0.5133248015271475,0.0,-0.2217127734342647,-0.2478718084569988,0.8279061394605141,0.2324862293981832,-0.0010184900301905,-0.3094234624420706,0.0,1,0.12727656489606587
UCkHDQT12msOhfi_9VWJoNig,-0.0910766568073476,-0.2906049811385264,-0.3139825184120295,0.0,-0.2217127734342647,-0.2478718084569988,-0.3389628026786651,0.1394873672105534,1.3749063433818267,-0.5978505922601076,0.0,1,0.11669119079996337
UCkI4HlJkgnwT3UtoHiKtRlw,-0.2468045165786518,-0.4135041278559081,-0.5033809033415709,0.0,-0.2217127734342647,-0.2478718084569988,0.0155828181161071,0.3616782093718448,0.1708682266783152,-0.5978505922601076,0.0,1,0.1247455720004984
UCkIDKzpvyTGXQThHrbA1iEA,0.6570974718131123,-0.3832334020634496,-0.4992212043729405,0.0,-0.2217127734342647,-0.2478718084569988,-1.3281976059820877,-1.2154359321644732,-1.0219211620241235,-0.3094234624420706,0.25,1,0.08560174148759975
UCkIl3oIejXL4Pp0SOnmGl4A,3.586612365235047,-0.3544994977343005,-0.2767873494530509,0.0,3.430568183138479,4.087154973808577,0.6214277220353437,0.5515130452222125,0.1623333123282773,0.5558579270120406,0.0,-1,-0.07032604509825369
UCkIwJuXJShmoyk7-yJbVkDA,0.1664384662065747,-0.2729470577595923,-0.3063037383467958,0.0,-0.2217127734342647,-0.2478718084569988,1.392137600182078,-0.5094596114985818,-0.2765079603147513,-0.4536370273510891,0.5,1,0.08414960546461042
UCkJMggkJtlOjIbS70Ns2gcg,1.146815441127958,0.05948254324382,-0.1601354966399622,0.0,-0.2217127734342647,-0.2478718084569988,1.0982724812290914,1.2492510659014624,1.9174268249781403,1.997993576102226,0.0,1,0.0023479910918628444
UCkOD_-bbJv5hH2sjcyAe0vA,0.6443005077832695,-0.1863526015092993,-0.1864638634842043,0.0,-0.2217127734342647,-0.2478718084569988,-1.301848904835655,-0.8462114661944499,-0.344752186217571,0.123217232284985,0.5,1,0.06003733847564979
UCkOWC6MhgoIoKNwNxN1hdaw,2.4032193556133348,-0.3151848104820028,-0.2005970991829399,0.0,-0.2217127734342647,-0.2478718084569988,-1.3104740837588456,-1.373713034524808,-1.2147790919480497,-0.5978505922601076,0.0,1,0.08615286242946102
UCkOhwGzBUreod_YXiTHPqTQ,0.2757245526348897,-0.417035712531695,-0.4943598370484556,0.0,-0.2217127734342647,-0.2478718084569988,0.0638643403045688,0.786920523040758,0.2566648661720058,-0.4536370273510891,0.0,1,0.11752319000414146
UCkPMdqL9qNwVJxV__jfCjXA,-0.1700863821891017,-0.0397212057706301,0.4679189384601386,0.0,-0.2217127734342647,-0.2478718084569988,-0.8210858971882561,0.1711818932161781,1.4655221466881374,-0.5978505922601076,0.25,1,0.08447687594098369
UCkPTgjdBYAa1QCbsSSeH70Q,0.1425713912120268,-0.4046045344729253,-0.4792691262470652,0.0,-0.2217127734342647,-0.2478718084569988,-1.5361886882941589,-1.1437798294931956,-0.8513831438013518,0.123217232284985,0.0,1,0.08000029131928427
UCkPqAlzd2MXyQSTJ8ZIUsNA,-0.2428185258618684,-0.0744719989803725,-0.0614062193391419,0.0,-0.2217127734342647,-0.2478718084569988,1.2660109391154355,0.0847146168319492,0.022920585468562,-0.165209897533052,0.5,1,0.08563623091888534
UCkTJy_XeHkGYaOsPb5wGYhA,-0.296306956030836,0.0540776832182681,-0.1893842313682894,0.0,-0.2217127734342647,-0.2478718084569988,-1.207458630117483,1.219047234553872,1.2732321931555206,-0.4536370273510891,0.0,1,0.08834105707946893
UCkUQc4FSIR3gSgQRlWg52aA,-0.2254857255096388,-0.4524928226765947,-0.4940151653812363,0.0,-0.2217127734342647,-0.2478718084569988,-0.0227463491561808,1.6477317471448856,1.1500027067936611,-0.5978505922601076,0.25,1,0.0770246239598722
UCkUayHA5A1DZE3sAaSEA_wg,-0.165415482515677,0.4034691271427784,0.2946387785136149,0.0,-0.2217127734342647,-0.2478718084569988,-1.5273783018653513,1.4881231064866904,0.3210846856552019,-0.0209963326240335,0.25,1,0.058431906771575504
UCkWW21VdIMtMow0IFgCCnjA,-0.0839107045009683,-0.1598354457151055,-0.1504107844380765,0.0,-0.2217127734342647,-0.2478718084569988,0.3946364374406864,1.0391882174107283,1.5627507307404056,-0.3094234624420706,0.0,1,0.11016447083859698
UCkXBEj7jj0LQeIJ3OfKy__w,-0.0612296713854908,-0.3414598004698568,-0.3719563991700556,0.0,-0.2217127734342647,-0.2478718084569988,0.00139441193805,-1.0496180008899734,-1.2147790919480483,-0.4536370273510891,0.25,1,0.08621425662085519
UCk_Rn4ZsfAyoi_akYuMcwqQ,-0.276922814578275,-0.2006672913951551,-0.2584914441892819,0.0,-0.2217127734342647,-0.2478718084569988,-1.506051054723552,1.979976923804564,2.2106898335145893,-0.0209963326240335,0.0,1,0.01171455125016857
UCkaBZWBqlFsaQkxNeA3WQdg,-0.3000718265448703,0.1611553305881247,0.1783713066104508,0.0,-0.2217127734342647,-0.2478718084569988,0.2983941913922793,0.3275082089480104,0.4889117792684851,-0.5978505922601076,0.0,1,0.11660882662295835
UCkaN-UKt9rx6_bLhn7sI1lA,-0.2532550327171862,-0.3209766093502931,-0.4106624067557495,0.0,-0.2217127734342647,-0.2478718084569988,-1.4310166894862544,1.1186198939401235,1.1860531868410775,-0.4536370273510891,0.25,1,0.08614255405778898
UCkahSaPKLq7OrAsuEV8_Q8Q,0.8821910394351595,-0.2690302093009923,-0.3327145309012236,0.0,-0.2217127734342647,-0.2478718084569988,-1.435413940491883,-1.373713034524808,-1.2147790919480497,0.2674307971940035,0.0,1,0.08788186684486549
UCkcsayEv3-RIerhtwALy9lA,-0.289905231494559,-0.3304412562814019,-0.4446454988694592,0.0,-0.2217127734342647,-0.2478718084569988,0.9513581578108729,1.6213617357559,0.6046539020660585,-0.5978505922601076,0.0,1,0.10851206354944515
UCkeBEGzRN2iHFY-9mVHKzBQ,-0.0864962616556728,1.915059811142121,2.088530723197147,0.0,-0.2217127734342647,-0.2478718084569988,0.655052138529997,0.3045455515136419,-0.0638549313962487,0.5558579270120406,0.25,-1,-0.016279788685936047
UCkf23FPHN1C9iFK3oJtEAbw,-0.2423308359708829,0.6154583832813425,0.6450069012498195,0.0,-0.2217127734342647,-0.2478718084569988,1.3310815987614937,1.1078979546425944,2.090325653203757,-0.5978505922601076,0.0,1,0.037902612207340924
UCkgRHjhSrknRHnKbB3mcVLg,0.5788808868442618,-0.2659480990384875,-0.0940083151116379,0.0,0.6913574657089212,0.7154674764909068,0.7490906437664366,-0.8074980768656911,-0.6474140068566375,0.2674307971940035,0.0,1,0.07329670849284886
UCkjIJM-dkwih10jLn_RnVwg,-0.2973489825770486,0.2684953242481827,0.4843497711951041,0.0,-0.2217127734342647,-0.2478718084569988,1.0179231157631514,2.111340523878648,0.8578203482721083,0.7000714919210592,0.0,1,0.036400543257835816
UCklTh6Aw3xE7l_VKrALrAeQ,-0.2560907148525011,-0.2257650864910803,-0.238449360523282,0.0,-0.2217127734342647,-0.2478718084569988,1.2701919815526523,1.672780281642641,-0.9525022616019658,0.123217232284985,0.0,1,0.07350492816769699
UCkmQ3Ur80WWmOWAg-hHluvg,-0.1222346177976318,1.940072321349373,3.0742792619885586,0.0,1.6044277048521072,2.160476403912765,0.088298495161152,0.6643557563733616,-0.2771443237628274,0.2674307971940035,0.5,-1,-0.11602290099316692
UCko0zGTAesGtFjqY6a0BuDQ,0.1129119074236886,-0.4155115549347764,-0.4943793304207321,0.0,6.169778900568036,3.605485331334624,0.9100193858713566,-0.8634334566643931,0.3400251303833706,1.421139316466152,0.0,-1,-0.07619501234644677
UCkogT1RffUMQNDnQP38F1Lg,-0.1905415391864833,-0.1846574408649215,-0.3603338097790554,0.0,-0.2217127734342647,-0.2478718084569988,1.321335857163581,0.8809913351743516,1.0227898786666072,-0.4536370273510891,0.25,1,0.10475131856158248
UCkqDXVEX5jwE9IYMJnGFDpw,-0.2627132301491606,-0.0781801628899486,0.0828873902712289,0.0,-0.2217127734342647,-0.2478718084569988,1.0747218420004665,1.3147772666307445,1.5924953624969909,-0.165209897533052,0.0,1,0.08994639698902024
UCkrpw73M5b6J4L7A4TuPMUA,1.161893747851572,-0.3558686659470671,-0.3639276952061735,0.0,-0.2217127734342647,-0.2478718084569988,0.0638643403045686,-1.373713034524806,-1.2147790919480497,-0.5978505922601076,0.0,1,0.10093191941324148
UCkrtjKBqVkSAIxpiG4CcS1Q,-0.2745767719207366,-0.2355122601962519,-0.3021635757909457,0.0,-0.2217127734342647,-0.2478718084569988,0.3137440537706443,1.219047234553872,1.3338366040061351,-0.4536370273510891,0.25,1,0.09617127470781056
UCkrw1UpqW3XgEsXeQdkwx4Q,-0.3002723612164656,-0.2126275914971532,-0.2237782309936176,0.0,-0.2217127734342647,-0.2478718084569988,0.4701260517039766,1.1211738217648586,2.092186768424903,-0.5978505922601076,0.0,1,0.08232921431623413
UCkssM2t66HU5QMfw2QQYPVA,-0.2005947628249691,0.2724305186012023,0.6622480629382956,0.0,-0.2217127734342647,-0.2478718084569988,-0.5456457820316385,-0.6917508430585941,-0.4392180445966944,-0.3094234624420706,0.25,1,0.08156724335713861
UCktIXNS8Wg3JI2Y1SSupAag,0.7731583010071694,0.6832648090564496,0.3838185168478953,0.0,-0.2217127734342647,-0.2478718084569988,-1.0578488060717397,0.1847919335460948,1.8377559471553124,-0.5978505922601076,0.0,1,0.03468707508056629
UCktbJLFe6xOeQD743MqiQVg,-0.2830439728594897,-0.1253268183117028,-0.0124725040600211,0.0,-0.2217127734342647,-0.2478718084569988,-1.4718849163230812,1.9050797083950928,1.322468819850531,-0.5978505922601076,0.0,1,0.05088344332619388
UCku7OV38sYh0pTOUchQUFRg,2.371471767805277,-0.1815967341459063,-0.1294406030703827,0.0,-0.2217127734342647,-0.2478718084569988,0.2630831317296986,-0.4170167187765233,0.7153515329140765,1.2769257515571333,0.0,1,0.05304424720384765
UCkupizo-TRdbCQ3R0GcOYgg,-0.2603127925492437,-0.060910713825351,0.3008492134958545,0.0,-0.2217127734342647,-0.2478718084569988,-1.3104740837588456,-1.373713034524808,-1.2147790919480497,-0.5978505922601076,0.0,1,0.0769579324584963
UCkwBfSceDx2FgZGMKmL3K7g,0.819040762737671,-0.2511924961567455,-0.2278221356075793,0.0,-0.2217127734342647,-0.2478718084569988,-1.004471105114729,1.5497275871520024,0.587152837006859,0.123217232284985,0.0,1,0.08204479943023657
UCkxR3BZtn69zgM7tJHXNjsw,0.009486809097841,-0.1258565560130708,-0.0647124151215526,0.0,0.6913574657089212,0.7154674764909068,1.19433481649793,0.1003091870835422,0.4065876865936927,-0.165209897533052,0.5,1,0.033275347216612405
UCkyCr9IxUtvHq4SVw6KCXmA,2.4236528383614884,-0.366887210135522,-0.3522242930017604,0.0,-0.2217127734342647,-0.2478718084569988,-1.1911746068061828,-1.2613815287973935,-0.9793448757876768,1.8537800111932077,0.0,1,0.05756257192597508
UCkyhVOFNrzL5PRTcMcR8lEw,3.422968292629761,-0.2185606537524751,-0.2871743893555612,0.0,-0.2217127734342647,-0.2478718084569988,0.3344349128005524,-1.1941183414104866,-1.0202827234216154,-0.4536370273510891,0.0,1,0.09358681946768177
UCkzMzmiFqrPI1hCvT2UsygQ,-0.1531343286633809,-0.2277427739095209,-0.4739536104367124,0.0,-0.2217127734342647,-0.2478718084569988,0.438683910503682,-1.3737130345248074,-1.2147790919480497,-0.4536370273510891,0.5,1,0.05048029010951571
UCl-e_h_XG7BvbkvgtyZFF-g,0.1713847350602792,0.2179432121747769,-0.3396411119107002,0.0,-0.2217127734342647,-0.2478718084569988,-1.3729440121253644,-1.0496180008899734,-1.2147790919480497,-0.4536370273510891,0.0,1,0.08360428672631443
UCl-x-UQb4sA23HerFki0lIA,3.997873292565027,-0.3548798222378467,-0.4688157303140831,0.0,-0.2217127734342647,-0.2478718084569988,0.9384433374358324,-1.373713034524806,-1.2147790919480497,-0.4536370273510891,0.0,1,0.07974444397884967
UCl0Qy6k6L_XW98-09OzOr4w,-0.1676066835165528,0.4637415056095402,-0.6003272946293761,0.0,-0.2217127734342647,-0.2478718084569988,-0.1267418988191521,-0.0158305446508187,0.1823972878200312,-0.5978505922601076,0.25,1,0.09233350846135951
UCl1k0lAQa2hdnJcJt96X5OA,-0.1298364481586549,0.2280670882453658,0.377090567556425,0.0,-0.2217127734342647,-0.2478718084569988,-0.1111466938276959,1.0532888664186684,-0.1505385197676681,1.2769257515571333,0.0,1,0.0717443645807112
UCl5-icX5jgKt6XXFPgUO3_A,-0.2836899045038231,-0.2355122601962519,-0.2503114569813386,0.0,-0.2217127734342647,-0.2478718084569988,1.3370637632005975,0.6120169129238968,1.4709960900853272,-0.0209963326240335,0.0,1,0.08557722941455725
UCl6KZGd4CSEuPtW90OZqXjA,0.9726738384327532,-0.2372074208406296,-0.4567825640754329,0.0,-0.2217127734342647,-0.2478718084569988,-1.3024466435559927,-0.231958809893655,0.1004661731077249,-0.5978505922601076,0.0,1,0.10315175111623759
UCl6lGvaZBXfNMjct9NFoBCw,0.522517454474777,-0.2729470577595923,-0.2815557065678241,0.0,-0.2217127734342647,-0.2478718084569988,0.8919151345405046,-0.3485335480668428,0.2396934899743223,-0.4536370273510891,0.0,1,0.1260516115174844
UCl7L7kKRc-WNIRASQ0sqYXA,2.127497820940115,-0.219408234074664,-0.4268378496394223,0.0,0.6913574657089212,0.7154674764909068,1.4213593798264152,1.8024182950965757,-1.0007918542975798,0.123217232284985,0.0,-1,-0.026265081524768252
UCl9zOE9zwurOPaBu73J2v2w,2.2589190966669093,-0.1599363481344138,0.1762457569027065,0.0,-0.2217127734342647,-0.2478718084569988,0.00139441193805,-1.0496180008899734,-1.2147790919480483,-0.4536370273510891,0.0,1,0.08328410897191535
UClBD-JLk1lDV9MJ3GGsv0PA,0.7867366526527786,-0.4587084117059796,-0.5337497060781673,0.0,-0.2217127734342647,-0.2478718084569988,1.229863343709545,-1.0858124340505333,-1.0915326492433164,-0.4536370273510891,0.0,1,0.09215515404995883
UClDAWDnZiMFQLGpqOKVM9vQ,0.5720347817597329,-0.3978564911385757,-0.3532976701403431,0.0,0.6913574657089212,0.7154674764909068,-1.560353797224921,-1.3737130345248083,-1.2147790919480497,0.5558579270120406,0.0,1,0.010936141275893208
UClDCUXwK7Buil24NVQBiLyA,3.8300911444758663,-0.4685968487981826,-0.4131795924443893,0.0,-0.2217127734342647,-0.2478718084569988,0.8135034807027949,-0.1951856394890433,0.5822373305429316,0.2674307971940035,0.0,1,0.05765215255147732
UClEQyizJ34gh3y6JwYVpe-g,0.0254352259051291,-0.1431260050776684,-0.2819607664871487,0.0,-0.2217127734342647,-0.2478718084569988,-1.5181822752579943,0.0506711899662962,0.8552116736993504,-0.5978505922601076,0.0,1,0.09922286759074467
UClEpO34n3EE-LDkgYoPERcw,-0.1891117917791925,-0.1479289602367385,-0.0847794694439044,0.0,-0.2217127734342647,-0.2478718084569988,1.429022902082874,0.5549820742388982,0.9930487076077504,-0.4536370273510891,0.0,1,0.10815791564086707
UClHCpBmS-LG9oGv7of7QFzw,-0.0462909275289941,-0.3693088681989186,-0.4993905141600401,0.0,-0.2217127734342647,-0.2478718084569988,0.294036008681525,-0.2187104901977488,0.4980069416850968,-0.3094234624420706,0.0,1,0.11932920360243049
UClIDSvoYszj4FXUSoqjeyew,-0.3007827258978598,-0.2583969288953506,-0.4040512285185212,0.0,-0.2217127734342647,-0.2478718084569988,0.501153838870201,1.0245902143729708,-0.0442525909100521,-0.5978505922601076,0.0,1,0.12996920250456634
UClIqFqXpzAes_2DGXrSwhZw,-0.2093579750418209,-0.4109613868893416,-0.4938088977172061,0.0,-0.2217127734342647,-0.2478718084569988,1.0009132658023518,0.5060381605572347,-0.134432051314691,-0.5978505922601076,0.0,1,0.1277821199430777
UClIu8lclAdZv7fERfPyfLpQ,-0.3001120229018844,-0.208389689886209,-0.2000184448757148,0.0,-0.2217127734342647,-0.2478718084569988,0.3388122824998841,1.633972152935259,1.1780815405083211,-0.5978505922601076,0.25,1,0.09822502023630975
UClJsofC2pBYKPQEz2jVUqtw,-0.2623754679229002,-0.4434721463904421,-0.4426272133457933,0.0,0.6913574657089212,0.7154674764909068,0.97128749341881,1.314031105301685,0.8344104800843508,0.7000714919210592,0.0,1,0.050187176365343644
UClMDD5NoF-T1HPigkWo_yIQ,-0.2705717688479165,-0.1454568509636878,0.0669234303974623,0.0,-0.2217127734342647,-0.2478718084569988,0.027173147493273,0.489833408875493,0.5979323310894792,-0.165209897533052,0.25,1,0.107667637231731
UClMEsbqsItjAMNkX7a2MAQw,3.809634844883665,-0.2778912763056939,-0.3533432414473214,0.0,-0.2217127734342647,-0.2478718084569988,-1.2689337909512088,-1.0858124340505328,-1.0954462369293665,-0.0209963326240335,0.0,1,0.07474521834911918
UClMi0VipeA_4gbOmKrG84Xw,1.727450342861411,-0.1180200913962818,-0.0674947825873292,0.0,-0.2217127734342647,-0.2478718084569988,1.3121207025160917,-0.0100744178793506,-0.519518948029999,2.8632749655563376,0.0,1,0.03657737487951085
UClNAQ6O61tB_vA4TrdhEV3Q,-0.1318327786061073,-0.440626698165951,-0.4951284120715594,0.0,-0.2217127734342647,-0.2478718084569988,-1.177506786822955,-0.231958809893655,0.100466173107725,-0.5978505922601076,0.25,1,0.09585746306175386
UClOTL6fi7TkC1NSyN43rRvA,-0.2416925422735052,-0.2761961156613162,-0.3904423018298444,0.0,-0.2217127734342647,-0.2478718084569988,0.5636237672367195,-1.373713034524806,-1.2147790919480497,-0.5978505922601076,0.0,1,0.1046027993614913
UClOgf1JvURsOaeBiucembgg,0.6869161945066684,0.2026867663753778,-0.0383548681670681,0.0,-0.2217127734342647,-0.2478718084569988,-0.0122095495047501,-0.9623265351910174,-0.8268262106777529,-0.5978505922601076,0.0,1,0.09792216056795655
UClPwtiqhbxYFxMNubLYwnXw,1.0309883667559945,-0.109490449133964,-0.0721356916132515,0.0,0.6913574657089212,0.7154674764909068,1.1281817805851797,-0.611842168144215,-0.5322030273082557,1.421139316466152,0.0,1,0.04660416061899658
UClR510WLgZ7nPOtJjgrdnxw,-0.0307313922345836,0.0569029509588975,-0.098709427547436,0.0,0.6913574657089212,0.7154674764909068,-0.3034113500785236,1.2658974109044292,-0.1795722309709041,0.5558579270120406,0.25,1,0.04345204669470509
UClSK4MuffFnYMJxExhMNw5g,1.2996024836709652,-0.2778912763056939,-0.1671382105749566,0.0,-0.2217127734342647,-0.2478718084569988,-0.6136342129518004,-0.6509389824031251,-0.3094526845442084,-0.4536370273510891,0.0,1,0.11102063891195785
UClSxkyXrixsj2NI1CPKHXIw,-0.078766039151772,-0.4127978109207508,-0.4719620427170559,0.0,-0.2217127734342647,-0.2478718084569988,1.4112578301295426,0.3081968883005203,-0.1677491414272693,0.4116443621030221,0.25,1,0.093896973634369
UClUlb1-r2J1a3EEtYqW-7tQ,-0.3017760375534845,0.5323955117068362,1.769247549000711,0.0,-0.2217127734342647,-0.2478718084569988,-0.5951381704597353,1.1250023643327702,0.9585423068427464,-0.5978505922601076,0.0,1,0.06271997673355328
UClVMURIvK9VoR2Fg3LEq11w,0.2062419171321438,0.4630351886743829,0.2121994009917543,0.0,-0.2217127734342647,-0.2478718084569988,1.2628561353720582,-0.6838003967813323,-0.3984784152076537,-0.4536370273510891,0.0,1,0.10182331778228665
UClVRaMwIzPktDPpGSsyJuLA,0.123845184724693,-0.3759684278732595,-0.4210717226704858,0.0,-0.2217127734342647,-0.2478718084569988,-0.9726202613889976,-0.1047298883086728,-0.7458229577967446,-0.3094234624420706,0.0,1,0.120801512212943
UClWJ8lKwK0fKRlWkB-V1pgA,-0.262910827418201,0.0129347217453515,0.2337973091979933,0.0,-0.2217127734342647,-0.2478718084569988,-1.5049918076466575,-0.743961019938169,-0.4309730947186065,-0.165209897533052,0.0,1,0.09291997623945208
UClXyckDK7lhTLKp5YzG2pLQ,-0.2974312709435516,0.4491442889496213,0.7783401239161422,0.0,-0.2217127734342647,-0.2478718084569988,0.9016472473782382,1.888448271924012,1.043734229045911,-0.0209963326240335,0.0,1,0.0665609500832905
UClYVNsTKWVWj_FN0w37Xmzw,-0.2247568415028026,-0.2499917573669779,-0.2949540008784437,0.0,-0.2217127734342647,-0.2478718084569988,0.6851953512928352,1.8701497443247128,1.1993455725559363,0.4116443621030221,0.25,1,0.07701239961093265
UClYg88ERWwA9H5XihP5HdQA,3.011849643642491,-0.1473639066886126,0.2131844249967945,0.0,-0.2217127734342647,-0.2478718084569988,-1.435413940491883,-1.3737130345248083,-1.2147790919480497,-0.5978505922601076,0.0,1,0.062290832712725674
UClZBEDu_6X3rNYepOb_HtBA,2.5162092203028603,-0.1511394917601811,-0.3419561315790842,0.0,0.6913574657089212,0.7154674764909068,0.4840259623019399,-1.073852467315229,-1.116238638067651,0.2674307971940035,0.0,1,0.02955170851686567
UClZy7ZxTf5Nd-Hn2zLw7YZA,-0.1719827083050098,-0.2355122601962519,-0.2663720649162078,0.0,-0.2217127734342647,-0.2478718084569988,0.7643205324829442,-0.544852562138927,-0.854272675215872,-0.5978505922601076,0.5,1,0.08421034356803397
UCl_CrB-1OM1JGMVNnJV3ziA,-0.2746458032652805,-0.103289729934793,-0.1141894929447448,0.0,-0.2217127734342647,-0.2478718084569988,-0.1860153731615065,0.1819431269224005,1.8739391514449992,-0.5978505922601076,0.0,1,0.09027081898685918
UCl_fy0HUvG17kudGBz5aPYQ,1.969400329431729,0.285749637949884,-0.0229283302406127,0.0,-0.2217127734342647,-0.2478718084569988,0.0483640583496046,-1.2323774845121087,-1.0254136795573316,-0.165209897533052,0.0,1,0.08121913178989981
UClb-Z04EF_w4U6_LtHBTqbw,-0.2766193723162023,29.569649769574276,11.88301371818885,0.0,-0.2217127734342647,-0.2478718084569988,0.6885636239697571,1.348685248007805,2.179224496880681,-0.5978505922601076,0.0,-1,-0.15718270816817503
UClb8OyOGdG6MIpKWl9HTr8A,1.120989001084128,-0.0965090873572823,-0.067111161724493,0.0,-0.2217127734342647,-0.2478718084569988,1.0230184903154833,0.2562351820835098,0.6935013477727798,1.5653528813751705,0.0,1,0.07543065879224514
UCldYeOazRwLxnzrzTp8hD4w,0.0361573711533361,-0.122299745732457,-0.0019564128891308,0.0,-0.2217127734342647,-0.2478718084569988,0.7957799584795532,-1.2154359321644732,-1.0219211620241235,-0.3094234624420706,0.0,1,0.11600292327147538
UCleOqSXIaCwtZxKAmlB-2uA,-0.204416921685001,-0.4876674060474315,-0.5522571450234806,0.0,0.6913574657089212,0.7154674764909068,-0.6857748000936571,-1.3737130345248083,-1.2147790919480497,-0.4536370273510891,0.5,-1,-0.031253375433231256
UClexjBX2QLRyuXdeegbHCqw,0.0723696452389919,-0.3833679386225271,-0.3679665292533289,0.0,-0.2217127734342647,-0.2478718084569988,-0.794629458920456,0.0410494829783228,0.3577997620163528,-0.0209963326240335,0.0,1,0.12344496283656586
UClfdB_HN0o7pNWM0qGesovA,0.722985067251168,-0.2575493485731617,-0.3327362234438897,0.0,-0.2217127734342647,-0.2478718084569988,-1.239315381184125,-0.7632954703965974,-0.6219351802019139,-0.5978505922601076,0.25,1,0.10685653213053586
UCliFWkvpHyMtCtjkCwLRoug,5.163257985402453,0.8527808734942175,-0.4968732234891687,0.0,1.6044277048521072,1.1971371189648596,-1.0605943702927705,-1.3737130345248083,-1.2147790919480497,0.123217232284985,0.0,-1,-0.08462166523527415
UClia3YcynxGt_oRUSso9_kw,0.7311545714316339,-0.3965525214121314,-0.3977207732311282,0.0,-0.2217127734342647,-0.2478718084569988,-1.124524704162385,-9.74456698058578e-05,1.502043610089863,-0.165209897533052,0.0,1,0.0786619599477203
UCljUDyeC1ws6Ym5tu1b_trQ,-0.2281583539438705,-0.3855339772236765,-0.437380825725325,0.0,-0.2217127734342647,-0.2478718084569988,0.7227688695828712,1.053917743784874,-0.2207885182561997,-0.5978505922601076,0.0,1,0.12769107128460588
UClmr_Z4k_YeAk4-V7vfMFDA,-0.1723894283906638,-0.1154383812194997,-0.2668883249023702,0.0,-0.2217127734342647,-0.2478718084569988,0.8980186760160785,0.1387304557710884,-0.9545501484448196,-0.4536370273510891,0.0,1,0.11687022559919508
UClnQYcSAl1NzvB5_ZFzo_Cw,-0.2573912227272046,1.4215072696829285,1.2217105664335222,0.0,-0.2217127734342647,-0.2478718084569988,-1.0945498924023878,1.3839176113799494,1.5844315887493945,-0.5978505922601076,0.25,1,0.010721835318271977
UClpAhg6zLZAg9HZjLNJgnDA,0.3169965476882397,-0.4050283246340197,-0.5359025268878728,0.0,-0.2217127734342647,-0.2478718084569988,-1.4858452495576506,-0.0981517527744059,-0.5526017954065754,-0.4536370273510891,0.25,1,0.09207089174311972
UClr0ToN5VOpeUDOuZtcyzRw,-0.3000315418186539,0.3760495415061566,0.8514477818530525,0.0,-0.2217127734342647,-0.2478718084569988,1.219693592747295,1.031907012261548,-0.0466301388157301,0.5558579270120406,0.0,1,0.07159317242801894
UClrDIOnuNoqhz0EwNHNNTGQ,-0.1922939787903995,-0.3518191155188315,-0.0783495015557176,0.0,-0.2217127734342647,-0.2478718084569988,-1.2689337909512088,-1.0858124340505328,-1.0954462369293665,-0.0209963326240335,0.25,1,0.08886313035757754
UCls6_y3uRnFuD_Lm1yJOmxg,0.3611690621869061,-0.2498151781331886,-0.329912360002748,0.0,-0.2217127734342647,-0.2478718084569988,0.6407217424948486,0.3898370124579294,0.4794047972130093,-0.165209897533052,0.25,1,0.11769435934835798
UClvHBK_SS9vTYLWQ1oxXrGg,-0.2412458592389854,-0.0270845536943601,0.0927361887574893,0.0,-0.2217127734342647,-0.2478718084569988,0.6663581293688418,-0.4033836062552864,0.3743310040333492,0.2674307971940035,0.0,1,0.12505448172218137
UClvI_lnimSAyTjnRO2tJK3Q,0.6869176080291359,-0.1126131134788702,-0.2613164544614793,0.0,-0.2217127734342647,-0.2478718084569988,0.6019529345090077,1.069267999179334,0.9044209132097696,-0.0209963326240335,0.25,1,0.10253478840171626
UClx0VDc7fL_1-E7vl3VFugg,0.0565437957205127,1.0958408305034475,0.5745867097773235,0.0,-0.2217127734342647,-0.2478718084569988,-1.3821304823986795,0.2856245477110449,-0.1651471494565524,0.5558579270120406,0.5,1,0.011107160857561416
UClx8mZgbSuILUrTq_7kNyEw,-0.2819619967285867,-0.3541735053026894,-0.3788406888819522,0.0,-0.2217127734342647,-0.2478718084569988,1.0162631281807164,0.4362803751197968,-0.1556871481687623,-0.4536370273510891,0.0,1,0.12820517487725785
UClxo3t7Bq5C2GJPrbm2V-ZQ,-0.2614101365822584,-0.2261888766521747,-0.4421784442608806,0.0,-0.2217127734342647,-0.2478718084569988,1.4382027643679838,0.4412191538302676,1.1154104965130005,-0.5978505922601076,0.0,1,0.1048902869764603
UClyJz6UbQb_BEjpXbMxQscg,0.2332222352399045,0.0345576515557372,-0.0488960158113426,0.0,-0.2217127734342647,-0.2478718084569988,0.8268262000303505,0.6949934059506774,0.306221060777163,0.2674307971940035,0.5,1,0.08123416151851565
UClyRGBjluCRzSEVWjDvWQeg,0.1040968648855212,-0.2439880634181403,-0.1826000284000833,0.0,0.6913574657089212,0.7154674764909068,-1.2922151754075342,-0.739055470403886,-1.1034857593554472,-0.3094234624420706,0.25,1,0.028099535198575054
UClyxYfy9R4BtgriamFSrheg,0.6379718861217022,-0.2339712050649995,-0.2093513746640059,0.0,-0.2217127734342647,-0.2478718084569988,-0.8009155562563272,-0.4539992538239914,-0.5052113899402743,0.2674307971940035,0.25,1,0.10962060194715129
UCm-gK9chDJXFg8q7kABI81g,-0.2386569706678445,-0.2253412963299858,-0.3797344207047495,0.0,-0.2217127734342647,-0.2478718084569988,1.34746815324806,-0.5727213722924636,-0.4031891870542631,-0.5978505922601076,0.25,1,0.1146633714630999
UCm0gI5ZNFaiBiQVZE4Tl_wQ,0.8391827330955867,-0.113428094557898,-0.1459050935373803,0.0,-0.2217127734342647,-0.2478718084569988,0.9357853228240474,-0.2767759976069053,0.0256723939537156,2.430634270829282,0.5,1,0.0318532946989622
UCm1AzOxi1cmjltWa8pBYc9A,2.22567263317744,-0.330158729507339,-0.4138578885980885,0.0,-0.2217127734342647,-0.2478718084569988,-1.391541292942892,1.6258837205584171,-0.1116945904077412,-0.0209963326240335,0.0,1,0.031577302087621884
UCm2bVkqIkduZKWuotbzmYUQ,0.9528916537294366,-0.4222447999284805,-0.5150554982214536,0.0,1.6044277048521072,2.160476403912765,-1.3497387527288027,-0.9836429017347794,-0.9789995240017676,0.9884986217390964,0.25,-1,-0.02488430124684904
UCm3l0s6nNdQzEaZnGEVoFfA,-0.1018342709826306,-0.361236674654263,-0.3973571581745331,0.0,-0.2217127734342647,-0.2478718084569988,0.2467633266584375,0.455024789616277,1.5331079460913088,-0.4536370273510891,0.5,1,0.06560170793522219
UCm5GsZcyO3gdxyfwvwvAC6w,1.0541108776158206,-0.2544415540584693,-0.2834958995812852,0.0,-0.2217127734342647,-0.2478718084569988,0.5969935725168699,-0.9472208815114436,-0.7316560528909959,0.8442850568300777,0.25,1,0.10131446612456413
UCm6i-_Lww3ma8BgW10xESiQ,-0.1736478303937262,0.2995228181854527,0.5220975448629926,0.0,0.6913574657089212,1.6788067614388125,-0.8107146568266947,-1.3737130345248083,-1.2147790919480497,-0.165209897533052,0.25,-1,-0.04704936244420799
UCm7cicB21aD_4DiUBZ9OteA,3.15409272155144,0.6018970981263211,0.7684628725339078,0.0,-0.2217127734342647,-0.2478718084569988,1.3132629076349456,-1.373713034524806,-1.2147790919480497,-0.5978505922601076,0.0,1,0.013036398906704827
UCm7psdRhqGLvocNIFUN9GGA,-0.2061424633763497,-0.3385116950013739,-0.3865744278550411,0.0,-0.2217127734342647,-0.2478718084569988,1.0325150001467154,-0.295165654472893,-0.506516767227269,1.997993576102226,0.0,1,0.08555377637337003
UCm7uA2okIOW8mA44wfCNwRA,2.400951145280727,-0.3511464327234435,-0.1782011106777319,0.0,0.6913574657089212,0.7154674764909068,1.233008503906676,-0.7451280737023125,-0.3342855343885997,-0.3094234624420706,0.25,1,0.02357261982108949
UCm8seTE4f5HqU_rLFwV725Q,1.238808462914775,0.0288164657726399,-0.0202415683617137,0.0,-0.2217127734342647,-0.2478718084569988,0.4228772716245093,0.9251182805501476,0.3396159256448464,6.0359733935547455,0.0,-1,-0.02583770374507166
UCmDRqo5OB-s1tpAc15yZwqA,2.0632667471488118,-0.1537813005566138,0.0021424884681393,0.0,-0.2217127734342647,-0.2478718084569988,-0.7929911346034527,-1.2154359321644732,-1.0219211620241235,-0.3094234624420706,0.0,1,0.0999673547253841
UCmDrmP20DKXVr5nd8T3a7cQ,-0.151401592353764,-0.4183474439827014,-0.5333285768638889,0.0,-0.2217127734342647,-0.2478718084569988,-0.5608349433606193,-0.262530062062517,1.2084409820434538,-0.3094234624420706,0.25,1,0.08864982170763225
UCmDuGnCdTy-MDT5bPKtD8DQ,3.2516944787044406,-0.318857658544821,-0.4493082760700258,0.0,-0.2217127734342647,-0.2478718084569988,-1.1855342270258078,-1.3737130345248083,-1.2147790919480497,-0.4536370273510891,0.0,1,0.0903576160964425
UCmFVnVKQJBaKJlovKcvjRQg,-0.168286628023494,-0.3661808932003647,-0.3708957642931266,0.0,-0.2217127734342647,-0.2478718084569988,-1.0316971650712503,1.3270789124321505,0.2291175000762846,-0.4536370273510891,0.0,1,0.10250891358397185
UCmIS4gBF0Dcv63NdgO1qvSw,0.1751970802118045,-0.1896016594110231,-0.2819274308144279,0.0,-0.2217127734342647,-0.2478718084569988,-1.3073496399144249,1.105612334360869,1.805245707751497,2.1422071410112444,0.0,1,0.030783154271350144
UCmJ4D1SsMlw1l6FXfoTz92A,-0.0243248141531177,0.0221521577491551,-0.0885931715934379,0.0,-0.2217127734342647,-0.2478718084569988,1.3312884474891074,0.0710084739431081,-0.7140251956744865,-0.5978505922601076,0.0,1,0.11538194669513513
UCmLU3Dfhe1KE1koULU16hgg,-0.2944605042618855,0.4294145025608923,0.0502931400154676,0.0,-0.2217127734342647,-0.2478718084569988,-1.5062140198732417,0.7826009726043324,0.803950708293866,0.123217232284985,0.0,1,0.07317358610002395
UCmLWwIwaQIHMkFLA2EOF6cQ,1.5081628324024725,1.523216908345589,2.2631518266201933,0.0,-0.2217127734342647,-0.2478718084569988,-0.2359223657240618,-1.0626533451216789,-1.1363133422457792,-0.5978505922601076,0.0,-1,-0.002279400432549039
UCmLjQflWGZmGjHPW8-jpmrg,2.6797580323498105,1.090950944029281,1.157922376456406,0.0,-0.2217127734342647,-0.2478718084569988,0.2303444898452434,-1.0858124340505333,-1.0915326492433164,-0.4536370273510891,0.0,1,0.01911155781136825
UCmME33iDmuH5Hgv2-32OPXQ,-0.2985737974444309,-0.0986885796143393,-0.165303907526348,0.0,-0.2217127734342647,-0.2478718084569988,-1.1258340454631557,0.8085119739217379,1.5725295534243129,-0.3094234624420706,0.0,1,0.09385860574288335
UCmMQVmQ6JNb6lA4ABUcQyCA,-0.2477000670252747,-0.0712935727721643,0.3603148490894683,0.0,-0.2217127734342647,-0.2478718084569988,-1.1805235098617464,-0.4824516920290121,0.4477727427268395,-0.165209897533052,0.0,1,0.10481864169563576
UCmNY4YNFu32n8gLd04-mzOg,3.379039753264705,0.1959061237978671,0.5013282639459132,0.0,-0.2217127734342647,-0.2478718084569988,-1.435413940491883,-1.3737130345248083,-1.2147790919480497,-0.5978505922601076,0.0,1,0.03362079691504
UCmNvby4Z2EGilzHa3lR_5mQ,-0.1472690381935701,0.0423057342989785,0.227501751111817,0.0,-0.2217127734342647,-0.2478718084569988,-0.5639241860417604,1.4404529378837887,1.111494985467481,-0.0209963326240335,0.5,1,0.056034138720055526
UCmPYfaqz1cb9fp94YPvIWrQ,-0.157413814821658,0.7815841264303549,-0.0453329227644358,0.0,-0.2217127734342647,-0.2478718084569988,-0.1629908226710412,-0.44235658970735,-0.9684106319295328,-0.5978505922601076,0.25,1,0.06748146470958816
UCmPmg4m32Ul4ghBWXjxLJkg,-0.3005544813331139,-0.2574080851861303,-0.3838925012365369,0.0,-0.2217127734342647,-0.2478718084569988,1.0325560352449017,1.3817999848742035,1.634893397844776,-0.4536370273510891,0.0,1,0.09396933569045524
UCmQL-9Pg8hh9q0nyWi24Uzg,-0.0374306232018274,-0.2156267218679753,-0.3279177590732166,0.0,-0.2217127734342647,-0.2478718084569988,0.5698983876988758,0.877534006627174,0.7067750226527174,0.5558579270120406,0.5,1,0.07533347821729708
UCmQtvqTenIgaycLDaBpU3Qg,0.773478674860011,-0.340790658110234,-0.3246436442662522,0.0,-0.2217127734342647,-0.2478718084569988,0.8254792261035874,0.1909041409926281,0.3011288643179843,1.421139316466152,0.5,1,0.05961877350216255
UCmRckKExkm86wHx1joSLRzg,4.489008672557056,-0.3774819641628825,-0.2426599884811228,0.0,-0.2217127734342647,-0.2478718084569988,-1.3104740837588456,-1.3737130345248083,-1.2147790919480497,-0.165209897533052,0.0,1,0.06672816470277299
UCmRp5HbobdoL0FWNfTd3N3Q,0.6004006045565337,-0.03491825061156,-0.1655442459218369,0.0,0.6913574657089212,0.7154674764909068,0.138897204475051,-0.293396255742025,0.0868288202590762,-0.4536370273510891,0.0,1,0.06960842066079015
UCmSkLg0ShdU8J4ZPG-_7pGA,2.9385985255568263,-0.111341742995587,-0.2169110942589373,0.0,-0.2217127734342647,-0.2478718084569988,-0.1361083805989507,-1.0626533451216789,-1.140800873674234,0.123217232284985,0.0,1,0.08677134797066477
UCmSpW-HyJ0sXsfOOMw0Ig7A,0.1678347691569894,-0.1834466118332232,-0.4641632509109641,0.0,-0.2217127734342647,-0.2478718084569988,0.5254127647866721,0.5425372644169019,-0.1807778661976907,-0.3094234624420706,0.25,1,0.12290288791723541
UCmT3G6VWNQGCMqBskycl1HQ,-0.1420328899856472,-0.2482259650290845,-0.341216163389256,0.0,-0.2217127734342647,-0.2478718084569988,1.0350243976544289,0.7329046841016192,-0.6124700365049707,-0.165209897533052,0.25,1,0.10763955720101259
UCmTrXwp-CaFQ4G55Lljkmeg,0.2250260821257363,0.4439646314251341,0.5705501479628673,0.0,-0.2217127734342647,-0.2478718084569988,0.8830185658323485,-0.2812127920191178,1.054177591381002,0.4116443621030221,0.25,1,0.06066663236759162
UCmVqNqU0HwehgI_aIr_gMmg,-0.2961015034824253,0.0265313227471308,0.0336471780835764,0.0,-0.2217127734342647,-0.2478718084569988,-0.3191224157596943,0.5567333349759703,-0.0631027582367527,-0.4536370273510891,0.0,1,0.12349612207357319
UCmWcilypWEF95eA4r4bowDg,-0.0513264956990636,0.1960473871848986,0.0777404920459612,0.0,-0.2217127734342647,-0.2478718084569988,0.3654360296786793,1.1296542892406596,1.296780685684756,-0.4536370273510891,0.0,1,0.10391005212264287
UCmYgL3aMt5bNG6gguSHVgow,-0.0525048701953686,-0.1821146998983551,-0.2405533126870224,0.0,-0.2217127734342647,-0.2478718084569988,-0.8065693249012104,0.0480039031903457,-0.0325179717616269,-0.5978505922601076,0.0,1,0.13328099343723365
UCmZlzaSFzFisGhAhFRVTKLw,-0.2718776743417216,0.154374688010614,0.1028272901783359,0.0,-0.2217127734342647,-0.2478718084569988,1.0875239552631013,0.0306987778928099,-0.174104797593159,-0.4536370273510891,0.0,1,0.12312168893136449
UCmaQeZLdVbj52H0_cGTLvVA,0.1779162173113793,-0.1795719589317885,-0.0363026964183873,0.0,-0.2217127734342647,-0.2478718084569988,1.412652253049143,-0.7520342633036389,-1.0551953722511995,-0.5978505922601076,0.0,1,0.10732969383287799
UCmao4JuiMEpLG_EjP2xTliQ,1.4820701804477925,-0.1592300311992564,-0.2650501733019013,0.0,-0.2217127734342647,-0.2478718084569988,0.0566776404021061,0.2877350356908531,1.4959716062994337,-0.3094234624420706,0.0,1,0.0696059882441038
UCmc1hE8YoW128wjJ2q8i6XQ,-0.0200635298670325,-0.4830057142753929,-0.4836429971299918,0.0,-0.2217127734342647,-0.2478718084569988,-0.1385172800398752,-0.9665844664948092,-0.7133742163451203,0.123217232284985,0.0,1,0.10433836636246402
UCmc_SwTHV4Ye8O-ySX5mcBg,0.3250457482254523,-0.3753630133574103,-0.4396374864836198,0.0,-0.2217127734342647,-0.2478718084569988,0.9028716865947404,-1.1094245925500774,-1.0651113571871118,-0.3094234624420706,0.0,1,0.11014958311248457
UCmcbTqBYW4ydNAhtgoCYvhQ,3.03282246378444,-0.3696418461826357,-0.42709730708631,0.0,-0.2217127734342647,-0.2478718084569988,0.5199928050306766,-1.078939062388247,-1.1096520790296158,1.5653528813751705,0.0,1,0.05405192806643172
UCmdFR0EtpJKnRK9IWPNGI3A,0.0581076973003567,-0.1180282099817433,-0.4011570821728626,0.0,0.6913574657089212,1.6788067614388125,0.6851695761127277,1.5752398547986437,1.474085371930681,1.2769257515571333,0.5,-1,-0.040581287382335796
UCmeJvi149W2I1DnP6jXbS0Q,-0.0327672553081599,-0.1453054973347254,-0.4004642174917807,0.0,1.6044277048521072,1.1971371189648596,-1.4341756867305149,-1.0005655326994738,-0.6568245557029436,-0.3094234624420706,0.0,1,0.023801954320760654
UCmePvckb3FzBDSr6sv5FhHQ,-0.136862432715781,-0.1364105609864799,-0.1150636358864458,0.0,-0.2217127734342647,-0.2478718084569988,-1.4165369925783893,0.5981178059285391,0.9519260445621516,0.5558579270120406,0.5,1,0.04998233234041466
UCmf5rP-diqNqY6OsD2V5zpA,1.1165837622205033,-0.369663766363382,-0.423092616114141,0.0,0.6913574657089212,0.7154674764909068,1.02302790443921,0.6097265755801207,1.5724019864591654,2.8632749655563376,0.0,-1,-0.024853406139046408
UCmfSQrCJsLEJuSJl6QSL1Dg,-0.1999740498236548,-0.0517689546360286,-0.1113148584158801,0.0,-0.2217127734342647,-0.2478718084569988,1.1597122499804953,1.7322292025260135,1.1253968844398583,0.7000714919210592,0.25,1,0.07669217573725023
UCmhLLO_VrQBAL_MN9_YeN7w,-0.2495081992681835,0.003929180822095,0.5445551811485683,0.0,-0.2217127734342647,-0.2478718084569988,-1.0620461930331777,-0.9390756294551436,-0.6357864884858809,-0.4536370273510891,0.0,1,0.09881501862725539
UCmiORrVtqFb_zWP2fJcjpjw,0.016479850333354,-0.2592445092175394,-0.4831064886234911,0.0,-0.2217127734342647,-0.2478718084569988,-0.86975842681118,1.4170592481375142,0.3097778681101881,-0.5978505922601076,0.0,1,0.10590034266655945
UCmi_ZnB9Ak3ZLUDW5aHGR8w,-0.0576025790633477,0.1464286224900936,0.7160020995361498,0.0,-0.2217127734342647,-0.2478718084569988,-1.5406289293065478,-0.1071901859921208,0.7929360205652628,-0.165209897533052,0.25,1,0.06636828166825187
UCmiyRT7P-EkG58Y7fUJGAfQ,-0.2486876320094845,-0.1253268183117028,-0.2905056253869592,0.0,-0.2217127734342647,-0.2478718084569988,-0.2304084116371662,1.7592056239452634,-0.6741176224877597,-0.4536370273510891,0.75,-1,-0.005418369590199257
UCmoRCoinqD_MFhpX1n55Ruw,-0.2590292446593434,-0.2552891343806582,-0.2577728931771459,0.0,-0.2217127734342647,-0.2478718084569988,0.5636237672367195,1.2190472345538723,1.373352382125674,-0.4536370273510891,0.0,1,0.11236032929543216
UCmq8wIP_ZgIM6S4JIl64-ng,-0.2662838082695763,-0.2492854404318205,-0.3553597553535852,0.0,-0.2217127734342647,-0.2478718084569988,-1.5340887032839752,0.7329046841016192,0.1542428456661743,-0.165209897533052,0.25,1,0.09497258884323767
UCmqfW44mrMSxjEe7zZAEbbA,0.0220692686625052,-0.050457223185022,-0.3330595603894259,0.0,-0.2217127734342647,-0.2478718084569988,-0.8522549496343318,-1.0858124340505326,-1.0915326492433182,-0.4536370273510891,0.0,1,0.11193729196895169
UCmqy0Uo1JRsz71UrDZ0VnqQ,-0.0728475864734096,-0.2161389956890785,-0.2936071473749844,0.0,-0.2217127734342647,-0.2478718084569988,-0.325143636072601,0.8591685802079576,-0.4693634690324842,-0.3094234624420706,0.25,1,0.10916088279804775
UCmrZbr2gL2mbfz6K2bfo1MQ,-0.1985100584045349,-0.2482259650290845,0.18128375472055,0.0,0.6913574657089212,2.6421460463867183,-0.8681975827893278,-0.7145240080070555,0.181536688815437,0.5558579270120406,0.0,1,0.023125658986161424
UCmsHi9NVaqYCn7TfBxQwddA,-0.152010841091908,-0.4101138065671528,-0.4760982120715719,0.0,-0.2217127734342647,-0.2478718084569988,-1.36597120999552,1.4207392575589874,1.5248669256029466,-0.5978505922601076,0.25,1,0.06205773489192534
UCmtC_vOjh_g9BZr-GnEMfzw,-0.2280270375811635,-0.1812671195761662,-0.096689995012944,0.0,-0.2217127734342647,-0.2478718084569988,0.5294185216236054,-0.572721372292465,-0.4031891870542607,-0.5978505922601076,0.0,1,0.13603048693508063
UCmuPaN_Lv7BP_leq6Z9S8Gg,-0.2118447130099487,-0.150754227977368,-0.2670299875623657,0.0,-0.2217127734342647,-0.2478718084569988,0.9922244915941504,-0.7632954703965965,-0.6219351802019154,-0.5978505922601076,0.0,1,0.12521024427511973
UCmuXdy5gwZ0Q2h-YrXAO6hQ,-0.3000198210237255,-0.2439880634181403,-0.3488357297942156,0.0,-0.2217127734342647,-0.2478718084569988,-0.400904267861198,0.402314504992931,1.9573274736232245,-0.4536370273510891,0.0,1,0.09001056131402574
UCmvAlKqPYr2TNWKJ_QI4Eag,-0.2892855999996283,-0.1160034347676256,-0.1381782367839406,0.0,-0.2217127734342647,-0.2478718084569988,-1.4504343484885944,0.5864423928869645,0.0747497604525346,-0.5978505922601076,0.75,1,0.004155752862378459
UCmvZpvKYvp2Kb0IR7EvJ9HA,-0.1916085970017201,0.0696166557917301,0.1678631233714374,0.0,-0.2217127734342647,-0.2478718084569988,-0.9762000388345764,1.5658911022060304,2.117961615023534,-0.5978505922601076,0.25,1,0.05462626408218557
UCmvfVgiFu8jnpmrQ5WrHCjw,-0.2467214309265678,-0.1274457691171749,-0.0344881505342009,0.0,-0.2217127734342647,-0.2478718084569988,0.2362537174074146,0.6323993936894575,0.0471535803286614,-0.165209897533052,0.25,1,0.11867120576750417
UCmwgpZOg5ZKTd03pXT8tUfw,-0.097994512694101,-0.1436910586257943,-0.237724666234511,0.0,-0.2217127734342647,-0.2478718084569988,0.0875947026152387,0.9172834805748272,1.180539889714238,-0.0209963326240335,0.25,1,0.10531545998043529
UCmxTwnIndIzZ0XojtRYD8Gw,-0.192216786435394,-0.4007904230230755,-0.4515670214759114,0.0,-0.2217127734342647,-0.2478718084569988,1.413352237342295,-1.1667200510605318,-1.0229319919979831,-0.5978505922601076,0.25,1,0.07820976488586323
UCmz7Fa0JLv88R-J5wuuln9g,1.2697029033403138,0.487627860143953,0.0253235799616653,0.0,1.6044277048521072,2.160476403912765,-1.4466756074644704,-1.2669838056646163,-1.0387144900171092,0.2674307971940035,0.5,-1,-0.08052653183171399
UCn-kqOTqfaVXx7Z2O7L68_g,-0.2998440022768251,-0.2602333529267597,-0.3180768781149178,0.0,-0.2217127734342647,-0.2478718084569988,0.7748221600429682,0.3959323764682674,1.1251753782093408,-0.4536370273510891,0.0,1,0.12769433331657465
UCn-uIoNpG13Vy996F8doA8A,3.990797405084277,-0.2837183910207421,-0.395038861970487,0.0,-0.2217127734342647,-0.2478718084569988,-1.0916949588461995,-1.1309903308066718,-1.0491905244906563,-0.165209897533052,0.0,1,0.07948160280842687
UCn0n3tgApvygsAsYoy7HtQQ,0.0989003437993045,1.6402889403479224,7.3304751247290545,0.0,-0.2217127734342647,-0.2478718084569988,-0.2381140611664635,2.272356093867086,0.0793961071508742,-0.165209897533052,0.25,-1,-0.11150337730633475
UCn1992lfvkaRm95qZjAi69A,0.3674063194964794,-0.3322776803128111,-0.4349416992337534,0.0,-0.2217127734342647,-0.2478718084569988,-1.3104740837588456,-1.3737130345248083,-1.2147790919480497,-0.4536370273510891,0.0,1,0.10222068189518979
UCn1fwz9Ze0obbGo8v0y-z4A,-0.2101468137047784,-0.1143082741232479,-0.1574441861014095,0.0,-0.2217127734342647,-0.2478718084569988,0.8005886603277551,0.5842576281244285,0.5593709912358815,-0.5978505922601076,0.25,1,0.12625771560086047
UCn3ZghRTKz_ZtL4MvSp4QXw,-0.0462030642634013,-0.3348002407955159,-0.2522053924982172,0.0,-0.2217127734342647,-0.2478718084569988,0.3487348725370279,1.059783351510963,-0.5237864038104593,-0.3094234624420706,0.0,1,0.11648378524579994
UCn4U9igAejNPLaF-Tj2o69g,-0.0411817226266229,0.2959206018161501,0.1102937985127151,0.0,-0.2217127734342647,-0.2478718084569988,-0.7376302756354017,-0.1311383149404802,-0.6159250159180519,-0.5978505922601076,0.0,1,0.11599428804455447
UCn4hWEyf8Bkedpy9-n07K8A,-0.2794681501331475,0.2060770876641331,0.3337739237901944,0.0,-0.2217127734342647,-0.2478718084569988,0.4615794836676228,-0.6780099205865393,-0.5396826737629079,0.123217232284985,0.0,1,0.1037434245919811
UCn7xx7LRKgkVauIClfdCfbQ,0.2043127490121351,0.0790704363084517,0.074193674314709,0.0,-0.2217127734342647,-0.2478718084569988,-1.4875728149248175,-0.3721417439594452,-0.6252898258297734,0.5558579270120406,0.0,1,0.08723959407681114
UCn8Kxj1xbtUCeKmMTJNu8UA,-0.2359930380945832,-0.3431549611142345,-0.4063521971349332,0.0,-0.2217127734342647,-0.2478718084569988,0.8332744561204806,-0.4457325100908642,-0.6448215599575524,-0.5978505922601076,0.0,1,0.1300849313619875
UCn8lFdt8N-vuKcSftTS0taA,3.6650167491651744,0.0145239348494555,-0.075004793223094,0.0,-0.2217127734342647,-0.2478718084569988,-0.8107146568266947,-1.3737130345248083,-1.2147790919480497,-0.4536370273510891,0.0,1,0.07826652448955923
UCnAgCA1y5OmKoT6SrzSiudQ,-0.0151304652506634,0.0724419235323595,-0.2713709047879671,0.0,-0.2217127734342647,-0.2478718084569988,1.0426923351389628,-1.194118341410486,-1.0202827234216163,-0.4536370273510891,0.0,1,0.10625056400758937
UCnBgsDPs_wdpDxKM9Lfxobg,3.4774654011009387,-0.3688135290495875,-0.377735487546371,0.0,0.6913574657089212,0.7154674764909068,1.0848111092034856,0.1676233308540928,0.5915324630039597,1.8537800111932077,0.5,-1,-0.03949140361364645
UCnC36BS7R5un32OeP_cludg,1.8816768979731984,-0.3410360103087624,-0.4318786197985073,0.0,-0.2217127734342647,-0.2478718084569988,0.006840545368427,-0.6437511817100953,-0.4733470783673837,0.123217232284985,0.25,1,0.08336410454185916
UCnCNwrKiG-aBDwWKY0yFDdw,0.0122662021706596,-0.1210889167007586,0.4317458530476005,0.0,-0.2217127734342647,-0.2478718084569988,-1.435413940491883,1.219047234553872,2.660876922921959,-0.4536370273510891,0.0,1,0.043577270509267796
UCnCWD5WK-qKflByYYH3QF6w,-0.0729884757808197,0.1424555897298334,-0.4970305967178514,0.0,-0.2217127734342647,-0.2478718084569988,-0.1313983850277876,-1.0547106490557223,-1.1688988914972032,0.9884986217390964,0.25,1,0.05596542103977098
UCnD9_JyJpduPq5B3UOyJIBA,0.2369910139298223,-0.1185461757341921,-0.2652639541138067,0.0,-0.2217127734342647,-0.2478718084569988,-0.141970768682361,-0.0875901939520952,0.0367964132214668,3.007488530465356,0.25,1,0.06312893918238238
UCnE2_0tfPNMzhI78gSc_ZZg,0.6060887634634984,-0.438537314115904,-0.5081611824813032,0.0,4.343638422281664,6.495503186178341,-1.1382573096817563,0.5879692676262026,0.2035856359148834,4.882264874282597,0.0,-1,-0.13135131645927733
UCnG1OvQpAJ8ru0LdJimuJUQ,0.0969902801579999,-0.1599363481344138,-0.2413439578330212,0.0,-0.2217127734342647,-0.2478718084569988,1.0290799670697537,2.4317505774600447,0.9865222667988354,0.4116443621030221,0.5,1,0.024215956925082216
UCnGeTCCH-DAN4LyZsnSt3kg,-0.2315412287790989,0.0229997380713439,-0.0077561343362183,0.0,-0.2217127734342647,-0.2478718084569988,-1.1873139224843652,-0.5977315717647045,-0.8892765715999609,-0.5978505922601076,0.5,1,0.06697531314627647
UCnHxhZFucjltYKPE1alR4Kg,3.622672094891733,-0.4016380033452644,-0.370674570488384,0.0,-0.2217127734342647,-0.2478718084569988,0.2011953964808774,-1.2574654277612825,-1.0341940984261473,0.123217232284985,0.0,1,0.07503447836082461
UCnITzgPncaJelxljuCDR-eQ,0.2072530746314558,-0.1639976705115686,0.1060521209832155,0.0,-0.2217127734342647,-0.2478718084569988,1.3440900665589148,-0.4014279336203034,-0.583334775859508,-0.165209897533052,0.0,1,0.11749038404340223
UCnIhtlcDwQBBeDH-FIy_Ytw,-0.2999888877500389,-0.047161077487621,0.1830525460942567,0.0,-0.2217127734342647,-0.2478718084569988,0.6926381734134034,-0.0749841410198614,-0.5078268524439493,-0.0209963326240335,0.0,1,0.12043242875707905
UCnIqkaQWU4N_cciqP90J75w,1.3925639086955048,1.1386273371524034,1.0911229473379052,0.0,0.6913574657089212,8.422181756074153,-0.7531513788090243,-0.9934808466083622,-1.021115174154306,2.1422071410112444,0.0,-1,-0.14674001045647622
UCnIrA-JiiEN0KLIQuSibO5w,0.0783315944046136,0.6133578581350483,0.7638259388100811,0.0,-0.2217127734342647,-0.2478718084569988,-1.256817245405091,-0.5367261340536829,0.1463155063249335,1.997993576102226,0.0,1,0.0372194855423062
UCnIyVBUzhFsJkqP57shW3qA,-0.1732601817023166,-0.0718233104735324,0.2695967410710716,0.0,-0.2217127734342647,-0.2478718084569988,1.0206066580764803,1.9482610602322508,-0.4299109375908433,-0.165209897533052,0.0,1,0.07390773243357945
UCnJxWC0YGBwu8biT_0UXvxg,0.0769176001956088,-0.4480593256066839,-0.5968230492335003,0.0,3.430568183138479,5.0504942587564825,1.3020918756141646,-0.9115917184823727,-0.6979131349082,0.5558579270120406,0.0,-1,-0.04565209636125511
UCnKIqSLmSPezuKxJhMFqXXg,3.4064583488092937,-0.3723807862978571,-0.4271344653731714,0.0,1.6044277048521072,1.1971371189648596,1.2366548953515035,-0.6279152518823089,-0.471139459586199,2.5748478357383005,0.0,-1,-0.03801445421042604
UCnK_BexIt85dzjwcJrkGngg,3.2302003017740537,-0.382143655934921,-0.4785970018644354,0.0,-0.2217127734342647,-0.2478718084569988,0.9384433374358324,-1.373713034524806,-1.2147790919480497,-0.5978505922601076,0.0,1,0.08367975634167724
UCnKa14SQPVk_9rgQMf1Mngg,2.970120706224897,-0.0914236054241492,-0.1441750609461752,0.0,-0.2217127734342647,-0.2478718084569988,-1.2949738018038814,-1.23237748451211,-1.02541367955733,-0.165209897533052,0.0,1,0.08016980337148882
UCnKh4GWEx7wgYilsBEZV-Tw,-0.2341761320402043,-0.3007759450047925,-0.4096725125615011,0.0,-0.2217127734342647,-0.2478718084569988,-0.0610755164284685,1.219047234553872,2.686975911511942,-0.5978505922601076,0.25,1,0.0511857565511879
UCnLijCHD1jWR4inx_Ks-nRA,-0.2765012231987575,-0.2465308043847068,-0.0315255480148717,0.0,-0.2217127734342647,-0.2478718084569988,0.1553486945788823,0.0175915721593904,-0.7386655939397151,-0.5978505922601076,0.0,1,0.12128798141789382
UCnMkswDGz_DSGoDIj8Q7A4g,1.484998271647256,-0.393162200123376,-0.3879471836640858,0.0,-0.2217127734342647,-0.2478718084569988,0.3367686042611091,-0.4423565897073505,-0.96841063192953,-0.5978505922601076,0.0,1,0.10109707415714075
UCnNhzuuJPqQ6rCYK-SgUuNA,-0.1663464335053074,-0.0781044860754675,-0.2043196928751324,0.0,-0.2217127734342647,-0.2478718084569988,0.3589402265532851,0.3265583528307683,-0.1321931372921366,-0.3094234624420706,0.5,1,0.09977611194590202
UCnOu_S6Vi6SUIIe9H1xYmbw,-0.2582606413223086,-0.1439735853998573,-0.2406642581633074,0.0,-0.2217127734342647,-0.2478718084569988,0.1137713328671244,-1.062653345121679,-1.1363133422457776,-0.5978505922601076,0.0,1,0.11756043102562536
UCnPN1FvmTXmBhDKkFvsuw2Q,0.6153548564110084,-0.0676913564028618,-0.2960884550777446,0.0,-0.2217127734342647,-0.2478718084569988,1.0009132658023518,1.2838662412808386,0.1738656911251845,-0.5978505922601076,0.25,1,0.1066309344522211
UCnR-rBc7kKWhl_BQHoMbWYw,-0.2155041063727338,-0.3007759450047925,-0.2873273582999358,0.0,-0.2217127734342647,-0.2478718084569988,0.6230851987864823,-0.3983063072553863,-0.3491473217944451,-0.5978505922601076,0.25,1,0.12270681305595749
UCnRIcQcIwi3mHurrKrZPlqA,0.6141187669311537,-0.2584675605888663,-0.3624389317102247,0.0,-0.2217127734342647,-0.2478718084569988,0.8102315516847172,-0.4568583411005162,-0.1426030339274588,2.1422071410112444,0.25,1,0.07905842261369661
UCnS1wQs5Y6gz2s4qYNxCEOQ,0.6672614619163492,-0.245683224062518,-0.3938450055942941,0.0,-0.2217127734342647,-0.2478718084569988,-1.2135417998099285,0.1394873672105522,1.3749063433818287,-0.5978505922601076,0.25,1,0.08244806483489248
UCnTovy65ZfihvnQ_pfltpdQ,-0.2717050640145492,-0.5058903829744916,-0.5975020816698922,0.0,-0.2217127734342647,-0.2478718084569988,0.082365127018299,-0.3941983615129298,-0.1647000198878635,-0.5978505922601076,0.25,1,0.08996546900723568
UCnU6Yx37CKGLrE5eHl9n_LQ,0.4311947103752067,0.2131402570157069,0.3516085772759981,0.0,-0.2217127734342647,-0.2478718084569988,1.0551307664595,-1.2933951280731972,-1.055146257694057,0.8442850568300777,0.25,1,0.05224249976597184
UCnUI3X3zqEie15Miv8XV-eA,0.0382666086523391,-0.0793841122112396,-0.1432764465836864,0.0,10.735130096283966,11.793869253391822,-1.0403092376175884,-0.3063510762718776,0.0260978729235796,5.026478439191616,0.0,-1,-0.18724243704922972
UCnUNvG1VUFYOTy8amtoyZJw,-0.0436482710297604,0.0560553706367087,0.1554534031267599,0.0,-0.2217127734342647,-0.2478718084569988,-1.4930289053381751,0.5110756869528212,0.2848659402550461,0.123217232284985,0.25,1,0.08674114104184577
UCnVy1vdIejX7_tHKg7rMeYQ,-0.15150941609539,-0.2397501618071961,-0.1365920166221406,0.0,-0.2217127734342647,-0.2478718084569988,-0.7482447284601761,-0.1421519067124353,0.1738656911251845,-0.5978505922601076,0.25,1,0.12113479028438856
UCnYmmnKPmhKSjrJSoyUx4qQ,0.9492581216031158,-0.3407534835346995,-0.4930125804297107,0.0,-0.2217127734342647,-0.2478718084569988,1.229863343709545,-1.0858124340505333,-1.0915326492433164,-0.4536370273510891,0.25,1,0.0897756789640517
UCneQAuSH0utRNqg2xcUYk1g,1.3720841161529411,-0.3854868894279992,-0.4693071508495455,0.0,-0.2217127734342647,-0.2478718084569988,1.326669006572683,0.67888884516248,0.3558242259888944,1.2769257515571333,0.75,-1,-0.009140333992888938
UCnfuweTzzNsOctBL80dsi_A,1.7109961874143946,-0.3146197569338769,-0.5194584009827266,0.0,0.6913574657089212,0.7154674764909068,-1.2762688381457314,-0.2342437935502511,-0.6804784339520165,-0.4536370273510891,0.0,1,0.04083545080297579
UCng4yL2lwo5OlO70MxCHOUg,0.953482678968758,-0.2800102271111659,-0.3441893680429966,0.0,-0.2217127734342647,-0.2478718084569988,-1.2540873250847726,0.3653136735777103,-0.0171723003438441,-0.4536370273510891,0.25,1,0.0988517135955882
UCnk9_qm-aBzZde1l0O_81mQ,0.0758091526267094,-0.1380405231445354,0.0610079303959897,0.0,-0.2217127734342647,-0.2478718084569988,-1.2062078372825982,-0.1855199062532984,-0.710460645846688,-0.5978505922601076,0.0,1,0.1190767030794887
UCnmBpLhupMscmhGpg9iQ5kA,0.090018136322168,-0.3216829262854506,-0.3334480818179822,0.0,-0.2217127734342647,-0.2478718084569988,-0.3683973113232766,-0.0947226026794552,1.4260041425117491,-0.4536370273510891,0.0,1,0.108291734325698
UCnrTOSI3er_05QlX1VGs6aA,0.3364185210707996,1.396927440339452,0.9055014950010544,0.0,-0.2217127734342647,-0.2478718084569988,-1.1825732508168167,1.092481539923211,1.0212739352822282,0.123217232284985,0.0,1,0.04455518630778155
UCnsfjEFtF8mt-9PxA-ah2tw,-0.1457925369556991,-0.022027966544938,0.1694733438872333,0.0,-0.2217127734342647,-0.2478718084569988,1.2205491630762997,-0.3622015775065079,0.7192693316511771,-0.165209897533052,0.25,1,0.09717050125712445
UCnsjHUJCEsqGtxDPO2FFT-g,-0.0328512333520168,-0.2595270359916024,-0.4163085281397756,0.0,-0.2217127734342647,-0.2478718084569988,-1.5478411908095622,-0.530990810068743,0.8386753936072379,-0.0209963326240335,0.5,1,0.044752436870045154
UCnsmcolZ6ykSiEGmb9IwSVA,-0.1868763445265372,0.3450802605031028,0.4768238184766932,0.0,-0.2217127734342647,-0.2478718084569988,0.5842973774935099,0.2825138122928723,0.0190037074614408,-0.4536370273510891,0.0,1,0.12094151990016128
UCnswp4cGdLGwsSpj8ziXFxQ,-0.1678714269247982,0.1628504912325024,-0.0963951884855413,0.0,-0.2217127734342647,-0.2478718084569988,0.654704496524651,-0.0031162430322133,0.0137270869322232,-0.165209897533052,0.5,1,0.09078199910407442
UCnt0yt-axQPlRqasAi3z61A,3.861427593115002,-0.4567307242875389,-0.4691448958769683,0.0,-0.2217127734342647,-0.2478718084569988,-1.3104740837588456,-1.373713034524808,-1.2147790919480497,-0.5978505922601076,0.0,1,0.06825658403548035
UCnu5r1M-6wLW967k9MEoMag,0.0455546694968839,-0.2651775714728613,-0.3456117982999832,0.0,-0.2217127734342647,-0.2478718084569988,0.4713918489334058,0.5024999193677359,1.614050807815142,0.7000714919210592,0.25,1,0.08783978212820848
UCnuQPpwN31RaA5jxN5Bp-PQ,-0.0120959618166159,0.1095740138377753,-0.4611607176149357,0.0,0.6913574657089212,0.7154674764909068,0.7957799584795532,-1.2154359321644732,-1.0219211620241235,-0.3094234624420706,0.25,1,0.016568728254939158
UCnukuEvJA21qcZDwJN__ucQ,-0.2109780167369707,-0.158806241038162,-0.1482201442530435,0.0,-0.2217127734342647,-0.2478718084569988,-0.8107146568266947,-1.1144370076169403,-0.8469181024180362,0.123217232284985,0.0,1,0.11058945263060066
UCnuvV-vdMi2mgY7gqPZwvjA,-0.2600028905165596,-0.0675372508897365,-0.0497203766942478,0.0,-0.2217127734342647,-0.2478718084569988,0.6599528230483445,-0.0368510871018735,0.8067910374994607,0.2674307971940035,0.0,1,0.12123883588420625
UCnvcUWr3WIzK2dmBbiFVtkg,-0.244162459410193,-0.2835418117869528,-0.2894597095852596,0.0,-0.2217127734342647,-0.2478718084569988,0.5475008070502331,0.5429751048766456,0.065628736455682,-0.4536370273510891,0.0,1,0.13974906923374575
UCnvhoIWKObU3SzadnSdCxuA,2.324028764425782,0.0787987759487758,-0.2004540205076884,0.0,-0.2217127734342647,-0.2478718084569988,0.3137440537706443,-1.3737130345248074,-1.2147790919480497,-0.4536370273510891,0.0,1,0.0869828105952935
UCnwZ4IQ0kybagkkITn2A5dQ,-0.2257873874832292,-0.2948428827494707,-0.1242349000292186,0.0,-0.2217127734342647,-0.2478718084569988,0.2896032926764132,1.5829127404179182,0.7107223772707781,-0.5978505922601076,0.0,1,0.11442436960143465
UCnxFBoh4ax43T0FumVOk_Fg,-0.2828785131111603,2.5191237869174747,2.5255782938521287,0.0,-0.2217127734342647,-0.2478718084569988,-1.211381961992535,-0.0773328999854684,0.4160502185806981,-0.165209897533052,0.25,-1,-0.019041725726694825
UCnxPsAMNeUyP4qkvvA6Zeqw,-0.0492171667327095,-0.4838532945975817,-0.5053470878456083,0.0,1.6044277048521072,1.1971371189648596,-1.2960966130997509,0.2765983569887266,1.567598384308915,0.123217232284985,0.0,-1,-0.0012706774348116845
UCnyD6c_HyLINjHGBFN5y8Gg,-0.1897797643635917,-0.000308720788849,0.1304231988818874,0.0,-0.2217127734342647,-0.2478718084569988,1.2335774047755856,0.1685020186131063,0.8983026496346825,-0.4536370273510891,0.0,1,0.11385185468121228
UCnyx2yGaiqdfkTeIZsUXygA,0.3709156764817745,-0.4099725431801213,-0.4841552614465486,0.0,-0.2217127734342647,-0.2478718084569988,0.6358120619541133,-0.0941392490653157,-0.4244421253863416,-0.4536370273510891,0.0,1,0.1279564439973896
UCnyzEJXnDtlKd9aHKTos95A,-0.2535567888769502,-0.4016380033452644,-0.4859672246112305,0.0,-0.2217127734342647,-0.2478718084569988,0.6540419959335171,1.7017795315935422,1.7320650489739835,-0.5978505922601076,0.5,1,0.04324217090245186
UCo-YZyMRXa-PqNan64vqfqQ,-0.1569906385692031,0.285749637949884,-0.0206114635455211,0.0,-0.2217127734342647,-0.2478718084569988,0.7206013077092592,0.8949522009190368,0.2788676940335187,0.123217232284985,0.0,1,0.11685683885120779
UCo-xKZRgUtQBYqxamqLvS0w,-0.0981812431395297,-0.3033186859713591,-0.4032902100794264,0.0,-0.2217127734342647,-0.2478718084569988,-1.4608282873891312,0.8949522009190368,1.1818861551442998,-0.4536370273510891,0.25,1,0.09391988346600727
UCo644qXtwea3FkWBunMXUqA,-0.2275851626363435,-0.3558686659470671,-0.3565308955870305,0.0,-0.2217127734342647,-0.2478718084569988,1.1883230509019085,0.959771207646004,0.8375094232491367,-0.5978505922601076,0.5,1,0.07482997640939137
UCo692PX41cQuc0ntVBxGmFA,-0.1111674246085978,-0.1309773537929617,-0.1478049584018325,0.0,-0.2217127734342647,-0.2478718084569988,-0.1221904270367827,0.7845772381066882,0.7730794770215982,-0.4536370273510891,0.0,1,0.12365589996115495
UCo6To0yXfqqkucSN1syyQZQ,0.5702768274132303,-0.1962153543493148,-0.1729715433107934,0.0,0.6913574657089212,0.7154674764909068,-0.8793232704886239,-0.9993773407819893,-0.982989819980604,0.2674307971940035,0.0,1,0.051213893076100636
UCo80WyNufaC09efdikjDDCg,1.159015818372142,3.027671980230778,4.483986655377954,0.0,-0.2217127734342647,-0.2478718084569988,-0.2108659001871944,-1.1667200510605324,-1.022931991997982,-0.5978505922601076,0.0,-1,-0.07843479267400122
UCo9Un8mtNR1peruUYaiMIMg,-0.147766120402284,-0.432574685105157,-0.1952268266489982,0.0,1.6044277048521072,2.160476403912765,0.6972454412034387,1.4508581565110907,0.8028546406760279,-0.165209897533052,0.0,1,0.011716507850365265
UCoAdOUWUyFkaoXH59v1yixA,-0.2734060393007525,0.4626820302068042,0.5318148910121036,0.0,-0.2217127734342647,-0.2478718084569988,-1.5263298264313816,1.3774773981310904,1.2020036580929216,0.9884986217390964,0.0,1,0.02234572069854418
UCoAjoaXkaMiHOsrdXqv5fcA,1.3287157661118327,-0.0847640457498084,-0.3196517799252603,0.0,-0.2217127734342647,-0.2478718084569988,0.8669988681754138,-1.0562694392218026,-1.160076666953457,-0.3094234624420706,0.0,1,0.11100907143978472
UCoE61yzGABNWcnZteMhnoyA,-0.0227758623844047,-0.4414742784881398,-0.5475479609372376,0.0,-0.2217127734342647,-0.2478718084569988,-1.4012086948787692,-0.5727213722924631,-0.4031891870542634,-0.5978505922601076,0.5,1,0.05683646812889426
UCoFZYdhGqDOsCKyCN2aQ7aA,-0.2794971213645858,-0.3685823707798997,-0.3858342688039748,0.0,-0.2217127734342647,-0.2478718084569988,-0.7087993505841221,-0.44235658970735,-0.9684106319295328,-0.5978505922601076,0.0,1,0.1147167868823924
UCoHIplFemvK3BGijcR5m3AA,0.0515752470980319,-0.0524349106034626,-0.2712051419203842,0.0,-0.2217127734342647,-0.2478718084569988,-1.0263891246796562,0.8656246715071343,1.7153299720209898,-0.5978505922601076,0.25,1,0.07984053215317971
UCoHs2mBUawrBl13QXf0hJmA,-0.2806980261713316,-0.2490735453512733,-0.3158211954857444,0.0,-0.2217127734342647,-0.2478718084569988,-0.0111685238659132,-1.062653345121679,-1.1363133422457776,-0.5978505922601076,0.0,1,0.11458419312014656
UCoHwVlGCKCfsYh_l9Y9mCPA,1.6343937355036706,-0.2509166962106364,-0.3643910403795674,0.0,0.6913574657089212,2.6421460463867183,0.6899311848968326,-0.7835389632477713,-0.5702269133630564,7.766536172462968,0.0,-1,-0.06270196088802327
UCoLTdU-qfyWW9InIFn944mg,-0.1714715893695521,-0.4445820730028322,-0.4722440494450514,0.0,-0.2217127734342647,-0.2478718084569988,0.501153838870201,-0.4014279336203034,-1.2147790919480497,-0.4536370273510891,0.0,1,0.09985007435740462
UCoMCXr3-FFgrAegjJKgvyHQ,0.7735197284874843,0.0166428856549276,-0.0096111383936511,0.0,-0.2217127734342647,-0.2478718084569988,1.0047935595520543,-0.1853645778637467,-0.3517282500451619,-0.4536370273510891,0.25,1,0.11429829776417111
UCoMiGy0vSUgO8bzxq0zFqkw,3.782584886866124,-0.0903018079388993,-0.0513177196181343,0.0,-0.2217127734342647,-0.2478718084569988,0.4850137174933275,0.1882929106047093,0.049538282163386,3.5843427901014304,0.25,-1,-0.01874806403676188
UCoN3BaMW3hm2Yh-dGD2XTtg,-0.2770710556325025,0.2730359331170515,0.3815713947998271,0.0,-0.2217127734342647,-0.2478718084569988,-1.0024651327755223,0.995477353211975,0.7430112726025758,-0.4536370273510891,0.0,1,0.0943025604352965
UCoOJg6dZZvzCEeFUj7ECQCg,1.091657440661936,-0.2183315779897214,-0.309438779086011,0.0,-0.2217127734342647,-0.2478718084569988,-0.4417540440786184,1.4065565916362817,1.674834079989688,4.0169834848284856,0.0,-1,-0.017876819635960772
UCoQ5wZ1I-b1WS4yLcDL2c5g,0.0,-0.366887210135522,-0.3414307846733801,0.0,-0.2217127734342647,-0.2478718084569988,-1.1855342270258078,-1.3737130345248083,-1.2147790919480497,-0.5978505922601076,0.0,1,0.09593518156398834
UCoQ9DeCb-x67_qPOj0grjAQ,-0.1800984851120483,0.391697178223489,-0.1449287297077576,0.0,-0.2217127734342647,-0.2478718084569988,0.938443337435833,0.4412191538302676,0.0595287560290426,-0.5978505922601076,0.25,1,0.11126965792795823
UCoQFcvIe6bEEPvVR_KllA8g,-0.2241351675322932,-0.3355267382145349,-0.5221091933597654,0.0,-0.2217127734342647,-0.2478718084569988,0.9274074004162236,1.596510349732673,1.8245325017035443,-0.5978505922601076,0.0,1,0.07185766515394104
UCoT6vowpfEpzwUMS3Sd32vA,0.0258261970628021,-0.4353808631988903,-0.5080140224335682,0.0,-0.2217127734342647,-0.2478718084569988,-0.4829984390072464,1.3787290139724284,1.0967545774898704,4.0169834848284856,0.25,-1,-0.010501535289574426
UCoTfU6RDfVUZBITSwVW5H2w,-0.2413303126743447,0.6919827780846776,0.2764028596163196,0.0,0.6913574657089212,0.7154674764909068,-1.4827615925308493,0.6537160226857621,1.991548206502568,-0.3094234624420706,0.0,-1,-0.01084063801883628
UCoTykBskGswv1-1h1IPsRgw,-0.1968528044523499,1.048571927919839,1.4568080218481163,0.0,-0.2217127734342647,-0.2478718084569988,-1.4480947230944174,-0.1674980460465813,0.5131091502614469,-0.5978505922601076,0.0,1,0.04924618970140543
UCoU2cBEl3RVeWQRfQhLX2EA,-0.2999017881496753,-0.0885983376835198,-0.1417252300878605,0.0,-0.2217127734342647,-0.2478718084569988,0.9354348406190766,0.9977811681891202,1.0713731407692708,-0.4536370273510891,0.0,1,0.1223636773100169
UCoX1aqVdv0QaHJWEvpr02-w,-0.0394394638623289,0.17919668316043,0.1530254097154821,0.0,-0.2217127734342647,-0.2478718084569988,1.318969209443075,0.2046920415958858,1.4643524366280705,-0.3094234624420706,0.0,1,0.08230111750444719
UCoYJQdrKWt6lO9tO1ZSbtAQ,3.000379672924645,-0.0144350594919964,-0.144085287515093,0.0,-0.2217127734342647,-0.2478718084569988,0.993940463672507,1.5431422681887068,2.0961162552313977,-0.4536370273510891,0.0,1,0.009788179587779167
UCoYruH9TE4Qw8xlIjzJvG0A,-0.2540156160408157,-0.5385222253787619,-0.5816937353990529,0.0,-0.2217127734342647,-0.2478718084569988,1.275662491673041,-0.0343250844918777,1.312523703059001,-0.4536370273510891,0.0,1,0.07658811638988594
UCoZYaRKL3tHh7No5IbP2yCQ,-0.1006443011800236,-0.1829622802205439,-0.1975337591081262,0.0,-0.2217127734342647,-0.2478718084569988,-1.1899314780314372,0.8346957965507878,0.3392843406177682,-0.5978505922601076,0.0,1,0.11408712794187936
UCo_ZtKR6Ef02Cf0zc6Qm3SQ,0.453374016341364,0.0978693331980247,-0.0010934764652376,0.0,-0.2217127734342647,-0.2478718084569988,-0.0954462189730038,0.2467621336493667,1.7033218470099565,-0.4536370273510891,0.25,1,0.07239475894992697
UCodMNQYuae8t4aDzp6frEJw,6.059064646539633,0.4497238310502632,-0.4687604957424776,0.0,-0.2217127734342647,-0.2478718084569988,0.1888041970376066,-1.3737130345248074,-1.2147790919480497,0.5558579270120406,0.0,-1,-0.014422097244843113
UCoeeSoodOxq3ArEKvdmw1qQ,-0.29129986387725,0.5137487446186818,0.579443547678014,0.0,-0.2217127734342647,-0.2478718084569988,0.9302761515706828,1.3402109486228673,1.3175132823038953,-0.5978505922601076,0.0,1,0.08121292015535242
UCogTx8XkGLjU2eCDUIX03-A,0.3682776153151725,0.4951019775305273,0.5833106893668512,0.0,-0.2217127734342647,-0.2478718084569988,0.8944602972419365,0.0787600061278989,-0.1394936249732587,0.123217232284985,0.25,1,0.08038601794146255
UCogijBbz1NF_apLFKEoW5Xw,0.4727850349792813,2.366559328923484,3.307088797554456,0.0,-0.2217127734342647,-0.2478718084569988,1.0414587910771955,0.3343299743936573,0.4091149044719679,-0.5978505922601076,0.0,-1,-0.033101516157380995
UCojPceuskcvEQs6u23rWfXA,-0.1535193343656415,-0.277043695983505,-0.569249952075053,0.0,-0.2217127734342647,-0.2478718084569988,0.5147578003130011,-0.9623265351910162,-0.8268262106777551,-0.5978505922601076,0.5,1,0.07193437969551841
UCojgq_MLjvFOIJ3zSfR-UAA,0.5106880821023839,-0.3381300206326864,-0.3920209269040797,0.0,-0.2217127734342647,-0.2478718084569988,1.323090501862291,-0.686507351491635,-0.9989613809824802,0.7000714919210592,0.0,1,0.09485151815685516
UColvigIS38WMwusu36-i0lA,-0.2815600885110559,-0.4075710656005862,-0.5946768687104081,0.0,-0.2217127734342647,-0.2478718084569988,-1.280476731138536,-0.046207546521334,0.2673880283820374,-0.5978505922601076,0.0,1,0.10157861672836999
UCom0ItMmRbPhdjMI6u5yyLg,0.0274265992867181,-0.229861724714993,-0.2869164235610192,0.0,-0.2217127734342647,-0.2478718084569988,-1.0414709886723448,-0.1603776212183287,1.006969952855827,-0.0209963326240335,0.0,1,0.11256401717083131
UComdrRSBLfUSuteF_rmEcYQ,-0.0759823287337896,-0.0335056167412452,-0.1791399327214492,0.0,-0.2217127734342647,-0.2478718084569988,1.4382027643679838,1.4351105903104284,1.6934173811474391,-0.4536370273510891,0.25,1,0.06825210075437493
UCoo28J6j7DOymrlv8smBGng,0.1695234762237758,-0.0363308844818747,0.151399708140244,0.0,-0.2217127734342647,-0.2478718084569988,0.6637130969440692,-1.1667200510605318,-1.0229319919979831,-0.5978505922601076,0.0,1,0.11356039698442988
UCooMft_ypFrZazlgoP00Yhg,4.1031916135275415,-0.3845451335144561,-0.4902224953152453,0.0,-0.2217127734342647,-0.2478718084569988,0.6885636239697576,-1.3737130345248083,-1.2147790919480497,-0.4536370273510891,0.0,1,0.07753580265467575
UCoqjDBvxpPO1YciG38iTkQw,-0.0334655499131453,-0.3336903141831257,-0.3760681373980575,0.0,-0.2217127734342647,-0.2478718084569988,0.946361633262668,-0.5901044552159286,-0.200900665173636,-0.4536370273510891,0.0,1,0.13082867003488763
UCovWmXuyKO72RNDbnEp_2RA,1.0570778764693594,0.0922187977167658,0.018731814960174,0.0,-0.2217127734342647,-0.2478718084569988,-1.518813504417284,-1.0858124340505328,-1.0915326492433175,-0.4536370273510891,0.0,1,0.08331114278352691
UCowPYvagfgj_c7qwVGodb2Q,0.550010211560299,-0.2351591017286732,-0.3550976446056808,0.0,-0.2217127734342647,-0.2478718084569988,1.1627765287964411,1.5922394850144048,1.076358620678045,2.1422071410112444,0.0,1,0.03937118950274654
UCowcCEvOysqBDma_LslGJ8A,1.48600875368513,-0.3355267382145349,-0.4796672152411251,0.0,-0.2217127734342647,-0.2478718084569988,-1.364255237917163,-0.7632954703965973,-0.6219351802019142,-0.5978505922601076,0.25,1,0.0848258259811604
UCoxqYBfVRsV_Td0W9DRPGoQ,-0.2609113037868919,0.0602932722476529,-0.16966993477249,0.0,-0.2217127734342647,-0.2478718084569988,0.1765981602968068,1.2063822099844577,0.8259598581165317,-0.5978505922601076,0.25,1,0.10407347067302192
UCoyPlDOy79M2IMMA3HC-_jw,2.5594406881063936,-0.3352659442692461,-0.2661469208545869,0.0,-0.2217127734342647,-0.2478718084569988,-1.098919845600468,-1.0977956264526068,-1.0825172143449129,0.5558579270120406,0.0,1,0.08247614338198189
UCoynbeJQZ6hcNhHO3KrR8Lw,-0.2425011435081343,-0.3492292867565879,-0.4377649893877917,0.0,-0.2217127734342647,-0.2478718084569988,1.2453562036907768,1.1204175842312392,1.6971050762024191,-0.4536370273510891,0.0,1,0.08407579371670593
UCozFHmcBJPwOri74VPIoWiw,2.338293184984862,-0.3774819641628825,-0.3462858168186313,0.0,-0.2217127734342647,-0.2478718084569988,-1.560353797224921,-1.3737130345248083,-1.2147790919480497,-0.4536370273510891,0.0,1,0.06930999604487426
UCp-6mIXaLqZxjeTkGWCGJrA,-0.0732929569993419,0.7667514707920502,-0.0194488071458267,0.0,-0.2217127734342647,-0.2478718084569988,1.4356366602862514,0.8993898645567052,0.5035139876804144,-0.4536370273510891,0.0,1,0.08135427512627957
UCp-Z71UrhORLob0U6BMXjsw,2.937741323755251,0.1282409614097915,0.1413911040634013,0.0,-0.2217127734342647,-0.2478718084569988,1.1883230509019085,-1.3737130345248083,-1.2147790919480497,-0.4536370273510891,0.0,1,0.07382392318955872
UCp08R7iRtuA2M0MlXOiggog,-0.2275667177306059,-0.2016090473086983,-0.3807589846908229,0.0,0.6913574657089212,0.7154674764909068,0.0134575680416814,-0.3567251795412246,0.6179551815879237,-0.3094234624420706,0.0,1,0.05813724808197007
UCp2dXItjl0dE7Im8JtRW1dA,-0.0766950377246492,0.4316545362695341,0.1110044138360102,0.0,-0.2217127734342647,-0.2478718084569988,-1.3948021350467994,0.8463520691528709,2.47501155666496,-0.3094234624420706,0.25,1,0.03870162508500652
UCp33YwpB5FcSNLhUx6hB6HQ,0.1759677705592554,-0.2753485353391274,-0.3291870318479263,0.0,-0.2217127734342647,-0.2478718084569988,-1.3189201272508662,-0.6332551962913365,-0.7430312623716349,3.007488530465356,0.0,1,0.05684146830442399
UCp4fW0VER_W7Mn9fo5KeE7g,-0.092257858894047,-0.3614935171761384,-0.3382655156054872,0.0,-0.2217127734342647,-0.2478718084569988,0.0365405262079076,-0.4253827588273604,-0.5515391938313899,0.2674307971940035,0.25,1,0.10680218903737776
UCp4ktIQJ_VAoFPHysD0AGgA,-0.2682998350491069,-0.0812526415578832,-0.1362995042660113,0.0,-0.2217127734342647,-0.2478718084569988,0.7640662652498873,0.1576924797937476,1.58595083432891,-0.5978505922601076,0.25,1,0.10555073495342315
UCp7DTZS0eRQIOIsAZBhpLdw,0.8849649434835661,-0.1299885100837414,-0.113207178149751,0.0,-0.2217127734342647,-0.2478718084569988,-1.3611799187746407,-0.1177389814545951,-0.2453811119674957,0.123217232284985,0.0,1,0.1076824979088814
UCp7cuNFujGu_XQjyTnnhjAw,-0.2905438959150347,2.042783645847348,4.415214716426422,0.0,-0.2217127734342647,-0.2478718084569988,-1.002635240671939,-0.0265551528798631,0.5957780829573077,-0.5978505922601076,0.25,-1,-0.05135527875689372
UCp8PDbSPfEK5y86sXragZXQ,-0.2809133361844023,-0.2680028392134908,-0.1955487756408422,0.0,-0.2217127734342647,-0.2478718084569988,-1.2131649319256117,0.5106083425216188,1.984308424009865,-0.4536370273510891,0.0,1,0.08283032767662474
UCp8ZlX0KLPdg1KItQ6qVyoA,0.7169348195461881,0.03317070193761,-0.3889265934390197,0.0,-0.2217127734342647,-0.2478718084569988,-0.1608197102650274,-0.9586558900250391,-0.9063418259714072,-0.5978505922601076,0.25,1,0.0953740330117887
UCp8d8gMpwZPUdHJ5mTFH6_A,2.634365164816891,0.1318608357024729,-0.1061668374997728,0.0,-0.2217127734342647,-0.2478718084569988,0.9840591457914336,-0.8206845068506486,0.0751475302243158,0.9884986217390964,0.0,1,0.057311343030681694
UCp9L1QhJd4BRzgh2klJ1Y8g,0.0013972439227063,-0.3365155819237553,-0.3833400262494225,0.0,-0.2217127734342647,-0.2478718084569988,0.989574617970756,0.2467621336493667,-0.4312211644306952,-0.4536370273510891,0.0,1,0.12814661670860872
UCpAYnyGIcOmjrlgmLZzrt5Q,0.4969524616927801,-0.3684282652667744,-0.4199274866901394,0.0,-0.2217127734342647,-0.2478718084569988,1.256443738015545,-0.7147155656987035,-0.3293912784210533,0.2674307971940035,0.0,1,0.1123382409940466
UCpAm_Itq_-7F-NDB5A1watw,0.3626889813710402,-0.231032192778968,-0.3487641295560345,0.0,-0.2217127734342647,-0.2478718084569988,1.1898096630507469,-0.7804210385608783,-0.7797058184257017,3.728556355010449,0.0,1,0.043243744932068506
UCpB6rV0FW18j2oWexkGpf9w,3.970433425737809,-0.2291554077798356,-0.1407848903191464,0.0,-0.2217127734342647,-0.2478718084569988,-1.560353797224921,-1.3737130345248083,-1.2147790919480497,-0.4536370273510891,0.0,1,0.05594423602864962
UCpC2_ae_kd4Q_Rk2veEY_Qw,-0.1093380615210809,1.429135492582628,2.611370771631829,0.0,-0.2217127734342647,-0.2478718084569988,-1.4592147960575352,-0.9107114520115536,-0.6805882007103993,-0.5978505922601076,0.0,1,0.008375443616096101
UCpC62U3jguClK3_iZHHPr9A,0.3148206962879284,-0.5141542911158328,-0.5491374720194733,0.0,-0.2217127734342647,-0.2478718084569988,1.2403231271888226,-1.058670962185694,-1.1533016252606316,0.4116443621030221,0.25,1,0.05329054682188478
UCpCIqWtn3rHaKugfOE-e42Q,-0.225307571964232,-0.3711251117464662,-0.3179237404222718,0.0,0.6913574657089212,0.7154674764909068,1.1638065682977918,0.5526868927172344,0.5174694675971808,-0.3094234624420706,0.0,1,0.07353215889104514
UCpDWoBWb5GEm3AlrdXaXiRw,0.7242520435071065,0.054360209992331,0.5593667046328624,0.0,-0.2217127734342647,-0.2478718084569988,-0.985561506122288,-1.0626533451216789,-1.1363133422457792,-0.5978505922601076,0.25,1,0.06612488476984935
UCpF0GKx6SJTtkoqpuzyb2Iw,-0.0614247773595062,-0.2896270038436932,-0.139165516131912,0.0,-0.2217127734342647,-0.2478718084569988,-1.3104740837588456,-0.6756621928497792,0.6578270774527667,0.5558579270120406,0.0,1,0.09218274336148236
UCpFkSc7mzP3OdTRX0pZLj_A,-0.255737596174625,-0.3408543859540076,-0.3464395939478068,0.0,-0.2217127734342647,-0.2478718084569988,0.2933874295039997,0.4309216511970337,1.511173499691015,-0.3094234624420706,0.0,1,0.10517988864726857
UCpGfByhEqQGAuUWle1Xka7A,1.405538218552448,-0.2405977421293849,-0.320132250367949,0.0,-0.2217127734342647,-0.2478718084569988,-1.3603810763214013,-1.0626533451216789,-1.1363133422457787,-0.5978505922601076,0.0,1,0.10294453039235302
UCpGoQhkei0XZxLSEN3a-mJQ,0.3045481226708482,-0.1956759850533764,-0.3292834838454447,0.0,-0.2217127734342647,-0.2478718084569988,-1.2705584542716593,-0.47163518160388,-0.1141630402789391,-0.5978505922601076,0.0,1,0.11958960888235498
UCpJTHHz16IR06i2t0JzwZ3w,-0.1257842421620963,0.6774528297042977,0.5118038134857469,0.0,-0.2217127734342647,-0.2478718084569988,0.5855481703283942,1.3278949827476267,1.8692215225868325,-0.3094234624420706,0.5,1,0.020564252499333635
UCpKuo-jXS_IDN32RXu4HiOA,0.988835934215131,-0.366887210135522,-0.4045616738204575,0.0,-0.2217127734342647,-0.2478718084569988,-1.243493356646639,-0.5751765001221893,-0.5625094470131571,-0.165209897533052,0.25,1,0.10449036775656889
UCpNYXy-lbcqcC3gAF6BHpFQ,-0.2346682098848176,-0.3779057543239769,-0.47520193291316,0.0,-0.2217127734342647,-0.2478718084569988,-1.4252117705257832,0.1713573212242977,-0.7608827442243624,-0.5978505922601076,0.0,1,0.10133019777671531
UCpNik8dt107T4cusNd8MpNA,-0.2290077867925523,-0.2177130734302863,-0.2255630351592323,0.0,-0.2217127734342647,-0.2478718084569988,1.4126522530491423,-0.7520342633036392,-1.055195372251197,-0.5978505922601076,0.0,1,0.10721131367811326
UCpOusZb_Kt6z0UycO6bXhnw,-0.0861319501297847,0.4552657023876519,0.9137140569883296,0.0,-0.2217127734342647,-0.2478718084569988,-1.0623487874454445,-0.8533405916003499,-0.6210710366474501,-0.5978505922601076,0.0,1,0.08114914095190956
UCpOxOFiD74OqNXerWWkc4dQ,-0.051318104263197,0.0085908725941336,0.3768824263813841,0.0,-0.2217127734342647,-0.2478718084569988,1.3748225762811743,1.2838662412808386,-0.6140397013002865,0.123217232284985,0.25,1,0.07552571814102044
UCpP-udLxmI-nJRdSBaWLqGQ,-0.1345502507797074,1.1994412252694526,1.6860215682333954,0.0,-0.2217127734342647,-0.2478718084569988,-1.074782776470827,-0.1922489757079458,-0.1932222063936123,-0.5978505922601076,0.5,1,0.003934338339878052
UCpPdp3vI2rxEPxTFTb_6CgA,4.075758304789164,-0.3261562668747805,-0.2950170906026689,0.0,-0.2217127734342647,-0.2478718084569988,-0.4358950866275817,-1.3737130345248083,-1.2147790919480497,1.2769257515571333,0.0,1,0.056159082022181506
UCpQ_HC3Mec7kbm9a0nQGELA,-0.2288773426091862,0.1247093767340046,-0.1932416544162371,0.0,-0.2217127734342647,-0.2478718084569988,-0.9613615995438836,0.1196113060434734,1.639794912109178,-0.4536370273510891,0.0,1,0.09419713734181923
UCpR4vzdJ-xJy_XYzyJ6r7Tg,1.3824914592322883,-0.3110881722580901,-0.3654973110495652,0.0,-0.2217127734342647,-0.2478718084569988,1.2265719292956672,-0.5337184810208543,-0.1642580709468024,-0.4536370273510891,0.0,1,0.11224960439679643
UCpRp9c3v4pDsSTGTBKF7TUw,0.1935455793434879,-0.175576223127184,-0.2800375858082589,0.0,-0.2217127734342647,-0.2478718084569988,-0.9896791695318448,-0.9507602463526608,-0.9656277258729568,-0.3094234624420706,0.0,1,0.11773301980174311
UCpS9AcD10Y1fVdxKg7Fzqmw,-0.1564921601264612,0.2250063815263505,-0.0616350411936983,0.0,-0.2217127734342647,-0.2478718084569988,0.3537720923456504,0.7638465081640159,1.7008836398469875,-0.0209963326240335,0.0,1,0.09065836791682969
UCpSK84XGllQ7NokTBpJLTYw,1.783674014838866,-0.0329405631931194,-0.1148672433431915,0.0,-0.2217127734342647,-0.2478718084569988,-1.1366682601020894,-0.9623265351910174,-0.8268262106777529,-0.5978505922601076,0.0,1,0.09375039397424123
UCpUQqSHhMhPVA1iZYpXv6Og,0.4759214291798958,0.0102860332385113,-0.1045245555934182,0.0,-0.2217127734342647,-0.2478718084569988,-1.4470261019326822,-0.0893817175562147,-0.1816590370764854,-0.5978505922601076,0.25,1,0.10450893029385055
UCpUww68nJFx0dGFIXzgPy_g,-0.1592352080969324,-0.1422784247554796,-0.0327320812690988,0.0,-0.2217127734342647,-0.2478718084569988,-1.2967585671909807,0.0523051134684658,0.0892612566955218,0.123217232284985,0.0,1,0.1186215194774044
UCpV6HLZ8e_OZaR4lAwNBkWQ,3.978333033213069,-0.4546723149336518,-0.5303864591600721,0.0,-0.2217127734342647,-0.2478718084569988,-1.560353797224921,-1.3737130345248083,-1.2147790919480497,-0.3094234624420706,0.0,1,0.03698669174591829
UCpVwN_26jL6arM4yM03770w,0.2441226861517498,0.9468622892571784,-0.1206760510484373,0.0,-0.2217127734342647,-0.2478718084569988,-0.2653133549638323,1.1110155566755937,1.6293887568727867,0.4116443621030221,0.0,1,0.041007992967486584
UCpWXJPjR6_MYdO3CCu95n1A,-0.0877801186507813,-0.4200964192507102,-0.4758450360160385,0.0,-0.2217127734342647,-0.2478718084569988,1.2530093372709832,0.4615478780279055,0.0741791592973647,-0.0209963326240335,0.5,1,0.07689557232572158
UCpYWiUZ-YP21Kzr5axzqGew,-0.2490551252837765,0.0162190954938332,-0.212963912802018,0.0,-0.2217127734342647,-0.2478718084569988,0.1844470913402613,-0.090895742342962,0.4003255849648024,-0.5978505922601076,0.0,1,0.12627575929526536
UCpYXpWvwZiNL9cTmDktlVlw,1.179005711821749,-0.250768705995651,-0.345016502578103,0.0,-0.2217127734342647,-0.2478718084569988,-1.3603810763214013,-1.0626533451216789,-1.1363133422457787,-0.5978505922601076,0.0,1,0.10541459263954828
UCp_58LybrkbVyvW58LGzgfg,0.2099707520731348,-0.2951254095235336,-0.3326503028790706,0.0,-0.2217127734342647,-0.2478718084569988,-1.3082079805995024,-1.1073830589521845,-0.628817418394736,0.8442850568300777,0.25,1,0.08355671731383174
UCpc2wbejKm1C8Lky19qlOKg,-0.2704688589739741,-0.5454088154965462,-0.5805112040921605,0.0,-0.2217127734342647,-0.2478718084569988,-1.516690969784255,-0.9607491497904384,-0.6352409434494324,-0.165209897533052,0.0,1,0.06729567704974548
UCpcnz26gq7JDuAOVWGLl47Q,-0.2585580420067377,0.6455003969233692,0.8402212157544409,0.0,-0.2217127734342647,-0.2478718084569988,-0.8305287919269956,0.2941944778796377,1.067917774728779,-0.0209963326240335,0.0,1,0.08406789772741313
UCpcqX1wtK3S7QC4b7K-k8FQ,-0.189995611674217,0.1228258649069183,0.2785711600525392,0.0,-0.2217127734342647,-0.2478718084569988,-1.0386699672010953,0.8715798827470126,1.619245150266996,-0.0209963326240335,0.25,1,0.07103688533732572
UCpcuT8NsgzbhHh8L8trRGtA,-0.1739622867353251,-0.0986885796143393,0.2248470296754531,0.0,-0.2217127734342647,-0.2478718084569988,-1.0229500987419708,1.2837459426376745,0.4652808164487646,-0.3094234624420706,0.0,1,0.101686086318998
UCpdXdtxaS6of0CroCqyP3Kw,0.3375418601490728,-0.2603342553460679,-0.4397853887001712,0.0,-0.2217127734342647,-0.2478718084569988,0.9778735104996156,0.3564365198336163,-0.3329877107910942,-0.3094234624420706,0.0,1,0.12979762899421293
UCpeBLoggNonGutdbS4WDnvQ,-0.1565143592213499,-0.1459865886650558,-0.3270496091497919,0.0,-0.2217127734342647,-0.2478718084569988,0.7253061382045811,0.523201972624391,0.459074236560245,-0.165209897533052,0.25,1,0.12661589209022212
UCpgLy7wx0OVMuyhPtryOB3w,-0.1816599731707875,0.0206881553744653,-0.2450983184082767,0.0,-0.2217127734342647,-0.2478718084569988,-1.425764948258559,1.2734227740186688,-0.2134007083700489,0.2674307971940035,0.5,1,0.05861133985942668
UCpiI1evZOZYOiUBCn9wJCEw,-0.2846470110872638,0.0340182822597988,-0.1592727315700632,0.0,-0.2217127734342647,-0.2478718084569988,-0.1622145175958546,-0.9107114520115548,-0.6805882007103983,-0.5978505922601076,0.0,1,0.1180070859230613
UCpiKAGe27le2DBcUsopLApQ,0.6541484378980317,-0.0012718802458818,-0.1406921330092851,0.0,5.256708661424851,3.123815688860671,0.8384180504314808,-0.0950454298948195,-0.0487100618823705,1.8537800111932077,0.0,-1,-0.08077616442472291
UCpijOBQmHni-VITljlIDRqw,-0.2600449859989358,-0.366887210135522,-0.4408528442809543,0.0,-0.2217127734342647,-0.2478718084569988,-1.1598603887168837,0.5856567564764915,0.4087406417232753,-0.0209963326240335,0.0,1,0.10964741864130978
UCpjexoE4MnR65AqpxAsT_fQ,1.1710628475679616,-0.3006699974645189,-0.3819411495113983,0.0,-0.2217127734342647,-0.2478718084569988,0.5829471103928136,-0.1686562732605885,-0.4812723804474244,2.1422071410112444,0.0,1,0.07951086476909647
UCpmTzaCYFayfSDVxMQyIqxQ,0.1673673650658916,-0.2556422928482368,-0.3310995980264923,0.0,-0.2217127734342647,-0.2478718084569988,-0.8709682271906575,1.7023151594055843,2.049135211760684,-0.165209897533052,0.25,1,0.04939532878534869
UCpnt-lNJhewVspZJxHwb5mw,0.0038406178217673,-0.2030216811790131,-0.2800755623860416,0.0,-0.2217127734342647,-0.2478718084569988,-0.8639783429161079,-0.2774755427500965,0.1396906171048702,-0.4536370273510891,0.0,1,0.13191626339664392
UCpolSc4fu09jk6A1JlAk4Jw,-0.0085044568388006,-0.2771849593705365,-0.3117692793248379,0.0,-0.2217127734342647,-0.2478718084569988,-0.8290199439238009,1.388548015934287,0.724318203850141,1.2769257515571333,0.0,1,0.07717177987524182
UCppd6BClODIJSrQYTSZX9mA,-0.086196353756622,-0.1994900965032262,-0.0516137674110652,0.0,-0.2217127734342647,-0.2478718084569988,-0.4164142306312274,-0.2260182511621697,0.5898416888208291,-0.4536370273510891,0.25,1,0.11144667739712355
UCpqhplEG8-E_T896b2MQe9g,-0.2890365253728814,0.0053418146924098,-0.0914999828882818,0.0,-0.2217127734342647,-0.2478718084569988,-0.3536186569769682,0.6051093206413334,0.1541186243635298,-0.4536370273510891,0.25,1,0.11299006086393565
UCpsxvI_4J0OuOvPQTqiAlXg,1.5276310798192427,0.6425809535913852,0.1734974519226322,0.0,-0.2217127734342647,-0.2478718084569988,1.3132629076349456,-1.373713034524806,-1.2147790919480497,-0.5978505922601076,0.0,1,0.03552568504968495
UCpwrxvKLuBcQwLZosZ-lLDQ,3.7040878317818415,-0.3577050899784763,-0.4079049180114659,0.0,-0.2217127734342647,-0.2478718084569988,0.3137440537706443,-1.3737130345248074,-1.2147790919480497,-0.4536370273510891,0.0,1,0.08427098075818806
UCpxetUWFBzzUx1DADMqHRfA,0.0762839350263705,-0.1465163263664238,-0.2444457693745929,0.0,-0.2217127734342647,-0.2478718084569988,-0.1629908226710412,-0.44235658970735,-0.9684106319295328,-0.5978505922601076,0.0,1,0.12115583089069704
UCpy6SAM6SGEWqo4tY1X1ECA,1.2558480703729398,-0.1368633282526065,-0.330290017481711,0.0,-0.2217127734342647,-0.2478718084569988,0.6648879092499956,0.3908043708204046,-0.3276879360153252,1.2769257515571333,0.25,1,0.08953157415455104
UCpziFMD2P9exl1mHaAhjXSg,5.99401258722064,-0.4312262618653111,-0.3773176072015452,0.0,1.6044277048521072,1.1971371189648596,0.8135034807027949,-1.373713034524806,-1.2147790919480497,0.2674307971940035,0.0,-1,-0.06332749952636552
UCpzwGD0xJV0mu4qZDV48VUw,-0.0365465974732946,0.3221955918040041,-0.2545819388655184,0.0,-0.2217127734342647,-0.2478718084569988,0.993940463672507,1.2766312384566243,1.827319514893801,-0.5978505922601076,0.25,1,0.07063357583415625
UCq-9TvVYgr4onqvX6fC-YDA,3.879619777050016,-0.2842481287221102,-0.3541038664229734,0.0,-0.2217127734342647,-0.2478718084569988,-1.0605943702927705,-1.3737130345248083,-1.2147790919480497,-0.4536370273510891,0.0,1,0.0862669898712296
UCq-g0LTHEC0icWYOTStv4zQ,-0.1042252149050455,-0.2119010940781343,-0.3806724484836487,0.0,-0.2217127734342647,-0.2478718084569988,-1.441101028908512,0.3057062998245779,0.4564558910900876,-0.3094234624420706,0.0,1,0.11418437592945829
UCq01OSJO_abJddWEXmqgSOA,1.56166334045942,-0.2808252081901937,-0.3007416380788558,0.0,-0.2217127734342647,-0.2478718084569988,-1.349415787360762,-0.8906460758460891,-0.958827187671676,0.5558579270120406,0.0,1,0.08965567945095904
UCq119kYAubeVfrWhYFykIlQ,-0.0876850153701013,-0.1278695592782693,-0.324792978152817,0.0,-0.2217127734342647,-0.2478718084569988,1.3757328360014636,2.191332335458376,1.589784021140388,-0.5978505922601076,0.0,1,0.04731045098310904
UCq15xzbYB8IJisLWbvO5AMA,-0.1263277609952321,-0.1814790146567134,-0.050381820082934,0.0,-0.2217127734342647,-0.2478718084569988,-0.0483858339856677,-0.4014279336203034,0.706047451378325,-0.165209897533052,0.0,1,0.11694851881653018
UCq20xIJO2Q0DAU0KHMYLbzQ,0.2822650228263813,-0.2858202535132669,-0.3428102986114664,0.0,1.6044277048521072,3.605485331334624,-1.4828074311792,1.6307515662356988,1.6269393232645186,3.1517020953743744,0.5,-1,-0.12382326847075464
UCq3mPiOPEle27lj8qnnLSPg,0.9998413730527932,-0.287779713397897,-0.3309487575718834,0.0,-0.2217127734342647,-0.2478718084569988,1.2714036365171817,-0.989477819490174,-0.98428988532858,-0.0209963326240335,0.0,1,0.10620493518344332
UCq3rP5x7uZ0mECyPW2tmZ3A,-0.1203133950090399,-0.4251583572860046,-0.3619176278457488,0.0,-0.2217127734342647,-0.2478718084569988,-1.4390206951574007,1.2237252104424272,2.336892263386772,-0.165209897533052,0.5,1,0.016635544613377018
UCq4Y78rboT-gqem7y1fmLyA,0.5389186645658107,-0.1727913163542778,-0.0958981991247895,0.0,-0.2217127734342647,-0.2478718084569988,0.275858986152366,0.3508908133183779,1.6034678644162637,-0.5978505922601076,0.25,1,0.08922456283007124
UCq4eJXEEmcnCLAfbRXiBOWA,-0.1599954786945911,0.0066535461434163,-0.1743937848477662,0.0,-0.2217127734342647,-0.2478718084569988,0.4921792979763008,-1.0562694392218026,-1.160076666953457,-0.3094234624420706,0.25,1,0.09790861154710645
UCq6ELOz1Rf_VgNBgs_92A9Q,2.628796207119801,-0.4240988818832686,-0.5080356318343653,0.0,-0.2217127734342647,-0.2478718084569988,0.9384433374358324,-1.373713034524806,-1.2147790919480497,-0.165209897533052,0.0,1,0.07956098261348793
UCq6nfVndj-E3C9By_uW4_OA,-0.2235935658243077,-0.4050283246340197,-0.504163277568646,0.0,-0.2217127734342647,-0.2478718084569988,-1.334404998452695,0.7449964150821885,2.327622939725664,-0.165209897533052,0.0,1,0.05564815363774772
UCq7LuBnCMDn6s01_wmWsIoA,2.8489729141598263,0.1874303205759788,0.6989935752462061,0.0,-0.2217127734342647,-0.2478718084569988,0.7388152708821569,-0.9847989941630064,-1.002387986916418,0.123217232284985,0.0,1,0.06136626285584185
UCq9AJnrPqNsoujSA8v4zL9w,0.3540655981698241,-0.3838388165792987,-0.3967452638077238,0.0,-0.2217127734342647,-0.2478718084569988,0.5456778411624582,1.496944014411933,0.5521594158704813,-0.5978505922601076,0.25,1,0.09352081643050492
UCq9PEZg1opT2a6X469kIGmQ,-0.1127360301050991,-0.2567017682509729,-0.4406756793411121,0.0,-0.2217127734342647,-0.2478718084569988,-0.7182774424671422,0.6837867925842979,0.8731632689795723,-0.3094234624420706,0.0,1,0.12039273429123265
UCqA7P6F7M7hH9HF3QhSho_w,-0.2607237701762778,0.0619884328920305,-0.1822482754325913,0.0,-0.2217127734342647,-0.2478718084569988,0.5608782030156889,0.1847919335460952,1.837755947155313,-0.5978505922601076,0.0,1,0.09409905148308545
UCqAlovQUyJM7QCRch_QYPQw,4.093862906933348,0.0603462460177896,0.0147314457320037,0.0,-0.2217127734342647,-0.2478718084569988,0.4075833219502525,-1.130990330806671,-1.0548053375555917,0.9884986217390964,0.0,1,0.04636026070151089
UCqBDFiI1X8oEjCd_oRNLAIA,0.3238023383154998,-0.4089635189870393,-0.42146544179969,0.0,-0.2217127734342647,-0.2478718084569988,0.7140623448783473,1.894638336524584,0.6752962772758689,0.7000714919210592,0.25,1,0.0552748362573135
UCqBw_4n-0ZbiESnEYSz_Xrg,0.792777345214399,-0.2528170251076074,-0.2052246269204398,0.0,-0.2217127734342647,-0.2478718084569988,-1.2488465522438117,-0.4539869829058452,-0.4455249371783319,0.4116443621030221,0.0,1,0.1032910486992874
UCqFQzK13crK1tRI72pCfU3A,-0.2634646094153096,-0.2030216811790131,-0.4057906440449823,0.0,-0.2217127734342647,-0.2478718084569988,1.3726298915855566,0.3601598540440835,-0.0896850111600549,-0.4536370273510891,0.0,1,0.12582323345758745
UCqG01a5zwy2V1AzkBKPmoCA,-0.2071314704590859,-0.1490590673329903,-0.1424030636678888,0.0,-0.2217127734342647,-0.2478718084569988,1.4057301886217743,0.796439540929237,-0.0457822260303709,-0.5978505922601076,0.25,1,0.11151772414628658
UCqGUd1lvGgoulG-e0RMBt4g,0.8498461951475335,-0.1825384900594495,-0.0888175390111235,0.0,-0.2217127734342647,-0.2478718084569988,1.1304776987111391,1.4735247857457672,1.093519511664194,1.5653528813751705,0.25,1,0.05549135402647809
UCqGniKDUlbTL8XlbBqmAIGw,0.1763381655004862,-0.0448066877037631,0.060268274457121,0.0,-0.2217127734342647,-0.2478718084569988,1.0714106343717231,-0.2319588098936535,0.1004661731077225,-0.5978505922601076,0.25,1,0.11830716578131467
UCqGyYR-9di6-4xk00y_1vEA,1.2738227328925296,-0.4250070036570424,-0.4973125834287101,0.0,0.6913574657089212,0.7154674764909068,-0.1435032595385803,1.0949410025433857,1.6745554616828675,-0.3094234624420706,0.0,1,0.010329673490182656
UCqHp3k1fQiqW0GSWM_x2nZw,0.6360254257471127,-0.4467010238083043,-0.4712421136142428,0.0,1.6044277048521072,4.087154973808577,0.646725536971588,1.4709887043178698,0.6487751745300415,3.007488530465356,0.25,-1,-0.0723408878732199
UCqIYIaVqtEuIm_8d-M1aG6Q,-0.152787212942823,0.1967537041200559,-0.0667059650284136,0.0,-0.2217127734342647,-0.2478718084569988,0.2767477142477,1.4694233164578574,0.7395977121996224,-0.3094234624420706,0.25,1,0.1019579491411654
UCqJqNDGymdfCpmGYklZXVHQ,0.5441820613072254,0.5065057855017954,0.0651375370138012,0.0,-0.2217127734342647,-0.2478718084569988,-1.1239755451866869,0.7203219835870567,1.5594250197873365,0.2674307971940035,0.25,1,0.04686188791443102
UCqKcD9HqCb9ePC4tROYfZ7Q,-0.1242604939661263,-0.4135041278559081,-0.4517012211181606,0.0,-0.2217127734342647,-0.2478718084569988,1.1824445857812114,1.35478476308916,0.8277783640953823,-0.5978505922601076,0.5,1,0.056590112608941257
UCqLjmaxQzyql8-IGrS3vVZg,0.5241893813769026,-0.1684121513563022,-0.4406381872784003,0.0,-0.2217127734342647,-0.2478718084569988,0.7363513201080207,0.9775933233077864,0.6310615561367025,-0.4536370273510891,0.0,1,0.11736209815307153
UCqO9xAV3uhv_OEaiVSOz8pw,-0.0988725688352859,0.2815117363389399,0.3929805116967194,0.0,-0.2217127734342647,-0.2478718084569988,0.829344714102024,1.1147079986672874,0.5109699716127578,-0.3094234624420706,0.0,1,0.11017137764469986
UCqOrNyhlncLMtYSfaM_-etA,0.1310737723466407,-0.1160034347676256,-0.0667732796030611,0.0,-0.2217127734342647,-0.2478718084569988,-0.7356817926562127,-1.0626533451216789,-1.1363133422457792,-0.5978505922601076,0.25,1,0.10279627842083522
UCqP6aBsNKQTVm8ELSJVQGSA,1.632761156186761,0.7467391576292581,0.4548801854394864,0.0,-0.2217127734342647,-0.2478718084569988,-1.5053969083363197,-0.9905894738118936,-0.953262976906154,-0.0209963326240335,0.0,1,0.04655834715729651
UCqP92ZwT6KcWu_WZudXN8Pw,0.2097416605932532,-0.1185461757341921,-0.1717554323319446,0.0,-0.2217127734342647,-0.2478718084569988,-1.2235548560282277,-0.2971585950054546,-0.3830046173094711,-0.5978505922601076,0.0,1,0.1218535683235269
UCqPDJtlv_d8KmIy_9EnyJuw,1.9367519938371096,0.1148209396418015,0.2928571286625983,0.0,-0.2217127734342647,-0.2478718084569988,1.1258531225353896,-1.0496180008899734,-1.2147790919480497,-0.4536370273510891,0.0,1,0.07359294427327573
UCqQ0GC6MbDfQM13CDPSI_WA,-0.1608576111297882,0.6919827780846776,2.2080287216937498,0.0,-0.2217127734342647,-0.2478718084569988,-1.0443422430789613,-0.5282806183321348,-0.9313306984575448,-0.3094234624420706,0.25,1,0.0237801712687854
UCqRHiSJ0GYM4NuPTglpQFYA,-0.2711473427957555,-0.3516307643361229,-0.4276885193010291,0.0,-0.2217127734342647,-0.2478718084569988,1.1740004861840256,1.233908375635209,0.8072721906957061,-0.5978505922601076,0.0,1,0.11005950634629813
UCqSl22KxPQ2cbQ_-OeuY2iw,-0.1799058466926834,0.1075347228370202,0.0443554942788098,0.0,-0.2217127734342647,-0.2478718084569988,-0.8633839354191808,-0.8797157246576505,-0.5073274588297189,1.421139316466152,0.25,1,0.06244190236885122
UCqUggwObbmuAwztRIlf8c7A,-0.2858382861651016,-0.0982042480016599,0.1379349632067571,0.0,-0.2217127734342647,-0.2478718084569988,-1.3367391776997917,-0.6982702178866109,-0.5607994821238809,-0.5978505922601076,0.0,1,0.10880625881290668
UCqV4LHtNRHrtWCLeHt9uaMw,-0.2840619714895989,1.0492782448549969,0.907089518904816,0.0,-0.2217127734342647,-0.2478718084569988,0.8978635299872548,-1.017297198742136,-0.822053176912879,-0.4536370273510891,0.0,1,0.055782808636479886
UCqV7i_LqvXGbJxjJ0XOygsQ,-0.2689616890012803,-0.356433719495193,-0.1338317574542084,0.0,6.169778900568036,3.605485331334624,-1.1232270091646286,1.370347859905077,0.9637847734418452,0.8442850568300777,0.0,-1,-0.07394342639965357
UCqWg85o9jw_dw5_1GruQlww,2.135074333930845,-0.2394474545492715,-0.1424934811146303,0.0,1.6044277048521072,1.1971371189648596,0.9204974113615711,-0.031033609466206,0.3166252511881189,0.7000714919210592,0.0,1,0.006494030588126698
UCqWiGS4zfIyQm2zJiIu-itw,-0.0468666577490604,0.0891110032020734,0.0963412352203858,0.0,-0.2217127734342647,-0.2478718084569988,0.8354278837944701,1.889986135840865,0.7179977043793377,-0.5978505922601076,0.5,1,0.06168605159198093
UCqXKSekqRmPqzC4F2mPidOQ,0.8913543289346435,-0.2037279981141704,-0.4333885232421972,0.0,-0.2217127734342647,-0.2478718084569988,-1.1424111159976764,-0.3679707295971473,-0.5103643275525975,-0.4536370273510891,0.0,1,0.10851512352431902
UCqXW_nCiHlRiI59Q_8N1Y3w,0.2960237598171824,0.0980711380366411,0.0855627527930438,0.0,0.6913574657089212,0.7154674764909068,1.2767304941072617,1.045221179520294,1.2648310281550164,-0.3094234624420706,0.0,1,0.03226058788352748
UCqXiUEGnj8yhQyRannjwJNA,0.2325245388427573,-0.0583679728587845,-0.1128572859928839,0.0,-0.2217127734342647,-0.2478718084569988,0.3849027563453642,-0.7632954703965985,-0.6219351802019119,-0.5978505922601076,0.0,1,0.12611266347639444
UCqXicsPP6RKupSu7HBylVbg,-0.219405434807702,-0.1779978811905807,-0.2770109731100524,0.0,-0.2217127734342647,-0.2478718084569988,0.244364919042593,0.0769271479484437,0.4527424153847434,-0.3094234624420706,0.0,1,0.12678859937382442
UCqYbpPvmr-7d84Dg2yPKF_g,-0.127473544534847,-0.1838098605427327,-0.4128493472028846,0.0,-0.2217127734342647,-0.2478718084569988,0.5761018121443472,0.4541664149838499,0.2917018724469332,-0.5978505922601076,0.25,1,0.12891783039239751
UCqZJcM9b0B7OlfgF5Aa-SEw,-0.2774513157279744,-0.3511464327234435,-0.4430381762665723,0.0,-0.2217127734342647,-0.2478718084569988,1.0425282221216623,0.1233208255106971,0.4180701402203013,-0.3094234624420706,0.5,1,0.07885615301507187
UCq_s2lcGCvg3OogL3nkcpzA,0.1752865716107565,0.2196383728191546,0.2913911052283045,0.0,-0.2217127734342647,-0.2478718084569988,-1.5178416836019952,0.7860224828313236,0.0885171764038718,-0.5978505922601076,0.5,1,0.041877708021250515
UCqb_OqYFKABD4dmnwvngvbg,0.08038660857977,0.3001585034270944,0.2105211295836325,0.0,-0.2217127734342647,-0.2478718084569988,-0.7106004569093767,-5.5346214399064855e-05,0.675067314656113,-0.5978505922601076,0.25,1,0.0967896813398254
UCqbnfostWBV94jO-Vv4WIUQ,1.8839081908348927,-0.2930266392019231,-0.3647894164194036,0.0,-0.2217127734342647,-0.2478718084569988,-0.7949447436106832,0.5362456729981587,1.9524914881006925,0.7000714919210592,0.0,1,0.029979346392244255
UCqbo-OEbMMzsgyVlZzqsWVQ,-0.2970535819473991,-0.2719582140503719,-0.3198759873807578,0.0,-0.2217127734342647,-0.2478718084569988,-0.9085767898530134,1.376781184740742,0.5887158047997231,-0.5978505922601076,0.0,1,0.10696714486703301
UCqby6TQTzysGi1Nn43QdsjQ,1.0386750570353696,0.071130192081353,0.1013693307449915,0.0,-0.2217127734342647,-0.2478718084569988,0.5089922261095159,0.8428435269494483,1.1005667322828423,0.7000714919210592,0.5,1,0.030385395161652673
UCqchqzuaHKUJPdU-TjRk-yA,-0.2539025807383471,0.1324788630207357,0.9567850112269396,0.0,-0.2217127734342647,-0.2478718084569988,-0.9712436359495104,0.4163394656770381,0.5678142150775795,-0.4536370273510891,0.0,1,0.09947499359694745
UCqeZoWSVkXlfXVKmtQz3m4w,0.0297035820444319,0.4256003911110425,0.3330304564872454,0.0,-0.2217127734342647,-0.2478718084569988,-1.3061169780615005,-0.0908957423429613,0.4003255849648011,-0.5978505922601076,0.5,1,0.038810660825640386
UCqflK1qV7JOqpLX6RB1h4uQ,-0.1862314986114312,-0.3833090788779307,-0.4725246000042922,0.0,-0.2217127734342647,-0.2478718084569988,-1.4028187816802902,-0.2816564741300053,-0.6253117942863256,-0.165209897533052,0.25,1,0.09707860588325662
UCqgjbtDc8NFc-8FqVmQQfrQ,-0.1428355267988828,0.0585981116032752,-0.2015667251019944,0.0,-0.2217127734342647,-0.2478718084569988,-1.386547973568165,-0.9623265351910174,-0.8268262106777529,-0.5978505922601076,0.0,1,0.11036608320999614
UCqhnAU_fXoUKINKnxijG0CQ,1.6290443931880765,-0.2946309876689235,-0.2003237840837953,0.0,2.517497943995293,2.6421460463867183,0.0079476281040083,1.4101044352227965,1.8919053299158612,4.449624179555541,0.0,-1,-0.12459794345067077
UCqhvTbBWu20Aq2ZP56k0uXA,2.73356636652754,-0.4270654130109295,-0.560522861322425,0.0,-0.2217127734342647,-0.2478718084569988,-1.3104740837588456,-1.373713034524808,-1.2147790919480497,-0.5978505922601076,0.0,1,0.06694212897551882
UCqi9t5RPOhg74FGrFQnfrFA,-0.1536234234874352,0.3162625295486822,-0.0761684343980637,0.0,-0.2217127734342647,-0.2478718084569988,-1.315910859336496,-0.590243737267817,-0.2925102877249719,-0.5978505922601076,0.25,1,0.1030937133158999
UCqjhqpic_bqdKnrHxGtIYUQ,-0.1455476013276016,-0.3999428427008867,-0.3824253998519218,0.0,-0.2217127734342647,-0.2478718084569988,-0.6233048717271383,0.1819431269223993,1.0739056320175395,0.123217232284985,0.25,1,0.09926812385882355
UCqjnrL9Mb9LxLWU9kztvxOQ,0.2796295121438704,-0.0336821959750346,-0.0924627787782173,0.0,-0.2217127734342647,-0.2478718084569988,-1.076228305829099,-1.0900871997211266,-0.9027212449309476,-0.165209897533052,0.25,1,0.10190465016681033
UCqjuMzCcvB-3QPoT7xSKbeQ,2.02122732236693,-0.3499356036917452,-0.38377882184485,0.0,-0.2217127734342647,-0.2478718084569988,0.7158274576486483,1.3203962029449323,0.1260322201209238,-0.5978505922601076,0.25,1,0.07153075955597377
UCqkMnInkRmectJ50NNI9GJA,-0.27990039237895,-0.0109034748162095,0.0540770460232148,0.0,-0.2217127734342647,-0.2478718084569988,-0.1314423674402584,-0.1503457800759991,-0.0057300110752195,-0.5978505922601076,0.0,1,0.1270663743364071
UCqkcSrAiUudfBxk-BASXj-w,0.185445783832356,0.0551185713332367,0.385880042588361,0.0,-0.2217127734342647,-0.2478718084569988,1.3845237347173311,-0.0967909191046911,0.0595388516018925,1.421139316466152,0.5,1,0.036784914509735867
UCqlmIO-ip1j77Go7bD-b56g,-0.2478131071918844,-0.0897284447797716,-0.1750271638278019,0.0,-0.2217127734342647,-0.2478718084569988,0.4075833219502525,-0.2397987026124725,0.2969059374236498,-0.5978505922601076,0.0,1,0.13305962797758025
UCqm2a570tcEqMI37Vc8LT5g,-0.1150971820461333,-0.5660685858498992,-0.6003272946293761,0.0,-0.2217127734342647,-0.2478718084569988,0.3884200188779626,-0.6480389359587576,-0.8707034320772652,-0.5978505922601076,0.0,1,0.10901660395705498
UCqn4rh0CiItdJ5gN30C25aQ,-0.1031485853804139,0.321536362664524,0.2601292825995475,0.0,-0.2217127734342647,-0.2478718084569988,1.0093494944748087,1.1256046551791674,0.8066152435661693,-0.0209963326240335,0.0,1,0.10492911338961408
UCqrTg0xrPzTVsf0hhM857Kw,0.0987203139706433,-0.2538765005103434,-0.2646457040607286,0.0,-0.2217127734342647,-0.2478718084569988,-1.4978838688584024,0.0306987778928105,-0.4790571128880226,-0.4536370273510891,0.0,1,0.11041100803494641
UCqtj5TWPo0MlM2PgeETV6pQ,2.202601885070825,-0.190778854302952,-0.3368604501581059,0.0,0.6913574657089212,0.7154674764909068,0.4259763375822556,-0.1493540185709872,-0.6806588571507866,1.2769257515571333,0.0,1,0.030742082609798826
UCqtyUhaabeICdL9nkXiAIFA,2.523888883653126,-0.0811315586547133,-0.0991159208521481,0.0,-0.2217127734342647,-0.2478718084569988,0.8849479499632136,-1.0562694392218022,-1.1600766669534626,-0.3094234624420706,0.0,1,0.10119191019920515
UCqulS1oZEKBrZeVyXZ4bRww,3.729642714119694,-0.4092662262449639,-0.4883119651657835,0.0,-0.2217127734342647,-0.2478718084569988,1.0426923351389628,-1.194118341410486,-1.0202827234216163,-0.4536370273510891,0.0,1,0.0764885014425905
UCqvEP3DIC-NleJg-zsX36fg,0.5516467861893504,-0.271341791997871,-0.4272671208426951,0.0,-0.2217127734342647,-0.2478718084569988,0.7681244862737431,-0.6290726806966164,-0.9016866787879144,1.8537800111932077,0.0,1,0.08726129600107557
UCqvciUz7kR6fwgf2JAbKRiQ,-0.2899686228631242,0.2918710513879146,0.8925281424924321,0.0,-0.2217127734342647,-0.2478718084569988,-1.295748202570678,0.706410724677133,1.09140791061029,-0.0209963326240335,0.25,1,0.06499213516390684
UCqxv6qyr8l_yu3iaGbAJOug,0.0257000305070683,-0.1253268183117028,-0.20135303373483,0.0,-0.2217127734342647,-0.2478718084569988,1.0568266991955737,0.2637697364629164,0.6954924331538755,-0.165209897533052,0.5,1,0.08708063874188965
UCqyUSD-HqLpWt8uCr_zjI6A,-0.2722158185467085,-0.3745154330352215,-0.3742484647842931,0.0,-0.2217127734342647,-0.2478718084569988,-1.3580526010089256,0.6820303080354914,2.1928686210379684,-0.5978505922601076,0.25,1,0.06061481739077196
UCqzzCQlNtaOhMHHIrto6fBw,1.3592047201554862,-0.1939808244089988,-0.2247120707133051,0.0,-0.2217127734342647,-0.2478718084569988,-0.0362249894027806,-1.1667200510605331,-1.022931991997981,-0.5978505922601076,0.0,1,0.11038769450828301
UCr-6q0QuR9W0VvTD-wBf-ng,-0.2945458921235119,-0.1583824508770675,-0.2131494069964022,0.0,-0.2217127734342647,-0.2478718084569988,-0.8634662188423383,1.3832528263910449,2.1170520839647966,-0.5978505922601076,0.0,1,0.07125051707747115
UCr-BSK33xvUOtvVnuBsy2EA,-0.0163784450236973,0.0046354977572524,-0.2006694898804704,0.0,-0.2217127734342647,-0.2478718084569988,-1.424984149669191,0.3728304546286928,1.057308438656051,-0.0209963326240335,0.25,1,0.09175741663010034
UCr-FnUC0ER_uxLoa2qbJpAA,-0.2911621103785579,-0.3660396298133331,-0.4774711297379462,0.0,-0.2217127734342647,-0.2478718084569988,1.048636887077536,0.4259183362441948,0.256192447869325,-0.5978505922601076,0.25,1,0.11178444640756424
UCr-af13Tows760eSvmZKNLQ,1.9034884035865267,-0.2253412963299858,-0.3103263747527292,0.0,-0.2217127734342647,-0.2478718084569988,1.0633831941688707,0.1819431269223996,-0.2590482059652303,-0.5978505922601076,0.0,1,0.10055503881085703
UCr-o4MTND4KX6lguu7qGesQ,3.043285055091979,-0.0764663056208168,-0.0313426363249756,0.0,-0.2217127734342647,-0.2478718084569988,-0.873184585193213,2.26758999043128,1.989675554020872,1.132712186648115,0.0,-1,-0.05003666289552622
UCr11YlR9AkuS8wLjUlye-ww,-0.0517951798795408,-0.3732440625519382,-0.4505776818934778,0.0,0.6913574657089212,0.7154674764909068,-0.3109552298945409,2.299364013336661,3.2148538053257165,-0.4536370273510891,0.0,-1,-0.04075076262914579
UCr1xxXMSfRHGWyjFRF-TJaw,1.939946706210656,-0.2316003510169188,-0.4627772930830234,0.0,-0.2217127734342647,-0.2478718084569988,0.4686511964967155,0.8819811045744557,0.4819424573544852,0.5558579270120406,0.0,1,0.0700801681260183
UCr3vs-1V2EuzYnzqgpwSjGQ,-0.2810376030103199,-0.3084041679044921,-0.4373318487272535,0.0,-0.2217127734342647,-0.2478718084569988,-1.3421168532013958,-0.1101655434507008,0.2675857698614515,-0.5978505922601076,0.25,1,0.10439575011106839
UCr7n8G6hHacM42_W8qoYVEA,2.058718977582134,-0.4124446524531721,-0.3403868650530368,0.0,-0.2217127734342647,-0.2478718084569988,-0.9356545135597326,-1.373713034524808,-1.2147790919480497,-0.165209897533052,0.0,1,0.09199464578472649
UCr7uJPi8MwKMMUexq8WygCg,-0.1495146238777512,-0.1176985954120033,-0.2421709571594234,0.0,-0.2217127734342647,-0.2478718084569988,0.5765385876117597,0.713895641578362,0.1072317058986326,-0.5978505922601076,0.25,1,0.12436373060271061
UCr8fyhCxAiQmsXvw_KcWPhw,0.0986537123119402,-0.0702340973694283,-0.6003272946293761,0.0,-0.2217127734342647,-0.2478718084569988,-0.9356545135597326,-1.373713034524808,-1.2147790919480497,-0.5978505922601076,0.0,1,0.0871659304216863
UCr8jIVvxi3HJElD6BstMBPQ,0.5344834450716053,0.5921249955881439,0.4757246243387127,0.0,-0.2217127734342647,-0.2478718084569988,-1.2903349732853169,-0.2618310349405763,-0.7623992106210188,1.132712186648115,0.0,1,0.06748427183722955
UCr9ggtjL1Xc-SrS9QR44yww,1.1642670511442652,-0.0193792780380979,0.2060011265170204,0.0,-0.2217127734342647,-0.2478718084569988,-1.2953712325354794,1.523553806975415,1.9436142253508717,-0.165209897533052,0.25,1,0.01653172710952827
UCr9uS3hKv_zivKamtwOdoWQ,-0.1836442852552888,-0.3063457585506049,-0.2180227331408318,0.0,-0.2217127734342647,-0.2478718084569988,1.3252742239259063,1.0249479424917989,-0.3623920536727129,-0.3094234624420706,0.25,1,0.11165578187946273
UCrANN6j4YMWU3l9Wkz51fkA,2.9210811016093747,-0.3642973813732783,-0.3706257516612526,0.0,-0.2217127734342647,-0.2478718084569988,-1.0571339097700665,-1.1986995148065591,-0.9114071067850408,3.872769919919467,0.0,1,0.016932030541684906
UCrCFkOV3cMcTnFbAYdRazmA,-0.1081910447883264,-0.3414598004698568,-0.2096451846922565,0.0,-0.2217127734342647,-0.2478718084569988,0.986231033574096,0.6204418407174515,1.0010552832368251,-0.5978505922601076,0.5,1,0.07868139375367311
UCrCYmYYlKZ9MFgSsH9mys8Q,0.5618015706016332,-0.1586021939235609,0.3827379968708156,0.0,-0.2217127734342647,-0.2478718084569988,0.8602441379492847,1.9003973420437132,0.9750478415043776,2.5748478357383005,0.0,1,0.0015070888752545253
UCrF5mQQgViJqtRsgBLuW0Tg,-0.1796441146858398,-0.1338026215335912,-0.3112774937664153,0.0,-0.2217127734342647,-0.2478718084569988,1.0568086534555603,1.0825874556542907,0.2764599704973796,-0.5978505922601076,0.0,1,0.1299097125658218
UCrG9Co7DeBN3bcETvHwMBlA,0.7891930207465943,-0.4431694391325175,-0.4746801055698471,0.0,0.6913574657089212,0.7154674764909068,0.8928993242664327,1.2663038550302077,0.1268034638024498,1.5653528813751705,0.0,1,0.03983626066308771
UCrGKTVo_6r05NzT8L9M23cg,1.0823384461709804,0.1308307901720352,-0.1654817815800581,0.0,0.6913574657089212,2.6421460463867183,0.0622493485081125,2.014072407148793,1.7570230897048682,-0.0209963326240335,0.25,-1,-0.06471656452033847
UCrGTXbYBop5_fyG2irmjdaQ,3.3895739060532706,0.4976447184970938,-0.6003272946293761,0.0,-0.2217127734342647,-0.2478718084569988,-1.0605943702927705,-1.3737130345248083,-1.2147790919480497,-0.5978505922601076,0.0,1,0.04163716577481896
UCrG_1cvT6XyzFvmItevItfA,-0.034586755841222,0.2066421412122591,0.3639253798219034,0.0,-0.2217127734342647,-0.2478718084569988,0.7082065463651477,1.2303703245605089,0.8706202792324484,-0.0209963326240335,0.25,1,0.08906160229149357
UCrHBRHEtorBzNhyGcF9WyYA,3.586656660898242,-0.3096755383877753,-0.3796801520892437,0.0,-0.2217127734342647,-0.2478718084569988,0.8135034807027949,-1.373713034524806,-1.2147790919480497,-0.4536370273510891,0.0,1,0.08665192322806153
UCrKK0YEit1N0TZ8VXQ6zFcg,-0.2091945189394088,0.0328881751635471,-0.2051878213681314,0.0,-0.2217127734342647,-0.2478718084569988,1.284139982639764,2.0833006575800983,0.2074380171891972,-0.4536370273510891,0.25,1,0.0776221188324196
UCrKpgHkZL5dkuCNhId3EdDw,1.336435547770807,-0.4613318746079926,-0.5269520044477275,0.0,0.6913574657089212,0.7154674764909068,-1.2553168630507503,2.01155495190858,1.1324852648592854,-0.3094234624420706,0.25,-1,-0.027932899102543818
UCrMkagdXeD-zXHtLBj-EBdA,-0.2906733852210171,-0.1329550412114024,-0.0736618276705937,0.0,-0.2217127734342647,-0.2478718084569988,1.283397823485881,0.472207265086006,0.3710566332045623,-0.5978505922601076,0.0,1,0.12210093990380305
UCrPqCMsj-E3wz8fVyoJuGOA,0.5462269724831759,-0.411385177050436,-0.4687955008778283,0.0,-0.2217127734342647,-0.2478718084569988,0.438683910503682,-1.3737130345248074,-1.2147790919480497,-0.4536370273510891,0.0,1,0.09600211623807287
UCrQHMfazqWin1eKB7kO6APA,0.5125549607183894,-0.2270364569743635,-0.3226709270777546,0.0,0.6913574657089212,0.7154674764909068,1.1280694805379454,-0.3175295496110545,-0.41778828387618,-0.165209897533052,0.25,1,0.0634850295313274
UCrRHqDPal1wHhm5t-CLsuVw,0.0825602417856708,0.03317070193761,-0.3473721082862552,0.0,-0.2217127734342647,-0.2478718084569988,-1.471618774917456,0.5332909099257623,1.15012752203961,-0.5978505922601076,0.25,1,0.08660378021824439
UCrStuD-TSbRS68M6dhtTtBg,-0.2892826817852318,-0.3039543712130007,-0.2788413253737563,0.0,0.6913574657089212,0.7154674764909068,0.6781419910193189,1.6673735210301015,1.4817450952496742,1.5653528813751705,0.0,1,0.0015177144073691973
UCrT87YEYEYsEuQ2pNyS57cw,-0.0432704303549836,-0.0575203925365957,-0.2244704295456297,0.0,-0.2217127734342647,-0.2478718084569988,-0.9920025306950344,-0.89498890441841,-0.9261376196839322,-0.0209963326240335,0.0,1,0.10949466698533256
UCrVKbnxk9Jv168Iz4_h6J_w,6.661608113122512,17.898468733033962,-0.6003272946293761,0.0,-0.2217127734342647,-0.2478718084569988,0.6885636239697576,-1.3737130345248083,-1.2147790919480497,0.7000714919210592,0.0,-1,-0.13333201369930747
UCrWeA4rv2Pc2FDjx03eYMfA,0.0319504067372495,-0.2289627758884291,-0.2489956923002232,0.0,-0.2217127734342647,-0.2478718084569988,1.4091115451943788,-0.240391488164704,-0.6372910315961484,0.2674307971940035,0.5,1,0.07357162869341771
UCrXeKXI6nvcupRXPec1U_3Q,0.2565254589289462,-0.150754227977368,-0.1591777317912849,0.0,-0.2217127734342647,-0.2478718084569988,0.9799836302434696,-1.0858124340505333,-1.0915326492433164,-0.4536370273510891,0.25,1,0.10237851058640457
UCr_HWNJvC_ZDrFijQsTI3Yg,-0.2751942758937792,-0.0007325109499434,-0.5520913853950095,0.0,-0.2217127734342647,-0.2478718084569988,-0.7076992031853321,1.1962984005365482,2.113933477859569,-0.5978505922601076,0.0,1,0.07418488180553118
UCr_XBmTabkXp5JE4sx17CDw,-0.1969802867856775,-0.3208000301165039,-0.4119093570419805,0.0,-0.2217127734342647,-0.2478718084569988,1.4262848628438067,0.4088096504667842,0.1892135282051087,-0.165209897533052,0.75,1,0.023626302342269867
UCraMhcDm48YdIWpHrfNFA6A,0.0780693237065774,0.5103584233299264,-0.6003272946293761,0.0,-0.2217127734342647,-0.2478718084569988,0.6885636239697576,-1.3737130345248083,-1.2147790919480497,0.123217232284985,0.0,1,0.059329101192885425
UCrc45twYwIsfKG3GW9aproA,-0.2293293141657319,-0.2362185771314093,-0.242261969389626,0.0,-0.2217127734342647,-0.2478718084569988,0.988350329998388,-0.3151218294615348,0.1201155057265806,-0.4536370273510891,0.25,1,0.12250250972629761
UCreaVioJnjm_7m5saZMrMDA,0.0647161027567584,-0.3100993285488697,-0.4599451946670586,0.0,-0.2217127734342647,-0.2478718084569988,-0.2090399236519713,-0.44235658970735,-0.9684106319295328,-0.5978505922601076,0.25,1,0.10292533541451615
UCreppFR8mYg3iJ37tpaVMuw,-0.0232113700010225,-0.2700208875996546,-0.2460205717991155,0.0,-0.2217127734342647,-0.2478718084569988,1.0115186778327967,-0.6399229231162186,-0.1835019361668422,-0.3094234624420706,0.0,1,0.13236214090522502
UCrfZGIXpOqzWYzDvmD21fcw,-0.2491842291431703,-0.2383375279368814,0.0375663358483512,0.0,-0.2217127734342647,-0.2478718084569988,-1.3739965053841017,0.0288786603471352,1.6973411214240788,-0.4536370273510891,0.25,1,0.07723679178239984
UCrgi6dYLDhaaNDkeNr7G8VA,-0.2450110291888473,-0.3092517482266809,-0.5130652515282671,0.0,-0.2217127734342647,-0.2478718084569988,-1.505490410958045,-0.1342593331747651,-0.872112632307494,-0.5978505922601076,0.25,1,0.08718815133684482
UCrh4Ba8xcuhoo3BVf417X1Q,3.14269175979302,-0.1214741804835717,-0.3014088881732991,0.0,3.430568183138479,3.605485331334624,-0.1860153731615065,-1.3737130345248074,-1.2147790919480497,0.2674307971940035,0.0,-1,-0.05719811604194547
UCrmvhSlOMq88NSU8FPH7eNg,-0.1283569575271714,0.3142041201947951,0.7959335872115624,0.0,-0.2217127734342647,-0.2478718084569988,-1.2601704947772183,-0.1891796977002303,-0.201186349786107,-0.3094234624420706,0.0,1,0.10406070736979
UCrnLJK-fGeSelv1Ml7dRb0g,-0.2722146762898669,-0.1051967856597179,0.1073126205532054,0.0,-0.2217127734342647,-0.2478718084569988,-1.1728534444232737,0.749351712181961,1.914393020957469,-0.165209897533052,0.0,1,0.07762587213797034
UCrnqZg84Xj9Pe74V0j8ZEjQ,-0.0416125439911521,-0.3745154330352215,-0.3684455517474893,0.0,-0.2217127734342647,-0.2478718084569988,-0.9356545135597324,-0.8551609807090724,-0.9144218517401036,0.123217232284985,0.0,1,0.11191944383006075
UCroDSIbtaSRjPHVH6BnqF5Q,-0.1672183225730983,0.4909851588227529,0.3774362658375978,0.0,-0.2217127734342647,-0.2478718084569988,-0.2408787594283822,0.6227940103303707,1.492254000528301,-0.3094234624420706,0.25,1,0.06826840529760264
UCroKi9aRk-Qx4Y5syjCMAQw,-0.2430879433866108,-0.1712374190969316,-0.0195633264374188,0.0,-0.2217127734342647,-0.2478718084569988,0.0564743929002039,0.7869205230407585,1.5288948455510385,-0.4536370273510891,0.0,1,0.11030237800842518
UCrod9DLIVXGHeIcq63B-OVQ,1.0966507625610689,1.2180879923576071,4.07704908892421,0.0,-0.2217127734342647,-0.2478718084569988,1.2799261413672305,0.9552278220824152,0.6823735021656305,1.421139316466152,0.0,-1,-0.06493177126547633
UCrpFsgcZAh3JuBYBjiJbP5A,-0.1524503505169958,-0.4177420294668523,-0.416406147957344,0.0,0.6913574657089212,0.7154674764909068,-1.4673448451510565,1.5983616240724348,2.0170926504267257,-0.4536370273510891,0.0,-1,-0.0029435570602851513
UCrpNVTmkKMG3aBouwly3v0g,-0.2493080866175857,-0.2828354948517955,-0.1858883580407369,0.0,-0.2217127734342647,-0.2478718084569988,1.1883230509019085,-0.7255229672551384,-1.2147790919480497,-0.4536370273510891,0.0,1,0.10404406779740127
UCrpO2yRm9PeGB3LbYg6Roug,-0.2517146605208196,0.0278335945963272,0.1336715033013122,0.0,-0.2217127734342647,-0.2478718084569988,-1.4910304300570685,-0.8166746954649358,-0.2419211995418345,7.910749737371987,0.0,-1,-0.024563325551051896
UCrqhMQXp2fUm8qMIBdTbYVA,-0.2988529696360157,-0.2914525614607153,-0.1796313604134445,0.0,-0.2217127734342647,-0.2478718084569988,-0.5991641106329074,1.2588177067830837,0.771191436745066,-0.5978505922601076,0.0,1,0.11015486900275112
UCrvjZYTceiyoeoaqZdXFacg,-0.0369891948255743,-0.1913170005392624,-0.3242152475248146,0.0,-0.2217127734342647,-0.2478718084569988,0.6868092068170831,0.4821594200500839,0.3914621099177876,-0.3094234624420706,0.25,1,0.1235075836799544
UCry95EQyBG1oAQyPVT1BxaQ,-0.2945199485067256,0.0399513445151207,0.291160585540072,0.0,-0.2217127734342647,-0.2478718084569988,-0.965651866180042,-0.1135948530469993,0.4155320912966174,-0.5978505922601076,0.0,1,0.10656328598910786
UCs-MzMvNmSjpteWvDkHJaWQ,-0.2951070191987505,0.5112060036521152,1.1636183483032358,0.0,-0.2217127734342647,-0.2478718084569988,1.3603829736231,1.2679391727091625,0.4985865353404067,-0.5978505922601076,0.0,1,0.06725528241969192
UCs0lqtSZQT24rK5ybaYHecQ,-0.2852229582391125,0.2875658814974315,-0.1402155785377308,0.0,-0.2217127734342647,-0.2478718084569988,0.8759734090693138,1.2653465250731335,0.8357424935068458,-0.3094234624420706,0.0,1,0.11100158725587472
UCs2MTQZFUDTJhwOHdHlcStQ,-0.1473341053148599,-0.1017829204731239,-0.1737048062011841,0.0,-0.2217127734342647,-0.2478718084569988,1.2518819568291109,1.1103878195860388,0.6691765854798236,-0.0209963326240335,0.75,1,0.027081152276166587
UCs2aoVQw6Bv0ViJuwZpgJWQ,-0.2287092770316958,-0.1957819325936501,-0.1578837008330529,0.0,-0.2217127734342647,-0.2478718084569988,-1.364141675115448,-0.8413502709067867,-0.5023031276115189,0.9884986217390964,0.0,1,0.09024565481554425
UCs3MrfpdShe923KbyNqcdNw,4.120484209679349,-0.2639667424411629,-0.4600250891824479,0.0,-0.2217127734342647,-0.2478718084569988,1.1629494146850847,0.829847360506389,-0.6793471339585405,-0.3094234624420706,0.25,1,0.03557148227023632
UCs5ILGpV9rVga_5_rdRBslA,-0.1312493741681856,-0.0272496667441372,-0.503180180892479,0.0,-0.2217127734342647,-0.2478718084569988,1.1883230509019085,-1.3737130345248083,-1.2147790919480497,-0.3094234624420706,0.0,1,0.0909583294893146
UCs705eUgnXrJJMqkB2TL0xA,-0.2974565610369362,0.1509843667218586,0.1684655320717932,0.0,-0.2217127734342647,-0.2478718084569988,-1.055818907573549,0.3066261042779175,0.588599375982268,-0.5978505922601076,0.0,1,0.10447401066381157
UCs7JAoDGvrKBSvCSPPwOViw,1.587633628800582,-0.5088569141021525,-0.5073309993984195,0.0,-0.2217127734342647,-0.2478718084569988,0.3762139821371629,-1.0496180008899734,-1.214779091948047,-0.4536370273510891,0.0,1,0.08303059487554443
UCs7wsLlxVswl7LwiU26Wg0g,1.3515065492101286,-0.3329839972479684,-0.3908277047012233,0.0,0.6913574657089212,0.7154674764909068,0.7095945460821557,-0.763768112528636,-0.5040806018743283,2.2864207059202637,0.0,1,0.0346518810163165
UCs9QgURclINVyVemNdShdAA,-0.2582329553605572,-0.150754227977368,-0.0125969812397039,0.0,-0.2217127734342647,-0.2478718084569988,0.5636237672367195,-1.373713034524806,-1.2147790919480497,-0.3094234624420706,0.0,1,0.09701471283144664
UCsAiaZORZN0MRMqY-G4qIGQ,-0.1114730642314617,-0.4008845986144299,-0.4028355169204827,0.0,3.430568183138479,2.160476403912765,-1.4959041431466535,-0.140097736688828,0.1086876317579707,5.170692004100634,0.5,-1,-0.13695542353612622
UCsBjpHLviYP3s7e_U1-hVgQ,-0.1627598822598868,0.0780924590136185,0.4818804772583224,0.0,-0.2217127734342647,-0.2478718084569988,1.373896348674225,0.7595975512756101,1.699156330050603,-0.5978505922601076,0.5,1,0.02341642305404318
UCsDwHJN7iX9nNygvP09aQHg,-0.2679960526848688,-0.2416764807212616,-0.3896193657303377,0.0,-0.2217127734342647,-0.2478718084569988,1.3593513798961845,1.417563413378347,1.5487393002654186,0.2674307971940035,0.0,1,0.0687162656651023
UCsE3wP-oh3Gay6OqC3mucdw,-0.1870681581158289,-0.298233204038226,-0.3917871514682193,0.0,-0.2217127734342647,-0.2478718084569988,0.8814101846469641,1.148587011293518,-0.101690896306882,-0.5978505922601076,0.0,1,0.12417144261356594
UCsEGf8fQkks35UvUuAABgnA,-0.2639040573594675,-0.0778623202691278,-0.2813971635452696,0.0,-0.2217127734342647,-0.2478718084569988,-1.2053052024434934,1.2871419572385872,2.1008033473296592,-0.5978505922601076,0.25,1,0.06427261460636474
UCsEvUt438j81f_qVUSio0WA,-0.2902340932521984,-0.3753630133574103,-0.4365014799789048,0.0,-0.2217127734342647,-0.2478718084569988,0.273873724604708,-0.1656013264718858,-0.006822058401334,-0.5978505922601076,0.0,1,0.12489170289605045
UCsFC4BMQhMuLWuzagvPc2Jw,0.0859915311498516,-0.2767354849572546,-0.3504262142448655,0.0,-0.2217127734342647,-0.2478718084569988,0.8563197961839935,-0.3146933986411411,0.8542071731901321,0.2674307971940035,0.25,1,0.10389687157507183
UCsG5jPI3lkfAbBd4gW52uWg,-0.1783094167774311,-0.3637087839273138,-0.2559665649248029,0.0,-0.2217127734342647,-0.2478718084569988,0.3920923874710206,1.077594075875266,0.2583612861899115,-0.165209897533052,0.0,1,0.12271322886956626
UCsIaAJws2xwpJMv35PVJTmA,0.4955768862558376,0.0490325622528583,0.0073171522835504,0.0,-0.2217127734342647,-0.2478718084569988,-1.378172239448073,-0.3975530577873325,-0.6445483088735919,-0.3094234624420706,0.5,1,0.06622526756412145
UCsIqUHHwuoqtYYKB3eVhWlw,0.581682215200895,-0.3616713312297445,-0.4292275116697133,0.0,-0.2217127734342647,-0.2478718084569988,-1.1949652645354414,0.635772827967559,0.3625214547196811,2.430634270829282,0.5,1,0.017568115451270072
UCsIw0zVS-5p5NiNwQWoZ2Aw,0.1750654239266949,0.365422188235635,0.9967953525316045,0.0,-0.2217127734342647,-0.2478718084569988,-1.4116130849262314,-0.9107114520115542,-0.680588200710399,-0.5978505922601076,0.0,1,0.06964929621749943
UCsJ0ZOlH5Vpo1qIXLgqcx1Q,-0.1389691149199904,-0.3640619423948925,-0.3288813196419184,0.0,-0.2217127734342647,-0.2478718084569988,0.2129449581318379,2.0833006575800983,0.7726938068913808,-0.4536370273510891,0.25,1,0.07458906276963823
UCsKywuOT1ywUcM-1RGbrZbw,2.147079857341364,-0.3509135809865784,-0.4263002563310561,0.0,-0.2217127734342647,-0.2478718084569988,-1.2238597023335056,-1.0977956264526068,-1.0825172143449129,0.5558579270120406,0.0,1,0.08404661670023905
UCsL97YWc96rxaRCtuhBz7ng,-0.2801491236937928,-0.4584258849319165,-0.5872781949279676,0.0,-0.2217127734342647,-0.2478718084569988,1.2877123963161052,-0.7520342633036389,-1.0643221181285618,0.123217232284985,0.0,1,0.0743096457037295
UCsMnC8pJA_kkbYnRD1J_vcw,-0.2883617318921864,-0.3057403440347557,-0.2890436703905965,0.0,-0.2217127734342647,-0.2478718084569988,-0.0260846976620851,1.059783351510963,-0.5237864038104593,-0.3094234624420706,0.25,1,0.09821209963784089
UCsPlCeOrdcjtqJoY7EVrQIw,3.181943174374262,-0.4471183929063518,-0.4676492860404767,0.0,0.6913574657089212,2.6421460463867183,-0.2199605947742738,-1.116884662673667,-1.0682396291242695,5.026478439191616,0.0,-1,-0.10007794599364928
UCsQJjIWUBVgvYik6TTqnxMw,3.320244402861232,-0.2258256279426651,-0.345282005512229,0.0,-0.2217127734342647,-0.2478718084569988,1.1883230509019085,-1.3737130345248083,-1.2147790919480497,-0.3094234624420706,0.0,1,0.08559010182252491
UCsSHmWIa0gokQyGyHbNuItA,2.414414150551372,-0.389136193592979,-0.4445131072872867,0.0,1.6044277048521072,5.0504942587564825,0.8558693066590711,0.7473414583826183,-0.0897644439198902,0.9884986217390964,0.0,-1,-0.04431518580049465
UCsU8f1gpPQuA1NbarsqW3Ew,2.464839901704756,-0.1600776115214452,-0.072469688793412,0.0,-0.2217127734342647,-0.2478718084569988,-1.0106873777302146,-1.0626533451216789,-1.1363133422457783,-0.5978505922601076,0.0,1,0.09821296442667493
UCsUpCuSK88s0Xk6ZaOa8cgQ,-0.0312055263497117,-0.124479237989514,-0.0294804493148819,0.0,-0.2217127734342647,-0.2478718084569988,-1.508661821316886,-0.1533351462514743,-0.1083378302067186,-0.5978505922601076,0.0,1,0.10621574160365621
UCsYfn-SJj3GO4SsEbQXy-Mg,-0.2817488887558326,0.3403126211907906,0.4513983111278251,0.0,-0.2217127734342647,-0.2478718084569988,-0.1224564672343036,-0.890395300975552,-0.8792722485030013,-0.165209897533052,0.0,1,0.09394695184226476
UCs_VA2_jYc9t-lBGBTsJSWA,-0.209729759667727,1.2632922762076786,1.685021591334057,0.0,-0.2217127734342647,-0.2478718084569988,-0.6145594868303756,1.383976296625891,1.042701522209608,-0.0209963326240335,0.0,1,0.03555750216724518
UCs_Vih4sAzyEukxnOeRrU1w,-0.2784759690836332,-0.3321364169257795,-0.2580681652577659,0.0,-0.2217127734342647,-0.2478718084569988,-0.3854892315924047,1.5306245453280227,0.873120780999027,-0.5978505922601076,0.0,1,0.09969160094484208
UCsaFVkxNeLte2x0fnYB5pug,-0.2991660470416934,-0.3160323908041916,-0.3432096316484853,0.0,-0.2217127734342647,-0.2478718084569988,-1.111195447002417,-0.9076648272380892,-0.935382106614656,-0.5978505922601076,0.0,1,0.11499840627591873
UCsay6JV2v5An0HrX25ceVyQ,-0.0423628355975777,-0.1948284047311876,-0.1759430665955593,0.0,-0.2217127734342647,-0.2478718084569988,0.9304158972329796,-0.2319588098936563,0.1004661731077271,-0.5978505922601076,0.0,1,0.1378289930145319
UCscI5PoqMhWt6R1jmndwSYg,-0.1396107954438963,-0.0727768383359948,-0.2707446784647405,0.0,-0.2217127734342647,-0.2478718084569988,-1.2194897491354255,1.3839176113799498,1.5844315887493945,-0.5978505922601076,0.0,1,0.0888113180444341
UCsd0SZYJAtnqxV2mpJuAlFw,-0.2531272229529809,-0.3312888366035907,-0.4048662473660013,0.0,-0.2217127734342647,-0.2478718084569988,1.1957454720242826,1.2113457055583718,0.2316885601358026,-0.5978505922601076,0.0,1,0.11697246921141669
UCsdDQOZWFL3zJ4i5HNIU57Q,3.5793929749959674,-0.1710961557099001,0.0248911204915288,0.0,-0.2217127734342647,-0.2478718084569988,-0.8107146568266947,-1.3737130345248083,-1.2147790919480497,-0.5978505922601076,0.0,1,0.07893903488498799
UCsdIkFj9JJH1JjUVZzGR5ZQ,-0.2833060299268931,-0.3499356036917452,-0.3834105418631608,0.0,-0.2217127734342647,-0.2478718084569988,0.0946001075066454,0.473110688735527,-0.6263979503573409,-0.5978505922601076,0.0,1,0.11873352138629889
UCsdburCBGzmF5Hn0q3jrjWQ,3.757127681374464,-0.403333163989642,-0.4032395799980219,0.0,-0.2217127734342647,-0.2478718084569988,0.3137440537706443,-1.3737130345248074,-1.2147790919480497,-0.5978505922601076,0.0,1,0.07779961511443029
UCsdlnM_yEEXtvU1Z_0XS5jQ,4.306886996819667,-0.308969221452618,-0.3835025532152395,0.0,-0.2217127734342647,-0.2478718084569988,0.6885636239697576,-1.3737130345248083,-1.2147790919480497,-0.0209963326240335,0.0,1,0.07872112382388136
UCsfi_a1WFjW4iHaFyF83ENQ,-0.2596697265798232,0.1095740138377753,0.0184938537600993,0.0,-0.2217127734342647,-0.2478718084569988,-1.1684352742788835,1.7619659132197496,1.604182105760142,-0.3094234624420706,0.0,1,0.06283424648209252
UCsh2R5-BBlpWMB78mlYRTvA,5.577038684343798,-0.3681585806188052,-0.4390438953428693,0.0,2.517497943995293,1.6788067614388125,-1.435413940491883,-1.3737130345248083,-1.2147790919480497,0.123217232284985,0.0,-1,-0.06072603807335497
UCshc46Fc2cfE4CmtVoFUxcg,-0.2752895076077248,-0.141975717497555,-0.3964406684927132,0.0,-0.2217127734342647,-0.2478718084569988,0.9927837725322644,0.6916796329373499,0.8324369409484398,0.7000714919210592,0.25,1,0.0923328720388576
UCsiLtHKJ8hDm6hHEDHEhZ5Q,0.996661750884168,0.2925302805273947,0.255514071285994,0.0,-0.2217127734342647,-0.2478718084569988,-1.5178416836019952,0.5267464559234556,1.7516014858191795,-0.5978505922601076,0.25,1,0.030577759413845218
UCsik3TNGbD0mr2fuK0Idicg,-0.0570674447874281,0.0780924590136185,-0.0513519939373033,0.0,-0.2217127734342647,-0.2478718084569988,0.2641889457791654,-0.8037424348223317,-0.8033978683264233,-0.5978505922601076,0.0,1,0.12169529504890936
UCsk9VljGVFL1K-c2I34HOBg,0.1043287062260596,0.3836922529583721,-0.0408972781030427,0.0,-0.2217127734342647,-0.2478718084569988,0.9994621949544076,1.1085061633959357,1.1290497607394143,-0.0209963326240335,0.0,1,0.09549209564003569
UCskJpZotL-gfjokahw_MFEg,0.0145958119000391,0.0647267693175637,0.1801419237525794,0.0,-0.2217127734342647,-0.2478718084569988,1.340841828278027,0.6537363805564993,1.876970374962719,0.5558579270120406,0.25,1,0.04309941999120248
UCsmaBJ0_7jkbld--DNWHclQ,0.6100673379756534,-0.3901035406998249,-0.4701489576442179,0.0,0.6913574657089212,0.7154674764909068,-0.9024335487072564,-0.99805932083633,-0.8851577950828203,1.997993576102226,0.25,1,0.006645558091915138
UCsnMRtv5WviCEUe7IhoLmDA,-0.1588807322108557,0.1314900193115153,0.8972860906937118,0.0,-0.2217127734342647,-0.2478718084569988,-0.1860153731615065,-1.3737130345248074,-1.2147790919480497,-0.5978505922601076,0.25,1,0.03846330192696151
UCsneJ_kT20f0Jj3NGmXQczQ,0.7494652796624228,-0.4003195450663039,-0.4360487256112993,0.0,-0.2217127734342647,-0.2478718084569988,0.1826642202682481,1.4746605165160476,1.4752138391590468,1.2769257515571333,0.25,1,0.027910815051102156
UCsq2cmhJSIAw1NAx0oNOGZA,1.09736089409518,0.4391616762660639,2.1925560189353672,0.0,-0.2217127734342647,-0.2478718084569988,-1.3956886768550891,1.1188822034215746,0.1780011801188597,0.8442850568300777,0.25,1,0.0066955027110653376
UCsqj6PDEdDvtI7jClLFuZoQ,-0.2993088029368801,-0.2677203124394278,-0.3296518401500039,0.0,-0.2217127734342647,-0.2478718084569988,-0.8731845851932137,1.4135042547347727,1.9470069777093837,-0.5978505922601076,0.0,1,0.07620171503144713
UCsrirxIE-YSoEFNDCdbfyPQ,-0.1179099119671144,-0.1827739290378353,-0.2212047800050098,0.0,-0.2217127734342647,-0.2478718084569988,0.4304131185092151,0.2875403604151444,-0.8777764193233802,-0.0209963326240335,0.0,1,0.11738522538730461
UCsrjDVEqGfM4XAjWxLH3wpA,1.971387257035368,0.08303667755972,-0.0306783695296806,0.0,-0.2217127734342647,-0.2478718084569988,-0.9149636545298246,-1.1941183414104866,-1.0202827234216154,-0.4536370273510891,0.0,1,0.09150882785260389
UCsrvHrmBOk-x-vxDS7O5O2A,-0.2962188741416641,-0.4071472754394918,-0.4323874536759826,0.0,-0.2217127734342647,-0.2478718084569988,1.0847986755135448,1.867237301823542,-0.619572325628926,-0.4536370273510891,0.0,1,0.07014278922970035
UCssJQnjXvur6aCtfQ5BCG5g,-0.289402837140195,0.0136763545272667,-0.0260475968977483,0.0,-0.2217127734342647,-0.2478718084569988,0.9216152840000256,0.4586799983898713,0.2792271795767611,-0.5978505922601076,0.0,1,0.13170980526806597
UCsuOuvzHQ6AzYpyJGORdymg,6.494521995178973,-0.465697231906484,-0.5346397387325117,0.0,-0.2217127734342647,-0.2478718084569988,0.8135034807027949,-1.373713034524806,-1.2147790919480497,1.421139316466152,0.0,-1,-0.019292893415472134
UCsujSplpwd7pYcD-dQfegBA,0.9241560451935504,1.0416371798292032,2.335807872300833,0.0,0.6913574657089212,3.605485331334624,-0.9599039969676024,-0.7009075226863821,-0.9209264841810568,1.8537800111932077,0.0,-1,-0.10883338329730918
UCsuxyZxomhWEOGNBpto3JYA,-0.2581303892097572,0.1425085634999702,0.5050609192487183,0.0,-0.2217127734342647,-0.2478718084569988,1.0026676829550254,1.5431422681887068,-0.3940765171702525,0.123217232284985,0.5,1,0.05452640094210315
UCsvimz54Wz24ww9t7X0u2mQ,-0.300877630336521,-0.0589330264069104,0.0182287647225832,0.0,-0.2217127734342647,-0.2478718084569988,0.7805205977760434,-0.0263398049423441,-0.5049204695293489,-0.4536370273510891,0.0,1,0.12972694346760993
UCsy4nl-p4QkkxNdAyHXpspQ,-0.0783377576939014,-0.2552891343806582,-0.2823265982199217,0.0,-0.2217127734342647,-0.2478718084569988,-1.518813504417284,-1.0858124340505328,-1.0915326492433175,-0.4536370273510891,0.0,1,0.09757935246920646
UCsyW2UbCgdqlmfmdf0xoFrQ,0.2696413446446712,-0.3080274655390748,-0.4574707832093027,0.0,-0.2217127734342647,-0.2478718084569988,-0.6995473031247278,-1.2461181566946535,-1.0296762416224317,-0.0209963326240335,0.0,1,0.11674492807768733
UCsydp4vWTzFX5iSKGcpojAg,0.905156507699826,-0.0914236054241492,-0.2890085677188393,0.0,-0.2217127734342647,-0.2478718084569988,0.9130289905385846,0.544487155895216,0.2021682468594887,-0.5978505922601076,0.25,1,0.11320681226845553
UCt-05T0jt190k1pwcTvSthQ,0.3081977226733441,-0.2965380433938483,-0.3326542077609697,0.0,-0.2217127734342647,-0.2478718084569988,0.8623694476265132,-0.9623265351910189,-0.8268262106777506,-0.5978505922601076,0.25,1,0.11164101950406874
UCt-9-2Eddp0hVMnWCcwGNVA,-0.2576119345012194,2.938070631885101,5.54863197077576,0.0,-0.2217127734342647,-0.2478718084569988,0.2251509948726372,-0.474665480616115,-0.5046703925662774,-0.3094234624420706,0.0,-1,-0.060531645565534586
UCt-9z2A7nk4G_gPpZY7-VcA,0.2408173801805213,0.4644478225446976,0.7805367848847546,0.0,-0.2217127734342647,-0.2478718084569988,-1.2270745198334447,-1.0858124340505328,-1.0915326492433175,-0.4536370273510891,0.25,1,0.050390110501305485
UCt2aP11HkjKlPiaKopvWRhA,0.0265174200817596,0.0102860332385113,-0.1624101724140101,0.0,-0.2217127734342647,-0.2478718084569988,-0.0640840132452248,-0.5146623221067763,-0.829202240643445,-0.4536370273510891,0.0,1,0.12762973041245618
UCt3or7cdWH5hrYblE7FjNww,-0.2934535148147205,6.476476311217164,5.590884376488956,0.0,-0.2217127734342647,-0.2478718084569988,-0.4784072002505076,0.5267464559234554,1.4025953342858632,-0.5978505922601076,0.0,-1,-0.09001861342720863
UCt3tVTd1CUcW8eCjSQ_k_Qw,0.3282076883296191,-0.0871857038132051,-0.4177127319648148,0.0,-0.2217127734342647,-0.2478718084569988,1.0009132658023518,-0.4014279336203034,-1.2147790919480497,-0.4536370273510891,0.0,1,0.10675246557236828
UCt51Z9Uk5xYacFauFzJqRlA,-0.2856079442374067,-0.0257361304545142,-0.0742173595766268,0.0,-0.2217127734342647,-0.2478718084569988,-0.8293594796488095,-0.80131142754241,-0.6751430469616283,0.4116443621030221,0.5,1,0.06232562251997609
UCt5waZfn7ABisiEgnEeQ-_A,3.965137543577713,-0.2191660682683243,-0.3348367205998389,0.0,-0.2217127734342647,-0.2478718084569988,0.5636237672367195,-1.373713034524806,-1.2147790919480497,-0.3094234624420706,0.0,1,0.08233001015505997
UCt6BkPFLJ9IAY1YvNut-0Wg,-0.186461095359124,-0.3517518472392927,-0.4404734455534032,0.0,-0.2217127734342647,-0.2478718084569988,1.3505371731049858,-0.2349044173560886,-0.303317132069975,-0.3094234624420706,0.0,1,0.12093509489347815
UCt7EdS8f6DVtA9AmdpD3GCw,0.307910480144861,-0.2516162863178399,-0.2907955909281837,0.0,-0.2217127734342647,-0.2478718084569988,-0.6857748000936571,0.1819431269223996,2.223786626941559,-0.5978505922601076,0.0,1,0.07699600886220337
UCt8yPqspuLLAwZJ9CooBD9Q,-0.2744944717306462,0.4912878660806775,0.1750765799675615,0.0,-0.2217127734342647,-0.2478718084569988,1.0414587910771955,1.3270789124321505,0.6770234916829535,-0.4536370273510891,0.0,1,0.10344739882532755
UCt9w9bHdMAm1bAL7rH3JbZA,0.0741837506197029,-0.2941365658143133,-0.3711742500059838,0.0,-0.2217127734342647,-0.2478718084569988,0.7510335523362764,-1.0496180008899734,-1.2147790919480497,-0.4536370273510891,0.0,1,0.11186665556480496
UCtBMdTpz-6A8S1HlGsZ7edA,-0.2938243560271586,-0.2630586206673892,-0.4033813770257227,0.0,-0.2217127734342647,-0.2478718084569988,0.2722037609630074,-1.0858124340505324,-1.0915326492433188,-0.4536370273510891,0.0,1,0.1153079007397888
UCtBne5ZbUqhgqakr_4lsMJQ,-0.1821193336145776,-0.4869610891122741,-0.465149391437716,0.0,-0.2217127734342647,-0.2478718084569988,0.9366636419772756,-0.0804105965913022,0.2160541104543799,-0.4536370273510891,0.0,1,0.12034402230548374
UCtC3NOywYBxszkFduofTfsQ,0.9999408518067914,-0.0493705817463184,-0.0997399830998244,0.0,-0.2217127734342647,-0.2478718084569988,0.2569627702855752,-1.006567869137556,-0.925545722712148,2.430634270829282,0.0,1,0.056176131201595036
UCtCt6fJW76W94KFF1QOvgrA,-0.2197520321076613,-0.1872001818314881,-0.1514695017960104,0.0,-0.2217127734342647,-0.2478718084569988,-1.1619055900053463,0.1258565720034764,1.1619541434416747,-0.5978505922601076,0.5,1,0.05935975265966781
UCtDT0UdfTANQy73gvTe2XJg,-0.2447671827290705,-0.3417625077277814,-0.2813306154707758,0.0,0.6913574657089212,0.7154674764909068,-1.0659494100524176,-0.3934902090844448,-0.401997920296649,0.7000714919210592,0.5,1,0.013125635509449451
UCtDWzTvmd3EV7lDRdJ-WNjw,-0.0742955069271005,0.4001729814453773,0.6362965275439016,0.0,-0.2217127734342647,-0.2478718084569988,-1.4011107133927676,0.6195669397744267,0.029802081425437,-0.4536370273510891,0.0,1,0.09201861295624564
UCtEMxAhuwzzQF_RcA-3eSiQ,-0.0183902744687788,-0.1821146998983551,-0.4277463218189142,0.0,-0.2217127734342647,-0.2478718084569988,1.1985252208680086,0.1713573212242979,-0.7608827442243626,-0.5978505922601076,0.25,1,0.11509010218859173
UCtEcFxSN6dyRZsptbUjyo7Q,1.1620605327109863,1.4480904706970328,0.1536981259416048,0.0,-0.2217127734342647,-0.2478718084569988,1.419431352466865,0.1082995182728988,0.0240452100524837,0.2674307971940035,0.0,1,0.01914810053364574
UCtFnC_O9GXJr9gbi2FgAd7Q,0.6237267232493928,-0.0100558944940207,0.049654548503824,0.0,-0.2217127734342647,-0.2478718084569988,0.6365201502742018,-0.3041533541180463,0.7719976078260748,0.123217232284985,0.25,1,0.10211569124359149
UCtGg-vpr2mSHSB4nN93NRwg,-0.2733910200599305,0.8409147489835737,0.4259874559126848,0.0,-0.2217127734342647,-0.2478718084569988,-0.7646494926407889,1.171249866038793,2.1008041535037405,-0.5978505922601076,0.0,1,0.04742713629348144
UCtIEk806i-8fyn3cbXFohIw,0.9701910567131148,-0.0622291721043115,0.4006538923240684,0.0,-0.2217127734342647,-0.2478718084569988,1.2889377255325425,0.4848138873914633,1.1539755269765055,-0.0209963326240335,0.0,1,0.07823276589634565
UCtIJbTDsf1ZRTMa7sIyek_g,-0.0281250457392755,-0.245683224062518,-0.4275729722863341,0.0,-0.2217127734342647,-0.2478718084569988,-0.8776953839389015,-0.0265551528798637,0.595778082957308,-0.5978505922601076,0.0,1,0.12090203713508024
UCtJ4STG4jjQLrJky9JhNfUw,-0.2953491009632527,-0.4843376262102611,-0.5117553073832635,0.0,-0.2217127734342647,-0.2478718084569988,-0.5608349433606193,-1.3737130345248083,-1.2147790919480497,-0.3094234624420706,0.0,1,0.08375240662057931
UCtN3TFRvyK7t_D5PExEBKSg,0.5059556403831259,-0.2293908467582214,-0.309966881260942,0.0,-0.2217127734342647,-0.2478718084569988,-1.0605943702927705,-1.3737130345248083,-1.2147790919480497,-0.0209963326240335,0.0,1,0.10317501581672983
UCtObCLVvuiQf4wl4YeOGT-Q,-0.0297596885245654,0.3518609030806135,0.2360097090540493,0.0,-0.2217127734342647,-0.2478718084569988,0.1482586717627629,1.6955291156599646,1.5190332578839087,-0.5978505922601076,0.0,1,0.07758984408239322
UCtOcrZJ8rQK00WMxplAdoXw,1.5596580710210368,0.6067706849789068,0.6178827339378878,0.0,-0.2217127734342647,-0.2478718084569988,-1.435413940491883,-1.3737130345248083,-1.2147790919480497,-0.165209897533052,0.0,1,0.03580396900646049
UCtOg9NycT7FokhHcKDgHW-A,-0.2313226063486912,-0.1465163263664238,-0.2546858408396453,0.0,-0.2217127734342647,-0.2478718084569988,0.9366636419772756,-0.5977315717647047,-0.8892765715999601,-0.5978505922601076,0.0,1,0.1292798399825204
UCtPR-lQIO-cxmZdd3exO9mQ,0.1110521834839672,-0.3576408793480073,-0.3650391529509309,0.0,-0.2217127734342647,-0.2478718084569988,-1.5383114632024362,-0.344226378373236,-0.0101847700853086,0.2674307971940035,0.5,1,0.05775354764571844
UCtPZkkDa6ymGRPS08EROlxg,-0.2108632221554207,-0.2672965222783334,-0.3973538811063024,0.0,-0.2217127734342647,-0.2478718084569988,0.9589676929761785,0.5708571672842018,0.0396546570696133,-0.4536370273510891,0.25,1,0.1290283345679793
UCtQOVyilS5Ey0C8V9hDDFxA,3.4541162452837764,-0.289898664203369,-0.4801035004544946,0.0,-0.2217127734342647,-0.2478718084569988,-1.435413940491883,-1.3737130345248083,-1.2147790919480497,-0.4536370273510891,0.0,1,0.074914379952853
UCtQS9F0BG2HQnUhE-nERROw,-0.2412349834226511,-0.3408543859540076,-0.4452650250890805,0.0,-0.2217127734342647,-0.2478718084569988,1.300676601325614,0.8393246292952854,-0.0200230612170667,-0.3094234624420706,0.0,1,0.12080237203424232
UCtTqsrb7-_Nc5-cT-qpG8dg,0.1041708630301149,-0.3230955601557652,-0.3033796267336019,0.0,-0.2217127734342647,-0.2478718084569988,0.4692605600942788,-0.0796097980667291,1.8418918924473429,-0.4536370273510891,0.0,1,0.08945854540119225
UCtUrkh16OXYe3J1O6lbWl7Q,1.349424034907564,0.2498283766761665,-0.183799396685983,0.0,1.6044277048521072,3.123815688860671,-1.146802208059829,-0.9054717292000078,-0.6694742913092186,1.7095664462841889,0.25,-1,-0.05463233265076495
UCtUzPq40JV_73mgZYF1tMcA,-0.072122304410705,-0.198218726019943,-0.115175624700483,0.0,-0.2217127734342647,-0.2478718084569988,-1.1739220655850091,-0.0893817175562143,-0.1816590370764857,-0.5978505922601076,0.25,1,0.113996179138041
UCtVGviM4f-N8DAfZ7zjINKA,3.4912108260305303,-0.2545828174455008,-0.0865927887376317,0.0,-0.2217127734342647,-0.2478718084569988,0.6885636239697576,-1.3737130345248083,-1.2147790919480497,-0.4536370273510891,0.0,1,0.08561321794778387
UCtWd7InmaM1gBHCtk9ZTrVA,0.3062024959126111,-0.224211189233734,-0.2704501578560887,0.0,-0.2217127734342647,-0.2478718084569988,1.247152358161365,-0.8461463806131646,-0.6161914163394362,-0.4536370273510891,0.0,1,0.12016956067432355
UCtX0ew8Vhvg9Y211IvW4Z1A,4.506207801117094,-0.3871349622766998,-0.4112865083200506,0.0,-0.2217127734342647,-0.2478718084569988,-1.4077870765787883,-1.1500437794405642,-1.0395757142427453,-0.0209963326240335,0.0,1,0.06138647631252364
UCtY-zMZ5knL5zl-uHKrTbhg,-0.2703655530956807,-0.4954368923341625,-0.5658026219861622,0.0,-0.2217127734342647,-0.2478718084569988,0.8446170439268704,1.3270789124321505,0.6344965717598832,-0.4536370273510891,0.0,1,0.0903569894036107
UCtYI6njqoKz1T5odI-ZIcXQ,0.886541747101468,-0.1677058344211448,-0.3410841770671351,0.0,-0.2217127734342647,-0.2478718084569988,0.1816056751340993,0.8376024046088012,1.7656084920428912,-0.5978505922601076,0.25,1,0.06299073154492185
UCtYwiZ4ksdRzBo8jAs2oFTw,0.1850488005747885,0.0507815375208669,0.0151713915454774,0.0,0.6913574657089212,2.6421460463867183,-1.4957181549566707,1.040242855863374,0.0056551690363453,-0.0209963326240335,0.0,1,0.009770631847927924
UCtZa1TJrrfj24mDRUrzRA6Q,-0.2440317552538158,-0.2435642732570459,-0.5501007959748071,0.0,-0.2217127734342647,-0.2478718084569988,-0.3601381781143944,2.205118950523067,1.8365723512539969,0.123217232284985,0.0,1,0.02332217037258494
UCt_CC36lmVA8RkV3xG74WDA,0.082181251676403,-0.2261639478191691,-0.3498206724007736,0.0,3.430568183138479,8.422181756074153,-0.0261378785018603,-0.9261917380376958,0.0548474029082422,3.5843427901014304,0.25,-1,-0.12588451460468875
UCt_IqmSacIwu9zTD8Zjz8SQ,-0.2659508409153931,-0.1652841763577481,-0.2162670312221433,0.0,-0.2217127734342647,-0.2478718084569988,-1.1905240097871423,0.6745502096612885,1.9168151667987487,-0.3094234624420706,0.0,1,0.07963914570691599
UCtaMLkady-p2eGO8jZ6Izsg,0.1081012904208863,-0.2533114469622176,-0.3449852413079906,0.0,-0.2217127734342647,-0.2478718084569988,1.168552075484223,-0.4457325100908638,-0.6448215599575537,-0.5978505922601076,0.5,1,0.08158173646079908
UCtasfal92yyLYV-Zv5ro42Q,0.3281512638073603,-0.4233925649481113,-0.4708186779384243,0.0,-0.2217127734342647,-0.2478718084569988,1.2064937052915436,1.219047234553872,0.0070227125737517,-0.4536370273510891,0.0,1,0.10756660529689288
UCtbQAoYxNO4lnUY5mWc-FIw,-0.3007684139705237,-0.3168799711263805,-0.2795878464600583,0.0,-0.2217127734342647,-0.2478718084569988,-0.9636620863438532,0.1394873672105525,1.3749063433818285,-0.5978505922601076,0.0,1,0.10450124877144618
UCtdeoxrzE8c_wGn3Xmdlr1w,-0.2677479410147884,-0.1309773537929617,-0.239901274972546,0.0,-0.2217127734342647,-0.2478718084569988,-0.0027509199874345,0.2395934498524995,-0.2912347280359537,-0.4536370273510891,0.0,1,0.13177531327151243
UCtfWQOhlf4eUNeXP25fR78w,0.1785954440755438,-0.350843725465519,-0.326590113700072,0.0,-0.2217127734342647,-0.2478718084569988,-0.1546806781032383,1.2887179155248838,1.831162613684863,0.7000714919210592,0.5,1,0.011241598490968507
UCthJU9ITZbTY3PZUem4r0qA,-0.271262262832006,-0.4229216869913397,-0.4380687391711605,0.0,0.6913574657089212,0.7154674764909068,0.8589667624387823,0.9375630637443776,1.3528528292734607,-0.0209963326240335,0.0,1,0.057754186451691836
UCth_QqlrDeDr_1o3ujUJkJw,0.0326788326030177,-0.4313033146218737,-0.4881695425660304,0.0,-0.2217127734342647,-0.2478718084569988,-1.2354412195883635,-1.0626533451216789,-1.1363133422457783,-0.5978505922601076,0.25,1,0.0874952655056509
UCtjZPCJfyv0oJX40B0DfPkw,0.055418059909382,-0.3165032687609632,-0.4951642474214781,0.0,-0.2217127734342647,-0.2478718084569988,0.1015684493732509,0.4771016543956772,0.2326392789943418,-0.0209963326240335,0.25,1,0.10981225659277022
UCtlMRE4IPd92aiW9_h0ut6g,-0.2280207777114005,-0.4368125867161012,-0.4333407171783915,0.0,-0.2217127734342647,-0.2478718084569988,1.1899380426983648,-0.293396255742025,-0.3520096336353566,-0.4536370273510891,0.0,1,0.1215456661527658
UCtmI2fIHy-d740M8gnkJSmQ,1.8064801507432025,-0.1388881034667242,-0.2048883011452423,0.0,-0.2217127734342647,-0.2478718084569988,-0.7419254101862022,1.3035370786463296,2.316937829976636,-0.5978505922601076,0.0,1,0.004711791644325558
UCtnjcvGKjNw5fBJl7S-6XqQ,0.5033498913312607,-0.2736533746947497,-0.4057154370146918,0.0,-0.2217127734342647,-0.2478718084569988,-1.1855342270258078,-0.8551609807090724,-0.8962021299537767,-0.5978505922601076,0.0,1,0.11943359310119894
UCtnlYTmDUfFCyL0ddk_PiCQ,0.2485155146959003,-0.3448501217586122,-0.4081712706266603,0.0,-0.2217127734342647,-0.2478718084569988,-0.2355704811529851,-0.3880274727800769,-0.5354352115798982,-0.5978505922601076,0.0,1,0.12276916947536337
UCtqnsmmFXdxMxJcnGNpWXYA,-0.2526625845992018,2.495512620799357,3.201204449402013,0.0,-0.2217127734342647,-0.2478718084569988,1.2012378712769485,1.043421830219842,1.5011525760645497,-0.3094234624420706,0.0,-1,-0.06163760578630617
UCts5p0NV7ksSVNL0PUtX5Gg,-0.0899872076997448,-0.4869610891122741,-0.5284461183882617,0.0,0.6913574657089212,0.7154674764909068,-1.151230999926692,0.1980523611591418,-0.0196016801171042,-0.4536370273510891,0.0,1,0.0604556057999725
UCtsP3SHibwpeJu6x_1-DX8A,-0.300010506780424,1.416663953556135,3.2948402854364702,0.0,-0.2217127734342647,-0.2478718084569988,-0.1781184505162355,1.9539831161738064,1.7519075434060147,-0.3094234624420706,0.0,-1,-0.037437433009605336
UCtsTDXqQ07qxrAHhb2Hp5fw,2.84795514491616,0.0704642361139189,1.1869208235045408,0.0,-0.2217127734342647,-0.2478718084569988,0.8135034807027949,-1.373713034524806,-1.2147790919480497,-0.5978505922601076,0.0,1,0.03880776067263492
UCttfMrawsqADhybndvS2-xw,0.5589973805408359,-0.2556422928482368,-0.2369079749269933,0.0,-0.2217127734342647,-0.2478718084569988,0.4547233229148882,-0.9269878724979844,-0.6082120128677763,-0.165209897533052,0.25,1,0.11386135107608958
UCtuGkU-7CbRQjm2Ir8lvSNQ,0.6880232886237223,-0.2980213089576788,-0.3311207753801476,0.0,-0.2217127734342647,-0.2478718084569988,1.151216011196666,0.4240418634976488,0.9994909745743716,-0.165209897533052,0.0,1,0.10937100431872715
UCtuNvVuKxChsGryr9LwNWBg,3.7014401162694472,-0.1860700747352363,-0.2869280964365356,0.0,-0.2217127734342647,-0.2478718084569988,1.1883230509019085,-1.3737130345248083,-1.2147790919480497,-0.4536370273510891,0.0,1,0.07890176366159207
UCtuomBdrOJzV5xS29pejPKQ,-0.2076892417284592,0.1960473871848986,0.2488869512450312,0.0,-0.2217127734342647,-0.2478718084569988,1.275014029241187,-0.533718481020856,-0.1642580709468002,-0.4536370273510891,0.25,1,0.10200113662130295
UCtw9QO3w9327bZnZLWNZnAA,-0.281730014271685,-0.1253268183117028,-0.4416368154549621,0.0,-0.2217127734342647,-0.2478718084569988,0.410073109582269,1.189360571772569,0.6671067801695871,-0.5978505922601076,0.0,1,0.11444499414493697
UCtwSr9fLXCCd2dHC9KIam3Q,-0.2711175227951097,-0.4735410673442842,-0.3454180291792101,0.0,-0.2217127734342647,-0.2478718084569988,-1.3619887682194494,0.4628254894059235,0.1876640120192757,-0.4536370273510891,0.0,1,0.10400591783138607
UCtxliviwU_cJGq75Gkhld8A,2.3706043854139205,-0.1253268183117028,-0.2380384816454928,0.0,-0.2217127734342647,-0.2478718084569988,-1.3104740837588456,-1.3737130345248083,-1.2147790919480497,-0.4536370273510891,0.0,1,0.0905327473663951
UCty2nCbnDeXy2tln-EXpWiQ,-0.0876763784800599,-0.282129177916638,-0.3817001044886252,0.0,0.6913574657089212,0.7154674764909068,1.1095083054997372,-0.5260556783628321,0.0610077852157173,-0.3094234624420706,0.25,1,0.06154597473356238
UCtyNnZhqmJggoFZAA5OSl1g,-0.1502489011592115,-0.4424631221973601,-0.4764413573659196,0.0,-0.2217127734342647,-0.2478718084569988,0.0559674176592983,1.205390778947932,2.1424717044835657,-0.4536370273510891,0.0,1,0.07158674220442657
UCtywaV3fTGGQX-f932m2UuQ,-0.1160982896934511,-0.2741831123961177,-0.3213713632914551,0.0,0.6913574657089212,0.7154674764909068,-0.0304188827973979,0.20700035159041,-0.2100964187236917,-0.165209897533052,0.0,1,0.0801889669445301
UCtzvQvrNpDPBegh4CTfusWw,0.0001190904231735,-0.4177420294668523,-0.4802142037875249,0.0,-0.2217127734342647,-0.2478718084569988,0.7792982350896812,-0.5727213722924636,-0.4031891870542631,-0.5978505922601076,0.25,1,0.11401588769402854
UCu1NzPyodaSoLRB4JxXKLQQ,-0.2950545124278281,-0.1415721078203222,-0.2951149302126281,0.0,-0.2217127734342647,-0.2478718084569988,0.6982819903206327,1.219047234553872,0.6181570001133063,-0.4536370273510891,0.0,1,0.11782715153110468
UCu1oTg1OkgGUbRG0S5rqnGQ,0.0316910145589154,0.4228294554423482,0.1560343844037934,0.0,-0.2217127734342647,-0.2478718084569988,1.1057988131616567,-0.2429216989841386,-0.1137720543136924,2.430634270829282,0.25,1,0.04182554529612903
UCu2oQ7UTal3-HWu0bWWB-3w,1.8774969558934689,-0.2712989849108917,-0.3489962340125753,0.0,-0.2217127734342647,-0.2478718084569988,-1.171761723994737,-1.246118156694654,-1.0296762416224317,-0.0209963326240335,0.0,1,0.10251070565266185
UCu2wQb5xZ-w75PFPXT-FO2Q,1.1662057534855204,-0.3974001017343202,-0.5021914401517933,0.0,1.6044277048521072,1.1971371189648596,1.1672122583434112,0.8806474083451723,-0.9712313078817676,0.8442850568300777,0.0,-1,-0.008914413094396112
UCu5Bjejci_OGaj5fSNPc8iw,0.0071723710799111,-0.3647682593300498,-0.3676872281159785,0.0,-0.2217127734342647,-0.2478718084569988,1.0848401238907606,0.3856600052071532,-0.2758786796946325,0.7000714919210592,0.0,1,0.1117392765316993
UCu5GAuT6IAYek2hTeaMko8A,0.9443410600506552,0.4971738405403222,0.9183181119545114,0.0,0.6913574657089212,0.7154674764909068,-1.4147748340650168,0.3422593759885399,1.7066981939290125,-0.0209963326240335,0.0,-1,-0.02171746537090502
UCu845l7vWxle4zMBrb8BBcA,1.0833555927643563,-0.3947362778645838,-0.3573519406485611,0.0,-0.2217127734342647,-0.2478718084569988,-0.2928783400036848,-0.8973225283003573,-0.9131029879314512,-0.3094234624420706,0.0,1,0.1109558312867252
UCu9kEzZh6CqJgnb3uv2slmQ,-0.2627627194084919,-0.4550355636431612,-0.5018087523544013,0.0,-0.2217127734342647,-0.2478718084569988,0.4895416774294019,-0.3079363728786087,0.0122899181930158,-0.5978505922601076,0.0,1,0.12492219286980932
UCu9lwxp3iYDHbzxrH_dxQKQ,0.0381030230111789,-0.0517414357943991,-0.2062301095714727,0.0,-0.2217127734342647,-0.2478718084569988,-1.230185464265779,0.3394029637765925,0.1789893822671167,0.2674307971940035,0.5,1,0.0695621153288421
UCuC8hTPaluOci-c-KtoVMSA,-0.2923758818934178,-0.4821581339532041,-0.5067961031475303,0.0,-0.2217127734342647,-0.2478718084569988,-1.460239597307603,0.3373403249666902,-0.2099434944170121,-0.5978505922601076,0.0,1,0.09071113211575366
UCuCDDTndtTA5nrF6ASzO8YA,0.7798040450881325,-0.2114974844009014,-0.3031109524910816,0.0,-0.2217127734342647,-0.2478718084569988,-1.2793734952054163,0.0844822358266224,2.1041510942128947,-0.4536370273510891,0.0,1,0.058352050908409614
UCuCoPM8IwlcCR-IWGjBlihg,-0.1666782291914027,-0.2414453224515738,-0.1223608755916013,0.0,-0.2217127734342647,-0.2478718084569988,-1.452687696075761,0.4591424604302392,1.4615147449964716,-0.5978505922601076,0.25,1,0.08943873960566917
UCuDZg23emme3-PVUBL2bwPA,-0.2981203087516866,1.3717119257543342,3.2328790841539803,0.0,-0.2217127734342647,-0.2478718084569988,0.9247897263386246,0.9936847500351093,1.5240406697684787,-0.165209897533052,0.0,-1,-0.00718480721075565
UCuGAccKAO0csFFZSAavlXyg,2.31287737076416,-0.3504653413931132,-0.4513109403753298,0.0,-0.2217127734342647,-0.2478718084569988,0.0371117308242464,1.994586572236407,1.624484175159702,-0.165209897533052,0.0,1,0.0012548328634151562
UCuHcviwM8H4ceBVojynZSWQ,-0.2233650402626506,-0.2829767582388269,-0.3369074319875091,0.0,-0.2217127734342647,-0.2478718084569988,-1.2833963600521263,1.3767811847407423,0.8159245984617546,-0.5978505922601076,0.0,1,0.1003892189387059
UCuIcb1zH740tUX3XII0t3mQ,-0.0464371503046394,-0.4897863568529036,-0.422036433755688,0.0,0.6913574657089212,1.6788067614388125,-1.413489537400208,2.070662416459363,2.44175065610208,-0.0209963326240335,0.0,-1,-0.0705189516149417
UCuImGSS0vOnuq0AHYUUCnCA,-0.2181176525953456,-0.1237376052075987,-0.3146964580035917,0.0,-0.2217127734342647,-0.2478718084569988,-0.8475477286377899,0.7329046841016192,0.9775429772299886,-0.165209897533052,0.0,1,0.11867055265614906
UCuJ8BGUhNIAVImhkQGKihug,2.2987614363668745,0.0908061638464511,0.0331339220587111,0.0,-0.2217127734342647,-0.2478718084569988,-1.435413940491883,-1.373713034524808,-1.2147790919480497,-0.3094234624420706,0.0,1,0.06874104597275527
UCuJklxRjT3hKWyviJxqnQuQ,1.1369431330148303,-0.1487982733877014,-0.0352163403364975,0.0,-0.2217127734342647,-0.2478718084569988,1.4136633577149866,0.4916169654208571,0.0466581625837131,0.5558579270120406,0.0,1,0.08864425082477717
UCuKNQKkvdbznwuc0ljTc0Yw,-0.2738857395922977,-0.4495262915489338,-0.4768716302200049,0.0,-0.2217127734342647,-0.2478718084569988,0.2293840044861843,-1.0172971987421384,-0.8220531769128758,-0.4536370273510891,0.25,1,0.08904582642154363
UCuM4rKEMZkH9bnzHbBtPr3Q,0.1461153992588589,-0.4414742784881398,-0.4268237923394717,0.0,-0.2217127734342647,-0.2478718084569988,-1.1772024123738296,0.579502286049279,-0.3803861564644385,-0.5978505922601076,0.0,1,0.11014895863067475
UCuM6kpppW-mtPXDufwkUcCg,-0.0238832539961375,-0.3753630133574103,-0.276473587809511,0.0,-0.2217127734342647,-0.2478718084569988,0.6350281112278242,1.437930955345369,1.964513207897281,0.2674307971940035,0.0,1,0.07261619254547369
UCuO4v-AgrtjS9W5sTQX9XwA,-0.2740277741351025,0.6217546942461738,1.2546952654243066,0.0,-0.2217127734342647,-0.2478718084569988,1.2371890178256268,0.329278203317658,0.0591078091521352,-0.3094234624420706,0.0,1,0.07338238536445679
UCuOopMHeNLvcJJcA6Xcx6Tg,2.5035700677282704,-0.2634824108284836,-0.3445479847041175,0.0,-0.2217127734342647,-0.2478718084569988,0.8135034807027949,-1.373713034524806,-1.2147790919480497,-0.5978505922601076,0.0,1,0.09691144013816394
UCuP7cfsbdHOFnS7frW44Mxg,-0.2091033773813483,-0.4287605736553072,-0.4333287678007634,0.0,-0.2217127734342647,-0.2478718084569988,1.0339461775622607,2.225607395244173,1.814541315604005,-0.5978505922601076,0.0,1,0.03711513676844491
UCuPeEwAkTRPdwfuDmLlsI3g,0.6732686133648246,-0.3134896498376252,-0.1175836266429442,0.0,-0.2217127734342647,-0.2478718084569988,1.157587283699832,0.4731106887355272,-0.6263979503573424,-0.5978505922601076,0.0,1,0.12210942751249326
UCuPhLIuzUqywEO8mflnThRQ,0.0037549781855132,-0.3295533149914897,-0.3938390231681158,0.0,0.6913574657089212,0.7154674764909068,-0.6484676486173171,1.0739329388275671,-0.6804935729138514,1.7095664462841889,0.0,1,0.02476174970614231
UCuQETkt2upgjn7dJhh3kqdQ,0.9801492847481592,-0.155839709910501,-0.0685339538398465,0.0,-0.2217127734342647,-0.2478718084569988,-0.8379784905055857,1.3203962029449323,0.1260322201209252,-0.5978505922601076,0.25,1,0.09138188986766799
UCuQt7qDBrCE-JaNnhHAIkhQ,-0.2548684303171377,-0.2432817464829829,-0.2790118447648594,0.0,-0.2217127734342647,-0.2478718084569988,0.5070491992911483,-0.0671378238164125,0.7685231902382801,-0.4536370273510891,0.0,1,0.1257814284898393
UCuRn0JsYOXmPPUrKsExUgNA,0.7044142158386647,-0.2956134103150969,-0.3284041330216183,0.0,-0.2217127734342647,-0.2478718084569988,-0.9583768172561148,-1.0844240592564742,-0.943959011730684,0.2674307971940035,0.25,1,0.09354881058501935
UCuSctxLDMvxKMWaWgt4c8Gw,-0.1436053058034783,0.3552512243693689,0.1399360092177984,0.0,-0.2217127734342647,-0.2478718084569988,0.2253366105652907,1.6348741271116165,1.2219436279364215,0.123217232284985,0.5,1,0.05229280767415562
UCuSkDhKSZP5BrmZ1XTCy-qw,-0.2936724176134598,10.276905393008748,6.419025124615378,0.0,1.6044277048521072,1.1971371189648596,-1.3395666416946677,-0.0836842368193072,1.266458331826848,0.7000714919210592,0.0,-1,-0.1557373146652592
UCuStEhW9cZFvO0HNkl2_lOA,-0.2985734896559927,-0.2855194992053934,-0.2474752743517537,0.0,-0.2217127734342647,-0.2478718084569988,-0.4015918595284661,0.1463499836895677,-0.0399408636103357,-0.5978505922601076,0.0,1,0.1272761176351691
UCuTBZ5z09pHgrjZ3pjnKnFg,-0.043140753821899,-0.0643010351141064,-0.374443710103436,0.0,-0.2217127734342647,-0.2478718084569988,1.4121617799319448,-0.3095887142970764,0.4806764707601084,0.123217232284985,0.25,1,0.08829613238424233
UCuWc3nJmuPGNN2-roO0GmvA,-0.2803299679297796,-0.0695277804342709,-0.3406714203228768,0.0,-0.2217127734342647,-0.2478718084569988,0.6848721916364269,1.2126634969833068,0.9126751220928456,-0.4536370273510891,0.0,1,0.11731513245677894
UCuWeHxzmG_KtdsdowssH4Gg,-0.2229181898327912,-0.0098439994134735,-0.015863177408605,0.0,-0.2217127734342647,-0.2478718084569988,-1.3161803855669747,0.6960933535548237,0.0736002352842539,0.9884986217390964,0.25,1,0.08258448166359511
UCuXlFx7wWe6gDSsaWG5vnKw,0.8195286362667707,0.6996513619521005,0.743563863305209,0.0,-0.2217127734342647,-0.2478718084569988,-1.121975321098605,-0.8903953009755522,-0.8869860806264875,0.4116443621030221,0.0,1,0.054909000295315036
UCuY7tGv7Ju1BU-8QVqFo1Xg,0.0428193856184467,0.5129011642964929,-0.0768503255761593,0.0,-0.2217127734342647,-0.2478718084569988,0.7284792534569435,-0.4716351816038812,-0.1141630402789376,-0.5978505922601076,0.0,1,0.11136112297429102
UCuZ2pUdWeoq-c4c2cDTH4Xw,0.1540143431475817,-0.2990807843604148,-0.4485225566717576,0.0,-0.2217127734342647,-0.2478718084569988,0.7355642384383023,-0.603602980108131,-0.1779129644812412,-0.165209897533052,0.25,1,0.12119165559146505
UCubbEx2_cLEiFGYxCtqa8Pg,-0.2870863882064279,0.1992964450866224,-0.0573165130563579,0.0,-0.2217127734342647,-0.2478718084569988,-0.8973253462874445,0.0920755856976773,0.3805420837964327,-0.5978505922601076,0.0,1,0.11224197069948805
UCudFHoEF0HLhpWZ9lHgBnLA,-0.028973418090057,-0.4126565475337193,-0.4204541702388832,0.0,-0.2217127734342647,-0.2478718084569988,-1.265950081466588,-0.253169167216176,-0.0895800299689568,-0.5978505922601076,0.25,1,0.10799433171410194
UCuew9r_wVa0s2zUui0Ux46Q,0.0418062420902982,-0.2651775714728613,-0.1599020563301568,0.0,-0.2217127734342647,-0.2478718084569988,-0.9014492679466184,0.0795779935793143,0.0269848621580668,-0.4536370273510891,0.0,1,0.12865052127664
UCufYjNoxf32o2NFXt_4J_IA,2.1630212469517605,1.4228391816177963,2.0471323197690183,0.0,-0.2217127734342647,-0.2478718084569988,1.1378817590489,-1.0179275485459556,-0.9748909464114148,3.728556355010449,0.0,-1,-0.08458038399802237
UCufbybbxUwsJI2Zlfjmv1ew,2.068426452483893,1.152400517387972,0.5279705375272254,0.0,0.6913574657089212,0.7154674764909068,-1.0286733698024204,-0.7669246384195406,-1.026389688217586,-0.165209897533052,0.25,-1,-0.03406192612073211
UCugJeFQNP8Wm8lqnqJJCH8g,3.7706354943914695,-0.4126565475337193,-0.4625420322399692,0.0,-0.2217127734342647,-0.2478718084569988,-1.435413940491883,-1.3737130345248083,-1.2147790919480497,-0.5978505922601076,0.0,1,0.06522461196401608
UCujEiTELXl8JqQYuG4kg14A,0.4144968619075582,-0.1165483078318899,0.1271791337027143,0.0,-0.2217127734342647,-0.2478718084569988,0.8337492096948088,-0.8356950002111917,-0.245379495315574,0.7000714919210592,0.0,1,0.10052944698093691
UCul3KWP7-qOJlYksjCGimgw,-0.2659925427278339,0.4999991082809517,0.3807790647313639,0.0,-0.2217127734342647,-0.2478718084569988,0.8244187122653763,1.0218600134587337,0.9306910543517052,-0.0209963326240335,0.5,1,0.05690854240132198
UCumrvhbd16MTb-nbV5vt_Cg,-0.1809371092657954,-0.2948428827494707,-0.4083478894311425,0.0,-0.2217127734342647,-0.2478718084569988,-1.2762688381457314,0.8656246715071343,1.5333728725607585,-0.5978505922601076,0.0,1,0.09568139556982364
UCun8tgkE8I704Z9j1lIHXJw,-0.0047340479743802,-0.4262178326887407,-0.5156887049133004,0.0,-0.2217127734342647,-0.2478718084569988,1.0439023381725163,-0.6648827631332679,-0.4319590762465991,-0.5978505922601076,0.5,1,0.07126027051483785
UCunKymEvNYuDanvOGaJB-_A,-0.2274763192188472,0.507533155589297,0.3882523590776804,0.0,-0.2217127734342647,-0.2478718084569988,1.3897232235256454,-0.1611704563411966,-0.4116688304653779,-0.4536370273510891,0.0,1,0.0938687307476036
UCunllKCqzQar8fUAB2px_Yw,1.6224923345327678,0.2721883527948627,0.0074448990651459,0.0,-0.2217127734342647,-0.2478718084569988,0.1744816323197236,1.7524604294509454,1.5673327365751109,-0.5978505922601076,0.0,1,0.018169940572541732
UCuoLf-ObavcyjSWDQgb2E1w,-0.2763800047925625,-0.2983744674252575,-0.4895719799000105,0.0,-0.2217127734342647,-0.2478718084569988,0.1060552824016528,1.400041350283385,1.523718756547256,-0.4536370273510891,0.0,1,0.09199697740119611
UCupC0GKAnfAYgwqynEmb5Lw,3.793364337758702,-0.2806551251823966,-0.3122260310593541,0.0,4.343638422281664,2.6421460463867183,0.3520275564282103,2.168605792589001,0.9248993251701668,1.997993576102226,0.25,-1,-0.12287416234162396
UCupGFdgE2xEAJTlmkf-fIAA,-0.0790387031943996,-0.2742587892105988,-0.2262411362866277,0.0,0.6913574657089212,1.6788067614388125,1.210089763456409,0.0636625677421505,1.2123844422806265,-0.3094234624420706,0.0,1,0.03614174987415153
UCupl4_0BK-mmGb-wBccTl1A,-0.1041187428999841,0.8988327376664778,0.6456951859859044,0.0,-0.2217127734342647,-0.2478718084569988,0.5750463675163814,0.0504523250187916,0.7370609960566322,-0.4536370273510891,0.0,1,0.08611765442917524
UCuq26AoshCSGBS9zfT2CTdQ,0.2961084115577265,0.1874303205759788,0.4198777990654334,0.0,-0.2217127734342647,-0.2478718084569988,0.8584982354060056,1.0427225130461997,0.2963114001052491,-0.5978505922601076,0.0,1,0.10808344704176848
UCuq_l0SXPRLVhR5zbrFezMg,0.5577050296195336,-0.4677492684759938,-0.4680089652020929,0.0,-0.2217127734342647,-0.2478718084569988,-0.1371494062377881,-0.9623265351910182,-0.8268262106777517,-0.5978505922601076,0.0,1,0.11005473310279412
UCuqj2l5FENgEbw_dDr5_jDA,-0.1711028295171811,-0.4425640246166683,-0.4887743907925247,0.0,-0.2217127734342647,-0.2478718084569988,0.7104880270614323,1.5731923915527384,0.7170600355285989,-0.3094234624420706,0.0,1,0.10643553343677875
UCusXikZ2Un8GOhOCoEmWg2Q,4.859416164073885,-0.5009590065544838,-0.5541393632035928,0.0,-0.2217127734342647,-0.2478718084569988,0.9610242039698178,-1.181310350124276,-1.030777282969801,0.2674307971940035,0.0,1,0.02383375662958742
UCusgQXwdKkz6IIgRRuc2GEg,0.3644641103035636,-0.3720668676600093,-0.5215007027458723,0.0,1.6044277048521072,2.160476403912765,0.7121766124022957,0.989372258898534,0.2057829723960714,-0.0209963326240335,0.0,1,0.03133543999086458
UCuueeFqN5mTyTUxiDws4Jvg,-0.2209172383411862,-0.3549440328683156,-0.3316078329505796,0.0,1.6044277048521072,1.1971371189648596,0.5321731293727263,0.5556169754533556,1.1828608603197208,0.2674307971940035,0.0,1,0.03612317973059487
UCuvdnEZBdaogzBUrnL2-hUA,0.0307353788243795,-0.2372074208406296,-0.1064278670485382,0.0,-0.2217127734342647,-0.2478718084569988,-1.3729440121253644,1.4135042547347727,1.516449410473945,-0.5978505922601076,0.25,1,0.07968122144839973
UCuw0t9oJwWIGlWGO2FLTA_g,0.4286643887109103,0.0961035408601313,-0.1238937288170226,0.0,-0.2217127734342647,-0.2478718084569988,-1.2713904467657158,-0.7051634443229248,-0.3894828357451471,-0.165209897533052,0.5,1,0.06982098911134821
UCuw2ltVq7-mr4VQGkhlkcSQ,-0.239372277466316,-0.2031982604128024,-0.3458578076546602,0.0,-0.2217127734342647,-0.2478718084569988,1.203425902125274,1.5235538069754155,1.1738360501022107,-0.165209897533052,0.0,1,0.10365453225030258
UCuwo7hyKOH6kqc0ChYA0CZQ,5.04541588616168,-0.3806603903710906,-0.4269322638819741,0.0,-0.2217127734342647,-0.2478718084569988,-1.560353797224921,-1.3737130345248083,-1.2147790919480497,-0.165209897533052,0.0,1,0.029922407083815328
UCux86zxs8AnBqqDH7MUWkoQ,-0.2153956212201201,1.1488689327121853,2.593772232154385,0.0,-0.2217127734342647,-0.2478718084569988,-0.8699881311690488,0.3547938115276449,1.1945440546932655,-0.4536370273510891,0.25,1,0.007391916727743197
UCuzvCm2IbyJN_-1Q81JFK0Q,0.0216682961081982,-0.1216186544021266,0.0202596875884241,0.0,0.6913574657089212,0.7154674764909068,-0.1705150912065422,-1.2323774845121105,-1.02541367955733,-0.165209897533052,0.0,1,0.04311894035517533
UCv1bgBA2rbrRYuNoeVHXChQ,0.2136472512408048,8.716239911844333,1.2483664163255612,0.0,2.517497943995293,5.0504942587564825,-1.505858079580497,-0.0120887396051818,-0.0860276924560372,0.5558579270120406,0.25,-1,-0.144815089551798
UCv2w1mgdDPa0h5kn1euC1Og,0.7205225830260025,-0.2367230892279503,-0.3999324385160516,0.0,-0.2217127734342647,-0.2478718084569988,1.1291564034438957,0.8925039899726063,-0.1939208986311948,-0.3094234624420706,0.0,1,0.11591548008083008
UCv3SeMcqld2wZ9gi78r-ttw,-0.0645411839654962,-0.2605158797008227,-0.2801856605747446,0.0,-0.2217127734342647,-0.2478718084569988,-0.7423041656004667,0.2992532445700103,0.2941881824121842,0.123217232284985,0.0,1,0.12848919420196347
UCv3u3iQ9SqP_0_o6WjTE_qQ,3.5369962093244185,-0.0747979914119836,-0.193167631224139,0.0,-0.2217127734342647,-0.2478718084569988,-0.2436524519162836,-1.0515466858631035,-1.1861838360300774,0.5558579270120406,0.0,1,0.06617728533595535
UCv42kGNb7RkytfSgq0Yz3Ew,2.94762875412777,-0.3168799711263805,-0.3777621890501301,0.0,-0.2217127734342647,-0.2478718084569988,1.338113434660634,-1.1667200510605331,-1.022931991997981,-0.5978505922601076,0.0,1,0.09081935712520645
UCv4CMtMWjVXJWqnYV5vXlcw,0.6658688469235351,-0.3311677537004209,-0.2926976850167671,0.0,-0.2217127734342647,-0.2478718084569988,-0.7263866055387409,0.84635206915287,2.475011556664961,-0.3094234624420706,0.0,1,0.05408813855700084
UCv6OAi0THV-RCf_RJdCf8eA,1.201696958081357,-0.4516452423544059,-0.4844418940895396,0.0,-0.2217127734342647,-0.2478718084569988,-0.0154336414977573,-0.713086494206983,-0.501323913182782,-0.5978505922601076,0.0,1,0.10785863299737714
UCv6kbIolFcEXEPYf5sLNm5g,1.7184804770403073,-0.1724146139888606,-0.2732479652764752,0.0,-0.2217127734342647,-0.2478718084569988,1.299490404603875,-1.2461181566946522,-1.029676241622433,-0.0209963326240335,0.0,1,0.09540911688079368
UCv7G1DFos8K93ogCM7-jv4A,0.0965036471862912,-0.3312888366035907,-0.4097248514270845,0.0,-0.2217127734342647,-0.2478718084569988,1.0181870213862294,0.2288388270493956,0.1482676985727136,-0.5978505922601076,0.25,1,0.12335616489150092
UCv7XXl8sULrykyOgHvMwHfQ,-0.2019690755136967,-0.2405977421293849,-0.1108759664314924,0.0,-0.2217127734342647,-0.2478718084569988,0.3796401405191967,1.4170592481375135,0.3097778681101897,-0.5978505922601076,0.0,1,0.1172307288340646
UCv89AloCrm5pk21rMGkxRkg,-0.180751986291523,0.278429626076435,0.0492633909212655,0.0,-0.2217127734342647,-0.2478718084569988,1.261390496007602,0.5753294002672303,1.0302746771124314,0.2674307971940035,0.25,1,0.09137052663627987
UCvAOzvc0066dojKWd3lcH8Q,-0.3000919915717846,2.970224869504646,6.289000351540172,0.0,-0.2217127734342647,-0.2478718084569988,1.0777249176284018,0.3465265780522085,0.0984693962324311,-0.0209963326240335,0.0,-1,-0.07058687817304299
UCvAVnOZNM7c7i8R52es8TGw,0.8098639312987445,-0.0610519772123825,0.2539470203537126,0.0,-0.2217127734342647,-0.2478718084569988,-1.24066853366214,-0.5761612265305452,-0.1849027858532947,0.4116443621030221,0.0,1,0.09723317215594512
UCvBHzja-3o5nfzvHECqqEww,0.6914208564037435,-0.0966844488032524,-0.0078844599010533,0.0,0.6913574657089212,4.56882461628253,-1.2280327903050965,0.7572710912687389,1.940040304305202,2.8632749655563376,0.25,-1,-0.09254626244996744
UCvB_4UBGEV4MUR6AGTfL1Cw,0.8266381375614402,-0.229861724714993,-0.2304280277504341,0.0,-0.2217127734342647,-0.2478718084569988,0.1764971173778033,-0.7263310268596533,1.006754054274849,0.4116443621030221,0.25,1,0.0751848913439438
UCvC1IppwEaKf_RYLt9U46lA,0.2363289058316587,1.0610838279140555,0.2020865950122156,0.0,5.256708661424851,6.495503186178341,0.4390641330577041,-0.6010249253611465,-0.5550777018588077,1.7095664462841889,0.5,-1,-0.16098476428440434
UCvCBQMmYcQ3eit4QPWTieUw,-0.0364724521742113,-0.4791916028255432,-0.5276638278923196,0.0,-0.2217127734342647,-0.2478718084569988,1.3053659849896744,1.6511739460669854,1.97685643481375,-0.4536370273510891,0.0,1,0.047715589947082304
UCvCcFRgOdOBDA6IV0u9F1Xw,0.2751208857502109,-0.3647682593300498,-0.2266561654544081,0.0,-0.2217127734342647,-0.2478718084569988,-1.5192993502030767,-0.870589270315989,-0.79714315021238,-0.4536370273510891,0.0,1,0.1001505608343205
UCvCcg2HohJd4lofhZlPx4zQ,-0.2981197141909615,-0.0554014417311236,-0.0298779218546886,0.0,-0.2217127734342647,-0.2478718084569988,-1.1989706556846742,-0.4892408970510202,0.0825739906656341,0.123217232284985,0.0,1,0.10845839870028445
UCvDYnGJgiZcIvRRIDIiqOdQ,1.730785520717371,-0.3075565875823032,-0.3208738857061561,0.0,-0.2217127734342647,-0.2478718084569988,0.8135034807027949,-1.373713034524806,-1.2147790919480497,-0.4536370273510891,0.0,1,0.10123962727383395
UCvDbkT8b00rkj_nIALVBwsw,-0.1859532470272733,0.4417044172326305,0.7611296427675944,0.0,-0.2217127734342647,-0.2478718084569988,-1.348068627061507,0.2725729164364052,-0.4947448254874869,0.123217232284985,0.75,-1,-0.006747687937589841
UCvDz6P4FNSZpuC0ywgjsGQQ,3.2316834406795976,-0.4481136576786191,-0.5594999532638889,0.0,0.6913574657089212,0.7154674764909068,-0.5608349433606193,-1.3737130345248083,-1.2147790919480497,-0.4536370273510891,0.0,1,0.005087248275099321
UCvEH3GIyS-cv4gs-ZLiJ8vw,-0.2043357202202657,-0.2092372702083979,0.2267100688251548,0.0,-0.2217127734342647,-0.2478718084569988,1.3193460773273922,-0.2132828306694413,0.1685584201771501,-0.5978505922601076,0.0,1,0.11454023541000752
UCvFSJLnpz3tcdPAxS3z5iVw,0.0655372531134057,-0.3174450246745064,-0.4490442412185801,0.0,-0.2217127734342647,-0.2478718084569988,-1.4529410925779291,-0.4488388393032307,0.033027272023138,-0.4536370273510891,0.5,1,0.0729319279287785
UCvFdtH-KTGTyILlevYhvFYg,5.829864012848424,-0.4458938044538387,-0.4835089987821686,0.0,-0.2217127734342647,-0.2478718084569988,1.3132629076349456,-1.373713034524806,-1.2147790919480497,0.7000714919210592,0.0,-1,-0.01283693000038355
UCvHcQfVrevr95DQQ9uaPMNg,-0.2256965995528297,-0.1566872902326899,0.1080578839864347,0.0,-0.2217127734342647,-0.2478718084569988,1.2382300434644635,-1.0626533451216793,-1.1363133422457763,-0.5978505922601076,0.5,1,0.05167607053949669
UCvIeVVOYt91VMEK9ofkMpPg,0.4284531140101573,-0.2595270359916024,-0.2664309169979283,0.0,-0.2217127734342647,-0.2478718084569988,-1.270432182801791,0.7481348625493813,0.1810465447881154,0.4116443621030221,0.25,1,0.09748255638161474
UCvIt400iVwJsI776V26Urww,4.623458048162346,-0.0902934983278975,-0.3008350491528985,0.0,-0.2217127734342647,-0.2478718084569988,-0.3192076576039145,-1.293395128073198,-1.055146257694056,0.8442850568300777,0.0,1,0.05440779509598148
UCvJbG5DUkERB_VA5OmZndzQ,0.0119646512559209,0.0417675880626682,1.049094107296838,0.0,-0.2217127734342647,-0.2478718084569988,-0.7247405937174256,1.5834809159450736,1.5110924556467578,-0.3094234624420706,0.0,1,0.06493340251779733
UCvJlM6iY14SI3GyRbR1WMRw,-0.1309012488880271,-0.0938452634875459,-0.2568603801490722,0.0,-0.2217127734342647,-0.2478718084569988,-1.1144496780436182,-0.7654375726462529,-0.8527249819475216,-0.3094234624420706,0.5,1,0.08094016096417694
UCvLKHlGfnoEmI8LLYc3zEZw,-0.2780956018106795,-0.3440025414364233,-0.2914990803165611,0.0,-0.2217127734342647,-0.2478718084569988,-0.0161327401479959,1.431690486393378,0.3141186846087191,-0.5978505922601076,0.0,1,0.10644290751243762
UCvO73JiNlu0NmbyaQzsHuUg,3.3458444614652905,-0.4068445681815673,-0.3474258314602771,0.0,0.6913574657089212,0.7154674764909068,0.5983159026230668,-1.0599563161151393,-0.8258095585391808,-0.3094234624420706,0.0,1,0.030864811176451734
UCvOLgJosZa045VvVyIO2_gg,-0.1077867245661456,0.2001440254088113,0.3614844974263843,0.0,-0.2217127734342647,-0.2478718084569988,-0.5698445260772543,0.6911468075610387,1.5472273893338702,-0.5978505922601076,0.5,1,0.053301223367806294
UCvOaP1a4YQPX5se-bBGSiQQ,0.5894680800607339,-0.1422784247554796,-0.1755912337241835,0.0,-0.2217127734342647,-0.2478718084569988,1.3438213963804229,-0.9703490254263883,-0.7974686389760912,-0.165209897533052,0.25,1,0.10014507914633125
UCvOxkNkujEwF5bMExiEfBAQ,-0.2648056005004217,-0.1671004199052956,-0.1198274674571266,0.0,-0.2217127734342647,-0.2478718084569988,-1.448077939729699,-0.0867187628346663,-0.1875683070237007,-0.3094234624420706,0.0,1,0.11724768401637414
UCvPnexfkxsEspKROsZ4SsLg,0.1273105229565079,-0.1767870521588823,-0.2058679934169939,0.0,-0.2217127734342647,-0.2478718084569988,-0.68727089555485,0.1067554380507407,-0.5337209939219787,-0.3094234624420706,0.0,1,0.13060499648506751
UCvQG1gpFQidfdnfHLnbvfZg,-0.2721725835111566,-0.4443802681642158,-0.3746721075202434,0.0,-0.2217127734342647,-0.2478718084569988,0.3137440537706443,-0.077332899985468,-0.5024193488634886,-0.3094234624420706,0.0,1,0.1199837333911431
UCvSdknes7CWqms1z9mlFXxg,1.1832801670702484,-0.3367834952439874,-0.3288991128151444,0.0,2.517497943995293,1.6788067614388125,0.4794875012243357,0.0950833997698024,0.0685936063948952,2.8632749655563376,0.5,-1,-0.04126273547852877
UCvT5SaQ9nfCqAN5QkqwcZoQ,0.1431384142641325,-0.2392792838504245,-0.3697986499171981,0.0,-0.2217127734342647,-0.2478718084569988,0.7856646880772669,-1.0374858528660849,-0.9465833143052492,-0.0209963326240335,0.0,1,0.11936881232571717
UCvTsrQlZALZSL28kk0lHX4Q,-0.2855554800260406,-0.0168365370715314,-0.2371857578920869,0.0,-0.2217127734342647,-0.2478718084569988,0.286666330063925,0.7285911174710727,0.2056866678875333,-0.5978505922601076,0.0,1,0.12726332793192568
UCvXrBe-9HXoB1SGHaUxbn5A,-0.1026052596386295,-0.4632994717845024,-0.4297499963622532,0.0,-0.2217127734342647,-0.2478718084569988,0.6769514625289584,1.5431422681887068,1.9269795198347976,-0.165209897533052,0.0,1,0.07206135776026362
UCvZBDRPQBJgYZm2ib0O5HHg,-0.2377763920990049,-0.440344171391888,-0.4119712029402878,0.0,0.6913574657089212,0.7154674764909068,0.5431999980112101,-0.5468520517236565,0.5324888174892017,0.4116443621030221,0.25,1,0.04111684070448446
UCvZwz1YWYa3GtFk_T78ALgw,4.197790398598989,-0.2641180960701252,-0.4949010366999023,0.0,2.517497943995293,1.6788067614388125,-0.9201542316047684,-1.2323774845121105,-1.02541367955733,-0.165209897533052,0.0,-1,-0.016399315440222995
UCvbQI5pcHAEzYm8hxIQ9GtQ,0.9253745746205378,-0.3040250029065164,-0.1373815737534207,0.0,-0.2217127734342647,-0.2478718084569988,-0.7900237977967868,-1.194118341410486,-1.020282723421616,-0.4536370273510891,0.25,1,0.1016329862668775
UCvc_RLwBg1cpZxBAXQCiaUg,0.1935801163596312,0.1168389880279654,0.5567522637985622,0.0,-0.2217127734342647,-0.2478718084569988,1.1123632598877586,-0.0410315570566555,0.0369573721863803,1.7095664462841889,0.25,1,0.0621372687944865
UCvd1s1BIM-uHQ0eODb2mTdQ,2.8231174601163334,-0.4396378544567307,-0.4532307068865038,0.0,-0.2217127734342647,-0.2478718084569988,0.9384433374358324,-1.373713034524806,-1.2147790919480497,-0.4536370273510891,0.0,1,0.08697237542390107
UCve3oJ1EDu_e15uApvBEHlQ,-0.0918062397720185,-0.1106867945648047,0.1003332865439496,0.0,-0.2217127734342647,-0.2478718084569988,-1.1385537523989069,-0.2465650639584627,0.0351865670124382,0.2674307971940035,0.25,1,0.10420071275885057
UCvfcOerzve6p1pR5VRuh1sg,-0.2696405926991583,0.1526795273662363,0.3278486865883481,0.0,-0.2217127734342647,-0.2478718084569988,0.6174049213950372,-0.7632954703965965,-0.6219351802019153,-0.5978505922601076,0.0,1,0.11260279263752032
UCvh7Fx-bTbWJj-stquZHK4w,1.359179333593973,-0.3541735053026894,-0.5021101393530284,0.0,-0.2217127734342647,-0.2478718084569988,-1.248004155392327,-1.0496180008899734,-1.2147790919480494,-0.165209897533052,0.0,1,0.09344864237119399
UCvi-lNywv_TLhZdNYqvJ6QA,1.8140200613306028,0.1450513044665368,-0.2307639530125649,0.0,-0.2217127734342647,-0.2478718084569988,-0.0610755164284685,-1.3737130345248083,-1.2147790919480497,-0.5978505922601076,0.0,1,0.07854647381189761
UCviE9tLOQYnTLHu57Wzxdog,-0.1921461270681316,-0.150754227977368,-0.1749849390062439,0.0,-0.2217127734342647,-0.2478718084569988,1.3474681532480597,1.0621363409890885,0.7602039821061971,-0.4536370273510891,0.25,1,0.10708382033107894
UCviJuEJ0YCMzfns7rZi4FFg,-0.2085925088498451,-0.2236461356856082,-0.2819921070194143,0.0,-0.2217127734342647,-0.2478718084569988,1.0633831941688707,-1.1144370076169403,-0.8246035916020505,-0.5978505922601076,0.25,1,0.10591343647741852
UCvmsnD5JQb5fS0qF8B5nyNw,-0.1603437537822281,0.5145963249408706,1.622894517668564,0.0,0.6913574657089212,0.7154674764909068,0.6906615436057637,0.4628254894059235,0.3042109774643158,-0.4536370273510891,0.25,1,0.008404777380917383
UCvnM8N-cYxG5pc9zPaWgHUQ,-0.2402402653631074,-0.215911965245635,-0.3689519506946169,0.0,-0.2217127734342647,-0.2478718084569988,0.432600740811236,0.7329046841016192,1.260134534300383,-0.165209897533052,0.0,1,0.11669174459359588
UCvny3UPuQjZifIueChOOFcg,-0.1055690518401895,-0.0956615070350934,-0.2459347611691349,0.0,-0.2217127734342647,-0.2478718084569988,-1.1272353171472829,-0.0293004997445452,0.1944792470919378,-0.0209963326240335,0.0,1,0.11830170392652489
UCvnyrmHHeEqvHJMN0WV3rdQ,-0.2053996338428508,0.1707208799385416,0.1137535810843251,0.0,-0.2217127734342647,-0.2478718084569988,0.5087603809698436,0.5414705343456596,0.480876303753159,-0.3094234624420706,0.0,1,0.12228756111036654
UCvsW-AeUsLPpAg1PgNtkF_Q,-0.15962372884701,-0.215382227544267,-0.2870005689511973,0.0,-0.2217127734342647,-0.2478718084569988,0.9610051872283708,-0.6669973401367985,-0.3621263406941226,-0.165209897533052,0.5,1,0.09119016072757624
UCvsswm1DY-c9k3v_eIPS3hQ,-0.1884344017953687,-0.4106788601152787,-0.4993547473422014,0.0,-0.2217127734342647,-0.2478718084569988,-1.223863394298096,1.0692679991793348,2.026556896573184,-0.4536370273510891,0.0,1,0.06444444659008686
UCvuw_MHo54xaqkZ7i7GCheg,-0.2478672614829926,0.402594639508774,0.5929244968714632,0.0,-0.2217127734342647,-0.2478718084569988,0.6390765366828287,-0.0021670965714272,-0.0452370120294425,-0.3094234624420706,0.25,1,0.10520479172214048
UCvv2toXBlGXzdbhTMS1W9gg,-0.1442263008930221,-0.4584258849319165,-0.4937152716141239,0.0,-0.2217127734342647,-0.2478718084569988,-1.4602644675175716,-1.166720051060533,-1.0229319919979818,-0.5978505922601076,0.25,1,0.07222269325443326
UCvvA-5rTTGRnEMMCJNoh9VQ,-0.2868450800855808,1.4178747825878335,0.1749644433053556,0.0,-0.2217127734342647,-0.2478718084569988,0.831030632788841,0.9282613259678668,0.6376004621114788,-0.3094234624420706,0.0,1,0.06655435052574515
UCvw5oiSM8eiMx3sSm-fCuvA,-0.2526919616362932,-0.0327449677341527,-0.1686776050412588,0.0,-0.2217127734342647,-0.2478718084569988,-0.0101075461145455,1.5385520873554943,1.0810073133191456,0.5558579270120406,0.0,1,0.08571392058717187
UCvwmrYxlpF3ToVZ4KVByHhg,-0.2715390556422967,-0.0200855949732553,-0.1760292787905678,0.0,-0.2217127734342647,-0.2478718084569988,0.9287249710849576,0.4628254894059235,0.0201003539696166,-0.4536370273510891,0.0,1,0.1369444197641358
UCvxRWmS3T5dlVGIKEkARUEg,0.2987275096436126,-0.3389170595032903,-0.3524480619473638,0.0,-0.2217127734342647,-0.2478718084569988,-0.7611065830544841,-0.843723987457668,-0.2673272419053408,0.123217232284985,0.0,1,0.11469912866686194
UCvxsLFNQhz_mYMgJdMfnQMg,0.1989431396986623,-0.2160179127859086,-0.3317611181855663,0.0,-0.2217127734342647,-0.2478718084569988,1.374565698844323,-0.0161469695186293,0.6484431046174172,-0.5978505922601076,0.0,1,0.10770538590566076
UCvyvx9FKa1skq-ki04DN1iA,2.782899059120374,-0.1587591532424848,-0.3229120172511978,0.0,-0.2217127734342647,-0.2478718084569988,-1.435413940491883,-1.3737130345248083,-1.2147790919480497,-0.0209963326240335,0.0,1,0.08529390439025436
UCvzDP-jbRZ0AIit24B1-gjQ,0.7793842024845264,-0.3618017282023889,-0.4234748305186691,0.0,-0.2217127734342647,-0.2478718084569988,0.1639536700119181,-1.1667200510605311,-1.0229319919979842,-0.5978505922601076,0.0,1,0.11118034699836482
UCw0aiVa8jmupdggWGoTMZ9w,1.0123017806264325,-0.2973856237160371,-0.1362197167356046,0.0,-0.2217127734342647,-0.2478718084569988,-1.2045888694600964,0.0973529594397873,0.9920183934501776,0.123217232284985,0.25,1,0.08930357952015944
UCw1CsjhWLOpG9QjWuc_e5pA,2.3694193588775136,-0.0654311422103582,-0.0807817548746534,0.0,-0.2217127734342647,-0.2478718084569988,-1.093780816263365,-1.1205154926608245,-1.0619282717975889,0.8442850568300777,0.0,1,0.08195935401105864
UCw1Mh7VGpASBPWTqpdwUcWg,0.068676111048747,-0.0255006914761285,-0.105802927802502,0.0,-0.2217127734342647,-0.2478718084569988,0.9919380540051708,0.0871987134849122,0.5623479318309356,-0.0209963326240335,0.25,1,0.11740537517381289
UCw1fsbAq8P417QRFkTbZLtg,-0.2215749962316892,-0.3380694791811015,-0.3218825265585347,0.0,-0.2217127734342647,-0.2478718084569988,0.5316928625775466,0.603988780814439,0.2218650701796998,-0.5978505922601076,0.0,1,0.13504218849242017
UCw1mt9PMKJAzMCAiki_sW6A,-0.0429542654672188,0.0484271477370091,0.5059375022341701,0.0,-0.2217127734342647,-0.2478718084569988,-1.435413940491883,-1.3737130345248083,-1.2147790919480497,-0.4536370273510891,0.0,1,0.0651347834509623
UCw2w0xPGqfgCKtB1ZM9sPiQ,2.613347462501296,-0.0582267094717531,-0.2238415070769749,0.0,-0.2217127734342647,-0.2478718084569988,1.19384268981297,1.268290410321815,0.7843671037265345,0.4116443621030221,0.5,1,0.014380255571244838
UCw4W-rrf_ROlNHAQ_-Au70Q,-0.3001571305961473,-0.250768705995651,-0.4068672399893608,0.0,-0.2217127734342647,-0.2478718084569988,1.0921486854892473,1.5081704315186746,0.4809347571432816,-0.5978505922601076,0.0,1,0.11084419467920897
UCw5de7keOLCD-TUhiwNMSsA,-0.1888451776140801,-0.0847640457498084,0.0705924506832427,0.0,-0.2217127734342647,-0.2478718084569988,1.180779171085888,0.6578646376495223,0.7691377458076633,-0.3094234624420706,0.25,1,0.1073881245116513
UCw5zGcM3LH4mDyUZdxL-4Bg,-0.0991572126965096,-0.1787243786095997,-0.081675595199703,0.0,-0.2217127734342647,-0.2478718084569988,0.2754148864983563,0.2217135991516115,-0.60280469704035,-0.5978505922601076,0.0,1,0.12970787075238016
UCw8_VBsxY5Da8opoPvofLvg,-0.29369468865586,0.1134083057714868,0.2440876943490188,0.0,-0.2217127734342647,-0.2478718084569988,1.1300737255362612,0.6044347755781645,-0.8187472052004964,-0.0209963326240335,0.0,1,0.09945979990543657
UCw9wNv0CEM9Ohkbwq0mpqIg,-0.0266073654957282,-0.0388736254484412,-0.005209077025379,0.0,-0.2217127734342647,-0.2478718084569988,-0.0185634028055431,1.0038819190067496,0.4260750094209784,-0.5978505922601076,0.0,1,0.11891647232638064
UCwAJwDJ7C2-aX0bpCcxG7_A,-0.2870042018408384,0.2137053105638327,0.3120709081055013,0.0,-0.2217127734342647,-0.2478718084569988,-1.3886456422182238,-1.069983080801744,-1.1221121740773414,-0.165209897533052,0.0,1,0.07991404848857375
UCwArk2bil61-c_ZhxeK9yvg,0.3035493467364499,-0.4369755829319068,-0.4232039524851015,0.0,-0.2217127734342647,-0.2478718084569988,1.3478591518907022,-0.850567374152619,-0.5543720587221264,0.5558579270120406,0.5,1,0.04157700025647526
UCwBU-lCVV_p81Rlcx4JRkBA,0.0906898062973504,0.0712058688958341,0.0848830608032708,0.0,-0.2217127734342647,-0.2478718084569988,-1.1073626685664295,-1.069983080801744,-1.122112174077342,-0.165209897533052,0.0,1,0.10187819076341376
UCwByvoipmZjgPB-HimwlNmw,-0.0998357746130561,-0.2609396698619171,-0.3170653511065188,0.0,-0.2217127734342647,-0.2478718084569988,0.1086647669502632,-0.0308478273745221,-0.7437912194971422,-0.5978505922601076,0.0,1,0.1265549871796618
UCwC0n9XEqXbtoLiqfB072rA,-0.2156510124112415,0.3881655935477021,0.3946966396014853,0.0,-0.2217127734342647,-0.2478718084569988,-1.497109915778148,-0.5107980386753885,-0.511988213253872,-0.4536370273510891,0.5,1,0.053496923606366764
UCwDFsVenL4otaf46j65UM_g,-0.263576725751133,1.1214638356280793,4.465084152342428,0.0,-0.2217127734342647,-0.2478718084569988,0.903051132776033,1.8305142318295111,0.9079533626237172,-0.5978505922601076,0.0,-1,-0.023700662237853165
UCwDyweH08X6j3VjqVhHSmhA,0.0716600522205766,-0.4044229101181706,-0.5440083234184467,0.0,-0.2217127734342647,-0.2478718084569988,-1.4316497371001136,0.0068962166899809,-0.2367448972213619,-0.3094234624420706,0.25,1,0.09954328336192142
UCwENr2gU3dRpnGWQ31WtFgQ,-0.2752924477610809,-0.3863815575458653,-0.4018271806816491,0.0,-0.2217127734342647,-0.2478718084569988,0.2672158508753161,0.52257934825468,-0.4887215735508864,-0.5978505922601076,0.0,1,0.11966274938889676
UCwEZIq8J0Atls4eDi9v5yUw,2.0099398836841007,0.1745047206625989,0.3693527166922988,0.0,-0.2217127734342647,-0.2478718084569988,-1.0605943702927705,-1.3737130345248083,-1.2147790919480497,-0.165209897533052,0.0,1,0.06727864266778677
UCwEm61nheRTfYODCuhI4maw,-0.278503414973747,-0.2100848505305867,-0.0168336059704316,0.0,-0.2217127734342647,-0.2478718084569988,1.3040830453498364,0.0237299459869193,0.7434970868015657,-0.5978505922601076,0.0,1,0.10801360354579503
UCwEoebx9YVz1iwGcCkMFaiw,1.038493813021727,-0.2764786424353792,-0.4197934600684281,0.0,-0.2217127734342647,-0.2478718084569988,0.9809554510587588,-0.7990408195230487,-0.9644418722126836,-0.4536370273510891,0.0,1,0.11989645973967156
UCwG-RtMUooLvNKIs5xRxF7Q,1.7567658044864116,0.7858220280412991,0.9136086159288332,0.0,-0.2217127734342647,-0.2478718084569988,0.3385945807963322,-1.1667200510605338,-1.0229319919979796,-0.5978505922601076,0.0,1,0.0388310294529261
UCwGV0V4tUE_4OsrHvm4aP0w,-0.1806897229762123,-0.3273334617667094,-0.5118239944717226,0.0,-0.2217127734342647,-0.2478718084569988,-1.495499274613122,-0.1853645778637462,-0.6329491406380084,-0.4536370273510891,0.25,1,0.0943378115502192
UCwGeM7b5rZoryH-Tw5JKzAQ,2.7130897404976304,-0.2405741982315463,-0.1429547725337318,0.0,2.517497943995293,3.605485331334624,0.820156074362891,-1.3051061395222232,-0.9899693673969694,3.872769919919467,0.0,-1,-0.08995601132342435
UCwINxOPhFFhkYqntJpZllCw,0.8940961617107388,-0.4252760767751975,-0.4790248680595722,0.0,-0.2217127734342647,-0.2478718084569988,-0.948013815062852,-0.8339428360936947,-0.6717241448071012,-0.0209963326240335,0.0,1,0.1024746424300158
UCwK-EelLcGG81WiSk52upUg,-0.299506615680011,-0.2270364569743635,0.0116264844181137,0.0,-0.2217127734342647,-0.2478718084569988,-0.8867885466360141,-0.9623265351910174,-0.8268262106777529,-0.5978505922601076,0.0,1,0.11988031171872465
UCwL7Vf1NOoJkNCYgI4APWCw,0.1784143913505109,-0.3163149175782546,-0.3557094987146715,0.0,0.6913574657089212,0.7154674764909068,0.5494763793320837,0.4991112020152672,0.14872271209182,0.8442850568300777,0.25,1,0.07607457204455181
UCwLVjfClE4GbmyoNU6Kxmqg,-0.2537291253765707,-0.1968414079963861,-0.2486326558630243,0.0,-0.2217127734342647,-0.2478718084569988,-1.432770161364883,0.6518809256929106,0.180019031313676,-0.165209897533052,0.5,1,0.07134548299021859
UCwMFd117WPD_VnDCjV4pPhQ,-0.2983629300882269,0.095891645779584,-0.3400701243746938,0.0,-0.2217127734342647,-0.2478718084569988,0.5394830061424888,1.1144577555976936,1.2502628933184945,-0.5978505922601076,0.25,1,0.09555130958583097
UCwNy-SWv8RabzYm5yTnbTiw,-0.0605249001816425,-0.4177420294668523,-0.4053495836677047,0.0,-0.2217127734342647,-0.2478718084569988,-1.0473682363183152,-0.4652973409380352,-0.9241550851675892,-0.165209897533052,0.0,1,0.11471711668693035
UCwPRzw_OqvxHVhF7kcLdeig,0.3335143965661055,-0.2246820671905056,-0.2647803174950729,0.0,-0.2217127734342647,-0.2478718084569988,1.26560645399507,1.047533610839654,0.727742058289582,1.2769257515571333,0.25,1,0.07423358954783699
UCwQqksTFqw7_YtgaM5UBYaA,3.8102699530030257,1.7778441634698197,1.227662020452236,0.0,-0.2217127734342647,-0.2478718084569988,-1.3104740837588456,-1.373713034524808,-1.2147790919480497,0.4116443621030221,0.0,-1,-0.028175032151270152
UCwRCqtgdnEktzoD6cZLd2yA,2.8564342775076024,-0.3838388165792987,-0.458996033979951,0.0,-0.2217127734342647,-0.2478718084569988,-0.5608349433606193,-1.3737130345248083,-1.2147790919480497,-0.5978505922601076,0.0,1,0.0987361883452117
UCwRFPnu8iCJ_q0kDpEIOCig,0.3575822439288276,-0.3547789198185385,-0.439536990686489,0.0,-0.2217127734342647,-0.2478718084569988,1.34746815324806,0.3096068395320153,0.7991991654972123,-0.3094234624420706,0.0,1,0.11104760237161843
UCwT8_uSCOTc7tEQGprrHyLw,-0.0547483143083478,0.2408278808738756,0.0066103852343923,0.0,-0.2217127734342647,-0.2478718084569988,-1.02607274225653,1.701779531593543,1.732065048973981,-0.5978505922601076,0.25,1,0.059077444353471065
UCwU8-JKkah0BwajPj1E5OVw,2.04962220389029,-0.3358092649885978,-0.3621812250786718,0.0,-0.2217127734342647,-0.2478718084569988,0.1431623221068949,1.0320852863966536,1.5205729179092289,-0.4536370273510891,0.0,1,0.04009850663447767
UCwXd5AjebcnG1gjcwmqkrhg,-0.0473426590782367,0.0005994009849246,0.1562173511572454,0.0,-0.2217127734342647,-0.2478718084569988,-0.9536800534138938,0.6109357968727213,0.6587447015255428,-0.3094234624420706,0.5,1,0.06780461151353484
UCwXhWtJRz_d3IydUhkFXyew,-0.0488802334082248,-0.2948428827494707,-0.2303969692597969,0.0,-0.2217127734342647,-0.2478718084569988,-1.4513187357787058,0.8604406738387457,0.4674986703703556,-0.3094234624420706,0.25,1,0.09979005138951758
UCwYLSfwM96geIXKHGAbseTg,-0.1360502359279801,-0.261787250184106,-0.1757832285015029,0.0,-0.2217127734342647,-0.2478718084569988,1.4382027643679838,0.4412191538302676,1.696324124974582,-0.5978505922601076,0.0,1,0.08592381807573107
UCwYa9bEawSy6NJS-UGGVWvw,-0.2536100324575566,-0.3596222359453319,-0.3379038314603453,0.0,-0.2217127734342647,-0.2478718084569988,1.1883230509019085,-0.4477272241395655,0.3705024058281156,-0.3094234624420706,0.5,1,0.06954839836727122
UCwYt9itmJ9Tm4jPwZDk8Bag,0.1286169387406695,-0.328140681121175,-0.4028845704273103,0.0,-0.2217127734342647,-0.2478718084569988,-0.5202231379155355,0.84635206915287,2.5622040365954426,-0.3094234624420706,0.25,1,0.06019163671710254
UCwaU8nkUu8PrO383wJ5P96A,1.8743885288879705,-0.1519314228692969,-0.2726269077192687,0.0,-0.2217127734342647,-0.2478718084569988,-0.3012630634295165,-0.8776406960559457,0.2848755007492321,1.2769257515571333,0.0,1,0.06142792419491949
UCwayLuKs9LZcL0sIFqydz5g,0.8532565208853163,-0.3132071230635622,-0.2773208893058823,0.0,-0.2217127734342647,-0.2478718084569988,-0.836421742810846,0.1196113060434734,1.639794912109178,-0.4536370273510891,0.0,1,0.08677345189838825
UCwb0iCr2PPMRoWweD5TY56g,-0.2880132652449392,0.5636349007246534,-0.1240902215707227,0.0,1.6044277048521072,1.1971371189648596,0.0304088378458448,0.7312589427119114,1.027150202510164,-0.3094234624420706,0.0,1,0.005015822073855147
UCwe-Sxf0ebGC0UwTUU-MZkw,-0.1500577750883757,-0.2809183488849397,-0.3258132494301147,0.0,-0.2217127734342647,-0.2478718084569988,0.7454569424660376,-0.0269005315638283,-0.8587894023115066,-0.3094234624420706,0.0,1,0.1294461144378085
UCwf76iVY2Wx1zTdwDyErMog,-0.1996187037375443,-0.2897574008163376,-0.317650654676073,0.0,-0.2217127734342647,-0.2478718084569988,-1.5250918147919637,-0.1139208509611421,0.1880121333555411,-0.5978505922601076,0.0,1,0.10623969119717624
UCwfLxITnONK2bFkZ2uYm3fA,-0.031011582780241,0.0865682622355069,0.0698141722138169,0.0,-0.2217127734342647,-0.2478718084569988,-0.0205299911536246,-0.2763507198588554,-0.2229385902192605,0.2674307971940035,0.25,1,0.10722481016936003
UCwfdKWE6sv7CR0zN0EGqpow,-0.2120569919512614,0.2942254411717724,0.2914067694523271,0.0,-0.2217127734342647,-0.2478718084569988,0.8390539920216358,0.5207530419757674,1.5051899891866356,-0.5978505922601076,0.25,1,0.09054517548492924
UCwflsjf9WHtCp-K3EahIJJA,-0.003508108850588,-0.3717305262623153,-0.269254030152796,0.0,0.6913574657089212,0.7154674764909068,-1.4465976602895316,1.0421388332539985,0.2444463721886478,-0.3094234624420706,0.5,1,0.012059979528847242
UCwgULRKbPFiW_nLz4maC0Mw,-0.0850043369403394,-0.5321653729623456,-0.5886298016624909,0.0,0.6913574657089212,1.6788067614388125,0.5636237672367195,-1.373713034524806,-1.2147790919480497,-0.165209897533052,0.0,1,0.0051024167923228725
UCwiKRQcAIS33FNvr5Zzc3pw,0.3583374218534576,-0.2548855247034254,-0.2679421177347357,0.0,-0.2217127734342647,-0.2478718084569988,1.0678384987299057,-0.2526239786580557,0.349344438687288,-0.3094234624420706,0.25,1,0.11999372452126383
UCwkDzM6UpYiOghg9r283IWQ,-0.0617404990869683,0.1402483493074666,0.3223689766280048,0.0,-0.2217127734342647,-0.2478718084569988,-0.8686737864475259,0.3547938115276449,0.0897905216965539,-0.4536370273510891,0.0,1,0.11603410753382454
UCwn0w3T_PL-1J1nwYI0ju_g,0.064519333879357,0.0306279609710435,0.0687493070631945,0.0,-0.2217127734342647,-0.2478718084569988,0.4164713721953841,1.325637443925478,1.2401962494226844,0.123217232284985,0.5,1,0.05871257260800189
UCwn56BB4cPWKgH_FzK4NFpw,0.0820658306542967,-0.5025000616857362,-0.461094161352465,0.0,1.6044277048521072,1.1971371189648596,0.1896194138833212,1.7246048508645269,1.6752095356170416,-0.0209963326240335,0.0,-1,-0.01612927034603251
UCwnz5XO9m52Meg-fOdqRcjg,3.208151402608757,-0.0433940538334484,-0.0507957935128392,0.0,-0.2217127734342647,-0.2478718084569988,-1.077131915775457,-1.2243698462595318,-1.030479504249783,0.8442850568300777,0.0,1,0.0702025026096546
UCwpKvsz71caPbHAwMo-dWOQ,-0.2904924146123449,-0.2956904630716595,-0.3678086636281093,0.0,-0.2217127734342647,-0.2478718084569988,0.9540078024141434,1.2351969755014134,0.420466181630482,-0.5978505922601076,0.25,1,0.11089725527535715
UCwsNrEYUpNKc_sJdVguokUQ,0.8708678923609336,-0.3058115692719145,-0.4424553458496306,0.0,0.6913574657089212,1.6788067614388125,0.5209859828592506,0.8005375762660587,0.5347874935768596,1.132712186648115,0.25,1,0.02519937020429286
UCwtUHgepwhPd6M0QpEs7IdQ,-0.1962954739877268,-0.2591234263143696,-0.3554703304794004,0.0,-0.2217127734342647,-0.2478718084569988,0.9084459848155232,0.5967585623281517,0.6617355005125278,-0.3094234624420706,0.0,1,0.13257171362920483
UCwtigU3ZDsRplnJBFlkgQQQ,-0.1579694304907716,-0.3863815575458653,-0.3318725918997548,0.0,-0.2217127734342647,-0.2478718084569988,-1.0675671724226148,0.0450701106442517,0.7809526000262759,-0.5978505922601076,0.25,1,0.10297115104541937
UCwvQIsGJD1gtQPqW9b1eaJQ,0.7802314101294021,-0.2049993685974537,-0.1702959141570679,0.0,-0.2217127734342647,-0.2478718084569988,-1.285623556733157,-1.166720051060533,-1.0229319919979818,-0.5978505922601076,0.0,1,0.10809156659181335
UCww1DQ8UH_dVGdmirVYlwdg,-0.2855819483800536,-0.3414598004698568,-0.3080601653351403,0.0,-0.2217127734342647,-0.2478718084569988,0.4843257854343937,1.1504806918150627,1.5996650640608965,0.4116443621030221,0.0,1,0.0754799737733361
UCww7Qg_OcVgu9V-7YFbiREQ,2.849780318025719,-0.0695277804342709,-0.0762153891314388,0.0,-0.2217127734342647,-0.2478718084569988,-1.2329837473956158,2.0833006575800983,2.2073645067400323,-0.4536370273510891,0.0,-1,-0.03359176558566157
UCwxHv6Apdat5dR5BVdB8BXA,-0.1521009903818352,-0.4127978109207508,-0.5044849551861186,0.0,-0.2217127734342647,-0.2478718084569988,-1.2044737900499365,-0.5847383660859377,-0.770447748368929,-0.4536370273510891,0.0,1,0.11513079014785021
UCwyQOFpCRB12qo7-pQADNzQ,-0.2521613338659231,0.3552512243693689,0.4889709236102774,0.0,-0.2217127734342647,-0.2478718084569988,-1.1264904570413228,0.6463411542193924,1.8730873863689932,-0.5978505922601076,0.25,1,0.051424250361359836
UCwzC_XfxNKJ4KvYwTpCfmBA,0.5806755631632097,-0.2785975932408512,-0.3189265342775266,0.0,-0.2217127734342647,-0.2478718084569988,0.8602034958533025,1.6511739460669854,-0.9527541894055888,-0.4536370273510891,0.0,1,0.07611169562996695
UCx-HMIyqBgGgDhoslrR2w4A,1.633198844075311,-0.0760612120844765,-0.351292973767836,0.0,-0.2217127734342647,-0.2478718084569988,1.0633831941688707,-1.3737130345248083,-1.2147790919480497,-0.165209897533052,0.0,1,0.09631198001487945
UCx-leoPVPDvDsicSc87whEg,-0.1337502487800146,0.2348948186185537,0.0858563902809034,0.0,-0.2217127734342647,-0.2478718084569988,0.9513581578108729,1.6213617357559,0.8395673776351074,-0.5978505922601076,0.5,1,0.06919079023522234
UCx0uF-Us4LOlUi4xHPEgBQg,-0.2212640635752763,2.683460193830755,5.184201183806115,0.0,-0.2217127734342647,-0.2478718084569988,-0.5304098792993098,0.1544014157595702,0.6121277077453887,-0.0209963326240335,0.0,-1,-0.051073670800312776
UCx1F73tIa4LqpIZ8QuIruOA,0.3114296632528115,-0.3933740952039232,-0.3915193998902024,0.0,-0.2217127734342647,-0.2478718084569988,0.3137440537706443,-1.3737130345248074,-1.2147790919480497,-0.165209897533052,0.0,1,0.10238046391875816
UCx1QpGtVIE20i1GDlSTNX0A,-0.1615753989751656,-0.1914380834424322,-0.5020927265073502,0.0,-0.2217127734342647,-0.2478718084569988,0.3552843465782809,0.3546834872069647,2.238262828754646,-0.5978505922601076,0.0,1,0.07514839283992292
UCx4J3apzbBWZiCYAmMt277Q,1.7352194324145425,0.0343008090338617,-0.542889017466319,0.0,0.6913574657089212,0.7154674764909068,0.3816507577148135,0.0401008054484552,-0.5110721591053463,-0.4536370273510891,0.25,1,0.01861859777496999
UCx9h9k06Sn_u8R7PbMigwIA,-0.2554715961533074,-0.1210889167007586,-0.304285955682489,0.0,-0.2217127734342647,-0.2478718084569988,1.3132629076349456,-1.1885158724477582,-0.8671831293271399,-0.3094234624420706,0.0,1,0.10810608424963075
UCxBnbpZD8gnbqe0BLFh3t9A,1.2512523167726906,-0.3233309991341511,-0.3575367750657731,0.0,-0.2217127734342647,-0.2478718084569988,-1.3173487079822164,-1.3059996614546845,-1.06535169928956,1.2769257515571333,0.25,1,0.06367973487785022
UCxBr4QBh04Nw1mhe1ZreNaQ,-0.1663289898571571,-0.2651775714728613,-0.3039827898693578,0.0,-0.2217127734342647,-0.2478718084569988,0.7312270510521817,0.2673134256636458,-0.4301799492977754,-0.5978505922601076,0.0,1,0.13625609778734105
UCxCZ-0NeRGaG0cEdB2h604A,0.1217996503362357,-0.0914236054241492,-0.2470965775889051,0.0,-0.2217127734342647,-0.2478718084569988,-1.4833246872217276,0.1135526964575761,-0.3140811561345143,-0.4536370273510891,0.0,1,0.11273778777587123
UCxD_3fJ1Um79W6iFcctyl9g,-0.1597025061438246,-0.1634679328102006,-0.2245235241729724,0.0,-0.2217127734342647,-0.2478718084569988,0.6982819903206322,0.9365648765717456,-0.2360749798053941,-0.0209963326240335,0.25,1,0.12054104672353294
UCxEpLcr9jxrtoo1KSunP3mw,0.0693662760072964,0.1723857698571268,0.0785052483956513,0.0,-0.2217127734342647,-0.2478718084569988,1.189294279653296,-0.1828452023571723,-0.1309128265742683,0.4116443621030221,0.25,1,0.09748643124569273
UCxGWC4_TeM2o7QgPjhEqsRQ,-0.2711507278104778,-0.2482259650290845,-0.3662263914330224,0.0,-0.2217127734342647,-0.2478718084569988,-0.1205369479782313,-0.2881935451338308,-0.2764147018411323,-0.4536370273510891,0.0,1,0.12973665535227968
UCxH1kSpAKBE0XIQY_XE9cUQ,-0.1222574550106087,-0.043217474599659,-0.3036523076622726,0.0,1.6044277048521072,1.1971371189648596,-1.435413940491883,-1.3737130345248083,-1.2147790919480497,-0.165209897533052,0.0,-1,-0.003777335135274118
UCxHU9_KkRJllIt9QlXc_YoA,-0.1118196274167553,0.1847463162223807,-0.3242238512100341,0.0,-0.2217127734342647,-0.2478718084569988,-1.0677928921962774,1.1234642407034785,0.8948731091646509,-0.4536370273510891,0.5,1,0.062263866995218464
UCxHdueQ2lCp08kZ1136FiLQ,-0.158444016206141,-0.3770581740017881,-0.4529415910244972,0.0,-0.2217127734342647,-0.2478718084569988,-0.7701691315518508,0.6129273399938455,1.4676364763699652,-0.5978505922601076,0.25,1,0.09643718325585965
UCxItpghuARpCVGkMbIJL7yw,-0.1638308587721765,-0.353467188367532,-0.4520955742966928,0.0,0.6913574657089212,0.7154674764909068,0.8135034807027949,-0.9415863230116944,-0.8469181024180376,-0.4536370273510891,0.5,1,0.02466053283043229
UCxJcQOJ0HFfbdlohj8IDI3Q,-0.2660115589705834,-0.2906049811385264,-0.3046231711227791,0.0,-0.2217127734342647,-0.2478718084569988,-1.545250946001555,-0.3209381579227029,-0.0397460955522763,-0.5978505922601076,0.0,1,0.10120563803223631
UCxKZCh6XF0yxv2tPw348cKw,-0.1912237351709288,0.9426243876462344,0.6281937480596295,0.0,-0.2217127734342647,-0.2478718084569988,1.2135187137983872,-0.9586558900250394,-0.9063418259714068,-0.5978505922601076,0.5,1,0.008898005745421433
UCxMFnQHv5ZNxyOC5--fPXiA,-0.1108352258026959,-0.370519697230617,-0.4283436470548191,0.0,-0.2217127734342647,-0.2478718084569988,-1.4092197779619142,-0.1505178019531871,1.4076819883245948,-0.3094234624420706,0.0,1,0.09148760499378666
UCxMl7BW3iQZjkb_RN47D4rg,-0.2389677157087485,-0.2332006774993733,-0.2447389876624338,0.0,-0.2217127734342647,-0.2478718084569988,1.153602338478229,0.7901870429264901,0.1499365125737023,0.2674307971940035,0.0,1,0.12381050858452419
UCxPe7JmeEb10keBOYpt9t0Q,-0.2900457653618737,2.576335458665221,1.5967249533897758,0.0,0.6913574657089212,0.7154674764909068,1.271722614827309,-1.0858124340505324,-1.0915326492433188,-0.4536370273510891,0.0,-1,-0.09939815342625236
UCxSmfVkmJ55x469SyvTYq1w,2.722708994286951,0.6548323418848421,0.6757574895428478,0.0,-0.2217127734342647,-0.2478718084569988,0.1206227965780553,-1.0523117475067971,-1.1807664235844226,0.2674307971940035,0.0,1,0.02009150876609822
UCxTPtg4J_oMyTOGdAy8-CZg,0.0985522912226381,-0.2151703324637198,-0.3880881657637714,0.0,-0.2217127734342647,-0.2478718084569988,0.5884742942624079,-1.1667200510605331,-1.022931991997981,-0.5978505922601076,0.0,1,0.12080242643144518
UCxVNh6FWkXJeV3sPDVRbGpw,1.5715635360145714,-0.1643155131323894,-0.1705047765420564,0.0,-0.2217127734342647,-0.2478718084569988,0.1888041970376066,-1.3737130345248074,-1.2147790919480497,-0.5978505922601076,0.0,1,0.09606254522074048
UCxWGNl7ar9SuYfbsh7Tieag,2.793359566255211,-0.1055499441272966,-0.420061612959938,0.0,-0.2217127734342647,-0.2478718084569988,1.239962591451785,-0.842919350668532,-0.651817668178536,0.4116443621030221,0.25,1,0.07045752081843176
UCxWe2kcHeJMQq0NlPe2f7kw,0.072348480728518,0.4891689152752054,0.5650944540896811,0.0,-0.2217127734342647,-0.2478718084569988,-1.4890929701425362,-0.2991543179446064,0.098935012215917,-0.5978505922601076,0.0,1,0.08324290383423777
UCxY-6OgplQOC2uEXgqODjZQ,2.7347555761118776,0.3781358930684675,0.3685127496454544,0.0,-0.2217127734342647,-0.2478718084569988,-1.1855342270258078,-1.3737130345248083,-1.2147790919480497,-0.5978505922601076,0.0,1,0.04753464632955434
UCxZ6za_Q-6hPBzK5pmGQ__Q,-0.2854461278123831,-0.2122038013360588,-0.1956457390123729,0.0,-0.2217127734342647,-0.2478718084569988,1.081525724536886,1.867237301823542,0.2750251204600347,-0.4536370273510891,0.0,1,0.09963839707481481
UCxZyAlH0YwAUBcvtFFOmMbQ,5.104766923545738,-0.4013958375389247,-0.597939553876154,0.0,-0.2217127734342647,-0.2478718084569988,0.0638643403045686,-1.373713034524806,-1.2147790919480497,-0.3094234624420706,0.0,1,0.03466001801259222
UCx_hrkHT59HJymoUCjomcdA,-0.1812045251663828,-0.3745924857917841,-0.3503188029476811,0.0,0.6913574657089212,0.7154674764909068,0.4364675525011258,1.7504298807201626,0.6966964219657972,0.2674307971940035,0.0,1,0.049635681572770596
UCxbckLYNUgnfNTZlDBS9-Mg,-0.2539296670902926,1.0172114559988523,2.1519202906077046,0.0,-0.2217127734342647,-0.2478718084569988,0.9566139918254678,0.7193491125404072,0.6205837557956219,-0.5978505922601076,0.25,1,0.036173804453947744
UCxcIOIDdOfo2-ljOB2HYZNw,-0.2026203972735587,-0.0643010351141064,-0.2419425997143274,0.0,-0.2217127734342647,-0.2478718084569988,0.9456300373382952,-0.6033418976700893,-0.4220141637108336,-0.5978505922601076,0.25,1,0.12430943002687844
UCxccuedyzOB2AYkgNp8ZCZg,2.3044933717635043,0.4891689152752054,0.1284188502711011,0.0,-0.2217127734342647,-0.2478718084569988,1.3631699001975013,-1.0626533451216793,-1.1363133422457763,-0.5978505922601076,0.0,1,0.0607699246099328
UCxd3C0YYPbYtR3lI9bLjNxQ,1.6689748240112008,-0.3637548480752589,-0.3368900964376431,0.0,-0.2217127734342647,-0.2478718084569988,0.0638643403045688,-1.0918912661466904,-0.853705450110827,1.997993576102226,0.0,1,0.060729253135731964
UCxdX5hzccz9fAK09wyHzOkA,0.6637861826003115,0.860409096393917,0.2215329338881419,0.0,-0.2217127734342647,-0.2478718084569988,1.0041714431320885,0.7686948831658365,-0.4547780580814853,-0.5978505922601076,0.0,1,0.059059700464563325
UCxfDgjdRD5p2gIxFnnWUXDw,-0.2553014289821118,1.8827322283406884,2.5069148639183974,0.0,0.6913574657089212,0.7154674764909068,-1.446449877511493,0.983899003492312,0.6895121750172227,-0.4536370273510891,0.0,-1,-0.04228567942941963
UCxfUlvIr4_Z6FPcSbRbzgHA,-0.1069513838800729,-0.2386283643219462,-0.2970804235830382,0.0,-0.2217127734342647,-0.2478718084569988,-1.2282244835063203,0.7484732008970668,1.0094503618640052,3.5843427901014304,0.75,-1,-0.06479419040765766
UCxgZLb-KLWNV-NLeabziaeA,-0.2288908862302577,-0.3753630133574103,-0.3823552029388126,0.0,-0.2217127734342647,-0.2478718084569988,0.9292634751507232,0.3020560845491515,-0.0089626482077855,-0.5978505922601076,0.25,1,0.12486725313414165
UCxh1GquHVU7JCRit-MSaY5A,0.1642028105647017,-0.3190594633834375,-0.3492244423272961,0.0,-0.2217127734342647,-0.2478718084569988,-1.487278456827957,-0.6399229231162166,-0.1835019361668446,-0.3094234624420706,0.0,1,0.11103814534539558
UCxh6YHnBlR_-wVKlWxCqWTw,-0.0380614432020681,0.54426163621748,0.1510412655892476,0.0,-0.2217127734342647,-0.2478718084569988,0.8948365930237496,0.8753796981227971,1.9648871832108543,-0.5978505922601076,0.25,1,0.05998612290297328
UCxhDkf9Z8qMJKwgWVK7oGew,0.344693245842131,-0.245683224062518,-0.1853574607617959,0.0,-0.2217127734342647,-0.2478718084569988,-1.1855342270258078,-1.3737130345248083,-1.2147790919480497,-0.5978505922601076,0.0,1,0.10167889714966405
UCxhR4vIbMaAJc58iBicqtGg,-0.1396284509101505,-0.2517575497048713,-0.2769319244238057,0.0,-0.2217127734342647,-0.2478718084569988,-1.0035612175039017,0.0401008054484555,-0.5110721591053476,-0.4536370273510891,0.5,1,0.0895582301406142
UCxhnw1vZr7Nvk4-s2bL_W0A,-0.1589487448355261,-0.2745009550169385,-0.3669093010070096,0.0,-0.2217127734342647,-0.2478718084569988,0.8135034807027949,-1.373713034524806,-1.2147790919480497,-0.5978505922601076,0.25,1,0.08359188586315458
UCxiQ5PZLh1WG3sFNKOM09RA,-0.2718751962812459,0.0653787541807859,-0.0961940972485734,0.0,-0.2217127734342647,-0.2478718084569988,-1.0683713854798091,-0.2637204631827339,-0.4064110026156809,0.123217232284985,0.25,1,0.1081027373445736
UCxiXO-vPZ_9-Ys4n3g1Vy6w,0.7877725206718127,0.046837934632905,-0.1831494531990203,0.0,-0.2217127734342647,-0.2478718084569988,1.1659981497305072,0.6808364158992891,0.3835184407010478,-0.165209897533052,0.25,1,0.1011873638017673
UCxiiJTaF23I6UkPrch33fjA,-0.2726001459744556,-0.498262160074792,-0.5328762597087136,0.0,-0.2217127734342647,-0.2478718084569988,1.1883230509019085,1.737599288369608,0.7619389727920313,-0.5978505922601076,0.0,1,0.07089285658905492
UCxiuxeSAkQi2HzhNVJWqgQQ,2.585179255191512,-0.1097878457382407,-0.4627497694694083,0.0,-0.2217127734342647,-0.2478718084569988,-0.5608349433606193,-1.3737130345248083,-1.2147790919480497,-0.4536370273510891,0.0,1,0.0975963928150913
UCxj874R7MXcAVDmPBIyi11w,2.163708563863904,-0.3487247746600469,-0.4366959010543985,0.0,-0.2217127734342647,-0.2478718084569988,-1.435413940491883,-1.373713034524808,-1.2147790919480497,-0.3094234624420706,0.0,1,0.08394063300615423
UCxjI4tRiaoDHPkI6oopb6OA,0.4859024322877048,0.0738545574026743,-0.4546848948343532,0.0,-0.2217127734342647,-0.2478718084569988,0.5636237672367195,1.7375992883696083,0.8251087748852038,-0.5978505922601076,0.25,1,0.07861341684437945
UCxlJZ0TzEJz-aaf9mlIFTWA,-0.1971684980321381,-0.0312454025487417,-0.1229080993969868,0.0,-0.2217127734342647,-0.2478718084569988,1.2877123963161052,-0.7520342633036389,-1.0551953722511995,-0.5978505922601076,0.25,1,0.10063743069530717
UCxm1uq58gOhHKy_4Onhj9ww,2.251512217299702,-0.2863670795275823,-0.3382136040229016,0.0,-0.2217127734342647,-0.2478718084569988,-0.5608349433606193,-1.3737130345248083,-1.2147790919480497,-0.5978505922601076,0.0,1,0.10024405778656698
UCxmqmV27H2mPhBd0EOquaWA,0.1252318314107205,-0.4216772238198719,-0.4904183741230793,0.0,0.6913574657089212,0.7154674764909068,0.4140866479031877,-1.1254342973027762,-0.7185843614611309,0.7000714919210592,0.0,1,0.03971914498272905
UCxqJN-3-4GqnYi8zn1PNkLA,-0.2134184061122294,0.6453658603642914,0.7538283922064375,0.0,-0.2217127734342647,-0.2478718084569988,-1.3345382599645674,-0.5938309546662665,-0.5815423621833575,-0.3094234624420706,0.25,1,0.07178994665900351
UCxrOOdgG72z1cr2YBwmPtuw,-0.2260858491685387,-0.0043111834214075,-0.0170720937929366,0.0,-0.2217127734342647,-0.2478718084569988,0.9562050111249796,0.8691802927700564,-0.0568327397100133,-0.0209963326240335,0.5,1,0.08937444520060245
UCxtRzVIV-vKM_ioCmMp4rhA,0.2225018510858392,-0.44861816977516,-0.537183702217993,0.0,-0.2217127734342647,-0.2478718084569988,-1.3961411459250836,-0.10643974503391,-0.9754000390787774,-0.3094234624420706,0.0,1,0.09635800374041403
UCxuoqLjhSKnAsR5SaH_kjQg,3.9341502069654544,0.1646667347800498,-0.0583346877944126,0.0,-0.2217127734342647,-0.2478718084569988,-0.9356545135597326,-1.373713034524808,-1.2147790919480497,-0.3094234624420706,0.0,1,0.06580599973104673
UCxv6iTNeUhGnr6DvreiLkKQ,4.825812956579445,-0.2567017682509729,-0.395037126217001,0.0,-0.2217127734342647,-0.2478718084569988,-1.435413940491883,-1.3737130345248083,-1.2147790919480497,-0.165209897533052,0.0,1,0.0548264839585203
UCxwZb8v5Y_Y5Nuha0ahxMXQ,0.0614854171564189,-0.0880332841353939,0.081954323419071,0.0,-0.2217127734342647,-0.2478718084569988,-1.3845561735661636,0.1291729377661786,-0.3192867787921338,-0.5978505922601076,0.5,1,0.07488991207877715
UCxxtvFq4smMi-eijLBl1NKw,0.112961667532117,-0.3185751317707581,-0.3345995321373384,0.0,-0.2217127734342647,-0.2478718084569988,0.3403949569638246,-0.4939000066870158,-0.7657871112055342,-0.5978505922601076,0.0,1,0.13125395392330197
UCxytAMQsv79hFpadDAL3_-w,-0.2722173192701403,-0.1736388966764667,-0.1781115292882672,0.0,-0.2217127734342647,-0.2478718084569988,-0.7614778342034475,1.1404975130234682,0.2181934984421737,-0.5978505922601076,0.0,1,0.12096917335104729
UCy0itkdGFy4T6_7fqx91hhg,0.1173251552852482,-0.0664670737152557,-0.2253645823117423,0.0,-0.2217127734342647,-0.2478718084569988,-1.29832875779983,0.1597338405362018,0.166040382206706,1.2769257515571333,0.25,1,0.08887926714888578
UCy1Femtnx6dhHm48VkwE5jQ,-0.1056147626374865,-0.4844889798392234,-0.5180454572549653,0.0,-0.2217127734342647,-0.2478718084569988,-1.2640249731889108,0.913638756231668,2.3252611437930706,-0.165209897533052,0.0,1,0.044659182918067974
UCy1fu11nh90dQD_s2AIHmvg,0.3784480488611287,0.2232405891884572,0.7263060662735996,0.0,1.6044277048521072,1.1971371189648596,-0.2158124466415902,2.191332335458377,-0.3480324492132081,-0.165209897533052,0.25,-1,-0.05012595860714664
UCy20AjSN4uND2pWD9sRj3wA,1.0716080124345628,-0.1311946820807025,-0.0930426359814936,0.0,-0.2217127734342647,-0.2478718084569988,-0.1013963644216971,0.2909582104120661,0.3316034890613379,0.5558579270120406,0.0,1,0.09677567675726767
UCy2IJHBkj92UQn8X8Lw3VWw,-0.0182433965278719,-0.0592155531809734,-0.2145227670347718,0.0,-0.2217127734342647,-0.2478718084569988,0.8550437735104319,2.12651332873141,-0.4569449832851647,0.123217232284985,0.5,1,0.05710115868936033
UCy2WsKh7Hsi4zp0FNRZSN4A,-0.2606160872734823,-0.2270364569743635,-0.1686764196935846,0.0,-0.2217127734342647,-0.2478718084569988,1.347955043021293,-1.0599563161151393,-0.8258095585391808,-0.3094234624420706,0.0,1,0.11095163973157635
UCy2_ht2OpXolYScleUi-hXw,-0.2830599309752954,-0.3143372301598139,-0.3518691295137677,0.0,-0.2217127734342647,-0.2478718084569988,0.7156895631821518,0.3960190362852638,1.5928360160003423,-0.5978505922601076,0.0,1,0.11110210653169711
UCy4SLDCaAhuOE1Us3e4Nbgw,0.2805332383792303,-0.0451919514865762,0.0422981475627432,0.0,-0.2217127734342647,-0.2478718084569988,-0.1586639505059602,1.3755998754367642,2.0301466059143105,0.2674307971940035,0.0,1,0.05546642095980481
UCy55EzgAdWWLTyv01QQh8Dg,-0.2518430793257887,-0.1278695592782693,-0.1637290448105205,0.0,-0.2217127734342647,-0.2478718084569988,0.5978290128498336,-0.5727213722924621,-0.4031891870542653,-0.5978505922601076,0.25,1,0.12850520207777932
UCy58VY5cMB3Gk5eDDyNnBTw,1.6307805647995903,0.3514371129195191,0.8724138546903731,0.0,-0.2217127734342647,-0.2478718084569988,-1.1477974791894574,-0.1421519067124353,-0.8789659972542648,0.123217232284985,0.0,1,0.053696678193630665
UCy8R7L2_e6Nwr8TgCyyvG_Q,-0.0353225020365015,0.2687980315061073,-0.0929085077239694,0.0,-0.2217127734342647,-0.2478718084569988,0.0915286327297054,-0.7542275296532402,-0.6822537835254597,-0.5978505922601076,0.25,1,0.10358042562959618
UCyBqrGC6mA8f7Lyn_YeWWTQ,0.0858629666734448,-0.2948428827494707,-0.4263414225004645,0.0,-0.2217127734342647,-0.2478718084569988,0.3552843465782809,0.3546834872069647,1.5286506443324244,-0.5978505922601076,0.25,1,0.09891392104038654
UCyC82JPaJQcT9UWXtMGVJCA,-0.2965041345322256,0.0255424790379104,0.0160711140518486,0.0,-0.2217127734342647,-0.2478718084569988,1.4035357042138372,0.217913784550689,0.8420655787913452,-0.5978505922601076,0.0,1,0.10309469483874634
UCyDZbhS-mnuULBRHSUkeIiQ,-0.265845489596124,-0.0674088296287988,0.0035505478338798,0.0,-0.2217127734342647,-0.2478718084569988,0.4826138654954421,0.4628254894059235,0.0380611338409285,-0.4536370273510891,0.0,1,0.1357273541834595
UCyD_rHWmWGdUvaHXSBJKLfA,0.1668626526241469,-0.3524783446583117,-0.3410610863688518,0.0,-0.2217127734342647,-0.2478718084569988,-1.435413940491883,0.1819431269223996,2.2237866269415583,-0.5978505922601076,0.0,1,0.06334522950161131
UCyDfdHsjP0uHqL6_0MmvsSA,0.1658908563308555,-0.2835036324931605,-0.3118838969717545,0.0,0.6913574657089212,1.6788067614388125,-0.4080190563068761,-0.0443203690900353,-0.4185396929625255,4.0169834848284856,0.25,-1,-0.028654852579545587
UCyIReiFZ0Lswnk6GmioBTOg,0.1986815232398052,-0.3196648778992866,-0.4422908408196994,0.0,-0.2217127734342647,-0.2478718084569988,1.0531810242027702,0.8410916206154159,0.3149069841120956,-0.3094234624420706,0.25,1,0.11489674739086575
UCyJH71Kt5lqXLKP3N8JPAww,0.3720593776733776,-0.1605340009257007,-0.2231438243701334,0.0,-0.2217127734342647,-0.2478718084569988,1.2241942757549555,-0.8173571729568228,0.2227135435747299,2.430634270829282,0.0,1,0.058553367984199634
UCyKEa7mUFM3bexIqVZ-hVSg,0.1021479575519078,-0.3236606137038911,-0.3119894316574871,0.0,-0.2217127734342647,-0.2478718084569988,1.2131735779275965,-1.1667200510605331,-1.022931991997981,-0.5978505922601076,0.0,1,0.11680212023536629
UCyLZcoGJS7DYeVhntOQGjyg,-0.2639537698681311,-0.0423850296403664,0.0522587508239295,0.0,-0.2217127734342647,-0.2478718084569988,1.3883102413055264,-0.4293929861205084,-0.4528954495972355,-0.3094234624420706,0.0,1,0.11406090594587914
UCyN85-EeKDRP-wMVsaALIEg,-0.0520329042871988,-0.2644712545377039,-0.2092129783207909,0.0,-0.2217127734342647,-0.2478718084569988,0.5087603809698436,0.2599164228788155,0.1755333406074823,-0.4536370273510891,0.0,1,0.13944084140875462
UCyOscbfRETZZFY8KW81Yp3Q,5.2877892558793445,0.2653306574607893,0.6780271500377919,0.0,-0.2217127734342647,-0.2478718084569988,0.6885636239697576,-1.3737130345248083,-1.2147790919480497,0.2674307971940035,0.0,1,0.0010065675639767124
UCyPWksZVGLMpZOVF8tkKtgw,-0.2625545053843808,-0.0109034748162095,0.1710541503161563,0.0,-0.2217127734342647,-0.2478718084569988,0.4198207265492462,-0.1853645778637467,-0.6944010601834056,-0.4536370273510891,0.0,1,0.12379978179454637
UCyPiTgTAAfOLqR8SlIcJDhw,0.0730464485503688,0.2414871100133557,0.2241141356135091,0.0,1.6044277048521072,1.1971371189648596,1.0775873050093876,-0.7337108744450159,-1.1294118672044413,-0.0209963326240335,0.0,-1,-0.0029387579170985223
UCyPzsRZpTrCWfL8UWSrkrEg,-0.2822213048728216,1.0830048785087607,0.795737321399972,0.0,-0.2217127734342647,-0.2478718084569988,1.330090961070753,0.8731261452195328,0.2959551294398884,-0.165209897533052,0.0,1,0.05961212423787943
UCyQ5j8QEonS3PN-IS_jaouw,3.7564241706862034,-0.345697702080801,-0.496778967886519,0.0,-0.2217127734342647,-0.2478718084569988,-1.560353797224921,-1.3737130345248083,-1.2147790919480497,-0.3094234624420706,0.0,1,0.05375155324633635
UCyQqUXELmRgQq-gAFoUFhSA,-0.2876050611440049,0.6315624094029305,0.6184467855657358,0.0,-0.2217127734342647,-0.2478718084569988,1.3564900316983663,1.5631086663291085,0.6839457592272503,-0.5978505922601076,0.0,1,0.06692957233074392
UCyQwpzdUBWaUjStqO9qrX9Q,1.9572395606725892,-0.237445338124051,-0.3961228592976886,0.0,0.6913574657089212,0.7154674764909068,-0.234799121791901,-0.8539673605299943,-0.9314011628865148,6.901254783008857,0.75,-1,-0.12706712537560527
UCySAFRW_AgNdZC-QfcIFRyA,3.994817056025103,-0.2499211256734622,-0.2273920496695807,0.0,-0.2217127734342647,-0.2478718084569988,1.0633831941688707,-1.3737130345248083,-1.2147790919480497,0.123217232284985,0.0,1,0.06728757468802882
UCySW6nzt2S9YObwxmjrO8Bg,-0.1130256273995043,-0.3126420695154362,-0.4449791122661156,0.0,-0.2217127734342647,-0.2478718084569988,1.0870118311893324,0.1258565720034761,1.1619541434416747,-0.5978505922601076,0.0,1,0.11780237635460333
UCySxd58HzQrp2lI7Hdxbhsw,3.206793525725808,-0.0808288513967888,-0.1355862032939735,0.0,-0.2217127734342647,-0.2478718084569988,1.0633831941688707,-1.3737130345248083,-1.2147790919480497,-0.4536370273510891,0.0,1,0.08473471150710382
UCyU6IjjMV30cQo6wAChcJ3Q,-0.1595384564615109,0.3323665556702702,0.2346016093476552,0.0,-0.2217127734342647,-0.2478718084569988,-0.17643014182261,1.847345965595648,1.4931192595886664,0.123217232284985,0.0,1,0.06241352511597542
UCyUUi7WXEUVGUVAs1Y5OsVg,1.3074637607641215,-0.3914670394789983,-0.4706749505352028,0.0,-0.2217127734342647,-0.2478718084569988,1.338113434660634,-1.1667200510605331,-1.022931991997981,-0.5978505922601076,0.0,1,0.09369706984015619
UCyUxlkhR36LV6z92gZ2k63A,3.3362134742434426,-0.5135186058741911,-0.5333810731407533,0.0,-0.2217127734342647,-0.2478718084569988,0.9384433374358324,-1.373713034524806,-1.2147790919480497,-0.5978505922601076,0.0,1,0.06426903150350477
UCyWJzK1vOwM1aamTvKCwnpw,2.4096160403271254,0.5301352975143327,-0.1339931100273174,0.0,0.6913574657089212,0.7154674764909068,1.0840740531987785,-1.1941183414104872,-1.0202827234216143,-0.4536370273510891,0.0,-1,-0.014221624552080314
UCyX1_7CtaD9Xy8jVcEEDb9w,-0.1795050226275782,-0.2346646798740631,-0.1727623244782731,0.0,-0.2217127734342647,-0.2478718084569988,-1.4324054436751272,0.6973735543732191,1.5290121623786477,-0.5978505922601076,0.0,1,0.09187479469902299
UCyY5I2IJozOprouQx7tFtEw,-0.0837384516582165,-0.3168799711263805,-0.3373243977690314,0.0,-0.2217127734342647,-0.2478718084569988,-0.161164846135818,-1.1667200510605324,-1.022931991997982,-0.5978505922601076,0.0,1,0.11953198278564303
UCyYkTpKrEvhZO1mQH2LobyQ,-0.186576241036424,-0.4075710656005862,-0.4800813720180519,0.0,-0.2217127734342647,-0.2478718084569988,1.3649548835429817,1.0357734539120094,1.5569851310069496,-0.5978505922601076,0.0,1,0.0807656281020025
UCyZUaJpulr8Q172sDs_e4Eg,-0.2333312211776964,-0.0335056167412452,0.5408745744743775,0.0,-0.2217127734342647,-0.2478718084569988,-0.8490438240989828,0.8286680805370176,0.4378475919264399,-0.4536370273510891,0.25,1,0.09173236065015189
UCyap3DSP4ommUuqdykny3SA,0.238309958803798,0.3503776375167831,-0.3139028869504929,0.0,-0.2217127734342647,-0.2478718084569988,0.0357634896572749,-0.5553455337048688,-0.3547580152846772,-0.165209897533052,0.25,1,0.09982418731395609
UCydTp3Asrsq4Sc6wZKVkBXQ,-0.078782883995185,-0.2524638666400287,-0.2261598617957783,0.0,-0.2217127734342647,-0.2478718084569988,-1.3760469565412727,-0.1389322812025722,-0.5893055113472434,-0.5978505922601076,0.5,1,0.07789754244719582
UCyedzPQKtOp-u8xQGc6zP6g,1.102731295566984,-0.4389315375215733,-0.5058379034439157,0.0,-0.2217127734342647,-0.2478718084569988,1.1920970490665432,-0.4775568006225066,0.4858914056921651,-0.165209897533052,0.0,1,0.1015385937611778
UCyg8IjVbMSDOlQkt05Eth1g,2.626282469006087,-0.0563095635048973,-0.2209569401993731,0.0,-0.2217127734342647,-0.2478718084569988,-1.3460457345999377,-1.1094245925500783,-1.0651113571871098,-0.3094234624420706,0.0,1,0.08600303068041926
UCyi4HWpphXKkWnZTFsa7mEg,1.0954080639819903,-0.1414308444332908,-0.3404921653807549,0.0,-0.2217127734342647,-0.2478718084569988,0.179624334752497,0.0237299459869193,0.7434970868015653,-0.5978505922601076,0.0,1,0.09811868456831496
UCyjNvAMA0VMNGEdbYLijiRg,5.091577870510672,-0.501228691202453,-0.4855646697268284,0.0,0.6913574657089212,1.6788067614388125,0.0638643403045688,-1.3737130345248074,-1.2147790919480497,0.123217232284985,0.0,-1,-0.0587095421225855
UCylEWSg0sCbS_RJkvOPbYcw,-0.2850850613731016,0.0602932722476529,0.1900307647079926,0.0,-0.2217127734342647,-0.2478718084569988,-1.3104740837588456,1.219047234553872,0.8000785279695518,-0.5978505922601076,0.0,1,0.092633031950553
UCylqw8wnHdEsh7GjvgUiQ1Q,0.0137832776210394,-0.4135041278559081,-0.5384299799227653,0.0,-0.2217127734342647,-0.2478718084569988,1.169822264188178,-0.3941983615129313,-0.1647000198878613,-0.5978505922601076,0.0,1,0.1221537640846635
UCym8LNWNco9O0irlAD0FroQ,-0.1976710201378026,-0.2750660085650644,-0.2944553120609872,0.0,-0.2217127734342647,-0.2478718084569988,0.0147787194851381,1.1959012307187569,1.9110884062022715,-0.4536370273510891,0.25,1,0.07315338343354905
UCynGzcb3acF49Kpm309U3_g,-0.2891645674398338,-0.2126275914971532,-0.2221917745245704,0.0,-0.2217127734342647,-0.2478718084569988,-1.1855342270258074,1.7375992883696083,3.467326912203938,-0.5978505922601076,0.0,1,0.02995463801178222
UCyoxOd1fNdZ1B2FGZpyjfSA,1.751549554301125,0.7858220280412991,1.2925211119815323,0.0,-0.2217127734342647,-0.2478718084569988,0.3476892753834114,-1.1168846626736686,-1.0628437431083728,0.2674307971940035,0.0,1,0.020942708271770083
UCyrQvJIQ1S8FDC_99XXBlIQ,-0.0626952802765429,0.5480009611683131,1.079185300301455,0.0,-0.2217127734342647,-0.2478718084569988,-1.3081165163223902,0.1859715102702785,-0.0242177680891203,1.132712186648115,0.5,1,0.01869699682473147
UCyvj6H6ea9-87mH1MqHbrdQ,-0.0911818286184042,-0.2619991452646532,-0.3570646698043427,0.0,-0.2217127734342647,-0.2478718084569988,-1.064946245297712,-0.8819260839868616,-0.4821211352476272,-0.165209897533052,0.5,1,0.07867617164929241
UCywgWR3-dgvf64UcqpX7VrQ,2.117273420043915,-0.3453124382979879,-0.4348543389609877,0.0,-0.2217127734342647,-0.2478718084569988,1.009227746755432,0.1249879699362021,-0.9020971359756128,0.2674307971940035,0.0,1,0.09169718859384868
UCyxfgZ-8RJVeuMCe6j2pX0A,0.2718001188227963,-0.1202413363785698,-0.2894126405282793,0.0,-0.2217127734342647,-0.2478718084569988,-1.3342749393244977,-0.910711452011554,-0.6805882007103993,-0.5978505922601076,0.25,1,0.10718640410270364
UCyyo_PN3vqPzm0t8qcqyvhQ,-0.2790895083277654,-0.3999428427008867,-0.5006008787708931,0.0,-0.2217127734342647,-0.2478718084569988,0.7630976256676182,1.5306245453280232,0.8731207809990258,-0.5978505922601076,0.0,1,0.10051087574008138
UCyzOCRhSuisP8lsOkepBYvg,1.010384486480662,0.3530851857682196,0.0136594335668715,0.0,0.6913574657089212,7.458842471126247,-0.838883781185124,-0.7285792404131991,-1.0211492197143348,2.5748478357383005,0.0,-1,-0.09899404978206616
UCz1QsQvay74_nPrXz9oHtcw,-0.0732143788858292,-0.2878806158172052,-0.4561709879991774,0.0,-0.2217127734342647,-0.2478718084569988,-1.1751325577505076,0.6325747533019591,1.427160097171991,0.7000714919210592,0.5,1,0.043055825362987354
UCz1t-3lcXRLttbVC53OcBew,3.033176105188061,-0.3520545544972173,-0.5220581870933276,0.0,-0.2217127734342647,-0.2478718084569988,0.0638643403045686,-1.373713034524806,-1.2147790919480497,-0.4536370273510891,0.0,1,0.08861161287342462
UCz1wqbZVrukzfEQmg2aOJPw,0.0219290024370786,-0.3983687649596789,-0.4201306310587603,0.0,-0.2217127734342647,-0.2478718084569988,-1.2536912438089551,1.168532985482627,1.1322318368493105,-0.3094234624420706,0.5,1,0.0549348651751968
UCz2O2oQ81NbGahInpXfMIIQ,-0.2213160591269133,0.7540377659592177,1.0598970277673383,0.0,-0.2217127734342647,-0.2478718084569988,1.136467575360164,0.4628254894059235,-0.4760761913304372,-0.4536370273510891,0.0,1,0.07629380847427258
UCz2POMkqDL2YC10rAYBWp9A,-0.2386817169139837,-0.1620552989398859,-0.2413213871187031,0.0,-0.2217127734342647,-0.2478718084569988,1.3950796533398522,-0.3679707295971479,-0.5103643275525965,-0.4536370273510891,0.25,1,0.11174735801224789
UCz2r6dEc4pNpuh56_S3_dGA,0.4833578249961964,-0.2270364569743635,-0.4115235736970213,0.0,-0.2217127734342647,-0.2478718084569988,-0.8532267704496205,-0.7990408195230487,-0.9644418722126836,-0.4536370273510891,0.0,1,0.11900699007445908
UCz5Y9KB7mBB0UZC9q_yB15w,7.053853323999999,-0.4335718384253791,-0.4387383088130872,0.0,0.6913574657089212,0.7154674764909068,-1.1855342270258078,-1.3737130345248083,-1.2147790919480497,3.5843427901014304,0.0,-1,-0.10310024818697561
UCz7RScuxt7XGAb3DEC4jPzA,-0.0095906207512039,-0.1359215723390633,0.0684400596630788,0.0,-0.2217127734342647,-0.2478718084569988,-1.3948341330433056,-1.017297198742137,-0.8220531769128775,-0.4536370273510891,0.25,1,0.09620190962034786
UCz7SWewxlCnq149cIzHyGTA,0.0661495770989811,-0.3389170595032903,-0.4158969252283026,0.0,-0.2217127734342647,-0.2478718084569988,0.8742453320903684,0.3746070886469853,-0.6093321465697331,-0.5978505922601076,0.0,1,0.12450806672995679
UCz7hwWeDlDbicdhZKfyMemQ,-0.2671247848327254,-0.2856607625924249,-0.2217399732942876,0.0,-0.2217127734342647,-0.2478718084569988,0.5814424583632674,1.1418301125800214,2.2150090631886235,-0.4536370273510891,0.0,1,0.08102556628398894
UCz8fYR-oR9sgAcp7gZTQlbA,0.306006518894192,-0.2160179127859086,-0.1231965841305127,0.0,-0.2217127734342647,-0.2478718084569988,0.2370857192260683,0.4913162228257783,-0.219576625315942,-0.5978505922601076,0.0,1,0.13128185066536951
UCz8qNiSWZqDa6GJMVh51u_Q,0.2663410604091987,-0.3622255183634834,-0.3817667272864281,0.0,2.517497943995293,1.6788067614388125,-1.558945033271666,1.737599288369608,1.368829401296448,1.5653528813751705,0.25,-1,-0.08243042224100627
UCz9JOOzj82qqyVI16ROMOAw,3.62597334453751,0.2871622718201988,-0.0872055659767129,0.0,11.648200335427152,6.495503186178341,0.1770047285026136,-1.2624249670099583,-1.0409788569702734,1.7095664462841889,0.0,-1,-0.17039483358612018
UCz9OmtEcn0HlvuTN5DMFMjQ,-0.0180864319826324,-0.3643444691689554,-0.4742487040891618,0.0,-0.2217127734342647,-0.2478718084569988,1.333936517891736,-0.1855199062532989,-0.7104606458466867,-0.5978505922601076,0.5,1,0.07185487156813958
UCzAbY7B-GIP1t9Q6jbbOZqQ,-0.2886814823023751,-0.1100703725123037,0.0906611170461903,0.0,-0.2217127734342647,-0.2478718084569988,-0.0555558775174066,-0.3423361226987714,-0.5627909788646758,-0.5978505922601076,0.0,1,0.11988280866770545
UCzE9IrS5quydJpMGq4p_CDA,3.208419803390686,-0.3469085311124993,-0.2807385043917421,0.0,-0.2217127734342647,-0.2478718084569988,-0.4358950866275817,-1.3737130345248083,-1.2147790919480497,-0.3094234624420706,0.0,1,0.09487772622522833
UCzEqxqEIv6d7krLx6tnpGmQ,-0.2085586097101098,-0.3906194591568094,-0.4568520873664553,0.0,-0.2217127734342647,-0.2478718084569988,1.384421610209666,-0.7632954703965978,-0.6219351802019132,-0.5978505922601076,0.25,1,0.09870990736654728
UCzGi_b9QEH16KN9irjS08QA,-0.3004851078143286,-0.1668582540989559,-0.0445201461815766,0.0,-0.2217127734342647,-0.2478718084569988,0.7785991875262841,0.6642783693319473,1.4548023980131746,0.123217232284985,0.0,1,0.10519563770491797
UCzHUJXSl9hSbcFZn8l-76IA,1.18527061528694,-0.175576223127184,-0.0975930294318077,0.0,1.6044277048521072,2.160476403912765,0.4639012587731452,0.0333887268228305,-0.1427093361624496,1.7095664462841889,0.25,-1,-0.011482352010317887
UCzIdkqzUTwRaDY6UrY0eWuw,-0.2818803511739316,-0.3640619423948925,-0.4889073522324699,0.0,0.6913574657089212,0.7154674764909068,0.5883895865345564,0.4628254894059235,0.1907746943856349,-0.4536370273510891,0.5,1,0.03584777092509195
UCzIf1o3eihSCpXWcJLsaawA,-0.2671795413847594,-0.2131119231098326,-0.2699924727006461,0.0,-0.2217127734342647,-0.2478718084569988,-1.1351398279277007,-0.6134742590816191,-0.6266708926949102,-0.3094234624420706,0.25,1,0.11332615709792193
UCzJBgJaSUbkytISW5MPSRqQ,3.727034589680249,-0.2771849593705365,-0.449268641421329,0.0,-0.2217127734342647,-0.2478718084569988,-1.1855342270258078,-1.3737130345248083,-1.2147790919480497,-0.4536370273510891,0.0,1,0.08434681004565359
UCzJ_xq59sskXg7F9SwAgUvw,-0.2842760505561386,-0.4185896097890412,-0.5064766287179827,0.0,-0.2217127734342647,-0.2478718084569988,1.0347723932474575,0.3412678031576366,1.2284947509272877,-0.5978505922601076,0.0,1,0.10272036311912724
UCzJczNP4kWGfW9iCeOV5Agg,-0.0369141328292136,-0.3906194591568094,-0.3254092489232401,0.0,-0.2217127734342647,-0.2478718084569988,-0.0859011732441882,-5.5346214398777e-05,0.6750673146561124,-0.5978505922601076,0.25,1,0.10465156787534041
UCzJgClz4DQOfsh5FD8jV3Gw,2.524838771551261,-0.3845451335144561,-0.4948342548575236,0.0,0.6913574657089212,3.605485331334624,0.6319007014568829,0.6102151536362518,0.0592893721712989,1.2769257515571333,0.0,-1,-0.011044370162807793
UCzKsHi8zlEZ4vfPNYbBzcxw,0.0396235512045883,-0.4923290978194701,-0.4356752988718105,0.0,-0.2217127734342647,-0.2478718084569988,-1.1094603372164886,-0.9623265351910174,-0.8268262106777529,-0.5978505922601076,0.0,1,0.10254141124198912
UCzLjekZQGmOT7t32oDUvJTQ,-0.1206787611110564,-0.1387468400796928,-0.3895347244222235,0.0,-0.2217127734342647,-0.2478718084569988,-0.3109552298945442,-1.3737130345248074,-1.2147790919480497,-0.4536370273510891,0.0,1,0.10380148243374854
UCzM2P-kp8VnOMgRoA5rcs5A,2.3002719695459053,1.061891047268521,0.2494892854665341,0.0,-0.2217127734342647,-0.2478718084569988,1.210662106275596,1.758082236061616,0.1345880772852549,-0.3094234624420706,0.0,-1,-0.005754842456135556
UCzMhMbmX9Y68ioTZzXVOIUg,-0.2528602823112433,0.3263124105117785,0.0891133473073174,0.0,-0.2217127734342647,-0.2478718084569988,1.0885387633186738,1.4318997566271512,1.0769067522796985,0.7000714919210592,0.0,1,0.08022883263539743
UCzO5g974rha6E0uvpWj3GLQ,-0.0914980666341109,-0.2797747881327801,-0.542074521300594,0.0,-0.2217127734342647,-0.2478718084569988,-1.1871416242590562,0.2153844653241863,0.8267083317089465,-0.0209963326240335,0.25,1,0.0946933415564491
UCzSP8iLR2Dv4FgYSRdTjFmA,2.101019306672248,0.9913602561720926,0.9375373574409352,0.0,-0.2217127734342647,-0.2478718084569988,-1.4147230814619751,-1.194118341410486,-1.020282723421616,-0.4536370273510891,0.0,1,0.025079225276226025
UCzSZPh4pUD-7b9RO3pBr7Xw,3.18408097092062,-0.3783295444850713,-0.45884551139383,0.0,-0.2217127734342647,-0.2478718084569988,0.9676850479891628,0.5749935805577668,1.7426537271853533,0.123217232284985,0.0,1,0.03462816698728166
UCzTg5Idg-Li_34sKe-kS4Nw,-0.2711042214128611,-0.1840520263490724,-0.2635175797768072,0.0,-0.2217127734342647,-0.2478718084569988,-1.2681484106253296,-0.5418356386074586,-0.5072599214820999,-0.3094234624420706,0.0,1,0.12009881752776597
UCzUagso-6LPy4BwWySBJ0Nw,0.0608840415179146,-0.3092517482266809,-0.4372584108114293,0.0,-0.2217127734342647,-0.2478718084569988,-1.278001508012636,1.7712929416324408,0.8470773142712337,-0.5978505922601076,0.5,1,0.039785063461438175
UCzUpjMFkGA7bk5Fsn5cEU-w,-0.2468333218269009,-0.3592589872358224,-0.4355057168405003,0.0,-0.2217127734342647,-0.2478718084569988,-0.1365781577085982,0.1576924797937476,1.58595083432891,-0.5978505922601076,0.0,1,0.10689145068440437
UCzUvpFvxKW_M6jdL5OS0qUw,-0.078978293784746,-0.3262033546704577,-0.4820051632281522,0.0,-0.2217127734342647,-0.2478718084569988,-1.1855342270258078,0.1819431269223996,2.2237866269415587,-0.5978505922601076,0.0,1,0.06723324446650952
UCzV34XvrRX5af8MLttcTdtA,0.1078365541851045,-0.2637649376025466,-0.404488879551475,0.0,-0.2217127734342647,-0.2478718084569988,1.3132629076349456,-1.373713034524806,-1.2147790919480497,-0.0209963326240335,0.0,1,0.08952952823988913
UCzVRCWPGU_X-7_sPOxS8QRg,-0.2326756235118456,-0.010654186486154,1.0307400336248187,0.0,-0.2217127734342647,-0.2478718084569988,0.0973706985305815,1.0590792524952048,0.7528457406482612,1.132712186648115,0.0,1,0.07101779926887847
UCzVc43-TAE7m5zd7YLwHdyg,-0.291270172442565,1.2442217189584297,1.053788046867432,0.0,-0.2217127734342647,-0.2478718084569988,-1.2684534841532271,-0.9415863230116952,-0.9546516042926644,-0.4536370273510891,0.0,1,0.05696815655810705
UCzVucuAJui_GM6MCTbKHA0Q,-0.1723911743670914,-0.2533114469622176,-0.208003977229281,0.0,-0.2217127734342647,-0.2478718084569988,-0.9356545135597326,0.1819431269223999,2.2237866269415587,-0.5978505922601076,0.25,1,0.06894620319987721
UCzWQouYjreVJfdnTXzs_bqQ,-0.1969625026769741,-0.2643299911506724,-0.3104020741434101,0.0,-0.2217127734342647,-0.2478718084569988,1.4257638818435825,0.843039820325761,0.5864837225137481,-0.5978505922601076,0.25,1,0.10506676156444816
UCzX1Q9J5snjPxwqv8Lq4ftg,-0.200336398147277,-0.5152137665185688,-0.5324829558802119,0.0,0.6913574657089212,0.7154674764909068,0.8961176643023164,-0.54183563860746,-0.507259921482098,-0.3094234624420706,0.0,1,0.056010399141663
UCz_YXGYAuhTDQj5M6xFPtcw,-0.1019075264817836,-0.3174450246745064,-0.3762372630939012,0.0,0.6913574657089212,0.7154674764909068,0.645336499906337,0.3547938115276449,-0.9544748447517448,-0.4536370273510891,0.0,1,0.06063438615743244
UCza9KK8nWbL0yyfAWvml0vA,-0.2213964391023901,-0.4680671110968146,-0.5348981874131356,0.0,-0.2217127734342647,-0.2478718084569988,1.085307597260545,1.5147062256670536,1.788362743159064,-0.165209897533052,0.5,1,0.02560910731380639
UCzdDDXoO5dfQjKAxf9RHIew,1.3280795682777065,-0.1973711456977541,-0.3301536106841112,0.0,-0.2217127734342647,-0.2478718084569988,-1.20325774924905,-1.2154359321644732,-1.0219211620241233,-0.3094234624420706,0.0,1,0.10871930282044923
UCzdJlzyRkykOfBaHFXvEfsg,-0.2056988534932073,-0.3262033546704577,-0.3238531034405366,0.0,-0.2217127734342647,-0.2478718084569988,0.9006489652443939,0.9989867747096498,0.1298282591200718,-0.5978505922601076,0.25,1,0.1206879273114359
UCzgbZ-yDu1Gy3tPDpnaMT5Q,-0.0719655498657673,-0.1768879545781906,0.0976299262285276,0.0,-0.2217127734342647,-0.2478718084569988,-1.338138376183982,-0.2092850465288315,0.94810380177953,0.4116443621030221,0.25,1,0.08573250287299028
UCzhRHCsNa7cq0CMR8X6LONw,-0.2140097065661131,1.5564138042979851,0.3952339514423845,0.0,-0.2217127734342647,-0.2478718084569988,-1.0372582053702537,0.9626277407682716,1.422361644863521,-0.4536370273510891,0.0,1,0.04633622599939369
UCzjFEkyALx-hizNVZQmKBcg,0.8536601218495099,-0.0811315586547133,0.0833495024371766,0.0,-0.2217127734342647,-0.2478718084569988,-1.450445729636542,-0.855016433903759,-0.3729979770167588,-0.3094234624420706,0.25,1,0.09091644589196418
UCzlxtAdfUIItFJCpWJ7jTUA,0.5378027367195426,-0.2364540161097951,-0.3176157532510595,0.0,-0.2217127734342647,-0.2478718084569988,-0.4045353062291213,-0.4190734640372762,0.0948143677533634,-0.0209963326240335,0.0,1,0.1208709560377832
UCzmgZAZuVbbfpmSFTv5FmOg,-0.1119435315956779,0.0136763545272667,-0.0988738802510692,0.0,-0.2217127734342647,-0.2478718084569988,-1.1785614248959635,0.4339841510060538,-0.2638733975961795,-0.5978505922601076,0.25,1,0.11074029965263699
UCzpsGTH8AUFflDKbm07eH7w,0.2527294832039369,-0.3745154330352215,-0.5335601538578526,0.0,-0.2217127734342647,-0.2478718084569988,-0.9612050248785732,-0.7520342633036389,-1.0551953722511995,-0.5978505922601076,0.0,1,0.10751837845400636
UCzpsMuwchACUHJKNrMlAd0A,0.2704238298950767,-0.013728742556839,0.1293834295204513,0.0,-0.2217127734342647,-0.2478718084569988,-0.9054412777324332,1.596569135593774,-0.3013583981726763,-0.0209963326240335,0.5,1,0.059935816445737145
UCzrNl1tgLGuYYtWDSQR9V9g,-0.2672322118997347,0.0001150693722452,-0.3013815801841795,0.0,-0.2217127734342647,-0.2478718084569988,0.5822448894198884,0.8494545328843897,0.6292126222628925,-0.5978505922601076,0.0,1,0.1266631562148769
UCzrYWiwKpnZVzM7RblOevsA,3.094782220775954,-0.1812671195761662,-0.1935211536209742,0.0,-0.2217127734342647,-0.2478718084569988,-0.9605050405854206,-1.1667200510605324,-1.022931991997982,-0.5978505922601076,0.25,1,0.07562207767892504
UCzs4tHyf_syvqjF2lf7XQbQ,0.3950903740223537,-0.1881890255407084,-0.0825895150855184,0.0,-0.2217127734342647,-0.2478718084569988,0.1137713328671244,-0.3151218294615344,0.1201155057265801,-0.4536370273510891,0.25,1,0.11184340943822951
UCzscIrP5knxQGyXTaZttjRg,-0.0182137094055208,0.0213045774269662,-0.2390036529451403,0.0,-0.2217127734342647,-0.2478718084569988,-1.0476795499177305,0.454619614670494,1.0123955008114909,-0.5978505922601076,0.0,1,0.1121614760575329
UCzsiCl8VmXd_yvnNRZtUubA,2.421622748322091,-0.3414598004698568,-0.4101421732078895,0.0,-0.2217127734342647,-0.2478718084569988,0.7037684400058206,0.3701897718133939,0.4585303965384397,5.170692004100634,0.0,-1,-0.013580265562019855
UCztFtM85bX-HIgxqoclJD3w,-0.1117243419631499,-0.4685968487981826,-0.6003272946293761,0.0,-0.2217127734342647,-0.2478718084569988,-0.5608349433606193,-1.3737130345248083,-1.2147790919480497,-0.4536370273510891,0.0,1,0.08910993069073264
UCztpqU0JhxCcxCXe-BWK74A,2.290800885951534,0.0407989248373095,-0.3612919046862108,0.0,-0.2217127734342647,-0.2478718084569988,0.7792982350896812,-0.5727213722924636,-0.4031891870542631,-0.5978505922601076,0.5,1,0.05881257372423532
UCzw15U2oFjJoy21T1aVNK5g,-0.2881873861461249,0.4259030983689671,2.6499830642636573,0.0,-0.2217127734342647,-0.2478718084569988,-1.3104740837588456,-1.2811144534862835,-0.9560952541402592,0.7000714919210592,0.25,-1,-0.018529596903257506
UCzwuq8q3KnoIX2gNEnyYlhg,-0.2216770179952183,-0.266590205343176,-0.3346470959515025,0.0,-0.2217127734342647,-0.2478718084569988,-1.4978838688584022,-1.0496180008899734,-1.2147790919480497,-0.4536370273510891,0.0,1,0.08825360123144027
UCzx2jDCwqLgPEUkCnCVzTBg,1.007889504238472,-0.339517428898174,-0.3664846294757557,0.0,-0.2217127734342647,-0.2478718084569988,0.7654364646022263,-0.2040452153213622,-0.4361716863281019,2.1422071410112444,0.0,1,0.08229207590265958
UCzxIy3D-Lc-KpOuMaYajqSg,3.714071377407143,-0.3911037907694888,-0.3062762695518928,0.0,-0.2217127734342647,-0.2478718084569988,-1.435413940491883,-1.373713034524808,-1.2147790919480497,-0.3094234624420706,0.0,1,0.07261635177217396
UCzy-CspcnpLpYpeXyBDx5mA,0.5759820827329306,0.0765032459095144,-0.1611006145010891,0.0,-0.2217127734342647,-0.2478718084569988,-1.4346115094352625,0.5698164108471223,-0.3589697373515707,-0.165209897533052,0.25,1,0.0966868941627872
UCzy7gBvoCvMR3bJNc7d1gsA,0.7313914198669174,-0.2355122601962519,-0.1476976700700216,0.0,-0.2217127734342647,-0.2478718084569988,-1.3061169780615005,-0.0908957423429613,0.4003255849648015,-0.5978505922601076,0.25,1,0.09825264032863312
UCzzdqjrfILcLtElzYZKwp6Q,0.324738231853121,-0.1397356837889131,-0.277937194329453,0.0,-0.2217127734342647,-0.2478718084569988,1.0346177028484935,0.6706480106812008,-0.1746399091381762,-0.5978505922601076,0.25,1,0.11649974297589938
