umap_1,umap_2,if_label,anomaly_score,userId
11.138948,2.7509265,1,0.09289454243040896,UC--FsVX4q4Ek_2DD89J5cOg
5.6242566,9.461811,1,0.1113285351922288,UC-1YF8d0KYSg3ksrpQJi3Kw
6.179787,3.3469596,1,0.05171608047324655,UC-3Nj6oYW1QqHjBmm3iL-oQ
7.728917,-1.3783051,1,0.1020652056696929,UC-3PP_G2wsXPI0In8hr1z4A
4.1671376,5.6565804,1,0.03612797070065921,UC-3rwZnz8xmpX4wByAA5CQw
5.6722937,8.046733,1,0.09542026857728014,UC-4JFXwbKLjHEpRYu22yROQ
3.741203,2.5414772,1,0.017496915923744638,UC-7-qCkA4GVQznRkXeop4Lw
3.4336255,0.61118734,1,0.05276620889523559,UC-7CsrBveGCDiDQtCSi75NA
6.439161,-3.018538,1,0.0705156654141339,UC-7UGGUfegIlYvAMQEEZoWA
10.414978,-0.5253239,1,0.09124961945550158,UC-8JKGrT19vvhAvsSxAYjSQ
6.036286,8.862822,1,0.07196106871941149,UC-8SI97g7bH6iCOyRhC6Emg
7.1174955,1.8395646,1,0.08754604217331452,UC-9oSS0x2AoD2EC2WWP6XgA
6.0415473,7.524268,1,0.021833800712758866,UC-AAsyvqCmt4FS4x02OFxxQ
4.7672396,-1.6680924,1,0.09584151820984843,UC-AbeGBC9-f2huFbou2g-zQ
9.693222,0.95911163,1,0.12778351346259248,UC-B97mdpY4nQf6U5g5sLgAw
6.829913,-1.2262962,1,0.11429521898750511,UC-BU1Oft2db2OJGvjJu0cVQ
5.828183,2.709015,1,0.04348700323267607,UC-E_u0tONL7jX233EX8yy1A
12.827395,2.0154994,1,0.06566039991789413,UC-EzdIsompamqS86hM6BoFw
11.908364,1.4220874,1,0.12666904949015279,UC-ISj9vvmY4p2GaXHlCJrtw
9.903696,1.5006441,1,0.1111420159091826,UC-JVRGWnjzZuEGi88c9eLAA
1.955438,3.6753051,-1,-0.005344020984597964,UC-LDOX6xdSyeUiFMggIRC0w
5.365726,6.6524515,1,0.07080857718188494,UC-NuZui4n3wDtTmgMBKT9Sg
12.184019,5.835438,1,0.038632788863234846,UC-Nw5S0c6bq3ldlu9CT-GHw
2.3774643,1.0067408,-1,-0.03376710787821324,UC-OYdlMvgSQIzV9mhqVLnRg
8.252289,4.043064,-1,-0.043895892095770384,UC-PDPi-5c3jTo6E1lizbJFg
8.304372,8.950557,1,0.08379608183751108,UC-PETw1P1_voShih9WRmkMg
10.361028,3.8911455,1,0.06798141719513268,UC-RAnK0D2x7DewvatyRqcHQ
7.007555,-1.2024757,1,0.12904501264520063,UC-S7pAVa8NuLbGZRT--xCBg
10.470427,1.8097684,1,0.09954957688586985,UC-T9vpeDnjGxmKSzIiM920A
10.463473,-0.3467417,1,0.0777860616195134,UC-TdHGwX918DS0qknMVDUUQ
7.4641976,-0.43127543,1,0.10806906815079642,UC-UGpuEQAvfwbzcdAWvBLeA
8.39058,8.400391,1,0.07560098216658478,UC-W82dsdqQfqgyuHRSalQBw
3.483779,0.21029793,1,0.0687574206112127,UC-WgwqxLnjpffl0hPn3hS-g
5.0780253,9.435331,1,0.07683189173412291,UC-XCNEk1uZcaM4h-rNp-3cw
5.960822,-1.3302522,1,0.1045526525149913,UC-XFuI62LLtCjTXM2Kd74Xg
5.721826,9.589334,1,0.10377370055589191,UC-XRuhdgwtAU3ZPyHp8v3ZA
7.447828,-2.3858118,1,0.11649882641775244,UC-XwCzDwf3LWXpkMYHQ2RlQ
10.583231,8.136801,1,0.09739263152471672,UC-ZDi9r-41GiPdxTe3HwebA
10.569466,7.973113,1,0.10324981858796745,UC-_rI_t4-KRvrbgWFEZa5uA
9.361168,1.0717013,1,0.12075480246689402,UC-aQ1VwwK6EsHxkO2s4MQ1Q
9.622624,1.1752946,1,0.12579014259098686,UC-bNysdfGc8M00JORt9wFSw
11.617549,1.8479502,1,0.10599231465451325,UC-bPEgY4UCenObQ02iWK0cQ
4.387444,-0.66656244,1,0.0979733444064988,UC-bu3cnBZmFtmOd3JOlhtng
10.817124,5.3771086,1,0.09660564832657498,UC-dRtPqdUtIYwsYfxnp_t4g
6.284587,5.40916,1,0.027704742874185506,UC-dXrO29mz1F846RHJAPS-Q
6.5576615,9.825271,1,0.12492736231387064,UC-dtn_v6-lmpa6j7Vwl-BgQ
4.307487,1.1283263,-1,-0.011959305841786838,UC-edhzZuiP2P19s_tu88CQg
7.2836943,-0.11738588,1,0.07702838237292448,UC-gCpMc94-3CWd9MJw107_w
9.548673,1.6578474,1,0.11426346943063403,UC-h6mJDreiBJG8fPtQ3OA-g
9.556395,3.4994447,1,0.020787953651149216,UC-jznjjSTKr15h65W95yDoA
5.3013167,3.8359683,1,0.010722645395121466,UC-k-axvrivMCH12r4Lg9tbQ
2.9900734,0.14020206,1,0.10760249268215022,UC-k0fXW2TZgXNyZiAPK_AQQ
5.802339,2.228046,1,0.0058815829772349,UC-kAVBFQAr54Etg76uska7g
6.2649074,-2.8892684,1,0.05233602081374816,UC-kEpkvZNXjfm0eeLljdiPw
2.4965305,4.436117,-1,-0.22461575587133775,UC-mWbS71hcXLB0jOqv8-Z7Q
10.403744,3.1546948,1,0.08659476078039224,UC-mwgFQEo2PS0IGEHAJpoYg
4.7261586,-0.9736267,1,0.10994962694630339,UC-nf2ZdwpfjBQYW79Gi1AHA
3.120367,7.1808043,1,0.08718979023355089,UC-nyyAcb8rt4vTYr2HbMUAg
11.598052,5.874789,1,0.0830398463307151,UC-p42GezfAlIR-YMhvst8jg
8.693125,-1.0289729,1,0.131711631506919,UC-pSt_GMFA_b-owUKoE8KOw
6.1361475,10.031825,1,0.09771843841920574,UC-qUUzLEE1BM8VDWZaE1lrQ
5.6305785,7.7133555,1,0.0807779101097818,UC-qrLi0LFsZcMa8iFNSto7A
11.107211,0.7648934,1,0.12641488560252545,UC-shWlsEYm5Qd3eaCoWusPw
1.5146997,2.1039214,1,0.07211622118870292,UC-t2zx9mcjh4CR-V4CcGlPg
3.6940372,8.332589,1,0.07425619061819566,UC-tAztCfSbLUftcrb3r4lHw
9.115674,6.7929955,1,0.09085666418368299,UC-tP9luhDME3Y0yO-WqbbcQ
11.027741,2.2436583,1,0.10308239332922381,UC-th9WaXgUbwOoJ1S5mX5uQ
0.8070585,4.3591366,1,0.08187375941035224,UC-tukbjmNwzijx2trCa1yHw
2.1284957,5.44587,1,0.016937701053599707,UC-uTPn6USADmLGXeBe44aBA
8.345175,-2.1350012,1,0.1171116780072019,UC-xW1QyTj9XfHwzTWDVarpw
5.948055,9.46774,1,0.11020357284212307,UC-xnXR4fv772MVr4WUN5uTw
7.2099676,4.4131927,-1,-0.1370668818107762,UC-yPYOzjhFnwzbTJkw4Oo3g
5.7409725,2.6434827,1,0.03797054712911718,UC-z-vIKgXF_ORkE9pZWZ6EQ
12.183437,3.849705,1,0.048373967919163374,UC0-uMmXdJLxnBsZhnQKIb0w
5.1389494,7.8851657,1,0.10118111248310702,UC0-ysskkXPHysgsUGBYhsGA
10.624515,1.1400794,1,0.11886587041363578,UC007tubOj6VJhslWWKSWnYg
7.5642934,4.7227817,-1,-0.06614050192532483,UC01O-uumR9ZROb21Hs1Tfwg
10.229197,3.9143338,1,0.10107237306606909,UC025gI1MY50e0WLX9KHNScw
12.161854,5.7225847,1,0.02269777324943023,UC04iSUzuD5h5WR9fe-mINjA
10.227337,2.494764,1,0.08446964834519044,UC04kVGgTePaBx-2TS6U6VnQ
10.413947,8.356105,1,0.0933979069892763,UC04o2mBHApVFKXeWRkkITzQ
5.0622516,4.9960136,1,0.03435200820882295,UC05d3jeIXecQvsHDqfOJ4Vg
10.590727,8.315553,1,0.10744409542775707,UC09xnooOZiUMUa7ntYIXcow
6.828218,1.4059031,1,0.08125029444517928,UC0ALhDTSr9cSr69qFh8lcSQ
5.740252,7.9164476,1,0.09837413830009101,UC0B140mvBpAYyQaQzAt_ZUg
5.975172,-1.6297747,1,0.10061068616714097,UC0B4K8eXgbayzhjXCr3Gb6w
12.172296,7.342175,1,0.06728773677484956,UC0CSjZtlEdmz4reiLuSLY_w
8.154709,5.434932,1,0.0004385737949715307,UC0Emt6egSgzy6-3Lv6-tMWw
4.8963366,-0.026882188,1,0.1015063413117745,UC0EtW3yQzTBYwrRBFh7aEcg
1.2511222,5.1620746,1,0.08896014505395461,UC0FCSAxhpuGQTQRzsF4KrSQ
3.6638207,1.0676042,1,0.10222267324378254,UC0FWQr_e5lJCEGvqYZ8LW8w
10.978007,3.357749,1,0.10177810839857987,UC0JK4HrDpgWyWOLeMdCeU9g
4.61681,-1.5790826,1,0.069004328160371,UC0L1X3iro6II3nJB0ySwmpg
5.9186444,-1.8271627,1,0.09885829430698595,UC0Lv5YLenCRITzqrIBIPAPQ
2.5498662,4.417119,-1,-0.27889299265980927,UC0MY8ErvkPIu65fCEGBmmWQ
5.229801,4.422349,-1,-0.01021467688159361,UC0NgDwAaPqWvrlXwzJq-eow
9.559378,3.4230967,1,0.05078692971601584,UC0P7ZJSN8jgQFvUXVAlTnfw
6.445113,-1.9662372,1,0.10221905930416547,UC0Pah0FnvKA1xJ_Ts-ajulg
7.8898926,4.84533,-1,-0.08698938835137027,UC0Qpf8nNz09Cu2bJ-vtfkHg
8.248417,5.9730673,1,0.05442914119498937,UC0R8mCvGGGEEKMgWJmAoxtA
1.3399131,1.6833744,1,0.07786752348508114,UC0RSVKxl1or-AIBO6lbaEKQ
8.10513,2.4825692,1,0.07745361694384467,UC0STFkkGT2ZDc18gZp1QjTg
5.4045343,2.6137967,1,0.02304229918861722,UC0TrFwDaV06zckO6v5f6mIQ
9.244032,2.5424168,1,0.11252515387788103,UC0VRhMJvKrtMCEYdRCQReVw
1.3097744,4.3847766,1,0.04784289313923534,UC0WmntVL_fy1qRU_fhyvJnQ
5.49013,10.037578,1,0.07410586862078056,UC0WtOA7yunwSsSiy_OmLq0g
2.4511213,0.82156986,1,0.03434811162158008,UC0XuK0OcU1tj9i_ksTZeayg
9.601483,-0.9863055,1,0.1328969479096222,UC0Ype554r1Bz6DkNMPiBc9A
2.8737757,6.7421827,1,0.05562811993208805,UC0a8VrAO1wApos7B8dNQNMQ
12.541285,6.1805224,1,0.008814736383990551,UC0aA0vamcbHv0tif7rDY4UQ
11.553195,4.387718,1,0.0809628737901944,UC0bD9jiD7wlQlYgIxzVZzBg
9.8269615,0.43167287,1,0.1018330890475404,UC0bN8JagMTQ1ywkfOTYCPAA
9.519844,3.6650145,-1,-0.020311060041340978,UC0bf0SDC-epak0Q24x985dA
9.092588,0.16388457,1,0.12950226906135448,UC0ceZLTdPJQhwrt5pf7Q3vA
4.4719567,5.463526,1,0.015488670536322247,UC0cgJ93XWryCESv7H_XyJPw
8.735376,0.3752861,1,0.12596884136666525,UC0cuFt4J3uYqRZcbsxHLZuw
2.3507395,0.234537,1,0.09247631771475373,UC0d4HVGkA4MvrWfrefCbR_g
6.1341057,4.5677657,1,0.05272338746352617,UC0hnhAzWDUfUGDiTNDtPaKg
6.9502697,-0.05939273,1,0.04873374118077478,UC0jJxJsBKdyLKNMM81Fb1Ng
10.502894,4.344919,1,0.08975256185265829,UC0jYnPQ3azaq0WyopIn_hYA
10.884876,1.1175432,1,0.088059006540611,UC0jjiAQJwS8oqPWAKYVY2nw
5.8293633,4.0945454,1,0.02862623107576384,UC0k_vomz2tNwySnlk3Zs5Rg
8.716831,-0.2300425,1,0.1272090998926072,UC0lETRLeo0sWFMUgx_arffA
4.4518466,-0.9771008,1,0.11485333340722492,UC0lg9ewe4uVGFvEVbfCW7XQ
5.9461823,4.520096,1,0.06925258943145274,UC0m-h-L5fnz-01ZDmiUhERg
8.60917,6.1341844,1,0.06319262965603861,UC0mwka0AAqmYFilSucI0MtQ
6.902024,-2.8797808,1,0.08701358680866111,UC0nPIiUXNalTlxDnkt_XowA
1.6880672,6.0771976,1,0.09311506913405293,UC0nhSdpIFWWJbwn5w1J1dJg
4.515076,8.239456,1,0.09010956457996044,UC0o6Pm-SRQSvCjLQwlL9wfg
7.6405573,-1.3294369,1,0.12623396349680394,UC0ps7AWv5TuIsngMzdxMUOA
10.858021,3.9233146,1,0.04026281721343655,UC0qMcKM_p4Vp5lDM7sSOlZQ
3.5432584,4.07115,-1,-0.06589880851839203,UC0ss0Q6It-5M5sC8A-byypw
4.996836,-0.6589129,1,0.09820678396104288,UC0viMufzTU9aYptcTaSr_UQ
8.874236,-0.69525164,1,0.11338237952684949,UC0yv-OovB0Gm2FDLILaDHAA
7.076683,6.795467,1,0.09466519915976046,UC0zy_5p_Cekk9SJlvz0aFmg
8.233632,8.359303,1,0.07674414054931833,UC1097hTvhbfwlob-QabxODw
9.019593,-2.1730988,1,0.13052951086570286,UC13bTSnfoE6-yCX_VxpJAKg
11.166166,4.4342403,1,0.07657518527655355,UC15g0XAgYN2S9VXFYS0mMOA
7.3583074,6.0203667,1,0.01249462670317164,UC178EW-8X5DhhH7CbE0x30A
8.311674,8.25284,1,0.12005542123442758,UC178K2GpAD3ixne4n9bc3Sg
11.698124,5.5029306,1,0.025355934607025787,UC19_brJuQg39ocRlhv-J1FQ
12.4178505,4.5653853,1,0.032758465036821116,UC19lAxVK1IKP2q02012gxJQ
11.362298,0.71027005,1,0.06742603988125545,UC19vDD0xuulm-XddkcozXbw
6.9110928,6.852279,1,0.05180076498094438,UC1BK8uYkW2kZFH2JpjSkvyw
10.458162,6.9270325,1,0.023430106713115684,UC1DGACDHQr-2psPAk9Nr-Fg
6.8869133,-1.4767168,1,0.11720004502960385,UC1ESGKRTPh_MTwT08XPVMDQ
1.4322934,2.112931,1,0.08133794871854516,UC1F5xbRoE-T_YEcy6XFPsMA
7.0868435,-2.9006147,1,0.060840718072273536,UC1FVFKyx2KcJIT899O-FsUQ
5.899825,-2.4028249,1,0.10221742706203168,UC1FY06yrvjVD8v1CEEqHmDA
12.208328,1.4901508,1,0.11700598191773809,UC1JbxMi_Zv6VeWSLahrbVxQ
8.747398,3.0758886,1,0.08742545167391913,UC1K6jBYLly7LD1GvH31uJ9Q
3.7080922,2.6639276,-1,-0.0743952613433807,UC1K6y3vwIyi767YFiV3sPgw
10.582837,3.2853584,-1,-0.0220399590578928,UC1Lw2zuslznBBzq3aR4hT4g
9.646384,8.259602,1,0.07719972011867288,UC1PZN8T53aaa2T2G6t2qu0A
7.968346,1.7341512,1,0.09427994303393078,UC1Q3T4ZSDZTr7X_Fo6oAkxw
11.739239,1.1713266,1,0.1287567920899661,UC1SgB6EBoN-7MSL4vlJZCKA
6.6519303,8.749535,1,0.10055152444057486,UC1Vubzpcxtyd1h0z5h813nA
6.121151,-1.4516277,1,0.12062585118876384,UC1WwkL3Oedh9vKzDrUdAQsg
6.418518,-2.3927355,1,0.08903668833588563,UC1Ybc_HA5Gy-vScsaO3gOTg
11.761003,1.9789245,1,0.1075411556825655,UC1ZhA4pAPE3yV7pwR-6fF3Q
10.039296,1.8910977,1,0.09187446299762092,UC1_yIinfNbWInCUj59ZaGQg
8.284489,-2.4113998,1,0.1278191085606027,UC1d0iP0k7JQzOlVYzemM8rg
10.331755,4.193634,1,0.1158582831820118,UC1fjvIU-p43y8tgyUMH6A4w
11.15332,6.1175885,-1,-0.09712145591502652,UC1gAxNW48V2LUejs6Hh7MUA
4.175965,5.5137997,1,0.010070671299757028,UC1gGxPtQgGVe6BeRY6nA9Vw
8.940431,-1.0022321,1,0.1331699191539511,UC1hbivnVC5srFXFHFRddb_g
2.0156066,6.7950335,1,0.08505218893833089,UC1i8xDoIwEynr-AYgZ8wMYQ
7.7066593,2.3922064,1,0.06730797017643908,UC1ig_r4dKD--Rn81iwTLkdw
11.93462,2.1844263,1,0.08930561187964925,UC1ipeFUAJEcExghnzuI-R2g
10.547738,3.593543,1,0.0693209845454621,UC1jGCBnlGYRQF3-8QrAcFRA
11.699684,6.4180946,1,0.10617355770641074,UC1mT-pNI5yc2PCORvvC2M1Q
5.809328,4.2057977,-1,-0.1162220605365033,UC1ohzUUnpwG_hH2xCVgId8w
7.4093986,-2.3566723,1,0.12204275249143842,UC1pAiw_R2lQfCC_fTdxkWPA
3.550322,-0.34030387,1,0.09164438480671466,UC1pcDtNf5SpnasVTawbLeSg
6.486267,8.836007,1,0.11096051211059438,UC1q6FvCP8TIaNrS8HncMFGg
3.7807195,0.24053143,1,0.07335050710386398,UC1q9Hue0A8JjCrW4LG-v5bA
9.170407,-0.38650256,1,0.11758758790786883,UC1qdCRkGSO0kUnmCi78Wmjg
8.573813,-0.992368,1,0.11682770401068404,UC1qhTWmjLxasqDsx0tiIswg
11.331692,5.2668443,1,0.111405512079565,UC1sCQrneggy6dr91CTJmbdw
1.15481,3.3743029,1,0.07216228642098049,UC1saEQ0b2qE12Pd8C5N08Lg
11.039807,6.925024,1,0.05789286546423156,UC1uyEUXbFjsCaRWgM4hQK5Q
7.349102,8.57835,1,0.11648404231286691,UC1v8CKUyRK7I96rGss146Sw
11.793206,3.4538345,1,0.07418143310519104,UC1wGFcfiIw9h1ufd9p-mx_A
7.9622765,-1.414358,1,0.12592154808995104,UC1xYeInNy3E4eTcZvnt1cZg
8.751424,-0.7295692,1,0.1274062424972921,UC1xwbtx-4X5LHS7zXM5VmCg
4.2026625,3.3810065,-1,-0.08662968468246035,UC2-04aOECX8Sv7TO8fKZynw
1.9278734,3.719464,1,0.001170494875817385,UC24fyZRs2_oDc7SDsftguLQ
9.634078,3.036883,1,0.0651735191556671,UC25D-qOqoscFTegm7tthTGA
8.822669,3.1193824,1,0.0725548291077005,UC25Rc78s5wAfXa6XO21mkLA
12.635879,3.9797668,1,0.05521221719233993,UC25m-hK3Y2apJHXX1U4qh5Q
9.207951,6.6787233,1,0.09375580791855559,UC25yTpQxtfwOAKxmaZ0Qd6Q
3.0373666,4.358797,-1,-0.1103148376020221,UC26QvVvAcpQHXLdlNRZ20hQ
5.1725974,-1.2695765,1,0.09445750998609287,UC26WMjABV42q64Nzn620i0Q
7.937737,-0.3643915,1,0.07615415786655494,UC27bsIR1rlIZwQPphj2uxdA
9.395178,-1.4760343,1,0.12315825004289566,UC29AQCQZRSBpPKCa_PDV-jQ
12.531134,2.0282054,1,0.09565150729645872,UC29Q8C0ZR51rpCHgSWtXhew
3.738943,7.2434287,1,0.055615926173509356,UC2ARbzc3qI6cRSdO1glEWJg
8.4671755,4.559845,-1,-0.03696664148346607,UC2AoKEeDzqbSlXcJ9Ev74kQ
11.541891,2.104413,1,0.0789950147650843,UC2B1Z1N8t3CzrS3MKqB9znw
0.6633175,4.6312547,1,0.07419233742112197,UC2BJ_2PiQeTQwXDiewus6SA
12.561985,1.4173381,1,0.10777958511868801,UC2Bxf7dJ9mnd1QzzBsyonQw
5.031875,10.2289715,1,0.09205182207784979,UC2Jz6Fd0n0wLrTnTzE3vjrA
9.543991,2.1430697,1,0.09468367037722236,UC2K_o5oJJOjIS8VZpua18KQ
6.942252,0.5650034,1,0.10676984418155644,UC2KkMHjVYIa-4qSoqhmN0WQ
10.023636,-0.18307567,1,0.1146481195236248,UC2LXWAhG9BTaB2bzIlRaGlA
9.181864,2.2438986,1,0.029268404327964126,UC2NE3OJ9s2Rnd-LVmibOjmw
8.442651,5.5369744,1,0.019609012088278865,UC2OLP8gzstoepaNjTMvxckg
1.2664021,2.2582753,1,0.056095594389778625,UC2PaUhvF_PfYfREKaG4YcAQ
10.643366,4.999321,1,0.022905073039254986,UC2Pq1gLK9e9lGLMiMTMj54A
7.3483605,7.652887,1,0.09445133020705909,UC2Qu0bdXN6dr5biJqmDUeVg
12.217217,1.6210405,1,0.09774071894437802,UC2REi0zKf9eAhByMFHvU8sg
2.675875,1.6349499,1,0.04556987024240916,UC2RvgSK3oIGq5B19k-cWlmA
10.634711,4.2205,1,0.0751080358171014,UC2SMfWk1FvG6vVMifl1TcNA
8.318025,8.971011,1,0.1015165075917791,UC2WTklSvpH8xuCk2zouisHg
10.581357,2.2912014,1,0.09541417148505049,UC2WtNrUJp0UnOOMDJdCG5DQ
8.551525,8.764909,1,0.09304765706109258,UC2ZVho-u6jiyJ1BsGs-6IMw
7.70292,8.973914,1,0.11474564921922703,UC2_5i5-K-uNJHFTtV0ieIMw
7.235862,-1.4318491,1,0.11363012111521897,UC2aox3V4wQa4fOYSg8rkOAQ
11.436451,-0.26912966,1,0.10713567676677554,UC2bp5OW1v4_DufXp7owOZ_g
11.482001,2.317385,1,0.10738092148878697,UC2fAK4L9LsihWAp12hsNL7w
2.130923,1.508588,1,0.06618420211507342,UC2gwwB8nIpnZ0TjOwGIBUDw
2.0658965,3.090835,-1,-0.0009717527129373682,UC2hZe__NLW92DEsiP_E8CcQ
4.9315677,5.5753875,1,0.05329527107227666,UC2hynKRJ4KGgxCQomOheztg
6.3131576,-2.9705443,1,0.08038985123980641,UC2ib0Bwvza2oi9W10sSWJ-g
9.692272,-0.8348119,1,0.11823099671596726,UC2jDkoeUUF1KSgUWi2oRPiw
1.0472792,3.9993188,1,0.05891893873310605,UC2jkAGVjHa-iOBeANBlJjxA
6.96536,0.92407876,-1,-0.0146900583620172,UC2jwtnKMUzXoNP-s7pK3XHQ
3.6208172,8.202543,1,0.07510636682513366,UC2lXZ5Vpmj86A21klDNYZzA
11.108158,2.9745934,1,0.09482201492194742,UC2n5Zo0oD2ehypn_NIRxN4w
8.14824,6.84485,1,0.037250447439440504,UC2oXCtQWFOi6dt1pPlJSPXA
8.612682,-1.4247444,1,0.11357051569934923,UC2ouDDp9vM9axTeAZbLFfgQ
11.053558,4.2603936,1,0.07549415422876926,UC2ppVpKjU_uY2oAMWh4GRbQ
6.564803,0.94493634,1,0.061570066291193715,UC2rqJDlMDh_7fZsnhKgb_qA
8.059153,3.081345,1,0.008991256438922512,UC2sECp-IRVOirad8PXk1iNg
8.40643,-0.64255595,1,0.1235581412130532,UC2sbWjxcqkU1IV5PIGtLgOg
8.171,-2.1179175,1,0.09859011102058057,UC2tFnaBeXc4md7cPpU26qVA
4.137083,-1.0862309,1,0.09839906900802142,UC2udVDs5xe-u011Tka-NNgw
9.464652,2.2732508,1,0.017692149802077173,UC2vMm3YS6hg1v1YLZ9ngj3Q
7.3840227,-0.17731225,1,0.056825680868711925,UC2vNeM12dENw_Tl9O5aanBg
3.7825963,0.9488492,1,0.09072500396645305,UC2vTkBYAbh2xLT6phBwNUUg
7.235473,2.8647609,1,0.049637146628931594,UC2vfpW_j4TTYO6lpzzDoR8Q
8.210367,9.032431,1,0.11550481669848017,UC2wjIMtYLzpQotTEZYETc2A
8.475905,8.603469,1,0.1194884056424187,UC32h7-CSTjtSbYts--EhpOQ
9.580529,7.8693976,1,0.0999943876404481,UC33cr7U_NQcUUm-eAb9T9gw
12.34737,0.9558123,1,0.11910221405970606,UC343wQEBzmnnz5NsIE9jCnA
7.7158995,4.883502,-1,-0.09818952528289038,UC34WFQ-cgdb4z_3_Qm2agWg
6.3425145,0.018275447,1,0.11973894302217619,UC35jhAAwv4jDLm9PHkV9dYg
6.6374826,0.48518085,1,0.10984136074595813,UC35v6Ll1NeccUd3dW7GWzkw
1.1568315,4.0942307,1,0.07917715915034801,UC36IlB3MDFL8s1qFLNlzlPA
5.9226513,9.369316,1,0.11977557806955302,UC36QqtZHuMit7OQgv6WCdHA
8.609864,8.981766,1,0.11837496222193067,UC36ZJH-VhJCs-QWMIgbjanw
6.159373,9.767657,1,0.0668333108485803,UC373Id-2O4B_TqDmzG1xxyw
6.25732,-0.0279171,1,0.10818336403625495,UC38AKgSLz6b7OymnCO3ksvg
6.7512245,-0.49324054,1,0.06255251121802702,UC38OeYuWYNN8lZQeSlbmSGg
11.127287,2.1845124,1,0.10265267809469131,UC3C2O78cOsT4kvR_d_ZEImw
8.921322,0.30748564,1,0.12465231989430353,UC3CXT6XKj30C_PUPCy3O0Ug
5.2276835,-1.3328559,1,0.11232515763532691,UC3EHztyZ4tEQqy8PuawZXtg
12.841933,3.3092582,1,0.09175762439252838,UC3FShP-VH_s0BvVD1m1vLbA
9.876964,6.5690727,1,0.08691224983305457,UC3H2ijtlL7-OGurllsKNrwQ
9.782313,0.3006515,1,0.1330251610885505,UC3IOkYdbtpq8oRBzQKGEInQ
12.2675905,4.8721495,1,0.07253769128058396,UC3Jgo_95HK0jQT3mmeHa3Xw
8.009161,8.464102,1,0.09533432918842011,UC3KRoaMtuAEWasHUQMtFh8Q
2.055706,3.4880102,-1,-0.0981177178163728,UC3KZgktE6pCCjIaxKyGs0Iw
7.4428525,6.095207,-1,-0.03560313131431625,UC3L03q1hl5K2gkLso2IFz6Q
1.2208173,1.9063392,1,0.07945177194323416,UC3Lw6okOlAEnfaaaQ3mhg3Q
4.023762,5.2215724,-1,-0.0037151270037611983,UC3Moaf59U9kRkW5KTjOPz9g
3.7958078,8.201656,1,0.1001830043378335,UC3Nx4RQajSzJ6MGBK4X4BMA
5.9835544,5.378016,1,0.019613053645152256,UC3OI-scmfgqginG2fVmdqoA
8.475176,1.8067205,1,0.049758161933112666,UC3PIn-e4HzfOQmvXgls6oow
11.694706,7.0330963,1,0.07600409955999632,UC3RkKV3O97deF-cA5PKVD-A
8.649487,2.9987926,1,0.0857961106747005,UC3S9S2IkjfgAyEjBu2JrvNg
6.0947237,9.921157,1,0.10690977211521652,UC3TtOthQfVHS6vCCsoDLK2g
3.9739194,3.3328161,-1,-0.12345003038475544,UC3XEpDanrCsH_k3yxkq_hZg
2.4396322,0.3664374,1,0.08036621831030882,UC3YZrdCPwT4fDQFGZFpS6vw
6.0851994,3.468352,1,0.03551824807317949,UC3YfJCacGDPSZCCmPD1rTEQ
9.059271,-1.1563468,1,0.12781606357559094,UC3Z1G2iWoVkkInN_hXljfIg
3.2512715,3.9432063,-1,-0.13422571969441777,UC3ZRMUyFm1AXAGiN8JUGDLA
5.4275002,4.4964724,1,0.05723705589897915,UC3bDPYPCUw1kwDaNyyc0zfA
4.5755563,9.264133,1,0.08247686099826435,UC3egsNvp3cMIh3Evby0fzhg
11.180973,1.5411003,1,0.08411426503778108,UC3f2saeTnp73YrQLqH5Pqcg
9.56972,2.6357775,1,0.0818785892145254,UC3fm3y03XaYZwCoeurb3pyw
7.818947,8.716834,1,0.09860258062078331,UC3gRVNPrfYCPID5v_xiIDGg
10.428468,1.7616507,1,0.07868154233145808,UC3jTZ0S5n6rOFPwvcadjPOQ
7.6102715,-2.2680748,1,0.11354719287847126,UC3kH3tw7DUUOxiwKO_lhCNg
3.6292756,4.305256,-1,-0.0746504291986444,UC3kZ_gVFkfXBekteQCL4Thw
9.250537,-1.093219,1,0.12040076496437635,UC3lp5a-PD1A4-CQGaAwxizg
10.95601,7.6828218,1,0.1007735643484885,UC3olOvZu7sZjvrbe--iUQuQ
10.228396,1.2099274,1,0.10795473801396721,UC3pB3o3hKPi6Y6U1P4Ofx6w
7.458135,-1.6055014,1,0.09158365941762969,UC3ptpMeNPg01hTTW-6H2PRA
1.1387101,4.021649,1,0.08118831840043511,UC3qbPF-TD2ODzz7KwTz7XJA
9.49241,6.496321,1,0.09781275131774719,UC3qdncclBAW91ax0WJvVA7w
9.247221,6.679449,1,0.10756260450854371,UC3rA9hB_LZkJb4cqY0VjoTw
4.9154496,8.632929,1,0.08471112021564497,UC3rjcoyYR5KZP-eNUGP67Ag
11.011144,5.087836,1,0.09601996147361591,UC3topO6CyNKCnPN9qzrKHTQ
4.728434,5.1415153,1,0.036657925747028974,UC3trDIRbTI2opyZdCWA2pBA
1.4283694,4.972345,1,0.09422912658015459,UC3u_sEZm_UmreDRsOF5g07A
2.6169548,0.54372966,1,0.09196269173950194,UC3unQf1s6eDTYcxoRH_SFKQ
5.9336815,8.392611,1,0.09963284025887287,UC3vxMtx_12w8yAz0SZ3rcdw
7.2329435,6.697862,1,0.04992375864863141,UC3xKM8nFvIF507sPttmxp9Q
10.39091,0.29210964,1,0.11772966720562483,UC3ygKXVlsnN6QhECu5qnubg
3.491045,4.140733,-1,-0.026152136168786866,UC3zv2LeAnGc779wsY2cbX_w
2.8460515,-0.05921281,1,0.08393982214292461,UC403T30BeENa6WKoJg8jTuw
1.4760172,1.0062789,1,0.07137722959708237,UC41yDqYqNLXtVShN7TnEe_A
8.675925,7.703411,1,0.10297359015855395,UC43sDIATvY6v4mF0ajyDIUw
0.94186866,4.454493,1,0.07737816187869229,UC45v7I77Dcp8kEl1Xa65_yQ
7.6932664,9.031247,1,0.11542922670341005,UC45xYpkdcSRjPJzTnf6Am5Q
11.654335,4.072661,1,0.09863373589853053,UC46C2trYQlyreUYs5wl8K_w
4.808848,8.165606,1,0.10469488800948723,UC46axpz_GsFizhya3Hj04Cw
5.015503,4.4453154,-1,-0.022074927659679444,UC49-EJeh-aff1bJMTX50qOQ
5.657407,9.493069,1,0.0958728052340268,UC492VniSZS4aFSiMixnRhSg
11.793844,6.697878,1,0.06848927725959714,UC494xD1tQzrm45FNRyK5l5A
6.4939055,7.0879865,1,0.09256127294606448,UC4A949Cm86URf_mfq-KyO9g
10.823297,2.9894392,1,0.09417334312834413,UC4Aw2p1UvcE8S96BepTr_2w
8.38563,8.577705,1,0.0830786761010206,UC4CQXThX52kuB6azr9TK4KQ
9.02924,2.065671,1,0.10220165186884089,UC4CabbN_XlGmt5t5WxOaQDg
2.2191885,6.4851255,1,0.08056417157093582,UC4D-bBmqHV4rF4srkBYAyGg
5.5914993,5.579012,1,0.06517843991049843,UC4ErvUt-aioI3zm0Gyjruzw
11.858405,5.9260697,1,0.04853949933703949,UC4FIpXYKh9B_5sNaPNkREVw
6.1435833,9.443803,1,0.1097852267322767,UC4Fo0S0K7dnZcChZYkAj-0A
5.3861713,5.3211164,1,0.02438602307588461,UC4Gn6sFAfXkorAMW65tqwdQ
4.6597123,-1.4935501,1,0.11051971641895242,UC4Ihi6CkdzSinbxf5T433-g
9.153991,0.79130137,1,0.11591859044545316,UC4JPLBZkXO6xj9cH91YSDCA
9.025787,-0.82938004,1,0.1334989009896016,UC4KDffGz6fGkvJLjINa4VKw
11.421345,2.2385392,1,0.09571279614496286,UC4K_xs9lV6j64LwYQ8Amp0g
10.175385,3.8326359,1,0.11465985787623878,UC4LDJW1kdONyfOHiAFGL1NQ
5.9633517,-2.2544754,1,0.08545421610175913,UC4Lcj_GF-yRAOyeFiWJVqhQ
10.236539,1.6241865,1,0.13355807217689175,UC4MLGn0sMiY7P5SpuhhZjKw
7.7607927,2.348297,1,0.08613707633128737,UC4Mip8tK3WQka_sca5s-TdQ
5.8454647,10.213458,1,0.09436551532461729,UC4N9viSQiOxpZZr6VmVIyCw
1.0824094,4.7229185,1,0.08553376153112319,UC4No3Yti85UTcZqV2SzWJlQ
3.8547676,-0.3850419,1,0.054654922260092276,UC4NuuTSgZ6MHkZnngREFYDA
3.05844,0.6165072,1,0.09826147551711345,UC4OOoVnTxelrcBIivjzKVVw
6.240421,8.745405,1,0.11288157205464522,UC4Q7HfmEFo3hs4EmRcQbB9w
8.545206,7.681489,1,0.09825328849082915,UC4RYlyYUDYjJmDTtRJfJxxg
9.3907585,0.3275936,1,0.12084491763589816,UC4T340TyV8MD0ix89WqkrEg
6.838013,6.442116,-1,-0.011729167534517582,UC4U2WM_IVm9gMS6S_vXWpKg
3.247647,3.1066422,1,0.009203449825128607,UC4UEscCqWUQSBccXXGrB2yQ
11.226191,1.9195305,1,0.10283011816594312,UC4W8jjB03fLEi-2Qn4uui8w
9.950482,1.8978384,1,0.09662758001875621,UC4X2-qTh7TIb86O5cnQS4xA
3.8709476,4.275395,-1,-0.01914945817396474,UC4Y1ko2RlihrsOeugAvsEzg
6.222702,-2.8808196,1,0.09320799244027667,UC4Y9hpIj_ELiJBfqxCyyi9A
8.036412,4.735829,-1,-0.033005821436199345,UC4YAFHsGQoAb0fBAazdB-0Q
8.0895,2.104165,1,0.05670384668166162,UC4YTDsXlHDyBxP0quuKchCw
2.8043358,4.2311754,-1,-0.1632364534853188,UC4Z0NiP2s185zHJCE-6wY0w
7.139773,2.8298244,-1,-0.014146835916237666,UC4ZQ4ek2kDuwmtNb6AxZi-Q
9.907416,0.06341888,1,0.10559234700752018,UC4_M9OKVunXe27EOUzHW--g
6.872761,1.5594729,1,0.03284973938586644,UC4aACN36C38rOP2rlA8t6PA
4.701537,4.2537775,-1,-0.01973450082761108,UC4aOQVdgshdRTJTvDGFR0yA
4.0247207,5.074329,-1,-0.0009758924651530609,UC4b4RMlS6lfdlNYRV1paZlg
8.715437,0.17170198,1,0.1310768198835729,UC4bDEe8-2UIBA6ZEXEwKEYg
11.184149,-0.93609786,1,0.12320073217341043,UC4bUzJ3K4JB11AY0chnHZTg
3.8591864,0.8516127,1,0.004851310438243883,UC4brXKBCSEaDIs7Tam7firA
12.543255,1.7367022,1,0.06097283946963988,UC4eL0AnOPkUJjDi4W-n0gVA
11.70527,2.6953259,1,0.09567950943510706,UC4eOOEiL_hafripFxG1u_7A
2.3387098,6.878416,1,0.08608050889454705,UC4el4QaPEv4A1S7yRCK8Rvw
5.7179327,3.2107422,1,0.05425541513980392,UC4faAEanWbfwQlhuRPiBNyg
1.1605046,1.7352229,1,0.06452876878688141,UC4ghCfH0JKBA4Dvn1lO3h2w
8.485342,9.226263,1,0.09979373507628225,UC4hdml6cjgdGFFa0khQBWaQ
8.122765,-0.58723396,1,0.0992269995567564,UC4jBrZowue9myHVU86RlaSQ
4.3936386,6.600384,1,0.06104571049996671,UC4jGtCVMc2KWvIySIX-OCFQ
8.457622,4.174856,-1,-0.024211662243528886,UC4jpaiaJDHrjCL18XySDDrA
7.2505455,-2.6282523,1,0.1143932972158766,UC4jzdMmyaI3uQdha_78uIjA
5.5083647,5.1670275,1,0.04650671649264565,UC4kf3M7FiGHvLE-VLiSgCAw
9.139099,-0.4455963,1,0.1259938917498356,UC4mR3QCYUXscW6Q9-J9QhsA
4.023847,-0.25435182,1,0.10545433403406451,UC4p2Tc7O9Att8lqwXNE7Uag
11.816405,-0.24166644,1,0.1219281459933288,UC4p9nYAaAG-i9WJSGsYsg0g
10.085041,-0.2517272,1,0.0796191522878178,UC4qpdrqJqrIj5l6-4bdPVzw
10.4686165,8.26187,1,0.10053224041790582,UC4qxlzoOR_GpMQQylGmvIpQ
3.5875359,-0.5499275,1,0.08974834063392295,UC4s3K-Td0OZP2IqMfwVbEiw
6.798269,8.571334,1,0.09444291414537187,UC4uyD_SEjbuPrV_TPdr5D5w
6.7417316,8.610802,1,0.07972608639786133,UC4zSFYCbPrz9kkblfv8VdeA
10.741839,7.546028,1,0.10597268828863715,UC5-Nhj5EAZsc1c8jaFeDBuQ
7.609358,5.019812,-1,-0.09318917849403707,UC5-jYiq6vsEkZ1v6ngeUPRA
6.042093,-1.18879,1,0.0785664626146188,UC50A87xuO9Bb42JM8p3Hi-w
4.2119527,5.5795074,1,0.028666861405855337,UC510tIqqxvIb1-AE8U5OK7A
10.546898,0.34476584,1,0.13260846610314614,UC51YiiEjaoERO__aQc2pz_g
10.308254,1.2488375,1,0.0973000416113653,UC52H_yYy4GgF9s-Hpt9N9VA
8.9544735,8.485953,1,0.09899752862645378,UC52bodhD1hI3f1LGwW8ftvg
9.031883,1.1325607,1,0.10879467015995875,UC57OnleANxJNZUhQ23J224w
12.510323,4.4885397,1,0.05596063526165712,UC58DbgrhLOeaR_whwDQbC2w
4.0132656,-0.8943739,1,0.08873613515238787,UC58UxSSINjt74QHgp2p4grA
12.56483,3.1710608,1,0.07166508958274409,UC58XpyAMPT9N-duiX5N97aA
6.3073416,7.885379,1,0.0921795237097125,UC594Mp21oUxj3iklukovrJQ
9.571877,2.083484,1,0.08769468836960143,UC59GrL3iE1Aubxh7jM68jWQ
8.60992,-2.4559221,1,0.09287307202671496,UC5A2MoAN_SR-HElogxl9pAQ
3.2113154,1.312353,1,0.10102737595927291,UC5Lz9Jp23PE26lIrNr8Zweg
11.225011,2.9327717,1,0.10100191469142467,UC5ME-dq2HgEsYxdYsITxs5Q
10.215009,7.504102,1,0.09908457424606815,UC5MGhAHzb7Gfa02AQBrmpLQ
10.042032,2.0973094,1,0.07288148057117028,UC5NlQr0Bx8OgtGQYcLP3Hhg
1.7970654,1.9692317,1,0.09485632866449939,UC5OuIwopIq14lgAbHz6zlNA
4.60808,8.216551,1,0.09522330644906052,UC5Oxr1b8kvWhT4DGdGYvCdA
7.6600285,7.6820035,1,0.10074560190884924,UC5PJza19Mgv_6UL2LV-_C5Q
9.493685,-1.1946803,1,0.11283123644460724,UC5PcgaKK8HFFuNbTPUyFttw
11.326282,6.756588,1,0.08689755623148504,UC5S6NhV2Ouj6Jyj4SIrmEUQ
9.238662,6.738793,1,0.08613793646352269,UC5U2rZHyEbEiSn_1HJjr_xw
5.2402797,-1.707882,1,0.10777526227227457,UC5UZ8Dn9pE77SJA5OrCDh3A
4.943452,-1.3221682,1,0.11024390913489363,UC5WHSdJK0w9AaE4wdCBoO7w
5.5188627,4.401041,1,0.08122597846749174,UC5XboaFcKw1ESbzC_kICHMw
6.9576693,0.52332073,1,0.10497194794351405,UC5YZlvxNE9LSJVEfSEWXjag
10.946018,3.7577133,1,0.10040453750124584,UC5ZsRQK6u0-47oXnWXEBxZw
1.5958447,1.4603477,1,0.08199446668591015,UC5aEhB4qXglWYbOP7lb94FA
5.994868,2.0722628,1,0.014473224333470591,UC5adToZwdzD65qq4TkHBIbw
10.316988,5.738001,1,0.09704283358688626,UC5c-liGCQvgdB-ggkO1DetQ
10.965776,7.9712176,1,0.0865935834732704,UC5dcjY3aWgH87IS54MfTmpg
6.4644184,9.90521,1,0.09009200951614388,UC5eDMSgJtHv9n2dYRnpcLEA
7.841295,-0.35569096,1,0.12537411813751187,UC5em__jWSmKXXj5lmrkyAvQ
5.248503,9.46011,1,0.07993129684706746,UC5fs7NDS0LXMxyphy3okG9g
11.703034,1.6020427,1,0.10234332360007353,UC5hBEWjn0xHblxa_VpntCxA
11.516836,6.836401,1,0.06002053363503462,UC5hF9u1xBTx8wKh9hE1LnXg
3.3039508,0.12197322,1,0.11404324071669247,UC5hZ9rSvywA7sdyG9pKIJIQ
11.206119,-0.99332553,1,0.12043787521654142,UC5i1BZ2BJ_1mtpYKIF7QKrA
1.3600221,2.0316775,1,0.08287158996408,UC5iNBq3th3BDQpO6dlGs-zw
10.636421,0.4027444,1,0.11398007335362642,UC5mHOm3cx4BBvDNmkoWekAQ
11.719072,4.469949,1,0.06891592436986127,UC5n21EG4ZLzV1_RqK5bOGwQ
12.215326,5.944336,1,0.037954059586222944,UC5nO_u3qUK8DhwrQxTSh3XA
8.878649,3.994853,-1,-0.04130394992414932,UC5oM1NWo72GNZTmc3mGyeZQ
6.1643333,3.454557,1,0.06913487386415335,UC5pj2AEdQKnjU55Cg-wVtjQ
8.28456,9.35069,1,0.10760326498330408,UC5q2dZ2RmyK1pKk-iJA3lZA
12.418643,2.141762,1,0.10755451516125258,UC5s2tx8kT-IBf3mCnCtJkow
10.6793165,1.4522595,1,0.10894264626875372,UC5vB70VlaMSe2DFFT69DrZg
4.8324323,9.390595,1,0.059740255930872344,UC5vvZ1pVezgHVTYtsyvDV_A
10.563675,2.3299549,1,0.08587630798000273,UC5w7gOfUIINxlBYz9jfpyJg
10.151604,2.921507,1,0.04997679199793148,UC5whgfTi1uxBF4wuRv7fTrg
8.497455,7.343917,1,0.09611907003056441,UC5y0xv-7duPKoKPLjgpSpUA
11.500001,6.462836,1,0.0777278611009315,UC5y5aLBPYj44j9cLhqLvE9Q
6.8414316,8.013454,1,0.10856273988448384,UC5yZPfAo-iPYINF3_afqP7g
12.853377,3.193816,1,0.08262815414270974,UC6-0sqmV4X7qGsEL6luxHlA
6.291315,-1.9878681,1,0.1248808749038452,UC608o8zcADaTKqLJ5RlHkHg
4.4173183,8.84551,1,0.09803023712133552,UC61VZNNDf53zcGgaohUwtcw
7.5821333,9.139756,1,0.09613840612167779,UC61f0Gy1kMxxYDSvhniIrig
1.0308427,5.3069115,1,0.05924671462476089,UC62TjRKnWx07sWvUvMwqEKA
3.1264606,7.422583,1,0.09200011039770134,UC63DKLqyQwe06Fqb-H5_dpA
12.268419,1.2528776,1,0.11692005658955701,UC64MbaEbKlit8DXeUfJgO3Q
2.2131515,1.2451372,-1,-0.011869092792977542,UC64RiOUiMOmEC5nGSx_D9Jg
11.520012,0.15332109,1,0.07648550456255282,UC64qjU9oXT4NZMZ-24uDtdg
9.766067,2.0257204,1,0.11054315339776355,UC64rDRGjrrL_8N55q77Fcig
8.973118,4.7241406,-1,-0.07082963046361368,UC654iHwyqxCSDh6DXx7Zo9Q
7.7897606,5.6499133,1,0.01133786719603358,UC66GMbg71SH6DoCMc0a2Q0Q
6.323027,4.391842,-1,-0.01774804035544364,UC66R1qBWIAPrioMbXmqGJVQ
9.575525,-0.888544,1,0.13409743649570038,UC6775lAYD18Vyr0_xT9VAtg
11.603609,4.1361713,1,0.1103452443264431,UC67rYMrvcAISJLafiMBGLUw
9.233451,-1.1675931,1,0.13519861640558867,UC68YlmC5kxu6gU33mPVZwpg
11.496668,0.4661171,1,0.1197217406678685,UC68mcOGfZFMzdI2kGX3jwRQ
7.6492524,4.915563,-1,-0.055511778282030244,UC6AHdxUHk8nx4h_mB93tH9g
12.5159445,0.84157085,1,0.06328043147476686,UC6Bz1DB99wSDyFE5IuSQ8uA
6.879899,-1.7183992,1,0.08924831922047421,UC6E7u8mMp3ccAjBIDLox6Dw
4.9726105,9.872537,1,0.07659898308401952,UC6F-JIL3kJpmdYaGhFWxRxw
3.750128,8.350766,1,0.0972065668690077,UC6HydYNXcAJ-2w02PyQORtQ
8.277676,-2.073587,1,0.10528863307590441,UC6IPVLzyOcCl870YqCml_Dw
7.316548,-0.13490175,1,0.06246595552827594,UC6Ie9yG5HNoABD1sz7oM2Bw
5.338299,8.100346,1,0.08322211034028404,UC6KbEa3JA_BZixvZ2TB9yqA
8.819187,2.5081234,1,0.06809480408955199,UC6Ls8FLzq9ClLp0fs8_y8QA
10.826297,7.068462,1,0.055484989626091163,UC6NOihAZ8N4s5daUf6kPCRw
4.2533054,3.1992085,-1,-0.09257418734375034,UC6OyAAeXclPUfSXxrAMtEmg
3.407812,0.5491445,1,0.10747285408510066,UC6QO4NlE5E9RDRaJaAhkK1g
6.0769267,1.6746632,1,0.06948651889751034,UC6RUSSN_Z_YDT30BGtEFt8Q
1.0399301,3.9744914,1,0.08027715803538849,UC6RtHzv-6pHC02m4QrNKNEw
7.1093564,-0.26142532,1,0.07173115096044802,UC6S3qNL6FWV9muKRlDPcbfg
4.8943214,10.216596,1,0.10113565465929752,UC6TgaFUM1kdhYINH8ZzE_0Q
12.520972,3.1021953,1,0.065062750052092,UC6UAQzp4bqwdDJmf7FeyZEQ
3.9576745,0.99414766,1,0.04872026850433825,UC6WV3j4sMlUhx1JK5o_fPrw
6.809549,-2.0419068,1,0.05429247617029209,UC6Xqg-0RPyO5ampqEuigqCw
7.615962,-0.37755567,1,0.10411251166786123,UC6ZCwWBZQm7I2308A2mDpFg
12.54055,2.3148594,1,0.08342304054713823,UC6_JufbI6FsAwTa3EdkHT3Q
1.4957529,5.860908,1,0.09470278633702384,UC6_su8-WzjsoowXTUNdCmBQ
11.672544,0.73913354,1,0.11458706438044164,UC6_t_QixcXNbYU7vzyF5sFQ
12.148365,5.6738944,1,0.0687969745008481,UC6avWoJ6ZsOxFvkozDYNSdA
6.4442005,5.152921,1,0.016434102885033275,UC6bYAwpr3B-4UEUW8l99HVQ
6.8699455,1.9463849,1,0.05257736890553444,UC6bnFDmc7SzET3ZCtRoPBLA
9.118256,-0.84677786,1,0.10354988416009087,UC6f1RqNI_0MLcn8E7sf_3HQ
2.4551544,6.9482117,1,0.07713475740468267,UC6fJ8RpEsxuRUrUMD7UBm0A
7.480791,-1.0209854,1,0.11676868001170049,UC6gWyg1Tfm8N8KKjKFh6kCw
4.5898023,3.4294333,1,0.0380250552778405,UC6go1s-xIqdUA7cLRMgGlnA
10.177818,6.1489697,1,0.060099124005804305,UC6hBEBavyQUBFOmrSFKUb5A
7.135916,8.022707,1,0.04953863153717741,UC6hzVjMe6SAsO9bKPbduixA
10.966397,4.6584363,1,0.10030154507928807,UC6i8rwX1tcutmOD6e3YmEDQ
3.1838448,4.4540844,-1,-0.04312599622959323,UC6iFcNVNzw6BuFBXhhFqehQ
5.3480277,10.254143,1,0.07881452806601236,UC6iTV3pZcOTqDsj2av06aQQ
10.194967,5.0235896,1,0.060518754207762204,UC6ijYlBqUdwO8o2t6Q6T6Lw
6.944467,-0.2885848,1,0.07254811351924462,UC6j0zds21gc-vAyK3UoRItQ
1.5166227,0.8895649,1,0.0720556407877953,UC6lRPBNqMhMizaFpw50SW0w
2.841929,4.3198733,-1,-0.11406356753205893,UC6lV6VuuP288neus2M62TTA
8.456815,9.286569,1,0.10276654306398597,UC6lgJxQP_5DIKMdNgTwKDKg
5.6381044,4.6090927,1,0.06896336112215434,UC6oCXyWQ3euJ17NcyyVVvnQ
5.6653366,-0.055991147,1,0.10175274830655784,UC6ovhvd2Vi673O5Ha9BU52Q
9.583641,2.792915,1,0.03402068201634173,UC6pOSsS5bNbfqTU5761s59Q
11.677978,1.190081,1,0.13089129383412323,UC6qMCsx3sQPw6JPSMZUuzdw
7.598989,9.179612,1,0.0693754932364074,UC6qtZM95tKqhiUEC3I_Wgvw
5.803103,-1.3814163,1,0.08771012283136065,UC6rDCBjaBOAtuJTBhSUUuRw
2.5649734,4.40184,-1,-0.12970239456277843,UC6sBBrdwoOiKozAC0m9tVnw
4.514245,7.696208,1,0.09729718855071956,UC6sdQWmyPSfDAExfX2PGAEg
9.521585,3.1426165,1,0.030474028170506984,UC6uVYJChxOZyHzebID-Fz6g
2.745477,4.3799343,-1,-0.08304897722107263,UC6vCr4E4rxWGyoPzLxnP4Ig
11.160018,2.9294558,1,0.09935814503985824,UC6wUO8f5IM0ZtGfdwUBZXRg
11.117895,-0.4720466,1,0.12269749228342103,UC6xhFw_JuChyPaD_UK4vS-Q
11.744673,1.1144522,1,0.12776800085229778,UC7-JMqy2bn858FObKykUKRw
11.95848,3.6333907,1,0.1109653426938626,UC7-VeFEddqp3kYF4qTEmgBQ
10.04158,-0.64309233,1,0.12995579579255684,UC70kw8IOdRbbEfKnYlSI2bQ
3.5327106,-0.2925352,1,0.10025922715064695,UC74FShHozIYkwzmqHf6HLuw
5.051453,-0.07911305,1,0.09691286500891472,UC74WFSxB3jgqjHmxw1TeeMg
2.02209,0.8524566,1,0.09307995147455123,UC74tCd0BCk90bxYx8_SRQuw
10.577529,1.7185342,1,0.0859725676989459,UC77AmJ-pGTH7kehrRW112kg
10.971508,5.7031918,1,0.11799116042844315,UC78GS5rpJd7kikd5Rw6MAQg
8.719465,1.6599479,1,0.10601437927835433,UC79VfI_KYuCToVp7OAOrJZQ
8.245722,8.911401,1,0.11020202659437872,UC79fBLH9Y4rwOF5yYPZmIFw
9.047741,0.04844385,1,0.11490682280785097,UC7As1Gp59jLNWOeUWVyjOrA
7.690029,-0.18169186,1,0.1143650364502048,UC7BdIUFT18MPHmSA2WL09pQ
8.170657,1.4848393,1,0.10172825983363093,UC7DPOUD6UtFBkmgmEkMMihA
10.971399,6.3676343,1,0.09619451227909226,UC7DUl54uby1kgU8lQrJcrhQ
11.473328,0.8427384,1,0.10918700532347558,UC7F0cTeOtWqr1xfFWAVASiQ
8.278715,2.795957,1,0.04610966546297629,UC7GMWBDGjr-4_C3DgYiQbIw
7.7720585,-2.2364802,1,0.120919181813613,UC7HFQmnGGXd8bDBPJ7pmfmQ
7.0017023,4.839949,-1,-0.061620939613615144,UC7IYnS66R24-XwUR7gdxYlQ
7.5566673,0.031338032,1,0.1244021244656166,UC7Ic8lvjPqqwCNbtpJ_toZg
7.5771117,9.3613205,1,0.107072616207469,UC7LWv1EMV_oazncor2Bs4hQ
1.2921515,1.3375199,1,0.0728961914860875,UC7Lsn0GF30lPeyvmp-SUf4A
10.805543,0.4738252,1,0.13578303555693594,UC7Nn2LPIbWPfZBvG9T0atCg
9.850016,6.6365724,1,0.10208308456552168,UC7Nuq6vWm1wWwmWFvqATaCw
9.68678,0.3780159,1,0.09801889157669963,UC7P5m5O6Ei2CacES6tiRGVg
11.986844,3.939998,1,0.07241039023439177,UC7RYehfeXhmAy4-tPluPrOw
6.671976,7.5410147,1,0.051009453140774874,UC7RZl2LQ5EipCtuG9NK0lhg
5.1478057,4.5095263,1,0.0063886233015578164,UC7RwKs1359DW1pf7yWwfylg
10.805662,-1.3859649,1,0.11751417908431905,UC7V23X7ASxoDBxXo8kgzlHQ
7.414094,4.8365636,-1,-0.1049968295501219,UC7X7G6T9Qra2Ehf8l61iyeg
2.858393,0.2933226,1,0.09347269821526288,UC7bWUQP6sXnrz_EmJkj1iWw
10.624463,3.6642344,1,0.10608491038466589,UC7bY4ZYmRgqEUkT69ro7eeg
8.736101,0.5579297,1,0.11125770167122606,UC7bnkYpXPdmyu0Aj7SQCgDg
4.091263,8.649865,1,0.08728335856423092,UC7c8hy8BwXvS7IplJuBXq5Q
9.290986,0.25099206,1,0.12553932557357894,UC7dVsiyJVPNLlEfnOQARrTQ
1.5757779,1.4879735,1,0.08850968346754795,UC7fY7MYRqJX-Mw5iwr1nlow
7.9879746,-2.5268033,1,0.059210298413243656,UC7fYBo-qbr-e9RK25CGqfkw
9.753047,6.8180504,1,0.09022909211324392,UC7fbSuuLNc893O6_Jn0jzoQ
10.619874,1.8845117,1,0.1200775335357172,UC7gwNinqwqxbdutEeuDEgAw
4.8420205,3.997566,-1,-0.11974892563737172,UC7hV6LtH6GD1_wggLpZlMpg
5.7332997,5.87132,1,0.006432735780079135,UC7halm3jzebc_q0sQUs1LPw
3.99073,8.691279,1,0.09972852346748251,UC7iHaDNj9YoPJ3-xHlMsG_w
3.293373,4.499218,-1,-0.03445615147487546,UC7iTI44nyA4mNGO3yv4SOsg
10.050214,3.8437257,1,0.0779743377283581,UC7iUr7ByRqKJeRs1hZEqwpA
7.3455505,8.724989,1,0.11778116244894499,UC7jP5PmYlmh97umGfVnrNww
6.945354,0.7945697,1,0.09541846761342015,UC7l-ReHmQ-vmmgUIqw1IEqw
6.6079144,8.796964,1,0.11274237449149987,UC7l4tDRQJK6MvfiCoUvbpTQ
3.493484,4.171213,-1,-0.06956525840807515,UC7lDXRL5vZt-yRF3BCPu6IA
12.695314,3.8716953,1,0.03994700903352538,UC7luQxKQrI-LcB69hiPgy9Q
8.931558,1.0609801,1,0.07761699528207522,UC7mUW9Us-WPBl-Tm0mH7cPA
8.771026,0.57245004,1,0.10075542649658192,UC7nvDbIO9Q7ZwmskhpC0fwQ
8.195678,2.8038194,1,0.06875845835152938,UC7nydkMEMjHIOHVVvXe3A7Q
5.354057,4.687643,1,0.06454287467047848,UC7pg904ryeNYNJsVVLR4Sgg
1.7646168,0.85730207,1,0.0746662961522756,UC7qqe8CihxjtaXb79-C0WFA
7.882227,1.8434345,1,0.1003816902797971,UC7rDdDWLKpJ8slc33kA991w
6.3789,-1.4770868,1,0.07582961188930937,UC7r_jS3XLZu-QFgIUGYwiiw
2.3924403,1.3074577,1,0.01920618647152561,UC7ss4YV7qGsx_sPfo3R2caA
5.9547663,-1.7149612,1,0.10841200789760075,UC7uTn5RYQjqF1hUV4txYm5Q
3.9251413,5.509211,1,0.044871459390637525,UC7vr3LZULmd5KuGcisMrMzQ
6.811224,2.340741,1,0.02720028752308623,UC7zVlvrs_Uqc8rd32FCXGtA
10.837083,8.101918,1,0.09833342316045329,UC81iGvzVHDDpGrTI63n_DVg
9.21031,6.461542,1,0.0753145771494762,UC82CrDe4dMsfUwPjQN_3k0w
10.282019,8.470624,1,0.0927415319329582,UC856jQ19ooOGZjUs8v-JlxA
2.2396333,6.2359257,1,0.07448875031753088,UC85nuGLJFY-M0eyEs3LcTBA
8.436212,8.408187,1,0.12515125241785158,UC86ElgDU_mispgIMab_SVzw
4.4685254,8.310901,1,0.09441803526413445,UC86S4UCiVamj5iLqsdjX7DQ
11.604267,3.9069843,1,0.11084804562706774,UC86XsdejS2XfwxoYWfepHPQ
6.471848,9.193844,1,0.11607034528907872,UC86pnWLjPLu-gHLrUr7Zs3g
0.78627837,4.7931976,1,0.049619318622501296,UC8717GfKidzurrq1pHO5BOw
9.209656,1.459135,1,0.08388377308114442,UC87DIrva7SxY68qjqXw2fVQ
4.0189137,4.7954535,-1,-0.009473718649932072,UC87qHreU8T2aEw9Cd2GJ06Q
8.20622,0.17332377,1,0.12289619017616266,UC88Mayyqdzypt-avzbyapSg
9.593996,2.121601,1,0.05111009368936986,UC895dogyBMHai0816Ko7pKw
2.6656911,3.9525447,-1,-0.02692943178446905,UC89z8fybC4G3CAujFCDrTxQ
7.3895426,-2.363299,1,0.09123613471889847,UC8BFlm9kWiVWNScc_NWSRow
11.244721,6.898459,1,0.04360013509069205,UC8BnLISTjGRD5L5BTAzz1aA
9.555535,1.3861365,1,0.1005209845574001,UC8Bo7fR7Ju87SSuBftYPYww
5.615848,4.436974,1,0.06622853993873873,UC8CAwrilPdOe1Tvl6u9Q62Q
2.5075498,0.97271866,1,0.01815994926092296,UC8CidO3_doF3ay2xSyHNVvA
11.159809,4.905765,1,0.1092993675795515,UC8DFXsqqMkQmq0YSJtfYYtg
9.239871,1.048294,1,0.11774231642442601,UC8FOOSJ9E15HCQXTxEtWxdw
4.019743,-0.27269453,1,0.09680794741400967,UC8I4eIk2ttQkhrH2xkiQ7Xg
8.987431,8.146284,1,0.12144735966510328,UC8K914ktRiWW6U24xNjUGGA
10.576175,3.4834898,1,0.015995024061445484,UC8KZbe3eimh8G611QaQtgIA
11.917248,6.6403112,1,0.06980765674258377,UC8Kw2ASMAjH9E7TRyuZ-4bw
7.8014793,4.8500853,-1,-0.0527051750132429,UC8LCYq5dRjj177Rh-maY6CA
4.9383373,5.2891183,-1,-0.006717857980468089,UC8LZcoy_lluHGqQqNLUz1eQ
4.64389,-0.49270135,1,0.06380013047107441,UC8PE-cPFP6oJSudk6ezf71Q
8.572963,-1.9237639,1,0.12851815470371653,UC8PPzBD52fFX88zt65pwf0Q
4.2146287,0.541637,1,0.10541672619688403,UC8PqonHPepD7dJGdotlTzdA
9.02874,1.5423673,1,0.10649285889490573,UC8QE1hwQ7hTPzex_V9ElfVg
1.32767,5.583693,1,0.08997126946819234,UC8QLDWJM18dx9WvosvQiH-A
3.0568142,3.2197511,-1,-0.006804792887188715,UC8R9BNF0dOmEbP-2R8T-M2g
1.6148129,0.7564579,1,0.08126487112420161,UC8RwDfK9sKEveKtSpT0MIJA
8.117888,0.5054623,1,0.10523967599591727,UC8SjIn0tx_Kpf20qfQ4LG9w
7.9845986,0.39869976,1,0.11089967051936339,UC8SqVJZAXXm0SXhP_1G7eOQ
10.010373,5.017784,1,0.06148889774491484,UC8ULaeJmdcDvGY9Jj5gkdTQ
7.555179,2.4608812,1,0.08756862873561538,UC8UuJpP1hlJgHyp2vwxm2nQ
8.862829,1.333619,1,0.08837772254316206,UC8Vyp3ZbFNthwN0f6m6kO1w
10.770587,5.8169875,1,0.09423352120863454,UC8W1IWY3FwFqQmbdGu5BCww
9.635687,7.7772336,1,0.10344144193623611,UC8Wc7_4BVViYV51vB-EO7DA
8.153879,9.275543,1,0.08088899536280814,UC8XV_bw2TOLvrrgxyoVOCaA
9.255573,7.780499,1,0.11295755679147945,UC8Y6T7EuToAWvV6S4DAs65w
12.0430565,1.8015188,1,0.11475414208675716,UC8Y7E0w7LdcsyMerXRZEELQ
3.8314297,-0.177846,1,0.0867744805564124,UC8ZQT4qBIAXbnHoVVBvmn8Q
6.701905,-0.22786988,-1,-0.031220260767581776,UC8bgwskNm3PinnLRogsWHuw
12.344267,1.8651454,1,0.0992455913473913,UC8bzNsH5sNaMgkaNPQDHdyw
11.1731825,2.6269386,1,0.09803332468464887,UC8desUWqq_1htmYNBfpvGgA
4.539022,-0.47780755,1,0.0939789252727305,UC8eDQ24Vmz9OCxHix6V2i9A
5.8136544,-2.3749354,1,0.10399456328632317,UC8ePMpIpadjvemT0x2KEq1w
7.8445544,-1.053552,1,0.11622720231496836,UC8f0rFzClsfWN3UmEPP426Q
3.015475,1.1136034,1,0.05999526961825069,UC8g4p6UXi7qpIoVAS5ZA75A
4.482027,5.4264145,1,0.0481925603057381,UC8hkAI9yLo-hWYPMLEVOigg
6.473366,9.005275,1,0.1084180221346907,UC8is_9-Ip2WkeMx-NcN6jJQ
7.4520903,4.927448,-1,-0.1202568961476278,UC8jd5Od2Z0JaF9wsB40VaDA
10.393858,-0.556775,1,0.11682536778373465,UC8jw4cyRm3WhgYZeBcyPiXg
8.22021,2.3694181,1,0.042421890813977514,UC8lj3GnciSgj_CKIPLF0Xnw
12.501254,4.522471,1,0.050199131852750156,UC8m1iUmSTLZBkqg-ybCkqhw
8.971478,0.027502898,1,0.09003097718377112,UC8mcpxzInjecz0z2oIoLpFw
11.899764,2.3144798,1,0.09938101677636157,UC8npnXRk3594QNQClrfrPwQ
1.0392541,3.5142205,1,0.03462936599987665,UC8oxq9NB0rXBfT9_8zxDLXw
4.151073,2.6848822,-1,-0.08628477739316265,UC8p5pTvsPgNTSDTFm6qAcOQ
7.823721,4.708211,-1,-0.0927611882118129,UC8pf1GjbgLFCggSV66hEQHQ
8.955227,7.0738544,1,0.10468557655236788,UC8q7vqg4A8G-mTJF2Iw5rPQ
8.461964,-1.2909409,1,0.08790235540533392,UC8rF1hiZtJUfQDH3gTbBaBw
9.796046,2.805162,1,0.10038133805876404,UC8scW9SpxWDXHLrNtQwT_SQ
7.2118382,8.63035,1,0.10295892211971891,UC8tmn5A9Gf3IqLfuD00Pbtg
7.9902344,4.7150984,-1,-0.10090898728738706,UC8vaB5oqxQUV2sTFN4-zkJQ
11.965923,6.462167,1,0.0686805805612285,UC8xUTZbTcnm6fV9RFkUMq_Q
10.148694,0.9833207,1,0.12185883938973813,UC8xwzIXxCNxDFWOYh01QzDA
8.443575,0.063843094,1,0.1206287601221327,UC8yxWXFOE5cxvazDaB2YovA
4.2183385,3.8802633,-1,-0.019140163933744292,UC8zCmHaOvKTnA32rXL-Qa0w
8.982858,-0.19986117,1,0.116107024766616,UC8zP6_lbEir3iJ9XF-smz-A
12.027957,4.65111,1,0.08743702208189635,UC8zm9Jr-MzctGPVwbUSG1Sw
7.295646,0.60919344,1,0.1053469844159558,UC9-b9sdsE6uRm63AQqEIS0w
11.712544,0.6257445,1,0.09125314061901679,UC90ew9zUWFd7lOSgL0_SrHA
1.8612214,0.63419795,1,0.07748706001328087,UC90zSMndNMgIZ8uNdEr4rdA
10.729399,8.205364,1,0.09731774441516972,UC91WqQFsNFl1YB4PMamGOhQ
9.918975,3.3373818,1,0.027793290941770632,UC92OdpEh1sy-OuAd6geyGXg
8.640877,5.707532,1,0.04206279620392395,UC93AYYx8O7_wKGtIpeBEXJA
7.378131,8.417559,1,0.10907550980552555,UC94Fn4BR2rx72m1q4IfKBGA
5.3587613,-2.1123328,1,0.07519106241660495,UC95d7DIbyJ32qYidbI0fyyA
6.9387574,-0.71108633,1,0.10765680118427257,UC95v2Sac_BAmAWGAgUt0Rzw
7.5792646,-0.39243928,1,0.12748174817300567,UC97Qh3rU4YJVVPi0zL9Z8pA
3.5202315,1.2081136,1,0.08711759941840092,UC98I2SkFcD73Lx8b-8ZjQxA
11.843775,5.7200646,1,0.08451977656404175,UC98i0C-1jDfCO3zIUJfdBdA
12.35823,3.2905684,1,0.03515651924003571,UC99jvrjs_qCb8Ko2lkDTWfA
4.038199,-0.7228319,1,0.08722495664779623,UC9A2XqHl8WszXfOvwmygTYw
11.341887,-0.5398507,1,0.11635627680054705,UC9AgkxjklF7AgCPfJHs8n3A
6.17604,3.6464372,1,0.07099035772271006,UC9D-ZwQzXEEvm5AuEgFnI4g
5.900336,4.1085,-1,-0.12654535668382838,UC9DV_i9rRNOXHO1WN3k4kWw
5.6958165,8.729061,1,0.11433280409162577,UC9FoTn18uusGNabUFB1dvSQ
10.958378,6.769799,-1,-0.022573634201895287,UC9J-LCaHVtR858a3JBScWXA
10.108747,-1.5397714,1,0.11553931565375652,UC9JPyIBPSi_EIMgDqisVwRg
8.780643,-1.3403274,1,0.11283197229627162,UC9LES9No7l5T94n8CuZFozw
11.477034,7.1982384,1,0.09036659583722878,UC9MLHh7O4f3pROQfkmWMU2Q
8.0516,5.3068056,-1,-0.04123037719014444,UC9MN_c4EADW5XHtolTlY1Kg
5.582299,7.9043036,1,0.020329475676144848,UC9Mdofy_wqa6XxhIc28n8vA
7.99672,-1.565395,1,0.1189308280525222,UC9ORV__cLL7-lAkdwbEgNmA
12.776779,3.7608933,1,0.0429060532187624,UC9OoK579TBNaJQK-6L_ITkw
1.2780924,4.1164145,1,0.0742439090849576,UC9RU0W6038nJJYKDiglcw_g
2.2155576,6.424529,1,0.10252367242133437,UC9UFhr7c23xG9SHgLYJcpdA
9.732281,0.8953166,1,0.11620613906277621,UC9UIMfirtcsVUmOu1e-cqog
3.9919279,5.1732926,1,0.04141470484611842,UC9UZbofP6B9j7zCFYYWJdhQ
7.831865,0.82561606,1,0.08197752131508512,UC9VNqwPcpmfUq7baC6e_Xww
4.645402,9.11857,1,0.10737706102641215,UC9VToXRWBZTC6ZzGuH_Q13g
6.693259,7.683931,1,0.08464983020569006,UC9Z2iRoiuBRGlEGKSp5aX0A
8.85481,3.9598029,-1,-0.004858530460431276,UC9ZAL-3woZTbhmSMphqV2tw
10.995258,7.754554,1,0.09887542007672218,UC9_19pECBe7OK-LPTt7kfCw
12.862523,3.7371109,1,0.02273725969526752,UC9_QFb4LYFe2WoUV5-FAkeQ
11.036337,6.1870117,1,0.010832762271429708,UC9_nhEkB8_81m5eqZr7duTA
5.3067436,-0.31948596,1,0.1080461121231529,UC9bHnZhPsz7lELQdOlI8HUA
10.497604,3.4160953,-1,-0.0074432810549061035,UC9brqiMi5bCnRPE6d7ZCUag
10.518265,5.79794,1,0.09503531680916893,UC9csDDQDexOZEFPkAwb2tvA
0.76272285,4.841232,1,0.08334268046308274,UC9dVgbM0sGBpiCR14hyKU9A
8.536605,0.7543823,1,0.11504196983364012,UC9eRRf9gEynV4wzE3z5SJwQ
11.683986,6.3248506,1,0.0752372835486001,UC9ecbVMjWhlD19KCDkZQLcg
11.288157,-0.9340892,1,0.11522263445184588,UC9fyQcu11s2Lvo0n5aR7JXg
6.7497025,-2.9096115,1,0.10522232321924374,UC9hntnMFZcvNFpyAaJDrdow
4.4185085,9.013363,1,0.10061554445573861,UC9i9VL5oQ5Y89P9gf95w2rw
9.498249,5.647138,1,0.062203319104473964,UC9jV35h-F5yHW5-WYhGRsJQ
6.9526687,-2.4724486,1,0.11604639508044062,UC9k2_CYulDFOXmgtlc3Zp4g
2.6261559,2.6065834,1,0.01624606792664074,UC9ktLYdqdHILeW8x5X1OmzA
1.2681547,1.338231,1,0.0684904984870216,UC9lbZcM5g5kkddI0aMkCe8Q
6.911721,0.028617969,-1,-0.005544316557996809,UC9ltqPiwSyLlyyl1Dy3RGnw
7.9635234,0.49403197,1,0.08830960109364588,UC9m1oHRQfWrWc0hnNtX0Jew
5.3988056,-1.3024782,1,0.12330092381371804,UC9m2PWKzAW9agOCbCNXgiQw
8.673339,7.969912,1,0.09867956088894664,UC9mqNHYybS_Ym0BO8jmqesQ
9.539645,5.2087035,1,0.06365941728989105,UC9n0ucXLFsUad9ZVILZD2CQ
4.862123,9.245397,1,0.10232476504184113,UC9oSL-zMWiaNxQ28JIG_K0g
11.470286,1.8738376,1,0.06790402975002285,UC9ocoJzAYQ3kjZbxr1Ia6Mw
6.213367,-2.8971038,1,0.09381197096921579,UC9pGMK4ugyFM6FiDDJORUPw
12.716893,2.946336,1,0.10008524379385358,UC9rDURdPGVcvZuYLrLGKkzA
3.8970752,7.8648267,1,0.10368126071232647,UC9rNmcNlmTLBeKe2vqx98Lg
9.23253,1.060005,1,0.10317512867516115,UC9s8UzFLCBKVmwrYnkOEiJg
7.000794,8.386478,1,0.09157006943315588,UC9uVdOMCsWvOTElzE3e--QQ
12.064519,4.3340373,1,0.07829778816868715,UC9uZJd0lkwJuLBOyKdPg0eQ
9.52246,-1.0688301,1,0.13264339271436343,UC9ubK2iKe1SuvfzbeUF-2Ew
11.061412,4.402453,1,0.007962550581447791,UC9v36oRzfmPVEIvo9-w3L2w
1.4353083,1.1698048,1,0.06848011083572186,UC9wSfcbymWt3iZgaQeFRQ8w
2.035099,0.55796707,1,0.08697681644121874,UC9ymYmlkc3DCNFg58tPQiJg
5.3831,-1.9661863,1,0.030371183429254767,UCA1uGM0bo9ul-OkN-do7TPw
6.392753,0.7031146,1,0.07734138985605454,UCA1uZ6yNk0MDlmlL02SE90A
7.518959,9.02981,1,0.09495410918553682,UCA2vr_mab5x_tl56R3fNPKg
8.4391985,3.1278477,1,0.045311481288736855,UCA34qLHakUMd_oVLWwlwZVg
4.022859,5.275106,-1,-0.009007071382889476,UCA4oIm81v91S8vJ6Wnyynwg
2.430552,0.118048325,1,0.07207380788788459,UCA4soPNWJ336GKa8NGo8J2Q
4.43834,4.961071,-1,-0.03785452107788845,UCA6r22NbJ88uc672iZlFFeg
9.724498,6.047811,1,0.07760651538115482,UCA6ra5i-3ju5OfeTSPd7hhQ
4.710492,4.4728665,1,0.0227687854624003,UCA8yb5OtZppnmuwBqUnAPJQ
0.7694616,5.2319193,1,0.048870734151403805,UCA9sCaTAliLuZ5_pKugL8sg
8.708983,-0.44484618,1,0.12324706202046709,UCAAyZD0j8WFRCmqW0VWZkqg
2.1432276,6.6153173,1,0.08382503736239943,UCAD-wJutlrwvaU-SIP045lw
12.681697,1.6098579,1,0.10391033590554116,UCADrB9XMjnNB7o0Per-ePPQ
10.831948,2.2573123,1,0.0743568952366973,UCAEXuCLh5JIM4ResNk-543g
4.268316,7.928595,1,0.09527597528721943,UCAF2SpNe25TsaNSMo-_avkQ
11.341552,0.3622217,1,0.06659900753448744,UCAFB0tUYdwlKJ8p2CE1U_Ww
8.867586,-0.657828,1,0.1361668664914784,UCAFbj6B1ugyUfqar0q0Sl2A
9.39256,-1.2615693,1,0.13742557483582613,UCAG2KSvHOq3wM5UhUnOd9Hg
6.982593,-2.670708,1,0.11147017278131205,UCAHiK8RpEGPmJNwHYdW1Cvg
5.0538797,2.868927,-1,-0.01787015779158474,UCAKggySl9ZdokP_q1GGvNSg
8.595214,4.3404474,1,0.03174772124736175,UCAMo_qgoQJcEJQY3nmHMGkw
5.117013,9.655032,1,0.06643379136648248,UCAN4m_N1N376qwO2n3ZgAXw
5.630406,10.131387,1,0.04560730764146703,UCAOK9QQdvqTXPJEbZTAlJmw
11.508292,5.1691966,1,0.09620412838161019,UCAOQYZXcweb0brCj9A-uldw
11.927654,5.9090223,1,0.032256779042059314,UCASIifKs6WvO2WwQe8luAAg
6.6521077,-2.915529,1,0.10544761507134875,UCAUJoWMicKCLyzfv6jlccwg
7.8862634,1.9975481,1,0.0857288579574711,UCAUOD5xx6muOmpc5VqOZfTg
10.352236,7.4507146,1,0.10419558366523812,UCAUcshGYx9HNwVflYIXGCbw
2.0241225,0.5056612,1,0.08595809364692936,UCAWm_L1YvjANZ-VXJaAE_DA
5.689674,-1.1435431,1,0.0975160431202936,UCAX07OUOngQNbmkLcqUHc6Q
6.1687713,9.822714,1,0.10360021192193963,UCAXVhnopwiAQpShjhUQ-Pdg
4.134968,7.473758,1,0.09330688559915129,UCAXh7cKLaTmfV7LU2DOrPxg
6.9322896,9.29172,1,0.11790354196915809,UCAYM0tS4Ev0MMGKGjde2hQw
8.914586,6.9063344,1,0.07994653963654036,UCAaU7tz-UfP7GQMGNnG5_8A
9.837019,6.654523,1,0.0985538201134104,UCAbgxASDzupy65LJeDTYeaQ
3.519065,8.084109,1,0.093640941516753,UCAePXvgwY5JRt16MtP5zrqg
10.018986,1.3350163,1,0.07417105510906369,UCAgO97nOYvuhhcLmtPc2aEQ
10.973945,-0.5476441,1,0.1219722560197326,UCAjhTOmMT99N1YzDr-gKBNQ
12.585869,1.9297929,1,0.11098184050103416,UCAk5oi5nMMyk5R_wgamFfkQ
1.7332515,5.882513,1,0.08976114355014503,UCAmMfDSFgTLcXjotPHIPFWw
7.307275,2.1169035,1,0.03205140628201947,UCAm_4xDZcBHa28RHeqKABgA
11.862748,-0.09161419,1,0.09260609416391119,UCAnnj_4dqYKB_0xsIJ2vthw
3.7824306,7.1715198,1,0.09065544106581402,UCAodV6aIILldl3P4zjSfSYg
8.272095,7.528466,1,0.08405999735460257,UCAopgKsa2GvA1Mf3pikD7lA
6.4176774,9.740448,1,0.08758794820319682,UCAqYgMES6ZG1CPK_kfgd_-Q
9.181786,1.9678022,1,0.08945072823956457,UCAs49XS_oOqCeo99NEuRHVg
9.299547,0.47240078,1,0.12726197642020148,UCAuJXo3BE6qsgOQAq_ApOpQ
2.4585187,2.1441126,1,0.05318589627715781,UCAug43P3rkpaJRBGBDq-pZg
11.872226,6.2361546,1,0.03844725362461382,UCAvjFYm4h-TLEvucfjiFDFA
6.776703,-1.9002987,1,0.1058192168931727,UCAw4Rw8UT5JAIw76fPdQYmA
11.739023,1.5106246,1,0.12473015527726539,UCAw4WFG-uhugjVTM_IREEgQ
7.899414,1.9629492,1,0.04916159107249468,UCAwtL6d46-7kj-wIG0jtHKQ
7.7886243,1.9630924,1,0.05855719017530714,UCAwvA7OVxnoYCN0qPvp-y1Q
9.226822,-1.7220228,1,0.12200958011479018,UCAzKg4xGAnkj7dyEmoVeOMQ
3.7867117,5.636257,1,0.043825392996564905,UCAzmxb-aGdxEuuXQHtOJtPQ
6.63246,7.7884903,1,0.08027443228626102,UCAzn6BC99RNT4cdzNxQPXig
6.3059797,-0.9150284,1,0.06696600472981362,UCB-E7le4rWSJKHbF4vqC0Gg
5.754921,-0.6068548,1,0.11892001914618378,UCB-MBnk6XuVC87HSSnkofPg
7.554245,4.901736,-1,-0.10459936878568676,UCB-r_XzE_9LeQOelD__d9nA
5.1697087,10.301701,1,0.09571997591415593,UCB0zSUXPYQfGT55Pow_GEEQ
10.549557,7.181484,1,0.05897623172760902,UCB2BZSYssUrn-MAT_u1gIuw
8.511928,4.330115,-1,-0.007143267154864574,UCB5g27rz7ngDx8K0vhv5Bvw
11.408582,1.2916353,1,0.12581037539424794,UCB5uwyuPUUGipThwdy18A5w
12.089933,4.3427706,1,0.0778288109428873,UCB5yKRjHzgCH4oTqHsFncqg
10.1023655,2.3685238,1,0.04598004667543887,UCB6YOHE115rfDo5PoGfXoOQ
10.508391,-1.0506582,1,0.10938821716525288,UCB9DWxQyF_zrNfSVq_roYsA
3.4943483,2.7195709,-1,-0.07107374292907642,UCB9EBkeTe_kngYVXitoPblw
8.623956,8.0775795,1,0.11791235867930017,UCB9oDZDawozevm3LzDcbY0w
11.645982,2.092831,1,0.10579021821482676,UCBAEMW6blRkY2UE3vsBM0nQ
10.566275,5.1124,1,0.07139424064438121,UCBAcgAjmTzxICt7ZbfcW0Rw
9.847619,5.3307834,1,0.0446113611161541,UCBAg5RJVtoIySvpvAaMdO-w
5.994757,3.2760398,1,0.04820626294424424,UCBBvZ9jWvpU4An_-1FgOyng
12.569295,6.2846947,1,0.019038816113321755,UCBCuZiu_Df1iF_S1jCf-Fig
11.300563,0.28879836,1,0.1230477989784502,UCBJiCKGqeqaIxxDDKSKsF0A
7.3104196,4.8464255,-1,-0.08703637768508099,UCBK1sUZO_YGojC9dsH2Etnw
10.532712,4.055583,1,0.08745170966791038,UCBLU7CKnkpa1021wvqZnnFA
8.991491,7.2727976,1,0.10402481667645075,UCBLeYZcUhw8B_aOfQrfDw3w
10.98866,2.7344518,1,0.09954522825764833,UCBMgDSiu14js6H6zq5T14EA
4.5950317,4.0141478,-1,-0.0319318392488106,UCBN-K0VQVfgfj64c0gY1xxg
11.887828,1.3988636,1,0.06926116000286453,UCBQBN3o-auWYncjheyKZ26w
3.670504,7.5147834,1,0.07909441304784226,UCBQBSTBtYk7WKUlEilNUhBg
9.3432455,8.189998,1,0.07054505630883029,UCBQLSyQg_J-IZyenXuOyBJw
7.4859653,7.728641,1,0.07914488658534308,UCBQnPTcvyxcqXvEER1N4APQ
10.466656,4.0878577,1,0.018978799207365393,UCBSF7r-SK47FbphYpCaI18A
6.0423045,9.334714,1,0.09804016652244552,UCBUG52TcRk2our-apB6kT0A
10.767851,3.6537063,1,0.10475883500591598,UCBVBp9C490z4OF5Hb8Hi2iA
8.53281,-1.5975624,1,0.12673515193301693,UCBVgvALLbRbZq5ZHcF0j-kQ
8.044105,-0.71582973,1,0.12351571479016754,UCBWiEHfYf4rUVN0k8WKx6Bw
7.187536,6.776774,1,0.08885082567396968,UCB_-7iKYhryvuCwVOZjLjyQ
4.114021,4.1905484,-1,-0.02663470391865519,UCBcVvd4jvx7aC9smT59ZOuQ
6.8414693,0.32812455,1,0.004103076208751999,UCBdj2yDh80KDz4gbaNDFDHg
5.5326815,4.986213,1,0.021699849830251028,UCBe-0vSHIhA8Wx6xqQ-Y0LA
6.105001,-2.7310047,1,0.09791741291699763,UCBffLFQD8katUYew-7dSgUA
12.195369,3.2985828,1,0.04061111899943248,UCBfjfZ5KxviN8jrMFN_k9_A
7.9043646,-1.2145104,1,0.037423915609741065,UCBgAncleUdGK-ofhWudgsQQ
2.6973703,6.9992137,1,0.08714363403959291,UCBgN2ztjU7ZFIFgXoWvcRLA
10.915119,7.5800185,1,0.09152470470308804,UCBgpP40ca9NXdbyZj3lNF9g
5.006184,2.6940446,-1,-0.0397010730587577,UCBhVMNGLRn_VA0IPYatqf3A
12.180272,3.8329184,1,0.11038880371166232,UCBhqJ2KqpMvHCaD-a-q4b4w
8.714515,0.7036458,1,0.0994414718405342,UCBi9CFPF4ZiOKMBv-Kd6q5A
5.1012177,-0.4717621,1,0.10125639578102374,UCBiGW-Vgukkw_n7M4PiYSJQ
11.163753,0.8207493,1,0.13679164623726708,UCBjEQQUGgIH3QOxOCjovWkA
12.104008,3.5414658,1,0.10368948255724614,UCBkCTVdl87z6FidwHr06s7Q
11.990359,4.3661294,1,0.07624411630491834,UCBlZ7uzSxgc4i6x27ccsaeQ
6.9561296,1.3916798,1,0.09242357066878809,UCBmZMAj3-h5yYDye2l4dnCg
4.4345613,4.5333843,-1,-0.00752801269150849,UCBokKzzfSbawYpd8cLyuWgw
11.935054,7.497629,1,0.08483772358311042,UCBpWlER5Lxm1d6kEmaZhbdQ
1.329449,2.57656,1,0.052415757137389274,UCBqRJ1dhDNbgTVkDTGfZ7Gw
7.8238206,4.929014,-1,-0.0909458451687516,UCBqc0wjS8LZXPza__W3R-ag
5.807455,5.351096,1,0.006052151105158554,UCBroBYphdsNaMkT71hpL4iA
12.233386,2.8497162,1,0.09624485775977998,UCBshpJ-bCV2i-OQhIRVzyqA
1.1005976,4.947925,1,0.07615886943960015,UCBta2_DUdjgqjacWO89bUYA
5.941839,1.2303759,1,0.07920878738544596,UCBuI2GcON8MkVlQOej1r_XQ
3.047619,4.1468573,-1,-0.1422031676309009,UCBv9abEQU1fwOwLyZ0ipgsA
8.484067,0.0834446,1,0.10794795281388947,UCBzAJvJ-QqHnb4w1jyx-WTw
10.355867,5.4248886,1,0.0762249761829571,UCC-b5VmHTdLq5BmTNRduU1w
9.256892,0.8809731,1,0.08440244515301643,UCC-jP_LIL00yt4pRQVMY9aQ
5.638192,4.0115113,-1,-0.006291087794449313,UCC0PYKwfZleV0nLKHznCw9g
10.396133,4.843944,1,0.04579743665277447,UCC1SXvUwgrkw4P5e8JmUjdA
6.037647,-2.192789,1,0.09000361101436144,UCC1nRgVTJTyobWW7XFhn6fQ
10.261744,0.7265928,1,0.10484187308573073,UCC2feCWJxxUxYUqKjJqEcJQ
9.802874,2.4405556,1,0.055156384939560155,UCC2yhPH4Q9J9K4xr0bI3Cnw
11.474428,7.2680225,1,0.05381179154459764,UCC319UDOXCc5Y0l5qzXapEQ
3.3741288,7.717826,1,0.08429983481245551,UCC3MP7vnV0f1ejlx885GftQ
5.893584,-0.02673377,1,0.10845932626197952,UCC5PdCc2rfvk2cH_DWusvcw
11.048438,7.4886656,1,0.10490861246701805,UCC5V9ZwcDLOivazam0bwIeA
11.418182,6.1098475,1,0.05033186926414285,UCC6Edg-EbQdSB-_i99mjpsQ
12.290889,2.305085,1,0.07279782572536175,UCC8F4FUnUk0zwRpONNzZJXw
5.0923314,4.1673284,1,0.05802537221575371,UCC8RTTIuqXlptNwsgyLiT5g
8.161091,6.9061093,1,0.07855587128871722,UCC8mTNqaDb7Wpxghc_p-nBg
9.516935,7.425816,1,0.07323957793929736,UCC9G_M1MWEgRTWYdCQoo5-g
4.434925,0.053927194,1,0.11058812960768694,UCC9JgWuu3LFV98968d-f32Q
5.9414206,9.327172,1,0.012109212679400183,UCC9d7a0W2GBfTAKiD8Q-Uyg
7.5858006,8.778887,1,0.06621115219875562,UCCC6_3Ij68phq8gxXN7ePrA
9.426332,0.86235607,1,0.1306746587339057,UCCD_usbJs1Lm4kceySQEhTA
9.334339,7.060761,1,0.09655732286320579,UCCEHhMeUlHapVFHAds5AtvA
10.155658,7.517178,1,0.09066000305100924,UCCG6eFnrFvSOhEKU5-TzJWQ
12.465627,4.74759,1,0.03214340247467512,UCCHRRXAPC15Lfle1PlFm6yg
5.9283447,-0.049878817,1,0.12782239260795025,UCCIf2S5ZIjWmsP1D5kgZ9ww
12.537803,4.2782927,1,0.014116206947600851,UCCJ5h_r49dHmnokZRhXv0bw
5.550167,3.0308979,1,0.03765013556618679,UCCJINsHPps35nZbNn193BhA
7.8690467,6.7680173,1,0.09201287336132541,UCCJTGKOCXzYTkL4vn0qBBTA
10.87546,-0.83580565,1,0.1222745909394668,UCCOSgdLk0JMCCAovByT4hTg
3.204697,3.0122027,1,0.025836440073554623,UCCPj7JOSc-yTbsUa-uCfYhA
12.01637,2.3183935,1,0.11222231036554503,UCCQ4sRhpha3v83HTRoIh5BA
11.097611,1.6006553,1,0.11317603824425698,UCCQa32HMX1VMIPRnmcDfqDQ
3.411168,0.38644052,1,0.09215410247359829,UCCQnnXtf6yJch3FZOdIX9nQ
4.0564013,3.1908686,-1,-0.11082225002006763,UCCQqgcQyleyNjgXAeywkNmQ
6.3566604,9.076221,1,0.10025321999800757,UCCQyF8vB9mgntYrE0gwUbag
11.584709,-0.38041693,1,0.1304848727304912,UCCR7Omm7dilajDY_kZ3A9LQ
6.6913314,8.828822,1,0.09023077113637451,UCCSiJNH26GIzBk9y6E8J4Jw
3.295386,4.2688913,-1,-0.2529532049772001,UCCSmtEwvhWXglcJZVJFdQ-w
3.7729292,-0.6499849,1,0.08782217239116064,UCCTTbX_dDOsQrbC9m9cuBVA
6.8301396,6.7101083,1,0.09455527768760014,UCCVRL75z1cqEqUjnnpQ5Gdw
4.3780694,7.8095818,1,0.08753953584461888,UCCWt08UICpo7EqhBYuSI4Jw
11.208639,3.4549632,1,0.09476189422655323,UCCYF_NyV8NtagqhLVOSh5ww
10.90966,1.3232929,1,0.12344237488318294,UCCYxQJxlhRW_l5MfltjguyQ
8.446307,7.8563356,1,0.11326965117226451,UCC_uJfRk9L7pQdKXYt54WMw
9.640866,5.647642,1,0.03760182280275337,UCCaJlvvRcnZ42U836K-cFQQ
12.069479,1.6375899,1,0.11638276299307926,UCCbXlpjKj9lTP2cK7nmPO2Q
5.210217,9.9227705,1,0.10945150761718908,UCCcNvPclDJbAJFUK6mnLUQA
7.4281487,6.592624,1,0.007195688938726019,UCCdkFRowAgGdQbAKC9QzPLQ
7.4311357,6.543713,1,0.06380571460285223,UCCeWvKmgERhfZHEOzYIaf8Q
11.568119,0.62368846,1,0.12288018976026299,UCCee0Fz-WoBdaANCF8iC-AA
12.623425,3.8951051,1,0.09167175699429814,UCCfb0rdM_z3kw6_Nrc2w6rQ
6.288526,3.2536445,1,0.018477578732076172,UCChaBuFnyDLQi6VGYCzm5Gg
6.5416064,9.867503,1,0.10776885107549877,UCCi8_Sl8b-AQMPnNxfqbAdA
9.1883,3.57473,1,0.01815916995540029,UCCin6iY4wLlSFOZ6gYv31kQ
9.307394,7.6099424,1,0.11536188684849025,UCCl1qWoRZvfwahw1rfVfAyg
9.524663,7.644652,1,0.11117095879281924,UCClYmUwCTDXpJLUuHqTITTQ
1.784389,0.6663951,1,0.07556948374842548,UCCq2a7h_3lTf36MQY-p9BNA
5.044473,10.254726,1,0.082106966335031,UCCqzsuOyzjYgqQMp_Getz5w
10.332023,-0.10220226,1,0.09258914904366178,UCCr6O6NbPFcFGIEGlUvW2bA
5.8482456,9.632267,1,0.09576134511212886,UCCsZLYbBHS8re17hR7eIsUA
10.688135,0.27220255,1,0.1310586307025216,UCCspP0gCKn3r4Cc-4kuarhA
1.6549246,2.408274,-1,-0.02457340161793442,UCCtWnaI870dRrMQc2b-YJuA
7.358311,9.027999,1,0.1200725763708585,UCCuBv92C1QBK-3RdxMJVb6g
10.894052,3.6235878,1,0.068465214859117,UCCue1m9UF1W5xR8I7w_fyRw
6.6009197,0.049991217,-1,-0.021516487441027965,UCCuvKqjGlT0jUkrcfjQD2iQ
7.0552497,0.100001134,1,0.12024617013025068,UCCv64fcljDThLjOGC7Z7beg
5.709637,-0.53576493,1,0.10254675913478634,UCCvzmqP9D_PUoZJXU10Aihw
8.476733,7.0738654,1,0.08539780468235764,UCCwYYV3nT5OpE5J1jYRQdoA
3.5427039,3.9879713,-1,-0.050534254642859655,UCCy74Mtqewf_MN-CBxp-c0g
2.1798525,6.391803,1,0.08990562890419296,UCCysEPNZVExI8tUfzXXz9jw
11.07387,0.90377253,1,0.11904795769167009,UCCzDAIWcyIvBacOm88IMAeA
8.408587,2.4784672,1,0.07974930812117198,UCD-3v4zPl6-Q9lWeFKoGSwg
11.501681,1.2692753,1,0.10879272785378136,UCD2Uu4Exo53wl9mVCxbppjg
12.361801,4.268923,1,0.06583536858489308,UCD4KYtQ-fYVlRWTgUUxFuiQ
2.4716237,1.8530223,1,0.06647409625906758,UCD4OLJLdE7N8UG28YpecQwg
11.062202,-0.70944554,1,0.13721832161827147,UCD7KtpwR0OgrdvYNOrSOLzA
3.494741,-0.4262801,1,0.0900573559867402,UCD7u-9FzZq2JmwmRJkTPsaw
3.0358148,2.045295,1,0.02611590988073781,UCD90z36bO3Zl7uaIrG0Pkng
4.836413,0.08409435,1,0.10503946906517125,UCD9U_RGrP7JMRlD-CP4B-Yw
1.3319964,5.6558595,1,0.0792572559644063,UCDBZ7VWdGY8Ho4xBHz9c6eA
4.199719,0.55746055,1,0.07914195499260629,UCDBdU5IbL0NnRNLDvtMaWew
3.2793207,2.650185,-1,-0.08712356316203751,UCDByNAU1WpFz1dKAAqPRnbw
1.3087702,1.6958832,1,0.07714876758418338,UCDDp8g48EzeJXaG_D5GL4PA
5.6060863,10.129031,1,0.07623846594873052,UCDFcYAxXhkD7X9N0-WQQpWg
8.221465,-1.5152175,1,0.0840412576974871,UCDGrBM9N3YjIN_FlVOfpgIw
5.792785,9.323339,1,0.055364198673449716,UCDHJB4f2XRB0RFDj2tlsjwA
12.225817,1.6985658,1,0.1196572081659068,UCDI-0TT4g1myeFIMAfdAdgg
7.13215,0.29982075,1,0.10326876807544527,UCDLcMIecm5zxamcLL3hixUA
1.4925411,5.74549,1,0.09573007575258263,UCDMkeY2MoXdO-JxXNXjFmTA
9.279135,-1.0947204,1,0.10633606637560555,UCDNr2wzD90OFJeg-ioF-Row
11.530025,3.7130964,1,0.047102614541393084,UCDO0f2FNeU-G1EbA9W5mcyw
9.852386,-0.52680534,1,0.07509396649473549,UCDPgbYfof_dzQZuOfEe6z5g
4.6696196,5.195924,-1,-0.0036209295061300217,UCDRFfOBwSK87gSMJZi0R2Qg
12.565786,3.1284685,1,0.06776607186122979,UCDRJ0V_Y5qoQEr9mqyKXVQw
10.417075,3.7201478,1,0.10924897762728458,UCDSP3bFF-Hk4Bc_9IFvW4Og
5.2736874,8.931894,1,0.12046361153560659,UCDTTc6_ImAZXItYMTsSO67g
8.691963,8.285021,1,0.11135314099448385,UCDTcRTk949dRPpdT6p7IkiQ
9.515258,2.8060508,1,0.04605311002707707,UCDTfySTAkgvPMZPHe24aJDA
8.899857,2.683423,1,0.06378954917889429,UCDUJnGevGUHE3vMzZHhhusw
12.557862,1.9744277,1,0.11457621964333653,UCDUdrGjj5a47veA7Q6ro6Og
4.364083,8.864876,1,0.11407616739749615,UCDXITmQLven8Tp3QqnzOFGQ
5.2176623,4.2567997,1,0.04151420436473646,UCDXqP0gqBY7NBH5w_J49cUg
7.586787,4.9972525,-1,-0.060408525499759835,UCDXwuTpVjsgHphbEWxMXFnw
2.9472103,4.08629,-1,-0.2062189549685015,UCDYQFG5CkxQFKG-cgD_vpBg
11.114557,2.498694,1,0.0793968154754125,UCDZ4SfXBO6t3scGKUNwnxPQ
8.5930605,4.269168,-1,-0.007591363303079857,UCDaxRt13m6OLy4ghXrWgxVA
1.2843875,1.7892481,1,0.06423873038057898,UCDe6D78tNje1O4jMZeO-1tg
9.228178,2.023093,1,0.06525306542468379,UCDhBMz_rmDf7ZrGth5JOxSw
12.146764,7.0888495,1,0.07367828307653723,UCDhHJYzhRUxW3TrrlnPT3qw
3.926555,2.5740845,-1,-0.019999894804775376,UCDhyswSIqpVBF-q2mXa4GfA
1.2833105,2.773218,1,0.055083360054752895,UCDlrg9TFOVWdpef8B9BzeoA
1.3772243,2.34238,1,0.08209804388361425,UCDn1u-bjtOvxUMcH2-3R55Q
4.864271,-1.5348703,1,0.09336743913400891,UCDpQfuq88OQCCke4mkkWVIg
2.5261836,4.3664894,-1,-0.22968010681217166,UCDqLSztdEKhWwPBla9kaTaA
7.032388,-0.96554923,1,0.10614432297245574,UCDrd-kV2v-7elk0Ve-z7QNg
9.549855,2.0518255,1,0.09063247174403577,UCDsZ1i_j0GTrmTCIPNIOLGA
11.58452,4.5163684,1,0.09802784131541142,UCDtCbN12sZlpUWpz11jMwnQ
10.559299,8.371169,1,0.04795790521622145,UCDtpOFhhNN2h26W8P4KGyfw
11.187339,3.4385145,1,0.06449388721443894,UCDvCc2I4ZB9EAiDILaBs6Bw
9.814204,3.7763846,1,0.0005589044068315951,UCDw1JRxTd39ex6OgdhXshrw
12.653198,4.3170156,1,0.0588454997019629,UCDxZVNr5C60lYoy6P4Hhw7g
8.522623,8.970109,1,0.08365369871524891,UCDy9MbeU12vGfQZ3c5UKsOg
2.4477515,0.26261547,1,0.07948849364510441,UCDzke-Pm3W_1AgqW8Lc80Tg
1.407568,1.2792124,1,0.08298484678651391,UCE-iOAGuWToKBR3UuVn_pNw
7.107313,8.677876,1,0.10582365777130026,UCE-mCWs5-ahaRFKjdTxLGOw
6.7030945,-1.3673234,1,0.11223442940585421,UCE0BTyUu5DQJzSgRU72dEqg
7.4973135,-1.3295525,1,0.1280122218233971,UCE0MStrYeTURgogcBoarsUg
3.8223875,3.428199,-1,-0.09352468190774488,UCE0OC7ZMMNG5hKXa4W7M13w
11.573142,2.9250042,1,0.09076604399224875,UCE1-nvHZdRP2Cu_RGyAMnNQ
6.240886,-1.4742477,1,0.11467177357552388,UCE2DOOn7IgUWtMR3-guHlfw
2.379933,6.5468755,1,0.056751678609081146,UCE2n8UE7HUVcsvvHlApgJow
6.9934373,1.0607034,1,0.04385743099784539,UCE3huRw13OfMB1SgJQV7fgw
6.107428,8.424366,1,0.1163881750151241,UCEAWHBzOQHqjOAU-6zRsaLQ
7.9907827,4.945009,-1,-0.02103088592649638,UCEAZJbZ47pt7nFMRmCaQ0Ww
2.4497356,0.17171149,1,0.08597819948530921,UCEDN7Ipad-v1uHDCQVC3cCQ
5.460701,9.537995,1,0.10584565600808221,UCEG4hSnpCCI-B1LkAQQdz9w
8.098681,-0.55381125,1,0.12065656210444248,UCEH2llxZpHaH8VJbs-ccbOQ
3.1184845,2.756722,-1,-0.020240331095634057,UCEHkgIIBjKbcuiE1SNucBUg
6.698711,-0.25325328,1,0.021008672193941424,UCEHpezvAhnBEQr1egE1-I3A
8.202449,8.459942,1,0.05734586141595038,UCEI0NLOWmBMoU7WOz0ASFRA
1.7351404,1.1367917,1,0.052996950054349234,UCEIU6OKVVtFtwqDO3FySxkA
4.2141705,8.735434,1,0.11184955821729708,UCEJhsPS9UHx9JdUwQxKfLKA
1.1850802,4.6726656,1,0.08935395483997022,UCELHfre64haTZ-jCRObe34g
1.2569166,5.2981186,1,0.07649212484815254,UCEMSMwFU1D6fZy_D_ZsRFzQ
8.178822,-0.09676257,1,0.11963030720009082,UCEMe3R1TfhEEFwXp85xY0dw
4.489137,3.8868375,-1,-0.08318561486758558,UCEMotgV3wtB_IFnkKDTjlRQ
5.453424,7.7565227,1,0.08402551731246166,UCEN2jAYaqBmS19SfETu1p1A
11.812448,-0.3364369,1,0.12890946063921577,UCEPm6Q9ero_ovH5QXLO9BXw
11.133202,4.830095,1,0.09354088546032674,UCEQyqOWdd2G-kpXYJDIfQsQ
2.6684027,2.4584072,-1,-0.013172115529935136,UCERe4RCslT6x4HOSHqEo17A
8.837583,3.5786111,-1,-0.009564099446100816,UCES3opk08Ftfnh_kSHUjlRw
9.334047,7.481256,1,0.0885939353931064,UCES5_uC9Qc7vyWL98eyiNXA
1.3748695,3.9295874,1,0.04182218630111817,UCETTl9LR8zjBYuku2co96GA
5.932078,-0.21882676,1,0.12086579524069513,UCETsko5d9pUveqzNJlB4f6Q
10.712801,1.7553197,1,0.11491462627116239,UCEUfF2h_v3YGNjK0TE2w2qg
8.977614,7.8004518,1,0.11126312044300918,UCEUqdGSY7POFitTZdYIEZqA
2.194414,2.8264463,1,0.02458237351890874,UCEV07swyCZst6xyPzZ2JPbA
1.9754318,5.8938603,1,0.0691839425631472,UCEV1jsSewDFV3a5oGXNT0_Q
3.5069506,0.10174484,1,0.021303775196730712,UCEWE9W3dUOqTHc2aLKgH4kg
5.8146486,-2.4629233,1,0.09985693578743221,UCEX-6ml9RE1zgU24hBd9UBQ
8.527095,-2.283563,1,0.11748243071114883,UCEX8tZ8V8Ci9x1lksQqfuDg
4.6098213,-1.3157569,1,0.11416352824844672,UCEXZEZr4ZWLASvf13NGxziA
10.686867,1.8490007,1,0.11290281011882225,UCEYGDSXVOS6zHTjDt2y1s3w
7.374232,4.699196,-1,-0.08558004550382314,UCEa7wFgMYANJgr27kC55Ndg
2.605578,6.5765395,1,0.08967926429197798,UCEbszsKVcWvWn1INOKxD0jQ
7.290381,2.9735098,1,0.046517245143318786,UCEdf86yOoB3soQnTyhoqiTA
6.184956,1.8812526,1,0.06649839244543476,UCEeDwXqK5Oq3yMTwQ1Nu9pw
10.341308,0.46679455,1,0.1117014927832446,UCEebZyssW_53VYxpvHsGn7w
8.498476,7.252318,1,0.08324647180865818,UCEewwawaBcGhprBKiayorSg
9.6993475,7.6692834,1,0.10910327246468121,UCEh-zTuCVe4N1vQl0ElRnJA
8.280088,0.36109006,1,0.12795987846050938,UCEhXNCbjL5yHp2naW7hG_EQ
7.9997206,2.6586633,1,0.034480727546200185,UCEioiIdnuSu2NDUyJl4QR6A
11.524963,6.1513057,1,0.08480195154769338,UCEiseDQyevwOmrnwJV4DSdQ
6.1637354,1.3192203,1,0.07576307217683376,UCEizkZ_X8YEih_vNsd_fWgA
5.040483,-1.8677788,1,0.10138781394089758,UCEjGMkr1FWE-tQaXTaUR90w
11.597303,3.7531097,1,0.08936718052976134,UCEjHHc_TR4O_SpgkDnIPm0Q
8.610501,2.0460563,1,0.09258792310613295,UCEjiXbG-2OngOcVM54HqXOQ
11.982873,1.885462,1,0.09197478307318635,UCElv92R2uprtwDloZbQMuwQ
5.8953204,-1.8262258,1,0.09475627054907115,UCEnKHc84sOOgIxES6SxDdrw
5.984394,0.6368019,1,0.09052193985975099,UCEnR7ce-9DoSlrO9g2qLatA
8.74784,5.4191256,1,0.05432835547973286,UCEoL_6YqJ5b00j4fR1NlcyQ
7.151472,-2.1063876,1,0.08215037045483653,UCEoZ12TIVYg0StnJ0A5GYOg
5.788853,-0.3205862,1,0.11264089424605056,UCEpaUS3avfjjvS05zOOe3IA
4.1611276,8.487896,1,0.10724426903723672,UCEqzrEN5pj_9w8DtHHxWwMA
11.011992,7.8486786,1,0.07892512424894449,UCErc-JqLN_uvgbKtxCYd3Sw
6.946301,1.4449941,1,0.09253309507869911,UCEt6Npnli1APQhR9kbCVEVA
8.12652,5.182317,1,0.02839361360980558,UCEtHoEr9rYiXXtd5enAZfFQ
7.5266833,4.924372,-1,-0.11726494143347599,UCEu5f96McuLVXG6U-bHB-mg
6.5662837,-1.0318065,1,0.06449104467333916,UCEuCg-v6WhAbIOBNYzf-uyA
5.9449,9.643232,1,0.1105084083215499,UCEuGSmqzdiCAGma5lz_vQEw
8.292091,7.5548515,1,0.0930442353643332,UCEwKwjMKaQ8ZuOGUe4ZWjkg
3.2094738,4.481934,-1,-0.062458796934819705,UCEwsUj_5EpxlihhZvUV95_g
10.521132,3.874895,1,0.10114359254877214,UCExOYald_VcfY96EG0bzOdg
7.408181,-1.5237198,1,0.1335686528714135,UCExREirOaigLUGcUTs5dWWw
12.240637,4.631984,1,0.03263832626386054,UCEziuXcdtMN5f5RVuBjw2bg
5.1888604,4.4074025,1,0.03984268382193601,UCF0wDDlP-4WhFt0G44yNQ0w
6.0810046,-1.8548471,1,0.09932384052709659,UCF26tNCLPlPjqJhvabQQDpw
9.476443,-0.65786946,1,0.10624266543819433,UCF2CaYLUCCY4j1wHZ3J6Fig
9.559773,1.8665712,1,0.0877008673267286,UCF2iH0FLm41bLZ7OhdQ1_3A
1.4688227,2.4544282,1,0.08095118192144007,UCF2pmb2kYiAHVqQ3y5Aie8Q
3.9166203,8.420848,1,0.09356411937147602,UCF4w3k0dTQPm--5CaPl9BYw
4.709,8.142106,1,0.08462713498411678,UCF5Ilg972RSdjxL6DG6oNCA
9.42049,8.408686,1,0.10092527429175835,UCF5PXhjp5GPCkBKKd1Vgk-g
12.262194,4.492126,1,0.053730185998171864,UCF5VLpS90p2MT-XX0o-CaSA
11.45611,1.3853968,1,0.11989771622293321,UCF7bO2cyH3L3PQvWdLYKstQ
6.4334846,4.889133,1,0.01758332116796879,UCF7my9js5jmUINg3BRbXC2A
10.871255,1.9559467,1,0.10632361980696575,UCFA7ZKk0ib5JOkqRfFpC77g
9.867675,2.2442312,1,0.06002096138972929,UCFBMN8ZQ00ra2CFDK3ItevA
12.573374,1.0383111,1,0.11600975720482432,UCFBZ4rvfaQh7LIMZn1ZHKBw
2.110888,2.4261866,1,0.06882838652486006,UCFD11PNrqA8XIxK2BdqiwYA
12.3489485,1.6088947,1,0.11287693420676742,UCFF1MiF5_f7X97saaCAEu7Q
1.8517578,0.590192,1,0.09056882281830769,UCFFCrzAripcuGcyxGggdFAQ
2.4484925,6.2918,1,0.04691752786488518,UCFFneaCEaEG6c8uTLzFj5JA
9.473799,3.2693033,1,0.026081731626822036,UCFG44AeT5appUuPl1LsLMFg
4.4487057,-0.15501627,1,0.0749388874007243,UCFKEeZLtP7TRatSqbK4P3uQ
6.716807,-0.61641085,1,0.06791083130641007,UCFLwCL8ygk7vXPbBKeF_CQA
9.018313,5.2368593,1,0.03368725441932363,UCFMw87q0hBblwJSKQ1rtO7g
12.153722,4.26049,1,0.0898003841007568,UCFNiyGDS2KAHPHVa6_s0K0Q
5.689781,9.765228,1,0.12094661459072586,UCFONKHUkz0Q0CptEK80yaSA
2.1470315,6.5635386,1,0.07969579413353295,UCFP1gufbMYkHeeUT0cQXthw
9.352145,5.903778,1,0.06603353312489213,UCFPJIveu_8kE0DiXQzdmRhA
8.035932,-1.3666532,1,0.14033247394276754,UCFQ1H1gbgaPYtlDVMugjOZw
10.422914,-1.5294633,1,0.11724431452960077,UCFQ3EdtuKzsl9H8fDj33Rkw
8.762834,1.2232164,1,0.09274209512785442,UCFQbaI6INxsm3t0It77KCMg
10.838637,5.3540263,1,0.09704209934920954,UCFRjzr55O442fJeohQkAGxQ
9.966106,0.661748,1,0.12024985055487858,UCFSZsQ9oRTX6nw1mCrH3ibA
8.133861,2.5501797,1,0.022742491626608907,UCFT_lnUyQJtTTzHr5GS7wXg
8.005853,8.6923065,1,0.07697620000370847,UCFTpOwzktuN0VJ3ehdLyrww
5.8213067,4.542418,-1,-0.003924881234589894,UCFVc4M9rrIoUe-MBpKlyK_A
7.9820724,5.4297423,1,0.01593366689403053,UCFWvl27zWOHHZO36ZhFjIMw
3.4102662,7.881128,1,0.07304072078375007,UCFYAxmKsQkdOnmv_ZjAt81A
9.450388,2.6032557,1,0.09388764699812896,UCFZjC7CPTyy7QqwtABoXAlw
10.281989,-1.5774928,1,0.09087476016403484,UCF_Z4iwGp7i5iLc7t37Kozw
10.285141,5.0925345,1,0.06276365830848046,UCF_kEO3NPmJqDSDPwS0VrTQ
10.546134,3.8876595,1,0.08839523462801036,UCFbsPCqC9H4HdnMMWip8w4A
12.60213,4.303019,1,0.04849325805626875,UCFfmkWQGP6cb6wrEtPjXupQ
5.6500664,5.260855,-1,-0.017832228654737103,UCFgRdy_SQEzRyFZSuJnCUtQ
10.284316,2.5016758,1,0.06949717400168409,UCFh4zJBOEcDzK9j2U0b19JA
2.1541731,6.067162,1,0.06293797428421916,UCFhLjJZaBj8lNr5kUFnbbMQ
5.7471504,3.4146895,-1,-0.02359488592748893,UCFi-HP0WG6piAsLc-uI2awg
10.64689,5.519642,1,0.031976808291293846,UCFifa1MM-ndOSeccOPc3bPA
11.015546,6.2253485,1,0.021480140706868767,UCFimYrpn31WMnbCXok5Hhvw
3.980665,7.6723676,1,0.024164641916169793,UCFjdwx59JjMLMCvmpDh9A7A
7.8144336,8.95665,1,0.11779253096040898,UCFjjXgsfsVZ42wrGoo0uubA
3.7698126,4.1952095,-1,-0.06141136229060462,UCFk3bmH_mFp7t1Cw2aqwwSw
4.5942187,4.872108,1,0.028554524394376224,UCFkKVRIUuMtYKGNqD0wvHcQ
1.119019,5.5130167,1,0.07620343351123876,UCFkOVGsH0mZXGGpDSufKzFQ
5.9534674,4.3986692,1,0.06752602347174752,UCFkbH4lzSYalbzO71vqxb_A
7.976593,0.89445406,1,0.06363896648218081,UCFoszg6el2SgTsfthCGCAlg
5.2936172,8.923846,1,0.1051197734303635,UCFpFS2aw2xYomSPX3ux6qIA
8.010473,-0.23256852,1,0.11481767893522832,UCFq5oXlqKKMJ5cDOII5VUOw
10.143714,8.551929,1,0.09917186716808973,UCFr4aPMID8LuUSYplHLmCmA
11.166518,-0.7506819,1,0.12494813099895818,UCFrcjRqrexBtb7vGbkg9b-g
11.797812,-0.15008801,1,0.11668130642522945,UCFrdd6aXpKGd-T3-2z6zgnw
7.1734557,7.803718,1,0.08306429888842015,UCFrjDWNckEdHldNr-kpt0VQ
1.3209025,3.8133624,1,0.0651354492751221,UCFro1ie1XI8kPDunhndSkSA
7.9339223,-1.165884,1,0.1166427451867994,UCFs_wD14ujDPl4VVjf_d5ag
9.952144,3.2477787,1,0.0891737548920899,UCFtGU5UOy1skFyDuS7QAyAw
9.900422,-0.086760454,1,0.11667098423500177,UCFtgY-icGYqV5k_x9FSfhjg
10.552769,7.6137266,1,0.11485125603051488,UCFutqmK7dOqgg9P6M_OhJnA
7.6354017,1.641065,1,0.015098757098090942,UCFx9iJ-XldmGe8OSu_oAufw
10.560444,-0.10496222,1,0.1216244035900162,UCFxmune2KzFb93XzUEGbIiQ
10.0008545,4.934831,1,0.030646001630083852,UCFxsxT71HsqcjPSYPKrvEmA
7.5323143,-2.5851722,1,0.1219751829910346,UCFyPxB6dVl9Vx6zHRvqBf9w
7.4529734,9.538601,1,0.07206068136775134,UCFyeEDMHqL1Io_YjORG8x0Q
6.651664,-2.9296668,1,0.08774985056635698,UCFzkk8FC6CW73LGPBFMNvvA
7.701799,2.141872,1,0.06215356745308692,UCG0702rjqlPx86GVg5qMqcw
11.968441,4.0682487,1,0.1048900290519697,UCG0ElPvd-Bdk_NONqJvEbiQ
6.3960037,3.4790142,-1,-0.08277342560472145,UCG3-ryhuVLBadlg4txxIrXQ
7.814443,-1.5516098,1,0.12358019461107589,UCG7Use9WgzsKghwDtK68B_A
8.510064,-0.7165124,1,0.11417412230353868,UCG9WEAVAum76VW_EMvpedDQ
9.67295,8.127054,1,0.04661667541816439,UCGAW5yKwtl8PlHO2l6sRzRA
5.0552874,5.046149,1,0.07266507410788653,UCGBY8Kx2WORoZlYuoBXQBQg
6.0906157,3.0825105,1,0.05181567756074357,UCGCiRUEhEmAnjFpblyxlvuA
8.098984,1.0105835,1,0.11602056717663878,UCGEiUm1x-K8Q6AAaz0yVWhQ
11.465911,1.8268368,1,0.10944132750530378,UCGF-PkGdH58RtCXD0YCABDQ
3.695367,4.859933,-1,-0.09846517260111898,UCGG0Nrc_uxFUIrIazV44Vww
6.712152,2.4345076,1,0.05908051492125638,UCGGefblb_5ZEObps4mbozWg
2.2538307,6.3680577,1,0.09356092841760694,UCGGum1Ol2mmMF-nZ3i095Gw
9.223397,2.0208857,1,0.03764474175128668,UCGIA8g4ugbpDzPBJjtxKXkg
11.541839,-0.763897,1,0.10583510423390191,UCGKSQz37YNkhsv-7iRErnvw
7.4297557,0.8330936,1,0.05233084192212356,UCGL2semgUuZPXcPw-GreQSQ
6.119519,4.4471784,1,0.0474877851162262,UCGL4_K2DAkuQqdXY5_qiZyg
10.752274,-0.77318764,1,0.09111889026720821,UCGM54ibslU4euGBaVG0T-Dg
7.429876,8.770556,1,0.10452743283483851,UCGNbT9of1Ice_oq4994SdLQ
2.9363418,0.28021622,1,0.05420458549938556,UCGNn3ao84U5kI5fGXgtJekg
7.5655546,8.702282,1,0.10007785851126938,UCGOo2UEcpkhHYLvP5n4LCLw
0.62292236,4.5707984,1,0.04975486498259957,UCGRE6ow-MvhfpZG9BNPuTsg
7.4629574,8.31796,1,0.11569081791777697,UCGScNGi7DFUYtxGDPspEBNQ
6.580127,-2.9173968,1,0.10605310629996301,UCGSgH8DyLEM3rzDlPVyxb0Q
7.1086,-1.3794631,1,0.11892153473926076,UCGSjkhylxdTJ0eb_J0psA1A
5.505111,9.951317,1,0.09043051281285197,UCGTs1gZfi0Wmyp8TfJr0HNA
7.612912,-2.357012,1,0.1220713001575372,UCGW4QXJknpv9kuZz2c-UE5g
9.849568,7.4401917,1,0.09719677323589432,UCGXjOcHSckAyeB7NvASQl2g
5.620519,3.0142906,1,0.020454209696120773,UCGY2u_qOjKAO17y3a9oQAKQ
8.926947,2.0701232,1,0.06236938437529871,UCGZj5i2i_vK0DKkjwyPfZZw
6.340214,1.2374277,1,0.027716251739934028,UCGb8thn_4H8mPBkD-bVAEIw
12.11466,2.1578157,1,0.11584643641947812,UCGbUqpbM7GzGw5i0Cf6RWMA
4.4452753,6.80276,1,0.06283323366246413,UCGdCr4Q4JfWc9xVmNQG2ERw
10.543475,1.564467,1,0.10454659809126571,UCGhWBdpDf1pN6PcjyCr8s6Q
9.6838045,-1.0398083,1,0.1092809108558741,UCGhjKYxXrxOc2Av35LkCsaA
4.8204913,10.252929,1,0.09724381587858616,UCGiB3Tj2S4HAc3xyZEKeHVw
11.051425,7.6999307,1,0.08188591958121932,UCGisurWQjw7mPLI1xBwAjcw
8.82488,-2.2920177,1,0.11735854537439883,UCGk8Saz-4lYn6EzY93TgF_w
7.889574,7.06991,1,0.09757410854748638,UCGkDkm75Fl-HWCvlcLOzr2w
4.9697475,9.578338,1,0.10679328845680047,UCGme1EUtgJm7vElf3fWkT1A
12.62004,6.3848095,1,0.03101401752232441,UCGnRWglqdjWgA0y6kags7zw
7.069447,1.996374,1,0.06753333526931932,UCGnkBITT6ipjqiJp0e47uRA
8.621757,4.704766,1,0.02969528606518801,UCGoYoocZUyxtcR_TCTxkH8A
6.745114,-2.0560582,1,0.060823612432410745,UCGoa1Gsm8DtYYRDhPu8cMOA
10.095171,-1.6719136,1,0.09624766092673398,UCGrMixoh4EWVisi2axrE9Zw
1.2439473,1.517113,1,0.04460117191045482,UCGrV362sUxYyOjp7XE2RQpA
4.139686,3.7658594,-1,-0.054942136950667964,UCGrdbvMduAXuikgeWOf5NMg
11.816866,2.7171345,1,0.09004136165657634,UCGrfoN1kUdpin1wIFDtsneQ
9.051577,8.853296,1,0.10779467889610828,UCGsOXxLWJO3mVq6hnXEvn2w
5.2414317,7.8240714,1,0.06342457559518161,UCGsPlcv1_GPR15ThOnAA57A
7.3897133,6.0421786,-1,-0.06031442268003129,UCGtyWwYj4UJMloE3pprjPVQ
8.645068,0.038976066,1,0.1277141855564689,UCGzlIbXcr_WFZs6Ou_sm-yg
12.548701,1.9034641,1,0.1032408633358427,UCH-ItWqf9ZMlPxjjDSl4U4A
10.41417,4.2457294,1,0.0968286452252245,UCH16yczDotyaxgZ9NpF7qSA
5.2019625,8.068225,1,0.09655042520146706,UCH26vrbT4dg-cFblacg5vAQ
7.36768,-1.3631623,1,0.1289919761133802,UCH2CAE9cxoUJwH8XmC1Gk7A
8.441319,8.604326,1,0.05627305715971037,UCH2Hnz75mVKqI7L1JN8ZIGg
6.0555263,-0.8429865,1,0.07382440235813542,UCH5isavuGQ00bDzZNqLSxaw
9.540529,-0.6969509,1,0.12383445826850537,UCH5sJtjqJ14Ho2uW0-LvcAA
7.0506115,9.602221,1,0.11100235184125357,UCH7AIR1vA-yS2PwC9rhXqZg
10.754192,-1.0406016,1,0.11898928755652427,UCH7p5El406DKOjwGjclbHeA
11.984712,4.616776,1,0.061336086576482485,UCH7wQWfnK816kkIxPpxDD5w
6.141187,9.177842,1,0.07463431638139356,UCH8UBPASi-RoOApMgd3afGw
11.549817,0.9957829,1,0.12626073476208471,UCH9UBdaSn3rwVy2ou5tWFNw
6.0373507,-1.4397467,1,0.11382750784275603,UCHApgi6_6kR3auqTvdW8mLw
4.2086086,4.0007467,-1,-0.05919695628176991,UCHBRgZYreunE0XjPJAYWo8g
12.177771,5.979624,1,0.047250757952103595,UCHCCPoV2RJLtcCXNU1isDHw
4.0668483,-1.1700915,1,0.056977301221722676,UCHCPP0VIYSpuTAx38wI9zaQ
3.039523,2.5703194,1,0.0200734161898678,UCHDdQOm521KCiu7E_El3avA
6.3098946,8.527237,1,0.09613368829740482,UCHEFvfUj69tsfJyHgEVe1Hg
4.768116,-0.7102638,1,0.08883167891310045,UCHFv_2y4gXBOFpUbxEHnP_w
8.079527,8.03809,1,0.09800907215342686,UCHI-VdlvnkvE53TYDY8n3dQ
7.9794636,-0.70171374,1,0.10229656061885639,UCHJ3GWaBeVdEkutJa2Ltq7g
7.055218,8.103134,1,0.07738186538055014,UCHKB0mWZogpwQdm_0VHXF1A
8.32173,9.0631895,1,0.11447325129759528,UCHKiVdxnfHpcUkArc-_SL0Q
11.586809,1.8923688,1,0.08281402323759862,UCHKirits1xhUghdH2wYJEBw
4.6941986,5.225837,1,0.06061536931433209,UCHKnZjdTkiZ31L7t9Poy8sQ
7.0445457,8.963548,1,0.12399148183516978,UCHL2QC1zY2DIqs0EjyEM6vg
12.536073,2.992857,1,0.10994893622781532,UCHMnj7e-Tci2LFVcKRoKa9w
11.454441,5.964159,1,0.05789539564785251,UCHNV3KE2FfnD8p2I4P4dC4Q
1.4902892,1.1317419,1,0.0827473520097034,UCHRRhVXewlF8SEKVaCdOzsQ
8.551893,-0.9712532,1,0.11456674413440904,UCHSyxtC5VWeckH6vqE9W7sw
10.290011,7.7813144,1,0.07315871627737625,UCHUmT467VSQmbnoCKfck1XQ
5.131898,4.635967,1,0.012786930035293131,UCHW4-rA2uYHrej1e-tVRhIA
3.2171452,3.2483833,-1,-0.029204118579589267,UCHW_eWsY55vv-dTBb2j-GTw
10.558352,1.4134343,1,0.10406237393127299,UCHXLcvHC5iPkszbnh41m50g
3.7775383,3.8935428,-1,-0.11110614404128816,UCHZ3SwjNlrRfzb1iX6jeSsw
10.74658,8.124878,1,0.10210060898472795,UCHZq3MuhuWADyGTFLSjuGIA
11.615056,1.6352203,1,0.10514202668166989,UCHZt8nTMrHnHh3_-OzJlLHg
12.680737,3.6725705,1,0.05218564164212536,UCH_DE6VIdrF1UA2-WXE3vNw
1.3647145,3.613596,1,0.03879018796298783,UCHbITMHZoRw0eZQlZE0Ea8w
3.3310785,6.255564,1,0.0015840851209602547,UCHdAu6riUiqViLO3736o_8g
12.247505,6.1068225,1,0.06280015522999965,UCHe6Mzr1N7kJGCucYUKzUqw
4.8088975,8.426502,1,0.1089670453460102,UCHeXaExM_ERKw93cr_ZzyxA
5.019927,4.275643,1,0.025956675717388356,UCHgRlC6TL2vc8XXhOeMycnA
10.263645,-1.0664375,1,0.11171917131121323,UCHgcKFlOTD1P0HjJdTLhPRQ
3.789046,3.5764043,-1,-0.06896353704888325,UCHgp8gG_UIfF-qHiqb5QteQ
5.872782,4.18163,-1,-0.09853420870279761,UCHh72EAMz4KbJKgmQMuL46A
10.866822,4.75668,1,0.1057296843458671,UCHjVts7pc7o73oRmF9HvroQ
7.2919483,9.220807,1,0.11829067592900261,UCHj_wHp37pkg-mEgPGOHLIQ
10.334143,5.280404,1,0.07714346838147074,UCHjkSlyEFmx9TZo4GWdNbGg
7.8116617,6.562222,1,0.06110583318858731,UCHmQXFu6cbUh9wI9BLmW43g
9.506587,7.445398,1,0.11617084969950758,UCHml6xRdPPpjTklBZB-6IMA
5.47321,4.1855354,-1,-0.004973411812446815,UCHn8Ha9haHJbVLQiVYxF7Ig
12.551078,6.391512,1,0.04288287987030842,UCHounbmpBVBFlkNZ_9n7JjA
12.127273,2.0468416,1,0.11401647400716497,UCHq6TBb0dPN2kdo186YMiCg
9.946426,7.848293,1,0.08881565289860083,UCHqtlVLOvvdY_0Cfv4S4LFA
9.92629,6.9771895,1,0.08299585714881103,UCHrdGvuRuJErIQTFIikwpLg
5.754935,4.8423095,1,0.029182143246964443,UCHtdSSRRFnfCX5oI4FN6gOw
8.855239,6.376808,1,0.0568564810529133,UCHu6ZVZNIHMeadyhsyJwbjA
10.345064,1.354222,1,0.10254080382062097,UCHuDttKPWFeWe5B3VZv76LQ
11.211948,6.663982,1,0.0787113202668418,UCHuG9TECjndKDdr4m98XwrQ
8.239878,0.97481126,1,0.10133893082943929,UCHudXXrGZWkCZqFRsD2fU3Q
7.5682144,-1.0584899,1,0.12190966619940918,UCHvNDk9ZoxxsyP2NIsYRVTQ
4.0267735,3.8400695,-1,-0.035758510575551905,UCHwN3xtmg7ai4LFERmfAXqA
8.15319,6.6867228,1,0.06064957389132991,UCHwQM9LCCcvYAqTSFQL09hQ
8.428423,-0.072303444,1,0.13243622831466323,UCI0TzL6rSa4XgtfpwE-GiNw
12.085181,1.6518705,1,0.1261188855156007,UCI0VZYWpcMV1gI4r2z_QkBQ
12.208213,5.5656185,1,0.013419683035360397,UCI59icGA3Yr9IhuugvF9g5A
7.4676175,6.7166367,1,0.019243018716528615,UCI8R66KwQO4Pl1VMDhchQOQ
4.3047132,8.927899,1,0.07916747656957834,UCI9gH9OakYiZ7qeOusxNnZw
8.17158,-1.0049443,1,0.13512893361506145,UCIB-7-yqD_HbBnXM2kJEnGQ
10.34444,5.96266,1,0.09211966869133975,UCIChgrdXrnOi6ATjyuUg5Og
5.014828,4.092563,-1,-0.0320895558375589,UCICugCI-jYbsJ1qpBJdI6Kg
11.103906,-0.6197406,1,0.11776089494796238,UCIFB9HYsSdUoGdfKp2wI95g
9.999044,1.5530766,1,0.10192858985330427,UCIFYyW40aODb7pNSjI0PXYQ
10.717739,8.020979,1,0.0907507908873394,UCIFqWs7BMEt0yh8_L7ugI3g
10.270027,0.4375525,1,0.1255862843118597,UCIGS88I04MYi9HTklEovIKg
10.0607395,1.3377197,1,0.09186754267130698,UCIHM2_JlqJVosSlHu_EgbLQ
11.181314,0.77359706,1,0.1113744192775889,UCIIuNcopOb3_obFMXWM6I0w
10.178127,7.744216,1,0.11662575624789195,UCIJxypAnMMl1cLjSE9v-Weg
2.441136,0.15019035,1,0.09057709124155688,UCINWBKC6Z8IVDab_qaUOZBw
3.782324,7.1565466,1,0.0628776939476891,UCIRZ6M6cxlLOUoVhg_UVdlQ
4.117996,4.393552,-1,-0.018990389042658373,UCIWO2ze7Layxv_-j3oZTWSg
8.000363,0.36377564,1,0.09697169048422521,UCIWUGDTfoT54Q0NHIkNae-w
4.976769,9.032904,1,0.04476602497596599,UCIY50ZRS92XsX-8OwPvao4w
11.134748,7.519643,1,0.09354933240032132,UCIYWz9veQch9ZhonEbc5Hsg
7.680846,-0.2615104,1,0.07456774162947805,UCIYis9dawTENxxF11hmQTcA
5.6489253,9.500319,1,0.10885928359577118,UCIZLiaoFRm5_E43LmSaiQEQ
9.065269,3.1631117,1,0.027884041773401924,UCIZjTh0NJer4J35KQNpqRFA
7.131431,-2.2630477,1,0.08896490020832415,UCI_oezs0oX0NUhx6ic88pfw
5.8655753,-2.392146,1,0.03982164005812672,UCIcx84vN5-Ea2rSAZT0CIOw
2.6878831,2.1672995,1,0.03545095253848091,UCIcygDdlHbyifvGSCCwR73w
5.497027,5.6965113,1,0.0629522188096554,UCId8qcsQlSQW-xBkFi4wwFg
11.899548,6.782597,1,0.046334618207031386,UCIe7t1hfh_ZtcaTDD3_qwyg
6.2148204,9.743144,1,0.12141897780641703,UCIfnYcZpWfA29lReIKrDsFw
12.104729,7.2705946,1,0.034568718977125545,UCIh6nJbibP71pdRvNV6AfCg
6.7107134,-1.4467778,1,0.06687887516869873,UCIhntUb5sVPhbTY0KkvbWfw
1.8991538,1.957913,1,0.05994837395683572,UCIiSNSUseFm7SN99n7zw_9w
10.772393,6.211959,-1,-0.043041503089605526,UCIjz6hUaP8qHamCESVTXuJQ
3.8387144,4.892817,-1,-0.03414193417216682,UCIkBmLnAvv2fApQ1WSuclDQ
5.387859,5.1483855,-1,-0.04256086501408063,UCIlWLFsf3XF-ZzNLtWAQUEg
0.88936776,4.1662188,1,0.06848175726662642,UCImBsxvOXfK2QwTwBkhvHjA
11.958338,2.2550185,1,0.10504460024717532,UCIo3_dlfHgNvTGx2MEfOPFA
1.2109721,1.3796927,1,0.067191497061443,UCIp8kFqQRf_1J9zlGCfD6ag
6.0969567,-1.3690728,1,0.11831043865493701,UCIrBoaQsbP6I-BklX-hBoXw
10.874933,-0.027301224,1,0.08158609299978198,UCIsz8huZX0674iyT5Qrq0RQ
3.5583866,6.932139,1,0.00833542616548233,UCIuW9GPH7Xf7MnjyRdCyiRg
5.584652,2.939669,-1,-0.014101369020831367,UCIut4kCQ2XHoqQNlZeyxltA
10.626673,8.053218,1,0.11350540244325358,UCIv96egh9ZEqq0LGZCfTs9Q
8.762548,6.382347,-1,-0.0018327221457016263,UCIzEDge8YALYLYR-cdbvmTg
11.007506,0.32335606,1,0.10430921636070317,UCJ-PRvq0JvqP5lTSPghNlvg
2.6303868,4.3591747,-1,-0.14190041524275943,UCJ-fC7bPLw5uCm2z6mRVzCw
4.7748857,4.9762707,1,0.01740554677994044,UCJ0jTXCPEbm2FtHqWj_09wg
3.3220901,6.5995107,1,0.024016691078795616,UCJ10H7JDjKikK7LG1ItesPA
1.8978179,6.279696,1,0.09071754516899888,UCJ1CyNmjy1SGIFeORxlyPAg
5.6583633,2.8300476,1,0.0012195072418989539,UCJ1f4W-pr94N6mMaTdVMOUw
7.5809526,-2.3760314,1,0.13107321361244717,UCJ1w_7wVsY95U__eo0xdpbg
10.700996,5.480015,1,0.05298606441800735,UCJ22QVKUqxACcXxeDY11P5g
7.5448146,-0.14777116,1,0.07207367368954554,UCJ4S0vDCeOUQQbEBSuTr_Vw
8.08777,6.9638267,1,0.09265987728605574,UCJ5RYEq9Vj0T-VfihkqY6rw
5.029247,3.7326975,1,0.03304196392217107,UCJ7IhXj8cs02NFkdDYDOYzw
5.2401776,9.901822,1,0.11724107765920316,UCJ8efZFZ8NgCHhUAigzqI5w
9.623175,0.40975294,1,0.11454927745074667,UCJ9igqsG4YRsPVP6ypfA--g
7.4536924,1.9641777,1,0.0861277175424634,UCJA0xWV0LuNTFwKdeX_c1pg
9.922715,1.7890326,1,0.1036956740270491,UCJAvjBImqTOxcKhRa4dfXBA
10.655351,-0.3922561,1,0.09678411399534481,UCJB36JSkIPDSaZdTMuEquqQ
1.5494369,2.5836337,1,0.020583676962660558,UCJBkt9-oZdjebUNjUBcqt8A
12.281809,7.1622305,1,0.06397352788500849,UCJCLl_yLTgIHySnhujMBxbQ
5.5644093,2.2541234,-1,-0.0006662898304939935,UCJFhyccskiDJ5AJ5sKNHDiw
11.395285,1.2952546,1,0.11306618363711951,UCJHEjhVZD_8xbKaYvsLkMGg
6.6692524,0.8621939,1,0.09697407838218197,UCJJlnST3Sdk0Wi319dCPX-A
12.150221,1.9505837,1,0.10793642020268424,UCJKZfNmEW0MWpyw0VRVkz1A
11.326965,6.252624,-1,-0.027562543435058262,UCJMgVeEoQkWL_ppHrSN5QQQ
11.936999,0.9231882,1,0.058503811772605,UCJNU85vNbc0XVLVUFh_n8xA
1.6130695,5.8986354,1,0.09907193284710097,UCJNkqBt4Cly0S1ugI5xg_-w
8.688707,-2.371031,1,0.11932512131932355,UCJO5OTLmo7wOAm9kAdZK_Dw
10.562121,0.18774188,1,0.10795349470178628,UCJOMnbsM59uzLl7cUtQl2WA
9.967531,0.10695208,1,0.12280070607519183,UCJPQGeUxT9LaCYa5r7HMuWA
2.5844855,6.9071255,1,0.0958376891433797,UCJQr0Ol9FKFUvy9Y8ygJeGA
6.249132,2.734613,-1,-0.0026492266349346094,UCJQw9j7CYrxv4rjVazw-KFg
10.994696,-0.57462525,1,0.10952560276918849,UCJR3ooZUg4yyhK9TkbuK0-w
4.2456164,5.307905,1,0.020725691216498587,UCJS4DGBn25_RSHFUNDo1agA
7.832674,8.390382,1,0.10383881844619464,UCJTojC31Q7K7zBE37-ZSxjw
4.5170197,4.0875773,1,0.023015813808096197,UCJULrzO4zV57_AVJRbDnznA
2.6527975,6.7693534,1,0.10294793444614425,UCJUpTjrz2fKlscksJWWle4w
4.3360915,5.6004486,1,0.046545241526641634,UCJWF7zV80aFlZwc9Xz8_V6A
12.832065,1.8178325,1,0.11450086994791381,UCJX0Z73fXAvEfyZ7BLRTbVQ
0.81426954,4.131565,1,0.0682034053609985,UCJXaNoaAAekMOjiTA52DocA
6.4841886,9.341042,1,0.10114214362542895,UCJYFMvBeWFACoaJ42LSXMXA
9.603183,-0.6187804,1,0.10804971536893387,UCJYQ9HhkLAqIicJ9DrmsdLQ
4.707252,4.885681,-1,-0.008614910929621744,UCJZC8Ne57-pQv0wY3la_zxQ
10.668406,8.293009,1,0.10105424952638409,UCJZmMp35VWVxoxVwKhbp7PA
6.1407413,5.4134693,1,0.02410540476795686,UCJaMo-yoEyrfsojR3--qRLg
8.422497,6.1547146,1,0.07462398723034713,UCJbzOc5EU4CP3eTp7xwc_CQ
3.515864,6.9138823,1,0.06297003284754299,UCJd1jEOP47wUCypDh3zVFjQ
10.504927,1.1784976,1,0.0925923638910075,UCJdTxETmZZxm1evck_IA6uw
1.6787555,2.4140165,1,0.06609261382132547,UCJeO8r3kD3jEHecuOAcQ_ag
6.25401,-0.8798663,1,0.07164356412582168,UCJeX9EdxerDA_UwTXh_NpZA
5.319692,8.153371,1,0.10163665790140214,UCJelg0VQxWMY2RQz54c5weg
10.401951,2.2564914,1,0.09510473904956485,UCJfJAewcxF60YrGvDtpJTpg
5.67969,-1.479816,1,0.10635529663330046,UCJhN9x3_1hDvxASC1Z41ETA
6.603377,-2.9651852,1,0.10398465846705857,UCJi_YSz_syE4_-zEEHpuFzQ
8.989219,3.4555643,1,0.042988856306761636,UCJicAXh0_sdGP5zOmkNWEQw
3.4846666,-0.17700282,1,0.09407849787456513,UCJjr7Fvt9itt4LMeU7EYTpw
6.0138445,9.994146,1,0.1056331489048864,UCJkCKwWQTe1gmTrss409nZg
7.7566295,-0.42113382,1,0.06460300587361395,UCJkVKu8RezbgbOZ6O_yjBrg
6.0944963,4.2333183,1,0.02646142798325124,UCJkq1E0mhfWHEW8b5_OQ0Og
7.7534614,2.681189,1,0.03587010810584834,UCJlZJIc14IZ7jKkKTuicCiA
6.8973584,9.072009,1,0.11285255959025159,UCJl_BAwNPpp7c7knvzz9xqA
4.861239,2.7449937,-1,-0.02345551133337498,UCJmuTfLf2YxbTLVaKdVQeGw
10.9594965,-0.7507595,1,0.13521286696491935,UCJnEET48xtf1DFr3ULx605w
2.1889632,2.8425944,-1,-0.008716083307768407,UCJp5UaAYXanpEWtSzQOEbXQ
0.96787393,4.026276,1,0.0812219889980208,UCJrO9dyQQnKjRNOxAKho5ZQ
7.4587703,4.823583,-1,-0.08063472019042095,UCJrd0Li-F3K3VgT-YL1t5RQ
10.753258,-0.25241813,1,0.07764306281084704,UCJs1iZV0tf7Yuj6NjJNnvzA
11.311758,6.079437,1,0.08041470859721972,UCJt38Oo-PA6VEu0w3wkSaTA
11.059098,6.8983936,1,0.054705812153131916,UCJtmGL916BF9-EousyS3BHQ
9.514762,7.970994,1,0.11201099424672512,UCJvK-fWapn0Wxcn-9WLybJw
1.4054517,1.8812689,1,0.029855599588727355,UCJwSwlV2b-wNMiy4Kyq45fA
10.616175,-0.2739352,1,0.07621268694585132,UCJxaNTe5NEF1ewIv1qCbIKQ
9.100765,-0.6295803,1,0.09791648329711261,UCJy6XBK4s2e9qY3wBclOeMg
12.8225975,3.1858163,1,0.09727135349069682,UCJydCjxYk8EXl5DGwxsArsg
5.6564803,10.2055025,1,0.07319119171649913,UCJz3aHk2yzhYnn79l_vMaHw
4.5926843,-0.13967709,1,0.08797366466127632,UCJzcjyFJfsc5yIGPFdCFOHQ
10.016457,-0.985934,1,0.10849908201181635,UCK-MpPSnKHIbevDsJizLN4A
5.4255004,-1.2377924,1,0.12391220397574387,UCK036Q0eohGBZC_N5DHYkSA
12.28772,1.6987042,1,0.10502700977652796,UCK0y3iTYCC0niTi0QS3p_rw
7.2646694,7.9165187,1,0.0859792809593814,UCK2rn6pdf5jMmgPFaX_vU1g
8.088372,-1.9142232,1,0.12002389147199716,UCK42_mpjxeX6oX0GzQ1N6LQ
7.8732047,-1.7812806,1,0.11610760860657432,UCK8D-7ipayTAflMD09NlI-Q
1.5567858,2.2442427,1,0.047368232309156544,UCK8Fy84XupSnTEPsQbYRodg
11.300105,5.93372,1,0.0891666321205753,UCK8Ie3Wzo_v79xCBgYMaWrQ
9.4727,-0.44047397,1,0.11515594104597765,UCKAR1Xzu55ZGZe6pZVg-Cyg
5.551647,4.3635244,1,0.06720182674032688,UCKBYRwVjh6bn9dJyMoeDr6A
1.9945046,0.6020944,1,0.07526376295846926,UCKBeO4KkYnTEnYJPFGQZitQ
8.767768,1.723495,1,0.08678837100470654,UCKCG91b9Yez3AEaVqwcFfBg
5.0222282,8.931105,1,0.10173410710313424,UCKCncIyOS831QUoacCrJLPA
9.542083,2.8754275,1,0.05894694942912687,UCKE1pFEf1puwkU76z2Z02Og
11.472626,1.4922925,1,0.0989143088538022,UCKE98tJiYD3_Kkbd8cf7Kbg
7.146128,-1.1067104,1,0.09338312120442172,UCKED68JWmO_n20tke_BRJQA
5.8857675,8.064661,1,0.0759329711751231,UCKEdInYW3ajoEzolFDeXesA
12.364957,0.8568108,1,0.10657439152769926,UCKEy2jZPzhyM2_mB1xxxgCA
8.728333,0.33276784,1,0.1269952017617223,UCKF5zVkzv9lG1m5BtqYzmzA
11.7126,1.723845,1,0.06252239035458235,UCKF95oyzOefzQpWOX3C4Pew
8.945289,-2.0434368,1,0.12294080558149151,UCKG2TD8hFxHBZLFj8_upznw
10.539351,3.0323513,1,0.006051039975015271,UCKG6PCKy5kVATpmSB50VJZw
3.3495936,0.57128656,1,0.07526414456413516,UCKGU7SRNk6wa13UBT8xMP_A
11.352843,2.6214406,1,0.08669186927002653,UCKH3o0lnmgLJ5erzPFcHkDw
8.302936,-0.61333656,1,0.10698037879229427,UCKHN3NcDui5tws5VhlTh3fA
12.204873,1.847504,1,0.10800057959978832,UCKIJEO7ZQldZMzjYACzSzXA
11.854485,4.354417,1,0.07753844063881765,UCKJSXnMQv8znickZQpiQyyg
4.5705137,9.045428,1,0.09322850998032522,UCKNK94GclrIH3FYZLBI2cRQ
11.424016,1.3817089,1,0.12627097079160005,UCKNXK-jSe7Uws637VrSnDAA
12.882586,3.49308,1,0.07767102052473657,UCKQ5aXoMGnL_nNMKn4UhspA
5.003812,2.7615185,-1,-0.016781280537506382,UCKQoepgoXPPXCm4EXBZ0RHw
7.593167,5.004256,-1,-0.14362378249159535,UCKWILPzNeVFhnlHyCfiCzwA
3.1202226,3.8299124,-1,-0.11163526408415048,UCKYzQfwdX_aYo50RUKlwZUA
10.402557,4.0634265,1,0.0805791030633502,UCK_Bf5cbN8i86JM46h-zOLQ
2.246213,0.47755432,1,0.07872972992773841,UCKaPp5CQo4Id55X4OIlk65Q
11.371366,3.3403347,1,0.10569716139092822,UCKcUfoeKp75eh9dJKy8KNwQ
8.860742,8.563354,1,0.11715299962102305,UCKdCoO2xMJpzInq54XcRrSA
7.8699226,9.362036,1,0.10152848198572745,UCKga2g4ArDsV3QRzgTVHkTw
7.5751247,7.4373693,1,0.08292754985964818,UCKhkVHPnUxB4VDK23fqafzg
7.517328,7.633642,1,0.09695316767547246,UCKj4L52BQ2eLJ45IHSH-uyw
2.3299596,6.32055,1,0.07108340737387248,UCKjHuspfgaAH7EOnEwH0a1g
11.105163,1.2144881,1,0.10365354098005353,UCKk7L-IIr_H-TS0C2FPk-2g
5.2596545,4.5746026,-1,-0.003930028231124205,UCKkC7aNFOEL4Fzkojh8_zGg
5.7696557,-1.9268703,1,0.0863622021010656,UCKl2ZSGMKMnIN5QiPAmb9Vg
6.684606,-2.3156824,1,0.10722017629971164,UCKlRPQI_KGGmefo_Esw-9RQ
7.231996,6.4023743,1,0.00361859783113605,UCKltxhASFYKqfH-B0xSzXRQ
10.199669,7.446929,1,0.10355729875067937,UCKmKXCwuHwi6TYJRrDYovag
5.7781835,-1.3353604,1,0.09662354807000095,UCKmoUByX84VlPofWHGJwPbQ
6.091975,2.018814,1,0.019161321832838918,UCKnU-wOy9EeFU0_VJeYQ6jg
6.655174,9.934042,1,0.0686979805115362,UCKnUFvifVMD_Cm9EbP-N8lQ
6.4242864,9.612902,1,0.10458833291454134,UCKnsn7hPNmhCqziJfZTYa7w
12.797185,3.9270191,1,0.03916196014185813,UCKoNd1bK_QcDaQ9VsOZVauQ
6.634031,0.020517822,1,0.10631578096789257,UCKoOXrdJ8G444u7VYhQ6olQ
8.805089,-1.5839001,1,0.12710240411305584,UCKpcGZGw11y6sMkqLACXL-A
8.434528,-1.4334997,1,0.10278846383958562,UCKqErh0-wWVJQ9K-5j4LKsg
9.174807,-0.36719033,1,0.12611791362451708,UCKqnolV4Merceiwp1vIfiDQ
9.031761,6.8901505,1,0.06911616996238157,UCKrGHsSd7KAvY0XzfXYgntg
5.2873783,0.13346595,1,0.10951995091000694,UCKruRnsA98g_W9nrwZy41Xw
11.622374,3.9724708,1,0.054542066886573926,UCKsYLVrkoi5XM_ldCuM3nUw
7.919171,-0.90050215,1,0.10648945420007949,UCKumhTl9x-hlvku3EZlCKug
7.4546595,-1.0872616,1,0.1157358208217269,UCKv1S7WgHRFzDxr17RtTCKw
6.346261,1.9980892,1,0.05918984423025103,UCKvz4reZG7X0cKkQa6t_PZw
8.401198,8.577215,1,0.08169977047041888,UCKwJJysQwopS4dmdi3zTClw
10.185947,8.23411,1,0.08826238233805273,UCKwbC24BFP-f6NLsC3Cv5_w
4.981042,5.3942323,1,0.011574303045599754,UCKxQlxka5eaVOR-Xna0e9vg
10.750764,1.5774564,1,0.006626225617334003,UCKxlnGDhVxkjqAQDDn-oaWw
6.9385996,-2.8417475,1,0.11118394115976099,UCKxyGnx_ZjvTKbTuB5jVKvg
9.138397,7.865723,1,0.11264870839273167,UCKyrQ7sZrzynReVrxLJQXDg
9.997228,3.1252112,1,0.08783687451122024,UCKzIVR2hZppwMHFOOjTjMUg
1.903809,0.9517009,1,0.07570083416980355,UCKzMS7xpAWba62Mbso53t3A
7.134487,8.748514,1,0.08692938461325445,UCL1ER-jYd0izRIlPYuQFbMw
8.626995,1.7704259,1,0.06202980373492317,UCL1WcxlDxvedLFkJA2H8fWQ
5.678098,2.1188958,1,0.02273026510971715,UCL1sLmduA18r2QqGnWYps2g
8.84948,3.1605773,1,0.02170904093800763,UCL2krQC--M9cQ15_ckj6uEw
11.097536,4.803202,1,0.08749099650269226,UCL5Ap6B_5sZWDeo-JbOaC-g
4.752961,-1.4271144,1,0.11251077922589348,UCL6935wR_nH2qU1HhhBMevA
8.52816,3.170177,-1,-4.666499060945739e-05,UCL6faS2AxWRHyhe9PST-BGA
10.577295,4.5640364,1,0.04377751907049521,UCL9DzZ00vJegnZue-sTdLYQ
11.492124,-0.74444366,1,0.09122960197732644,UCLAbDYTF06nFXXtUKvhhh_A
6.476921,-2.6120522,1,0.06965322149861986,UCLAdj5BwJOuPbRSAymyZ0gw
12.151882,3.9521315,1,0.11166064359357486,UCLAydouMu612cGgFtZSFB2g
7.985721,8.508842,1,0.11593612937939524,UCLAzDSXXhkaffpsZgskYBSg
8.714569,0.6773759,1,0.11351331897594996,UCLC2l-SBIcOUEr7fnapodEg
5.1799755,9.403894,1,0.11642250048808067,UCLCKgdY-CupG8q06lnv_uLw
8.150816,2.8866377,1,0.07122880775657314,UCLDC3YLAhzljtL3tElB_3lg
5.235309,-1.4356108,1,0.11207561014982864,UCLDKpaAlA0Ap6V4hQP_-8IQ
9.10682,-0.7139297,1,0.1221746098452155,UCLEcCbIAoe-08hV4RRHvWLw
7.3568087,7.6677656,-1,-0.024390298536206,UCLEkptekQRH0pLYhQg1TQrQ
8.103943,7.522128,1,0.0873660299616894,UCLEna8M8WAfgWliReqL-sug
11.908472,-0.10003069,1,0.10362736218028162,UCLFHCsLpHqjpm4ZHkTnXZBA
7.3904524,2.8378599,1,0.04681455303743576,UCLGPv4eWxcoGspJMW-R8fGw
11.127416,0.9293543,1,0.13099950910715624,UCLGi8FtHW9VDu23UgFSZsdw
7.515357,7.8136487,1,0.1022297339080106,UCLHH7O65atyGeiiAvdeuYgA
4.917809,-1.8184553,1,0.07429258750367612,UCLHODIo7vxDr1nws64huSTA
9.219038,6.237109,1,0.10129557583023513,UCLKO63b6ffdn5q84ftPRb7w
7.254057,0.9885259,1,0.022412759374649482,UCLMIFbJIUEn4oaMy5Mvy8TQ
6.8538494,0.47529814,1,0.11092217314722369,UCLOAAt2Dn6tuY77ckWiKpxA
9.534618,-1.1269203,1,0.11180859044371799,UCLPrt2I7dVmli5WeJAEu9pw
11.681976,1.8640907,1,0.11293221138462017,UCLRGB5QAOLLZGF5wM3mrd3g
7.20696,0.0900822,1,0.012992042164160944,UCLUt8H_RWr6L2qArTCPIAdg
12.782485,1.2577055,1,0.10491146810183616,UCLVGqFdlqiUZopgnp6DTWkQ
1.0624388,4.9487734,1,0.08490631014066657,UCLX-iBfkiBa1MtFJkBvxjLg
11.94245,5.9926543,1,0.07920655432449397,UCLXIh_LSDBDz5mZ-5EI9fSA
6.7114854,9.903582,1,0.11875572386612021,UCLXg9208qefNkM1ptY9MEpA
4.165601,3.6844623,-1,-0.04484756093287401,UCL_KO4NMP4tjspOMgQIHRxA
4.544389,-0.829883,1,0.11547390262086688,UCL_Pw62I9qIhDhm1eno_whg
6.024046,-0.15875198,1,0.11499949022783362,UCL_TrpYcl3Lbj209zxlFg1A
5.4490137,4.4070263,1,0.06814703205901895,UCLbajGW4KYIKCUF89LaZOPA
8.874551,-0.08924866,1,0.09996022229253754,UCLcHUhR-yjQgh1hOGq2xAmA
12.332131,3.6435568,1,0.08966415327414257,UCLcaNshR03MPgXpaKZPQtHw
10.94559,-0.81454736,1,0.1254617485161439,UCLgDK_z0EeoTdLXEC4_ARaw
1.7909962,5.961333,1,0.08946772699779043,UCLgn78loM1JEeQeA3t1Ok7Q
11.473094,7.9260406,1,0.05706047483273052,UCLhPVbIGHSInWL156c1a_Qg
1.8027511,2.5673926,-1,-0.032192574943206376,UCLjBBYf8XEYYzUKeB7PfX4Q
10.186014,2.2344964,1,0.09366220859907848,UCLjFChohT8YDwy92945ntFg
5.7279124,-1.0160147,1,0.11982095164467294,UCLkLNBPS7TMMYAiNAat8pFQ
4.950176,10.182336,1,0.08181834879519045,UCLkWMXPCsuhxaZzTL1RxeFA
6.3882084,0.56961894,1,0.09677464877452735,UCLlumAMcmoP3o3OXc7pVSqg
11.101966,-0.5147028,1,0.11446898852278725,UCLm6qNhePyDd8xMR77NW0dQ
6.2248936,-2.4036314,1,0.10177011011560333,UCLnoRyq-YxUT7n8Z9KjytvA
3.907751,2.6412697,-1,-0.15651026465910456,UCLpJqfrTcLpvrEme3Vp8-vQ
7.100259,3.0836205,1,0.023922534457006872,UCLqcZGfLm06xYitWZTeF9Ww
11.0971775,0.1930648,1,0.08163386075203549,UCLqhWi2NJ65pHfGhbvmgc1w
10.82502,3.7118511,1,0.019937234084948463,UCLs-zwOMDNwWaTa8dI4qsjA
5.848986,7.67128,1,0.05689120385111557,UCLsU3Kbv_qpfnclM-EDMv_Q
7.430586,4.960823,-1,-0.15334173817881924,UCLt7ivYV0_Oe6iOSo-y_UFw
3.0471456,7.222355,1,0.06276451022010399,UCLtCvtRATucCy5GfFV3NDvA
6.3655653,1.2693563,1,0.07921584704014784,UCLxf7BbSIQzwlp-4Nzd76zA
8.353537,6.9836173,-1,-0.01109578981893855,UCLxmocXutWCN0e3HELNrDJQ
10.712257,1.2698392,1,0.1272103191009738,UCLzjELvRi3-FYl8nLIujqjQ
11.195821,6.9407325,1,0.051948640810405955,UCM-1CgVJYCMnDUUof06arkQ
9.368919,6.933666,1,0.08319969759591572,UCM-5cLUaC9H7zz2-pSp9wxA
6.3229313,3.395471,1,0.03360020901124261,UCM-KCKTyhibGDR-Gu8uYwjg
5.5917478,-1.1462545,1,0.10775083979682071,UCM0xjvQEw0uaGcJuqV81cww
9.976624,-0.76924956,1,0.1305863994383547,UCM1e0HvRXcTS-wLT7BxsahQ
12.68354,4.445689,1,0.04338797911797876,UCM2IiH-NaaZ0ttd6tdcXCow
10.289246,6.1534357,1,0.0917856445962918,UCM2jxaOY97bci7UHdklU4RQ
2.9957488,1.15681,1,0.09777303770482765,UCM2obt59EEQuYLqnOfWXn5g
9.213364,2.7090893,1,0.07917850918679764,UCM3xdIIhq-rUMBXUjmxVL1w
5.6112146,5.4754205,1,0.0052703587962235066,UCM4USSyFycozS4FgCd3ZLLA
11.971842,4.1044927,1,0.07657124735098014,UCM4ytcATXD7BknyhC3ej7LQ
9.08985,8.070848,1,0.11174382971571484,UCM678nXZtJeqVMGgrT5QEqA
10.331294,0.15858494,1,0.1287422035241128,UCM9wm9xAHHLx2c4TShu6roQ
1.9786013,2.13,1,0.03003940997318516,UCMA3oZvKkdkS_YI7qus98nQ
9.786235,7.248164,1,0.07863323763397645,UCMCdR-NxEi3UZArlV1iQGCg
8.748733,2.8919046,1,0.08466171307011466,UCMG4vrEq3fFEvxXr_fMiSRA
6.1215553,9.463005,1,0.10048329514108195,UCMGgC1x6oejPaDx1ku-PcwQ
5.7961297,3.1531396,1,0.047509116226044035,UCMJkf1_BT83re1Oop0U-iaw
3.464521,4.2413235,-1,-0.019821854189110533,UCML8L-NJfdPqt4Ldw1CEoOA
10.840381,4.4828343,1,0.10429935221819558,UCMLiDHwjl53Gy6BWoxCqMKQ
4.4404745,2.8726783,-1,-0.07778987968040985,UCMLkTrKuK8a9PwL4x51dG3g
5.7430186,5.7486877,1,0.030606028504982674,UCMOY5KeLaRAt8ulUmJqRSrQ
6.8647833,7.532088,1,0.050177290346246906,UCMOrZFrLv5PmJLK6BdG2F2Q
11.608288,0.02957603,1,0.123504523033168,UCMQt40_NQZcynX8k5x_MWjQ
7.7740464,4.781905,-1,-0.11085865661234617,UCMRFUlKSjiL7SNaRevcsNCQ
11.610159,6.5560975,1,0.07547972821193843,UCMRPv_JDHY9eL82XsqeSs3g
12.463309,4.5704775,1,0.05221650765656549,UCMSobC7lyIxCukAx-4viKTw
7.3343515,2.8018842,1,0.017190406340898634,UCMU6ZtfiqOJJ88gWdSX4iDg
9.7192,6.415193,1,0.09149824808100665,UCMU91wEB_tzUT7E-79u8pgA
2.4256303,6.1445465,1,0.03794307174102013,UCMUaVI67Zarw-K-cxfc-5Hg
9.897226,0.22846882,1,0.1119301329747201,UCMUxNxR6ZmPh6kSUk9wHtFQ
7.0673995,9.738677,1,0.09471496451316941,UCMVUntv8DALJMDCgsElhndg
7.4646997,1.8068686,1,0.08595918122895069,UCMVdVnDIK6U9BRL_1aCSwuA
7.8898067,8.357696,1,0.10220386596690983,UCMWAKDQiH3mE4gHJF1ZgNZg
11.714832,-0.31933057,1,0.12331221319925739,UCMWZt0fx1rg-v1SE4yeCryQ
5.092622,0.87953,1,0.09435437804223001,UCMX0YCcUgTaPa8lq9htHdGg
1.7900449,6.185142,1,0.09425588572380761,UCMXJ1E1iuvkGEQxBDkYRDzg
6.369602,-2.5203085,1,0.11720974952720042,UCMY6SbDXkB0mq9b7vuT6LTQ
10.204396,0.5055552,1,0.12691974768716058,UCMYIWB7GC_LYwq11Ai5o8jg
8.165717,2.2898998,1,0.08886084192274757,UCMYngNZP8uJhMJtdTlQiTrA
6.338655,4.6169295,1,0.03372374167150727,UCMZNBr8C0TLvHhHMw6m5RPQ
11.311142,1.7383451,1,0.10208982468994421,UCMbD_E_1AT3ptdQ809cSqoA
11.085542,5.5638995,1,0.07759464547999417,UCMbquPz0eKVjKKaSMkPr4Zg
9.372023,8.456149,1,0.09526631593658808,UCMdP47I4KgNQ2U-bbHdX1cg
0.8764643,5.373859,1,0.07642995733614444,UCMdxF12nhZUs8y1Xlf9JXqQ
8.96582,2.5663605,1,0.06563231107370804,UCMe_4S5x94XtmKxj2L_CS-A
11.694142,4.2881927,1,0.05061996111502104,UCMgH0CiOhHEUAO2THBFMECw
10.938194,5.711843,1,0.0709259823372943,UCMgIMWSzAr1_4BptPaMdLqQ
1.0210336,5.3513794,1,0.08253193672394837,UCMgxlaKqhDiA2LM05KyvZ2Q
7.409033,-1.1923366,1,0.11237106377837097,UCMhwhHNMcIN_agMNjhtURQg
9.465241,-1.0427253,1,0.13323231598059432,UCMi3o_s3DkCY0VoThHuufoA
9.604364,7.6536226,1,0.11246111660363967,UCMjhKYSfaM8uUxRQbdHSHsg
4.9807873,10.216697,1,0.09717011932402914,UCMjkExwd9qR-E54XsxZmWFQ
5.2698445,4.425461,-1,-0.003025652719219396,UCMlKsztqDZx2S-Hqwjg_ohw
5.505663,9.256107,1,0.12343188021472995,UCMoc4RbV0-QfMg0_TUl3y9Q
8.128973,1.908534,1,0.08154146535215145,UCMohUwkYIMKOxGjMA9mreFw
12.007997,7.6220703,1,0.06494002575477165,UCMq5wUMWEA5ZComYJg-XWlA
9.296203,0.6069078,1,0.11969947553060606,UCMqUU_y-tZUzQi43pr1fH6Q
7.8167753,3.468049,1,0.024993343239337495,UCMr_8ULu56JMFUR983cEieQ
12.277052,3.8072588,1,0.09916205410524304,UCMs2aCr-xMCuJzUnYBT5Cxg
6.2259607,-2.6353061,1,0.11479689321210867,UCMt30rzhJLXqzVGZzby-4wQ
3.7317474,8.345816,1,0.08496849815830404,UCMt6_IDmq7bx-tdq4fT73rQ
11.422941,0.79109454,1,0.08727418899545858,UCMuu5BumdEb9pldKjzQCLvg
6.74614,6.817441,1,0.076293271933632,UCMvPNLVVT3Bc5T5k4t8fZ1g
9.510321,0.5184258,1,0.1202173292794872,UCMvgnuYTIg2AvHJuQiaJWGw
4.3706656,7.4712725,1,0.04541822700018938,UCMx53_rtRk9ea0hZLh0cS7Q
12.145914,5.362614,1,0.0038678979494335963,UCMxgQFNb99YYZnW96nETJFA
4.9037647,3.4228518,1,0.04285547414194946,UCMxv92zAEm4ud0XO-uhs28w
3.799829,-0.374884,1,0.09235402521438302,UCMzUyEMJEvHvgmf5hpoBPQw
6.6753373,9.617694,1,0.10411491397173461,UCMzcnTMWhEshylJI3yjLwfA
1.2686228,3.2402935,1,0.0186589247811485,UCN-cEdQkMszwEfbU6UkSl9w
10.253351,7.203368,1,0.0777436217968212,UCN2atYDqj7l_a2jjbBlxJLg
5.0368404,9.18822,1,0.11746864421613507,UCN6LhhVRj4HqqyCsVdUdKfg
4.6725473,4.683018,-1,-0.045945348565129995,UCN6rzZOB6vJu8NkHFVakA3g
3.0331964,2.783781,1,0.010687644487395953,UCNASD8o9gbXmLprttmvG3yA
9.747729,-0.6462855,1,0.10614155665972747,UCNCCdmeoEoLf8yHUK54wtLQ
7.027362,0.2507414,1,0.0467822242614927,UCNDc2ZtP60SCVFo74NRQ68Q
11.385971,2.2774997,1,0.11343213225264848,UCNIb7iUMK5z7pgsNi_itedw
9.788841,6.3238983,1,0.08638939070060475,UCNJmQsnr8QL3qtPRYTUf76g
8.581583,-0.58182824,1,0.11326915587101472,UCNKtaPsZEcCoF1pZuX-6M_g
7.487984,7.5889516,1,0.07402860442805992,UCNMJBrUazekd7kif0zWgGbg
12.689273,2.5188935,1,0.05780591239692284,UCNRXyB_8cro_Y7s8Uvd11cw
9.681865,1.9849966,1,0.03506137557512723,UCNStoqqT7LKJDQ6vh-D6S8A
11.293636,0.6155035,1,0.08820272216311104,UCNT-1gDY4IwtQ25JCXg31LQ
6.60961,-2.6925635,1,0.103479374579102,UCNTp0NfNznrIAL2PMWMOwIA
8.987571,-0.9278395,1,0.10452817538552067,UCNWjHyfqVi0II7Hj1vCs_nQ
6.052724,1.9214721,-1,-0.002372411741183522,UCNWkn1DIu-IdJ1AdwSpehLQ
10.869079,5.189044,1,0.07191250182940329,UCNZ3HreDsv3_AgP9Mitwnnw
11.442247,3.8310902,1,0.11109317397249541,UCNZ7472fqApbBviqvWEjOxQ
12.867474,3.251132,1,0.07465178972682102,UCNZNPJTYmnT_cMTE9824nZw
10.025004,7.394867,1,0.08908265187073633,UCN_W8danXa80CyLkWKZBCRw
6.6704507,8.312089,1,0.10267256631610233,UCN_cD3fKU1hJ6f6a8_49_pQ
8.152181,1.0150394,1,0.07721341725552339,UCN_ki28vlXdUbpBqr8KYRLA
11.299573,5.5967464,1,0.10022303353786266,UCNauCZB1B_hzrXgtV8EH86Q
12.602051,2.870491,1,0.0848587345128829,UCNbYCngSJqfAhQ7stfUKqkQ
0.9183423,3.8582046,1,0.015286408401099238,UCNd-tBDNq7m8iBA3eTV1Uxg
7.552581,8.378267,1,0.10473029968035696,UCNdTyTFYcy061xWT8sxdZjA
10.258999,0.21447775,1,0.12798271870345418,UCNdjO23xxDPtLEAIluSuDIw
8.263571,3.3306026,1,0.061483819593234956,UCNhaLlMCpSlI99xl5D5zT8Q
9.180533,1.3494693,1,0.11201778362825426,UCNi2SscoEJI1XtBWo-3vbRA
3.4064937,3.6806307,-1,-0.14454174223033278,UCNiwLeKNdIisbd74yA5MitA
11.7221775,-0.30236816,1,0.12169125110356044,UCNkvaxO8PxehbRmmbHQGFTg
5.932331,-2.5595913,1,0.06635832109756906,UCNma11iqW58LQ9E4qaBkntw
4.1827927,4.99144,1,0.0029778760754626266,UCNml2Rf4TQq61kmTnseivig
5.835175,-2.536127,1,0.0923995110388024,UCNpMK6H4t-gI3MkzR68FtOg
12.161281,2.1841502,1,0.0832051102494234,UCNpP4A5GxQrl-jTQgwlw7tQ
3.471786,3.802683,-1,-0.09157257580323874,UCNq7lnAS8kHAVRNsx_su7tA
12.94853,3.4708474,1,0.060373441034617115,UCNscPzLD1jN_0NhRnHqTvlQ
3.0975533,3.3211176,-1,-0.024498792106278366,UCNt6PhWZYrrKRfHDj14521Q
9.56831,-0.5389558,1,0.1293508244742531,UCNtc35PKUsHLdu_lsnlsyZA
10.127349,5.466456,1,0.036348730090635495,UCNthl3PYE3ZlVB4X_e64pjA
1.6923419,2.3623812,1,0.02117181770664517,UCNuAznZGQMkS-uE-opwntUA
2.8128684,2.68762,1,0.0003553009893779713,UCNxI_HDUisdTY7XEPB4tnwQ
12.396954,3.3852785,1,0.061448308766197335,UCNxlK7dJBpQkXTxsXUlL5cw
4.372343,0.9594259,-1,-0.020073578473066234,UCNy35ptog4P0UO1rGmQMLVA
4.274504,4.216814,1,0.008304412010186668,UCNzibLvHdIudTgwVxo0SxIg
12.171236,3.9148226,1,0.10019010964628605,UCO0FkOCxGlWgsD2BaDzL1jQ
6.354592,-3.0218465,1,0.056143180767183276,UCO0NO0k1C5LzmhXxx-Wm_WA
5.115405,9.7628565,1,0.09348790861175849,UCO1ZOk2VbyceXfOHIDa1LQg
2.4641807,6.3596635,1,0.07498729143336752,UCO25VJKh1rJ097G4oeYVcBg
7.6216564,-2.0996084,1,0.12270591761839,UCO2RdNSI57z2f-QZpheo7jw
7.4752975,3.106932,-1,-0.029904422046558188,UCO34J0tfaisSaxDS_odnrwA
11.293658,0.35242158,1,0.1158725184329426,UCO8791kVrVRd22l8eb7LAFw
8.643932,5.4034123,1,0.07256251932494073,UCO90TjJi5T1SvGfH1WCAvjA
7.1124034,7.7177787,1,0.08212081728487813,UCOB2TfE-J1QyQW40N1n4kqQ
11.252342,1.4930776,1,0.1250734016726182,UCOBNkglJN0RPvIjXWmzY9xg
5.3491573,9.559814,1,0.10819975398108617,UCOBRw0YHPSxv3m-QHRfedew
7.7667794,-0.012175394,1,0.11858592560456244,UCOBue1PH-JNU-lVaZmg9M1A
5.327493,-1.2598145,1,0.09709334437423867,UCOEYfejyDmEUT33-HJx63ug
3.8378158,3.3788557,-1,-0.13915152250854268,UCOFlYbL1XlJuUgUg8BOITaQ
8.874421,4.053476,1,0.04702784918730174,UCOGS7MVA2Nh359RS2ZkDr9w
12.574374,1.4842808,1,0.0682765947019579,UCOH7P4vi19uqPXT4t5Bl68Q
7.1639714,0.6012217,1,0.010818282114717859,UCOHBX-VEGAjsP1amx8S9ZYg
8.305329,-0.28523266,1,0.10868589106552934,UCOHhIeXoMQU62_gVqQ9s2nA
12.167067,7.154769,1,0.07026296935224285,UCOHl1cyutua5NuXsNtGXJXQ
5.6725645,9.472837,1,0.08671294718260802,UCOIwaSMx6CbtVsp_ufHb0fQ
5.6927333,-0.23697811,1,0.11073691961698695,UCOJOBZNJLZCIW1FEaySuaAA
8.323444,0.46433303,1,0.11909405147450985,UCOKIPfw_xp5YeR_LUMDnHMA
7.4316964,8.310697,1,0.10677627850570165,UCOKXaauDtahsPXzhZ5mx70Q
12.671112,1.506838,1,0.1008355114375643,UCOLNChBfTnznJ1I5PesdplA
7.068635,2.6450863,1,0.03228981052627328,UCOM4a2QTWooucQrESCL22Ng
3.0293734,0.78387,1,0.0917690352361421,UCOMbDLR7ma8bpUaI9M15S1A
5.088008,9.904432,1,0.1114926385336289,UCOO-PqTx5q4lc5M5Ehp49EA
6.89481,-2.7715595,1,0.1029270708064936,UCOOYzLfBjWHsXTMy2q7_DWw
5.664693,4.5488896,1,0.06526090006712382,UCORKyLSn_1kB6FeTglUJAlw
11.101224,1.4395987,1,0.10069646678725525,UCOTml_gIIqTMOWYzVKfbyxw
5.040027,-0.37733716,1,0.10459848832285973,UCOWXz88XBCezFdNJITdVo_Q
10.683516,7.103525,1,0.052404424185002574,UCOWlNOZjIXy-5LLeFIoIj1Q
4.5524516,-0.49627608,1,0.08007296694701471,UCOX-HcA1qSeNCbNq_up7q0w
10.571299,4.226558,1,0.042870049603141336,UCOYvo3AjQuR19MepKm_Fbqg
0.8144758,4.643724,1,0.07560203322024533,UCOZ1ypuDGFTxDXBsSlsbk0w
4.5039735,4.480396,1,0.007365987896897075,UCO_cJQMTRU7LC5SuxCMNh-g
5.611338,7.6803575,1,0.035954811657350705,UCOaFox655s6MzVAC83kTI_Q
3.795536,8.403552,1,0.10280388911178862,UCOaHbz8qAE0GL9MLo-3kAvg
2.421828,2.4317534,1,0.004348666039900917,UCObVMTiout7KscK0I1_0PPg
6.81224,0.67545104,1,0.11616537930710108,UCOcGyutuwSVLTne2lJAkYqw
6.1743317,-0.33579573,1,0.0957184457521511,UCOhaqXJiXe2y-Q0DRyF4gPQ
6.840647,-0.3777239,1,0.02976037944598464,UCOiWER0zk6Sd8jwO_etqTvQ
4.401356,1.1169279,-1,-0.004150267916485095,UCOjaA-WqeSVv5yYzcZVHRSw
5.8875995,5.071909,1,0.06733728172788606,UCOkuyzzPVBvlX5sWhpJf3mA
7.584208,4.741297,-1,-0.04513861947087805,UCOlE-jjlntU6MdyCVSecwCw
12.184008,3.8809457,1,0.09653364152800387,UCOljzDRpDcHrQgvQFjuiN1w
10.927697,4.16806,1,0.058660634912957366,UCOlnVMMaCwpT6JQqgYH92vA
7.5494814,0.60478216,1,0.08628605662828609,UCOmuYcwzKikgTT-y5tPQRnQ
4.8094225,2.7186,-1,-0.0195798986310608,UCOnULsxLCgbXeD313udb7Ow
9.516959,1.1629941,1,0.111412009533844,UCOnUmG2umqGw6-BIdE2Dz1w
1.4344099,3.2532692,1,0.06312368258724887,UCOnesLMmE6xQw8TYEBx-Zuw
3.4040582,0.4635773,1,0.10434979040180559,UCOp2OQUz-BfGNLBvmDMbSRQ
8.0830965,-0.3895362,1,0.12861592015628437,UCOpQ4iXUaX1QjPKJKOxuwdw
9.676281,0.77205825,1,0.12509159384313018,UCOpUI8M0Dd-mK6wmL98E2wA
5.5307593,9.737004,1,0.11303470540980903,UCOq_lWI50yTa9F3Y_FxVdzQ
2.0461216,1.7841669,1,0.09300897786027001,UCOqhn4eQQ8kQCN1FpmYUTEw
7.45273,1.5321984,1,0.10593722376152709,UCOsKYxFZmG37huU0f2AFM1w
3.1664212,-0.21279597,1,0.08667759247897217,UCOt-Xm-JhhDuVqJvinDa9Ew
6.5992384,-2.0698884,1,0.066941248341228,UCOvmYM5PJctApj3vD9zzk8w
5.4640107,2.9291775,1,0.0167827583076276,UCOxMw8uERlc4rM80LqvQsUQ
8.042324,8.025393,1,0.10481193308038939,UCOzz0A5l00GQy-NSyFvC_vA
2.1057086,6.7071996,1,0.08676246335878018,UCP0J7_ZJsnLryTJxyQzeQxA
12.289128,5.007008,1,0.07164405843482663,UCP1WR1zpq41mtwrTHy4CNBA
9.337927,8.648027,1,0.10393669691773422,UCP2WOW299R0Zyz8LooMD4ow
7.087253,-1.1645975,1,0.10703168794108536,UCP31odWRcEMmtMTHs3n9zEQ
11.527869,6.070905,1,0.04069456765062268,UCP3NXOW-3FUS1xhTVMcRW2w
9.605748,5.782916,1,0.08133199088285231,UCP3O0bqJF8uKF6SYSnFUynA
5.8300233,4.228125,1,0.050837342993639956,UCP3UzMEFEUu1C-qGLClvapw
4.855634,3.0768976,-1,-0.08682237972302687,UCP55Rzf5jGZBOJ9eRgLQBsw
9.663382,8.021081,1,0.11153766900575768,UCP5zn7jDrjoP_oGTi8CITrQ
7.4990735,2.451185,1,0.060059134242387624,UCP6LmAM_xtRUIfNszHJs86w
9.268787,8.117979,1,0.10914850138046944,UCP7RwmfnS9EA2uSDrSjJhRw
5.6844,2.166662,1,0.04184782846182594,UCP7UJ77QFGFI2V5WY0J8hVQ
7.918428,2.1207578,-1,-0.052878290541776396,UCP8uQCp9tzhkm_-5J8o-k4A
9.577141,8.190976,1,0.10301542570005351,UCP9r66BsJpwwef9sOymzCsA
7.588688,4.9762607,-1,-0.13680253446333113,UCPACLGYMFAxvWEtu958suwg
3.042915,1.0159006,1,0.056894648828807404,UCPAFLmpLQt0c6Fk7bOkxglQ
10.504106,4.177477,1,0.035186827011109645,UCPF1wTA_kIj-KltiK0can0Q
10.742089,1.526041,1,0.10764378479576503,UCPK0iAz4nv7pOvXwi_ob-KQ
4.5580373,-1.5906221,1,0.07133575833978617,UCPK4S5GzQARdJC4qAfTrDLw
11.268746,0.8271668,1,0.08806338969512528,UCPMPqj6RfOrfqUnhh1b_oXQ
3.4274178,-0.105773,1,0.07941725451709414,UCPN-UUTa-ZzmrR7U3fIO8BQ
7.799196,-1.4131497,1,0.12935517883419273,UCPOKPWQMtZscKv5roshke_Q
1.4610988,1.7200613,1,0.08954569057338396,UCPOZVGwr_tI3CTYyXxREPpg
10.4170685,-1.1630213,1,0.11643874734754628,UCPOe9yAAKmedmzNrcEtw5qw
2.5123258,4.411482,-1,-0.21745434072015601,UCPP7rQOIv-DqkAG1Yq-7oUg
10.38254,5.274625,1,0.09744417866471106,UCPQs-p_ccMvK1YuEjP5rW5A
7.6437664,9.061967,1,0.11749200528705833,UCPRPPv8tzX2EbZj3JSy0JzQ
8.509967,3.3611677,1,0.006423379794725015,UCPT_76MwHgN5085vjZQQbMg
6.206454,4.2674937,-1,-0.18210630645788417,UCPUeGS4s08TG7wgfeaIt3Lw
11.042561,1.3876038,1,0.08288513102854539,UCPUp2eMTThfrXCyRnXKSmrw
9.22409,8.586592,1,0.021720639064030045,UCPWL7ZC5t0CYrlr7ztyiNgQ
2.4336758,2.704747,-1,-0.037632172942762665,UCPXB8a7JUa9Hi4npX-B3idA
3.889853,5.0224676,-1,-0.002233042316717393,UCPYZov-3cu5T00MLD_tL-zA
6.2890983,-2.951662,1,0.09115415756779682,UCPYt0AodY3elxHEQiLTbNRQ
2.3813758,7.149433,1,0.09615538877557156,UCPZigcEwXI1yvcr9ycPFWPg
8.662837,2.6014242,1,0.08586954062938223,UCP__YUyDBvcTDvcJ_IVo1tw
5.884332,7.6951203,1,0.09875837979676566,UCPa-HQx8CJXw3AowL0N1FOQ
6.2507825,-1.8752697,1,0.11619120201342298,UCPbqYVwuet5H6Jm-8HPUZGQ
9.063635,-0.8101442,1,0.11741102684770033,UCPcTPyYwVZiyzmXuk_u5Jyw
8.965704,0.3558882,1,0.12692766772362624,UCPco6E8erUp1HxRvhf3HsZg
7.627939,5.938659,1,0.04311820703344005,UCPd5xl8c4YpMECLBKWpCJNQ
4.8540535,-1.7521328,1,0.09599467712966492,UCPdD3YpXTI2gROpI-LtEiNg
6.7799287,8.927117,1,0.12649635914675605,UCPeZOW8GUyv2rL9P_e7BMzw
4.773127,4.800157,1,0.015531214476962318,UCPessuZQy5_st-CzifVsuUw
3.9507134,7.2786183,1,0.08570218543727276,UCPfUe_j5kVggThOU4Xp8-1g
5.8405747,9.469448,1,0.10648611254374624,UCPgEkm1wDqJE34YKNVeYqFQ
12.880393,1.6638352,1,0.10517396120086642,UCPi-Xsta1dTIphd5Su316RA
10.220303,5.929349,1,0.10497197105408362,UCPjX5Wo5KiLclR-FpZGMj9A
6.7647457,8.644392,1,0.09254241334457153,UCPkIKAY6qaQTynmJV43cAFQ
8.919872,5.3942137,1,0.06810872948671381,UCPmgpaTGmxNKoceOnFbgk4A
6.000475,4.11185,1,0.01210243183484555,UCPpzmjPrlbsfTgGQFhOzV9Q
4.8956966,-1.6718711,1,0.0815669831961991,UCPqh3FoQvdQEoW6z_dgWESA
9.241366,1.0229733,1,0.09861188483312416,UCPquI0r7ma8No-lF_cP_cig
7.186744,-0.07521069,1,0.055349204273350716,UCPsWVFUj9DAR-MYVoM8v20A
9.267109,7.7559004,1,0.12154461747045686,UCPszdnrj_8eyEJFglR2yd8g
11.654985,3.669853,1,0.11492283575473566,UCPt5_QsxGU1ZQ2ektIK_K1A
3.3606646,0.9637782,1,0.10014053590304767,UCPtIEoB1-cgGymoVE4prZyQ
10.131969,2.690468,1,0.04706483381160442,UCPvFVAH-ZkS9M3qezMKAo5g
10.342928,7.683411,1,0.10726233931195628,UCPvjq_ahVgFMFnSpVDR9B5Q
1.3184832,4.9438634,1,0.09606771548864407,UCPyILZ97cIKMveQzjggwN3w
4.7936263,10.184173,1,0.10205808640784908,UCQ-ZSxvPWWtxpC-MVNnQk5Q
10.386201,6.5121956,1,0.0698661964525929,UCQ1rKvydNl_JLCrWsD9VByA
5.096921,9.571037,1,0.08999276737470685,UCQ27c9LVOyiR8_3ZcrISUiw
10.540249,3.6919684,1,0.04595191746710875,UCQ2BQpQhF0UpdKa6uH3DLFw
1.3174644,4.9326835,1,0.07373548027197341,UCQ44fJIOlHecPBtM12GPhbQ
1.0193253,4.6192117,1,0.007464054292504574,UCQ6qMcRdFqernyfpskLObmA
4.321514,-1.4078698,1,0.07428807958687966,UCQ76yTYSle9F8qcfkIltS_g
10.234014,-0.5327244,1,0.11787610172625812,UCQ7FZZPTBHLy9lOVZN5fXew
5.946729,3.1174839,1,0.030075856982659854,UCQ8vn1PsMKP5Lp8wd_-RIBw
4.471295,3.0592782,-1,-0.09061841998563835,UCQ966uhlk8H3sfvxjDULIXA
11.7756405,5.9753914,1,0.084946827229397,UCQ98jn4akS3KpFAYfWDaNIg
4.2801356,2.5879638,-1,-0.02280140549235421,UCQANb2YPwAtK-IQJrLaaUFw
6.719462,-2.3765428,1,0.11986491095851554,UCQArSxIgNNSI6WyN4aBzAPA
7.624189,-0.48672092,1,0.08971360800303513,UCQCyztyqmA8dc2wPGR1ymog
11.696608,0.15970133,1,0.11699036589572542,UCQE3zzg16zALp1A3Ru54fEQ
0.82896125,4.120768,1,0.05168682645164824,UCQE9PyvVDQwmsR17i-PvCmQ
6.425665,9.079883,1,0.10418037459007196,UCQEsf2Y3AeAzelDcfTA7v1w
10.594823,0.16080315,1,0.10087960267443824,UCQF-RBaGpjFJpx4EbwRMpNw
4.4307795,-0.5074818,1,0.0861847431390117,UCQGFNbtx9aLWj3qCW0J0wTQ
5.55001,-0.08756047,1,0.06718693676810367,UCQG_f0SLQvkZpqCQxkHEtAA
5.5350876,4.4569573,-1,-0.030506657872606757,UCQHmbWpdleFVdJOBb2mZIqg
10.5644045,1.1293393,1,0.12429838905350143,UCQKbUkkZ4kDmEL7GWdeEIXQ
10.243743,2.1658988,1,0.022308723482448167,UCQNNgFrabu5-gaIv8h9tnCQ
10.6300955,4.913891,1,0.07501575805057475,UCQNRkfW2-DMxs6SPerh6rJQ
2.061402,0.78640205,1,0.050931106404631055,UCQNnnqyPfqzi-Jgnbd79QSQ
2.357283,3.5744984,-1,-0.064049199035077,UCQOHekr5ykscySeOjzbU-iA
3.1642005,4.0744157,-1,-0.10155655367550787,UCQOUQXFYKzb0O0uT0I-5aNg
1.6282473,1.1310862,1,0.06160589552890772,UCQQGl92ujpYeXQ_0ZsN_kLQ
5.675307,7.7065244,1,0.08353231070407385,UCQQYC8P3PrpXREuOmAYoIqw
11.854309,4.0902987,1,0.09246065625914984,UCQQkSWu7z_e3jrYjWhjRJLQ
5.4049544,8.168044,1,0.10887141553810464,UCQSSAFhoaOYMV29cMnuwH7A
8.046025,2.792456,1,0.025747766673559214,UCQSgJb6uMhddEhjMmMbm7Nw
3.381843,-0.38524932,1,0.0964061359568299,UCQV3aaUP4YUpOEwayB30Kvg
11.73384,5.7279086,1,0.08010987147923021,UCQVbKy2KgIMzeUbmodbkgaA
8.245754,-1.241402,1,0.11484105623416896,UCQWTks93HFXUh9KKcW-Q3dA
11.441225,-0.54785115,1,0.11542059465582083,UCQWcsTQAO_IvosDt5sx9Fkw
1.2420226,1.7148064,1,0.07663679458065842,UCQYZzbVyNL6mUhTQI0vNqag
7.8894606,7.4956293,1,0.09724450255949357,UCQa4nYh-3sGpPrJGcQQDkPg
2.7191355,4.157062,-1,-0.1522292022158236,UCQaT1yPnnvH7949yyvEMxrA
1.592387,6.0084424,1,0.09502129433167644,UCQaUGLgCQg6Kf3yh5Lm9_Fw
10.116744,6.2966146,1,0.044700634043798315,UCQbBXHs3kS4fE4JQN4b6riw
7.7198043,-1.8648293,1,0.13085056803137296,UCQbnEjUaQen0Vfrkswq4hqw
8.049472,1.9478854,1,0.07184704452599994,UCQbz6ZDEVMELTKz77eVoMXg
10.683633,2.987382,1,0.08051805177055282,UCQdJdpuO9gchZT4aVd-7SIA
9.449534,7.101059,1,0.05952236221751994,UCQeKX3uCsng1t5G7Q3zBnAg
5.041138,7.2356544,1,0.04382618950882833,UCQfGxIQAQ4-0lWbOkoe9LPg
5.3977046,10.19793,1,0.0805072183071669,UCQglK45dlF_bXAvHrOmP1uA
5.3998356,9.336192,1,0.0035997883666226693,UCQkRji1TJMI_M_CrfY4QgTg
8.975071,4.9832354,-1,-0.02416371645566462,UCQlIllfrYJYT-QVq4CcjakA
11.733068,2.680092,1,0.10029360123293835,UCQlZUMBAkmyJ8tU9USLUehg
8.233967,2.1903126,1,0.07126827085390836,UCQlsN4pD3nqhAlendcB6R8g
10.642257,8.211462,1,0.10368855349766704,UCQmaal1SpzrWiVVIHjd_RuA
3.2009327,7.3555794,1,0.0908807030195864,UCQpFkb-rTn03Np-89OWCA6Q
5.228931,9.8316765,1,0.09481585007223536,UCQpV0iCHTga5D2PBrJz2r5Q
11.154046,5.1543055,1,0.0927024604183494,UCQqRcukWbDR56i7EIS218Lw
2.0590649,6.5323725,1,0.08898266475508221,UCQqWCUmjqwywrGYTET0s7dg
3.338275,3.3965323,-1,-0.01014647729185636,UCQtdV-wVWcF90eTU614NI0w
8.246569,2.7650254,1,0.016985885081580387,UCQtvUmn5rG0QiOLQo2YwEGg
8.936638,-1.5167581,1,0.10010704506712004,UCQuTblxRC3HQIVf7QNeZ4Yw
9.561154,6.711996,1,0.09980382090123224,UCQv5e5zUSfTL6E_YSZzo3Fg
5.7790475,4.6725774,1,0.044814645874042436,UCQvA2-D5unfK9Qamk95Ga_Q
7.9385467,2.795308,-1,-0.02855198255576963,UCQvJGoOlnlsiFYCuJUHOomw
1.6217077,5.9145217,1,0.09745442259918213,UCQvm7pd5-dgTG2EtgTblJuA
5.514568,8.111475,1,0.10822682915105769,UCR-A5BhmwnBH82fXLYbX3DQ
9.905568,0.29930037,1,0.1258329669819115,UCR28u2Ke2t-cExWCvC3Vr9w
3.5364158,-0.51291656,1,0.105596914883548,UCR3BnWuIwK2Dxzvem79BlSg
4.2355556,-1.333843,1,0.10346288715182128,UCR3PsGYkNWVJUBFF8wjXQYA
4.415072,3.4382293,-1,-0.03882762840723142,UCR4DFNGrs2GlKcmjT5Khvsg
8.613515,1.1648748,1,0.09590614931229108,UCR70gfrDqTz2gsEqen2BVFQ
6.374438,9.0741625,1,0.10681668066678962,UCR7PyWuSQtYKIbN4rJxeong
9.72887,4.845291,1,0.10527500411122642,UCR8JGN56uZJD43Xite3vG0Q
6.8442698,0.9991743,1,0.08813885995794646,UCR8rshYkNNQSqs6W6FMd02Q
5.736422,7.6990542,1,0.09543754218310913,UCR9UuIBwPdhhW8bpPmnRo-Q
10.24676,-1.5186676,1,0.11513817231314388,UCR9z6OFrajaTWBgu3Umfh8w
10.514639,0.7073207,1,0.11082858305451371,UCRA1PRX4eCYPq6lKUCFF6EQ
6.8555756,-1.7416099,1,0.0737661384795007,UCRBfb6hc7QJD0IjAPRVKTyw
4.871273,8.031909,1,0.10572966498072289,UCRBpFIalBn-M7mmRV81tO2g
9.326733,-1.0804946,1,0.1210539466447304,UCRC1RnPWiE3h8yA4mHt227Q
12.149469,2.0760372,1,0.10874076928731591,UCREdcQjCGJF-LcChGdv1sAg
6.6491327,2.177438,1,0.004876289349742158,UCREzd_hIP92_wI5K1TKjwDg
11.733704,3.1277812,1,0.04292958712148709,UCRF0f3n46KQfBGRNc8WP9vA
7.8926754,-1.5642817,1,0.12645210218231356,UCRGAJrSN_BLSJ9fOmoEW2Ag
5.359898,-1.4914874,1,0.10479998005453228,UCRHNGkLkUbGZHwfjSx3qqfA
1.1864494,3.1991088,1,0.06317453099042919,UCRJmRbuqfi60SuxtYiW3oew
4.7151766,5.1118107,1,0.013329568583816453,UCRKUzPDYdsc7gUJb8Cbx-1Q
9.2676525,6.8678465,1,0.11185916429132736,UCRKXbLrqPThjrlRYcUWjFaQ
11.040054,4.550693,1,0.10294606851631855,UCRKp9xGVz9nIw_eHduy1E6A
5.890348,2.276424,1,0.045135087597803714,UCRMWaAC3bJ2FOZRRDuNHM1Q
9.095545,4.7916703,-1,-0.08510156629145471,UCROecyVH2v_irQucpSXVCKg
7.793526,7.313101,1,0.08111834668062834,UCROh_jMW6Pu3x_o0KegRV7g
7.967124,-1.0360577,1,0.09972081338836458,UCROqGDh9OMFavfKReiteO0Q
4.4136977,5.117326,1,0.012218894254509172,UCRQeF8gEJzqzX3IFIPxL3cA
5.292785,4.653416,1,0.044002177779784823,UCRS18GYITkjpW5W0SqvMtHg
5.4991813,10.353537,1,0.03940386811008967,UCRSbGeloMR4L_oZz_bBAxsQ
11.650928,-0.40925193,1,0.12682920280393373,UCRSlhe2nkHIIHCWQAMvYMLg
8.741911,0.9666036,1,0.10809978754362781,UCRT817aaVgXP3cWlxAq-_iQ
10.553875,6.466743,-1,-0.03906032861612141,UCRVCVTtNANjyhPgUsjC9rkw
9.151751,0.0956717,1,0.12633923249360696,UCRY3A47Jie-_Olsa591jqog
2.2205985,6.529604,1,0.08854589413852904,UCR_30faWJ88xF-QiH4ruwEA
7.0176663,-2.8861992,1,0.09240738645570812,UCR_YSxno8pxJNVId28VSw5Q
9.22465,7.413415,1,0.12069115311679723,UCRb2TnINcmAFNklQxvB4itg
12.442019,6.460851,1,0.05185631326634871,UCRbUMOwFnjHZkX_nN1Nx2EQ
10.37867,3.816337,-1,-0.03960516241930978,UCRbzxb55iqh_yFaF7y8rZ6Q
9.846721,-1.1463416,1,0.12232341689720677,UCRc3gIC2TXbnHV0Iai8u7sA
6.2357984,0.36943293,1,0.10017221015936878,UCRd_9czd0mkQLf-c6hxRODg
11.038158,7.428299,1,0.08741175421972891,UCRdjGa8Gg1hTQ2YKZRdZT2Q
1.152023,4.068381,1,0.07476131035247074,UCRdyhvvXLO4jNo60djOFkMw
4.6677284,4.2049494,-1,-0.004076716278427428,UCReXeTcGQPqZdHHzSnnnwsw
7.649615,6.0051856,1,0.04331248791508191,UCRgqAkj_qI2UTSGbRsSPfnw
10.696767,3.5086584,1,0.05051335039866711,UCRhuU8B54CT4kWDmg7oLkOA
2.6072793,6.338376,1,0.05745029485873471,UCRii9yjmoGpOlNzZCBRf2cQ
6.513054,8.132886,1,0.09179342781990563,UCRk4aTSxez8bnZTOHOJG2Vg
12.890596,3.462822,1,0.07283332128692699,UCRkP97bcSb4iIwE7xF3lvng
9.680055,8.486813,1,0.11129905652598748,UCRlO38cIew3bRGLRIJBSxqA
8.358411,8.044969,1,0.08858901255529678,UCRljB1MO6gJr4D_FQ6thizw
6.745978,7.5844116,1,0.07937071072151852,UCRllauuwNU-Oycwi3DRkl3w
9.687429,1.8446264,1,0.10411364329355338,UCRnmCEmz3iTiZUIA_K8L3qA
8.30831,-0.66750765,1,0.12262777777315964,UCRpi4ZOzNkh60r4FBYXLj8Q
10.468562,3.768982,1,0.08859521936666176,UCRqjdA7uJzu1J6PvD5wqrYg
7.4553847,0.9084445,1,0.04740244287928447,UCRr73IzPT9vO8ICaLzMt6_g
9.443369,2.5978153,1,0.07421542239434553,UCRsrOw4Bqp2toVJBwF5YD8w
4.6844044,3.6436796,-1,-0.03769993631811541,UCRt-kh-2FC24gW91i7ijslQ
5.9226136,4.1849895,-1,-0.008139248859528991,UCRtPH-t8SifJkJX6cqmwj2A
11.490907,0.08633385,1,0.11754615681797648,UCRu9mL0ujOnxUY--PlqTt3A
5.8725724,-1.8991115,1,0.082372043167524,UCRv0M_jcnCPoZG9Q_d7iUWg
8.461171,2.2526822,1,0.10062346520529014,UCRvMSJ5Ss-7wgXgXbTihZYQ
7.0295477,8.232353,1,0.07860161417255751,UCRvkmG7fkSysN4SMaGaZ-7Q
5.91961,-2.12038,1,0.07553419648110904,UCRw14qvBPk_pnRx7mHQ9dOg
8.188758,-1.5935698,1,0.11854447850548705,UCRwsjitJW1YHmQL7GzJgyuw
4.408411,5.2568393,1,0.03772756797358284,UCRyMCXAVxGh4ShHxpVVJP8w
4.613304,4.0710883,1,0.006056456757882633,UCRyhBjm5HW73BhI_mgLlX8w
7.350871,0.32528514,1,0.09836669926569896,UCS0BKkADiDte-YltNS20lFA
4.935009,5.1688976,1,0.05027929152423216,UCS11wAYOnWu8ksrRAQyqf3g
10.981158,4.4020762,1,0.11148392475671187,UCS2uGFIavn4hetsaXZbBClQ
9.422813,-0.42061773,1,0.11435372899814067,UCS5MrdaDOdaEtve7jXfp9UQ
11.668933,6.0483646,1,0.08332006321824553,UCS6903cdTxHUQH2wnE5PXEg
11.999293,6.1435676,1,0.012538069228488158,UCS6Iurq14Z6uc9EgnYFEjkA
5.1478653,9.473368,1,0.1141972502647779,UCS7bb3vxlu8QPW63fgv8unw
4.575436,7.792217,-1,-0.01899286801684852,UCS9GHXdFBfcoNR59oAgGjjg
11.798534,4.785211,1,0.06418923790365999,UCS9fwF-italmITMm-fq2cxQ
5.986017,1.9326752,1,0.023203465271183887,UCSAHT5CECANBo1ZBgvPE1zg
9.6817465,6.3092155,1,0.09172663392874975,UCSCm490iUWT2tSn64O-YkqQ
6.6412234,9.887976,1,0.10856830497629061,UCSDdGp66w8Df5FNqosEkL8w
11.305192,-0.6924292,1,0.12559231382839958,UCSEjNVXZbdns-GDtG1U3JMg
10.508892,5.5166335,1,0.08241036685106912,UCSEnTsBo7CaSPJy8qSOwchQ
5.7309327,4.61806,1,0.06528425141719318,UCSF6UomQwIxC8T3wnPvainA
10.338569,0.7245186,1,0.12239965516212958,UCSF72pFFjfyuXnp_ZH3IebA
11.998381,3.6281934,1,0.11594790125987497,UCSFnvHBtXEfniAWp7IFMi_w
5.2475734,10.109082,1,0.06846407830997508,UCSH9j3351LbD_isZZnT3swg
10.133568,5.7125564,1,0.0773465374280215,UCSIUusiaGHzvdQEWiShs9KA
11.262548,1.4176725,1,0.1236029022707486,UCSIwJtVU38K6jn-T55Sx3sQ
3.147284,4.3339057,-1,-0.0474849480027989,UCSJeAvoN75qeUKLRKVvEXzg
6.441245,0.87978977,1,0.08300293659663072,UCSK3GvCts3xjt4MNerjrQWQ
5.0708585,9.793999,1,0.07368841145090949,UCSL5_XX844vS-YAbLgO0lSA
4.1955466,-0.5742293,1,0.11120966197828747,UCSL5vxKWOH2v-LXUU2jsAUw
11.44736,6.8157077,1,0.08496201688528082,UCSLQYMjdxUCYP1sEUwuvbCw
3.092941,7.2249026,1,0.08947300290931626,UCSLa4Lll44idGWrO0IhFieQ
12.318176,1.3309668,1,0.09597933947885107,UCSLaYPgIdARlxHkHO1W1s0g
8.791032,-2.1579885,1,0.13196984141643614,UCSLz4GtoLvp1AhxFY6jCX5w
8.789823,5.1093,-1,-0.0110692238388439,UCSMvFrrT9XyHB2PVoFHSWcA
4.8949375,-1.1310151,1,0.11198303943667948,UCSN63doDgnvcppEluN_P0tw
8.766236,8.751279,1,0.11390475624238366,UCSOzCFRSlMcmCnSF81whhZQ
9.887452,1.4378521,1,0.12852871337264854,UCSP3gcMnOhvoudPk_8y0-Ag
11.343791,7.0402265,1,0.09137493541738811,UCSPA3ltspWsJ_oYsmwCdo1g
4.621451,-1.1112163,1,0.10844471167939135,UCSR_QSO0HJyMqJsPHKFqUGA
10.795084,-0.78413373,1,0.12254230728182941,UCSTjtpyqIt5CeqRYGjI-ecA
6.427666,-1.1958377,1,0.09565596852130465,UCSTzzyk6HvlFnzsx7muZ97g
12.838386,3.7229707,1,0.04550829080276031,UCSU7sG44tJRYCf_mZWs2N-w
2.6007655,4.4743133,-1,-0.09350763914454041,UCSVz193DQGmnwOncMD3LxXg
7.946126,-1.7644159,1,0.13052430145859617,UCSWfx2gNSjAM3wXx9AJH6XA
11.65196,6.001042,1,0.05256867170056989,UCSZid2wzqxgPDUpuUDaB6Cg
10.221452,8.18913,1,0.05054208779447661,UCS_5IEhg2wqMeTDwEFizitA
7.9327617,-1.4969882,1,0.10894710809495178,UCS_8UngNbgwoCEDecrueXzA
10.66954,8.286592,1,0.0719450243782151,UCSclSvMq4D3GCi7r90bAFWQ
12.770922,2.406773,1,0.06463696762238791,UCScpOrZ3XaroUs4TDhP5KIw
6.4145684,-2.1239474,1,0.09275689890766753,UCSdpxZ3i3HFqPkk_Dt3eyTg
6.647147,-0.2605454,1,0.07554740554762557,UCSeN4d16aIIluNOdkY30tWg
10.363958,2.6934338,1,0.08926434941375383,UCSezhcz1LOLfPy_BvLgGHEw
10.623687,2.0997028,1,0.10556146030206864,UCSgpgSpedoYZCNgNfvPevOw
12.901595,3.3787756,1,0.041063789015770846,UCShjx-A9up3IXsksClxr8uw
9.098101,-2.1664526,1,0.11759807726440802,UCSj6YzM0Tnf-AVYbHjSLGsA
10.82866,2.9730322,1,0.03848694211925091,UCSkUwNioVrXLtwUNWZ7p7rQ
1.2066519,3.2730742,1,0.04060526958965294,UCSkvzJvM2N6C-3AoB9JQG6w
6.4117785,3.4602861,1,0.0012840461737597675,UCSl3cldrsFxmGNwkTOw7XIw
8.828067,-0.084359914,1,0.09964149591431365,UCSnFbM8agTkZsBJYpLnoDOA
10.330515,6.317503,1,0.06165430819553819,UCSqUuCs4GNpkcqRFuOuxPaA
4.3484206,-1.3398509,1,0.11190892611948783,UCSr0cVjai_tDvk8plNPgr0w
5.7626534,-0.2839384,1,0.10364899118577053,UCSs7CXaQq6VXGqx9Rybw8nA
7.8544884,-1.4458365,1,0.086003377111179,UCSsdoUpOAqTqwpOojiWy9wg
7.7966657,-1.7865084,1,0.11009567906082657,UCStb05Z0RVc_kGNXymqzb6Q
4.744984,3.9935503,-1,-0.032143178716067644,UCSvJAXq4Klh3vH_rzFkeF3w
11.886556,1.8777982,1,0.11460395276450702,UCT-8oFVNQHeH-ma0K9moZVQ
11.624267,3.1331925,1,0.10722596305549592,UCT027MsUrcJw70UteguhLmg
1.7895511,1.7366539,1,0.0946369458476663,UCT0cX1LIBjqseP9q4y6IkRw
10.793187,2.2354784,1,0.07094228719029161,UCT38sbSPio9wLTp-oR-CAKw
7.9070606,9.40291,1,0.10086356898927551,UCT3_dxZ_pmfCKpJJmyAfdAQ
10.909734,2.8869185,1,0.037558570948316994,UCT4700WW7RNXRnqn9cMlPYQ
4.6263947,2.6453443,-1,-0.0038337044082513705,UCT4h4tL5nDSO1rmkCXxitpQ
8.57415,3.145201,-1,-0.03185903109364774,UCT6Fi1ZtOq-XDZMdBJZYoHQ
11.847181,0.18727905,1,0.0875383962426668,UCT6fmYeQhbDITHf5huyjFPA
7.302866,1.6353393,1,0.09506509955369252,UCT7wdwhxwUvSJkHHMrc4Hkg
10.799342,3.6435416,1,0.05317505396276456,UCT8m3FXCoQz2R8oPgR0DN-w
5.0122223,10.179089,1,0.08352661101526043,UCT8rzlmv7RBp4i8sf3iVwtg
9.97894,2.1995466,1,0.07482192622258155,UCT8t2SuqoFfnI5Ub9RXavPg
2.3730574,0.77279407,1,0.030914088257422312,UCTB2-6cbIjyH3cQLipK3jmA
6.3261456,4.2415676,-1,-0.05408254707908966,UCTBLOjmW2hYr6uRFVlMLkjA
7.7092257,-1.1786934,1,0.11770910081030611,UCTFIxp3ac9LgeSbleTkdd6A
7.3925104,4.803396,-1,-0.07472377970442567,UCTFrl0KTzHTqpYYKAl8p0pg
7.6813936,0.750411,1,0.11356152711818829,UCTFxVVYzyaWaL4a27duBS4g
3.156665,6.644099,1,0.08389313295830764,UCTG1OPWCER0zdGkMOgtlJjA
3.1526253,0.02584263,1,0.08971140335586175,UCTGEPPRerDe-_wOEemVmm4g
5.58696,2.548485,1,0.016076811240311573,UCTGUaQxmF7ApDZhMM_5KRfg
3.6591177,8.226692,1,0.09830555373024402,UCTHJez5byxuR8cd9-92KX1g
4.721019,8.81439,1,0.09484396125193245,UCTLn6KtFGPipBKO_reldlvQ
5.168927,4.971573,-1,-0.03746011202968236,UCTMIhzxjycbx2aaixQKPaNw
5.765273,4.5927205,1,0.07139653621858488,UCTMXFWOOHSX7jRYSk9A6bLA
3.6148357,0.7974811,-1,-0.003800950633273792,UCTNWJL89ZKGPwI5vsaKOc1A
3.179942,0.7261333,1,0.08713226213204733,UCTNe1PH2LuC-sV8txr__DUQ
6.3180785,-2.7801745,1,0.08537914036441419,UCTPTnBO46Q7gUbnZeamoRDg
5.6953397,2.5325541,1,0.012306985396139447,UCTRzwbjZxwzSwuIt9GfqqHg
5.158407,7.9428744,1,0.08938211412730507,UCTSUFE45B-liBKLuJgfbvAQ
5.4059005,-1.1949406,1,0.11417867802912929,UCTTK3BDWg-_WRBpQq5Bb_QA
10.594426,6.365019,-1,-0.0011422592982123225,UCTV-WQyRb6uYh7F33nyrifA
7.3282156,-2.5435953,1,0.12054578874636107,UCTVmgKyPB8f7pdR6EAz3Y5g
1.7771853,2.9383123,1,0.008599041720041611,UCTWNBGi-GCLeop4Xa2sYaWQ
10.030317,6.0909953,1,0.046870352070524535,UCTWVdFpZaBtYDd-Sra7-wkg
8.112495,3.0666618,1,0.033691119554200955,UCTW_udshchHbLB6NDD21oDQ
7.5293417,7.7107816,1,0.0380124993495457,UCTWqdUVXwbpNW4Rc7UWUSkw
12.524412,6.554871,1,0.04873779823967156,UCTXPIcL4hmR-y4sDn99cL_A
5.387446,4.21825,-1,-0.06775531913326738,UCTXfX3bgc6a-SGZjjLX7WEg
11.287582,2.5511193,1,0.09210672964087485,UCTY0NEGXgkskpHE2UQ2jC_Q
8.332834,8.650929,1,0.09490678489307469,UCT_YRvViA6I5pKSzvAjL8ZA
11.010325,5.2343593,1,0.033774878609209746,UCTaJU7c1y_Bxw1UBC9idMUQ
10.73404,3.740152,1,0.10059774139585309,UCTb40Otegvfv42VUd0MWNBQ
9.971834,-0.9671636,1,0.10459773568557751,UCTcN_m1rruYCI3lkWxCnn-w
5.97058,7.8555336,1,0.10593224026211329,UCTdSnPV0W7h3-FtPkPTND6w
3.7659678,8.46026,1,0.10516342972276554,UCTe19yIBjNLXb0g--EummIA
2.6089506,4.419936,-1,-0.15498529105377712,UCTf6DpyUcgfOxXWs3OKoLEw
7.2999625,-2.3045044,1,0.12021429853769283,UCTfIVF6hSBPXSnLoNqIUbmw
2.9813457,2.7038248,-1,-0.01214343680820873,UCTiw2Kk7TAAQDsxpHK0C4gQ
7.6062913,5.011999,-1,-0.13360827998435487,UCTlbHzcI7qr70LrriWUNfPg
11.382057,6.261262,1,0.08294715360044996,UCTlfDryLc8PfDf4_I9mXBqg
11.0710535,4.699542,1,0.09539098248095484,UCTp3b5p_bImdxeoBkDJbgUw
4.2314696,2.534522,1,0.008969365174572141,UCTqA0l_3MfL52auQ834ItBQ
3.8333182,0.16966301,1,0.10167344967285208,UCTqAo8XD8qDaOVKKRhMRWjg
2.9792166,2.1617622,-1,-0.006541537749963355,UCTqnYf3KeKyZ__cN_-FGy_w
6.090532,4.40715,1,0.04069477012697009,UCTrQzL5qwQG-MQYUXMtQmVQ
3.2540736,6.4849977,1,0.057992414751356025,UCTrxIWNCl0sVZmE3JKJem8g
6.184326,9.071883,1,0.096217008303975,UCTt4H-yiLhxMBNtdg4jbvFg
4.049432,7.065033,1,0.02501955793767885,UCTwXFoAN_jz9ZitdPAHJJ0A
7.129995,9.463068,1,0.12162559580047749,UCTxY-2FMHlji_V0_3VifdEQ
7.718197,8.660047,1,0.11205333492757769,UCTzP4kyP71GCcsemgVQkBDQ
3.3333921,0.109549075,1,0.06494790552748175,UCU-Ct6Q9jjU7PGeBUfKX4HA
7.390785,9.469973,-1,-0.00839765806827708,UCU13CW1HqrY3k22Lz83wf9g
7.5000377,7.889134,1,0.10548216908535651,UCU17oKMQKIuVNmOLiooMV8w
8.054381,3.2183125,1,0.020015195912037154,UCU21FOWGN-pL0XXZU-KQEkw
12.40367,6.236844,1,0.02042344755383496,UCU3K3YwRZXKjnhAVcy4gGFw
1.8298634,2.6767082,-1,-0.03190124079825685,UCU3jA93DwrRu15m5fRIn9cw
12.128402,4.777474,1,0.08535324672388328,UCU74vVs6dNI7tKakVEO_nkQ
8.4168415,-2.310952,1,0.11000950424166939,UCU9cSKi__6qzJ1qW9rw_aKA
11.395455,-0.83850807,1,0.08191271276483425,UCUCQPwG8XSG6Ah4ahZMhzsw
2.4810438,4.452642,-1,-0.17973915997269208,UCUCn5RLzBPoyl8kB-0OYE6Q
10.766687,5.46582,1,0.08345379261036878,UCUCrZKV_ARlnodDuMMOmJWg
12.005523,6.7276926,1,0.025473470726699865,UCUEYQ20eOQ0eLzUrPgPrvWA
5.3324666,2.4881563,1,0.03220644142714868,UCUEnZzmPJukk_Whs0riexcw
5.053947,9.332566,1,0.07480363931241968,UCUFhQHlcIFbRMyi8fxg4Tow
7.043369,8.057498,1,0.06895357859043172,UCUGRF0yjFAfhUH1TQccTalA
1.8313367,1.8371236,-1,-0.004744657777373096,UCUH3Sx4ZPmwhFgtNI6PDeDQ
7.3918386,-2.038329,1,0.1145245987035095,UCUI-X-3pHnhsZBr5AJ5a6dg
11.221136,2.6890423,1,0.10142067008914168,UCUKG5Sa2n6Xo92Rd_uTx7eA
9.771129,0.7870594,1,0.09289302927046944,UCUMjr51IH7WYuKuQ_W-_QFw
6.1380587,-0.0835068,1,0.10978069986515787,UCUOgwTU_S01F3EqqLuY64vQ
3.639572,-7.501892e-05,1,0.06111145628626302,UCUP1QRlC4di3B0eyqSUMCTw
10.052605,6.5191326,1,0.04885779295549486,UCUPMXMaExZBJEwNZayvqbwQ
7.709053,2.6295488,1,0.008531903657608753,UCUPvAQk12H1q8OB_1yvP_5Q
12.438599,6.6405363,1,0.062271588186769034,UCUQdGOO2l7gazdxXNLqChkw
5.5073833,7.971977,1,0.09848287974271736,UCUR7-JiGUdY_KyQqDAI4D3Q
10.877128,0.35487396,1,0.1180077281669088,UCUSC0H8kN839IPP3Tg-oPQg
8.712747,0.46311083,1,0.08924636419144488,UCUT7WJQJxuqwNlA1nSEonnA
10.378432,1.85207,1,0.08845942021319886,UCUWLxg7B7FZDhrg02WBv_2Q
8.748482,-1.9865745,1,0.12910150816613636,UCUXXBMefuAOpnhVMVcLYZrA
10.615521,3.3314404,1,0.05000630558800179,UCUYIcYAUyrQ30Ll0orLMEiA
8.017105,2.6144526,1,0.07917957546602977,UCUYIpLxQ1nsxNNAsF8ho15A
7.0900865,9.57718,1,0.09236495101916986,UCUYfUcLocDsoyPP6TDf4G5Q
10.618985,2.9549482,1,0.04454557320303193,UCUYrz6xb_yaVCIi8VKeijAg
6.5216365,0.13824321,1,0.1083744388966203,UCUZgtC6qc9WVEgBgr7GM4Jw
5.9131165,5.594051,1,0.0008269152525515744,UCU_m4npIjhqpVFc5IFLvkVQ
4.7059603,4.1842775,-1,-0.006173978894126297,UCUaiVwYIJC8YnaEz-_dHQ0A
6.2390223,-1.1672486,1,0.05204345847240466,UCUbz8JgxFWoYEL_tjJnG1DQ
8.705396,6.636085,1,0.05091239665621705,UCUcIj_OAk2kd51GMBoqF5Dw
4.9051957,-1.7302551,1,0.1122974266368284,UCUcYgGJOQGb9vLjH3804qgg
9.135763,2.1597116,1,0.028564973580385455,UCUcc61QgH1PpVTTYM7sPokw
10.798279,2.0090594,1,0.09501706379426961,UCUdeDQRwJJv2lIMVjq0jwbg
2.5781076,4.4133077,-1,-0.16078269148029345,UCUdfMjM7jwdYc6hxPs7_P_Q
11.0665455,7.9549694,1,0.06942907256176734,UCUdkIjy2FOWOX-gBzsiOSIQ
5.5893207,9.181214,1,0.06375311717316678,UCUeAIcI2klubl2pUn2JX9fQ
10.778246,3.1146777,1,0.01136852908937086,UCUeSfdhkSWR65NsHfOkBu_A
7.851439,-2.732266,1,0.09580481069419211,UCUi6SmD9t7L8YnZxDQLwvbw
0.890356,4.7668643,1,0.07912328663137458,UCUjOlqFAlN3YfPGiCMCrwdQ
7.7906513,-1.47625,1,0.13493804720573832,UCUjZOJznRf_NnwFu31KXr-w
10.586132,5.733194,1,0.10111424796523288,UCUjtx4qHm6XMrNdZXt8Ee-A
7.5966034,2.2527037,1,0.0865676549045652,UCUkeYMqyGxfiOkEqBpqm7YQ
1.6681956,0.7752059,1,0.08098582517986952,UCUqQ92MRE9v-JzP6r4-Gg9g
11.6757555,7.287985,1,0.08511223434510251,UCUr8JbXBq7Wqm6VlF_UoCrg
9.439594,7.634439,1,0.06983820857333978,UCUspgbblsfoVfy9H_nZE7Jw
6.8542056,1.1214907,1,0.0946396374304258,UCUt5zhiX8GZTPUThiXGAOEw
5.8417053,7.450363,1,0.04976623446459422,UCUtedbv70CB9HVJty-RG4Sg
8.922439,4.3132463,1,0.06074322500946788,UCUtssbb5P6_9IIpmDAIB4bQ
1.6898392,6.130347,1,0.09195317816188459,UCUuBEBzneee-q4b-U5tXQ_A
5.042573,-0.9957378,1,0.10908092301647088,UCUv6iDRbILxcN73nmGSJosg
9.994881,5.7776146,1,0.09239970766669969,UCUvFPA0ktTkZ9flnVrqbTdA
5.391884,-0.06645219,1,0.07688126908341708,UCV-z7WGW4VW2BHhSAx1cBWA
9.195677,7.974953,1,0.10811944054153771,UCV12cNem0ZVh2uO3neqXdRQ
10.242986,5.5926285,1,0.08347754278619901,UCV298b0dGtqTDCeOOo9fYaw
7.3845344,2.1408348,1,0.07214881415691932,UCV2i20IfuXEfRoB30s1SRuA
3.3002963,7.465209,1,0.08711819379302116,UCV309AtZqwaitkSXgoNScFw
1.3685852,5.6532383,1,0.0891084203084972,UCV3VsxMT_zBnOMxfMMmn_yQ
6.5702853,-3.0101497,1,0.08937679346291855,UCV5saiNPvDIkOnGgcMdC4tg
12.303583,3.7514942,1,0.10448235889897084,UCV5zjmNdYEDfKLRRwPR4L2A
7.229558,2.7050943,1,0.031376351568543404,UCV6FwihAYyx5n9aSOZGDlbw
4.7266493,3.100187,1,0.006983026297348427,UCV9ZPHxCFnrf1BfbGWCLncQ
11.861493,1.4880217,1,0.12440790045217437,UCV9uANSvyGm8Ku1szG2zv4w
10.493282,2.0860128,1,0.10022597812510664,UCVCRUztC2VDqLtdcSqjyPSQ
8.274441,8.999629,1,0.10742554489709888,UCVCUs-xHFWERqMyXxgLhWWg
2.4154282,0.83289903,1,0.03298129259433663,UCVD4HmAHzpBa34MFYvPcLdw
7.8114505,1.149415,1,0.09440638181562644,UCVDtkX7LZmOSzOkc2VVELFQ
5.78184,-2.3666632,1,0.10138968443112745,UCVG4fnmDpfQ6U1ovDWdYtoQ
10.940574,-1.0894635,1,0.12104740973615302,UCVG5Q0liFyRhlsbfiNPNK5g
8.647605,-2.313816,1,0.13026587665996853,UCVHX6pDzR8y3lQ1jnWncLzQ
0.76264775,4.760873,1,0.08328514726784103,UCVHbZr9rieS7kIGIJJypyLg
9.287534,7.1101794,1,0.09564576228939603,UCVI416YJyz2ziQxP7MN_07Q
3.7637343,3.7116508,-1,-0.11272165225722641,UCVIZe_89OvywjoCT4SDaNVQ
11.293748,2.3785925,1,0.09582099648987263,UCVJqQMNwonLqzJS_hCYNUYw
1.5592884,5.8214216,1,0.09248353928585396,UCVJub7H_4OycMS7x6gECOqA
5.724767,7.8535004,1,0.07590630506175627,UCVKyc7iMFgWTNlKE5VSH21A
10.06766,8.1797905,1,0.09857334605425105,UCVLFzpX6L1cWJbQuPyTVACw
10.077659,0.7509537,1,0.07163281115932318,UCVLG01tK4sd2XcL-qrO0x_w
6.4924097,0.69940907,1,0.08058582387127011,UCVM7wBVTe0s6xQrP7lVVk-A
9.912171,-0.24835308,1,0.13709881171277677,UCVN4yg1Bc6PO8D038HpFa0Q
4.6429873,-0.99179435,1,0.11394380034798901,UCVQIik5tW9CAEddxsRk0leg
2.5229666,3.0714307,-1,-0.03972364019225694,UCVQXS0L9lR5SSoonw_szjEQ
2.9375865,0.30092955,1,0.08010160152416868,UCVQowlIpahvL6vw9iJBO24g
1.6384869,5.4791102,1,0.076750977583106,UCVQsfW9lNwK2duAKaGirZrQ
4.17863,5.371674,1,0.04580863431238136,UCVRBIt5M04nObbs7RN1YAWg
9.450642,-0.18038908,1,0.11396943385400271,UCVSAOO7G90-R0DgwPtMj0lg
12.574036,4.3824286,-1,-0.023934226135527426,UCVSBJTfR3DtmJy7MCOdjCOQ
7.3744063,7.538867,1,0.08026746342144092,UCVW62rS-YeoqFArCGMTNkcQ
11.242621,2.6518846,1,0.09648113410563863,UCVWNT4WsexV9-D4fTaIcuPw
11.030403,-1.288535,1,0.11576982532428248,UCVXWHdGpNz-UIzurXREdt5A
11.972209,-0.012470011,1,0.11725435822815122,UCVYR_d7nmNN5IrwZikGrFOQ
9.641503,1.0871295,1,0.10461259406811563,UCVZC976cRqHEH2kO_LpvG6g
8.46643,8.416842,1,0.09827273253174063,UCV_nC_NwihEsrye1zKn4rgQ
7.718816,5.157133,-1,-0.026114699387028373,UCV_wLMJaHua5Ve0-f_pb9UA
10.97946,7.9218373,1,0.02716225579351733,UCVa0CBM-4g01NA-vvM98vPw
8.093207,0.7026463,1,0.10649051561587392,UCVaK2_XYMPNGGwAi_fk-gPg
5.725692,5.3430347,1,0.024216523796016465,UCVbSw9d0zu5PxG1qXp-Vpuw
3.7697997,8.390632,1,0.10726252286475163,UCVbvDTLdcrjBZr9ivHLlmyw
11.462157,1.4737436,1,0.12532822267378513,UCVeGgrpXnrDLO8BRcmwQvmA
1.3895395,5.7925005,1,0.0866533107070398,UCVfh0b8WgMb0swTr_WHzmxw
3.0410967,0.054897938,1,0.09650104849630747,UCVhXJ4Bh4Y1YwCcPE_A5lBw
7.430403,9.216522,1,0.11659768376131796,UCViAuJMUEl1qLnhTIjIW-oA
6.0698442,-0.9023848,1,0.1291549047836848,UCVik1TAuxknvPJmiw8wKRbA
11.423216,0.48139164,1,0.07872107856499655,UCVjKLwgkH5byOastzJgEoSQ
8.957305,-2.2755873,1,0.11904126164209072,UCVn0hWuuttq4y7sKY6BayDw
8.394636,7.851234,1,0.1084013681935378,UCVoK0gfOyfxlt7Dn6unO8kw
5.667855,9.368425,1,0.09460103314535423,UCVod8JmNjpPBHx6psVU9NvQ
10.477511,4.205851,1,0.026169937529857523,UCVowaBKY8M7I7u_JHWEvS6Q
9.69608,0.49653992,1,0.02464958167393161,UCVoyI7ON2kx-yPZyCeOFi_w
6.953916,-0.781028,1,0.12143412262873526,UCVpLv94y2gI0dC9rByI9bUQ
3.9939537,4.0377765,-1,-0.019977166592399453,UCVpjhrIANLoaBnTcdA3zuJA
6.150286,4.437716,1,0.02807994495322641,UCVpmOLPFirArA-TCAn4IX9A
11.915213,3.78683,1,0.09740182332632763,UCVqdyGEzaf7tj8oBStzFhEg
8.129796,-2.4328477,1,0.08607549777583273,UCVrn-chmHzhwD2IGpQkws6Q
5.177313,4.2321997,1,0.0037820832715075303,UCVs-XnCruTq4wkybY_GuyHQ
12.559015,3.0621157,1,0.09054082710080114,UCVsWBPtH3uPr2BdT1XwItmQ
2.3085492,0.43154722,1,0.0759860761325345,UCVt9MPJRkAN3-8qsWXrEgsQ
11.837981,1.08293,1,0.11243562314829864,UCVtVBlTSq50vq01uNm_pJbA
2.8384354,1.348106,1,0.09389183599633855,UCVvJtUy3rbzBmNU_ZKXjumQ
9.911286,-1.4446065,1,0.12729152278016925,UCVwm1ZTG5LcdrecJQvzJ-6w
0.88309205,5.2245293,1,0.04856889409005999,UCVx8F2HImxTEalRqFKtlXzw
1.3949423,5.401894,1,0.08364560910432722,UCVyL8wxWp1HJjVsyMK_bJ4w
12.40628,4.637349,1,0.028797333671964742,UCVyTWVHxxAGZweLMKNu8rxA
6.924799,-0.87370944,1,0.12152393969472403,UCVyWD-I3p-5vvNgPG4fhrRA
11.327449,1.215174,1,0.12175174287955437,UCVye602vK1Nwas3QkJfbfwQ
2.5002081,4.42936,-1,-0.2014450864307581,UCW06dnIv7L5RkGagM3Pneug
5.1858926,-1.8204951,1,0.10708108752422196,UCW0ROCevI2v4IPDs_1LXIrw
9.156987,-0.026559003,1,0.1266207150151113,UCW15IE4KgOefUdfIAYq9Efw
6.0067058,4.6338615,1,0.051432390964011365,UCW3IL6JICkJLuGwiTLC63GQ
8.362621,-2.6118977,1,0.10010153561688068,UCW41CKWFYU6-J4noJpzxmkA
12.334759,3.0732744,1,0.08519675272237448,UCW45YvM7iZR-lonKDO2HJ0A
12.541207,3.3661802,1,0.0977113352152722,UCW4z0FG7FJWnXhBz9SKtxcw
4.6845093,0.27787247,1,0.10356337237327484,UCW5DJXxg8O9FntzoF9yjvCQ
8.493019,-0.60996157,1,0.1336282057247698,UCW5FUVS6jZtSzRqNEz7vuzQ
7.8231277,0.89373505,1,0.0520054161631574,UCW6UQh-EtCpVbu1NjNGS5BQ
6.480251,-0.5949273,1,0.08218206168657899,UCW6_RAVIrP2dJhOTydzhnSQ
8.894799,-0.60260946,1,0.1306513749076798,UCW6uaPPRC5DsEI_bLu1TqCg
11.553446,6.1562405,1,0.04205714788008813,UCW6v6HOZ9aEbiTpBEnOWc_g
8.132059,-2.0288506,1,0.1159451572441293,UCW7RoHzkSKJEomcdB6EWQcQ
6.5662804,-0.13890135,1,0.12014756407067112,UCW9L9KVcoIaNopqypht32gA
8.065172,1.4344562,1,0.11332925657389592,UCWA6iumOviQ5ImqJVKiq74g
8.416056,0.27378872,1,0.0902295950018539,UCWC1K1JQboHwrChyg0iZZ3w
7.315887,6.7197394,1,0.06324012752793101,UCWCzB6NxSqKU7j7nMjxxTlA
9.569811,6.793726,1,0.0799834561544352,UCWElNlzxxV1ThxxwPlnCV9Q
12.720106,4.4985237,1,0.001881128212488814,UCWFg5RJpyxcKpe_OMk3-SvQ
10.485258,0.031747352,1,0.02777099757030982,UCWGX1-XAiLtGJpq1cY4NN5w
10.331553,0.73277605,1,0.11625747443170259,UCWH9-wvO4QtoAVvW3lkpGuQ
9.932495,-0.7414382,1,0.05774797184538094,UCWHjnNwHbqy9CbVJs0cT3yQ
10.50362,7.6642113,1,0.10925946949998327,UCWJSVicdIws2XQAsS8E0MKw
9.492972,5.7937818,1,0.08442482097560627,UCWK0nYOOJxldD3eNaMMS8Bw
11.4929495,6.5967956,1,0.07444721043235208,UCWL6D9x9NTVlTNqWLpMKnsQ
6.5973854,1.5004876,1,0.06643099377478479,UCWLWuEPoL3JspLu-tb3OFSg
10.681437,-0.040744066,1,0.12738759098051072,UCWMXjC1mJ1zwMN9sQctxfIw
9.983161,-0.96333915,1,0.11763239110445745,UCWNzkbM0KRGCf1R3QC7ZtiQ
10.490648,7.36546,1,0.04260637696457259,UCWSWTBReFOvTiRoh0OqG3SA
2.5572114,4.4024777,-1,-0.2285013452841712,UCWTJUG7teA29F875p4R869g
1.1981332,1.4329702,1,0.08360836076599171,UCWUGaY-MfpwfjJ2RcHm3qsw
2.2045293,7.081266,1,0.05305286185954117,UCWUdhxKgdDNC-BO15AVj80A
10.034177,0.30152154,1,0.11425590949552394,UCWYL7LbGgjjlJcNnoC8mSGg
7.5015583,8.277626,1,0.08869183593964897,UCWZCu9jQ6CmMVtJbxUF6sDA
10.7923975,1.1391943,1,0.1175480411219908,UCWakdecp98pAe66ZqkDgb0A
7.49908,3.0437856,-1,-0.014681826209373305,UCWamAT8Rm1adeRK1CuYG8Ew
1.379433,1.0575879,1,0.07466305886887814,UCWbBXg0jbhjgeieRYmr9zkg
4.667769,4.299208,1,0.022607576052518785,UCWcoqhvDp6-0LA0OUC_K7nA
10.80059,1.1754589,1,0.11626797067576244,UCWgzAQxVHjb0HJRHsaQHuZQ
2.3596509,3.5442114,-1,-0.10939996139161079,UCWiFUTvzJgG7XoiGB-OvZ_Q
5.010151,-1.2571714,1,0.11344066861180924,UCWjBAfE91nBdj0R2mrYHcBQ
12.315161,4.753507,1,0.017703413360854403,UCWjVrEuj6j1Chqmxon51d4A
6.477893,9.300306,1,0.10769276650941212,UCWkQfUFIJK8zUvfVnrcIlgA
3.427461,3.6905665,-1,-0.11521848763529541,UCWldQvEUGvhqMKOwcWV2JMg
7.442561,-0.90927994,1,0.13104656068975917,UCWlgrPymojtiMJLWDUlzQxw
10.900426,6.647419,1,0.09056981761617044,UCWnjwkVos8xyUexam5s202w
6.2450953,-0.5718085,1,0.07603372356815447,UCWq8uNX3So8mlRsCfRlX4Yw
6.384499,-2.4987433,1,0.11959369681153331,UCWrBPtZxyBIowmbsFbnigSg
7.6766486,0.65788853,1,0.040780746595820816,UCWrya5CScMak0zApNygJDUg
2.3270063,0.5483517,1,0.07195291354884015,UCWtFYzhucdXffX7dfZii-dw
5.182547,-1.3999481,1,0.11516594399315827,UCWtNc69664m4sRUF0OjZ9eA
8.875005,6.5990195,1,0.0202265517144376,UCWwF2uJkkBkpPhWO-B36l7w
5.4040465,-1.8495297,1,0.09580987833511012,UCWxZfmOsuvljH6qrIBv-cIQ
8.177451,8.683313,1,0.015307561200443576,UCX-N2V1gTQ2eGwkOXarRMBQ
9.232123,7.7432494,1,0.09876275248441074,UCX-Zm4p1ddD8FIAHfg7PxaA
11.033601,3.0654116,1,0.05651480500895567,UCX-ZuUxKsoU0dEWBdWLQS_Q
5.1167674,10.32196,1,0.08099270389413765,UCX-iwdNZUH_FXrWkQitHw-A
4.0303864,8.5667305,1,0.11225204485322576,UCX-qX5S2lw-s3Kk8A8bLKGQ
11.603954,-0.6406197,1,0.11927179102704188,UCX0VevQSmnZ9ApLYcVsBYZg
8.12237,2.349464,1,0.08238984482565459,UCX2y_mlOSyclJlMhiftNR_g
10.80898,1.1922184,1,0.11521340499110044,UCX526cq3cCBZIaFnUKaBngA
10.336947,5.7246113,1,0.08171127156554958,UCX5BqUmPQ801xipR8rlgUUg
5.682428,5.3495393,1,0.013878942158645324,UCX8J4DGT0-e_DYwsH8_0FZw
2.7610967,1.7198836,1,0.07300624396669642,UCX8W4liwnD6Z235h4z0nnCg
12.556981,6.300482,1,0.005618492031908007,UCX92uMjmM1UW6qv6npMphLw
5.7332377,-0.7527013,1,0.09996453662243798,UCX99P4RCXopzBCRYisfWelg
11.127947,5.113873,1,0.026089235528670207,UCXAMpzrM5M9tHn4THru_XXw
7.482567,8.704417,1,0.11722499604817316,UCXBD33PtLif6ssMTrJG3KPA
10.561476,1.3574784,1,0.11595042542820277,UCXBzbLJWq68_2kcV_n18aYw
3.0882895,4.4582458,-1,-0.03667974271359997,UCXDR6O9X8TiuM5cmMhBY8yQ
10.950963,4.89182,1,0.10221002928130712,UCXF6AmFN3PSkK4L9wdOBb9A
5.2464113,-0.38172495,1,0.10990086821242856,UCXFQk-XL4zrERTrR0xfD8Xw
5.1617527,-0.26703674,1,0.11394051619896994,UCXFy4E6UuTE6iEuAJR2gePQ
7.3220763,7.98645,1,0.09781073349220487,UCXHQmITVzZA-O6GMoMI9fJQ
2.4412115,2.0351698,1,0.05072095526956327,UCXHi5PcbD1ZKBJmscllLQbA
6.859663,-1.0163839,1,0.11723674733726969,UCXHmYMvW8bv3IsoC7XDRN0A
9.393155,6.6920376,1,0.09740831898109886,UCXHr3gGC7gg7YEPrN2-o0wA
4.167779,3.9424996,-1,-0.016590803520381114,UCXIJgqnII2ZOINSWNOGFThA
5.9051423,2.1910834,1,0.06616163862069296,UCXJKaA-iUjowh386J9IHl_Q
9.640209,2.561333,1,0.08423024206552843,UCXK-HLThVl5Co6TZMdYtIlA
6.055604,10.208451,1,0.08248205118901003,UCXLI92C_uigZZesZY-Tdakw
8.243081,7.715625,1,0.09491811178661408,UCXLU2euBUjGmYFETupvOKaA
6.3576584,4.7548165,1,0.028468273234546704,UCXNsZ-xUc4UYP2MXuTASKww
3.239007,2.3864937,1,0.029115418894851475,UCXNtXq8h4QeA6b0qHhxEDUA
7.6068087,-2.6022077,1,0.1146872793233642,UCXOHvKAvl19adqLbuapVuCA
7.872071,0.87514555,1,0.09459558522880662,UCXP5hD8nCSVa0Hnl9WMHjuA
7.9741287,0.28318784,1,0.07691188529139142,UCXQJY-uttpKZ6lPPGooYpyQ
8.549304,0.6116717,1,0.11605835522890456,UCXSThWtKEoXD7sxVAdFpANQ
10.171656,-0.25228828,1,0.12117426786562613,UCXTn5mNIPuf0ebK_Zf3wdug
8.799715,-0.14823197,1,0.11914392990081407,UCXUd8BgXOLOc6EVbVY4AMyA
12.844371,2.2341864,1,0.08201352755684138,UCXVHX0Y7P2RHBHR2dwN5xVg
11.000667,4.7860904,1,0.047613983253387226,UCXVIkv29htA9rNr1Tibgdaw
5.519497,4.1667185,-1,-0.06855007606431618,UCXV_GeMRDlgaZY6lctkCs3w
11.483415,1.2492324,1,0.127628222902473,UCXWJ6Ud2EZChwQAxWzAQfWA
8.107924,-1.6879922,1,0.12331959644769991,UCXWSBvj3019Lc60oYhhFBRQ
11.272125,5.806958,1,0.06706171632902436,UCXWeeA9ksZMP3dkr7dTSizw
8.473627,8.361115,1,0.11581406267026384,UCXWtqGeTomxiWZYqJTcLW-A
7.5681276,-2.3256962,1,0.0819159842793204,UCXXQdiW_VYuMhNJE67dZhuA
12.433635,0.74622893,1,0.11037868533343531,UCX_y-cDDMqRkKaC0o5NkAAQ
11.418816,0.0083861565,1,0.13118122162096607,UCXaKQI7nYn_ynNykHGzdKWg
11.21089,6.2429605,1,0.006908631218838279,UCXai_F3g7Dh60eATRpdnVsQ
3.7620463,8.489247,1,0.07815573220969996,UCXakE3_Q5xlr86TBW71leyw
8.5408535,7.164843,1,0.09965175769160267,UCXb02p8d5Cvyc70qZnNqH8A
10.500114,0.5256922,1,0.08572609036501916,UCXcbM2lA0cMbWFWod5KX8UQ
11.589477,3.687519,1,0.08611945517385572,UCXdPkCQZDgWaxopiqOg2Rhw
3.8176405,4.6677237,-1,-0.03961801647792451,UCXf0hVKWTlPy4G8AZQV1xow
11.90008,7.6487265,1,0.07184497621341895,UCXgC1XAWYlZFrtWbvBZl18Q
4.2281666,-0.42820632,1,0.07010730612636384,UCXj2xNgzLlQv4vkvb75djYA
11.781383,1.0514355,1,0.12623125497219123,UCXjtCu2Iy60jzCfliLtGu5g
8.287648,7.7220035,1,0.05099926733698712,UCXkbNIDuZL9wzjfIbHBmukw
12.513026,6.2471585,1,0.025696964842088055,UCXn4Lz9XWLCcb2s3GDh9COA
8.561392,8.291222,1,0.11040388830779274,UCXnBfpSjd9ZBABQr5xetOOg
10.495854,7.74333,1,0.11761517953789596,UCXncRhMyfyZC4KPuwrECTfQ
8.987813,7.0603056,1,0.10890889101304901,UCXnnVj7Q3imjvyDEroqFpTQ
3.523445,6.4155483,1,0.03366759412838144,UCXpguLik07jLPBK7XxwpTHg
3.8816106,5.59581,1,0.03826942025519753,UCXsNNbUQbMmHs-CaLnwZdrA
8.56325,2.9345262,1,0.07380022859689112,UCXsXVM0yB4pr_O8Ym9JdkNw
5.72357,7.904065,1,0.10198353723578168,UCXtBfk1oannBCGGI8YSABUg
6.0982013,5.297655,1,0.03631303302627631,UCXtOnwla5LobF9TKpGlD02w
10.011688,1.3703017,1,0.08924602027357786,UCXxZrzmQ_Lgz-wfS_hJkVfA
11.666439,0.47202697,1,0.08698000276314005,UCY-FEREOBP-MqXdVAN3uM8Q
4.11924,5.1089573,1,0.045555628575679574,UCY-QQLqkedR1LeeA8XrzPDA
10.865986,1.099657,1,0.11696747751914305,UCY-YziUr4rws9oruHdFaLQA
7.746308,4.228671,-1,-0.05515869067432022,UCY0scOkoXHUZ7UDP6JNCDlg
4.05489,5.477893,1,0.047198354260216124,UCY1tAp8R7A_-RUpj6WqIqFQ
11.5215435,-0.4464622,1,0.13554355681052266,UCY2a6trgIn6ds7V-Z5TslLA
8.710686,2.4525023,1,0.0516788781781114,UCY3oJLso_yBnkBLHrd7G8Zw
4.1070232,8.759122,1,0.10215532615741496,UCY4PKr-Nz-EMZm9BYhxyVHA
8.455311,8.591522,1,0.09319843413535028,UCY5bieqDuJqvS8KliPMjCQA
9.741551,-1.2472318,1,0.12057988870318026,UCY6dM250bnwdWvolOvLZ4rg
2.5499558,6.498151,1,0.08745843510415502,UCY7VQKeXxVvhOqOJVuMCrQw
7.633989,7.670523,1,0.08098922205906878,UCY9r4ng5QpxueoCIli5bMCA
1.9795378,1.3361849,1,0.06304620633021374,UCYB8MsDWw0poWJjYeqqp7lg
4.8310027,-1.2091857,1,0.09683004533596912,UCYCbHnYHitQPluMJmUc1iCA
3.795708,5.2036133,1,0.030003722682646727,UCYE_gsOQkdnReSPncZOBeZw
11.73553,4.6584115,1,0.09251332580476163,UCYINwzr06RTBQXwH3-ND-xg
8.699118,-2.3332722,1,0.07527375399985681,UCYJdaylPGoi02oPXEBxg2tw
11.875675,-0.050144278,1,0.06882318723682584,UCYN4O52ELctv5jXCuwL59iw
10.524893,-1.0203604,1,0.11851174987672841,UCYNwmZ3hiWD0uHhYmeoVxBQ
2.8003597,4.3401036,-1,-0.07837817879066644,UCYPG3NEE1yB5CCA07Jsy8dA
8.751743,6.1329317,1,0.0586233478149355,UCYRS5awJwNdxmLBJxCYssbg
6.7653375,8.637116,1,0.11844852213296098,UCYRsduRTz3am5vlZTPLljjg
7.6653113,0.67451715,1,0.08770668363077272,UCYUIylRaMPkchohdbsBKCFw
3.179293,7.6836934,1,0.09162852801012855,UCYUU-4lEN8TtDH1J_Kn--Iw
5.350661,9.058303,1,0.09586777070617664,UCYV2Xdsba1FNZgROVBvn4_w
9.136937,7.613788,1,0.10533930996154561,UCYVItPIo4v-RUQGs1JuKC6A
10.281943,1.6933885,1,0.12598998397809552,UCYXnKZh_LiPZvZX3ftYUdsA
6.1644397,-1.3896626,1,0.111211406181979,UCYYWMXeiVa03HkGqjY5-yUg
12.127781,6.5031095,1,0.04789371342443949,UCYZu1kH-8vavb2GoEddIFxQ
10.517442,-1.5472841,1,0.1254342005068388,UCY_DxPM3NledgNzkSLcVZ3g
4.55547,8.712863,1,0.0842922737423708,UCY_G8H5wzdQVZgCVaBnDhTw
9.756625,7.304756,1,0.1071045661822928,UCY_snYiHAD9kRR9Zl7QAGOQ
12.06587,1.9003397,1,0.09484244684142212,UCY_wvoaFSLelDTpQjBcy3Wg
1.6992557,2.1746068,1,0.04339407498822723,UCYa4gI0xjeammMXQKZNqCrQ
11.817916,0.37791306,1,0.025117637482025,UCYaIvjrrHn01u0ka3jam4SQ
0.9729011,4.2570705,1,0.0663638025332014,UCYaJw0xq3QBG70TaMW9xRyw
10.543482,2.7924998,1,0.050880493158205475,UCYcDtJAJgxxmrPOu9SkFyIA
3.4129477,0.65966386,1,0.050610489299896366,UCYcz_T-YBkpZPopvikFigNQ
8.813028,7.7929597,1,0.10784935690965947,UCYeykUtMFITDWrFrxsAzOTA
2.820721,4.4557037,-1,-0.07124984891207031,UCYf0LdbCik2vYpYfkcKtYYw
10.221132,6.3865533,1,0.0883833180366097,UCYguH5ur20smWpmqgfpB9lQ
7.1085224,-2.3047068,1,0.10616212804390718,UCYh8JBtZDvuztWjzZRDC1fQ
9.678801,1.8730874,1,0.08307230134749999,UCYimwMx8oFM5yGNDHzikeGQ
8.471056,2.352007,1,0.09772547417790067,UCYkMq2gR6KBnJKIDYgurm6A
6.528516,-3.0503318,1,0.09363493146564278,UCYmPJQQQw5PSfcS_1P0AnBw
7.2875853,9.275522,1,0.1159228417989574,UCYnF61nvh73kk0ZuBZIteaA
1.3704232,1.1997738,1,0.07010384902503247,UCYo8jHuwRR5_L7tj12n0KfQ
5.8401346,4.7315845,1,0.005881268809435236,UCYp01tbXes4vx2ZlBc2Bk3w
3.2749298,2.9457133,-1,-0.022626926041183326,UCYpihZIr67Zv1cWadjaktLA
3.4126067,4.0188603,-1,-0.08942375315461748,UCYqMjj0iV_DouX_pmwr61Kg
5.0620627,0.192097,1,0.058629165626781776,UCYqn_Tt4fbyBGgc0zXAsMog
7.4742107,1.6843672,1,0.045414948313307335,UCYr3_K15IoPX7MCMCTtwJZQ
8.380034,8.224607,1,0.12218426855109799,UCYrhloUV9s0FHoOrzjpTilg
6.4014544,-0.96954143,1,0.0956570944025395,UCYtKb_g5W7HsmrM6N67zu_g
3.5165038,1.2478939,1,0.10251603894870276,UCYwjk6ITE41i-xm9-Ghk1mg
7.5630393,8.748866,1,0.12189510163334272,UCYx1T58vCGlDXrKBur1giOw
10.669552,1.48394,1,0.08530096338618076,UCYx3ahm6xdUDR5768L4Br_A
10.267559,-0.1030091,1,0.10890028619054676,UCYy-mdQNBMf-xMe5UhGXTig
7.15034,7.8982577,1,0.09191908464094867,UCYzVj6yIMG7hb3fIIGy6pvw
7.3694963,-2.4209447,1,0.11391246082371365,UCZ0x_B_vZdYKfNT5C7Lpy8w
12.3744955,6.8069973,1,0.03481620217586867,UCZ19M3sVDanKWSJ-HJd-zfg
6.6356916,-1.5164158,1,0.10662483424650104,UCZ1PLzkX0NDv9qP41G7Ojtg
10.481698,8.350557,1,0.10882682578636799,UCZ2Ex7i75pJIe0D3Rp6S3iQ
4.1957035,5.5796967,1,0.03930731878973026,UCZ3BezaDAGVkAi8nBLAfcJg
11.387433,5.9260907,1,0.10135977050761408,UCZ42DcQM-dSL8QGIqWpWqEw
8.219465,-2.5647511,1,0.09329791313633223,UCZ4920aB2h9g2uMu6-YvJ-w
4.3449597,0.39498955,1,0.10246649800781071,UCZ5bC-ukRfXLj4LrNpir1ew
6.7042503,-0.61881185,1,0.10757360358087364,UCZ6Q7fw-fQXc-3U0Ex6rVBw
2.6803243,1.5340133,1,0.08718020865736753,UCZ6fJo1q-MLfiQhBwoYNBug
8.532465,-1.7935623,1,0.11821611212599586,UCZ77R8-HDdtT96IyVz03eqQ
7.4265037,-0.41638434,1,0.09379691570384902,UCZ7P2OBr4fKPtEojOBoiJSA
9.829615,7.3647165,1,0.09352243274155886,UCZ8FdDKlPWVCsUxjKq-3ysg
9.602957,2.7838264,1,0.057151886816674546,UCZAMQaHr3N8rh-DMw3Qa1cg
4.2776127,5.306238,1,0.02018546039002822,UCZCZsrxwH51w5NFgFlXa1rg
10.266274,2.7296991,1,0.1034859860006026,UCZEwl50kq4uTCknw_9MbJNQ
3.0436668,3.984374,-1,-0.20630636162877503,UCZFhmduJg0xnWAKZTxLsEFQ
12.843376,1.9536593,1,0.09092979048193534,UCZG3O15BF7CbmjSXNbQ7hQg
4.6717525,3.8064752,1,0.03133902219560192,UCZHHzf2q57b9ygeQskJ6nNw
7.2010713,3.9403858,-1,-0.07057221421232829,UCZHsGZLCHVl293Qz6lV2J0A
8.847614,-1.1884582,1,0.12145753276957155,UCZJ4MywxLLotC80ryojvDOg
7.4443374,2.1416738,1,0.07389978263906194,UCZJIhNvtqbpAh9KMdxhftYQ
2.8517115,1.2151774,1,0.06657479326545712,UCZLxLL-AWWmdupXTKM-ImsQ
9.668071,-0.5016491,1,0.10522003204167862,UCZOGu-eOnDaOcvEsTd-aNng
10.34479,-0.79270864,1,0.13537244290505396,UCZOQL7pTXkvwvjg8tc3iVlw
6.2283716,5.412139,-1,-0.007058445199141117,UCZOd3_lRxKKKTkmMP69LXUA
4.341274,7.65626,1,0.08790752075678021,UCZPftIhYeCpUhitisYULO8w
6.046577,7.3048344,1,0.022802179217758956,UCZQUGiBlm9S6BwPxnWoEUAA
12.632896,4.6472354,1,0.012209229357405094,UCZRzMEvyYclXYMAmX63COFw
6.5025597,-2.3053138,1,0.12284856820776191,UCZTXxXcmmw3OUEe7hBHVvVw
9.929098,7.8238893,1,0.07582909185568093,UCZU6WSYDo7EZL6uWyTiSnvA
2.135625,0.33545896,1,0.08546732727047884,UCZUgI9EwkPTyGnVI7wcAr9w
7.838591,-0.6101738,1,0.02654879171061969,UCZ_V8XcGJySMuYpDV6lLisg
2.3114893,2.4235456,1,0.04152489495326206,UCZ_oyFiitOuX4aEQrIcSiRA
5.04655,-1.3729838,1,0.08605520091744445,UCZb777DMB5rqO3zHnapML7A
0.96012866,4.4653125,1,0.08261794028556602,UCZdEnGWnGcbSx4lFf_ivXuA
12.5972,4.2871666,-1,-0.019747955847849163,UCZdcSr2XVOvykMX0ABE57uw
8.318007,4.6297445,1,0.010621256203283247,UCZfoMQlyYjnzGugeYPew1yQ
4.732595,5.189512,1,0.02587740929315241,UCZg6Mg0JI19wx6CeKnIGcQQ
7.3453593,8.140577,1,0.10275099811808436,UCZh60tvQwBhaNTgpFPtSYpw
12.022354,5.9385996,1,0.06620707292830819,UCZlHyBLK5hDG4jGQEvByFvw
7.3178434,-1.7893919,1,0.13484945586120123,UCZl_3gUANpkk3ieQaGWwS7w
11.660846,-0.35391718,1,0.1314371789425295,UCZl_TpXWqlbDhZbBHneaHZg
5.258105,7.827344,1,0.03976485320375456,UCZmiJlWiRgbQBrFpyuCR1DQ
8.766965,-1.0100126,1,0.1236675816567196,UCZr58Ghknr7KN-JhgH4nTOQ
10.190149,2.14246,1,0.1126606430621524,UCZrUFS8ez81-5EOE1Qk5nOg
4.9418693,4.4182463,1,0.05496715859975315,UCZsZAS_4dAC0LRH7BYO1CRQ
4.017293,5.1255255,1,0.011445553874742942,UCZuEcLFgCPaMrMAtTA_nD7Q
8.080515,8.866847,1,0.10051977356980368,UCZuiianifWmcvo8BRck1eAQ
10.372049,8.2425165,1,0.08339055925911543,UCZwE1bPmPcWQ6g4xd66uG-Q
1.9719071,2.0663602,1,0.05026271851867442,UCZxUabREVs4T7slSDd5QUwQ
1.823769,2.2476962,1,0.03846319027197159,UCZxk1By3u8Ud8WdliERahsg
10.873642,6.786416,1,0.03201105654552999,UCZys-FEh1c0pMfgi_tjiPOA
8.929031,-0.3265226,1,0.1343904798266709,UCZyzx4BV1o4l7C3ifnAyLvw
10.0497055,1.0488702,1,0.10724408497171278,UC_-tzh5XNxxYKm89EIyWdnQ
8.746043,8.363998,1,0.10935934846001799,UC_-uGeOCDGgSlHewGYwETDg
8.080872,2.9866648,1,0.050019046477484785,UC_0JK8xSBjl27pXyl5eYJYw
9.069979,-0.595995,1,0.1254138899503574,UC_0pJiuIUhpfUnwwedaT5Bw
7.4963403,4.9526467,-1,-0.18513383222890278,UC_1RwtUkgklSTtvIw2nQv7A
10.261029,2.902576,1,0.08199620019138748,UC_2dKf-g1wNPfj1duSF2pIw
12.696029,4.188604,1,0.02530599545841672,UC_2n3DjvV1-qXD_47BDoAhQ
8.918296,1.3280401,1,0.08598542885542326,UC_3jHCr_fXw68yLN2HbvRfg
2.831977,6.9646196,1,0.10026348982438432,UC_68oY8bUO3UYqQRogUXo1Q
10.546185,2.2156312,1,0.09626705277247372,UC_6O5Oru2O4-Aj2zPF8XSTQ
12.024426,-0.030702235,1,0.10036581624915092,UC_6pp8Egac-EDfRUEnpVJhQ
4.9562235,4.5336027,1,0.058496562191152124,UC_7nAoNyUvWWmWr7VOYtaaQ
10.765871,-1.2696455,1,0.12331684304217722,UC_8HyubQNHvT3Z8_y0F8L3w
4.4071355,0.2590203,1,0.09180628064146723,UC_8ZCYTGO2PoJJ3K0sbxN9A
1.0280235,4.0041637,1,0.07942483089663821,UC_9Ei3EC9cY9m-sFo88Lq3A
10.340675,2.0936868,1,0.0795944496352563,UC_A07C8TbKgS_awIgcoP-xw
7.280504,3.2309635,1,0.027521358852856503,UC_AhrJI9w0AQR7C0s7sol8A
10.780696,4.064762,1,0.10050089902511788,UC_B-_DhHdcufhDDpdeCIVMQ
9.635721,-0.63933754,1,0.12041279346111022,UC_G-2z0nn8dqecpVT-zF13g
10.461373,4.073851,1,0.08707265541636222,UC_GiTX8ajeIFynGdFRDS0Kw
3.92784,0.9224143,-1,-0.021352299433776367,UC_IDdQsJpvgqYEvgbbLp9TQ
5.9754567,9.0541525,1,0.10574755420801973,UC_KTRulcc2sMICLD-Tnrynw
6.2907906,8.104612,1,0.09980529596074345,UC_MB45H-uXwuWQkBAiMSb6g
2.2746873,2.7044373,-1,-0.02406896903605782,UC_NdIzCcPJlv-henfTLHHTQ
7.847297,1.401416,1,0.050683807375952517,UC_Qx5PaLlOXG8x2QJw4nuHA
4.3897104,-0.6186198,1,0.11268524984529149,UC_Wwql7XQrMm7BQWQ8Yi3uA
2.505405,3.609057,-1,-0.06971660996584883,UC_YWn4PChuaMtLGfs_PJ5kA
7.5540423,4.7381425,-1,-0.04422957253256343,UC_Z6W4o1PDjN8YHPkvbUpVQ
10.9829645,5.672486,1,0.10424900818289179,UC__Dih26WBv5UVB-qabW2-g
6.7660127,8.570686,1,0.09884889968029459,UC__dZlylIj2mAJPA3Y30S1g
7.0950456,7.8294277,1,0.07737269398434515,UC__eDVXNDXFgf2B8YPWeszA
6.3255243,-1.3773907,1,0.06747173495648445,UC_bIIu-t-5v1hcGI9w9KLlg
11.56012,4.443927,1,0.05739160817020034,UC_c4ZR47cgFTCTx8mKNI1FA
9.940331,8.0289,1,0.1032351111948161,UC_dWbkcmdjmk7nkN3JWlFOA
1.4813554,3.0542457,1,0.016212898340011495,UC_fX6---2V2e7gn3aJMA-BQ
8.489718,-1.7365714,1,0.11546772030935132,UC_fxE8dgQBUKoOnI25yf5-Q
9.783896,5.6899304,1,0.1080452753893002,UC_gHyU4rBnatxCsXASXjt5w
2.760249,0.10981983,1,0.08864753695703764,UC_h9-o7r-PqF2jTF4oG_tSA
5.506268,9.731305,1,0.09275003889306915,UC_jx0cHe2odFbtjqzoToW-Q
4.599685,5.1281548,-1,-0.020123338953901504,UC_l53DTpSycyUFO6whwSBLg
8.09626,-1.8971084,1,0.11317855592727,UC_lBXxHOtjNPl8hBYZAa8TA
9.77382,0.084822975,1,0.10784433252028197,UC_lEWEvBl5VkwS6YywayYoA
12.011924,6.275682,1,0.009910104677206544,UC_mty0aB-_h_a5NeFFUMNdg
3.5567489,4.5003686,-1,-0.07154925162633186,UC_nJ9xk77KKhDLQY2we0kgw
10.507187,3.2066007,1,0.07442235763406208,UC_ntpLnJrCVNxvq8GvKae2Q
8.703601,1.447985,1,0.10612331406164416,UC_oZV2rNP1G3DlnjJDBtV1A
12.435713,4.962238,1,0.03896109071096959,UC_qrNNh5_-yFULcm1rkyIng
6.8872786,-0.45480666,1,0.0952387284043466,UC_teSySwSqDm_Iv1JyP1Pjg
7.7596154,7.2873397,1,0.0677303457650475,UC_uppEi5wesk_xi1CnYGoAA
12.119465,1.2398726,1,0.12553631331839044,UC_vlX8H4TniygFd5YnommWQ
8.034489,2.8880506,1,0.01690898157040932,UC_vy9wknYR459CHvDzsnk6Q
4.6006155,9.15098,1,0.0778673554591015,UC_wcYzBVwRVKfrbdr-UjoiA
8.256841,7.474989,1,0.08395013143624586,UC_y5l6s6mSGni-xd6nVUc4A
2.6081564,6.041123,1,0.023002426857126668,UC_zumCPjENy7PTqDBOX6-TQ
12.389004,4.76783,1,0.07594412335524109,UCa-0WKXVWRt_F2PAgVZBmKA
10.546969,6.2409253,1,0.0025459330321603857,UCa-y0S1DujyXS6Or9cAeSiw
8.361215,-0.4257683,1,0.12516451477891816,UCa2x-ifN-0XlOn7y6jzvXMA
10.680475,-0.1034452,1,0.07329881307350589,UCa4tJeOKbZM9PuFRbj--nMw
9.665908,1.7264113,1,0.0689565207195415,UCa5N4qRDauavcuisJWA9S2w
10.574254,4.346134,1,0.1161600436536927,UCa5zkVteixdOHx1_zmRyJ_Q
10.813621,-0.59562993,1,0.11593137655186891,UCa6WXJmONhrq-auC5-8QpSg
9.044678,1.0170673,1,0.11401684288385205,UCa8C62ScOIzjH-AzVVaE0bA
7.643399,8.989004,1,0.11248875678329628,UCa8e2ZywSle9qN7Uw7GvzCA
5.490975,8.005236,1,0.0919469125589168,UCa8lwT-ihtMT3lcrwRZQjFQ
5.8366036,3.1230118,1,0.03491721776636414,UCaBD9dfGg9ysV4Wj0cP3ccA
9.310444,7.380655,1,0.10987018025447315,UCaDI8AoOQPY_ymKjFgwrNJg
9.136123,2.1987805,1,0.03052500781213241,UCaFX2-ecM9CzDQQ5Hmjymeg
4.471269,2.974901,-1,-0.07566854232191722,UCaHpXr6WfAavnmt4Rbnd4CQ
4.830032,9.574258,1,0.09786045524812065,UCaJQ7n0FCZdSaHWQn8M3Zlg
12.587254,0.9693308,1,0.07231888985310914,UCaKJjx_yGft0_qLK1DN9A2g
8.7776785,7.5875807,1,0.11386041282081588,UCaL0hXxgrn0icnkgs6_JTfA
10.387435,4.301888,1,0.0827453977658485,UCaN4iKHB0HMXz29NFwjSTww
12.238771,3.3863454,1,0.0660131939707509,UCaNI-oJ2kO_626qs9g79jXw
12.103331,2.6992965,1,0.07396617016428708,UCaOhBPe7jwAqiwZhS9NIgwQ
4.0090327,8.699163,1,0.1140741204210532,UCaPHzcj3fFYQV-t9OFamjbQ
5.7767315,5.820319,1,0.023019243452802707,UCaQuKN-Z1VtrtCc9Gji2pAw
12.593839,3.237229,1,0.07983587921224489,UCaRDJHvHkAvPvYcRSbg4Uvg
10.578501,7.8569508,1,0.11775942521218408,UCaRiLmr7ajpQEAwuhSTNLuA
6.2840724,9.161264,1,0.11052903343712317,UCaS7YxxHk4KpF4RW70_ZU9g
3.6919692,7.5664635,1,0.08796271399240385,UCaUNr9xoYgPNavKHqsTAHVA
8.633927,0.685629,1,0.11089508841024237,UCaV3zGTX97CrTGXzHdWEFbQ
9.359669,-0.05445033,1,0.11740148578304677,UCaVVb5mK2XSGCAGDFT_nh0w
10.816024,0.99982584,1,0.08638868420752743,UCaVejI6C8VSzFKfMuOCMGIA
6.686495,9.605518,1,0.07268830923493508,UCaXY4FXAAMXjxUFQ50o8d-w
12.556192,1.8448715,1,0.12271328710550228,UCaYwxG8OGnuWZSk1SuR7Bqg
8.652968,1.9636146,1,0.06113147322517426,UCa_8NRDv31fTyhk6WT05I4Q
8.480369,3.9686794,1,0.02226630839518534,UCa_SRtyMKNTATB3hNTqfSag
9.165516,-0.7576742,1,0.112146275952549,UCaa22TRx3oy9oWbQ64YtVnA
5.945691,9.520189,1,0.12135802276413005,UCaaYdDw_YRhfLu3fZoU-4nA
2.6402957,4.325133,-1,-0.1637464413471228,UCabXdzM648jvcRl30OaPjRw
7.406757,-2.43336,1,0.12010914054844618,UCabae30sDHbx4SoGfkoPYGw
12.402074,4.117573,1,0.05868854173534799,UCackWv-uzBLhE0UhHFGUPNA
6.3424773,9.181447,1,0.10038196905861868,UCag5M6T6BZWo0TSIkVOk9Vw
4.2721605,4.998333,-1,-0.03465888333861167,UCagbyRfPgZ8x5Hxtm1yQcCw
3.5543265,7.978141,1,0.10090173545877756,UCagtBb8oFmImZQGBg7OVX-Q
4.873181,9.315086,1,0.11216572631818161,UCah1NkJCqsQdFx8rFPLelpw
9.475071,-1.2106628,1,0.1382348903852344,UCai4b_SK-vwQg8B7zLsqLLA
6.5385785,-2.8799295,1,0.09499371408958884,UCaiaq7nXs_Aef6PQn8epsNw
6.902483,-0.577281,1,0.002824570957953354,UCajcy7K0SoZB0f4sqa38ULw
8.232317,3.4586673,-1,-0.016126712078295302,UCalno-3qR_9o7oE8G4Pf4ig
1.9062661,6.0706377,1,0.09641777042790262,UCamC-rEdtevcaOMEATd6iZA
6.4710474,1.1599789,1,0.051718896009883775,UCamGP4oDtI_5P84T2DY5Uvw
2.9889305,7.2346087,1,0.09467575295323416,UCamo-TUszAVRCBtgh5ehqNA
3.944289,5.21314,1,0.007161647253071113,UCaoKfuiXh65zjATLQHenR0g
6.2439184,9.92971,1,0.12142713559020335,UCaq2spPs0ECFC422NVP4esg
10.041497,3.5772207,1,0.08028336417112186,UCaqGpcRt2DIAKejrA4w13dg
2.8208535,0.20552342,1,0.08669702240943711,UCaqpLEe6hP6xDdpaat1qpIw
10.1701,6.7473764,1,0.01684850330342702,UCatanT79m3Fx2GAuOj3wh1Q
12.271623,5.8477697,1,0.03121720893241947,UCau1ICCCgOgaz6ke_ObT5oA
11.55947,3.6188695,1,0.09021624475716616,UCauL193i_LvE1FksCn7_avw
10.098436,0.54365045,1,0.12619453966161104,UCauPYWkHDZHao4si3ORiSpw
7.4507127,6.2090573,1,0.010720797712494956,UCawDrwSkDB_wTniiaTN2G1g
11.462326,1.9513783,1,0.09302888019911276,UCay_iuggORd-7CLACIvQNNw
11.920324,6.148834,1,0.029439320141813385,UCazMuTEKX7d07MgipOc7dUQ
3.6433947,5.356699,1,0.0021336600719988885,UCb0EdkwM0pBHLOfZnpcNa0g
10.993201,2.131015,1,0.07968612078036297,UCb0WEJ6xNG_gQaVAQjMMhQw
10.866864,-0.08299162,1,0.12923696895953302,UCb1YcPHjeijbjTqc3FNBSJQ
9.20651,1.5625943,1,0.11531153324719262,UCb3DD6dE3RhhqAU0O1xJyog
12.122726,0.3380369,1,0.05640287950815803,UCb3tc9EzUT34qIX0qA8tbKQ
6.3346157,9.93463,1,0.10996986569781997,UCb6vQxauHlFzOCwHUHgGeMw
6.5303373,0.9450593,1,0.07690311785971948,UCb8R-4OAIAOG98P_3gIESWA
4.564341,5.6144204,1,0.06209593574544087,UCb8UjjFpMCGiN4PZO_k8e4A
10.130699,2.8116636,1,0.05175511677750211,UCb9BIXjzeMCb8pSCv3wTCUg
4.4701247,9.070485,1,0.08099286494767444,UCb9cobEB0voDWO2wXuHkWnw
10.359502,6.911624,1,0.07416180280910967,UCbBCfHBg0E1i1WT4mv1-sbg
12.189326,6.9967184,1,0.06708254520343532,UCbDax9lQl9hqYlIryJJuhew
6.351371,0.97583544,1,0.0628175888975579,UCbE4dsop37iURoMsQeRCzpw
8.407055,-1.2206779,1,0.12204545691969193,UCbE73iycaKF0ZYu6CZvF9rw
5.493843,9.228404,1,0.09706757917916531,UCbIuy0Cq4U3RKhwiHoshgyQ
11.812081,6.261155,1,0.03822761138859587,UCbK6uCU8ERLOTIbLe-k6iUw
3.252881,3.9507022,-1,-0.12649087940226456,UCbKFPCQAdYjhfCClH8WAVmw
11.810153,5.510829,1,0.009236852825228847,UCbM1YWf9-yCq0o_4ofSVyFA
10.129632,3.8055863,1,0.12254414711332012,UCbMLCCCCYgsFa5CB_8VE2tQ
11.01436,2.4091365,1,0.10967962227815486,UCbOFAfe06fMKCKC3__xO2zQ
4.8307242,4.0848064,1,0.022506111818646146,UCbOghTKH54IjBu9qxQdCPUQ
12.570656,3.1317666,1,0.08928681898875596,UCbRLpInyhpPXz48d1RntbHw
8.26794,8.199571,1,0.09370385179564011,UCbTFTaodP-EgUKolj3Sntpw
11.064192,7.2817674,1,0.07242790329867921,UCbTuq_flXapL0xgT0hhVQ6Q
8.778145,1.763442,1,0.0895492685574304,UCbX7Q1rSFKgvI-H4iG6dUHA
8.22737,1.3408008,1,0.0695477519513436,UCbY8HIzZsSRaGR1U2R6sLPg
8.701579,1.8883821,1,0.06066386456249567,UCbbGyMG034S0vbM_Xu3ActA
10.99069,-1.0711299,1,0.11127735840819741,UCbblzKwFMluLCZTuNqxl-kg
5.1742387,4.3691487,1,0.03259644896857272,UCbbywMGti1ejbQpjMLDxsFQ
7.7224064,-1.2089577,1,0.13073528459365114,UCbdOYagMB-l8HDONlr8TuyA
7.9327865,-2.1053736,1,0.11474991556222419,UCbda-zMTh1eJUGFpeQmhkdg
8.115627,-2.5061965,1,0.12257447835905616,UCbdqJvSpFLmhEyt0vLzQ5tA
11.521081,3.9963312,1,0.11373554655819207,UCbeJW22lAKCRh-Epx6EUkhA
5.5010595,3.114747,1,0.03688126723759633,UCbenCPhjqXDmCfvS6k9d-wA
7.2114387,0.7680665,1,0.11495040100773585,UCbfT2_X810bglVueFLm-T_Q
7.703269,-2.4438148,1,0.08374991049031211,UCbgtpdJkG42-3OHEVv1ppIw
10.834393,7.927573,1,0.09115455782130066,UCbnlDSOWeJ0DrFvwDUG-F9g
6.5730467,-0.74610126,1,0.09022242243077977,UCbo-n9BNnxGsxryQ7xNm1cA
6.3571987,1.1546035,1,0.06588319174732454,UCbp8menGVaIDpK9Lm3iSNbA
4.2487125,8.2249975,1,0.10643804721474237,UCbpFEN7jVqwByEiwFRtmzlQ
4.67524,5.188931,1,0.013911638537524362,UCbpnqXFG_Kh0aVl-fuKywTw
2.824731,6.8908434,1,0.09032507074182,UCbq2YIyiohjqVc47NlRPUZg
2.1184514,0.40650937,1,0.09366093286809368,UCbqUawpg9pc8ykD3ylJYy-w
5.980313,7.5483813,1,0.08094053642804244,UCbsCF5Ki9rzIsffjcqj5Mug
7.980221,9.037702,1,0.10906594310653417,UCbsnWUEPi6Bjp_wrBg28WqA
4.6216764,3.7949126,-1,-0.08780852806771955,UCbt_fqJeYzdQFpzIYck97JA
4.787327,4.25338,1,0.006399503367067294,UCbtyNUu7HGVNV8Lj5aFKo4w
5.606104,4.9940434,-1,-0.009241313033410692,UCbuCQHIIADQmwb3LzMxlTtw
10.39426,-1.5293425,1,0.12485271967827277,UCbuOP4w_bPW4riebUqp47zg
4.993468,4.144518,1,0.013674230347610672,UCbud-YZ24dfuY1jQa5cB9Fg
8.884071,1.6428914,1,0.08342983964773759,UCbv_35a2qYMzzwuMRPi-hJw
8.598929,-0.021517837,1,0.1282528367662178,UCbx9EFxHm8HF8bbqea--1Jw
4.868668,10.275733,1,0.0686781613192552,UCbxz5K3SnNIkiLcnvK-xXoQ
1.6449959,2.2562966,1,0.08695289074048718,UCbyYvedHDL5PWt1jLRUdFuA
6.335296,10.021629,1,0.07224413261058027,UCbz73BCCs32gZJzFwpr3Vkg
10.163405,8.5163145,1,0.10695671157537873,UCbzTcQH_fMOqV5cGVEZdTtw
6.67183,7.3623743,1,0.05201536858432154,UCbz_65Ycf-zn2O74BxGtshQ
6.722008,-0.76314336,1,0.10629682805514867,UCc-NFNw3YReZnFTRi1MU9Fg
7.3296814,-1.09024,1,0.11344043164666673,UCc-zs5wExdiExGjJ_nujS1A
1.1547819,4.528113,1,0.08578719950343772,UCc1Q7rwlDtVIungUX7YZZ8A
1.3184564,3.8489072,1,0.061477696202571264,UCc2FEqbXnvW7venA7D-Ljog
5.620494,7.580662,1,0.09461697772510858,UCc2UhG6ANBB0HOGqlDXkqBA
9.308162,0.8147775,1,0.10621478479243923,UCc3wFZAYT1vfEZ8TktmYydg
2.9980874,0.1500907,1,0.09269525749237745,UCc4hIHKYk1zsZn_92exyxGQ
11.72564,0.65438944,1,0.06844919460016619,UCc5Z0NkUigAMsggzbIRVq-w
3.970451,2.583383,-1,-0.016712446615042675,UCc7k-pvR5orqROnP8b2-Ntw
4.037014,5.2174053,1,0.011575453500607569,UCcBIRI-d6E1RGfh52jYuz5w
7.132934,7.168628,1,0.05854150685027815,UCcBVW_alxRFuMlzZSPAvUMA
10.002855,6.403907,1,0.0817019484178872,UCcEnCDOhsSKT_5r59Yznf7w
5.8000336,4.3615627,1,0.04981645100743831,UCcFAaY4LkX2W-tTW9erJjog
1.3925282,5.8109784,1,0.08412589556551253,UCcGDMyCgqfpDPdMzNWvudOQ
12.107182,1.6273587,1,0.09054276917789866,UCcGOY9puCEb8XNPxjQNF4sg
8.353926,3.3121252,1,0.007022349660074645,UCcGVwkAS0EWigy7K5KTRiXQ
10.4934225,1.2838665,1,0.11609009228383654,UCcJPXekDmebMyaF-xGmpQ5w
5.393253,-0.14927183,1,0.043311473648734056,UCcJoWrE7i5vtupMbTZ7KFSw
8.234964,-0.64801764,1,0.11883240332951822,UCcNKQzyiz1tT37_jVX3YJ_A
4.181285,-0.6484656,1,0.10561049399152261,UCcNq3j-h8CtA_KJ-dlpo54A
11.921791,7.044215,1,0.07941361160270433,UCcOc68Hgg9ctQTT3uIa4ZNA
5.8091054,8.145407,1,0.0731565268600004,UCcPF8igiXUVHhISUqtapZAA
1.4923297,1.6316999,1,0.08030343668289636,UCcPipJq8PutvbRvB1fcDUOA
7.6273966,6.6261573,1,0.04333376449693016,UCcPukUVpEzWPfWjwVtvDTDA
10.23451,-0.36341068,1,0.09246752865803298,UCcQJ1aU3i_iDNT6gZ6hAR-w
12.120212,1.5236584,1,0.10951700045120816,UCcQgdsisYxkR1IgYUpyNWNA
8.937331,-1.8607577,1,0.09943360467384255,UCcS8_5MTtjGgj8kg-IQQJOw
8.742552,0.6051809,1,0.11225716694409876,UCcSxRhOkp_Mbe-RgaMoKmDQ
7.8781223,-0.0605899,1,0.12727010379989795,UCcTK5xZk_5eKWWqviKg7Xeg
7.6309805,-0.05828393,1,0.09028944855192539,UCcTVjdQ4paHpqpLdGxM2bgA
6.155007,8.607614,1,0.0734585433130418,UCcU2E-WoWpKeIxH_sux80gA
4.0823646,8.742866,1,0.09929383719033624,UCcUXPjhE1SFWTdrjPaTPSOA
2.2915182,3.576116,-1,-0.04063649784144019,UCcUqT5BLbdSVsDhDRXLdYjQ
10.00424,7.4155397,1,0.09248085124520988,UCcUrmfgbW3eCsg3Hm8S_HEw
10.308432,-0.38504305,1,0.11652136780966632,UCcVEXvLinFBPyBakr64X_ww
4.32099,0.34771457,1,0.07983042617289987,UCcVOtvm8t7prWGGEfeE6fMw
9.251507,8.176655,1,0.10282722688222995,UCcX0frIe4fKB732wozeNXOg
8.285213,0.7109364,1,0.11510153976343268,UCcXDD282uCpwG6w3VIKxl4A
9.591759,-1.4542564,1,0.13061005968586964,UCcXbdJFrIfZOFdvWlQPFLVQ
8.682229,-1.9280356,1,0.12133702234171545,UCcYD6kYz0-axczQg8HW1aIw
3.7208204,-0.48881927,1,0.10160577044546876,UCc_dnCiVDKZtFqlOHdai3Zw
6.4400644,0.09215719,1,0.11285432529183292,UCcaPWa7EDCUFja-a2PuTRRg
8.489361,7.3336287,1,0.09332746078073983,UCcaVG-QcHwqzrDDY48kxbWQ
5.42916,4.6450076,1,0.04354905618094651,UCcbdLLqyjOrSaZ9cMkGfXpA
8.177921,0.84753096,1,0.09844134531080662,UCcd0JUDk_XoKVRiXb7XcFJA
1.415852,0.99828535,1,0.08135461872110666,UCcdwaEivBWawsOV99aMb4cw
5.976518,-2.5689654,1,0.10373230608594997,UCcf0OZCyL4QMo0umz54CF5Q
8.853962,5.4706426,1,0.049783552460872016,UCcfVfpXVIlWE5Hg4fw_uFZg
3.9367163,5.2731147,1,0.03391126882463924,UCci7OWMYF-XypoSAiETtwPA
7.626254,4.789336,-1,-0.039151345966303874,UCciCNgN6MeAdNyx4rE5MQgw
11.604954,6.4593024,1,0.06279146691676274,UCcisnfkS0kSwXxDjNjaprVA
10.830011,3.2019165,1,0.032386237164356346,UCcjp7yVx0SypoC1ToMQMEMA
12.69155,2.1913795,1,0.09957818847442029,UCckZo6-NMmq7LF-QVhXbCNA
7.3679643,6.080076,1,0.0041329381224897155,UCclPdruTLudptH6txOaElQg
9.272728,7.853162,1,0.10496789834098125,UCcmwa40drRRPN0zDwRcOcMw
6.8769665,6.8006,1,0.031926881059274825,UCcoAw8nEt6uoL5aI5HDlhnw
11.265357,-0.9207791,1,0.08611206642811359,UCcpH9lwNJF8cDdPWU5Nljgg
6.4299088,9.801211,1,0.12069436634116171,UCcpN5xXHMl13GHKqlNju9ZQ
9.795599,0.6889971,1,0.12383255212086863,UCcpZaYzofGsiZIkhAj4AiqA
7.6304975,-1.6616611,1,0.12109078607825796,UCcpwxfrfiREuIGRbW8BYnEQ
10.757509,6.7194424,1,0.07566743983923896,UCcrKcHtkunbvGd3ic9YHRuw
2.0310078,2.590372,-1,-0.019426778385165155,UCcrqVQmqZOuBNl1-O64JD_w
8.026896,0.48114076,1,0.10051974741844488,UCcs0yVIeUZn397D50ylyB8w
8.94978,7.045479,1,0.09266567034463818,UCcuJTD-AcQNJXcMmlYsrKkQ
6.67976,0.25342366,1,0.10462560978263297,UCcv172PO5qBIk8vclNgsM2Q
8.623738,-2.1258087,1,0.12123185503986605,UCcvsMjepSSh6yOZaIPHKeLw
7.9210296,0.3475496,1,0.1168295957984064,UCcw385g8Qkp5GfS0EduBtDA
5.9942064,-2.2138789,1,0.0542700508311495,UCcyRedFc-OcJEoIDzv6y5nA
1.6400281,2.2397423,1,0.050010843327285504,UCd-ESqaEMKfvedTAHvcnR3A
7.3683586,-2.281656,1,0.12120467295703491,UCd09aTMf0SFNVQcqiqUuP0g
8.792678,4.6935463,-1,-0.028595131137419183,UCd2-hUfajoG3u65DNjzWfsg
8.093192,6.8488955,1,0.06462996503318591,UCd3Oy4Vh6JXvpmE5yS9t5ZQ
11.2875395,2.7828698,1,0.0721826105033016,UCd6fKa7Bz4hfxk-Jz-Lp-9g
7.8897505,-0.8873193,1,0.11028716206192835,UCd6ff1aKHAY2fpsgzrrdFTA
5.604994,9.4433565,1,0.10505678019655801,UCd8VIyi98KnxLX4DIW_lpQQ
9.618008,6.3148656,1,0.09515137194882828,UCd98urfvT2GODjUMhLq7hpw
5.415465,10.1412945,1,0.07688326003293455,UCdAtPRvoxy187DJRmU79Ncw
8.521205,7.884883,1,0.11475022590988487,UCdB36Wo2E0LGNin-F-JxzOw
12.137492,4.521385,1,0.07363459548389623,UCdBBgWX3ihUEvSnk1aHB4Qw
3.1202772,7.3481126,1,0.08351760329448815,UCdBEdEcfSpPIjauQT1Wz0UA
8.338342,0.24018925,1,0.11035126523980371,UCdDXAjqakA6JH9jCBV43UIg
1.1458291,3.192768,1,0.0555406464906934,UCdFg65wZ2fqPO3T1hayO5Ww
9.597252,6.2075367,1,0.10695173574111194,UCdFjxJYoT-rOPb3Qf6chm8Q
2.1782224,2.627288,1,0.05611501203962094,UCdHEraw9R6OuIWEVZ_vOdQQ
8.989352,2.0782487,1,0.05840922026483175,UCdM6TvhpT7jLWA9Bq_ZlZ0A
11.490671,1.8066124,1,0.058508040464203104,UCdMESel15DpTZOImnd76U4A
12.027983,1.6337863,1,0.11839165378673583,UCdMNt-bpqmTKcWKjwztd-9g
11.5286665,1.3105062,1,0.0874726729030132,UCdMyyCV2DvVNpazyuivr2vg
2.5481167,6.9186063,1,0.09885365416920211,UCdN_S6_3S6PD_7VtVPc0IWg
0.7508592,4.8058167,1,0.07774753264822432,UCdOQOI5S4hFtKp-FLMwS5gA
0.93676174,5.21971,1,0.07972884887997383,UCdS0QrJi7lpu23uL-b3rwsg
10.757901,-0.8238631,1,0.11874966643466084,UCdSEDBdiiPFiq56sjz1YA1Q
7.809441,-1.980856,1,0.1262668249002863,UCdTayR_23TzbaDM-QPiU8Ew
7.043738,9.856836,1,0.09763502287028836,UCdTuniOjNjIfyxPTdD0qCKw
9.417925,-1.5850145,1,0.08746336350997225,UCdWdHe6VlbVNU8o-inONkww
6.814846,9.995066,1,0.10573039282330016,UCdbia5G4AGaHQiWlbWecxVA
8.265295,5.167308,1,0.012553571537480546,UCdc53-_lxFbzSXPnvNvgXNA
8.024653,-1.332705,1,0.04898563474094708,UCdcPHfeG21tqh8QZ_jZTNTg
10.299247,7.1797705,1,0.06585226715655218,UCdcTbWtgfYJqqcvUr6sQEaQ
9.083336,-2.2827194,1,0.11346845267963374,UCdcZ56tqvc3yK08kXoMU1fA
5.238701,8.105834,1,0.10618536801305611,UCdcjh6c9VbPNhYizwTCqqZw
7.1287932,-1.5313195,1,0.1328042094384298,UCdeGiH7VRDhLw0Jn20m10ig
12.214248,5.830586,1,0.024775645799649637,UCdfJSbeuC1EDckRtP7iALlQ
2.219554,7.0368304,1,0.08383116021839893,UCdhMce3pr4rpkGUaiOgbdvA
4.2219167,4.057661,-1,-0.07815319815337718,UCdkGURXW3wZ15FILaR4sbHw
9.081274,8.297331,1,0.06517528346550278,UCdkGVtBzwm8VgngJ2VJPOPw
10.558888,-1.4840777,1,0.12207226221991185,UCdl7fi0kG3InjDg9JhfYYJA
2.931854,1.2997967,1,0.09490491411071927,UCdl7qCnJl0yTbskcZUkk2GA
7.7447395,1.683581,1,0.018838863083186552,UCdn0s4rhv0A6JYgn-M1_Kxg
2.6700914,4.4115267,-1,-0.1704912201924237,UCdniaSEiEAKm9jQOL-JBjlg
2.7676187,1.6592237,1,0.07137425591708285,UCdo9xBEnBj5i_SDDm-57yVQ
4.43062,7.645914,1,0.051031504354722645,UCdqjCt80md8GIiviKzq-X9A
3.5429323,0.4779078,1,0.04395932974009997,UCdqky2Ngy8XTkwnIi_lWMoQ
11.127238,1.8985609,1,0.11198192691425884,UCdsqyKGdwJX7JYONerKldeQ
5.491077,4.9851537,1,0.06873701935379073,UCdtOM2TIdJmuLAV3MVlc1lA
4.5769596,2.6330864,-1,-0.0008418813098333144,UCdw8AzxUBiC5hS1bAJbo1AA
3.5748982,0.8094408,1,0.055032390742874804,UCdy2TwQ-DVTxhCVtckNmETQ
6.297772,7.414395,1,0.019117966380108764,UCdyQFWNKirPDm10HLHm5MIA
6.3281612,0.82970464,1,0.0947110732097774,UCdz6q9P2rRZye0MXJRLwK9Q
5.9311113,3.2473018,1,0.06714046460011258,UCdzHfhwdqFgniL0R-NW6EXQ
7.3935385,-1.5545369,1,0.1318158522760045,UCdznNFCOdBujOQ8Iodi2irg
2.193897,7.0555224,1,0.05561873248763444,UCe0K08hbRs4Eds1qXPyk1dQ
5.491082,2.9066887,1,0.0002479435611358327,UCe0quJfsQS8SAWaw-4TRapA
11.058802,6.2758474,-1,-0.005256032621256401,UCe2XprleOhewzgESpSBQiEw
5.258137,-0.74728227,1,0.09704577701955797,UCe2nsJ1G7J1E1dhemmyfWgw
6.4371014,8.079575,1,0.0828509773933927,UCe4_J_mt6JTcSLRR2lOa0rA
12.1888895,2.0020401,1,0.09418358800385301,UCe4hxuprNciIY9owFgw7beg
9.838477,-1.1447394,1,0.09752484324854133,UCe72BSa5xqG2HbTA21kBN1Q
7.0040884,-1.1445556,1,0.1316162183761726,UCe90buaIKeLy7fcSujOfwtQ
8.823677,0.14159822,1,0.12663488709195814,UCeBdclX0Yk3vELXLw09e-xw
9.980364,-0.8431769,1,0.128476905962275,UCeCdGj1ruErQsCOd9wuhR0A
12.456254,1.0991138,1,0.10421004150906182,UCeGH4YXlScuoYSof40aepeA
6.197836,0.3729933,1,0.10104075486123537,UCeGaYSWw66ydETLSLB71xIQ
6.100904,0.5405159,1,0.100636743118039,UCeJ8VEAX4lLtzfZBsxuFXdw
9.084192,7.9642377,1,0.11291315931840146,UCeJiU7fmLILz3n87FAYpg1A
7.876728,-1.1183225,1,0.13027966713771105,UCeKyH_dvObiDhw0DFFWr4WA
9.286169,7.2619095,1,0.11448118408536612,UCeNshU_zKBr2aul1-HRQPfA
11.935832,5.242821,1,0.05657905362001364,UCeOPlcsFwKd9Bb-af19gDdA
10.244258,5.4088845,1,0.10962510895653915,UCeOqc5WuwceX2EYIW0Rj8uA
10.550601,4.9030514,1,0.07242820914245202,UCeOrO8v1kEZVMkCmr5CwnqA
6.0699973,7.821994,1,0.09463717627863572,UCePj7zIKFqzDg6-YZFCVeSA
1.9176817,6.2596602,1,0.06787842006657024,UCeQ0pe577clYUZi5MQ1PbWg
5.88739,8.219303,1,0.10569076129780841,UCeQmlwcUQq5tG5d85xt88Dg
9.241014,-1.3733321,1,0.09406919812726394,UCeQw9K2hKM0PJu0Ynlu4Q2w
1.5568123,0.8611035,1,0.0851785154562848,UCeSj3buhtUTgF2XU7PaEtgw
9.186328,0.4102105,1,0.1315264459280207,UCeTi-vYIt6ZRoDT9BJHjyoA
7.492791,7.4162498,1,0.07591248357084734,UCeU6YELFTKt39aWqMiaGLdQ
4.169779,5.493238,-1,-0.011543511583290256,UCeW5c-FlNwtS-IMDiztdQeQ
6.74192,-0.48557577,1,0.04162821078849538,UCeY23ji5nV16Lxb7QTA2UUQ
11.49558,2.6835651,1,0.09493064156727454,UCeZIDa0yjK7KEH4XuDyZF3Q
6.4526157,8.446373,1,0.10257087648410945,UCeZdyMwXeY2un04OZneYpzA
0.9155199,4.1185217,1,0.07826406480339582,UCe_Z9uywkehIbk5XXp3wtaA
12.706809,4.155229,1,0.06049038491149744,UCeakZEw9heyntZWRi9xsp8g
12.306949,0.48758408,1,0.03811959165776335,UCeanHOodyKzjWGnqVZnVsPg
5.796694,2.3272355,1,0.05096295914075877,UCecdlboAiNojl72fty50e2w
8.728883,6.699518,1,0.04934243690738738,UCedXqbHWaCUJm1PcXGbSL4w
7.2678013,0.5209931,1,0.10809376217073074,UCeda0ikD6cYxD62Z44QK7FA
3.5921822,0.53743947,1,0.04313572184378284,UCeg4cmFPakq7jCrbAwexCkA
5.479936,10.056907,1,0.08039838447257741,UCegNnqoN_92grPoMqmZPS6w
9.985578,-1.4969373,1,0.10540788211309515,UCegtMtXqBiGyqi2l2aTaUFQ
11.083752,7.0357738,1,0.04493657146560914,UCehLaCUo4WHIWg-KdeeCvRg
11.772865,2.1901479,1,0.11607544098864137,UCej7gKc_oWXrgHr1vmoKaKw
7.861595,8.887228,1,0.12575834651567336,UCejIMHbKwPZ1ZzL2JgQQbcQ
2.086147,1.4141161,1,0.05600766346735786,UCejSXqcYhd70vcsFYUPUXzg
6.278282,9.639104,1,0.10380293467584667,UCekIjbBrhO3r6eTfVdIWocg
7.377445,3.0976763,1,0.06561453429147401,UCel2ca3OALNUQoX7svVhmHQ
5.7945533,3.1629226,1,0.0091129611554292,UCemjetjmfQE950C3Bea8bDA
9.309391,3.0186987,1,0.0858621118695076,UCenWoaDQZgYOMCB_M-Aiz3A
10.844759,3.4034524,1,0.06418291844084717,UCeokT5vktbbx4qJk7nrp55Q
5.1071134,9.707345,1,0.10773042974490143,UCepiqzCVO-Qc0mB4Ul1T2Ow
10.02119,-0.75551075,1,0.11585071629732735,UCeq3jtiWQqRj__g-pf9y6Hw
7.2955923,-0.730937,1,0.11466096123315761,UCerXPtQHBaeVawAxcRrV7HA
4.5839877,9.0346775,1,0.10451031162909219,UCev-syYBxDAm3e42aU1qYNg
8.559419,7.749339,1,0.10040674420126,UCevizsJNK050wfi1MpCfSKg
7.931464,6.0504584,1,0.02154264200670214,UCeweO3EhpPBnvsBqaERVNXg
3.479241,7.5056424,1,0.08189696616689923,UCexYGUOmxnAhE4JujBpa-IA
7.9304876,2.9194124,1,0.029152208258122148,UCeyXmm_ImxlMyVW-Xg8hOMw
10.083227,6.807499,1,0.054056830900671315,UCf-XUn2a_yczCcXBOHoMWzw
8.73112,-1.8744186,1,0.12286708865013163,UCf0QDT7-O7V_wLGSK631olg
8.068536,3.062756,1,0.04474595611365956,UCf10bu29lDxT-FhMXGLKWBA
10.939992,6.916727,1,0.024258426958884416,UCf2HjecnR2SBo7T2NUMEYPA
10.854143,3.565976,1,0.0227866346224313,UCf2QWxGlxDJ_f47l7hgcU0w
6.065727,-0.009982907,1,0.11158089917753439,UCf4k57Uj3MyceSuI1r6TGHg
8.101344,8.7772,1,0.01624668895203496,UCf7hZnSEvwhKOZ-INfdqm1g
9.887426,6.0829425,1,0.07022582936890592,UCf8Q9LTRNC7axAJXN5ThNIw
12.680933,1.0734861,1,0.10346092519658712,UCf8qdVExBSqPK2EPiBHc2TA
3.3767548,4.474419,-1,-0.06497045917813737,UCfCxvUObC4GU_o71BSsHJvg
9.105247,-2.0524776,1,0.11182095903733069,UCfFC6o5NwJA16C74sFhqjcA
11.155912,1.6070002,1,0.059908200025362235,UCfFMSLBAkOWCNwPIhcPZLIw
8.330028,-1.6141665,1,0.10244985432176767,UCfFatPUuakjjmx7m_YfXLFw
8.444699,-0.10730579,1,0.10874445399112409,UCfGmKwtRdjElxWNcQo2qCuA
4.3125076,4.743858,-1,-0.11517772721268615,UCfK_X9UAfA2uxZ1LMcsLSdw
9.908805,5.2026677,1,0.05033797007018076,UCfKphprwMqUiUkiqkPqr5Ug
8.119323,2.3593566,1,0.09337864400498208,UCfO0qq1sMSFzaauQJLHKW4A
6.706056,-0.56193054,1,0.04538918489768595,UCfO1HKtG2B7a7fZzfFUQPJQ
7.6802106,4.952223,-1,-0.0704356820222859,UCfPBiFxACzYq6_5luZe7V0g
5.85338,9.291327,1,0.08205743392366294,UCfRcL6-wgBLdcOMtUfbpoHA
11.9626,0.32999837,1,0.1264861551714147,UCfTua2_UbsITlPlIp-hAmSg
10.560386,2.6858091,1,0.0759101372555962,UCfVSb4bcPyZkZ9kAPGT4z7A
7.9772463,6.9816318,1,0.08516005371640817,UCfWEcQeRNDDHj6eR-14SwsQ
12.081285,6.208878,1,0.023913287781869574,UCfX9b0EVGcBH4484epE4LUw
4.259472,-0.028248245,1,0.10379356579420412,UCfYdiAvayx5DLzAB6prtBvg
11.063924,-0.41080007,1,0.13801856005331387,UCfZ2ZGPNHu0ijKS_mW19V8Q
2.3540971,0.17861204,1,0.07075801937766257,UCf_zARG85NCdJ9jn_yVRsPQ
2.3462358,0.18263224,1,0.0831103361450744,UCfaNrgo-P8H_DZWe5oXxJaA
8.058689,8.768883,1,0.10597385607735105,UCfb1uygb6mMS4pXOoKQP3cQ
10.784812,3.3891385,1,0.04747431998068469,UCfb3NfQ0gWFnZXwBWk0Nn7A
6.765769,6.9511538,1,0.09949024626997444,UCff3Y1aAbdEkrGMJnO-1_5Q
5.1435885,9.161868,1,0.1182723946029442,UCffX4VZEnw2rbm1e0ljumLg
6.691446,4.611662,-1,-0.09529301146577385,UCfjW2aG07v3hy0MdbrpnAag
4.7042828,4.8465366,1,0.033347988964318565,UCfkMzoCpfwCMb6jkpWKJ7rA
5.5616436,7.779557,1,0.1005186858422844,UCflReQC_vSa_23iza_9j4mQ
11.743443,4.2564483,1,0.08884903423733809,UCfllxolJ-MCm0cZNJ35HpgA
6.590348,0.79984754,1,0.10303296048640581,UCfm6Gwi5VAY4StJrW2SMlMw
4.047228,8.048746,1,0.10065857941951023,UCforrMIC-59nj76y2m0bZBg
7.59034,-1.8334658,1,0.12621460762655679,UCfpwK9hyMMv0gJ7rY_5Ngzg
5.3829713,10.325548,1,0.05711515612826945,UCfqcyRB_2LMIXoJ5lViXFVg
11.111775,6.4418154,1,0.03621269711762143,UCfqdCHugkV1Gbx9AdGJzJEg
6.675712,-2.001522,1,0.09107411089848888,UCfrqfvncpNB_WKLSC5oDwvw
8.602975,3.8713045,1,0.0014225372538370085,UCfvnh19iQqhZh2EY1Leqrjw
7.4992285,0.5029314,1,0.08279357377234425,UCfw2hsnT4tTjDbISbqH8_Ag
4.6780357,-0.6772596,1,0.09796144255426731,UCfwTOKnnLmpqLq8Y2Agbi1w
8.612064,1.6711727,1,0.04018827084687676,UCfx-YJzVyVI8gkIGqZBTuPA
10.492857,4.2038307,1,0.07407288798354239,UCfx8EB3XuIRyEphmhhcJTkA
5.562882,4.878556,1,0.020216932884139782,UCg-CIINkX1-oN_kNRRbrHEg
11.433819,6.5110803,1,0.07682061758630132,UCg-MOkF1f4X2_nQb2WjCcVQ
9.918653,-0.8414216,1,0.12550038726485258,UCg04cjQa479on35AlujlqaQ
4.9248857,2.822401,-1,-0.07010905457243832,UCg3mpGTW0LSm7ZTXHStTmkg
6.1688876,6.952168,1,0.005152513922229318,UCg7ECHe6c2EnhhNHrcNXt9w
10.442686,-0.4896538,1,0.10943162882584756,UCg7GShLwLfDYiwUitRBVeZg
7.8522487,-1.543784,1,0.1015800939702558,UCg7SYgpNySkthGRJmdZnO2A
9.343978,-0.1660649,1,0.1275977547208983,UCg7dXPcr3LJXa6ckHri51Ow
5.8409314,3.0408208,1,0.034806409648811154,UCg8O7iNGcUymnkzyKgSCTfw
5.6351013,4.947442,1,0.06366068799275915,UCgBNYsFGcYDR7Frfs4iOBnA
6.9765973,1.7928872,1,0.08671045293994628,UCgBrTYJJH5aX4wo6z9FL8PA
10.611649,0.4348863,1,0.06446647955669582,UCgCv-rDUK2CmqkOmJb8sVKA
7.66856,4.896927,-1,-0.09665975219692247,UCgCyFfGl_KGKvwKRWT0KtnQ
3.9403565,4.443159,-1,-0.008354326731605188,UCgDep9894-BCiBu_UMdRTWA
11.812398,7.1415706,1,0.07652022698940941,UCgEg8CHSu-XJJ3DoHxiQTeg
7.544728,-0.9036489,1,0.10828236758061549,UCgFWZNCHQuWBoUlipgA9r1g
5.390748,9.019506,1,0.12212808523343932,UCgFx3ykayCyZLVAgG3bm2iw
1.0398479,3.9821644,1,0.08362982349416054,UCgGg_7tCIl0P0hj8CitpcrQ
6.5714912,-1.6593881,1,0.12256458921856933,UCgGitc96tDJMHrqSGGAHJIw
12.757833,3.0214252,1,0.0864177264554406,UCgHpRxImkGOIrj2jfJeOFOw
8.93679,6.7902474,1,0.09449014981685389,UCgIZ9eKeokf0N7IVMI89_bw
7.217807,7.0579305,1,0.05431901654518778,UCgKDV2cheuOaTZFmNFgRPtw
10.887395,0.72177786,1,0.10841299453473696,UCgMXYeH8WTSUtwpGyh9kkHQ
11.699755,4.018635,1,0.05456248092215127,UCgPB_yIfy6u5h_dhu3U-WOg
10.233548,-0.7379235,1,0.12426049589003096,UCgRHV2oivxE_PXaSgevoyYw
10.827678,-0.49619988,1,0.10457791999398452,UCgRVfh_p9FpJu6zxOhXzOwQ
5.6087513,2.3528357,1,0.045023299109361925,UCgUltJd_Y-QyqH3Nq0xWfoQ
4.2449374,0.45970917,1,0.10263089986259666,UCgVWPXna4H0bkJ_ue6wNDWA
10.431484,5.277435,1,0.06597613947250852,UCgWi0Z8D5h5lJRJWhTJJf9Q
12.08856,0.20016369,1,0.09804791367011251,UCgYdHms9B2Ji2NWyy_pTlbA
7.448263,6.1357117,1,0.046243908116843424,UCgYi9ZnUoAbF-VBikT5vmDw
10.053257,-0.4265005,1,0.11281681120284115,UCgZSxnw2Dt2oMo6ttTCrFag
2.8684895,4.3669176,-1,-0.17112516833717484,UCg_4UGZAf188RFzSQEPrptA
3.716486,4.3874865,-1,-0.07577576950106191,UCgcqOJ2MC50VxI14OD1sL-Q
5.70766,3.3947248,1,0.04910060837605268,UCgdZ8MQyddRjDZTFFLUEH3w
5.9298944,2.0119083,1,0.08162956883036132,UCgdbCpZJgQNGK6wA18q65MA
7.3907323,-1.8777375,1,0.13495829018014677,UCgeT0_G-e0sN50pSbDSgeRQ
7.7330074,-0.090736404,1,0.10611504865051041,UCgfVkOjBNMtLDWePxjCAoAg
8.796232,8.369215,1,0.08220289893377714,UCgfxHhZM2Nv5u9M_M16hV_w
2.5992439,3.6353214,-1,-0.12622144817738412,UCggCn5JCoKyeI5FgDZCnflQ
6.9291425,8.368906,1,0.11151823677164246,UCghWl7LwYHJXDKybVewcheQ
6.98509,2.1921487,-1,-0.008594690441960928,UCghzfrjsrgC1voCfnDhJ4Pg
3.7152236,0.64287144,1,0.06331372835207394,UCgiAMEOQJcBxrh2ifgqeqew
7.305506,6.4852304,1,0.02514890628849098,UCgiVlN2P1aPbrrt_4IIETZw
10.836588,0.7775759,1,0.0996491292298734,UCgjoHOa11Qqlqtpv7ZUleag
4.2773457,5.6009545,1,0.009478280539836792,UCgladwV0yey-vu95kL5ZsYw
5.4511485,4.891078,-1,-0.019165085292041195,UCglmksJGHLN6XYUQ-4FgRSQ
10.348543,6.8313694,1,0.08864281883443048,UCglzV-YIKIWrUhomfTuAaSw
1.3892537,3.0694416,1,0.025838677902360718,UCgm4z7bCH2FMMbtarzsNpNg
10.241753,0.25703007,1,0.016967938415219874,UCgm9mvmWmbTGjC86I9iqfYQ
7.6059337,-1.2752331,1,0.12765505215115608,UCgm_netCczXftX1MulWeIqQ
7.5785832,-1.802107,1,0.005875041854596086,UCgnulkRvISjE1FQxx1HuIqg
1.4364117,5.7866764,1,0.09459591232440107,UCgo-Ds3cB-n-wSJAYlWr5NQ
6.7120104,-2.947438,1,0.10656020334384847,UCgpxVHkTgVST0OxDt-_fiZA
7.44994,-0.82475203,1,0.10730330245318098,UCgtXSGedtXX1inAP-JSBWhg
7.9889703,-0.8547385,1,0.12171766489546992,UCgvHPrH9Gk2bq-hWuD4u4UQ
8.1348915,8.667736,1,0.07475782884950444,UCgvJ2H-XzM5qiNq7Wbm7zXA
4.9992137,9.304585,1,0.10328821879377081,UCgvfHDOYhJiqx8GxYh28vlw
10.285773,3.9500709,1,0.08881846514028918,UCgxWBcwjrec8vDpF-oHuIXw
3.030849,7.1661243,1,0.0583432275683442,UCgzLwcAWqMdm8Sp-RkWDG_w
6.946653,9.558086,1,0.12182657000170927,UCh1-v4ls6fZ416cafzg4Afg
6.7104235,-0.830914,1,0.1066412475539541,UCh56sbMM6Jo4mp6w_-7C_8Q
9.9978075,6.1123877,1,0.02463437386281697,UCh5kS0zAIaVkaCQoC_4zMhw
3.4150972,0.0237909,1,0.08977817261384041,UCh7L43_gs6bD6xWIhry2r1A
7.7743073,7.237168,1,0.0968638872241101,UCh7Qn-oHIXq82keENk_8bjw
9.900805,4.867851,1,0.046547147579246495,UCh7bMZrYplMAN85X0WnfrtA
9.387922,0.55249965,1,0.1258968038044666,UCh8UvqOqb6faO0uRTPPx8uQ
3.711325,3.530025,-1,-0.0929270256228234,UChAV7SZikJzAxI-Vo1H0nwA
11.007369,0.5499853,1,0.030397866600732626,UChCGuc5WnD-rqTct9fk3nrw
10.788519,6.7682796,-1,-0.08459214583239816,UChFBBjRo3vAXqXtrvhw0upQ
4.214501,2.884651,-1,-0.0932201914487708,UChFFmVfItxMzpWSCze51hiw
9.506468,0.5710763,1,0.10003490763968559,UChHpngVe4JLIulxoy1ZnggA
4.575767,4.860929,-1,-0.03248345414046738,UChI6c2mn4ZcT8Xhd6QIVk6Q
9.707121,-0.26162013,1,0.11719675787706291,UChInLg-gyzPLn7I8rH-V5pg
10.270538,2.2324111,1,0.08397222806072346,UChKKNayV4YjoIMGRVYrRGlA
6.3809667,9.376684,1,0.1159647271027181,UChLlcpUcu3U46xvgOp-gS-Q
6.969876,-2.2476423,1,0.10878687083396876,UChMFbg871kPjzNHBB90an1w
3.91792,8.352956,1,0.0914049978226073,UChMaGXnK6x8YswCh47jpdkw
9.862645,3.802732,1,0.040769490389201746,UChN4gY1SGTOC9oRYD1CE_XQ
1.7982858,2.0781674,1,0.023085107431318308,UChO8pcn0DyVX2rGaGH_T7IQ
9.153425,7.9088945,1,0.11262337780420767,UChOkC-4zej-AjnsVQjI2MOA
7.0510216,2.8674152,1,0.04929247441787349,UChPR2aFr1wDsxahYmfaxY0w
8.55219,9.121485,1,0.11579865337626188,UChQ87jC37oMk9Ww-o9skp9Q
7.0334353,8.33275,1,0.10712581469445648,UChQhywXtjJbJOksO8ejoEnA
8.071129,2.572035,1,0.03974729709155622,UChRDWFJcdDdcx1jD0Vc3adA
10.635621,8.270234,1,0.1160559662614642,UChSCUyftsIPzfIe0KA4uhVQ
3.2812316,4.5554104,-1,-0.020120237204617863,UChTPAYQWYZbcrqenAC82hHQ
8.503847,0.5706251,1,0.12470226768792808,UChTyuDqufxv9z45zMYveBOg
11.267123,3.718935,1,0.10779911219357502,UChUEZAI71CnG-R1No79cuRg
10.325924,3.3671043,1,0.09435688335007758,UChVEu3NVJZJ_CVwIw311pVw
1.2678324,4.1554775,1,0.07460409098759813,UChVNyT2xW00eM9GCpfTUJtg
6.435839,9.197753,1,0.07617980893121051,UChXKlhn0g00wcfGuQmSRSTw
9.823431,-1.4861928,1,0.12630207405187122,UChY4T2grLAKOSdNllD2J3nA
9.913604,0.44095144,1,0.12015127447355761,UChZOC11EwSKPdf1bOsGGXyQ
11.02958,1.5889974,1,0.12137534468341193,UChZbOg0D7anRGiuBEIhPgog
7.116931,-1.2414474,1,0.1358584535954952,UChafr20EBGfwP6VRA_qk03g
9.737397,-0.4477839,1,0.10614756674128156,UChd2niRs5P2rH1SZdwT9g2w
9.016025,6.92354,1,0.07932109736154863,UCheD5L2g4_yFTKFNGjJX39Q
6.625652,2.7217424,1,0.023701462293969244,UCheplchK5_7Q4BoWvii-VHw
5.3975525,2.6774235,1,0.0324153463299795,UChfIEPbj8vTTkQTlXgSUYhA
11.41662,-0.23440704,1,0.11868872907298866,UChfn7JlK8r3uZX6511LNyGA
9.159568,-1.6211656,1,0.11278975915033934,UChjBHcMAYQ0GXy1yOU-5Gew
12.242079,3.179663,1,0.006205273209345108,UChk8i-kt6sUEGsaaedRpHzw
2.5263534,6.1252575,-1,-0.0024577817957821546,UChl-l5L-mf7unvtnaYefk3g
9.915204,2.5913472,1,0.023418790881818585,UChm_MMON9skUAkGOWwJgPDw
1.2809038,2.4913902,1,0.0444186896718774,UChnYqLm23qTwTRdEFXem6MA
4.3952603,8.87805,1,0.10730168429823395,UChqZMAWIioeV1GyXlC5hSjQ
11.550616,5.758112,1,0.08348702789092732,UChqoRfZGlzadj2IqCnx2Pag
7.7095623,-0.5758895,1,0.10950357352183798,UChrA8SCzrf-u2s9LcHsAudQ
12.265217,2.9493508,1,0.10653457434582275,UChs9JhzfEyrBU0PiOAKn95Q
9.055854,1.0597284,1,0.118261604221571,UChsFHIjjYr1lvos3t0_8Bag
10.259308,2.9902532,1,0.032061961651394355,UChsoPSB2sSlzhCLdEwOhTqQ
8.576963,7.9391484,1,0.10226436423589069,UChu6Pf2fZ8ctN612i4hKSdw
10.272758,7.236819,1,0.09834644408847698,UChwFT4NWIMA5V7xhife_aMQ
9.738045,-0.6426432,1,0.1237548217203161,UChwuwWuB3kr9EgOfueZ9CEg
5.7257614,10.230463,1,0.07422424611761347,UChx6Sqxa21lQ9UZYsRVE7oQ
6.980161,9.136526,1,0.10373347960800083,UCi0UkigO1Vp6x3MphMaOl0A
6.0642505,10.124454,1,0.0997718868953888,UCi2DYF6TC34m42mS9YyHRRQ
10.717546,-0.35718992,1,0.10785003163476337,UCi4uvelj5_X36j2Duh9q5jw
8.580745,0.6411171,1,0.10024180735431415,UCi7jriYZGYJoCLhA09b8kMw
10.106235,2.5516253,1,0.09282496844175747,UCi87tUXsHxbCG1vukGRe49w
7.547394,6.1444826,1,0.039224313229446306,UCi9WBCmPYK6xgiem-Gc9s-g
10.678026,2.2703862,1,0.10362987517130706,UCi9y_ghOw79oGRQz32NCzHQ
4.39469,5.5140715,1,0.03429064641476831,UCiA78C08jmX7_ESQ6vYS5zA
4.1334515,-0.51382804,1,0.087288230567721,UCiAoOLUnBa1kDgRaDTqZpfg
6.09024,0.9273496,1,0.0766544328909054,UCiArZqlqVrs1IcQOJdsV7cw
6.875942,8.273059,1,0.10150820210935019,UCiBDVh5EtZafTckEhE8V9GQ
12.477802,3.5245593,1,0.05903201705300776,UCiBSOz0rYBjd9p6XjZ326ww
6.7290783,0.26089767,1,0.11106488611631699,UCiDlOjcG66FzQRCML5vW3vA
10.64902,5.301759,1,0.09341741558987804,UCiDq596Bgw8vfmvUgXTgc6w
2.6773918,1.9068455,1,0.014652144837538239,UCiEbMX-9RNkk_Rfy3QZ85uw
8.68652,1.1286197,1,0.11376566101533542,UCiFU158dDmLTnxsdK_FsQyQ
6.414015,-0.9868589,1,0.08922067680075446,UCiFsW5fgolvk10GB67RdlzQ
9.529059,-0.36431146,1,0.11384396668077573,UCiGCuVpbWXq9zmp_-y8QjpA
10.969935,0.24582216,1,0.08138313689713578,UCiHxb9VWUeWD4YhzA8jY7DA
10.885206,5.688073,1,0.08168225867179219,UCiMWVSLT3AIJjYSbE8sSuqQ
6.373214,-1.042594,1,0.12048244501991695,UCiN2it7IB_hdpJ0NtCz1ywA
12.207985,3.10612,1,0.062260510993741525,UCiQfSPZUyJS9lxxwMMHQ11Q
7.6909356,8.60956,1,0.11488892732249895,UCiR_QuMS8tE5cBN0AYWkmLg
5.738685,9.240556,1,0.08240963448725208,UCiSUNyjATH-DkPS4yCdsjdA
11.888591,-0.16262496,1,0.1257568227860304,UCiSrWKrp3h0FSWyZgmU7UmA
8.342138,8.231628,1,0.1182178900469284,UCiTA3-yLl_UqPPPCwjYML3w
12.055684,2.0976074,1,0.08446316020100408,UCiUE2CBDPLqfjOswnnv-gRw
6.319817,-0.60418856,1,0.09116782993813388,UCiUGvYm_tfuH7UHO2QGdrVA
2.9601326,0.23570299,1,0.10077167858734648,UCiV4wlEkMi0x8XLkMOOu_jQ
3.267107,7.513061,1,0.07336991822106809,UCiWY7Xpez35T_N_Tdta8WMw
10.228056,8.163993,1,0.09110625578952297,UCiXaXmxb5Vn8tG0mpzZmB-w
0.98207927,4.6142263,1,0.056039241031999254,UCiXmbhawhRmSQxONnaVjFyQ
1.225485,2.334328,1,0.07339497222732172,UCiY0YFbPKvrYCOS4WFZ0WSQ
11.056422,3.0283368,1,0.10622975711366267,UCi_M2Qm5zCaQTrNd7Ap2RIg
6.5719223,9.829359,1,0.12529867976956005,UCi_P5fY5feq7gvNQV9MMmrw
10.489377,3.0540886,1,0.07797391825586353,UCi_zTvddu89yWvDIu9vwykA
6.499441,10.008394,1,0.0536025559329128,UCiamX0YGBnQJBQYRUWA4Ltg
10.78313,-1.254652,1,0.11205826989320455,UCib99A-2JEPcqWlz-jlGz0g
7.2894425,2.3187952,1,0.0643282112274387,UCibLFWHbliMMtl8_5FWqDvQ
5.316522,4.3726983,-1,-0.009047346464124528,UCicTgzKgO-JX4J3g9AGoMjg
5.7957635,5.098053,-1,-0.09672840222790702,UCicoau16YIB6Yz4Gx1MjTtw
12.154575,6.3701587,1,0.05511712879414454,UCid-D0Xta9hKNmPG1mHngFQ
12.227992,1.7526866,1,0.12123884234947391,UCidUv0381GExeVo31M4hUlA
6.416364,0.71975315,1,0.09448783317788956,UCidZOOAqSwhDgXDTIw3qpow
9.843888,6.855685,1,0.10242843150221498,UCifSCsg5nqeAIJGKXsq9YsA
9.976761,7.2461357,1,0.10046635795623543,UCigc5_jiC8PSoj5qbQopzUQ
6.168036,8.356382,1,0.11000920637546752,UCihlPx12DUnYci0OAQg7hLw
12.627507,6.3388133,-1,-0.0007991241104783331,UCijCnPndnzBd6FLQOaHZJVg
11.1936655,5.9921937,-1,-0.0089200725625872,UCijl5SWc84KibTwA6-veX7Q
9.532424,0.3681448,1,0.12115455988177443,UCikDjzHmPdk4xDmLbUiuzrA
11.920006,6.2051415,1,0.06054051974724611,UCik_e5NCkKNiWKTdaRqiCQw
8.780549,-1.8009105,1,0.1201569423378982,UCikmq0xQC0dDZ2Z8fQpNW9w
9.343809,8.322378,1,0.05885800367542471,UCim02EQchW8hbocfO4XwZJg
10.145094,1.9298016,1,0.0768441859067242,UCimNcavwsd8LdNf95zXfdyg
12.124731,5.984503,1,0.008639526435249179,UCinhWk4qeIpRAL5h9GjtoKg
5.7990522,8.29969,1,0.11223847243489116,UCioH5PLeTI0nF-A21hRivaQ
2.5108435,6.2321963,1,0.0451250304233381,UCioiWBB9C9Jau5jKOUOoTSQ
5.851928,3.4134073,1,0.024097808047263247,UCipBbKmba3w-ksTReLsBnhg
8.562575,7.652335,1,0.10010102496367229,UCipduDR0208cqq-R8eGy18w
1.461459,1.4370958,1,0.05387346326774034,UCiq7nezpfYoouQthrqwNzqA
11.697203,5.7355814,1,0.08506119642337323,UCiqCgCUincHiu8Zz2JbVYEA
2.4433062,2.7191947,-1,-0.001966942847445141,UCir4njC1lhnE6ez3pUj3iOQ
5.703492,2.6154473,1,0.035731753880514694,UCis65cHFZVyUa1HEBxxVitA
5.134995,10.0355215,1,0.10214836144934714,UCisEJar4FXn3Tg15zMUvsxQ
6.7553596,8.115575,1,0.09897373923250435,UCitH54dr9YjERa7umagensg
0.9667988,4.3011637,1,0.07847919652838475,UCitSLdihZ4-M_-vRkIuYOhA
6.529611,1.7103488,1,0.08810611210556796,UCiu5i_eARJZeyKBLie8BXxw
7.4094267,0.42046508,-1,-0.01809370924139686,UCiuVtXvIjkOVvgCeFskN3HQ
1.9013666,6.2070007,1,0.09256263787104707,UCiv0dWVTlRcWaQi6CXy3NIQ
12.1812935,6.8269854,1,0.08831165902261706,UCivUqN1u3rYQOunpLBjMB9g
9.795574,-0.19552886,1,0.11224735268019348,UCivvxYRLj4LpOV7Iyf_MnUQ
10.359119,7.235102,1,0.08172563956596346,UCiwfRx4vjEzmj-KpPjVro5A
10.126219,5.3787227,1,0.024674360383206806,UCiyQfMPxUW5bFKiSw23z-Og
6.9662347,-2.0001283,1,0.0829125867128862,UCiyaRqXkEBInSxYBC7xD8SA
12.337003,1.3668375,1,0.11566198454128757,UCiyqmEhkxq58CKOQB8UHQDw
6.25831,-1.2564207,1,0.06097908500208066,UCiysaxEwvLzT_ChJUu5JtXA
9.796543,0.5713999,1,0.1133613191256228,UCiz5UyNBR0g5kEZqp1Jde9g
5.6234446,2.5628064,1,0.031226639599419848,UCj-MdOznJW2YvAoC3tiREvg
2.2283144,3.7507873,-1,-0.016584831636589636,UCj-_y8gm7SC6xbdx0tCpueQ
0.79776627,4.8575277,1,0.05871880070118968,UCj-bPeU8TLn5XIjV4GrTuvA
11.8015,7.35775,1,0.042257601253183286,UCj059NMJW0oSAYV15F8HYoQ
4.198708,-0.6459838,1,0.11114288495306673,UCj0MesvcTO5Aa8BDpDcAy4Q
5.3595505,4.603597,1,0.07375758967221635,UCj0x143FVw5oDzuCXGqGf2A
10.98639,2.1751938,1,0.08855255692723418,UCj2BrnA3QpFHFMINKznvo0w
3.457277,4.3242803,-1,-0.051321096721210324,UCj33bhIi4eENR1jHyOmcV6Q
6.731235,8.853309,1,0.11417861824681413,UCj6YdqoSgivhyZtWTAcinPQ
12.246364,3.602118,1,0.0925686019171203,UCj8AAiVt_eEca5SFLRXwF_w
6.6800275,0.685261,1,0.11734448681439619,UCj94TDH5Crkdbm1bG7hZ-Xg
11.562483,6.563854,1,0.09454084230588644,UCjAuMAsq-lKsIxYWJOtsmTw
1.2270164,4.8687644,1,0.08271367913913424,UCjBcaT1zOgi8sCfdyT_vhtg
6.0835786,-1.7031666,1,0.06678953756258682,UCjBhTIeYEdQdoANkqedebsw
5.6065183,7.28199,1,0.074182229285506,UCjCB2LTjWI-khZARtPtIsmQ
1.4895412,1.6079701,1,0.08160047240563167,UCjEX23AgXa0jgQfZV95Cb8w
2.0289626,3.3870866,-1,-0.0018366917090179014,UCjEfc48D_yhlc0ABH9qGHtQ
9.192021,-1.8090599,1,0.1255303615270249,UCjEktGVuoRsUb0Z4RS1Owrg
5.998258,-2.0614312,1,0.0791110480744523,UCjGoTlCIflDtlgVHT2ydhyQ
5.990526,10.002547,1,0.09056690525043143,UCjHLcSGNlAOwMjJ_WkqKC-Q
8.041136,5.47313,1,0.025356645809957,UCjJ1A1BGUmckFbMfmMDwHCg
4.138863,-0.78166455,1,0.0965707990569048,UCjMO0NeVo-xOUoeKx_ayHYw
10.931651,4.0534086,1,0.08233586405575682,UCjOy5Fe4MpcUfbOt4LQAuWA
6.5077386,4.5783014,-1,-0.0403738135076146,UCjQ9hcb0r_vZmE5Q4hBn5bQ
6.327866,-1.6320351,1,0.07163789752774202,UCjQo3FaH7HUs9QALmqWMVJQ
10.266934,3.247763,1,0.07356637303958896,UCjSAadOQPblpoqPEcAJ1RQg
1.4895468,1.8360426,1,0.06065291934760775,UCjSWI3RvpbsPLasLZGqxHMg
10.480222,2.7189775,1,0.08120517309503583,UCjSY3gh5Y2oloL0PYKY3OUw
1.3715367,5.2204857,1,0.08953163534543856,UCjUgg0XV11kam2NKxCllcww
11.998043,1.6133146,1,0.11187032504226335,UCjWKaxWZIGjakUwdfu61Prg
10.201173,4.1008534,1,0.09306311687740676,UCjWi-wrYZjjjz3a8uBXBx5g
6.276759,9.467372,1,0.11344777605716544,UCjXJRWIhGo_OzCURcfpCCcg
4.8941135,-1.2841697,1,0.07191486064095892,UCjYWBr1DZlZ_20U61guYS6A
11.810798,0.050327152,1,0.10811969756322226,UCjZSr26T86eJwOOnmKQCkXQ
8.085309,-1.5863012,1,0.10990824383018327,UCjceiw8kyRms991vK9YT5Sw
5.2917523,-1.3718871,1,0.09112875632118994,UCjcivFlotjtvC0LbjkwZgqg
6.528728,-1.0885383,1,0.1230829596403793,UCjdh2spLvoQPOovqY7w8ScQ
12.240871,7.0880003,1,0.059382424073218754,UCjeXAsX0rvZb6gQdfWcr1Yw
10.097981,2.6122177,1,0.09288461352189176,UCjfefRehiE0OMyIGKO154vg
7.751749,-1.1621013,1,0.08540079805621698,UCjfjtrg5bzrZjtT8gU_Wr6w
11.235681,0.1023062,1,0.11040442008178286,UCjfse3v6f1_XW5-AxGbx7VA
7.8840356,-2.7024198,1,0.10587002021255915,UCjghC8Cn7RwmSyCd52a0z_g
10.138857,2.6545851,1,0.0964329095387863,UCjhNjPX-qUlgyMRh70mNl4A
10.621703,-1.350597,1,0.12271486346076382,UCjhXVtJNIiSdWUHNWmFyXmQ
8.000042,0.16392893,1,0.09139952006474966,UCjk4noCTWuz1mf6CEk97mjA
9.864226,7.43917,1,0.11858274115945794,UCjkZTO73RyYlSE9z93P_jqQ
10.374843,4.119785,1,0.06922413025506574,UCjkcdH5KBzWzkc8f06L_gpQ
11.375202,1.9244347,1,0.09891166440108218,UCjkjwyI_5S_RzhhRDgbQGHw
9.480445,-0.020925364,1,0.111113725409487,UCjlQQkv7hcGlRLZ4LLwRjiA
11.52348,0.3327663,1,0.11414999365255885,UCjleVoEecWRYNq9_wZg86FA
7.351753,-1.4537393,1,0.13558871952031543,UCjolqPx3szlQSsrpvfwBtDw
9.452809,6.2066283,1,0.07931966895813153,UCjpEy0Dmyhr3DFVSnS5Prvg
11.006709,0.46293697,1,0.030649836783588957,UCjqkDbo69GLct65EguloWmg
11.433479,6.87638,1,0.10250330198947927,UCjrUYr9gm1phmweLHajznmg
11.963759,5.481371,1,0.07045823778693577,UCjs9VVfbkxAuZarl9L3tnJg
5.029462,4.9333076,1,0.01994062959245585,UCjs9tWymZkShBa-wm8wNRng
3.3300853,6.6373134,1,0.052729546503327895,UCjuLUktoKq4UAJ7aIKk8_Uw
11.243526,0.65248454,1,0.1132972933117673,UCjv9NXGWHTqmr_q86MinVYw
3.3615713,-0.036350094,1,0.08271683016160203,UCjvxfiAlNBQ5our6GAgJA6w
6.14735,10.034748,1,0.10682576213526529,UCjxZPjWr_m8Chym7FLePWVw
6.5982203,8.219868,1,0.08461275927223083,UCjx_fi1Nl8jOR2x__rxs1rQ
9.711831,0.6969389,1,0.12069899669104667,UCjykmzIHE0lu2O1GfLzAIRA
3.3624425,4.50372,-1,-0.13274423573202399,UCk-On1dS4fBBe-4BD1x5y-Q
12.758261,1.7439424,1,0.10964979237157635,UCk0--G61CAiyFY63Bpbpguw
2.5464392,0.83703953,1,0.024384771173710462,UCk0KvwbSJlgbgfnEjvJg_mA
9.113338,7.1346827,1,0.11321499766635518,UCk0jMxuiWu9_G1Pi4Gbnz_g
7.762759,9.211097,1,0.07247924980549209,UCk1NaZKiquS5xXfSTxXcY7w
6.6850667,0.9611586,1,0.06210732253059159,UCk3l23AyVR5itMh2b6nzMWQ
3.0403523,0.76108384,1,0.0034919109091446354,UCk494q-qX-TKV2d6flmSN-Q
11.625403,0.6795459,1,0.08584429485295098,UCk9mjDpONHDr_saq2o4lI_Q
7.172132,-1.1040176,1,0.12707695170934857,UCk9w6Az3DAEq80GHNKzvNfA
6.355283,-1.9183128,1,0.12610077597021874,UCkBwdtUkXHm6FlKh2TZk5kQ
7.409969,-0.55482036,1,0.10962840366824672,UCkCI-MARNzJvEMYcmXsy7KQ
6.5630126,1.2757251,1,0.103256353692744,UCkCkluKH2zTTmg-n4FwHnKA
10.197016,3.4648643,1,0.0963907713143316,UCkDEWPlMF2jQz_n4knt2TWg
10.40012,-1.0086422,1,0.12727656489606587,UCkDX8gA2pEhTeLVArcHCPww
10.313033,4.5570264,1,0.11669119079996337,UCkHDQT12msOhfi_9VWJoNig
9.285087,-0.10801927,1,0.1247455720004984,UCkI4HlJkgnwT3UtoHiKtRlw
4.441493,9.044539,1,0.08560174148759975,UCkIDKzpvyTGXQThHrbA1iEA
3.3880372,3.8903592,-1,-0.07032604509825369,UCkIl3oIejXL4Pp0SOnmGl4A
8.2328615,-2.142512,1,0.08414960546461042,UCkIwJuXJShmoyk7-yJbVkDA
7.377755,2.8086035,1,0.0023479910918628444,UCkJMggkJtlOjIbS70Ns2gcg
5.7756934,8.32892,1,0.06003733847564979,UCkOD_-bbJv5hH2sjcyAe0vA
2.0944595,6.7486196,1,0.08615286242946102,UCkOWC6MhgoIoKNwNxN1hdaw
10.910704,1.0823077,1,0.11752319000414146,UCkOhwGzBUreod_YXiTHPqTQ
10.678936,7.254125,1,0.08447687594098369,UCkPMdqL9qNwVJxV__jfCjXA
5.500901,8.961108,1,0.08000029131928427,UCkPTgjdBYAa1QCbsSSeH70Q
10.233824,-0.39387682,1,0.08563623091888534,UCkPqAlzd2MXyQSTJ8ZIUsNA
11.4428005,6.562038,1,0.08834105707946893,UCkTJy_XeHkGYaOsPb5wGYhA
11.967846,4.1440496,1,0.0770246239598722,UCkUQc4FSIR3gSgQRlWg52aA
9.664673,6.574021,1,0.058431906771575504,UCkUayHA5A1DZE3sAaSEA_wg
11.449052,3.9258516,1,0.11016447083859698,UCkWW21VdIMtMow0IFgCCnjA
6.061054,-1.4021196,1,0.08621425662085519,UCkXBEj7jj0LQeIJ3OfKy__w
12.322541,6.2861457,1,0.01171455125016857,UCk_Rn4ZsfAyoi_akYuMcwqQ
9.942984,0.6042834,1,0.11660882662295835,UCkaBZWBqlFsaQkxNeA3WQdg
11.220418,6.800221,1,0.08614255405778898,UCkaN-UKt9rx6_bLhn7sI1lA
4.578795,8.029357,1,0.08788186684486549,UCkahSaPKLq7OrAsuEV8_Q8Q
12.873379,1.6134691,1,0.10851206354944515,UCkcsayEv3-RIerhtwALy9lA
8.478604,3.8032146,-1,-0.016279788685936047,UCkeBEGzRN2iHFY-9mVHKzBQ
10.949994,3.2173924,1,0.037902612207340924,UCkf23FPHN1C9iFK3oJtEAbw
4.845443,4.767626,1,0.07329670849284886,UCkgRHjhSrknRHnKbB3mcVLg
10.861614,2.7713192,1,0.036400543257835816,UCkjIJM-dkwih10jLn_RnVwg
12.10488,0.4062422,1,0.07350492816769699,UCklTh6Aw3xE7l_VKrALrAeQ
6.757833,4.4082527,-1,-0.11602290099316692,UCkmQ3Ur80WWmOWAg-hHluvg
2.8006158,4.444325,-1,-0.07619501234644677,UCko0zGTAesGtFjqY6a0BuDQ
11.945581,1.7486728,1,0.10475131856158248,UCkogT1RffUMQNDnQP38F1Lg
12.360958,3.020767,1,0.08994639698902024,UCkqDXVEX5jwE9IYMJnGFDpw
4.9584403,-0.14996386,1,0.10093191941324148,UCkrpw73M5b6J4L7A4TuPMUA
11.693897,4.0608106,1,0.09617127470781056,UCkrtjKBqVkSAIxpiG4CcS1Q
12.349614,4.3645363,1,0.08232921431623413,UCkrw1UpqW3XgEsXeQdkwx4Q
6.9214597,7.9117727,1,0.08156724335713861,UCkssM2t66HU5QMfw2QQYPVA
10.856179,6.9332767,1,0.03468707508056629,UCktIXNS8Wg3JI2Y1SSupAag
11.713605,6.087279,1,0.05088344332619388,UCktbJLFe6xOeQD743MqiQVg
6.4453983,1.8033785,1,0.05304424720384765,UCku7OV38sYh0pTOUchQUFRg
5.657289,9.200408,1,0.0769579324584963,UCkupizo-TRdbCQ3R0GcOYgg
9.715686,6.0528913,1,0.08204479943023657,UCkwBfSceDx2FgZGMKmL3K7g
5.543363,4.5689335,1,0.033275347216612405,UCkxR3BZtn69zgM7tJHXNjsw
3.7858443,6.559866,1,0.05756257192597508,UCkyCr9IxUtvHq4SVw6KCXmA
1.6743351,1.482475,1,0.09358681946768177,UCkyhVOFNrzL5PRTcMcR8lEw
5.8349857,-2.1793509,1,0.05048029010951571,UCkzMzmiFqrPI1hCvT2UsygQ
5.333955,9.493541,1,0.08360428672631443,UCl-e_h_XG7BvbkvgtyZFF-g
1.275228,1.3105516,1,0.07974444397884967,UCl-x-UQb4sA23HerFki0lIA
8.877184,0.33835843,1,0.09233350846135951,UCl0Qy6k6L_XW98-09OzOr4w
9.371989,2.998153,1,0.0717443645807112,UCl1k0lAQa2hdnJcJt96X5OA
11.365789,2.606926,1,0.08557722941455725,UCl5-icX5jgKt6XXFPgUO3_A
6.682394,8.212711,1,0.10315175111623759,UCl6KZGd4CSEuPtW90OZqXjA
8.89168,-0.45977432,1,0.1260516115174844,UCl6lGvaZBXfNMjct9NFoBCw
5.004873,3.5153139,-1,-0.026265081524768252,UCl7L7kKRc-WNIRASQ0sqYXA
3.599197,0.62296873,1,0.08328410897191535,UCl9zOE9zwurOPaBu73J2v2w
4.731769,-1.6753355,1,0.09215515404995883,UClBD-JLk1lDV9MJ3GGsv0PA
4.001467,5.5634036,1,0.010936141275893208,UClDAWDnZiMFQLGpqOKVM9vQ
2.8111691,1.7727178,1,0.05765215255147732,UClDCUXwK7Buil24NVQBiLyA
10.284605,8.385734,1,0.09922286759074467,UClEQyizJ34gh3y6JwYVpe-g
11.068777,1.9680591,1,0.10815791564086707,UClEpO34n3EE-LDkgYoPERcw
9.039164,0.81245244,1,0.11932920360243049,UClHCpBmS-LG9oGv7of7QFzw
11.713011,0.2535358,1,0.12996920250456634,UClIDSvoYszj4FXUSoqjeyew
11.125237,-0.8207627,1,0.1277821199430777,UClIqFqXpzAes_2DGXrSwhZw
12.065126,3.860022,1,0.09822502023630975,UClIu8lclAdZv7fERfPyfLpQ
5.849335,4.1923027,1,0.050187176365343644,UClJsofC2pBYKPQEz2jVUqtw
10.086509,1.0274843,1,0.107667637231731,UClMDD5NoF-T1HPigkWo_yIQ
0.96616584,4.1551466,1,0.07474521834911918,UClMEsbqsItjAMNkX7a2MAQw
5.7985377,2.0880554,1,0.03657737487951085,UClMi0VipeA_4gbOmKrG84Xw
8.496275,9.246939,1,0.09585746306175386,UClNAQ6O61tB_vA4TrdhEV3Q
5.8626194,-2.350417,1,0.1046027993614913,UClOTL6fi7TkC1NSyN43rRvA
5.660034,-0.6068838,1,0.09792216056795655,UClOgf1JvURsOaeBiucembgg
5.1874113,3.0853944,1,0.04660416061899658,UClPwtiqhbxYFxMNubLYwnXw
5.631166,4.9837027,1,0.04345204669470509,UClR510WLgZ7nPOtJjgrdnxw
4.604452,7.819909,1,0.11102063891195785,UClSK4MuffFnYMJxExhMNw5g
10.228514,0.33685577,1,0.093896973634369,UClSxkyXrixsj2NI1CPKHXIw
8.967513,5.2708325,1,0.06271997673355328,UClUlb1-r2J1a3EEtYqW-7tQ
7.3891215,-0.71036905,1,0.10182331778228665,UClVMURIvK9VoR2Fg3LEq11w
7.276692,9.050066,1,0.120801512212943,UClVRaMwIzPktDPpGSsyJuLA
7.104033,8.644674,1,0.09291997623945208,UClWJ8lKwK0fKRlWkB-V1pgA
11.016081,2.8906226,1,0.0665609500832905,UClXyckDK7lhTLKp5YzG2pLQ
11.494657,3.009306,1,0.07701239961093265,UClYVNsTKWVWj_FN0w37Xmzw
2.1225822,5.9566445,1,0.062290832712725674,UClYg88ERWwA9H5XihP5HdQA
3.032035,1.9486668,1,0.02955170851686567,UClZBEDu_6X3rNYepOb_HtBA
7.5583334,-1.8660702,1,0.08421034356803397,UClZy7ZxTf5Nd-Hn2zLw7YZA
10.459487,4.3101244,1,0.09027081898685918,UCl_CrB-1OM1JGMVNnJV3ziA
4.1078596,0.40638116,1,0.08121913178989981,UCl_fy0HUvG17kudGBz5aPYQ
7.372773,4.949956,-1,-0.15718270816817503,UClb-Z04EF_w4U6_LtHBTqbw
7.220348,2.1277542,1,0.07543065879224514,UClb8OyOGdG6MIpKWl9HTr8A
6.125595,-1.9968517,1,0.11600292327147538,UCldYeOazRwLxnzrzTp8hD4w
4.3559813,5.6150713,-1,-0.031253375433231256,UCleOqSXIaCwtZxKAmlB-2uA
9.34746,8.110651,1,0.12344496283656586,UClexjBX2QLRyuXdeegbHCqw
5.3571253,8.827177,1,0.10685653213053586,UClfdB_HN0o7pNWM0qGesovA
2.3132246,3.5170612,-1,-0.08462166523527415,UCliFWkvpHyMtCtjkCwLRoug
10.789401,7.4458394,1,0.0786619599477203,UClia3YcynxGt_oRUSso9_kw
11.743429,-0.17847665,1,0.12769107128460588,UCljUDyeC1ws6Ym5tu1b_trQ
9.392312,-1.878078,1,0.11687022559919508,UClmr_Z4k_YeAk4-V7vfMFDA
9.683158,5.249448,1,0.010721835318271977,UClnQYcSAl1NzvB5_ZFzo_Cw
7.625171,9.171394,1,0.09207089174311972,UClpAhg6zLZAg9HZjLNJgnDA
9.190719,2.1669042,1,0.07159317242801894,UClr0ToN5VOpeUDOuZtcyzRw
5.5771403,9.519096,1,0.08886313035757754,UClrDIOnuNoqhz0EwNHNNTGQ
9.975667,0.7248773,1,0.11769435934835798,UCls6_y3uRnFuD_Lm1yJOmxg
9.052661,0.8140448,1,0.12505448172218137,UClvHBK_SS9vTYLWQ1oxXrGg
9.571457,2.113078,1,0.10253478840171626,UClvI_lnimSAyTjnRO2tJK3Q
7.6306195,7.1250057,1,0.011107160857561416,UClx0VDc7fL_1-E7vl3VFugg
10.959422,-0.93626064,1,0.12820517487725785,UClx8mZgbSuILUrTq_7kNyEw
11.055607,1.8278649,1,0.1048902869764603,UClxo3t7Bq5C2GJPrbm2V-ZQ
10.350385,0.83073723,1,0.08123416151851565,UClyJz6UbQb_BEjpXbMxQscg
4.190311,5.5759544,1,0.028099535198575054,UClyRGBjluCRzSEVWjDvWQeg
5.865241,8.157287,1,0.10962060194715129,UClyxYfy9R4BtgriamFSrheg
8.401006,-2.2968102,1,0.1146633714630999,UCm-gK9chDJXFg8q7kABI81g
6.347342,1.9795896,1,0.0318532946989622,UCm0gI5ZNFaiBiQVZE4Tl_wQ
9.123161,6.354683,1,0.031577302087621884,UCm1AzOxi1cmjltWa8pBYc9A
3.8528488,4.7091446,-1,-0.02488430124684904,UCm2bVkqIkduZKWuotbzmYUQ
10.540842,3.9671714,1,0.06560170793522219,UCm3l0s6nNdQzEaZnGEVoFfA
6.2303576,0.86724204,1,0.10131446612456413,UCm5GsZcyO3gdxyfwvwvAC6w
4.359074,5.3191314,-1,-0.04704936244420799,UCm6i-_Lww3ma8BgW10xESiQ
2.6063385,0.737012,1,0.013036398906704827,UCm7cicB21aD_4DiUBZ9OteA
6.5324273,1.4069102,1,0.08555377637337003,UCm7psdRhqGLvocNIFUN9GGA
3.108849,1.9545147,1,0.02357261982108949,UCm7uA2okIOW8mA44wfCNwRA
4.8913417,2.7409122,-1,-0.02583770374507166,UCm8seTE4f5HqU_rLFwV725Q
2.8262124,7.091995,1,0.0999673547253841,UCmDRqo5OB-s1tpAc15yZwqA
10.404655,8.02166,1,0.08864982170763225,UCmDrmP20DKXVr5nd8T3a7cQ
1.1565427,5.467613,1,0.0903576160964425,UCmDuGnCdTy-MDT5bPKtD8DQ
9.790598,6.1506104,1,0.10250891358397185,UCmFVnVKQJBaKJlovKcvjRQg
6.614654,3.404032,1,0.030783154271350144,UCmIS4gBF0Dcv63NdgO1qvSw
9.190646,-2.1834457,1,0.11538194669513513,UCmJ4D1SsMlw1l6FXfoTz92A
9.876613,6.793274,1,0.07317358610002395,UCmLU3Dfhe1KE1koULU16hgg
4.3724656,1.0486233,-1,-0.002279400432549039,UCmLWwIwaQIHMkFLA2EOF6cQ
3.638433,0.8076418,1,0.01911155781136825,UCmLjQflWGZmGjHPW8-jpmrg
11.645077,7.0753036,1,0.09385860574288335,UCmME33iDmuH5Hgv2-32OPXQ
8.479516,7.7978225,1,0.10481864169563576,UCmMQVmQ6JNb6lA4ABUcQyCA
2.1879742,5.960934,1,0.03362079691504,UCmNY4YNFu32n8gLd04-mzOg
10.964822,5.481999,1,0.056034138720055526,UCmNvby4Z2EGilzHa3lR_5mQ
6.4713655,-0.8689298,1,0.06748146470958816,UCmPYfaqz1cb9fp94YPvIWrQ
12.654252,3.2174044,1,0.09396933569045524,UCmPmg4m32Ul4ghBWXjxLJkg
10.2468,1.8115003,1,0.07533347821729708,UCmQL-9Pg8hh9q0nyWi24Uzg
7.3040943,2.0674236,1,0.05961877350216255,UCmQtvqTenIgaycLDaBpU3Qg
1.1101239,3.5203073,1,0.06672816470277299,UCmRckKExkm86wHx1joSLRzg
5.160854,4.907488,1,0.06960842066079015,UCmRp5HbobdoL0FWNfTd3N3Q
2.7576559,1.6197135,1,0.08677134797066477,UCmSkLg0ShdU8J4ZPG-_7pGA
10.125019,-0.14836563,1,0.12290288791723541,UCmSpW-HyJ0sXsfOOMw0Ig7A
10.828384,-0.5151193,1,0.10763955720101259,UCmT3G6VWNQGCMqBskycl1HQ
9.493155,2.3598628,1,0.06066663236759162,UCmTrXwp-CaFQ4G55Lljkmeg
9.193698,0.27271062,1,0.12349612207357319,UCmVqNqU0HwehgI_aIr_gMmg
11.452961,3.7375495,1,0.10391005212264287,UCmWcilypWEF95eA4r4bowDg
8.6136,8.543805,1,0.13328099343723365,UCmYgL3aMt5bNG6gguSHVgow
9.667156,-0.72218645,1,0.12312168893136449,UCmZlzaSFzFisGhAhFRVTKLw
7.1949697,-2.588058,1,0.10732969383287799,UCmaQeZLdVbj52H0_cGTLvVA
8.642384,3.083324,1,0.0696059882441038,UCmao4JuiMEpLG_EjP2xTliQ
6.1771736,-0.16951953,1,0.10433836636246402,UCmc1hE8YoW128wjJ2q8i6XQ
6.2928343,-2.2939985,1,0.11014958311248457,UCmc_SwTHV4Ye8O-ySX5mcBg
2.7450616,1.8649911,1,0.05405192806643172,UCmcbTqBYW4ydNAhtgoCYvhQ
5.645209,4.178097,-1,-0.040581287382335796,UCmdFR0EtpJKnRK9IWPNGI3A
3.9609742,5.2441225,1,0.023801954320760654,UCmeJvi149W2I1DnP6jXbS0Q
10.3428755,7.00957,1,0.04998233234041466,UCmePvckb3FzBDSr6sv5FhHQ
6.0805273,2.8094413,-1,-0.024853406139046408,UCmf5rP-diqNqY6OsD2V5zpA
10.794969,2.6131516,1,0.07669217573725023,UCmfSQrCJsLEJuSJl6QSL1Dg
6.553824,8.364407,1,0.09881501862725539,UCmhLLO_VrQBAL_MN9_YeN7w
9.939735,5.986201,1,0.10590034266655945,UCmiORrVtqFb_zWP2fJcjpjw
8.547389,7.3924117,1,0.06636828166825187,UCmi_ZnB9Ak3ZLUDW5aHGR8w
9.837312,5.0097528,-1,-0.005418369590199257,UCmiyRT7P-EkG58Y7fUJGAfQ
11.785689,3.8509967,1,0.11236032929543216,UCmoRCoinqD_MFhpX1n55Ruw
9.358218,7.4081016,1,0.09497258884323767,UCmq8wIP_ZgIM6S4JIl64-ng
5.1670628,9.802674,1,0.11193729196895169,UCmqfW44mrMSxjEe7zZAEbbA
9.519271,0.1512019,1,0.10916088279804775,UCmqy0Uo1JRsz71UrDZ0VnqQ
4.252857,4.965556,1,0.023125658986161424,UCmrZbr2gL2mbfz6K2bfo1MQ
11.518277,6.528352,1,0.06205773489192534,UCmsHi9NVaqYCn7TfBxQwddA
7.8827972,-1.3618007,1,0.13603048693508063,UCmtC_vOjh_g9BZr-GnEMfzw
7.5384,-2.3211358,1,0.12521024427511973,UCmuPaN_Lv7BP_leq6Z9S8Gg
10.618794,4.610528,1,0.09001056131402574,UCmuXdy5gwZ0Q2h-YrXAO6hQ
9.04366,7.6719327,1,0.004155752862378459,UCmvAlKqPYr2TNWKJ_QI4Eag
12.121403,6.020667,1,0.05462626408218557,UCmvZpvKYvp2Kb0IR7EvJ9HA
10.195914,0.4236268,1,0.11867120576750417,UCmvfVgiFu8jnpmrQ5WrHCjw
11.209602,4.0191855,1,0.10531545998043529,UCmwgpZOg5ZKTd03pXT8tUfw
6.6338067,-3.0180287,1,0.07820976488586323,UCmxTwnIndIzZ0XojtRYD8Gw
3.7483678,4.7790284,-1,-0.08052653183171399,UCmz7Fa0JLv88R-J5wuuln9g
10.458935,1.8371744,1,0.12769433331657465,UCn-kqOTqfaVXx7Z2O7L68_g
1.083536,4.0058074,1,0.07948160280842687,UCn-uIoNpG13Vy996F8doA8A
7.814116,4.900362,-1,-0.11150337730633475,UCn0n3tgApvygsAsYoy7HtQQ
4.731075,9.474931,1,0.10222068189518979,UCn1992lfvkaRm95qZjAi69A
11.308244,0.9135331,1,0.12625771560086047,UCn1fwz9Ze0obbGo8v0y-z4A
10.460479,-0.2889863,1,0.11648378524579994,UCn3ZghRTKz_ZtL4MvSp4QXw
7.028253,8.315789,1,0.11599428804455447,UCn4U9igAejNPLaF-Tj2o69g
7.5805573,-0.5723083,1,0.1037434245919811,UCn4hWEyf8Bkedpy9-n07K8A
6.2168293,7.6625338,1,0.08723959407681114,UCn7xx7LRKgkVauIClfdCfbQ
7.9933004,-2.131941,1,0.1300849313619875,UCn8Kxj1xbtUCeKmMTJNu8UA
1.22328,4.719738,1,0.07826652448955923,UCn8lFdt8N-vuKcSftTS0taA
6.2988586,-2.3518047,1,0.10625056400758937,UCnAgCA1y5OmKoT6SrzSiudQ
3.7428086,2.547403,-1,-0.03949140361364645,UCnBgsDPs_wdpDxKM9Lfxobg
5.734959,1.1273781,1,0.08336410454185916,UCnC36BS7R5un32OeP_cludg
12.297867,6.3612328,1,0.043577270509267796,UCnCNwrKiG-aBDwWKY0yFDdw
6.196453,0.60224587,1,0.05596542103977098,UCnCWD5WK-qKflByYYH3QF6w
5.9298067,2.9031463,1,0.06312893918238238,UCnD9_JyJpduPq5B3UOyJIBA
3.149817,3.8553371,-1,-0.13135131645927733,UCnE2_0tfPNMzhI78gSc_ZZg
11.732333,3.0452905,1,0.024215956925082216,UCnG1OvQpAJ8ru0LdJimuJUQ
6.487496,9.16698,1,0.06697531314627647,UCnGeTCCH-DAN4LyZsnSt3kg
1.8536594,1.7555522,1,0.07503447836082461,UCnHxhZFucjltYKPE1alR4Kg
8.212082,-1.8613075,1,0.11749038404340223,UCnITzgPncaJelxljuCDR-eQ
8.746884,-0.883151,1,0.12043242875707905,UCnIhtlcDwQBBeDH-FIy_Ytw
3.3273547,4.0339494,-1,-0.14674001045647622,UCnIqkaQWU4N_cciqP90J75w
6.925362,6.65449,1,0.0372194855423062,UCnIrA-JiiEN0KLIQuSibO5w
12.186431,0.70321333,1,0.07390773243357945,UCnIyVBUzhFsJkqP57shW3qA
3.3010066,4.3469777,-1,-0.04565209636125511,UCnJxWC0YGBwu8biT_0UXvxg
3.6764624,2.6849825,-1,-0.03801445421042604,UCnKIqSLmSPezuKxJhMFqXXg
1.9392874,0.4498401,1,0.08367975634167724,UCnK_BexIt85dzjwcJrkGngg
2.250707,6.434729,1,0.08016980337148882,UCnKa14SQPVk_9rgQMf1Mngg
12.397566,4.743481,1,0.0511857565511879,UCnKh4GWEx7wgYilsBEZV-Tw
8.521763,-0.8244994,1,0.12128798141789382,UCnLijCHD1jWR4inx_Ks-nRA
5.3080564,0.05709637,1,0.10109707415714075,UCnMkswDGz_DSGoDIj8Q7A4g
9.78692,0.0806382,1,0.09977611194590202,UCnNhzuuJPqQ6rCYK-SgUuNA
6.089391,-1.3518727,1,0.11756043102562536,UCnOu_S6Vi6SUIIe9H1xYmbw
11.4334955,0.061017405,1,0.1066309344522211,UCnPN1FvmTXmBhDKkFvsuw2Q
8.144295,-1.487561,1,0.12270681305595749,UCnR-rBc7kKWhl_BQHoMbWYw
6.354487,1.8270727,1,0.07905842261369661,UCnRIcQcIwi3mHurrKrZPlqA
10.731777,7.4392633,1,0.08244806483489248,UCnS1wQs5Y6gz2s4qYNxCEOQ
8.411237,-0.7660018,1,0.08996546900723568,UCnTovy65ZfihvnQ_pfltpdQ
6.437763,0.43911567,1,0.05224249976597184,UCnU6Yx37CKGLrE5eHl9n_LQ
2.5796695,4.297841,-1,-0.18724243704922972,UCnUI3X3zqEie15Miv8XV-eA
9.148141,7.4031196,1,0.08674114104184577,UCnUNvG1VUFYOTy8amtoyZJw
8.616702,8.680394,1,0.12113479028438856,UCnVy1vdIejX7_tHKg7rMeYQ
4.64366,-1.5810235,1,0.0897756789640517,UCnYmmnKPmhKSjrJSoyUx4qQ
7.2657638,2.0338416,-1,-0.009140333992888938,UCneQAuSH0utRNqg2xcUYk1g
3.7589376,5.836712,1,0.04083545080297579,UCnfuweTzzNsOctBL80dsi_A
7.5558686,8.091636,1,0.0988517135955882,UCng4yL2lwo5OlO70MxCHOUg
7.244206,8.921494,1,0.1190767030794887,UCnk9_qm-aBzZde1l0O_81mQ
10.61937,7.5741262,1,0.108291734325698,UCnmBpLhupMscmhGpg9iQ5kA
9.628167,5.4349356,1,0.04455518630778155,UCnrTOSI3er_05QlX1VGs6aA
9.889559,0.3304071,1,0.09717050125712445,UCnsfjEFtF8mt-9PxA-ah2tw
9.589454,8.393088,1,0.044752436870045154,UCnsjHUJCEsqGtxDPO2FFT-g
9.257039,0.79989034,1,0.12094151990016128,UCnsmcolZ6ykSiEGmb9IwSVA
9.580719,-0.06966632,1,0.09078199910407442,UCnswp4cGdLGwsSpj8ziXFxQ
0.69701236,4.502175,1,0.06825658403548035,UCnt0yt-axQPlRqasAi3z61A
10.271286,2.727917,1,0.08783978212820848,UCnu5r1M-6wLW967k9MEoMag
4.7275634,5.1585674,1,0.016568728254939158,UCnuQPpwN31RaA5jxN5Bp-PQ
5.4872193,8.8645315,1,0.11058945263060066,UCnukuEvJA21qcZDwJN__ucQ
9.344704,1.097911,1,0.12123883588420625,UCnuvV-vdMi2mgY7gqPZwvjA
10.833682,0.2674831,1,0.13974906923374575,UCnvcUWr3WIzK2dmBbiFVtkg
3.334769,0.43571144,1,0.0869828105952935,UCnvhoIWKObU3SzadnSdCxuA
11.945061,3.4017115,1,0.11442436960143465,UCnwZ4IQ0kybagkkITn2A5dQ
7.956776,5.2748485,-1,-0.019041725726694825,UCnxFBoh4ax43T0FumVOk_Fg
5.7990355,5.4501452,-1,-0.0012706774348116845,UCnxPsAMNeUyP4qkvvA6Zeqw
10.591282,2.1051896,1,0.11385185468121228,UCnyD6c_HyLINjHGBFN5y8Gg
8.68956,-0.8444366,1,0.1279564439973896,UCnyx2yGaiqdfkTeIZsUXygA
12.873987,3.6676524,1,0.04324217090245186,UCnyzEJXnDtlKd9aHKTos95A
10.71025,1.1599202,1,0.11685683885120779,UCo-YZyMRXa-PqNan64vqfqQ
11.1719475,7.1028333,1,0.09391988346600727,UCo-xKZRgUtQBYqxamqLvS0w
12.088332,1.6870127,1,0.07482997640939137,UCo644qXtwea3FkWBunMXUqA
11.298219,1.9858227,1,0.12365589996115495,UCo692PX41cQuc0ntVBxGmFA
3.9781327,5.4545984,1,0.051213893076100636,UCo6To0yXfqqkucSN1syyQZQ
7.4668903,4.6803885,-1,-0.07843479267400122,UCo80WyNufaC09efdikjDDCg
5.340529,4.483647,1,0.011716507850365265,UCo9Un8mtNR1peruUYaiMIMg
10.435816,6.5032167,1,0.02234572069854418,UCoAdOUWUyFkaoXH59v1yixA
4.319671,-0.8642585,1,0.11100907143978472,UCoAjoaXkaMiHOsrdXqv5fcA
7.651852,9.577207,1,0.05683646812889426,UCoE61yzGABNWcnZteMhnoyA
6.671233,9.7845,1,0.1147167868823924,UCoFZYdhGqDOsCKyCN2aQ7aA
11.680226,6.9216547,1,0.07984053215317971,UCoHIplFemvK3BGijcR5m3AA
6.0039043,-1.2979363,1,0.11458419312014656,UCoHs2mBUawrBl13QXf0hJmA
4.3069663,3.0847456,-1,-0.06270196088802327,UCoHwVlGCKCfsYh_l9Y9mCPA
7.5082817,-1.7582747,1,0.09985007435740462,UCoLTdU-qfyWW9InIFn944mg
8.686324,-1.0593427,1,0.11429829776417111,UCoMCXr3-FFgrAegjJKgvyHQ
3.9810758,2.5778255,-1,-0.01874806403676188,UCoMiGy0vSUgO8bzxq0zFqkw
9.756652,6.4889874,1,0.0943025604352965,UCoN3BaMW3hm2Yh-dGD2XTtg
6.0493913,2.8930712,-1,-0.017876819635960772,UCoOJg6dZZvzCEeFUj7ECQCg
4.981652,10.192655,1,0.09593518156398834,UCoQ5wZ1I-b1WS4yLcDL2c5g
10.94055,-0.15087932,1,0.11126965792795823,UCoQ9DeCb-x67_qPOj0grjAQ
12.919784,3.6053216,1,0.07185766515394104,UCoQFcvIe6bEEPvVR_KllA8g
5.847822,2.9323523,-1,-0.010501535289574426,UCoT6vowpfEpzwUMS3Sd32vA
11.2558365,6.624246,-1,-0.01084063801883628,UCoTfU6RDfVUZBITSwVW5H2w
8.060426,6.135242,1,0.04924618970140543,UCoTykBskGswv1-1h1IPsRgw
11.845898,1.965031,1,0.1223636773100169,UCoU2cBEl3RVeWQRfQhLX2EA
10.729357,2.4082384,1,0.08230111750444719,UCoX1aqVdv0QaHJWEvpr02-w
8.355188,2.9803047,1,0.009788179587779167,UCoYJQdrKWt6lO9tO1ZSbtAQ
10.523952,1.678905,1,0.07658811638988594,UCoYruH9TE4Qw8xlIjzJvG0A
9.622038,7.1601806,1,0.11408712794187936,UCoZYaRKL3tHh7No5IbP2yCQ
9.908071,3.9433649,1,0.07239475894992697,UCo_ZtKR6Ef02Cf0zc6Qm3SQ
1.6521609,2.5973773,-1,-0.014422097244843113,UCodMNQYuae8t4aDzp6frEJw
11.132642,3.011066,1,0.08121292015535242,UCoeeSoodOxq3ArEKvdmw1qQ
8.142465,0.76136637,1,0.08038601794146255,UCogTx8XkGLjU2eCDUIX03-A
8.366118,4.36132,-1,-0.033101516157380995,UCogijBbz1NF_apLFKEoW5Xw
6.491149,-2.0466418,1,0.07193437969551841,UCojPceuskcvEQs6u23rWfXA
6.635543,0.45655474,1,0.09485151815685516,UCojgq_MLjvFOIJ3zSfR-UAA
8.900739,9.144407,1,0.10157861672836999,UColvigIS38WMwusu36-i0lA
10.062267,8.1897545,1,0.11256401717083131,UCom0ItMmRbPhdjMI6u5yyLg
12.624534,3.1926246,1,0.06825210075437493,UComdrRSBLfUSuteF_rmEcYQ
6.285578,-1.6885855,1,0.11356039698442988,UCoo28J6j7DOymrlv8smBGng
1.2367003,1.5106297,1,0.07753580265467575,UCooMft_ypFrZazlgoP00Yhg
8.314756,-1.6423106,1,0.13082867003488763,UCoqjDBvxpPO1YciG38iTkQw
4.2935166,8.330035,1,0.08331114278352691,UCovWmXuyKO72RNDbnEp_2RA
7.2407284,2.726736,1,0.03937118950274654,UCowPYvagfgj_c7qwVGodb2Q
4.006736,7.9105206,1,0.0848258259811604,UCowcCEvOysqBDma_LslGJ8A
11.670068,3.1539075,1,0.10407347067302192,UCoxqYBfVRsV_Td0W9DRPGoQ
3.0591145,6.655674,1,0.08247614338198189,UCoyPlDOy79M2IMMA3HC-_jw
12.302732,2.9960065,1,0.08407579371670593,UCoynbeJQZ6hcNhHO3KrR8Lw
2.1411102,6.9693747,1,0.06930999604487426,UCozFHmcBJPwOri74VPIoWiw
11.128419,1.9839766,1,0.08135427512627957,UCp-6mIXaLqZxjeTkGWCGJrA
2.3635974,0.39536536,1,0.07382392318955872,UCp-Z71UrhORLob0U6BMXjsw
5.3332996,4.9571166,1,0.05813724808197007,UCp08R7iRtuA2M0MlXOiggog
12.123129,6.7657084,1,0.03870162508500652,UCp2dXItjl0dE7Im8JtRW1dA
5.71279,3.1963758,1,0.05684146830442399,UCp33YwpB5FcSNLhUx6hB6HQ
7.595041,0.123553336,1,0.10680218903737776,UCp4fW0VER_W7Mn9fo5KeE7g
10.446897,3.658616,1,0.10555073495342315,UCp4ktIQJ_VAoFPHysD0AGgA
5.775558,8.027812,1,0.1076824979088814,UCp7DTZS0eRQIOIsAZBhpLdw
7.866589,4.9559126,-1,-0.05135527875689372,UCp7cuNFujGu_XQjyTnnhjAw
12.032976,7.3335466,1,0.08283032767662474,UCp8PDbSPfEK5y86sXragZXQ
5.5597196,-0.47647846,1,0.0953740330117887,UCp8ZlX0KLPdg1KItQ6qVyoA
3.2428317,1.1252583,1,0.057311343030681694,UCp8d8gMpwZPUdHJ5mTFH6_A
10.232451,-1.4642186,1,0.12814661670860872,UCp9L1QhJd4BRzgh2klJ1Y8g
8.156624,-0.48747858,1,0.1123382409940466,UCpAYnyGIcOmjrlgmLZzrt5Q
5.6911774,2.2150247,1,0.043243744932068506,UCpAm_Itq_-7F-NDB5A1watw
0.74045324,4.6085625,1,0.05594423602864962,UCpB6rV0FW18j2oWexkGpf9w
7.4614244,5.971456,1,0.008375443616096101,UCpC2_ae_kd4Q_Rk2veEY_Qw
6.803587,-0.22535495,1,0.05329054682188478,UCpC62U3jguClK3_iZHHPr9A
5.810012,4.4273486,1,0.07353215889104514,UCpCIqWtn3rHaKugfOE-e42Q
4.8610086,8.301651,1,0.06612488476984935,UCpDWoBWb5GEm3AlrdXaXiRw
9.475096,8.242536,1,0.09218274336148236,UCpF0GKx6SJTtkoqpuzyb2Iw
10.547008,3.8560765,1,0.10517988864726857,UCpFkSc7mzP3OdTRX0pZLj_A
3.6237054,8.241968,1,0.10294453039235302,UCpGfByhEqQGAuUWle1Xka7A
7.345127,9.113547,1,0.11958960888235498,UCpGoQhkei0XZxLSEN3a-mJQ
11.236623,3.6841013,1,0.020564252499333635,UCpJTHHz16IR06i2t0JzwZ3w
5.387683,8.264633,1,0.10449036775656889,UCpKuo-jXS_IDN32RXu4HiOA
8.008719,8.948255,1,0.10133019777671531,UCpNYXy-lbcqcC3gAF6BHpFQ
7.379064,-2.782449,1,0.10721131367811326,UCpNik8dt107T4cusNd8MpNA
6.8114395,7.5599074,1,0.08114914095190956,UCpOusZb_Kt6z0UycO6bXhnw
11.369043,0.28396714,1,0.07552571814102044,UCpOxOFiD74OqNXerWWkc4dQ
7.6630583,6.2430024,1,0.003934338339878052,UCpP-udLxmI-nJRdSBaWLqGQ
2.2328913,2.5587392,1,0.056159082022181506,UCpPdp3vI2rxEPxTFTb_6CgA
10.92046,7.878198,1,0.09419713734181923,UCpQ_HC3Mec7kbm9a0nQGELA
7.878331,0.77982163,1,0.11224960439679643,UCpR4vzdJ-xJy_XYzyJ6r7Tg
5.4035144,9.426349,1,0.11773301980174311,UCpRp9c3v4pDsSTGTBKF7TUw
11.102303,3.6922054,1,0.09065836791682969,UCpS9AcD10Y1fVdxKg7Fzqmw
3.424256,7.626334,1,0.09375039397424123,UCpSK84XGllQ7NokTBpJLTYw
7.4597516,8.494702,1,0.10450893029385055,UCpUQqSHhMhPVA1iZYpXv6Og
8.625024,8.060751,1,0.1186215194774044,UCpUww68nJFx0dGFIXzgPy_g
0.7481944,4.359828,1,0.03698669174591829,UCpV6HLZ8e_OZaR4lAwNBkWQ
11.132456,4.4539127,1,0.041007992967486584,UCpVwN_26jL6arM4yM03770w
10.633771,-0.18074188,1,0.07689557232572158,UCpWXJPjR6_MYdO3CCu95n1A
8.988932,0.4514458,1,0.12627575929526536,UCpYWiUZ-YP21Kzr5axzqGew
3.7253666,8.348984,1,0.10541459263954828,UCpYXpWvwZiNL9cTmDktlVlw
5.620656,7.6424193,1,0.08355671731383174,UCp_58LybrkbVyvW58LGzgfg
6.5690203,9.67077,1,0.06729567704974548,UCpc2wbejKm1C8Lky19qlOKg
9.002694,6.1847606,1,0.08406789772741313,UCpcnz26gq7JDuAOVWGLl47Q
11.311761,6.40846,1,0.07103688533732572,UCpcqX1wtK3S7QC4b7K-k8FQ
9.89618,6.4553967,1,0.101686086318998,UCpcuT8NsgzbhHh8L8trRGtA
10.440442,-1.323481,1,0.12979762899421293,UCpdXdtxaS6of0CroCqyP3Kw
10.858448,0.81371367,1,0.12661589209022212,UCpeBLoggNonGutdbS4WDnvQ
9.521366,6.8724136,1,0.05861133985942668,UCpgLy7wx0OVMuyhPtryOB3w
6.6667385,-0.9174667,1,0.1180070859230613,UCpiI1evZOZYOiUBCn9wJCEw
3.0726678,4.4126143,-1,-0.08077616442472291,UCpiKAGe27le2DBcUsopLApQ
9.624494,7.5317693,1,0.10964741864130978,UCpijOBQmHni-VITljlIDRqw
6.1318393,1.8660225,1,0.07951086476909647,UCpjexoE4MnR65AqpxAsT_fQ
12.241106,6.015596,1,0.04939532878534869,UCpmTzaCYFayfSDVxMQyIqxQ
8.706176,8.753053,1,0.13191626339664392,UCpnt-lNJhewVspZJxHwb5mw
9.332796,5.763078,1,0.07717177987524182,UCpolSc4fu09jk6A1JlAk4Jw
8.729249,0.6147855,1,0.11144667739712355,UCppd6BClODIJSrQYTSZX9mA
9.157284,0.3857805,1,0.11299006086393565,UCpqhplEG8-E_T896b2MQe9g
3.9101937,-0.40843132,1,0.03552568504968495,UCpsxvI_4J0OuOvPQTqiAlXg
1.4172869,1.680386,1,0.08427098075818806,UCpwrxvKLuBcQwLZosZ-lLDQ
7.071493,-0.9274171,1,0.12115583089069704,UCpxetUWFBzzUx1DADMqHRfA
7.1400614,1.8439606,1,0.08953157415455104,UCpy6SAM6SGEWqo4tY1X1ECA
2.3216128,3.2725077,-1,-0.06332749952636552,UCpziFMD2P9exl1mHaAhjXSg
12.190736,3.5539458,1,0.07063357583415625,UCpzwGD0xJV0mu4qZDV48VUw
0.8941457,4.337623,1,0.0862669898712296,UCq-9TvVYgr4onqvX6fC-YDA
9.478202,7.9951544,1,0.11418437592945829,UCq-g0LTHEC0icWYOTStv4zQ
3.9771447,7.3139415,1,0.08965567945095904,UCq01OSJO_abJddWEXmqgSOA
13.026328,3.3828025,1,0.04731045098310904,UCq119kYAubeVfrWhYFykIlQ
8.676589,0.5529304,1,0.11694851881653018,UCq15xzbYB8IJisLWbvO5AMA
4.172711,3.9296994,-1,-0.12382326847075464,UCq20xIJO2Q0DAU0KHMYLbzQ
4.766177,-1.2818053,1,0.10620493518344332,UCq3mPiOPEle27lj8qnnLSPg
12.468192,6.889296,1,0.016635544613377018,UCq3rP5x7uZ0mECyPW2tmZ3A
9.718258,3.5615652,1,0.08922456283007124,UCq4Y78rboT-gqem7y1fmLyA
6.0532284,-1.6750152,1,0.09790861154710645,UCq4eJXEEmcnCLAfbRXiBOWA
2.674353,0.14472575,1,0.07956098261348793,UCq6ELOz1Rf_VgNBgs_92A9Q
12.378662,7.0823107,1,0.05564815363774772,UCq6nfVndj-E3C9By_uW4_OA
3.1444225,0.69800997,1,0.06136626285584185,UCq7LuBnCMDn6s01_wmWsIoA
12.402919,1.9746389,1,0.09352081643050492,UCq9AJnrPqNsoujSA8v4zL9w
10.632192,6.7838974,1,0.12039273429123265,UCq9PEZg1opT2a6X469kIGmQ
10.450929,3.7538776,1,0.09409905148308545,UCqA7P6F7M7hH9HF3QhSho_w
2.2520537,2.221837,1,0.04636026070151089,UCqAlovQUyJM7QCRch_QYPQw
10.134893,2.470124,1,0.0552748362573135,UCqBDFiI1X8oEjCd_oRNLAIA
5.840697,7.948405,1,0.1032910486992874,UCqBw_4n-0ZbiESnEYSz_Xrg
10.858297,-0.7812934,1,0.12582323345758745,UCqFQzK13crK1tRI72pCfU3A
11.705717,-0.38685003,1,0.11151772414628658,UCqG01a5zwy2V1AzkBKPmoCA
7.562979,2.7353692,1,0.05549135402647809,UCqGUd1lvGgoulG-e0RMBt4g
9.437323,-0.64011836,1,0.11830716578131467,UCqGniKDUlbTL8XlbBqmAIGw
7.7099943,3.6968794,1,0.010329673490182656,UCqGyYR-9di6-4xk00y_1vEA
4.037222,3.733932,-1,-0.0723408878732199,UCqHp3k1fQiqW0GSWM_x2nZw
11.731935,3.3278954,1,0.1019579491411654,UCqIYIaVqtEuIm_8d-M1aG6Q
11.077784,6.523348,1,0.04686188791443102,UCqJqNDGymdfCpmGYklZXVHQ
12.571505,1.77939,1,0.056590112608941257,UCqKcD9HqCb9ePC4tROYfZ7Q
11.663321,1.3731121,1,0.11736209815307153,UCqLjmaxQzyql8-IGrS3vVZg
11.468396,2.217514,1,0.11017137764469986,UCqO9xAV3uhv_OEaiVSOz8pw
5.0753264,9.916744,1,0.10279627842083522,UCqOrNyhlncLMtYSfaM_-etA
3.6831508,7.2435446,1,0.04655834715729651,UCqP6aBsNKQTVm8ELSJVQGSA
7.399692,8.948349,1,0.1218535683235269,UCqP92ZwT6KcWu_WZudXN8Pw
3.579186,-0.10448044,1,0.07359294427327573,UCqPDJtlv_d8KmIy_9EnyJuw
7.4041576,6.0964947,1,0.0237801712687854,UCqQ0GC6MbDfQM13CDPSI_WA
12.42419,1.7093791,1,0.11005950634629813,UCqRHiSJ0GYM4NuPTglpQFYA
5.933624,7.3602514,1,0.06244190236885122,UCqSl22KxPQ2cbQ_-OeuY2iw
6.859334,8.941697,1,0.10880625881290668,UCqUggwObbmuAwztRIlf8c7A
6.939115,-0.13433418,1,0.055782808636479886,UCqV4LHtNRHrtWCLeHt9uaMw
2.9381545,4.526594,-1,-0.07394342639965357,UCqV7i_LqvXGbJxjJ0XOygsQ
4.589877,3.6967335,1,0.006494030588126698,UCqWg85o9jw_dw5_1GruQlww
12.564845,1.962546,1,0.06168605159198093,UCqWiGS4zfIyQm2zJiIu-itw
5.2908573,8.305929,1,0.10851512352431902,UCqXKSekqRmPqzC4F2mPidOQ
6.120366,4.3710337,1,0.03226058788352748,UCqXW_nCiHlRiI59Q_8N1Y3w
6.5834513,-1.145447,1,0.12611266347639444,UCqXiUEGnj8yhQyRannjwJNA
9.117853,0.67120373,1,0.12678859937382442,UCqXicsPP6RKupSu7HBylVbg
10.971229,0.48158616,1,0.12891783039239751,UCqYbpPvmr-7d84Dg2yPKF_g
10.561123,-0.1180687,1,0.07885615301507187,UCqZJcM9b0B7OlfgF5Aa-SEw
8.771278,7.1253448,1,0.041877708021250515,UCq_s2lcGCvg3OogL3nkcpzA
8.654709,7.578965,1,0.0967896813398254,UCqb_OqYFKABD4dmnwvngvbg
10.56316,6.381071,1,0.029979346392244255,UCqbnfostWBV94jO-Vv4WIUQ
10.409027,5.814775,1,0.10696714486703301,UCqbo-OEbMMzsgyVlZzqsWVQ
8.917698,2.3504343,1,0.030385395161652673,UCqby6TQTzysGi1Nn43QdsjQ
8.924758,6.5264697,1,0.09947499359694745,UCqchqzuaHKUJPdU-TjRk-yA
8.274138,7.5713773,1,0.038810660825640386,UCqeZoWSVkXlfXVKmtQz3m4w
7.3701253,9.373507,1,0.09707860588325662,UCqflK1qV7JOqpLX6RB1h4uQ
5.993747,9.451094,1,0.11036608320999614,UCqgjbtDc8NFc-8FqVmQQfrQ
4.058719,3.5222614,-1,-0.12459794345067077,UCqhnAU_fXoUKINKnxijG0CQ
1.6678488,6.203609,1,0.06694212897551882,UCqhvTbBWu20Aq2ZP56k0uXA
7.080132,8.451857,1,0.1030937133158999,UCqi9t5RPOhg74FGrFQnfrFA
10.132574,7.9535537,1,0.09926812385882355,UCqjhqpic_bqdKnrHxGtIYUQ
5.4708085,9.22595,1,0.10190465016681033,UCqjnrL9Mb9LxLWU9kztvxOQ
8.233969,2.211897,1,0.07153075955597377,UCqjuMzCcvB-3QPoT7xSKbeQ
8.6485615,-0.03916636,1,0.1270663743364071,UCqkMnInkRmectJ50NNI9GJA
7.4742765,1.8293091,1,0.036784914509735867,UCqkcSrAiUudfBxk-BASXj-w
8.890521,0.24750105,1,0.13305962797758025,UCqlmIO-ip1j77Go7bD-b56g
7.138318,-1.5420138,1,0.10901660395705498,UCqm2a570tcEqMI37Vc8LT5g
11.391533,2.4914277,1,0.10492911338961408,UCqn4rh0CiItdJ5gN30C25aQ
7.8039956,8.970707,1,0.11041100803494641,UCqrTg0xrPzTVsf0hhM857Kw
4.498962,3.0714257,1,0.030742082609798826,UCqtj5TWPo0MlM2PgeETV6pQ
2.9564142,0.24451116,1,0.10119191019920515,UCqtyUhaabeICdL9nkXiAIFA
1.5599362,0.981808,1,0.0764885014425905,UCqulS1oZEKBrZeVyXZ4bRww
6.2295365,1.5146142,1,0.08726129600107557,UCqvEP3DIC-NleJg-zsX36fg
9.57686,6.2464995,1,0.06499213516390684,UCqvciUz7kR6fwgf2JAbKRiQ
10.369643,0.7321698,1,0.08708063874188965,UCqxv6qyr8l_yu3iaGbAJOug
12.262498,7.238109,1,0.06061481739077196,UCqyUSD-HqLpWt8uCr_zjI6A
4.7973433,0.03193703,1,0.11038769450828301,UCqzzCQlNtaOhMHHIrto6fBw
12.367592,6.286531,1,0.07125051707747115,UCr-6q0QuR9W0VvTD-wBf-ng
10.30322,7.5246406,1,0.09175741663010034,UCr-BSK33xvUOtvVnuBsy2EA
10.9863,-0.47522685,1,0.11178444640756424,UCr-FnUC0ER_uxLoa2qbJpAA
7.85316,1.7590542,1,0.10055503881085703,UCr-af13Tows760eSvmZKNLQ
10.6788,6.130562,-1,-0.05003666289552622,UCr-o4MTND4KX6lguu7qGesQ
12.731453,4.693232,-1,-0.04075076262914579,UCr11YlR9AkuS8wLjUlye-ww
7.925157,2.3852196,1,0.0700801681260183,UCr1xxXMSfRHGWyjFRF-TJaw
8.879197,9.061224,1,0.10439575011106839,UCr3vs-1V2EuzYnzqgpwSjGQ
2.6818147,7.049252,1,0.09199464578472649,UCr7n8G6hHacM42_W8qoYVEA
11.199088,0.45643502,1,0.12436373060271061,UCr7uJPi8MwKMMUexq8WygCg
4.9501843,10.148653,1,0.0871659304216863,UCr8fyhCxAiQmsXvw_KcWPhw
6.38091,7.175933,1,0.06748427183722955,UCr8jIVvxi3HJElD6BstMBPQ
11.079349,6.5790143,1,0.01653172710952827,UCr9ggtjL1Xc-SrS9QR44yww
11.621578,-0.31791306,1,0.11165578187946273,UCr9uS3hKv_zivKamtwOdoWQ
3.265513,2.9803517,1,0.016932030541684906,UCrANN6j4YMWU3l9Wkz51fkA
11.64803,1.6842822,1,0.07868139375367311,UCrCFkOV3cMcTnFbAYdRazmA
7.2071033,2.8429148,1,0.0015070888752545253,UCrCYmYYlKZ9MFgSsH9mys8Q
12.238824,0.45328003,1,0.1299097125658218,UCrF5mQQgViJqtRsgBLuW0Tg
5.349434,3.9462223,1,0.03983626066308771,UCrG9Co7DeBN3bcETvHwMBlA
5.6357193,4.3333993,-1,-0.06471656452033847,UCrGKTVo_6r05NzT8L9M23cg
1.1615088,4.9306912,1,0.04163716577481896,UCrGTXbYBop5_fyG2irmjdaQ
11.373065,2.7424917,1,0.08906160229149357,UCrG_1cvT6XyzFvmItevItfA
1.5674857,0.8931943,1,0.08665192322806153,UCrHBRHEtorBzNhyGcF9WyYA
12.652371,1.1577983,1,0.0776221188324196,UCrKK0YEit1N0TZ8VXQ6zFcg
6.609017,5.19459,-1,-0.027932899102543818,UCrKpgHkZL5dkuCNhId3EdDw
11.183222,0.68355817,1,0.12210093990380305,UCrMkagdXeD-zXHtLBj-EBdA
5.357149,-1.2349342,1,0.09600211623807287,UCrPqCMsj-E3wz8fVyoJuGOA
5.092741,4.5484805,1,0.0634850295313274,UCrQHMfazqWin1eKB7kO6APA
10.974057,7.6099443,1,0.08660378021824439,UCrRHqDPal1wHhm5t-CLsuVw
5.955758,3.9943995,1,0.0015177144073691973,UCrStuD-TSbRS68M6dhtTtBg
5.6020565,9.039408,1,0.10949466698533256,UCrT87YEYEYsEuQ2pNyS57cw
7.406948,4.8219447,-1,-0.13333201369930747,UCrVKbnxk9Jv168Iz4_h6J_w
8.410203,-1.2694477,1,0.07357162869341771,UCrWeA4rv2Pc2FDjx03eYMfA
6.365517,-2.2935212,1,0.10237851058640457,UCrXeKXI6nvcupRXPec1U_3Q
12.32773,6.3737926,1,0.07418488180553118,UCr_HWNJvC_ZDrFijQsTI3Yg
10.65145,-0.19017021,1,0.023626302342269867,UCr_XBmTabkXp5JE4sx17CDw
5.9051113,-1.9379777,1,0.059329101192885425,UCraMhcDm48YdIWpHrfNFA6A
9.555122,-0.85378945,1,0.12250250972629761,UCrc45twYwIsfKG3GW9aproA
7.121608,-0.87760526,1,0.10292533541451615,UCreaVioJnjm_7m5saZMrMDA
8.096565,-1.5342665,1,0.13236214090522502,UCreppFR8mYg3iJ37tpaVMuw
11.126632,8.058751,1,0.07723679178239984,UCrfZGIXpOqzWYzDvmD21fcw
7.4305234,9.624224,1,0.08718815133684482,UCrgi6dYLDhaaNDkeNr7G8VA
2.9683163,3.9476616,-1,-0.05719811604194547,UCrh4Ba8xcuhoo3BVf417X1Q
7.581034,7.4613123,1,0.10406070736979,UCrmvhSlOMq88NSU8FPH7eNg
11.871832,6.910445,1,0.07762587213797034,UCrnLJK-fGeSelv1Ml7dRb0g
5.5982814,8.878295,1,0.11191944383006075,UCrnqZg84Xj9Pe74V0j8ZEjQ
10.56106,4.7266536,1,0.06826840529760264,UCroDSIbtaSRjPHVH6BnqF5Q
11.197059,4.1828094,1,0.11030237800842518,UCroKi9aRk-Qx4Y5syjCMAQw
8.429926,4.224547,-1,-0.06493177126547633,UCrod9DLIVXGHeIcq63B-OVQ
6.357118,5.439309,-1,-0.0029435570602851513,UCrpFsgcZAh3JuBYBjiJbP5A
7.26963,-2.6776764,1,0.10404406779740127,UCrpNVTmkKMG3aBouwly3v0g
4.940588,2.870189,-1,-0.024563325551051896,UCrpO2yRm9PeGB3LbYg6Roug
10.784221,5.4347496,1,0.11015486900275112,UCrqhMQXp2fUm8qMIBdTbYVA
10.853603,0.63714564,1,0.1235075836799544,UCrvjZYTceiyoeoaqZdXFacg
8.5071945,7.750479,1,0.10656328598910786,UCry95EQyBG1oAQyPVT1BxaQ
9.968488,2.855637,1,0.06725528241969192,UCs-MzMvNmSjpteWvDkHJaWQ
11.904108,2.1636832,1,0.11100158725587472,UCs0lqtSZQT24rK5ybaYHecQ
11.389365,1.3976164,1,0.027081152276166587,UCs2MTQZFUDTJhwOHdHlcStQ
5.777463,7.51356,1,0.09024565481554425,UCs2aoVQw6Bv0ViJuwZpgJWQ
2.1968503,1.4320624,1,0.03557148227023632,UCs3MrfpdShe923KbyNqcdNw
6.261521,-2.8304734,1,0.0909583294893146,UCs5ILGpV9rVga_5_rdRBslA
8.842504,7.6491213,1,0.10447401066381157,UCs705eUgnXrJJMqkB2TL0xA
4.311624,-0.089219704,1,0.08303059487554443,UCs7JAoDGvrKBSvCSPPwOViw
5.474191,2.5183098,1,0.0346518810163165,UCs7wsLlxVswl7LwiU26Wg0g
5.949431,-1.9710643,1,0.09701471283144664,UCs9QgURclINVyVemNdShdAA
4.119537,3.377377,-1,-0.13695542353612622,UCsAiaZORZN0MRMqY-G4qIGQ
10.934655,2.776056,1,0.02341642305404318,UCsBjpHLviYP3s7e_U1-hVgQ
12.382406,2.9070752,1,0.0687162656651023,UCsDwHJN7iX9nNygvP09aQHg
11.98177,-0.06513206,1,0.12417144261356594,UCsE3wP-oh3Gay6OqC3mucdw
12.379874,6.531149,1,0.06427261460636474,UCsEGf8fQkks35UvUuAABgnA
8.783484,-0.5542327,1,0.12489170289605045,UCsEvUt438j81f_qVUSio0WA
9.281272,1.159001,1,0.10389687157507183,UCsFC4BMQhMuLWuzagvPc2Jw
11.263004,1.3848377,1,0.12271322886956626,UCsG5jPI3lkfAbBd4gW52uWg
6.244991,8.747713,1,0.06622526756412145,UCsIaAJws2xwpJMv35PVJTmA
6.1042137,3.4296577,1,0.017568115451270072,UCsIqUHHwuoqtYYKB3eVhWlw
6.818149,7.44941,1,0.06964929621749943,UCsIw0zVS-5p5NiNwQWoZ2Aw
11.611699,4.2123303,1,0.07458906276963823,UCsJ0ZOlH5Vpo1qIXLgqcx1Q
3.4275727,6.8783755,1,0.08404661670023905,UCsKywuOT1ywUcM-1RGbrZbw
7.1680894,-2.549058,1,0.0743096457037295,UCsL97YWc96rxaRCtuhBz7ng
9.782153,-0.008753578,1,0.09821209963784089,UCsMnC8pJA_kkbYnRD1J_vcw
4.1474037,2.989393,-1,-0.10007794599364928,UCsPlCeOrdcjtqJoY7EVrQIw
1.829104,0.5784793,1,0.08559010182252491,UCsQJjIWUBVgvYik6TTqnxMw
3.6198943,4.107803,-1,-0.04431518580049465,UCsSHmWIa0gokQyGyHbNuItA
2.1431773,6.4730873,1,0.09821296442667493,UCsU8f1gpPQuA1NbarsqW3Ew
8.146741,9.044052,1,0.10621574160365621,UCsUpCuSK88s0Xk6ZaOa8cgQ
6.477644,-0.6927226,1,0.09394695184226476,UCsYfn-SJj3GO4SsEbQXy-Mg
9.085229,5.0988574,1,0.03555750216724518,UCs_VA2_jYc9t-lBGBTsJSWA
10.922332,5.1202035,1,0.09969160094484208,UCs_Vih4sAzyEukxnOeRrU1w
6.2972293,9.960337,1,0.11499840627591873,UCsaFVkxNeLte2x0fnYB5pug
9.516383,-0.8796905,1,0.1378289930145319,UCsay6JV2v5An0HrX25ceVyQ
11.703376,6.3893967,1,0.0888113180444341,UCscI5PoqMhWt6R1jmndwSYg
12.362692,0.5342917,1,0.11697246921141669,UCsd0SZYJAtnqxV2mpJuAlFw
1.295249,4.8583817,1,0.07893903488498799,UCsdDQOZWFL3zJ4i5HNIU57Q
9.6089325,-0.47613922,1,0.11873352138629889,UCsdIkFj9JJH1JjUVZzGR5ZQ
1.3217988,1.7209313,1,0.07779961511443029,UCsdburCBGzmF5Hn0q3jrjWQ
1.4453111,1.871329,1,0.07872112382388136,UCsdlnM_yEEXtvU1Z_0XS5jQ
11.743966,6.0200396,1,0.06283424648209252,UCsfi_a1WFjW4iHaFyF83ENQ
2.377946,3.605536,-1,-0.06072603807335497,UCsh2R5-BBlpWMB78mlYRTvA
10.183297,1.7159903,1,0.0923328720388576,UCshc46Fc2cfE4CmtVoFUxcg
10.929373,6.9519553,1,0.030577759413845218,UCsiLtHKJ8hDm6hHEDHEhZ5Q
6.666477,-1.0745783,1,0.12169529504890936,UCsik3TNGbD0mr2fuK0Idicg
11.586204,2.3594122,1,0.09549209564003569,UCsk9VljGVFL1K-c2I34HOBg
11.05861,2.843785,1,0.04309941999120248,UCskJpZotL-gfjokahw_MFEg
4.105234,4.7186613,1,0.006645558091915138,UCsmaBJ0_7jkbld--DNWHclQ
6.353668,-0.6842859,1,0.03846330192696151,UCsnMRtv5WviCEUe7IhoLmDA
7.8221397,2.9445677,1,0.027910815051102156,UCsneJ_kT20f0Jj3NGmXQczQ
7.677561,6.462949,1,0.0066955027110653376,UCsq2cmhJSIAw1NAx0oNOGZA
12.235473,6.237565,1,0.07620171503144713,UCsqj6PDEdDvtI7jClLFuZoQ
9.084604,-1.1374465,1,0.11738522538730461,UCsrirxIE-YSoEFNDCdbfyPQ
3.012507,7.2698298,1,0.09150882785260389,UCsrjDVEqGfM4XAjWxLH3wpA
12.273832,0.3615859,1,0.07014278922970035,UCsrvHrmBOk-x-vxDS7O5O2A
10.984883,0.28568032,1,0.13170980526806597,UCssJQnjXvur6aCtfQ5BCG5g
1.823163,2.6185005,-1,-0.019292893415472134,UCsuOuvzHQ6AzYpyJGORdymg
3.9156065,4.426572,-1,-0.10883338329730918,UCsujSplpwd7pYcD-dQfegBA
11.528961,0.61018306,1,0.05452640094210315,UCsuxyZxomhWEOGNBpto3JYA
9.159647,-1.0082952,1,0.12972694346760993,UCsvimz54Wz24ww9t7X0u2mQ
5.729689,9.922077,1,0.09757935246920646,UCsy4nl-p4QkkxNdAyHXpspQ
5.0430636,9.197804,1,0.11674492807768733,UCsyW2UbCgdqlmfmdf0xoFrQ
8.796744,1.3547659,1,0.11320681226845553,UCsydp4vWTzFX5iSKGcpojAg
6.6466413,-2.2187097,1,0.11164101950406874,UCt-05T0jt190k1pwcTvSthQ
7.619083,4.7612023,-1,-0.060531645565534586,UCt-9-2Eddp0hVMnWCcwGNVA
6.4751687,7.640804,1,0.050390110501305485,UCt-9z2A7nk4G_gPpZY7-VcA
6.97034,-1.0102428,1,0.12762973041245618,UCt2aP11HkjKlPiaKopvWRhA
7.6734962,4.8277497,-1,-0.09001861342720863,UCt3or7cdWH5hrYblE7FjNww
7.46935,-2.0818353,1,0.10675246557236828,UCt3tVTd1CUcW8eCjSQ_k_Qw
6.262145,8.038604,1,0.06232562251997609,UCt51Z9Uk5xYacFauFzJqRlA
1.3907628,1.4976766,1,0.08233001015505997,UCt5waZfn7ABisiEgnEeQ-_A
8.921458,-1.9733518,1,0.12093509489347815,UCt6BkPFLJ9IAY1YvNut-0Wg
11.9323225,7.45157,1,0.07699600886220337,UCt7EdS8f6DVtA9AmdpD3GCw
11.490813,2.3568532,1,0.10344739882532755,UCt8yPqspuLLAwZJ9CooBD9Q
6.2286806,-2.3334103,1,0.11186665556480496,UCt9w9bHdMAm1bAL7rH3JbZA
6.00262,-1.5095276,1,0.1153079007397888,UCtBMdTpz-6A8S1HlGsZ7edA
9.82301,-0.99549687,1,0.12034402230548374,UCtBne5ZbUqhgqakr_4lsMJQ
5.9066663,2.0940816,1,0.056176131201595036,UCtC3NOywYBxszkFduofTfsQ
10.707246,8.131211,1,0.05935975265966781,UCtCt6fJW76W94KFF1QOvgrA
4.502032,5.608136,1,0.013125635509449451,UCtDT0UdfTANQy73gvTe2XJg
8.283872,7.1551247,1,0.09201861295624564,UCtDWzTvmd3EV7lDRdJ-WNjw
9.469837,-2.0250483,1,0.11509010218859173,UCtEMxAhuwzzQF_RcA-3eSiQ
8.481281,0.98755217,1,0.01914810053364574,UCtEcFxSN6dyRZsptbUjyo7Q
9.025406,1.5406853,1,0.10211569124359149,UCtFnC_O9GXJr9gbi2FgAd7Q
11.493471,5.642852,1,0.04742713629348144,UCtGg-vpr2mSHSB4nN93NRwg
9.3312,1.89649,1,0.07823276589634565,UCtIEk806i-8fyn3cbXFohIw
10.037284,8.574118,1,0.12090203713508024,UCtIJbTDsf1ZRTMa7sIyek_g
4.805632,10.161695,1,0.08375240662057931,UCtJ4STG4jjQLrJky9JhNfUw
4.741411,8.997821,1,0.10317501581672983,UCtN3TFRvyK7t_D5PExEBKSg
11.813649,4.1704116,1,0.07758984408239322,UCtObCLVvuiQf4wl4YeOGT-Q
3.5996587,7.2029696,1,0.03580396900646049,UCtOcrZJ8rQK00WMxplAdoXw
7.70171,-2.3031676,1,0.1292798399825204,UCtOg9NycT7FokhHcKDgHW-A
7.9516115,8.472537,1,0.05775354764571844,UCtPR-lQIO-cxmZdd3exO9mQ
11.25022,-0.6205705,1,0.1290283345679793,UCtPZkkDa6ymGRPS08EROlxg
0.829488,5.11367,1,0.074914379952853,UCtQOVyilS5Ey0C8V9hDDFxA
11.561341,-0.4836165,1,0.12080237203424232,UCtQS9F0BG2HQnUhE-nERROw
10.209872,3.8325384,1,0.08945854540119225,UCtTqsrb7-_Nc5-cT-qpG8dg
3.7550325,4.3800025,-1,-0.05463233265076495,UCtUrkh16OXYe3J1O6lbWl7Q
8.14452,8.92369,1,0.113996179138041,UCtUzPq40JV_73mgZYF1tMcA
1.5981302,0.9102352,1,0.08561321794778387,UCtVGviM4f-N8DAfZ7zjINKA
7.375853,-2.2440689,1,0.12016956067432355,UCtWd7InmaM1gBHCtk9ZTrVA
1.1054679,3.4730816,1,0.06138647631252364,UCtX0ew8Vhvg9Y211IvW4Z1A
12.70111,1.559808,1,0.0903569894036107,UCtY-zMZ5knL5zl-uHKrTbhg
9.325392,3.4907095,1,0.06299073154492185,UCtYI6njqoKz1T5odI-ZIcXQ
4.859689,5.344619,1,0.009770631847927924,UCtYwiZ4ksdRzBo8jAs2oFTw
12.301995,5.0226617,1,0.02332217037258494,UCtZa1TJrrfj24mDRUrzRA6Q
3.103742,4.012496,-1,-0.12588451460468875,UCt_CC36lmVA8RkV3xG74WDA
11.980815,7.20364,1,0.07963914570691599,UCt_IqmSacIwu9zTD8Zjz8SQ
8.259908,-2.3293812,1,0.08158173646079908,UCtaMLkady-p2eGO8jZ6Izsg
11.899896,0.002513391,1,0.10756660529689288,UCtasfal92yyLYV-Zv5ro42Q
10.815701,8.046637,1,0.10450124877144618,UCtbQAoYxNO4lnUY5mWc-FIw
9.102828,-0.25804725,1,0.13177531327151243,UCtdeoxrzE8c_wGn3Xmdlr1w
11.687588,5.203199,1,0.011241598490968507,UCtfWQOhlf4eUNeXP25fR78w
6.0914745,4.49497,1,0.057754186451691836,UCthJU9ITZbTY3PZUem4r0qA
5.779437,10.288593,1,0.0874952655056509,UCth_QqlrDeDr_1o3ujUJkJw
9.597118,0.70423484,1,0.10981225659277022,UCtjZPCJfyv0oJX40B0DfPkw
8.824462,-2.0083184,1,0.1215456661527658,UCtlMRE4IPd92aiW9_h0ut6g
10.801001,6.3594203,1,0.004711791644325558,UCtmI2fIHy-d740M8gnkJSmQ
5.2653513,9.243989,1,0.11943359310119894,UCtnjcvGKjNw5fBJl7S-6XqQ
7.3891883,-0.660793,1,0.12276916947536337,UCtnlYTmDUfFCyL0ddk_PiCQ
8.444798,4.4642515,-1,-0.06163760578630617,UCtqnsmmFXdxMxJcnGNpWXYA
5.3876953,5.508889,1,0.0604556057999725,UCts5p0NV7ksSVNL0PUtX5Gg
8.579086,4.539147,-1,-0.037437433009605336,UCtsP3SHibwpeJu6x_1-DX8A
2.7545433,0.74397385,1,0.03880776067263492,UCtsTDXqQ07qxrAHhb2Hp5fw
6.2221813,-0.81552726,1,0.11386135107608958,UCttfMrawsqADhybndvS2-xw
9.68803,1.6528227,1,0.10937100431872715,UCtuGkU-7CbRQjm2Ir8lvSNQ
1.577596,0.8463676,1,0.07890176366159207,UCtuNvVuKxChsGryr9LwNWBg
7.79048,-0.84294605,1,0.10200113662130295,UCtuomBdrOJzV5xS29pejPKQ
11.996814,1.6041596,1,0.11444499414493697,UCtw9QO3w9327bZnZLWNZnAA
9.227252,7.9157095,1,0.10400591783138607,UCtwSr9fLXCCd2dHC9KIam3Q
2.190746,6.8366766,1,0.0905327473663951,UCtxliviwU_cJGq75Gkhld8A
5.173115,4.7005873,1,0.06154597473356238,UCty2nCbnDeXy2tln-EXpWiQ
12.2409315,4.74345,1,0.07158674220442657,UCtyNnZhqmJggoFZAA5OSl1g
5.3501134,4.9401283,1,0.0801889669445301,UCtywaV3fTGGQX-f932m2UuQ
8.010523,-1.8400095,1,0.11401588769402854,UCtzvQvrNpDPBegh4CTfusWw
12.151626,1.7035027,1,0.11782715153110468,UCu1NzPyodaSoLRB4JxXKLQQ
6.6842575,1.9055104,1,0.04182554529612903,UCu1oTg1OkgGUbRG0S5rqnGQ
2.945978,7.1950336,1,0.10251070565266185,UCu2oQ7UTal3-HWu0bWWB-3w
4.9503217,3.8229535,-1,-0.008914413094396112,UCu2wQb5xZ-w75PFPXT-FO2Q
10.089822,0.47976068,1,0.1117392765316993,UCu5Bjejci_OGaj5fSNPc8iw
10.746637,6.7642574,-1,-0.02171746537090502,UCu5GAuT6IAYek2hTeaMko8A
5.4003825,-0.028200297,1,0.1109558312867252,UCu845l7vWxle4zMBrb8BBcA
8.834524,-0.92525387,1,0.12492219286980932,UCu9kEzZh6CqJgnb3uv2slmQ
8.963986,7.61047,1,0.0695621153288421,UCu9lwxp3iYDHbzxrH_dxQKQ
8.734256,8.310054,1,0.09071113211575366,UCuC8hTPaluOci-c-KtoVMSA
11.3202305,7.3449225,1,0.058352050908409614,UCuCDDTndtTA5nrF6ASzO8YA
11.172153,7.783552,1,0.08943873960566917,UCuCoPM8IwlcCR-IWGjBlihg
8.545369,4.3587484,-1,-0.00718480721075565,UCuDZg23emme3-PVUBL2bwPA
8.5504465,3.2235878,1,0.0012548328634151562,UCuGAccKAO0csFFZSAavlXyg
10.417159,6.1629577,1,0.1003892189387059,UCuHcviwM8H4ceBVojynZSWQ
6.2872224,5.3304443,-1,-0.0705189516149417,UCuIcb1zH740tUX3XII0t3mQ
10.538395,7.0514693,1,0.11867055265614906,UCuImGSS0vOnuq0AHYUUCnCA
2.4003565,6.629693,1,0.06874104597275527,UCuJ8BGUhNIAVImhkQGKihug
8.177688,1.5836594,1,0.08864425082477717,UCuJklxRjT3hKWyviJxqnQuQ
6.2448964,-1.7266113,1,0.08904582642154363,UCuKNQKkvdbznwuc0ljTc0Yw
8.84886,7.5468144,1,0.11014895863067475,UCuM4rKEMZkH9bnzHbBtPr3Q
12.134358,3.470429,1,0.07261619254547369,UCuM6kpppW-mtPXDufwkUcCg
9.042286,2.3403752,1,0.07338238536445679,UCuO4v-AgrtjS9W5sTQX9XwA
2.9005575,0.11346208,1,0.09691144013816394,UCuOopMHeNLvcJJcA6Xcx6Tg
12.970925,3.4939928,1,0.03711513676844491,UCuP7cfsbdHOFnS7frW44Mxg
10.494661,-1.5087954,1,0.12210942751249326,UCuPeEwAkTRPdwfuDmLlsI3g
5.6948485,4.7334514,1,0.02476174970614231,UCuPhLIuzUqywEO8mflnThRQ
9.451509,6.276425,1,0.09138188986766799,UCuQETkt2upgjn7dJhh3kqdQ
9.540233,1.1285963,1,0.1257814284898393,UCuQt7qDBrCE-JaNnhHAIkhQ
5.0166817,8.154931,1,0.09354881058501935,UCuRn0JsYOXmPPUrKsExUgNA
11.417806,3.7803159,1,0.05229280767415562,UCuSctxLDMvxKMWaWgt4c8Gw
7.4038496,4.8087783,-1,-0.1557373146652592,UCuSkDhKSZP5BrmZ1XTCy-qw
8.904509,0.22569007,1,0.1272761176351691,UCuStEhW9cZFvO0HNkl2_lOA
9.359045,0.042298995,1,0.08829613238424233,UCuTBZ5z09pHgrjZ3pjnKnFg
12.196002,1.9360774,1,0.11731513245677894,UCuWc3nJmuPGNN2-roO0GmvA
8.541437,6.961043,1,0.08258448166359511,UCuWeHxzmG_KtdsdowssH4Gg
4.865511,7.584231,1,0.054909000295315036,UCuXlFx7wWe6gDSsaWG5vnKw
7.79775,-0.50550956,1,0.11136112297429102,UCuY7tGv7Ju1BU-8QVqFo1Xg
7.9611154,-1.1677511,1,0.12119165559146505,UCuZ2pUdWeoq-c4c2cDTH4Xw
8.588821,7.9378223,1,0.11224197069948805,UCubbEx2_cLEiFGYxCtqa8Pg
8.254259,9.2622175,1,0.10799433171410194,UCudFHoEF0HLhpWZ9lHgBnLA
8.519564,8.508315,1,0.12865052127664,UCuew9r_wVa0s2zUui0Ux46Q
5.576034,2.197803,-1,-0.08458038399802237,UCufYjNoxf32o2NFXt_4J_IA
3.377911,6.9593344,-1,-0.03406192612073211,UCufbybbxUwsJI2Zlfjmv1ew
0.69182175,4.7082624,1,0.06522461196401608,UCugJeFQNP8Wm8lqnqJJCH8g
7.4490523,0.5857852,1,0.10052944698093691,UCujEiTELXl8JqQYuG4kg14A
11.221871,2.5806818,1,0.05690854240132198,UCul3KWP7-qOJlYksjCGimgw
11.561634,7.1360135,1,0.09568139556982364,UCumrvhbd16MTb-nbV5vt_Cg
8.07741,-2.2763526,1,0.07126027051483785,UCun8tgkE8I704Z9j1lIHXJw
7.601628,-0.43043885,1,0.0938687307476036,UCunKymEvNYuDanvOGaJB-_A
8.758423,3.1745312,1,0.018169940572541732,UCunllKCqzQar8fUAB2px_Yw
11.937643,4.372081,1,0.09199697740119611,UCuoLf-ObavcyjSWDQgb2E1w
3.8250794,3.8969104,-1,-0.12287416234162396,UCupC0GKAnfAYgwqynEmb5Lw
5.975137,4.5038342,1,0.03614174987415153,UCupGFdgE2xEAJTlmkf-fIAA
9.607932,2.9022944,1,0.08611765442917524,UCupl4_0BK-mmGb-wBccTl1A
11.468936,1.4672102,1,0.10808344704176848,UCuq26AoshCSGBS9zfT2CTdQ
5.6042867,-0.38583583,1,0.11005473310279412,UCuq_l0SXPRLVhR5zbrFezMg
12.614649,1.8227234,1,0.10643553343677875,UCuqj2l5FENgEbw_dDr5_jDA
1.5652413,2.129852,1,0.02383375662958742,UCusXikZ2Un8GOhOCoEmWg2Q
5.080249,4.397739,1,0.03133543999086458,UCusgQXwdKkz6IIgRRuc2GEg
5.658529,4.6324954,1,0.03612317973059487,UCuueeFqN5mTyTUxiDws4Jvg
11.658065,6.475023,1,0.07968122144839973,UCuvdnEZBdaogzBUrnL2-hUA
5.965911,8.592849,1,0.06982098911134821,UCuw0t9oJwWIGlWGO2FLTA_g
12.635995,2.5344825,1,0.10365453225030258,UCuw2ltVq7-mr4VQGkhlkcSQ
1.1973163,3.3171227,1,0.029922407083815328,UCuwo7hyKOH6kqc0ChYA0CZQ
8.239348,5.327363,1,0.007391916727743197,UCux86zxs8AnBqqDH7MUWkoQ
4.5374236,5.340286,1,0.04311894035517533,UCuzvCm2IbyJN_-1Q81JFK0Q
7.226996,4.799894,-1,-0.144815089551798,UCv1bgBA2rbrRYuNoeVHXChQ
11.282933,-0.58482355,1,0.11591548008083008,UCv2w1mgdDPa0h5kn1euC1Og
9.312472,8.026824,1,0.12848919420196347,UCv3SeMcqld2wZ9gi78r-ttw
2.33968,2.0641148,1,0.06617728533595535,UCv3u3iQ9SqP_0_o6WjTE_qQ
2.2750242,0.31765127,1,0.09081935712520645,UCv42kGNb7RkytfSgq0Yz3Ew
12.016511,6.830204,1,0.05408813855700084,UCv4CMtMWjVXJWqnYV5vXlcw
5.6657677,0.09465886,1,0.10785863299737714,UCv6OAi0THV-RCf_RJdCf8eA
3.5828767,-0.27649426,1,0.09540911688079368,UCv6kbIolFcEXEPYf5sLNm5g
10.439442,-0.72551155,1,0.12335616489150092,UCv7G1DFos8K93ogCM7-jv4A
12.087904,1.7626851,1,0.1172307288340646,UCv7XXl8sULrykyOgHvMwHfQ
10.689299,2.3082812,1,0.09137052663627987,UCv89AloCrm5pk21rMGkxRkg
7.6842613,4.906255,-1,-0.07058687817304299,UCvAOzvc0066dojKWd3lcH8Q
5.8474717,7.934929,1,0.09723317215594512,UCvAVnOZNM7c7i8R52es8TGw
4.049779,3.8824928,-1,-0.09254626244996744,UCvBHzja-3o5nfzvHECqqEww
8.778428,1.6012523,1,0.0751848913439438,UCvB_4UBGEV4MUR6AGTfL1Cw
2.9202638,4.2733836,-1,-0.16098476428440434,UCvC1IppwEaKf_RYLt9U46lA
12.926243,3.5834792,1,0.047715589947082304,UCvCBQMmYcQ3eit4QPWTieUw
5.8060546,9.411357,1,0.1001505608343205,UCvCcFRgOdOBDA6IV0u9F1Xw
8.226049,8.184698,1,0.10845839870028445,UCvCcg2HohJd4lofhZlPx4zQ
3.7715726,-0.46636736,1,0.10123962727383395,UCvDYnGJgiZcIvRRIDIiqOdQ
7.6884575,7.27042,-1,-0.006747687937589841,UCvDbkT8b00rkj_nIALVBwsw
2.0360434,3.8856387,1,0.005087248275099321,UCvDz6P4FNSZpuC0ywgjsGQQ
9.747788,-0.65369475,1,0.11454023541000752,UCvEH3GIyS-cv4gs-ZLiJ8vw
8.159607,9.342293,1,0.0729319279287785,UCvFSJLnpz3tcdPAxS3z5iVw
1.720755,2.4839544,-1,-0.01283693000038355,UCvFdtH-KTGTyILlevYhvFYg
6.7913527,-2.5833552,1,0.05167607053949669,UCvHcQfVrevr95DQQ9uaPMNg
8.969545,7.0402427,1,0.09748255638161474,UCvIeVVOYt91VMEK9ofkMpPg
2.071086,2.4827387,1,0.05440779509598148,UCvIt400iVwJsI776V26Urww
10.324518,5.4439597,1,0.06493340251779733,UCvJbG5DUkERB_VA5OmZndzQ
6.5267253,9.36126,1,0.08094016096417694,UCvJlM6iY14SI3GyRbR1WMRw
11.6412735,2.0798643,1,0.10644290751243762,UCvLKHlGfnoEmI8LLYc3zEZw
2.6774356,2.1545918,1,0.030864811176451734,UCvO73JiNlu0NmbyaQzsHuUg
10.860157,5.6324253,1,0.053301223367806294,UCvOLgJosZa045VvVyIO2_gg
6.1905155,-1.9058323,1,0.10014507914633125,UCvOaP1a4YQPX5se-bBGSiQQ
8.072256,8.816752,1,0.11724768401637414,UCvOxkNkujEwF5bMExiEfBAQ
7.5700164,8.822489,1,0.13060499648506751,UCvPnexfkxsEspKROsZ4SsLg
8.99843,-0.6096632,1,0.1199837333911431,UCvQG1gpFQidfdnfHLnbvfZg
4.2792225,3.6781957,-1,-0.04126273547852877,UCvSdknes7CWqms1z9mlFXxg
6.245236,-2.0099418,1,0.11936881232571717,UCvT5SaQ9nfCqAN5QkqwcZoQ
11.044847,0.7721686,1,0.12726332793192568,UCvTsrQlZALZSL28kk0lHX4Q
12.686235,3.6449096,1,0.07206135776026362,UCvXrBe-9HXoB1SGHaUxbn5A
5.4412293,4.5657015,1,0.04111684070448446,UCvZBDRPQBJgYZm2ib0O5HHg
2.3883517,3.6731849,-1,-0.016399315440222995,UCvZwz1YWYa3GtFk_T78ALgw
4.101888,8.745734,1,0.1016329862668775,UCvbQI5pcHAEzYm8hxIQ9GtQ
7.2464447,1.931464,1,0.0621372687944865,UCvc_RLwBg1cpZxBAXQCiaUg
2.5423315,0.23960914,1,0.08697237542390107,UCvd1s1BIM-uHQ0eODb2mTdQ
8.299081,8.093404,1,0.10420071275885057,UCve3oJ1EDu_e15uApvBEHlQ
7.0914235,-0.8962479,1,0.11260279263752032,UCvfcOerzve6p1pR5VRuh1sg
3.6556613,8.179781,1,0.09344864237119399,UCvh7Fx-bTbWJj-stquZHK4w
4.219072,0.3895421,1,0.07854647381189761,UCvi-lNywv_TLhZdNYqvJ6QA
11.912515,1.5830564,1,0.10708382033107894,UCviE9tLOQYnTLHu57Wzxdog
6.8111653,-2.8651736,1,0.10591343647741852,UCviJuEJ0YCMzfns7rZi4FFg
6.1728578,4.1272144,1,0.008404777380917383,UCvmsnD5JQb5fS0qF8B5nyNw
11.167285,3.7897794,1,0.11669174459359588,UCvnM8N-cYxG5pc9zPaWgHUQ
8.9099455,8.204015,1,0.11830170392652489,UCvny3UPuQjZifIueChOOFcg
10.046577,0.7028863,1,0.12228756111036654,UCvnyrmHHeEqvHJMN0WV3rdQ
8.076103,-1.4991791,1,0.09119016072757624,UCvsW-AeUsLPpAg1PgNtkF_Q
12.348904,6.827333,1,0.06444444659008686,UCvsswm1DY-c9k3v_eIPS3hQ
8.837662,0.51533884,1,0.10520479172214048,UCvuw_MHo54xaqkZ7i7GCheg
5.821611,10.2554455,1,0.07222269325443326,UCvv2toXBlGXzdbhTMS1W9gg
10.88177,2.2861187,1,0.06655435052574515,UCvvA-5rTTGRnEMMCJNoh9VQ
11.196018,3.69337,1,0.08571392058717187,UCvw5oiSM8eiMx3sSm-fCuvA
11.04497,-0.2497717,1,0.1369444197641358,UCvwmrYxlpF3ToVZ4KVByHhg
6.0179396,8.415957,1,0.11469912866686194,UCvxRWmS3T5dlVGIKEkARUEg
9.827272,0.63845676,1,0.10770538590566076,UCvxsLFNQhz_mYMgJdMfnQMg
2.2889817,6.6037593,1,0.08529390439025436,UCvyvx9FKa1skq-ki04DN1iA
5.256872,-0.5415273,1,0.11118034699836482,UCvzDP-jbRZ0AIit24B1-gjQ
10.301428,7.2557425,1,0.08930357952015944,UCw0aiVa8jmupdggWGoTMZ9w
3.3333144,6.7163095,1,0.08195935401105864,UCw1CsjhWLOpG9QjWuc_e5pA
9.907689,0.7016316,1,0.11740537517381289,UCw1Mh7VGpASBPWTqpdwUcWg
11.066661,0.4804834,1,0.13504218849242017,UCw1fsbAq8P417QRFkTbZLtg
5.749548,9.036343,1,0.0651347834509623,UCw1mt9PMKJAzMCAiki_sW6A
8.033934,2.4973981,1,0.014380255571244838,UCw2w0xPGqfgCKtB1ZM9sPiQ
12.810096,1.3891177,1,0.11084419467920897,UCw4W-rrf_ROlNHAQ_-Au70Q
11.336865,1.8017087,1,0.1073881245116513,UCw5de7keOLCD-TUhiwNMSsA
9.165552,-0.6657531,1,0.12970787075238016,UCw5zGcM3LH4mDyUZdxL-4Bg
10.093651,-0.90034807,1,0.09945979990543657,UCw8_VBsxY5Da8opoPvofLvg
11.251931,1.9286672,1,0.11891647232638064,UCw9wNv0CEM9Ohkbwq0mpqIg
6.017366,8.870393,1,0.07991404848857375,UCwAJwDJ7C2-aX0bpCcxG7_A
7.514821,-0.32642666,1,0.04157700025647526,UCwArk2bil61-c_ZhxeK9yvg
5.6344547,9.3029375,1,0.10187819076341376,UCwBU-lCVV_p81Rlcx4JRkBA
8.453717,-0.811172,1,0.1265549871796618,UCwByvoipmZjgPB-HimwlNmw
7.2478385,7.8378143,1,0.053496923606366764,UCwC0n9XEqXbtoLiqfB072rA
8.151842,4.6471157,-1,-0.023700662237853165,UCwDFsVenL4otaf46j65UM_g
8.07152,9.004232,1,0.09954328336192142,UCwDyweH08X6j3VjqVhHSmhA
9.853752,-0.67257065,1,0.11966274938889676,UCwENr2gU3dRpnGWQ31WtFgQ
3.1104667,7.045235,1,0.06727864266778677,UCwEZIq8J0Atls4eDi9v5yUw
10.535634,1.3797878,1,0.10801360354579503,UCwEm61nheRTfYODCuhI4maw
4.7817416,-1.2558081,1,0.11989645973967156,UCwEoebx9YVz1iwGcCkMFaiw
3.9142907,0.6008676,1,0.0388310294529261,UCwG-RtMUooLvNKIs5xRxF7Q
7.576845,9.48736,1,0.0943378115502192,UCwGV0V4tUE_4OsrHvm4aP0w
3.7875829,3.4562948,-1,-0.08995601132342435,UCwGeM7b5rZoryH-Tw5JKzAQ
5.1237173,8.327231,1,0.1024746424300158,UCwINxOPhFFhkYqntJpZllCw
6.060412,9.575927,1,0.11988031171872465,UCwK-EelLcGG81WiSk52upUg
5.2971625,4.3152843,1,0.07607457204455181,UCwL7Vf1NOoJkNCYgI4APWCw
9.250615,7.509166,1,0.07134548299021859,UCwLVjfClE4GbmyoNU6Kxmqg
11.657734,3.7023242,1,0.09555130958583097,UCwMFd117WPD_VnDCjV4pPhQ
6.8338113,9.465967,1,0.11471711668693035,UCwNy-SWv8RabzYm5yTnbTiw
9.085549,2.2074468,1,0.07423358954783699,UCwPRzw_OqvxHVhF7kcLdeig
2.7723413,6.1008687,-1,-0.028175032151270152,UCwQqksTFqw7_YtgaM5UBYaA
1.6406412,5.6379857,1,0.0987361883452117,UCwRCqtgdnEktzoD6cZLd2yA
9.767158,1.1081724,1,0.11104760237161843,UCwRFPnu8iCJ_q0kDpEIOCig
11.916359,5.9196687,1,0.059077444353471065,UCwT8_uSCOTc7tEQGprrHyLw
8.529331,3.1870399,1,0.04009850663447767,UCwU8-JKkah0BwajPj1E5OVw
9.730897,7.0601587,1,0.06780461151353484,UCwXd5AjebcnG1gjcwmqkrhg
9.58263,7.299107,1,0.09979005138951758,UCwXhWtJRz_d3IydUhkFXyew
11.257344,2.4772303,1,0.08592381807573107,UCwYLSfwM96geIXKHGAbseTg
9.783391,-0.5344164,1,0.06954839836727122,UCwYa9bEawSy6NJS-UGGVWvw
12.149851,6.6481533,1,0.06019163671710254,UCwYt9itmJ9Tm4jPwZDk8Bag
6.200929,1.515139,1,0.06142792419491949,UCwaU8nkUu8PrO383wJ5P96A
10.916326,7.3295236,1,0.08677345189838825,UCwayLuKs9LZcL0sIFqydz5g
5.6356597,4.8588686,1,0.005015822073855147,UCwb0iCr2PPMRoWweD5TY56g
9.173283,-1.7335349,1,0.1294461144378085,UCwe-Sxf0ebGC0UwTUU-MZkw
8.545196,9.1004305,1,0.10623969119717624,UCwf76iVY2Wx1zTdwDyErMog
8.000801,0.029586835,1,0.10722481016936003,UCwfLxITnONK2bFkZ2uYm3fA
10.501292,3.1900332,1,0.09054517548492924,UCwfdKWE6sv7CR0zN0EGqpow
5.8700514,5.492665,1,0.012059979528847242,UCwflsjf9WHtCp-K3EahIJJA
4.6886373,5.137669,1,0.0051024167923228725,UCwgULRKbPFiW_nLz4maC0Mw
9.275884,-0.30387062,1,0.11999372452126383,UCwiKRQcAIS33FNvr5Zzc3pw
8.419297,7.719481,1,0.11603410753382454,UCwkDzM6UpYiOghg9r283IWQ
11.457645,3.611373,1,0.05871257260800189,UCwn0w3T_PL-1J1nwYI0ju_g
5.8234425,4.6411405,-1,-0.01612927034603251,UCwn56BB4cPWKgH_FzK4NFpw
3.028167,6.4415817,1,0.0702025026096546,UCwnz5XO9m52Meg-fOdqRcjg
12.484308,1.0418165,1,0.11089725527535715,UCwpKvsz71caPbHAwMo-dWOQ
4.9980006,4.02094,1,0.02519937020429286,UCwsNrEYUpNKc_sJdVguokUQ
11.122912,1.0661092,1,0.13257171362920483,UCwtUHgepwhPd6M0QpEs7IdQ
10.245025,8.484711,1,0.10297115104541937,UCwtigU3ZDsRplnJBFlkgQQQ
4.385677,8.824555,1,0.10809156659181335,UCwvQIsGJD1gtQPqW9b1eaJQ
10.997331,3.101996,1,0.0754799737733361,UCww1DQ8UH_dVGdmirVYlwdg
10.670488,6.09968,-1,-0.03359176558566157,UCww7Qg_OcVgu9V-7YFbiREQ
6.815518,9.789553,1,0.11513079014785021,UCwxHv6Apdat5dR5BVdB8BXA
11.413541,6.293668,1,0.051424250361359836,UCwyQOFpCRB12qo7-pQADNzQ
11.756268,-0.2103992,1,0.07611169562996695,UCwzC_XfxNKJ4KvYwTpCfmBA
3.684896,-0.56679446,1,0.09631198001487945,UCx-HMIyqBgGgDhoslrR2w4A
12.485926,1.9438444,1,0.06919079023522234,UCx-leoPVPDvDsicSc87whEg
7.672438,4.8577943,-1,-0.051073670800312776,UCx0uF-Us4LOlUi4xHPEgBQg
5.6770678,-1.4350804,1,0.10238046391875816,UCx1F73tIa4LqpIZ8QuIruOA
10.549927,4.1482944,1,0.07514839283992292,UCx1QpGtVIE20i1GDlSTNX0A
4.7826514,3.901308,1,0.01861859777496999,UCx4J3apzbBWZiCYAmMt277Q
6.738077,-2.9806733,1,0.10810608424963075,UCx9h9k06Sn_u8R7PbMigwIA
4.37779,7.157222,1,0.06367973487785022,UCxBnbpZD8gnbqe0BLFh3t9A
9.986345,-1.2400143,1,0.13625609778734105,UCxBr4QBh04Nw1mhe1ZreNaQ
7.929624,8.905766,1,0.11273778777587123,UCxCZ-0NeRGaG0cEdB2h604A
10.846418,0.14825624,1,0.12054104672353294,UCxD_3fJ1Um79W6iFcctyl9g
8.499882,-0.377571,1,0.09748643124569273,UCxEpLcr9jxrtoo1KSunP3mw
8.141596,-0.5191326,1,0.12973665535227968,UCxGWC4_TeM2o7QgPjhEqsRQ
3.975007,5.3525233,-1,-0.003777335135274118,UCxH1kSpAKBE0XIQY_XE9cUQ
10.750884,6.2809253,1,0.062263866995218464,UCxHU9_KkRJllIt9QlXc_YoA
11.459599,7.2586083,1,0.09643718325585965,UCxHdueQ2lCp08kZ1136FiLQ
4.8358555,5.133957,1,0.02466053283043229,UCxItpghuARpCVGkMbIJL7yw
8.188127,9.200549,1,0.10120563803223631,UCxJcQOJ0HFfbdlohj8IDI3Q
6.862331,-0.43854687,1,0.008898005745421433,UCxKZCh6XF0yxv2tPw348cKw
10.829714,8.321746,1,0.09148760499378666,UCxMFnQHv5ZNxyOC5--fPXiA
10.423854,0.8711488,1,0.12381050858452419,UCxMl7BW3iQZjkb_RN47D4rg
6.8803325,0.52054524,-1,-0.09939815342625236,UCxPe7JmeEb10keBOYpt9t0Q
3.5363824,0.7240637,1,0.02009150876609822,UCxSmfVkmJ55x469SyvTYq1w
6.035099,-2.1058798,1,0.12080242643144518,UCxTPtg4J_oMyTOGdAy8-CZg
4.4468307,0.14093931,1,0.09606254522074048,UCxVNh6FWkXJeV3sPDVRbGpw
2.9655712,0.9086545,1,0.07045752081843176,UCxWGNl7ar9SuYfbsh7Tieag
7.7645383,7.491219,1,0.08324290383423777,UCxWe2kcHeJMQq0NlPe2f7kw
2.4124935,6.3059163,1,0.04753464632955434,UCxY-6OgplQOC2uEXgqODjZQ
12.688301,1.2012554,1,0.09963839707481481,UCxZ6za_Q-6hPBzK5pmGQ__Q
1.316106,2.541146,1,0.03466001801259222,UCxZyAlH0YwAUBcvtFFOmMbQ
5.9422426,4.348724,1,0.049635681572770596,UCx_hrkHT59HJymoUCjomcdA
8.925487,3.7174773,1,0.036173804453947744,UCxbckLYNUgnfNTZlDBS9-Mg
7.966348,-1.9012012,1,0.12430943002687844,UCxcIOIDdOfo2-ljOB2HYZNw
3.2446356,0.08997171,1,0.0607699246099328,UCxccuedyzOB2AYkgNp8ZCZg
5.928779,1.9196825,1,0.060729253135731964,UCxd3C0YYPbYtR3lI9bLjNxQ
8.9562845,1.1013266,1,0.059059700464563325,UCxdX5hzccz9fAK09wyHzOkA
8.02821,5.2794437,-1,-0.04228567942941963,UCxfDgjdRD5p2gIxFnnWUXDw
5.815044,3.0498648,-1,-0.06479419040765766,UCxfUlvIr4_Z6FPcSbRbzgHA
10.864825,-0.7887412,1,0.12486725313414165,UCxgZLb-KLWNV-NLeabziaeA
7.2255874,9.220626,1,0.11103814534539558,UCxh1GquHVU7JCRit-MSaY5A
11.1669855,3.4920583,1,0.05998612290297328,UCxh6YHnBlR_-wVKlWxCqWTw
4.8409185,9.607451,1,0.10167889714966405,UCxhDkf9Z8qMJKwgWVK7oGew
7.789594,8.984877,1,0.0895582301406142,UCxhR4vIbMaAJc58iBicqtGg
5.8710766,-2.4331107,1,0.08359188586315458,UCxhnw1vZr7Nvk4-s2bL_W0A
7.3061376,8.310747,1,0.1081027373445736,UCxiQ5PZLh1WG3sFNKOM09RA
8.993299,1.5163631,1,0.1011873638017673,UCxiXO-vPZ_9-Ys4n3g1Vy6w
12.905952,1.743869,1,0.07089285658905492,UCxiiJTaF23I6UkPrch33fjA
1.8803495,5.8245535,1,0.0975963928150913,UCxiuxeSAkQi2HzhNVJWqgQQ
2.2922711,7.0474935,1,0.08394063300615423,UCxj874R7MXcAVDmPBIyi11w
12.532356,2.3485475,1,0.07861341684437945,UCxjI4tRiaoDHPkI6oopb6OA
7.243295,-2.65395,1,0.10063743069530717,UCxlJZ0TzEJz-aaf9mlIFTWA
2.1007786,6.0377336,1,0.10024405778656698,UCxm1uq58gOhHKy_4Onhj9ww
4.626386,5.0268803,1,0.03971914498272905,UCxmqmV27H2mPhBd0EOquaWA
7.1139255,7.44657,1,0.07178994665900351,UCxqJN-3-4GqnYi8zn1PNkLA
11.153662,0.4128087,1,0.08937444520060245,UCxrOOdgG72z1cr2YBwmPtuw
7.307352,9.217244,1,0.09635800374041403,UCxtRzVIV-vKM_ioCmMp4rhA
1.17492,4.416884,1,0.06580599973104673,UCxuoqLjhSKnAsR5SaH_kjQg
1.1552354,3.3820705,1,0.0548264839585203,UCxv6iTNeUhGnr6DvreiLkKQ
8.012035,8.705353,1,0.07488991207877715,UCxwZb8v5Y_Y5Nuha0ahxMXQ
7.3040223,-1.367332,1,0.13125395392330197,UCxxtvFq4smMi-eijLBl1NKw
9.915147,6.102087,1,0.12096917335104729,UCxytAMQsv79hFpadDAL3_-w
7.310666,6.762952,1,0.08887926714888578,UCy0itkdGFy4T6_7fqx91hhg
12.392682,7.0485516,1,0.044659182918067974,UCy1Femtnx6dhHm48VkwE5jQ
5.7130394,4.956507,-1,-0.05012595860714664,UCy1fu11nh90dQD_s2AIHmvg
7.943011,1.6081682,1,0.09677567675726767,UCy20AjSN4uND2pWD9sRj3wA
12.2458515,0.5927225,1,0.05710115868936033,UCy2IJHBkj92UQn8X8Lw3VWw
6.8198156,-3.012491,1,0.11095163973157635,UCy2WsKh7Hsi4zp0FNRZSN4A
10.557257,3.5540261,1,0.11110210653169711,UCy2_ht2OpXolYScleUi-hXw
11.8406725,4.9889984,1,0.05546642095980481,UCy4SLDCaAhuOE1Us3e4Nbgw
7.9698105,-1.5506063,1,0.12850520207777932,UCy55EzgAdWWLTyv01QQh8Dg
3.9972737,7.5696836,1,0.053696678193630665,UCy58VY5cMB3Gk5eDDyNnBTw
6.6566176,-0.9600513,1,0.10358042562959618,UCy8R7L2_e6Nwr8TgCyyvG_Q
10.304591,3.8428671,1,0.09891392104038654,UCyBqrGC6mA8f7Lyn_YeWWTQ
10.693958,1.9215664,1,0.10309469483874634,UCyC82JPaJQcT9UWXtMGVJCA
10.361983,0.34940797,1,0.1357273541834595,UCyDZbhS-mnuULBRHSUkeIiQ
11.943386,7.545175,1,0.06334522950161131,UCyD_rHWmWGdUvaHXSBJKLfA
4.8635855,3.0754404,-1,-0.028654852579545587,UCyDfdHsjP0uHqL6_0MmvsSA
11.574768,0.36911348,1,0.11489674739086575,UCyIReiFZ0Lswnk6GmioBTOg
6.452331,1.8351132,1,0.058553367984199634,UCyJH71Kt5lqXLKP3N8JPAww
6.520195,-2.750158,1,0.11680212023536629,UCyKEa7mUFM3bexIqVZ-hVSg
8.512463,-1.916265,1,0.11406090594587914,UCyLZcoGJS7DYeVhntOQGjyg
10.245715,0.19380674,1,0.13944084140875462,UCyN85-EeKDRP-wMVsaALIEg
1.6424036,2.1489437,1,0.0010065675639767124,UCyOscbfRETZZFY8KW81Yp3Q
8.700263,-0.8519644,1,0.12379978179454637,UCyPWksZVGLMpZOVF8tkKtgw
4.689826,4.8039827,-1,-0.0029387579170985223,UCyPiTgTAAfOLqR8SlIcJDhw
9.7995,2.5665202,1,0.05961212423787943,UCyPzsRZpTrCWfL8UWSrkrEg
0.72522414,4.55973,1,0.05375155324633635,UCyQ5j8QEonS3PN-IS_jaouw
10.892372,2.631825,1,0.06692957233074392,UCyQqUXELmRgQq-gAFoUFhSA
4.611034,2.858862,-1,-0.12706712537560527,UCyQwpzdUBWaUjStqO9qrX9Q
1.6235524,1.4595755,1,0.06728757468802882,UCySAFRW_AgNdZC-QfcIFRyA
10.439165,1.7518919,1,0.11780237635460333,UCySW6nzt2S9YObwxmjrO8Bg
2.0320292,0.46357846,1,0.08473471150710382,UCySxd58HzQrp2lI7Hdxbhsw
11.33169,4.6195188,1,0.06241352511597542,UCyU6IjjMV30cQo6wAChcJ3Q
4.258443,-1.3911618,1,0.09369706984015619,UCyUUi7WXEUVGUVAs1Y5OsVg
1.7604226,0.6231967,1,0.06426903150350477,UCyUxlkhR36LV6z92gZ2k63A
3.051807,1.48304,-1,-0.014221624552080314,UCyWJzK1vOwM1aamTvKCwnpw
11.480048,7.445601,1,0.09187479469902299,UCyX1_7CtaD9Xy8jVcEEDb9w
6.145213,-1.2160808,1,0.11953198278564303,UCyY5I2IJozOprouQx7tFtEw
12.180333,2.77634,1,0.0807656281020025,UCyYkTpKrEvhZO1mQH2LobyQ
9.567929,6.613393,1,0.09173236065015189,UCyZUaJpulr8Q172sDs_e4Eg
7.4889536,-0.5915386,1,0.09982418731395609,UCyap3DSP4ommUuqdykny3SA
7.714064,9.285023,1,0.07789754244719582,UCydTp3Asrsq4Sc6wZKVkBXQ
8.294807,1.432346,1,0.1015385937611778,UCyedzPQKtOp-u8xQGc6zP6g
2.3131752,6.7059956,1,0.08600303068041926,UCyg8IjVbMSDOlQkt05Eth1g
8.60162,2.7681336,1,0.09811868456831496,UCyi4HWpphXKkWnZTFsa7mEg
2.2776558,3.2880793,-1,-0.0587095421225855,UCyjNvAMA0VMNGEdbYLijiRg
9.93008,6.4524426,1,0.092633031950553,UCylEWSg0sCbS_RJkvOPbYcw
8.9110775,-1.651818,1,0.1221537640846635,UCylqw8wnHdEsh7GjvgUiQ1Q
12.156108,4.7326217,1,0.07315338343354905,UCym8LNWNco9O0irlAD0FroQ
12.630591,6.270589,1,0.02995463801178222,UCynGzcb3acF49Kpm309U3_g
3.9055605,0.8523883,1,0.020942708271770083,UCyoxOd1fNdZ1B2FGZpyjfSA
7.382617,6.747865,1,0.01869699682473147,UCyrQvJIQ1S8FDC_99XXBlIQ
6.6127186,9.11759,1,0.07867617164929241,UCyvj6H6ea9-87mH1MqHbrdQ
7.0319996,1.6219441,1,0.09169718859384868,UCywgWR3-dgvf64UcqpX7VrQ
5.860861,9.51026,1,0.10718640410270364,UCyxfgZ-8RJVeuMCe6j2pX0A
12.8910675,1.9024097,1,0.10051087574008138,UCyyo_PN3vqPzm0t8qcqyvhQ
3.4732947,4.067643,-1,-0.09899404978206616,UCyzOCRhSuisP8lsOkepBYvg
10.840624,6.969639,1,0.043055825362987354,UCz1QsQvay74_nPrXz9oHtcw
2.3735366,1.4944935,1,0.08861161287342462,UCz1t-3lcXRLttbVC53OcBew
11.194522,6.7284017,1,0.0549348651751968,UCz1wqbZVrukzfEQmg2aOJPw
9.0489435,2.1590898,1,0.07629380847427258,UCz2O2oQ81NbGahInpXfMIIQ
8.648312,-2.1089416,1,0.11174735801224789,UCz2POMkqDL2YC10rAYBWp9A
5.2683725,9.294088,1,0.11900699007445908,UCz2r6dEc4pNpuh56_S3_dGA
2.1505158,2.854288,-1,-0.10310024818697561,UCz5Y9KB7mBB0UZC9q_yB15w
5.9405284,9.353645,1,0.09620190962034786,UCz7RScuxt7XGAb3DEC4jPzA
10.189365,-1.5506283,1,0.12450806672995679,UCz7SWewxlCnq149cIzHyGTA
12.372277,4.157072,1,0.08102556628398894,UCz7hwWeDlDbicdhZKfyMemQ
9.683136,-0.10170391,1,0.13128185066536951,UCz8fYR-oR9sgAcp7gZTQlbA
5.4881883,5.127517,-1,-0.08243042224100627,UCz8qNiSWZqDa6GJMVh51u_Q
2.5438797,4.467782,-1,-0.17039483358612018,UCz9JOOzj82qqyVI16ROMOAw
8.550102,-2.437814,1,0.07185487156813958,UCz9OmtEcn0HlvuTN5DMFMjQ
7.7500806,-0.76331097,1,0.11988280866770545,UCzAbY7B-GIP1t9Q6jbbOZqQ
1.5895296,2.541912,1,0.09487772622522833,UCzE9IrS5quydJpMGq4p_CDA
8.009226,-2.6606631,1,0.09870990736654728,UCzEqxqEIv6d7krLx6tnpGmQ
11.229462,3.1030686,1,0.10519563770491797,UCzGi_b9QEH16KN9irjS08QA
4.3330464,4.0772066,-1,-0.011482352010317887,UCzHUJXSl9hSbcFZn8l-76IA
5.642186,4.6841497,1,0.03584777092509195,UCzIdkqzUTwRaDY6UrY0eWuw
6.8171024,9.256917,1,0.11332615709792193,UCzIf1o3eihSCpXWcJLsaawA
0.80120474,4.6474514,1,0.08434681004565359,UCzJBgJaSUbkytISW5MPSRqQ
10.560403,1.7816848,1,0.10272036311912724,UCzJ_xq59sskXg7F9SwAgUvw
8.914593,0.9094673,1,0.10465156787534041,UCzJczNP4kWGfW9iCeOV5Agg
3.9670513,3.9792304,-1,-0.011044370162807793,UCzJgClz4DQOfsh5FD8jV3Gw
6.1195407,10.002453,1,0.10254141124198912,UCzKsHi8zlEZ4vfPNYbBzcxw
4.757085,10.115336,1,0.10380148243374854,UCzLjekZQGmOT7t32oDUvJTQ
8.426537,2.036202,-1,-0.005754842456135556,UCzM2P-kp8VnOMgRoA5rcs5A
10.673717,2.5245552,1,0.08022883263539743,UCzMhMbmX9Y68ioTZzXVOIUg
9.967504,8.054173,1,0.0946933415564491,UCzO5g974rha6E0uvpWj3GLQ
3.3887203,6.8369565,1,0.025079225276226025,UCzSP8iLR2Dv4FgYSRdTjFmA
8.083211,2.922116,1,0.03462816698728166,UCzSZPh4pUD-7b9RO3pBr7Xw
7.077428,9.255732,1,0.12009881752776597,UCzTg5Idg-Li_34sKe-kS4Nw
10.741649,6.005142,1,0.039785063461438175,UCzUagso-6LPy4BwWySBJ0Nw
10.273407,4.2828894,1,0.10689145068440437,UCzUpjMFkGA7bk5Fsn5cEU-w
12.048336,7.570189,1,0.06723324446650952,UCzUvpFvxKW_M6jdL5OS0qUw
6.2339554,-2.90859,1,0.08952952823988913,UCzV34XvrRX5af8MLttcTdtA
9.928701,2.9504461,1,0.07101779926887847,UCzVRCWPGU_X-7_sPOxS8QRg
6.793211,7.281097,1,0.05696815655810705,UCzVc43-TAE7m5zd7YLwHdyg
12.019219,7.5116553,1,0.06894620319987721,UCzVucuAJui_GM6MCTbKHA0Q
11.90654,1.5086331,1,0.10506676156444816,UCzWQouYjreVJfdnTXzs_bqQ
5.0010896,4.9352584,1,0.056010399141663,UCzX1Q9J5snjPxwqv8Lq4ftg
5.337415,4.892704,1,0.06063438615743244,UCz_YXGYAuhTDQj5M6xFPtcw
12.832474,3.5492377,1,0.02560910731380639,UCza9KK8nWbL0yyfAWvml0vA
3.6054833,8.156669,1,0.10871930282044923,UCzdDDXoO5dfQjKAxf9RHIew
11.928735,0.04064759,1,0.1206879273114359,UCzdJlzyRkykOfBaHFXvEfsg
9.694381,8.068317,1,0.08573250287299028,UCzgbZ-yDu1Gy3tPDpnaMT5Q
9.798925,5.408676,1,0.04633622599939369,UCzhRHCsNa7cq0CMR8X6LONw
5.5412264,8.527105,1,0.09091644589196418,UCzjFEkyALx-hizNVZQmKBcg
7.793072,0.16769408,1,0.1208709560377832,UCzlxtAdfUIItFJCpWJ7jTUA
8.296378,8.066478,1,0.11074029965263699,UCzmgZAZuVbbfpmSFTv5FmOg
5.697749,9.757953,1,0.10751837845400636,UCzpsGTH8AUFflDKbm07eH7w
9.516595,6.041791,1,0.059935816445737145,UCzpsMuwchACUHJKNrMlAd0A
11.792646,1.1917963,1,0.1266631562148769,UCzrNl1tgLGuYYtWDSQR9V9g
1.5386635,5.6944513,1,0.07562207767892504,UCzrYWiwKpnZVzM7RblOevsA
7.890124,-0.08797776,1,0.11184340943822951,UCzs4tHyf_syvqjF2lf7XQbQ
10.660993,7.7788453,1,0.1121614760575329,UCzscIrP5knxQGyXTaZttjRg
4.5960684,2.6792543,-1,-0.013580265562019855,UCzsiCl8VmXd_yvnNRZtUubA
4.7641687,10.259888,1,0.08910993069073264,UCztFtM85bX-HIgxqoclJD3w
3.3951602,0.43339393,1,0.05881257372423532,UCztpqU0JhxCcxCXe-BWK74A
7.461305,6.1592703,-1,-0.018529596903257506,UCzw15U2oFjJoy21T1aVNK5g
5.7144737,9.969578,1,0.08825360123144027,UCzwuq8q3KnoIX2gNEnyYlhg
6.1977277,1.8010409,1,0.08229207590265958,UCzx2jDCwqLgPEUkCnCVzTBg
0.7170521,4.667516,1,0.07261635177217396,UCzxIy3D-Lc-KpOuMaYajqSg
8.810407,7.00421,1,0.0966868941627872,UCzy-CspcnpLpYpeXyBDx5mA
7.9284277,8.188496,1,0.09825264032863312,UCzy7gBvoCvMR3bJNc7d1gsA
11.197224,-0.7113239,1,0.11649974297589938,UCzzdqjrfILcLtElzYZKwp6Q
