userId,mean_latency_minutes,valid_comment_count,filtered_comment_count,latency_variance_score,mean_text_length,std_text_length,unique_comment_ratio,max_duplicate_count,total_duplicates,unique_channel_count,labels,anomaly_score
UC--FsVX4q4Ek_2DD89J5cOg,8.248655388114345,-0.4,0.0,-0.2999468642517158,0.7697180019197111,0.0398406517704332,0.0,-0.2217127734342647,-0.2478718084569988,0.0,1,0.08962430065779625
UC-1YF8d0KYSg3ksrpQJi3Kw,19.80259470570964,-0.4,0.0,0.3551786053276063,-0.3262033546704577,-0.4347085975036988,0.0,-0.2217127734342647,-0.2478718084569988,0.0,1,0.036578540405225235
UC-3Nj6oYW1QqHjBmm3iL-oQ,-0.2306168491754712,3.6,0.0,0.7537231626302091,0.2450657824848198,0.3603922468347774,0.0,-0.2217127734342647,-0.2478718084569988,0.0,1,0.08238413175096088
UC-3PP_G2wsXPI0In8hr1z4A,0.048116246684552,0.2,0.0,0.1364005508346215,-0.3562924561081615,-0.4688496938650701,0.0,-0.2217127734342647,-0.2478718084569988,0.25,1,0.13950737136236196
UC-3rwZnz8xmpX4wByAA5CQw,-0.260530255808504,-0.2,0.0,0.4575316345706717,-0.4523515592895633,-0.5204764932547425,0.0,0.6913574657089212,0.7154674764909068,0.0,1,0.07694803413591106
UC-4JFXwbKLjHEpRYu22yROQ,-0.292535039553629,0.0,0.0,1.2597949418378394,-0.4141095423717573,-0.405461705671454,0.0,-0.2217127734342647,-0.2478718084569988,0.0,1,0.1418643072597482
UC-7-qCkA4GVQznRkXeop4Lw,-0.3360063853185683,3.8,0.0,4.1167064643681766,-0.2951688751810817,-0.3174563233179843,0.0,-0.2217127734342647,-0.2478718084569988,0.0,1,0.02948134716509415
UC-7CsrBveGCDiDQtCSi75NA,-0.0611619794633222,0.2,0.0,2.4765084541649003,0.5087692102258223,0.7087380993419501,0.0,-0.2217127734342647,-0.2478718084569988,0.0,1,0.08748441389048361
UC-7UGGUfegIlYvAMQEEZoWA,0.2911115106434526,-0.4,0.0,-0.1599832959237827,-0.3389170595032903,-0.4526035034499062,0.0,-0.2217127734342647,-0.2478718084569988,0.25,1,0.1463349538999426
UC-8JKGrT19vvhAvsSxAYjSQ,3.0402828960879447,0.0,0.0,-0.2870048777103385,-0.1035318957411327,0.3517766584792256,0.0,-0.2217127734342647,-0.2478718084569988,0.25,1,0.1111752044232533
UC-8SI97g7bH6iCOyRhC6Emg,0.3686376091031729,-0.2,0.0,-0.2170087954895943,0.3034075613288182,0.2739601029868309,0.0,-0.2217127734342647,-0.2478718084569988,0.25,1,0.1288711040169639
UC-9oSS0x2AoD2EC2WWP6XgA,-0.3500906296373501,-0.4,0.0,2.052067149072844,-0.4287605736553072,-0.5200942310154237,0.0,-0.2217127734342647,-0.2478718084569988,0.0,1,0.12460173050008866
UC-AAsyvqCmt4FS4x02OFxxQ,0.4253131572640624,1.6,0.0,-0.2687532004058743,0.2091848821788256,0.3534084181613619,0.0,-0.2217127734342647,-0.2478718084569988,0.5,1,0.0435104723990975
UC-AbeGBC9-f2huFbou2g-zQ,0.1608758092041151,-0.4,0.0,0.8086631835427768,-0.4151992885002858,-0.5203433252633316,0.0,-0.2217127734342647,-0.2478718084569988,0.0,1,0.1428012412834373
UC-B97mdpY4nQf6U5g5sLgAw,-0.2292035305290542,-0.4,0.0,0.103527333740076,-0.1388881034667242,-0.276184121964536,0.0,-0.2217127734342647,-0.2478718084569988,0.0,1,0.16310109951111873
UC-BU1Oft2db2OJGvjJu0cVQ,-0.2843153227646363,-0.2,0.0,0.6534901019880447,0.283630687144412,0.143135963734178,0.0,-0.2217127734342647,-0.2478718084569988,0.0,1,0.14667879284628815
UC-E_u0tONL7jX233EX8yy1A,-0.0334836813704942,4.2,0.0,0.3012028953799191,-0.2899995666226773,-0.2804287756645806,0.0,-0.2217127734342647,-0.2478718084569988,0.25,1,0.06978416397941173
UC-EzdIsompamqS86hM6BoFw,-0.1767003546426512,-0.4,0.0,0.2479492004555296,-0.350783184013934,-0.3087891353857838,0.0,-0.2217127734342647,-0.2478718084569988,0.25,1,0.14694360188853445
UC-ISj9vvmY4p2GaXHlCJrtw,0.2926696110319597,-0.2,0.0,-0.2095490372455713,-0.1528731787828401,-0.1757409284898274,0.0,-0.2217127734342647,-0.2478718084569988,0.0,1,0.16528669987412142
UC-JVRGWnjzZuEGi88c9eLAA,2.8381729972870464,1.6,0.0,-0.2675041029490946,-0.0154239032012167,0.0872527725849208,0.0,-0.2217127734342647,-0.2478718084569988,0.0,1,0.10728516692989243
UC-LDOX6xdSyeUiFMggIRC0w,-0.1974144651161726,0.6,0.0,4.223133529451784,-0.3249319841871744,-0.0459208912947553,0.0,0.6913574657089212,0.7154674764909068,0.0,1,0.004588997525903193
UC-NuZui4n3wDtTmgMBKT9Sg,0.1397789356883369,3.2,0.0,0.6498720447769927,-0.3420125702451973,-0.1737579662032379,0.0,-0.2217127734342647,-0.2478718084569988,0.0,1,0.10557531126922443
UC-Nw5S0c6bq3ldlu9CT-GHw,0.4266881596486567,-0.2,0.0,-0.2602347774149386,0.0943377485222379,0.1398937768765012,0.0,-0.2217127734342647,-0.2478718084569988,0.25,1,0.14177628746765275
UC-OYdlMvgSQIzV9mhqVLnRg,-0.3645108345941398,-0.2,0.0,4.309439422964359,0.673517635351278,1.7925455257052727,0.0,-0.2217127734342647,-0.2478718084569988,0.0,-1,-0.009434786590913125
UC-PDPi-5c3jTo6E1lizbJFg,0.6744195232949909,2.2,0.0,-0.0906902983988808,1.0848295305912503,2.4913260188448,0.0,0.6913574657089212,0.7154674764909068,0.0,-1,-0.04318922930873692
UC-PETw1P1_voShih9WRmkMg,0.051323112785897,-0.2,0.0,0.0804071381958499,-0.2870733964627396,-0.3040321735122425,0.0,-0.2217127734342647,-0.2478718084569988,0.5,1,0.11214758995984542
UC-RAnK0D2x7DewvatyRqcHQ,-0.2732191595622748,-0.4,0.0,0.1736876517622093,-0.0202268583602867,-0.0895103529975872,0.0,-0.2217127734342647,-0.2478718084569988,0.25,1,0.1481147730305743
UC-S7pAVa8NuLbGZRT--xCBg,-0.240333626952218,-0.4,0.0,0.5531802008178607,0.0102860332385113,0.0068470568183821,0.0,-0.2217127734342647,-0.2478718084569988,0.0,1,0.15218045056885882
UC-T9vpeDnjGxmKSzIiM920A,-0.0246333974761905,0.2,0.0,-0.1442971956986365,-0.3626493085245778,-0.4000415279240389,0.0,-0.2217127734342647,-0.2478718084569988,0.25,1,0.14161188726083018
UC-TdHGwX918DS0qknMVDUUQ,-0.1449204794770702,-0.2,0.0,-0.0598706491140461,0.0237060550065013,-0.1135468457194285,0.0,-0.2217127734342647,-0.2478718084569988,0.5,1,0.11021553020903596
UC-UGpuEQAvfwbzcdAWvBLeA,2.704618202687981,-0.2,0.0,-0.2271728969684923,0.183333682352066,0.6857524481915727,0.0,-0.2217127734342647,-0.2478718084569988,0.0,1,0.1170877748511745
UC-W82dsdqQfqgyuHRSalQBw,-0.1268015534528268,0.0,0.0,0.1147117758135055,-0.1604408602309547,-0.0167912665876954,0.0,-0.2217127734342647,-0.2478718084569988,0.5,1,0.10373830791597694
UC-WgwqxLnjpffl0hPn3hS-g,22.811857765133357,-0.2,0.0,2.1385571750678887,0.3302476048647981,0.2220547830921124,0.0,-0.2217127734342647,-0.2478718084569988,0.0,-1,-0.017030621484593556
UC-XCNEk1uZcaM4h-rNp-3cw,0.4664656707920865,-0.4,0.0,0.2480026372684781,0.0984343867461507,-0.1877736435252501,0.0,-0.2217127734342647,-0.2478718084569988,0.0,1,0.1442195904810194
UC-XFuI62LLtCjTXM2Kd74Xg,0.2448223558164761,-0.4,0.0,-0.0891545395759874,-0.1905905031202434,-0.3798701506890449,0.0,-0.2217127734342647,-0.2478718084569988,0.0,1,0.16084965735464757
UC-XRuhdgwtAU3ZPyHp8v3ZA,-0.2645873965206824,-0.4,0.0,0.2722936588797387,-0.3490880233695563,-0.4379451229535088,0.0,-0.2217127734342647,-0.2478718084569988,0.0,1,0.15731387972102945
UC-XwCzDwf3LWXpkMYHQ2RlQ,-0.0271142340407857,-0.4,0.0,0.1162074691132946,-0.1100703725123037,-0.2317858713187722,0.0,-0.2217127734342647,-0.2478718084569988,0.0,1,0.1627488462470606
UC-ZDi9r-41GiPdxTe3HwebA,-0.040914147800647,0.0,0.0,-0.0368969207316069,-0.0720503409169758,-0.2885952643396495,0.0,-0.2217127734342647,-0.2478718084569988,0.25,1,0.14908806956555215
UC-_rI_t4-KRvrbgWFEZa5uA,0.2347569141959853,0.0,0.0,-0.0750079145319665,-0.3341948262796667,-0.3202482558896827,0.0,-0.2217127734342647,-0.2478718084569988,0.0,1,0.16152667850677033
UC-aQ1VwwK6EsHxkO2s4MQ1Q,-0.2028833049346843,0.8,0.0,0.1193457302136534,-0.2944576189666575,-0.3520064307013235,0.0,-0.2217127734342647,-0.2478718084569988,0.0,1,0.1512045798459275
UC-bNysdfGc8M00JORt9wFSw,1.8003848221842278,-0.4,0.0,-0.263827019082669,-0.1346502018557801,-0.1436073487096677,0.0,-0.2217127734342647,-0.2478718084569988,0.0,1,0.15536818678413983
UC-bPEgY4UCenObQ02iWK0cQ,1.051461672466432,-0.4,0.0,-0.2468047423470232,0.0246948987157216,0.2829596217489749,0.0,-0.2217127734342647,-0.2478718084569988,0.25,1,0.1353900366287158
UC-bu3cnBZmFtmOd3JOlhtng,-0.3196058723990581,0.6,0.0,1.3871319554857529,-0.1579586607159731,-0.0253345651720807,0.0,-0.2217127734342647,-0.2478718084569988,0.0,1,0.14023467669236123
UC-dRtPqdUtIYwsYfxnp_t4g,0.5030287162065957,-0.4,0.0,-0.1123021185327272,0.1467464651109144,0.1715739343805516,0.0,-0.2217127734342647,-0.2478718084569988,0.0,1,0.14993902001868853
UC-dXrO29mz1F846RHJAPS-Q,-0.134104265346328,-0.2,0.0,-0.1623913559511071,-0.17971322231882,-0.1130224183455223,0.0,0.6913574657089212,0.7154674764909068,0.25,1,0.08317855151313414
UC-dtn_v6-lmpa6j7Vwl-BgQ,16.133302223996633,-0.4,0.0,-0.2990157411628405,-0.3228130333817023,-0.3894937071349229,0.0,-0.2217127734342647,-0.2478718084569988,0.0,1,0.06394830954360714
UC-edhzZuiP2P19s_tu88CQg,0.2183120270646567,-0.4,0.0,1.5288640333665309,1.0307727411538736,1.7507456059330644,0.0,-0.2217127734342647,-0.2478718084569988,0.25,1,0.01821748304830373
UC-gCpMc94-3CWd9MJw107_w,-0.1992189348265465,1.0,0.0,0.2934611568498378,0.242311146437706,0.3217532388242906,0.0,-0.2217127734342647,-0.2478718084569988,0.0,1,0.1254580091765642
UC-h6mJDreiBJG8fPtQ3OA-g,-0.1800670699929367,0.8,0.0,0.6883854257167357,-0.2913755087041527,-0.314480264345693,0.0,-0.2217127734342647,-0.2478718084569988,0.0,1,0.14778175696250911
UC-jznjjSTKr15h65W95yDoA,-0.279954373684962,0.2,0.0,1.1195354003300657,0.0388918691123847,0.6093585874359452,0.0,-0.2217127734342647,-0.2478718084569988,0.25,1,0.10398425931717853
UC-k-axvrivMCH12r4Lg9tbQ,-0.2696678982999252,2.0,0.0,1.911641760145822,-0.1313097382330358,-0.3109061612214192,0.0,0.6913574657089212,0.7154674764909068,0.0,1,0.06114261787781755
UC-k0fXW2TZgXNyZiAPK_AQQ,1.0112126309422702,-0.2,0.0,2.427400743150491,-0.2729470577595923,-0.4509690685419686,0.0,-0.2217127734342647,-0.2478718084569988,0.0,1,0.11732246184034612
UC-kAVBFQAr54Etg76uska7g,-0.03478825687613,5.4,0.0,0.0687473879730844,-0.2567017682509729,-0.2901771305318157,0.0,-0.2217127734342647,-0.2478718084569988,0.5,1,0.0031920755707861015
UC-kEpkvZNXjfm0eeLljdiPw,1.4204720167918556,-0.2,0.0,-0.1571790219677132,-0.5109758649076246,-0.566660996736173,0.0,-0.2217127734342647,-0.2478718084569988,0.25,1,0.12019281708085183
UC-mWbS71hcXLB0jOqv8-Z7Q,1.1054572575061994,3.8,0.0,-0.2574767188908845,3.4610789180577246,1.4334497439997052,0.0,12.561270574570338,7.9405121136002,0.0,-1,-0.22478627472298762
UC-mwgFQEo2PS0IGEHAJpoYg,0.0278155206040338,1.0,0.0,-0.135876657232895,-0.0483382723795499,0.1252772476033315,0.0,-0.2217127734342647,-0.2478718084569988,0.25,1,0.12809650289089136
UC-nf2ZdwpfjBQYW79Gi1AHA,-0.320060671816756,0.4,0.0,1.0698150625182294,-0.111671357565327,-0.066166093511308,0.0,-0.2217127734342647,-0.2478718084569988,0.0,1,0.1513929814431912
UC-nyyAcb8rt4vTYr2HbMUAg,-0.1579046493812946,0.4,0.0,1.865633587803827,0.1091704041605426,0.1131648423615947,0.0,-0.2217127734342647,-0.2478718084569988,0.0,1,0.13066490449169943
UC-p42GezfAlIR-YMhvst8jg,0.2006771635765557,0.8,0.0,-0.2161338480773341,-0.29599867409791,-0.3533175359367544,0.0,-0.2217127734342647,-0.2478718084569988,0.25,1,0.13591924888407364
UC-pSt_GMFA_b-owUKoE8KOw,0.8153543221238292,0.8,0.0,-0.2312758731344696,-0.2628659887759826,-0.1100298090318517,0.0,-0.2217127734342647,-0.2478718084569988,0.0,1,0.1462002728327937
UC-qUUzLEE1BM8VDWZaE1lrQ,0.471165421873209,-0.4,0.0,-0.2442554946385778,-0.3168799711263805,-0.4197345198662175,0.0,-0.2217127734342647,-0.2478718084569988,0.25,1,0.1444602502695192
UC-qrLi0LFsZcMa8iFNSto7A,-0.0232537242241493,1.4,0.0,0.4588997699972882,-0.0090872312686621,0.078686214633034,0.0,-0.2217127734342647,-0.2478718084569988,0.25,1,0.12035303650077156
UC-shWlsEYm5Qd3eaCoWusPw,1.8023312105211864,0.2,0.0,-0.2626074635517294,0.0383621314110166,-0.0979142126371859,0.0,-0.2217127734342647,-0.2478718084569988,0.0,1,0.14695042479444193
UC-t2zx9mcjh4CR-V4CcGlPg,-0.12344829142493,0.4,0.0,4.483594268368191,-0.1851283188216931,-0.2016762753985522,0.0,-0.2217127734342647,-0.2478718084569988,0.0,1,0.07320920258170166
UC-tAztCfSbLUftcrb3r4lHw,-0.0226774654208812,-0.4,0.0,1.139178446212988,-0.4185896097890412,-0.5335601538578526,0.0,-0.2217127734342647,-0.2478718084569988,0.0,1,0.1368130880334602
UC-tP9luhDME3Y0yO-WqbbcQ,-0.2352234959820173,1.0,0.0,0.6330319038134401,-0.3418129589374355,-0.3237834522431315,0.0,-0.2217127734342647,-0.2478718084569988,0.25,1,0.13198056908271827
UC-th9WaXgUbwOoJ1S5mX5uQ,0.3126633475055317,-0.4,0.0,-0.2041262768915289,-0.1575348705548787,-0.2543223204335253,0.0,-0.2217127734342647,-0.2478718084569988,0.25,1,0.15313469554335163
UC-tukbjmNwzijx2trCa1yHw,-0.3230882691838971,-0.4,0.0,3.9340754390896726,-0.3524783446583117,-0.3726126764492941,0.0,-0.2217127734342647,-0.2478718084569988,0.0,1,0.08784736345728528
UC-uTPn6USADmLGXeBe44aBA,0.4789973304244607,0.0,0.0,2.8696302905822164,-0.4098716407608131,-0.4382186293779797,0.0,0.6913574657089212,0.7154674764909068,0.0,1,0.04896261107072364
UC-xW1QyTj9XfHwzTWDVarpw,-0.2677007695292961,-0.4,0.0,0.2742215338646481,-0.3312888366035907,-0.2689333068778013,0.0,-0.2217127734342647,-0.2478718084569988,0.25,1,0.14966951730638606
UC-xnXR4fv772MVr4WUN5uTw,0.0771971936476726,-0.2,0.0,0.3070035448650628,-0.3202702924151358,-0.3622370925037375,0.0,-0.2217127734342647,-0.2478718084569988,0.25,1,0.14826068847569457
UC-yPYOzjhFnwzbTJkw4Oo3g,0.8294763742499234,0.2,0.0,-0.1622550329681734,3.1585171924686803,3.5898964111739167,0.0,0.6913574657089212,1.6788067614388125,0.5,-1,-0.12755038018307518
UC-z-vIKgXF_ORkE9pZWZ6EQ,-0.127568686623108,5.6,0.0,0.0299230626668052,-0.3765738423891087,-0.3613328061579102,0.0,-0.2217127734342647,-0.2478718084569988,0.25,1,0.02368375476584822
UC0-uMmXdJLxnBsZhnQKIb0w,0.2036989279062825,0.0,0.0,-0.2238295945924749,-0.2887887375909789,-0.2287848079166092,0.0,-0.2217127734342647,-0.2478718084569988,0.5,1,0.10891020016789227
UC0-ysskkXPHysgsUGBYhsGA,-0.2732461243538052,1.4,0.0,0.7273367610760342,-0.2479232577711599,-0.2613971555995773,0.0,-0.2217127734342647,-0.2478718084569988,0.0,1,0.14611107100217524
UC007tubOj6VJhslWWKSWnYg,0.5279060087073029,0.6,0.0,-0.0343770919449584,-0.0079369436885486,0.030032596174463,0.0,-0.2217127734342647,-0.2478718084569988,0.0,1,0.14697817467133206
UC01O-uumR9ZROb21Hs1Tfwg,13.658739063597215,-0.4,0.0,-0.2934282233992966,2.227556156084514,5.808093054323661,0.0,-0.2217127734342647,-0.2478718084569988,0.0,-1,-0.08376820923765349
UC025gI1MY50e0WLX9KHNScw,0.337468531912034,-0.2,0.0,-0.1925154049863358,0.1783894638059644,0.0043826846000457,0.0,-0.2217127734342647,-0.2478718084569988,0.0,1,0.14944759710019623
UC04iSUzuD5h5WR9fe-mINjA,6.625027122469722,-0.4,0.0,-0.2900021066476582,0.443399577877008,0.5450117393890815,0.0,-0.2217127734342647,-0.2478718084569988,0.0,1,0.1040559976485268
UC04kVGgTePaBx-2TS6U6VnQ,-0.2597364608218782,1.4,0.0,0.2222046971051239,-0.1985819747294525,-0.1212479345653359,0.0,-0.2217127734342647,-0.2478718084569988,0.0,1,0.14546986161602593
UC04o2mBHApVFKXeWRkkITzQ,-0.1403218211162546,-0.2,0.0,0.0533407185843505,-0.0384498352873468,-0.3933430845550459,0.0,-0.2217127734342647,-0.2478718084569988,0.25,1,0.14335401440673362
UC05d3jeIXecQvsHDqfOJ4Vg,0.0699616412536761,-0.2,0.0,-0.1732295890433716,-0.1662932005508301,-0.4317273211234463,0.0,0.6913574657089212,0.7154674764909068,0.5,1,0.04269180594819871
UC09xnooOZiUMUa7ntYIXcow,-0.0131549553332277,-0.4,0.0,-0.1870618742732927,-0.2761961156613162,-0.2727792147337712,0.0,-0.2217127734342647,-0.2478718084569988,0.0,1,0.16510561383430383
UC0ALhDTSr9cSr69qFh8lcSQ,-0.2974530259916148,1.2,0.0,1.8696009518415244,-0.274957344421194,-0.2088510360978287,0.0,-0.2217127734342647,-0.2478718084569988,0.25,1,0.10529944136905611
UC0B140mvBpAYyQaQzAt_ZUg,-0.2400165634203463,1.0,0.0,0.1282413424734279,-0.3354561065210192,-0.1072894892712838,0.0,-0.2217127734342647,-0.2478718084569988,0.0,1,0.14227878371581815
UC0B4K8eXgbayzhjXCr3Gb6w,0.5925657609461402,-0.4,0.0,0.1945917809347139,-0.1965235653755653,0.0219960050434981,0.0,-0.2217127734342647,-0.2478718084569988,0.25,1,0.13816860626372424
UC0CSjZtlEdmz4reiLuSLY_w,2.7584256867489736,-0.4,0.0,-0.2932880207566451,-0.1600776115214452,-0.2719638875067969,0.0,-0.2217127734342647,-0.2478718084569988,0.0,1,0.14192956714954819
UC0Emt6egSgzy6-3Lv6-tMWw,0.5773806446370982,-0.4,0.0,-0.2316999093127439,2.180091658041939,2.426499784377574,0.0,-0.2217127734342647,-0.2478718084569988,0.0,1,0.02155210076043257
UC0EtW3yQzTBYwrRBFh7aEcg,-0.2766336899055092,-0.4,0.0,1.2662784772929416,-0.2651775714728613,-0.4447480729512653,0.0,-0.2217127734342647,-0.2478718084569988,0.0,1,0.1442438997318008
UC0FCSAxhpuGQTQRzsF4KrSQ,3.6535416349884016,-0.4,0.0,3.360333744048805,-0.2261888766521747,-0.2597924330235292,0.0,-0.2217127734342647,-0.2478718084569988,0.0,1,0.0665715319269829
UC0FWQr_e5lJCEGvqYZ8LW8w,2.0882869924289853,-0.4,0.0,2.1904714693527763,-0.398247682056509,-0.4649379722517605,0.0,-0.2217127734342647,-0.2478718084569988,0.0,1,0.11052865034455811
UC0JK4HrDpgWyWOLeMdCeU9g,1.8298152257761613,0.0,0.0,-0.2748124540422605,0.2373164766819504,0.6080629840776238,0.0,-0.2217127734342647,-0.2478718084569988,0.0,1,0.12708452381514046
UC0L1X3iro6II3nJB0ySwmpg,1.0082731656902686,-0.4,0.0,0.8655344415059597,-0.5575927826280108,-0.6003272946293761,0.0,-0.2217127734342647,-0.2478718084569988,0.0,1,0.11900285611121514
UC0Lv5YLenCRITzqrIBIPAPQ,14.34046655877157,0.0,0.0,-0.2957292495228265,0.1634559057483515,-0.475546420993011,0.0,-0.2217127734342647,-0.2478718084569988,0.0,1,0.05990343418155758
UC0MY8ErvkPIu65fCEGBmmWQ,-0.1705791509224782,8.8,0.0,0.4762568698625987,3.334878298969223,6.169801721652517,0.0,15.300481291999896,8.422181756074153,0.25,-1,-0.27381208940667334
UC0NgDwAaPqWvrlXwzJq-eow,-0.1541347628091026,0.6,0.0,0.0888696857533672,0.5768934786217502,0.7368375394128592,0.0,0.6913574657089212,1.6788067614388125,0.25,1,0.009162048993024086
UC0P7ZJSN8jgQFvUXVAlTnfw,-0.3031609852677296,-0.4,0.0,0.9679073831469832,-0.008360733849643,-0.1562967428388881,0.0,-0.2217127734342647,-0.2478718084569988,0.25,1,0.1299627685227504
UC0Pah0FnvKA1xJ_Ts-ajulg,-0.1382822931576147,-0.2,0.0,0.0812428111701328,0.2151179444341475,-0.0645538811836782,0.0,-0.2217127734342647,-0.2478718084569988,0.0,1,0.14841525676346534
UC0Qpf8nNz09Cu2bJ-vtfkHg,2.329572794646172,0.0,0.0,-0.2628166210826932,3.059153535054936,4.874865515508365,0.0,-0.2217127734342647,-0.2478718084569988,0.0,-1,-0.07498772856193148
UC0R8mCvGGGEEKMgWJmAoxtA,1.9055474081611443,-0.2,0.0,-0.2323225949739619,1.1107278182136875,1.491157333798252,0.0,-0.2217127734342647,-0.2478718084569988,0.0,1,0.07100768599106011
UC0RSVKxl1or-AIBO6lbaEKQ,-0.3302736286887902,-0.4,0.0,3.888016047266204,-0.4151992885002858,-0.2831475924569995,0.0,-0.2217127734342647,-0.2478718084569988,0.0,1,0.09087315407168811
UC0STFkkGT2ZDc18gZp1QjTg,-0.3469130258893607,0.0,0.0,2.0698537923123466,-0.406239153665718,-0.4957744187511198,0.0,-0.2217127734342647,-0.2478718084569988,0.0,1,0.13063835381373562
UC0TrFwDaV06zckO6v5f6mIQ,-0.1891130615559491,6.4,0.0,0.185810637354563,-0.0022103433065804,0.02560068226565,0.0,-0.2217127734342647,-0.2478718084569988,0.25,-1,-0.001675399572991676
UC0VRhMJvKrtMCEYdRCQReVw,0.5471731854375501,0.2,0.0,-0.2610467304156292,0.4229517026042024,1.0054418983038529,0.0,-0.2217127734342647,-0.2478718084569988,0.0,1,0.12358374173562048
UC0WmntVL_fy1qRU_fhyvJnQ,-0.0999359862957331,0.2,0.0,3.931620911509999,-0.0230874419476741,0.6702175275166526,0.0,-0.2217127734342647,-0.2478718084569988,0.0,1,0.05437182715041322
UC0WtOA7yunwSsSiy_OmLq0g,0.0296677089061609,0.2,0.0,-0.1848842030917951,-0.2461070142236124,-0.2779734495814449,0.0,-0.2217127734342647,-0.2478718084569988,0.0,1,0.1640564961671045
UC0XuK0OcU1tj9i_ksTZeayg,0.0761657651237019,-0.4,0.0,3.4379647392677817,0.3103294672933605,0.5536987137790537,0.0,-0.2217127734342647,-0.2478718084569988,0.0,1,0.06851106623642855
UC0Ype554r1Bz6DkNMPiBc9A,0.2791839835314342,-0.4,0.0,-0.1724518395995027,-0.3092517482266809,-0.3097764270348036,0.0,-0.2217127734342647,-0.2478718084569988,0.0,1,0.1630974138246487
UC0a8VrAO1wApos7B8dNQNMQ,-0.2711492330933328,-0.4,0.0,2.265222767338675,0.1798020976762792,0.7128574000700392,0.0,-0.2217127734342647,-0.2478718084569988,0.0,1,0.09863114277217472
UC0aA0vamcbHv0tif7rDY4UQ,0.4160663545954278,-0.4,0.0,-0.1671756645835116,-0.4669016881538049,-0.5356552140102063,0.0,-0.2217127734342647,-0.2478718084569988,0.25,1,0.13127785941722664
UC0bD9jiD7wlQlYgIxzVZzBg,0.5632698783366726,0.0,0.0,-0.2342943252266358,-0.1525704715249155,-0.1522116893430685,0.0,-0.2217127734342647,-0.2478718084569988,0.25,1,0.15038959972477467
UC0bN8JagMTQ1ywkfOTYCPAA,-0.2432852869554456,0.2,0.0,0.2071543989414307,-0.3043781613740951,-0.3351966642776018,0.0,-0.2217127734342647,-0.2478718084569988,0.25,1,0.15086306533836247
UC0bf0SDC-epak0Q24x985dA,2.617606409509972,1.2,0.0,-0.2799603929964568,0.7607206108072451,2.3242110445465225,0.0,-0.2217127734342647,-0.2478718084569988,0.0,1,0.030869428030881996
UC0ceZLTdPJQhwrt5pf7Q3vA,1.4300192698530112,-0.2,0.0,-0.2598895649643805,-0.1669995174859874,-0.3122825506660647,0.0,-0.2217127734342647,-0.2478718084569988,0.0,1,0.16055928117182022
UC0cgJ93XWryCESv7H_XyJPw,0.0541013952390877,-0.2,0.0,-0.150764502781698,-0.32450819402608,-0.3753367284588449,0.0,0.6913574657089212,0.7154674764909068,0.25,1,0.07985857646972927
UC0cuFt4J3uYqRZcbsxHLZuw,2.417862793521231,0.0,0.0,-0.2561372762137811,0.058719194506445,-0.0958750295479472,0.0,-0.2217127734342647,-0.2478718084569988,0.0,1,0.14414255184492042
UC0d4HVGkA4MvrWfrefCbR_g,-0.3478467954117962,-0.4,0.0,2.852113635995332,-0.1990663063421318,-0.023219196298192,0.0,-0.2217127734342647,-0.2478718084569988,0.0,1,0.11615607682648449
UC0hnhAzWDUfUGDiTNDtPaKg,0.0616338633151046,0.2,0.0,0.0266945326281974,-0.1322134084294871,-0.3486286681956106,0.0,0.6913574657089212,0.7154674764909068,0.0,1,0.09411557507219503
UC0jJxJsBKdyLKNMM81Fb1Ng,-0.0415920547787292,0.2,0.0,0.0446643412071239,1.3955501223158953,0.7468174911107284,0.0,-0.2217127734342647,-0.2478718084569988,0.0,1,0.08633278205752298
UC0jYnPQ3azaq0WyopIn_hYA,1.5398667611269494,-0.4,0.0,-0.242644403159415,-0.1236316576673251,-0.3816423064423713,0.0,-0.2217127734342647,-0.2478718084569988,0.0,1,0.15436058268228253
UC0jjiAQJwS8oqPWAKYVY2nw,0.0224669144987501,0.4,0.0,0.1372983765348048,0.1539038100538424,0.2881193323000126,0.0,-0.2217127734342647,-0.2478718084569988,0.0,1,0.14561287187673805
UC0k_vomz2tNwySnlk3Zs5Rg,-0.2309991634631775,1.6,0.0,0.4498619291664651,-0.3106643820969956,-0.2747050495090323,0.0,0.6913574657089212,0.7154674764909068,0.25,1,0.06635818604966465
UC0lETRLeo0sWFMUgx_arffA,-0.3195351781890533,0.4,0.0,0.4588539766529009,-0.2147936300983025,-0.4278259925700103,0.0,-0.2217127734342647,-0.2478718084569988,0.0,1,0.15576351456644727
UC0lg9ewe4uVGFvEVbfCW7XQ,-0.220209813132237,-0.2,0.0,1.170509393083923,-0.164174249745358,-0.1257181446940055,0.0,-0.2217127734342647,-0.2478718084569988,0.0,1,0.14810685943168894
UC0m-h-L5fnz-01ZDmiUhERg,-0.1258471816177613,0.0,0.0,0.3226642194839609,-0.4020012520547738,-0.3397096481110214,0.0,0.6913574657089212,0.7154674764909068,0.0,1,0.08612046891424924
UC0mwka0AAqmYFilSucI0MtQ,-0.0025847570533023,0.0,0.0,-0.1532478006023594,1.2235367230002496,0.7388689177913342,0.0,-0.2217127734342647,-0.2478718084569988,0.0,1,0.09941609268047041
UC0nPIiUXNalTlxDnkt_XowA,1.4402266301000866,0.2,0.0,-0.2853349370340474,0.0420702953205928,-0.2120274929902647,0.0,-0.2217127734342647,-0.2478718084569988,0.25,1,0.13620208799419514
UC0nhSdpIFWWJbwn5w1J1dJg,0.7911811439547702,-0.4,0.0,2.823484621909806,-0.1516018082995568,-0.311851053829791,0.0,-0.2217127734342647,-0.2478718084569988,0.0,1,0.11611579406409883
UC0o6Pm-SRQSvCjLQwlL9wfg,21.75797474023046,0.0,0.0,0.8491714101559693,0.2409489637770454,0.0051615780092611,0.0,-0.2217127734342647,-0.2478718084569988,0.0,1,0.012588073980455916
UC0ps7AWv5TuIsngMzdxMUOA,-0.0440560004767197,0.0,0.0,0.2001855200888139,-0.0048493296577179,-0.03384030888588,0.0,-0.2217127734342647,-0.2478718084569988,0.0,1,0.15889095635041567
UC0qMcKM_p4Vp5lDM7sSOlZQ,4.165345993020815,0.8,0.0,-0.2870449125000748,0.6425039008348227,0.5700197507344982,0.0,-0.2217127734342647,-0.2478718084569988,0.0,1,0.09145389288191969
UC0ss0Q6It-5M5sC8A-byypw,-0.3378974942791706,2.8,0.0,2.142521027848839,0.0552885122499664,-0.1095874124350807,0.0,1.6044277048521072,5.0504942587564825,0.25,-1,-0.06576416481740932
UC0viMufzTU9aYptcTaSr_UQ,-0.2977719656390598,-0.2,0.0,1.2313187530466316,-0.1648805666805153,0.2425305354979871,0.0,-0.2217127734342647,-0.2478718084569988,0.25,1,0.1138759232609981
UC0yv-OovB0Gm2FDLILaDHAA,1.476042614450369,-0.4,0.0,-0.2837008589993257,-0.2855194992053934,-0.3754875532012391,0.0,-0.2217127734342647,-0.2478718084569988,0.25,1,0.13975184568588406
UC0zy_5p_Cekk9SJlvz0aFmg,-0.1863225435664115,2.2,0.0,0.5437221174219529,-0.271063545932506,-0.1726514893374715,0.0,-0.2217127734342647,-0.2478718084569988,0.25,1,0.1168556037202595
UC1097hTvhbfwlob-QabxODw,-0.2088957097796034,0.0,0.0,-0.0893516442748873,0.0012048155007738,-0.2670314130459544,0.0,-0.2217127734342647,-0.2478718084569988,0.5,1,0.1067108433848521
UC13bTSnfoE6-yCX_VxpJAKg,0.2258452020827737,-0.4,0.0,-0.1045182856483189,-0.1100703725123037,-0.43042649437945,0.0,-0.2217127734342647,-0.2478718084569988,0.0,1,0.1604885754362203
UC15g0XAgYN2S9VXFYS0mMOA,0.2590531002904527,-0.4,0.0,-0.1459004915764972,-0.1880477621536769,0.0491553080157892,0.0,-0.2217127734342647,-0.2478718084569988,0.25,1,0.14664583397453024
UC178EW-8X5DhhH7CbE0x30A,14.493002445781752,0.0,0.0,-0.3000611737035725,1.7054466776161894,2.249461717270398,0.0,-0.2217127734342647,-0.2478718084569988,0.0,-1,-0.03040801579375374
UC178K2GpAD3ixne4n9bc3Sg,0.3052849928073254,-0.2,0.0,-0.1853693143910977,-0.0589330264069104,-0.1516310555391273,0.0,-0.2217127734342647,-0.2478718084569988,0.25,1,0.15284146486883288
UC19_brJuQg39ocRlhv-J1FQ,-0.3106739308657529,1.2,0.0,0.8787802698034776,-0.3072305951506921,-0.3427384412239994,0.0,-0.2217127734342647,-0.2478718084569988,0.25,1,0.125917223749545
UC19lAxVK1IKP2q02012gxJQ,-0.2236384823174723,-0.2,0.0,-0.041398830780671,-0.1627616158750432,-0.1020408292509665,0.0,-0.2217127734342647,-0.2478718084569988,0.5,1,0.11342393993884547
UC19vDD0xuulm-XddkcozXbw,-0.2034152253087511,0.4,0.0,0.450060988935289,-0.330158729507339,-0.4420145005898273,0.0,-0.2217127734342647,-0.2478718084569988,0.5,1,0.08628692368903906
UC1BK8uYkW2kZFH2JpjSkvyw,0.0179672280319413,2.2,0.0,0.3224240361397008,-0.2708281069541202,-0.2187543160709019,0.0,-0.2217127734342647,-0.2478718084569988,0.5,1,0.07484122176423558
UC1DGACDHQr-2psPAk9Nr-Fg,-0.2881360729145908,1.2,0.0,1.5051176540302331,0.1710003020227797,0.0560482854605464,0.0,-0.2217127734342647,-0.2478718084569988,0.25,1,0.0970736575256057
UC1ESGKRTPh_MTwT08XPVMDQ,-0.2404849125616284,-0.2,0.0,0.5996271710044228,-0.0942488731647787,-0.0821079659338358,0.0,-0.2217127734342647,-0.2478718084569988,0.25,1,0.14463653302629054
UC1F5xbRoE-T_YEcy6XFPsMA,0.1993475982887553,-0.4,0.0,3.704602693766049,-0.4092662262449639,-0.3952316219199868,0.0,-0.2217127734342647,-0.2478718084569988,0.0,1,0.09074694477552286
UC1FVFKyx2KcJIT899O-FsUQ,0.0433488058973498,-0.2,0.0,-0.2049630143479024,-0.374656696422253,-0.4150908257235565,0.0,-0.2217127734342647,-0.2478718084569988,0.5,1,0.10741186878016012
UC1FY06yrvjVD8v1CEEqHmDA,0.143518966763724,-0.2,0.0,-0.0851847818906233,-0.1175573320249718,-0.424462988336917,0.0,-0.2217127734342647,-0.2478718084569988,0.0,1,0.16264429377679324
UC1JbxMi_Zv6VeWSLahrbVxQ,0.4845973217741309,-0.2,0.0,-0.2304606602985486,-0.237631211001724,-0.3591146557644439,0.0,-0.2217127734342647,-0.2478718084569988,0.0,1,0.16493257461905325
UC1K6jBYLly7LD1GvH31uJ9Q,-0.3112321432239835,-0.2,0.0,1.0750751465315405,-0.4177420294668523,-0.5601734740163877,0.0,-0.2217127734342647,-0.2478718084569988,0.0,1,0.13305057644920232
UC1K6y3vwIyi767YFiV3sPgw,-0.3471076874461954,4.2,0.0,4.87907897082736,-0.3971579359279805,-0.5060795646866226,0.0,0.6913574657089212,1.6788067614388125,0.0,-1,-0.06657839799171705
UC1Lw2zuslznBBzq3aR4hT4g,0.0299027671544271,-0.2,0.0,-0.1321555184328243,0.480693112053317,1.2933537536400268,0.0,-0.2217127734342647,-0.2478718084569988,0.75,1,0.018051953238914453
UC1PZN8T53aaa2T2G6t2qu0A,0.1983794410827389,1.0,0.0,-0.1777234881029527,-0.0522230155229154,-0.0251526080800108,0.0,-0.2217127734342647,-0.2478718084569988,0.0,1,0.14187752516094532
UC1Q3T4ZSDZTr7X_Fo6oAkxw,-0.278570004317542,0.6,0.0,1.4414555866763423,-0.3707013215853718,-0.496845366307417,0.0,-0.2217127734342647,-0.2478718084569988,0.0,1,0.13551503331627668
UC1SgB6EBoN-7MSL4vlJZCKA,4.814231694184655,-0.4,0.0,-0.2821042302445244,-0.1922856637646211,-0.2822429424437634,0.0,-0.2217127734342647,-0.2478718084569988,0.0,1,0.13007945494131168
UC1Vubzpcxtyd1h0z5h813nA,0.2178793784994271,-0.4,0.0,-0.1522017994965427,0.1959061237978671,0.1133871491235424,0.0,-0.2217127734342647,-0.2478718084569988,0.25,1,0.1359344416226569
UC1WwkL3Oedh9vKzDrUdAQsg,1.9919130096481428,0.0,0.0,-0.2702356798934466,-0.3341948262796667,-0.3391997039404936,0.0,-0.2217127734342647,-0.2478718084569988,0.0,1,0.15273319056227064
UC1Ybc_HA5Gy-vScsaO3gOTg,0.3142794171462426,-0.4,0.0,-0.2332113237386069,0.0450368264482537,0.0308154162251085,0.0,-0.2217127734342647,-0.2478718084569988,0.0,1,0.15404947253775575
UC1ZhA4pAPE3yV7pwR-6fF3Q,1.4166085782150906,-0.4,0.0,-0.2614052281957189,-0.0117510551383983,0.4049027714691148,0.0,-0.2217127734342647,-0.2478718084569988,0.0,1,0.1452110909851227
UC1_yIinfNbWInCUj59ZaGQg,-0.2096118673748847,0.2,0.0,0.4146718857825767,-0.4791916028255432,-0.439053125783985,0.0,-0.2217127734342647,-0.2478718084569988,0.25,1,0.1329940327997317
UC1d0iP0k7JQzOlVYzemM8rg,2.4645512696430063,-0.4,0.0,-0.2261667941410125,-0.3321364169257795,-0.4490794192340332,0.0,-0.2217127734342647,-0.2478718084569988,0.0,1,0.14233285699177262
UC1fjvIU-p43y8tgyUMH6A4w,0.8365583434726844,-0.4,0.0,-0.1168115676704884,-0.3592589872358224,-0.4336995969774037,0.0,-0.2217127734342647,-0.2478718084569988,0.0,1,0.15419531095916178
UC1gAxNW48V2LUejs6Hh7MUA,0.0028964006957404,2.2,0.0,0.0884915461721555,0.0877454571274358,0.6857148243339847,0.0,0.6913574657089212,0.7154674764909068,0.0,1,0.0413036866103319
UC1gGxPtQgGVe6BeRY6nA9Vw,0.1534302950064042,1.0,0.0,-0.1580841003842865,-0.4043220076988624,-0.353694818605157,0.0,0.6913574657089212,0.7154674764909068,0.25,1,0.06444324899656378
UC1hbivnVC5srFXFHFRddb_g,1.6708240737149114,0.2,0.0,-0.2346798251411521,-0.0071953109066334,-0.0184388657146267,0.0,-0.2217127734342647,-0.2478718084569988,0.0,1,0.15178827750976837
UC1i8xDoIwEynr-AYgZ8wMYQ,5.672195007298133,-0.4,0.0,2.49341317449096,-0.2846719188832046,-0.3968138875168823,0.0,-0.2217127734342647,-0.2478718084569988,0.0,1,0.07126113577579657
UC1ig_r4dKD--Rn81iwTLkdw,-0.3378096314753074,1.6,0.0,2.170348376827718,-0.1993488331161948,-0.3995884843320864,0.0,-0.2217127734342647,-0.2478718084569988,0.0,1,0.11588863539140987
UC1ipeFUAJEcExghnzuI-R2g,5.813012571562047,0.2,0.0,-0.2493833750707068,-0.0474553762106032,0.3030528120436629,0.0,-0.2217127734342647,-0.2478718084569988,0.0,1,0.11795621256076855
UC1jGCBnlGYRQF3-8QrAcFRA,1.323574997848706,-0.2,0.0,-0.2535527391768725,0.2666790807006352,0.1940626067961266,0.0,-0.2217127734342647,-0.2478718084569988,0.25,1,0.1283542659188972
UC1mT-pNI5yc2PCORvvC2M1Q,0.0872619283260634,-0.4,0.0,-0.171802381781437,-0.0397212057706301,-0.3154356999354417,0.0,-0.2217127734342647,-0.2478718084569988,0.0,1,0.16305492231929597
UC1ohzUUnpwG_hH2xCVgId8w,0.4265856530441497,2.2,0.0,-0.2611386343146806,1.422919903553243,2.6687297108893606,0.0,3.430568183138479,3.123815688860671,0.25,-1,-0.13864652204388395
UC1pAiw_R2lQfCC_fTdxkWPA,-0.2579364852434261,-0.4,0.0,0.2140885313720334,-0.3287460956370242,-0.3966962610315124,0.0,-0.2217127734342647,-0.2478718084569988,0.0,1,0.15816837086400837
UC1pcDtNf5SpnasVTawbLeSg,-0.336026370027935,0.2,0.0,1.8531216970713968,-0.4272773080914767,-0.494092954427397,0.0,-0.2217127734342647,-0.2478718084569988,0.0,1,0.1328622119285634
UC1q6FvCP8TIaNrS8HncMFGg,-0.1158333467705741,-0.2,0.0,0.2197602796294989,0.1918094855739544,0.0094138377519029,0.0,-0.2217127734342647,-0.2478718084569988,0.0,1,0.15103599975423543
UC1q9Hue0A8JjCrW4LG-v5bA,6.950103439078616,1.4,0.0,1.70281128333103,-0.1958576094081312,-0.2568790016489512,0.0,-0.2217127734342647,-0.2478718084569988,0.0,1,0.0770186376646862
UC1qdCRkGSO0kUnmCi78Wmjg,1.9712974418537812,0.2,0.0,-0.2762548081574517,-0.3727143248505702,-0.4699847500306875,0.0,-0.2217127734342647,-0.2478718084569988,0.0,1,0.14586683182845522
UC1qhTWmjLxasqDsx0tiIswg,-0.1647489200341582,0.8,0.0,0.0966754529382137,-0.0328635104365568,-0.1856478317540234,0.0,-0.2217127734342647,-0.2478718084569988,0.25,1,0.1322521133271265
UC1sCQrneggy6dr91CTJmbdw,2.329825778926261,-0.2,0.0,-0.2742057064846453,-0.251051232769714,-0.3462884351146238,0.0,-0.2217127734342647,-0.2478718084569988,0.0,1,0.15187050534544982
UC1saEQ0b2qE12Pd8C5N08Lg,-0.2644458313651477,0.2,0.0,4.683572131574082,-0.2884860303330543,-0.3812528937859689,0.0,-0.2217127734342647,-0.2478718084569988,0.0,1,0.07232897214203554
UC1uyEUXbFjsCaRWgM4hQK5Q,-0.0907227633768509,1.0,0.0,0.2770477671514224,-0.2157353860118456,-0.2994438226801,0.0,-0.2217127734342647,-0.2478718084569988,0.0,1,0.14907520237222138
UC1v8CKUyRK7I96rGss146Sw,4.587755251718379,0.4,0.0,-0.2828183927880535,-0.1771233935565764,-0.0698773122672202,0.0,-0.2217127734342647,-0.2478718084569988,0.0,1,0.12514193809903895
UC1wGFcfiIw9h1ufd9p-mx_A,-0.2054078594414212,-0.4,0.0,0.0580131173046705,-0.1694009950655225,-0.3034580358573512,0.0,-0.2217127734342647,-0.2478718084569988,0.5,1,0.11227001984326201
UC1xYeInNy3E4eTcZvnt1cZg,0.9770593744113012,0.2,0.0,-0.2247877920664419,-0.36741694783689,-0.3340446837208992,0.0,-0.2217127734342647,-0.2478718084569988,0.0,1,0.15473385242482013
UC1xwbtx-4X5LHS7zXM5VmCg,-0.2630561599319774,-0.4,0.0,0.1890961579115513,-0.3660396298133331,-0.5353781126575349,0.0,-0.2217127734342647,-0.2478718084569988,0.0,1,0.1508888096930785
UC2-04aOECX8Sv7TO8fKZynw,-0.2917961076411767,6.0,0.0,1.363078096414721,0.082903050031447,-0.0079373271040111,0.0,1.6044277048521072,2.160476403912765,0.0,-1,-0.0579209880930448
UC24fyZRs2_oDc7SDsftguLQ,-0.3052078182947367,0.4,0.0,3.9995404903000487,-0.2312743585853077,0.1226043482771686,0.0,0.6913574657089212,0.7154674764909068,0.0,1,0.011941770521309958
UC25D-qOqoscFTegm7tthTGA,8.857357986171717,-0.2,0.0,-0.2995349078666352,0.9616949448954832,1.1248244052158118,0.0,-0.2217127734342647,-0.2478718084569988,0.0,1,0.0566323809523277
UC25Rc78s5wAfXa6XO21mkLA,-0.2263920217971613,-0.2,0.0,1.1189036498039218,-0.4198609802723244,-0.4477265607932421,0.0,-0.2217127734342647,-0.2478718084569988,0.0,1,0.14771253999145328
UC25m-hK3Y2apJHXX1U4qh5Q,-0.2111538848306156,0.4,0.0,-0.0101509901694669,0.0036937418437093,-0.3319485857001659,0.0,-0.2217127734342647,-0.2478718084569988,0.25,1,0.14047690489548492
UC25yTpQxtfwOAKxmaZ0Qd6Q,0.2353125706866234,-0.4,0.0,-0.1996904614288917,-0.1160034347676256,-0.0998896424810877,0.0,-0.2217127734342647,-0.2478718084569988,0.25,1,0.15145386849600073
UC26QvVvAcpQHXLdlNRZ20hQ,-0.1506387573888377,3.4,0.0,0.1313271886451847,0.025118688876816,0.0166466597531744,0.0,4.343638422281664,4.087154973808577,0.25,-1,-0.07319781985477192
UC26WMjABV42q64Nzn620i0Q,-0.3087295681898118,-0.2,0.0,0.8340738951447721,-0.3280397787018669,-0.5015323268165367,0.0,-0.2217127734342647,-0.2478718084569988,0.25,1,0.13201882093165962
UC27bsIR1rlIZwQPphj2uxdA,-0.160435737746835,0.6,0.0,0.1857049455231142,0.3137197885821157,0.4907935382149808,0.0,-0.2217127734342647,-0.2478718084569988,0.0,1,0.13458188365386925
UC29AQCQZRSBpPKCa_PDV-jQ,0.7633771111598622,-0.4,0.0,-0.2491676407172691,-0.2304267782631189,-0.5271439169621869,0.0,-0.2217127734342647,-0.2478718084569988,0.25,1,0.13848870061741692
UC29Q8C0ZR51rpCHgSWtXhew,2.355792645938668,0.2,0.0,-0.2706381498340737,0.0500163608411132,-0.1281949555604484,0.0,-0.2217127734342647,-0.2478718084569988,0.0,1,0.14185675037393608
UC2ARbzc3qI6cRSdO1glEWJg,-0.3327386814114978,1.2,0.0,2.072304924061908,-0.037308861776708,-0.1010209981640854,0.0,-0.2217127734342647,-0.2478718084569988,0.25,1,0.0976872802128737
UC2AoKEeDzqbSlXcJ9Ev74kQ,-0.1115770503696391,0.0,0.0,0.0919758276677232,2.16495629514571,3.1808288793119157,0.0,-0.2217127734342647,-0.2478718084569988,0.25,1,0.0018893435255208924
UC2B1Z1N8t3CzrS3MKqB9znw,-0.0563768651236189,0.2,0.0,0.0880107131313778,0.0277673773836561,0.4058125875197744,0.0,-0.2217127734342647,-0.2478718084569988,0.25,1,0.13324786121051113
UC2BJ_2PiQeTQwXDiewus6SA,-0.3526568294605263,-0.4,0.0,3.795432198706344,-0.3550210856248783,-0.4014856834968217,0.0,-0.2217127734342647,-0.2478718084569988,0.0,1,0.09680855352645429
UC2Bxf7dJ9mnd1QzzBsyonQw,1.4700915758521609,-0.4,0.0,-0.2527762873843082,-0.3948573607677536,-0.5464256667413182,0.0,-0.2217127734342647,-0.2478718084569988,0.0,1,0.14089827249283587
UC2Jz6Fd0n0wLrTnTzE3vjrA,0.038631381263726,-0.4,0.0,0.0083343908061844,-0.2499211256734622,-0.5034220782813291,0.0,-0.2217127734342647,-0.2478718084569988,0.0,1,0.15802750171537933
UC2K_o5oJJOjIS8VZpua18KQ,0.8157851149660463,1.8,0.0,-0.1844320776024535,0.003664311971411,-0.0506510618253973,0.0,-0.2217127734342647,-0.2478718084569988,0.25,1,0.10993596872054473
UC2KkMHjVYIa-4qSoqhmN0WQ,-0.3126283538715793,0.8,0.0,1.001561321083992,-0.1607710863305088,-0.1617611165005112,0.0,-0.2217127734342647,-0.2478718084569988,0.25,1,0.12774648011456102
UC2LXWAhG9BTaB2bzIlRaGlA,-0.2267773052416877,-0.4,0.0,0.2349334150469463,-0.4380839571993845,-0.4436998730937759,0.0,-0.2217127734342647,-0.2478718084569988,0.0,1,0.15621388756495003
UC2NE3OJ9s2Rnd-LVmibOjmw,-0.224143238976907,0.6,0.0,0.1350504664514927,0.6938595630838101,1.114576842488827,0.0,-0.2217127734342647,-0.2478718084569988,0.5,1,0.044664642573449265
UC2OLP8gzstoepaNjTMvxckg,-0.0897549596418844,-0.4,0.0,-0.1393531614541771,1.3274258539199673,1.7193919102832922,0.0,-0.2217127734342647,-0.2478718084569988,0.25,1,0.04869884088790788
UC2PaUhvF_PfYfREKaG4YcAQ,0.5332038328050664,-0.4,0.0,4.117706455185375,-0.5660685858498992,-0.6003272946293761,0.0,-0.2217127734342647,-0.2478718084569988,0.0,1,0.04049364823421614
UC2Pq1gLK9e9lGLMiMTMj54A,-0.2799920999220319,1.2,0.0,0.8001199466446864,0.037343405062232,0.069609369158878,0.0,-0.2217127734342647,-0.2478718084569988,0.25,1,0.1257601605169184
UC2Qu0bdXN6dr5biJqmDUeVg,1.0789371403253023,1.2,0.0,-0.1831624367358405,-0.1941112213816432,-0.1734944778348909,0.0,-0.2217127734342647,-0.2478718084569988,0.25,1,0.12531964787827593
UC2REi0zKf9eAhByMFHvU8sg,0.1263661949428802,0.4,0.0,-0.1418881458738539,-0.1319191097065049,-0.2870897927998188,0.0,-0.2217127734342647,-0.2478718084569988,0.25,1,0.14791277206466058
UC2RvgSK3oIGq5B19k-cWlmA,-0.3503817130470452,1.8,0.0,3.3415269778019936,0.0558434755561614,-0.0518647508972011,0.0,-0.2217127734342647,-0.2478718084569988,0.25,1,0.045804308249664305
UC2SMfWk1FvG6vVMifl1TcNA,0.7934419447907255,-0.4,0.0,-0.1753850984373332,0.0272376396822881,-0.3484630848902809,0.0,-0.2217127734342647,-0.2478718084569988,0.0,1,0.15165311000656256
UC2WTklSvpH8xuCk2zouisHg,-0.0375911159635047,-0.4,0.0,-0.1582214094751838,-0.1482114870108015,-0.0902883197014358,0.0,-0.2217127734342647,-0.2478718084569988,0.0,1,0.16364546457910478
UC2WtNrUJp0UnOOMDJdCG5DQ,0.3531985374397288,1.2,0.0,-0.1138376556825594,-0.3121204816248585,-0.2978792464172848,0.0,-0.2217127734342647,-0.2478718084569988,0.25,1,0.13290295500938132
UC2ZVho-u6jiyJ1BsGs-6IMw,0.1125761110446006,-0.4,0.0,-0.0949760978583462,-0.1872001818314881,-0.1228203342893829,0.0,-0.2217127734342647,-0.2478718084569988,0.5,1,0.1128393610872846
UC2_5i5-K-uNJHFTtV0ieIMw,2.420421115989578,-0.4,0.0,-0.2830502531688302,-0.2439880634181403,-0.0738778364842291,0.0,-0.2217127734342647,-0.2478718084569988,0.0,1,0.14733355008889626
UC2aox3V4wQa4fOYSg8rkOAQ,-0.1837033230857317,-0.4,0.0,0.1205421088400787,-0.3660396298133331,-0.4947686272450989,0.0,-0.2217127734342647,-0.2478718084569988,0.25,1,0.13690598949932908
UC2bp5OW1v4_DufXp7owOZ_g,-0.2442656389126879,-0.4,0.0,0.4471428018081894,-0.150754227977368,-0.0640947300658729,0.0,-0.2217127734342647,-0.2478718084569988,0.25,1,0.1472582365991853
UC2fAK4L9LsihWAp12hsNL7w,5.288074482526272,-0.2,0.0,-0.2876847139060748,-0.1832448069946068,-0.486848884333923,0.0,-0.2217127734342647,-0.2478718084569988,0.0,1,0.12331983779730465
UC2gwwB8nIpnZ0TjOwGIBUDw,-0.3126849092395832,-0.2,0.0,4.376107690544924,-0.3930209367363445,-0.5261777877472448,0.0,-0.2217127734342647,-0.2478718084569988,0.0,1,0.06940797511089519
UC2hZe__NLW92DEsiP_E8CcQ,-0.3156293230862853,-0.2,0.0,4.179062293396757,-0.3513482375620599,-0.4814219605636579,0.0,0.6913574657089212,0.7154674764909068,0.0,1,0.0122742987643355
UC2hynKRJ4KGgxCQomOheztg,-0.1815643182744421,0.0,0.0,-0.0530543814143317,-0.0532824909256515,-0.0171756905918844,0.0,0.6913574657089212,0.7154674764909068,0.25,1,0.07764930387672309
UC2ib0Bwvza2oi9W10sSWJ-g,0.2695623248142488,0.2,0.0,-0.091153580291562,-0.3838388165792987,-0.6003272946293761,0.0,-0.2217127734342647,-0.2478718084569988,0.0,1,0.13701613147030384
UC2jDkoeUUF1KSgUWi2oRPiw,1.5137721143299587,-0.4,0.0,-0.2530330892849273,-0.2202558143968528,-0.1288975265295668,0.0,-0.2217127734342647,-0.2478718084569988,0.25,1,0.14496626839653276
UC2jkAGVjHa-iOBeANBlJjxA,-0.355129712926496,0.2,0.0,4.082126034121098,-0.2026685227114344,-0.309792125380434,0.0,-0.2217127734342647,-0.2478718084569988,0.25,1,0.05754223750369314
UC2jwtnKMUzXoNP-s7pK3XHQ,9.706024303727457,-0.2,0.0,-0.2078188860080133,1.6595360768309606,2.757063394378464,0.0,-0.2217127734342647,-0.2478718084569988,0.0,-1,-0.0032011838720691355
UC2lXZ5Vpmj86A21klDNYZzA,-0.2462761822452258,-0.4,0.0,1.3814111491039474,-0.2575493485731617,-0.304677161286367,0.0,-0.2217127734342647,-0.2478718084569988,0.0,1,0.14616184541373056
UC2n5Zo0oD2ehypn_NIRxN4w,-0.0284376296520765,-0.2,0.0,-0.0467328543387585,0.5795774829753482,0.3392220429447043,0.0,-0.2217127734342647,-0.2478718084569988,0.0,1,0.14215759447610038
UC2oXCtQWFOi6dt1pPlJSPXA,0.1910933423285888,-0.4,0.0,0.0222696586565126,1.2892847394214697,0.8970582287352944,0.0,-0.2217127734342647,-0.2478718084569988,0.25,1,0.08246505005504323
UC2ouDDp9vM9axTeAZbLFfgQ,-0.0106603923095232,0.4,0.0,-0.1510872622034273,-0.1903079763461805,-0.183285284844226,0.0,-0.2217127734342647,-0.2478718084569988,0.25,1,0.14762991498128353
UC2ppVpKjU_uY2oAMWh4GRbQ,0.2498911306738239,-0.4,0.0,-0.1360403776068425,-0.0320929828709305,-0.0088684386239753,0.0,-0.2217127734342647,-0.2478718084569988,0.25,1,0.1480696540428587
UC2rqJDlMDh_7fZsnhKgb_qA,1.229291308202069,2.2,0.0,-0.1391933082526641,-0.2974327115117143,-0.2657197234018887,0.0,-0.2217127734342647,-0.2478718084569988,0.25,1,0.10863494038007737
UC2sECp-IRVOirad8PXk1iNg,-0.2660514736098829,-0.2,0.0,2.2708574402738413,-0.4707157996036548,-0.4430387803894038,0.0,0.6913574657089212,0.7154674764909068,0.0,1,0.055099760526320485
UC2sbWjxcqkU1IV5PIGtLgOg,-0.2603579386716173,0.2,0.0,0.5282049530163913,-0.2524638666400287,-0.259189410300129,0.0,-0.2217127734342647,-0.2478718084569988,0.25,1,0.14694389726934337
UC2tFnaBeXc4md7cPpU26qVA,-0.3192495735806337,-0.4,0.0,0.4177865223707031,-0.4609686258984831,-0.508736347980572,0.0,-0.2217127734342647,-0.2478718084569988,0.25,1,0.1307757363350318
UC2udVDs5xe-u011Tka-NNgw,-0.3094343894635601,-0.4,0.0,1.4100914902083392,-0.2897574008163376,-0.4046723729794815,0.0,-0.2217127734342647,-0.2478718084569988,0.0,1,0.1415977489089032
UC2vMm3YS6hg1v1YLZ9ngj3Q,1.6926510877894343,-0.4,0.0,-0.2851679540941029,0.896855050248037,0.6738515804866659,0.0,-0.2217127734342647,-0.2478718084569988,0.5,1,0.04509559176581124
UC2vNeM12dENw_Tl9O5aanBg,-0.0081364277451449,1.2,0.0,0.2144665354136321,-0.4386055450899622,-0.4189762472332711,0.0,-0.2217127734342647,-0.2478718084569988,0.5,1,0.07552978493738621
UC2vTkBYAbh2xLT6phBwNUUg,-0.3350061010899721,1.4,0.0,1.9738060507460529,-0.1210889167007586,0.0901068756889347,0.0,-0.2217127734342647,-0.2478718084569988,0.0,1,0.12300128751821582
UC2vfpW_j4TTYO6lpzzDoR8Q,-0.2201739004735545,3.6,0.0,0.1840856668098367,-0.2446661276758913,-0.3963480276515636,0.0,-0.2217127734342647,-0.2478718084569988,0.0,1,0.10763033387703974
UC2wjIMtYLzpQotTEZYETc2A,2.170634436011036,-0.4,0.0,-0.2544518646915252,-0.1838098605427327,-0.1657722531887403,0.0,-0.2217127734342647,-0.2478718084569988,0.0,1,0.15426480427224526
UC32h7-CSTjtSbYts--EhpOQ,0.2419677236164802,-0.4,0.0,-0.1638905256896108,-0.1405832641111019,-0.0746820167231851,0.0,-0.2217127734342647,-0.2478718084569988,0.0,1,0.1627711584112358
UC33cr7U_NQcUUm-eAb9T9gw,13.96191471791352,1.0,0.0,-0.0015321465949626,-0.0691746219666922,0.2144824192382479,0.0,-0.2217127734342647,-0.2478718084569988,0.0,1,0.06043982354336258
UC343wQEBzmnnz5NsIE9jCnA,-0.1846704198785981,-0.4,0.0,-0.1198589622164713,-0.0982042480016599,-0.4468399461983557,0.0,-0.2217127734342647,-0.2478718084569988,0.25,1,0.14338255464486582
UC34WFQ-cgdb4z_3_Qm2agWg,0.9833608795556088,0.2,0.0,-0.2686852962242768,3.1860635529398174,5.790740781484598,0.0,-0.2217127734342647,-0.2478718084569988,0.0,-1,-0.08121337724232236
UC35jhAAwv4jDLm9PHkV9dYg,-0.3295398227889399,-0.4,0.0,0.9627589761247628,-0.3440025414364233,-0.2090939502537885,0.0,-0.2217127734342647,-0.2478718084569988,0.0,1,0.15140606555186525
UC35v6Ll1NeccUd3dW7GWzkw,-0.2459117030967865,1.4,0.0,0.2651138485742985,-0.3650709665879744,-0.4536564288651671,0.0,-0.2217127734342647,-0.2478718084569988,0.0,1,0.14017264943324492
UC36IlB3MDFL8s1qFLNlzlPA,0.1052857706378502,0.2,0.0,4.015976314443894,-0.0760612120844765,-0.2838469169300269,0.0,-0.2217127734342647,-0.2478718084569988,0.0,1,0.07745305400008651
UC36QqtZHuMit7OQgv6WCdHA,-0.2093695629700931,-0.4,0.0,0.1335807841688312,-0.1931332440868099,-0.0435560172652304,0.0,-0.2217127734342647,-0.2478718084569988,0.0,1,0.16008906843668608
UC36ZJH-VhJCs-QWMIgbjanw,-0.2079146761281933,-0.4,0.0,-0.0746363635063946,-0.2397501618071961,-0.370154782981117,0.0,-0.2217127734342647,-0.2478718084569988,0.25,1,0.14701769037424234
UC373Id-2O4B_TqDmzG1xxyw,0.2790270423852234,-0.4,0.0,-0.2337977665763159,-0.298233204038226,-0.1931289283595625,0.0,-0.2217127734342647,-0.2478718084569988,0.5,1,0.1093457151146427
UC38AKgSLz6b7OymnCO3ksvg,-0.0732969619479732,0.8,0.0,0.5101241689951025,-0.3580261431308205,-0.2908090706787974,0.0,-0.2217127734342647,-0.2478718084569988,0.0,1,0.14925973682934202
UC38OeYuWYNN8lZQeSlbmSGg,0.7188991419932099,-0.4,0.0,-0.2015671971858727,0.7748034838528441,0.5299750565440291,0.0,-0.2217127734342647,-0.2478718084569988,0.0,1,0.13113369815097298
UC3C2O78cOsT4kvR_d_ZEImw,7.658365803994835,-0.4,0.0,-0.3000243129566388,0.3747455717797122,0.0974917277285593,0.0,-0.2217127734342647,-0.2478718084569988,0.0,1,0.11256114533168765
UC3CXT6XKj30C_PUPCy3O0Ug,1.0405739561918566,0.0,0.0,-0.2199262776512165,-0.136829694112837,-0.4078905978024473,0.0,-0.2217127734342647,-0.2478718084569988,0.0,1,0.15599474505766425
UC3EHztyZ4tEQqy8PuawZXtg,-0.2171105789656243,-0.4,0.0,0.7293321684376542,-0.4067234852783974,-0.5317612910348051,0.0,-0.2217127734342647,-0.2478718084569988,0.0,1,0.14512585220105223
UC3FShP-VH_s0BvVD1m1vLbA,-0.2159681605319459,-0.2,0.0,0.1056483561916524,-0.1818321731242921,-0.1506182293481575,0.0,-0.2217127734342647,-0.2478718084569988,0.0,1,0.1641398022066416
UC3H2ijtlL7-OGurllsKNrwQ,0.962157918619904,0.6,0.0,-0.2317778259454399,0.0437654559649705,0.2105544884358099,0.0,-0.2217127734342647,-0.2478718084569988,0.0,1,0.1429995269475538
UC3IOkYdbtpq8oRBzQKGEInQ,2.712534775971691,0.4,0.0,-0.2818025006933815,-0.171943736032089,-0.123230042920582,0.0,-0.2217127734342647,-0.2478718084569988,0.0,1,0.13832445595689147
UC3Jgo_95HK0jQT3mmeHa3Xw,0.2327548541686479,-0.4,0.0,-0.1165159847852489,-0.155839709910501,-0.1266847445386499,0.0,-0.2217127734342647,-0.2478718084569988,0.0,1,0.16206376743514656
UC3KRoaMtuAEWasHUQMtFh8Q,0.0198451018970368,-0.4,0.0,0.5578702634483536,-0.1914380834424322,-0.3611583746765265,0.0,-0.2217127734342647,-0.2478718084569988,0.25,1,0.143152274002046
UC3KZgktE6pCCjIaxKyGs0Iw,-0.3623996025082092,1.4,0.0,4.793985677962496,0.0272376396822881,-0.0436925009205698,0.0,0.6913574657089212,0.7154674764909068,1.0,-1,-0.11285750285844054
UC3L03q1hl5K2gkLso2IFz6Q,0.0280022711421299,0.4,0.0,-0.0980483838872847,0.5536791953529115,1.941567254873674,0.0,0.6913574657089212,0.7154674764909068,0.5,-1,-0.0107278589349743
UC3Lw6okOlAEnfaaaQ3mhg3Q,-0.3396179893672315,-0.4,0.0,3.975717665480153,-0.3829912362571099,-0.4352637590211782,0.0,-0.2217127734342647,-0.2478718084569988,0.0,1,0.08811798530801374
UC3Moaf59U9kRkW5KTjOPz9g,-0.1826154639482453,2.0,0.0,0.8100336924536468,-0.3815952216087989,-0.3688244327343501,0.0,0.6913574657089212,0.7154674764909068,0.5,1,0.013297700192871909
UC3Nx4RQajSzJ6MGBK4X4BMA,-0.2969172726401011,-0.4,0.0,1.3336638119466788,-0.2355122601962519,-0.3062811167998277,0.0,-0.2217127734342647,-0.2478718084569988,0.0,1,0.1457440644726125
UC3OI-scmfgqginG2fVmdqoA,0.0518538243195763,0.0,0.0,-0.1277842620047079,0.0508488058004058,0.1300039818946911,0.0,0.6913574657089212,0.7154674764909068,0.25,1,0.07648406865095153
UC3PIn-e4HzfOQmvXgls6oow,-0.2030791921638614,-0.4,0.0,1.7208052132546705,0.1001295473905282,0.52749014618133,0.0,-0.2217127734342647,-0.2478718084569988,0.25,1,0.08979355226794405
UC3RkKV3O97deF-cA5PKVD-A,-0.2157035622030706,0.0,0.0,0.0976364004629288,-0.2064523634354917,-0.4077968020927693,0.0,-0.2217127734342647,-0.2478718084569988,0.25,1,0.14570417213809106
UC3S9S2IkjfgAyEjBu2JrvNg,-0.3216545906049987,-0.4,0.0,1.3359646215805854,-0.4279129933331184,-0.5051884841778139,0.0,-0.2217127734342647,-0.2478718084569988,0.0,1,0.13486419850817094
UC3TtOthQfVHS6vCCsoDLK2g,0.9422815345349396,-0.4,0.0,-0.2501212639729013,-0.198218726019943,-0.4269503490702925,0.0,-0.2217127734342647,-0.2478718084569988,0.0,1,0.15932444098061865
UC3XEpDanrCsH_k3yxkq_hZg,-0.083725251643105,11.4,0.0,0.0613826186305188,-0.2767655836902868,-0.4042892638580395,0.0,2.517497943995293,3.605485331334624,0.25,-1,-0.12221776308773247
UC3YZrdCPwT4fDQFGZFpS6vw,1.0879992679653396,-0.4,0.0,2.840442492867823,-0.4075710656005862,-0.555970551425254,0.0,-0.2217127734342647,-0.2478718084569988,0.0,1,0.0913084824328515
UC3YfJCacGDPSZCCmPD1rTEQ,0.4713421573982211,3.4,0.0,-0.1416512684761089,-0.1436910586257943,-0.2902992195430033,0.0,-0.2217127734342647,-0.2478718084569988,0.5,1,0.0389177063974771
UC3Z1G2iWoVkkInN_hXljfIg,0.4087495038599257,0.0,0.0,-0.2185529798059164,-0.1592300311992564,-0.0963348526898066,0.0,-0.2217127734342647,-0.2478718084569988,0.25,1,0.15306579617705257
UC3ZRMUyFm1AXAGiN8JUGDLA,-0.0757149973250818,7.8,0.0,0.6428759337456906,0.4981053599765442,0.0042055343895352,0.0,1.6044277048521072,8.422181756074153,0.0,-1,-0.15451670009496332
UC3bDPYPCUw1kwDaNyyc0zfA,-0.195808347045024,1.2,0.0,0.2777124375395716,-0.3968785138437424,-0.3906379037797209,0.0,0.6913574657089212,0.7154674764909068,0.0,1,0.06899060625052728
UC3egsNvp3cMIh3Evby0fzhg,-0.2700591283750579,-0.4,0.0,0.6005245406651061,-0.4007904230230755,-0.5106518131506903,0.0,-0.2217127734342647,-0.2478718084569988,0.0,1,0.14686736866650724
UC3f2saeTnp73YrQLqH5Pqcg,0.6856688236217866,0.0,0.0,-0.2384862523980687,0.67563658615675,0.3716171386727037,0.0,-0.2217127734342647,-0.2478718084569988,0.25,1,0.12030506653241085
UC3fm3y03XaYZwCoeurb3pyw,-0.0214276749576543,2.0,0.0,-0.0007457614439901,0.1032705803492281,-0.2352124401912681,0.0,-0.2217127734342647,-0.2478718084569988,0.0,1,0.11947519503545156
UC3gRVNPrfYCPID5v_xiIDGg,2.9114977388461787,-0.2,0.0,-0.2737772413397352,-0.2235048722985767,-0.2820568872324169,0.0,-0.2217127734342647,-0.2478718084569988,0.25,1,0.12761052644938792
UC3jTZ0S5n6rOFPwvcadjPOQ,4.145523497204114,0.2,0.0,-0.2846805377618693,-0.3234487186233439,-0.595860240715879,0.0,-0.2217127734342647,-0.2478718084569988,0.0,1,0.10398943903181407
UC3kH3tw7DUUOxiwKO_lhCNg,3.590546428419993,0.0,0.0,0.318050683620401,-0.1925278295709608,-0.2756443006008918,0.0,-0.2217127734342647,-0.2478718084569988,0.0,1,0.12949702307526212
UC3kZ_gVFkfXBekteQCL4Thw,4.677886442018454,4.0,0.0,-0.2921299832585858,0.0314755412932323,0.6183417441437181,0.0,4.343638422281664,2.6421460463867183,0.0,-1,-0.09484103992230031
UC3lp5a-PD1A4-CQGaAwxizg,-0.0204548394583287,-0.4,0.0,-0.1908766846650572,-0.3380694791811015,-0.4659142436221262,0.0,-0.2217127734342647,-0.2478718084569988,0.25,1,0.14454763568349493
UC3olOvZu7sZjvrbe--iUQuQ,0.1730938895192537,-0.2,0.0,-0.0440551157301058,-0.2637649376025466,-0.3604114255446257,0.0,-0.2217127734342647,-0.2478718084569988,0.25,1,0.15118445571990885
UC3pB3o3hKPi6Y6U1P4Ofx6w,0.5463652095290363,0.4,0.0,-0.2406806900766618,-0.2854253236140391,-0.2141301671553767,0.0,-0.2217127734342647,-0.2478718084569988,0.25,1,0.1451703481531394
UC3ptpMeNPg01hTTW-6H2PRA,4.63231145581077,-0.2,0.0,-0.2876793252288271,-0.4127978109207508,-0.3558062418769394,0.0,-0.2217127734342647,-0.2478718084569988,0.0,1,0.123481417130135
UC3qbPF-TD2ODzz7KwTz7XJA,-0.045483013601532,0.0,0.0,4.029775295650211,-0.3463031165966501,-0.2708652138335408,0.0,-0.2217127734342647,-0.2478718084569988,0.0,1,0.0894316855356892
UC3qdncclBAW91ax0WJvVA7w,-0.1539863049680924,-0.4,0.0,-0.0373165878852933,-0.3278985153148354,-0.3061657739703492,0.0,-0.2217127734342647,-0.2478718084569988,0.0,1,0.1618065250407264
UC3rA9hB_LZkJb4cqY0VjoTw,-0.108838154690594,-0.4,0.0,0.0380255606966845,-0.2702630534059943,-0.3180745215211278,0.0,-0.2217127734342647,-0.2478718084569988,0.0,1,0.1645634853330165
UC3rjcoyYR5KZP-eNUGP67Ag,-0.2392230209130418,-0.2,0.0,0.639469170649989,0.1805084146114365,0.1098687203408813,0.0,-0.2217127734342647,-0.2478718084569988,0.0,1,0.1474224579619282
UC3topO6CyNKCnPN9qzrKHTQ,3.846044796600012,-0.4,0.0,-0.2924556273354294,-0.4313033146218737,-0.5890264427914405,0.0,-0.2217127734342647,-0.2478718084569988,0.0,1,0.1045489008916039
UC3trDIRbTI2opyZdCWA2pBA,0.2420313484054845,0.4,0.0,-0.0951678835450582,0.0644369982672427,0.2252489137134849,0.0,0.6913574657089212,0.7154674764909068,0.25,1,0.0747126544075476
UC3u_sEZm_UmreDRsOF5g07A,1.7036030348033857,-0.4,0.0,3.2680516689209758,-0.1855050211871104,-0.3597110205941553,0.0,-0.2217127734342647,-0.2478718084569988,0.0,1,0.09906524282874452
UC3unQf1s6eDTYcxoRH_SFKQ,-0.3562890979705755,-0.2,0.0,3.040951903634736,-0.3125008061284047,-0.4006578130200525,0.0,-0.2217127734342647,-0.2478718084569988,0.0,1,0.1176518449172721
UC3vxMtx_12w8yAz0SZ3rcdw,-0.1960592571103797,0.6,0.0,0.5128016614526375,-0.3918908296400927,-0.4857812542556056,0.0,-0.2217127734342647,-0.2478718084569988,0.0,1,0.14431573009767684
UC3xKM8nFvIF507sPttmxp9Q,-0.2245751806000366,2.2,0.0,0.276814927402388,0.492935938929378,0.8061098883568432,0.0,-0.2217127734342647,-0.2478718084569988,0.0,1,0.09442684549577113
UC3ygKXVlsnN6QhECu5qnubg,0.3030390377554712,-0.4,0.0,-0.2264359695150638,-0.4050283246340197,-0.3473168942565544,0.0,-0.2217127734342647,-0.2478718084569988,0.0,1,0.1603201993072737
UC3zv2LeAnGc779wsY2cbX_w,-0.2798969346393331,2.2,0.0,0.8442434407561108,-0.2162062639686172,-0.2623543651482726,0.0,2.517497943995293,4.56882461628253,0.0,-1,-0.03751304592819127
UC403T30BeENa6WKoJg8jTuw,-0.0054605975162997,-0.4,0.0,2.374202344154293,-0.1787243786095997,-0.1735284031330815,0.0,-0.2217127734342647,-0.2478718084569988,0.0,1,0.12740153104730606
UC41yDqYqNLXtVShN7TnEe_A,0.1727298143377287,-0.2,0.0,3.876021276960705,-0.2136164352063735,-0.2980317082942246,0.0,-0.2217127734342647,-0.2478718084569988,0.0,1,0.09543326398834467
UC43sDIATvY6v4mF0ajyDIUw,0.096059115819067,0.6,0.0,-0.2179014151354045,0.1077577702902278,0.3879903667305991,0.0,-0.2217127734342647,-0.2478718084569988,0.0,1,0.14074409717745973
UC45v7I77Dcp8kEl1Xa65_yQ,0.533284424204472,-0.4,0.0,3.913541215853813,-0.3067090072601144,-0.1141894929447448,0.0,-0.2217127734342647,-0.2478718084569988,0.0,1,0.07304013805722065
UC45xYpkdcSRjPJzTnf6Am5Q,-0.1659555416640138,-0.2,0.0,0.056382419320105,-0.361236674654263,-0.4429922697187106,0.0,-0.2217127734342647,-0.2478718084569988,0.25,1,0.14426365610630504
UC46C2trYQlyreUYs5wl8K_w,-0.0039420858853955,-0.2,0.0,-0.0420480081236146,-0.085066753007733,-0.4445173762276111,0.0,-0.2217127734342647,-0.2478718084569988,0.25,1,0.14481129779161384
UC46axpz_GsFizhya3Hj04Cw,-0.2259619653529651,0.4,0.0,0.8405843815111445,-0.1253268183117028,-0.0242505074319256,0.0,-0.2217127734342647,-0.2478718084569988,0.0,1,0.15442014558640438
UC49-EJeh-aff1bJMTX50qOQ,-0.3060416733336987,0.0,0.0,0.4509131612916611,0.6745771107540139,1.00148107512909,0.0,0.6913574657089212,0.7154674764909068,0.5,-1,-0.002167703837933743
UC492VniSZS4aFSiMixnRhSg,0.0708255244999354,-0.4,0.0,-0.1474289190453668,0.1272521177005711,-0.1925853407399188,0.0,-0.2217127734342647,-0.2478718084569988,0.0,1,0.1475312261999236
UC494xD1tQzrm45FNRyK5l5A,0.4387464710491843,-0.4,0.0,-0.1870615890335502,0.0501223083813868,0.1710075854012532,0.0,-0.2217127734342647,-0.2478718084569988,0.25,1,0.1413775318598502
UC4A949Cm86URf_mfq-KyO9g,-0.1565243102769254,2.0,0.0,0.6112290008518259,-0.1101202301783148,-0.1976597426750624,0.0,-0.2217127734342647,-0.2478718084569988,0.25,1,0.1182602100277933
UC4Aw2p1UvcE8S96BepTr_2w,2.057168815069049,-0.2,0.0,-0.2841437384817338,0.3535560637249912,0.7704804737310842,0.0,-0.2217127734342647,-0.2478718084569988,0.0,1,0.1257697994058809
UC4CQXThX52kuB6azr9TK4KQ,2.401846919252903,-0.4,0.0,-0.2853347500570174,-0.4533404029987836,-0.4902164543968355,0.0,-0.2217127734342647,-0.2478718084569988,0.0,1,0.13597850021133262
UC4CabbN_XlGmt5t5WxOaQDg,0.0001450493701706,0.0,0.0,-0.0918086994768671,0.2373164766819504,1.250014140163408,0.0,-0.2217127734342647,-0.2478718084569988,0.0,1,0.12935516783836298
UC4D-bBmqHV4rF4srkBYAyGg,-0.0726674621416118,-0.2,0.0,2.768090886278184,-0.2340996263259372,-0.0176526633622588,0.0,-0.2217127734342647,-0.2478718084569988,0.0,1,0.12007254627960673
UC4ErvUt-aioI3zm0Gyjruzw,-0.1202411307643766,0.4,0.0,0.3563489714368067,-0.3866640843199282,-0.4692514183458159,0.0,0.6913574657089212,0.7154674764909068,0.0,1,0.08710710337227162
UC4FIpXYKh9B_5sNaPNkREVw,16.187824426520777,0.2,0.0,-0.3009196728830822,-0.1973711456977541,-0.1515844678896416,0.0,-0.2217127734342647,-0.2478718084569988,0.0,1,0.07746775968880426
UC4Fo0S0K7dnZcChZYkAj-0A,-0.2382255256098734,-0.4,0.0,0.4143574827458177,-0.3465452824029899,-0.4411722381481754,0.0,-0.2217127734342647,-0.2478718084569988,0.25,1,0.14189825543057538
UC4Gn6sFAfXkorAMW65tqwdQ,-0.2694922618025476,1.4,0.0,0.4008421349240089,-0.3629141773752618,-0.4156919181765991,0.0,0.6913574657089212,1.6788067614388125,0.0,1,0.054225510802415555
UC4Ihi6CkdzSinbxf5T433-g,-0.327749845391617,-0.2,0.0,0.9561698771266948,-0.3584114069136336,-0.383649852648962,0.0,-0.2217127734342647,-0.2478718084569988,0.0,1,0.15338420478487308
UC4JPLBZkXO6xj9cH91YSDCA,-0.1519969698985558,1.0,0.0,0.6066631722878492,-0.2227985553634193,-0.3321416706893483,0.0,-0.2217127734342647,-0.2478718084569988,0.25,1,0.12840705795773738
UC4KDffGz6fGkvJLjINa4VKw,1.951123965351272,-0.2,0.0,-0.2845256117063222,-0.3407534835346995,-0.4225669846552188,0.0,-0.2217127734342647,-0.2478718084569988,0.0,1,0.14918978671600286
UC4K_xs9lV6j64LwYQ8Amp0g,2.560673177069317,0.0,0.0,-0.2701961658373632,0.2603222282842189,0.4804905313186924,0.0,-0.2217127734342647,-0.2478718084569988,0.0,1,0.12401675214179991
UC4LDJW1kdONyfOHiAFGL1NQ,2.86153177815685,-0.4,0.0,-0.2865455548353601,-0.2745009550169385,-0.1176497683710439,0.0,-0.2217127734342647,-0.2478718084569988,0.0,1,0.14025291163896986
UC4Lcj_GF-yRAOyeFiWJVqhQ,-0.2622502459379221,-0.4,0.0,-0.0273949879945491,-0.071929258013806,-0.1457049666129334,0.0,-0.2217127734342647,-0.2478718084569988,0.25,1,0.14831902140348036
UC4MLGn0sMiY7P5SpuhhZjKw,-0.0348955457360197,-0.2,0.0,-0.0481036610819867,-0.2750660085650644,-0.274834641578919,0.0,-0.2217127734342647,-0.2478718084569988,0.0,1,0.16623364434810195
UC4Mip8tK3WQka_sca5s-TdQ,-0.3256528783873481,0.2,0.0,2.313297295394181,-0.3822496034751947,-0.4733076778500315,0.0,-0.2217127734342647,-0.2478718084569988,0.0,1,0.13046039722044717
UC4N9viSQiOxpZZr6VmVIyCw,0.3446439942275264,-0.2,0.0,-0.2125389097562678,-0.4862547721771168,-0.4865152699056487,0.0,-0.2217127734342647,-0.2478718084569988,0.0,1,0.15371787946036214
UC4No3Yti85UTcZqV2SzWJlQ,3.68616135736884,-0.2,0.0,3.678366313905545,-0.150754227977368,-0.2913311300526848,0.0,-0.2217127734342647,-0.2478718084569988,0.0,1,0.062022961637706764
UC4NuuTSgZ6MHkZnngREFYDA,1.0868177320687915,0.4,0.0,1.714417837909013,0.3196528508374376,0.2380579237682742,0.0,-0.2217127734342647,-0.2478718084569988,0.0,1,0.10941395494064587
UC4OOoVnTxelrcBIivjzKVVw,-0.3499400509700399,0.6,0.0,2.472019805995507,-0.2435642732570459,-0.3618713987798963,0.0,-0.2217127734342647,-0.2478718084569988,0.0,1,0.124198997554126
UC4Q7HfmEFo3hs4EmRcQbB9w,-0.0976693531874526,0.2,0.0,0.3229772795477382,-0.1311539330267511,-0.2538672221070897,0.0,-0.2217127734342647,-0.2478718084569988,0.25,1,0.14998019537211704
UC4RYlyYUDYjJmDTtRJfJxxg,0.3670307297097627,0.6,0.0,-0.0028032284893347,0.3395709884088753,0.0447736523942035,0.0,-0.2217127734342647,-0.2478718084569988,0.25,1,0.11384409949400309
UC4T340TyV8MD0ix89WqkrEg,-0.067176642850535,-0.4,0.0,0.085740525523646,-0.1939808244089988,-0.2694515528433784,0.0,-0.2217127734342647,-0.2478718084569988,0.0,1,0.1640332840657594
UC4U2WM_IVm9gMS6S_vXWpKg,2.306979531078993,4.6,0.0,-0.2205404715003378,0.1004120741645913,1.6179199395793404,0.0,-0.2217127734342647,-0.2478718084569988,0.0,-1,-0.0016300308508901962
UC4UEscCqWUQSBccXXGrB2yQ,-0.2238647037894878,5.2,0.0,2.675148866015162,-0.045705636530327,0.1458859350004669,0.0,-0.2217127734342647,-0.2478718084569988,0.0,1,0.017771318213322007
UC4W8jjB03fLEi-2Qn4uui8w,-0.0226562571578797,-0.4,0.0,-0.1277880771447593,-0.150754227977368,-0.0952340498062485,0.0,-0.2217127734342647,-0.2478718084569988,0.25,1,0.1505029803038001
UC4X2-qTh7TIb86O5cnQS4xA,0.0841446671358994,1.0,0.0,-0.2032206188680675,-0.3658277347327859,-0.2754990007559723,0.0,-0.2217127734342647,-0.2478718084569988,0.25,1,0.13308384989541633
UC4Y1ko2RlihrsOeugAvsEzg,-0.3403996102600306,0.8,0.0,2.485033585447541,-0.2407281391020294,-0.2910433093327,0.0,1.6044277048521072,2.6421460463867183,0.0,1,0.003364300635612827
UC4Y9hpIj_ELiJBfqxCyyi9A,-0.1380737452381004,-0.2,0.0,0.0735470273095194,-0.2863670795275823,-0.6003272946293761,0.0,-0.2217127734342647,-0.2478718084569988,0.0,1,0.14115723878477487
UC4YAFHsGQoAb0fBAazdB-0Q,12.21198771138473,-0.4,0.0,-0.3003909333354143,1.739349890503743,4.793493714268989,0.0,-0.2217127734342647,-0.2478718084569988,0.0,-1,-0.051970688764649386
UC4YTDsXlHDyBxP0quuKchCw,-0.2909141223099463,0.0,0.0,2.381722617162544,0.1174444025438145,-0.1130740946249724,0.0,-0.2217127734342647,-0.2478718084569988,0.25,1,0.08209354408350428
UC4Z0NiP2s185zHJCE-6wY0w,-0.3042404858545037,3.0,0.0,3.380478646386604,-0.338377690207352,-0.5101776833338486,0.0,5.256708661424851,7.458842471126247,0.25,-1,-0.12785749359487342
UC4ZQ4ek2kDuwmtNb6AxZi-Q,-0.2897895017262812,3.8,0.0,1.3790516234614028,-0.0151413764271537,-0.1178027558420375,0.0,-0.2217127734342647,-0.2478718084569988,0.5,1,0.007002952427228981
UC4_M9OKVunXe27EOUzHW--g,1.9196650418991128,-0.2,0.0,-0.2575349889428258,-0.1542858126531548,-0.271668274328753,0.0,-0.2217127734342647,-0.2478718084569988,0.25,1,0.14714275721604714
UC4aACN36C38rOP2rlA8t6PA,-0.2571793502542741,2.6,0.0,0.8067936366497435,0.1384825569695733,0.4096634619087562,0.0,-0.2217127734342647,-0.2478718084569988,0.25,1,0.07357691324300475
UC4aOQVdgshdRTJTvDGFR0yA,-0.2927837821811175,0.6,0.0,1.261847898432637,-0.3838388165792987,-0.1984027551762744,0.0,2.517497943995293,1.6788067614388125,0.5,-1,-0.04825706331935198
UC4b4RMlS6lfdlNYRV1paZlg,0.1934538220006509,0.2,0.0,-0.0806072497923128,0.58981907853513,0.2002231073334254,0.0,2.517497943995293,1.6788067614388125,0.0,-1,-0.01075204157609555
UC4bDEe8-2UIBA6ZEXEwKEYg,0.8247029244548708,-0.4,0.0,0.0228654622595159,0.011981193882889,-0.1677697524368303,0.0,-0.2217127734342647,-0.2478718084569988,0.0,1,0.1486283734926387
UC4bUzJ3K4JB11AY0chnHZTg,1.384189627391066,-0.4,0.0,-0.1620131257206595,-0.1821146998983551,-0.2409695348374583,0.0,-0.2217127734342647,-0.2478718084569988,0.25,1,0.14667826617797092
UC4brXKBCSEaDIs7Tam7firA,13.669727594864844,0.2,0.0,2.094747440804545,1.0347987476842706,1.2412099246880242,0.0,-0.2217127734342647,-0.2478718084569988,0.0,-1,-0.03740815887237914
UC4eL0AnOPkUJjDi4W-n0gVA,-0.0329592313239868,-0.4,0.0,-0.1340917567337192,0.0458844067704426,-0.1682313146731466,0.0,-0.2217127734342647,-0.2478718084569988,0.5,1,0.11106104581488369
UC4eOOEiL_hafripFxG1u_7A,1.8553184650105972,-0.4,0.0,-0.2911833587875844,0.03317070193761,0.2248646479827938,0.0,-0.2217127734342647,-0.2478718084569988,0.0,1,0.14515259681319065
UC4el4QaPEv4A1S7yRCK8Rvw,-0.3140837709200542,0.2,0.0,2.412587721385668,-0.3117944891932474,-0.3560064547054535,0.0,-0.2217127734342647,-0.2478718084569988,0.0,1,0.13058803172195327
UC4faAEanWbfwQlhuRPiBNyg,-0.0817226835011332,4.6,0.0,0.0224974544017437,-0.3098168017748068,-0.1754694551673215,0.0,-0.2217127734342647,-0.2478718084569988,0.0,1,0.07121205878872766
UC4ghCfH0JKBA4Dvn1lO3h2w,-0.3454629866504326,-0.4,0.0,4.059319521358658,-0.503347642007925,-0.475217881592304,0.0,-0.2217127734342647,-0.2478718084569988,0.0,1,0.07447366856902027
UC4hdml6cjgdGFFa0khQBWaQ,0.4951272243543534,-0.2,0.0,-0.2619494249387259,-0.3562924561081615,-0.4896200351424198,0.0,-0.2217127734342647,-0.2478718084569988,0.25,1,0.14113581664029046
UC4jBrZowue9myHVU86RlaSQ,-0.3103732085724245,0.4,0.0,0.8919224968152524,-0.1827739290378353,-0.1134787566228706,0.0,-0.2217127734342647,-0.2478718084569988,0.25,1,0.1369014981107189
UC4jGtCVMc2KWvIySIX-OCFQ,-0.3387366477247623,3.2,0.0,1.767770379206651,-0.2513583270893476,-0.3124993774352697,0.0,-0.2217127734342647,-0.2478718084569988,0.0,1,0.09950764863757178
UC4jpaiaJDHrjCL18XySDDrA,5.301158374111579,0.8,0.0,-0.2901966546056126,1.0739993375855044,3.238313788170144,0.0,-0.2217127734342647,-0.2478718084569988,0.5,-1,-0.06979431862475816
UC4jzdMmyaI3uQdha_78uIjA,-0.1201718504385718,-0.4,0.0,0.0926463657080427,-0.1422784247554796,-0.1040418266459338,0.0,-0.2217127734342647,-0.2478718084569988,0.0,1,0.16011636786180838
UC4kf3M7FiGHvLE-VLiSgCAw,1.4215783811784315,-0.2,0.0,-0.2473345273052258,-0.4467010238083043,-0.4105361972045654,0.0,0.6913574657089212,0.7154674764909068,0.0,1,0.06759601022419798
UC4mR3QCYUXscW6Q9-J9QhsA,9.320521707150002,-0.2,0.0,-0.2937525722406127,-0.2764786424353792,-0.5908162105506319,0.0,-0.2217127734342647,-0.2478718084569988,0.0,1,0.09265934749310734
UC4p2Tc7O9Att8lqwXNE7Uag,-0.3467171019359186,-0.2,0.0,1.8003886229926378,-0.3767756472277251,-0.3064598744821409,0.0,-0.2217127734342647,-0.2478718084569988,0.0,1,0.14055618920453622
UC4p9nYAaAG-i9WJSGsYsg0g,2.774327642347465,-0.4,0.0,-0.2933306699866562,-0.171943736032089,-0.3048594509235979,0.0,-0.2217127734342647,-0.2478718084569988,0.0,1,0.14232046705011198
UC4qpdrqJqrIj5l6-4bdPVzw,-0.2505446986453188,-0.2,0.0,0.1206683876874899,-0.1549921295883122,-0.1636696328065018,0.0,-0.2217127734342647,-0.2478718084569988,0.5,1,0.11339410330444827
UC4qxlzoOR_GpMQQylGmvIpQ,0.8630976568506057,-0.2,0.0,0.2710906473625032,-0.4445820730028322,-0.3937322890022926,0.0,-0.2217127734342647,-0.2478718084569988,0.0,1,0.14862934956028645
UC4s3K-Td0OZP2IqMfwVbEiw,-0.3424224286781239,-0.2,0.0,1.7965535828152432,-0.0483382723795499,-0.3239349140662598,0.0,-0.2217127734342647,-0.2478718084569988,0.0,1,0.14184561269600626
UC4uyD_SEjbuPrV_TPdr5D5w,-0.0964567707503444,-0.4,0.0,0.7800153597356776,-0.3380694791811015,-0.5323751964120793,0.0,-0.2217127734342647,-0.2478718084569988,0.25,1,0.12553460973327735
UC4zSFYCbPrz9kkblfv8VdeA,-0.1669912118405848,-0.4,0.0,-0.0417791378911921,0.1230142160896269,0.3350443553563925,0.0,-0.2217127734342647,-0.2478718084569988,0.25,1,0.13537725001843703
UC5-Nhj5EAZsc1c8jaFeDBuQ,1.2504842541246903,-0.4,0.0,-0.2837922157969121,-0.0727768383359948,0.034035255332996,0.0,-0.2217127734342647,-0.2478718084569988,0.0,1,0.14974796457670025
UC5-jYiq6vsEkZ1v6ngeUPRA,8.043830225698887,0.0,0.0,0.2570706483564421,3.024039493135683,10.6952786878523,0.0,-0.2217127734342647,-0.2478718084569988,0.0,-1,-0.1410543003296425
UC50A87xuO9Bb42JM8p3Hi-w,0.3078454827135395,1.2,0.0,-0.0293716390973287,0.0060481316275671,0.0432489415637179,0.0,-0.2217127734342647,-0.2478718084569988,0.0,1,0.13764608819933088
UC510tIqqxvIb1-AE8U5OK7A,0.149157713689236,0.2,0.0,-0.1758964752379177,-0.3372218988589126,-0.4194569176170588,0.0,0.6913574657089212,0.7154674764909068,0.25,1,0.08090845841254274
UC51YiiEjaoERO__aQc2pz_g,4.550719733333671,-0.2,0.0,-0.2877044637462485,-0.187482708605551,-0.0577441834285429,0.0,-0.2217127734342647,-0.2478718084569988,0.0,1,0.1314064126663158
UC52H_yYy4GgF9s-Hpt9N9VA,0.5234455575270468,1.0,0.0,-0.2422092965591417,-0.1235610259738094,0.0519318782231947,0.0,-0.2217127734342647,-0.2478718084569988,0.25,1,0.12660841976780102
UC52bodhD1hI3f1LGwW8ftvg,-0.2328508215587295,0.2,0.0,0.2689673306093001,-0.2450475388208763,-0.1363830604059036,0.0,-0.2217127734342647,-0.2478718084569988,0.0,1,0.15893562514168386
UC57OnleANxJNZUhQ23J224w,-0.2020060540559878,-0.2,0.0,0.6639050120156014,0.2695043484412646,0.1793231407105367,0.0,-0.2217127734342647,-0.2478718084569988,0.0,1,0.14491876456636216
UC58DbgrhLOeaR_whwDQbC2w,1.2568644065776282,-0.2,0.0,-0.2524944217424072,-0.1945458779571247,-0.0831255242317035,0.0,-0.2217127734342647,-0.2478718084569988,0.25,1,0.15048032376271736
UC58UxSSINjt74QHgp2p4grA,7.117618722246726,-0.4,0.0,1.374234065403785,0.212010149919455,-0.2714416826719579,0.0,-0.2217127734342647,-0.2478718084569988,0.0,1,0.07675019486640966
UC58XpyAMPT9N-duiX5N97aA,3.334229421288117,0.0,0.0,-0.2945837962680552,-0.204030705372095,-0.1615716743758909,0.0,-0.2217127734342647,-0.2478718084569988,0.0,1,0.14101723986898052
UC594Mp21oUxj3iklukovrJQ,-0.3035342506965552,-0.4,0.0,0.3749056498787967,0.0882634228798846,0.7934694069626788,0.0,-0.2217127734342647,-0.2478718084569988,0.0,1,0.13246302686209865
UC59GrL3iE1Aubxh7jM68jWQ,0.2764810527891428,2.0,0.0,-0.0852069653027304,-0.1462670380363682,-0.1693638227768557,0.0,-0.2217127734342647,-0.2478718084569988,0.25,1,0.1194270735354172
UC5A2MoAN_SR-HElogxl9pAQ,2.943930121570104,-0.4,0.0,-0.2875725163946803,-0.366887210135522,-0.4463596683200948,0.0,-0.2217127734342647,-0.2478718084569988,0.25,1,0.11456133253238815
UC5Lz9Jp23PE26lIrNr8Zweg,-0.3326781155065803,0.2,0.0,2.6588053379967738,-0.2466367519249804,-0.4587466501283528,0.0,-0.2217127734342647,-0.2478718084569988,0.0,1,0.1257054057014257
UC5ME-dq2HgEsYxdYsITxs5Q,14.783731374509417,-0.2,0.0,-0.2998509838247564,0.480693112053317,-0.1724404208233366,0.0,-0.2217127734342647,-0.2478718084569988,0.0,1,0.05560313814539697
UC5MGhAHzb7Gfa02AQBrmpLQ,0.0450320350375653,-0.4,0.0,-0.1994894640133161,-0.3787533346461657,-0.3753544672980076,0.0,-0.2217127734342647,-0.2478718084569988,0.0,1,0.1584816892446449
UC5NlQr0Bx8OgtGQYcLP3Hhg,2.648023952868597,-0.4,0.0,-0.2640961829975058,0.8748179618711273,0.3261853472080175,0.0,-0.2217127734342647,-0.2478718084569988,0.0,1,0.10631969198801727
UC5OuIwopIq14lgAbHz6zlNA,-0.3112964749550879,-0.4,0.0,3.261815974300319,-0.203304207953076,-0.1729910699680611,0.0,-0.2217127734342647,-0.2478718084569988,0.0,1,0.11191946466925273
UC5Oxr1b8kvWhT4DGdGYvCdA,-0.2290810528102208,0.2,0.0,0.7760336059971322,0.1798020976762792,0.157049619247273,0.0,-0.2217127734342647,-0.2478718084569988,0.0,1,0.14663502266386302
UC5PJza19Mgv_6UL2LV-_C5Q,1.504453203567119,0.2,0.0,-0.269272455285829,0.0982224916656034,0.5669128794480982,0.0,-0.2217127734342647,-0.2478718084569988,0.0,1,0.1346720506986856
UC5PcgaKK8HFFuNbTPUyFttw,-0.0777171495622583,-0.4,0.0,-0.1978609857177154,-0.4202847704334188,-0.445030501014582,0.0,-0.2217127734342647,-0.2478718084569988,0.25,1,0.1404019131198374
UC5S6NhV2Ouj6Jyj4SIrmEUQ,0.6864717078639846,0.0,0.0,-0.2731148964030525,-0.2052415344037934,-0.0877836646802573,0.0,-0.2217127734342647,-0.2478718084569988,0.0,1,0.16032163807332117
UC5U2rZHyEbEiSn_1HJjr_xw,2.545151152353738,-0.4,0.0,-0.2378929997572254,0.3866116962903559,0.400007567814526,0.0,-0.2217127734342647,-0.2478718084569988,0.0,1,0.12748703044782728
UC5UZ8Dn9pE77SJA5OrCDh3A,-0.3042632089934338,0.0,0.0,0.732186778489062,-0.3584114069136336,-0.2554661034670561,0.0,-0.2217127734342647,-0.2478718084569988,0.0,1,0.15800487093276705
UC5WHSdJK0w9AaE4wdCBoO7w,6.582945687022234,-0.4,0.0,0.8997088872222865,-0.3770581740017881,-0.4599451946670586,0.0,-0.2217127734342647,-0.2478718084569988,0.0,1,0.09881820774062633
UC5XboaFcKw1ESbzC_kICHMw,0.0331375322207919,1.4,0.0,0.0001095485075386,-0.2939347609756969,-0.3452483333012642,0.0,0.6913574657089212,0.7154674764909068,0.0,1,0.08160889859706794
UC5YZlvxNE9LSJVEfSEWXjag,0.5092498066870226,1.6,0.0,-0.2442783910309724,-0.1840923873167956,-0.0866085108149513,0.0,-0.2217127734342647,-0.2478718084569988,0.0,1,0.13811277521655602
UC5ZsRQK6u0-47oXnWXEBxZw,3.6550559049667055,-0.2,0.0,-0.2906454675259102,-0.2446943803532977,0.042635768927777,0.0,-0.2217127734342647,-0.2478718084569988,0.0,1,0.13573220606691777
UC5aEhB4qXglWYbOP7lb94FA,-0.3208359516531425,0.2,0.0,3.935008943362712,-0.2021387850100664,-0.217075378317278,0.0,-0.2217127734342647,-0.2478718084569988,0.0,1,0.09036124115294697
UC5adToZwdzD65qq4TkHBIbw,-0.2817137758364578,4.0,0.0,1.7895727787486468,0.1678731894380659,0.0346595622804013,0.0,-0.2217127734342647,-0.2478718084569988,0.25,1,0.024370323605902577
UC5c-liGCQvgdB-ggkO1DetQ,0.8268545027363684,0.2,0.0,-0.2496965620008972,0.176623671468071,0.3193636810473768,0.0,-0.2217127734342647,-0.2478718084569988,0.0,1,0.14078061846284895
UC5dcjY3aWgH87IS54MfTmpg,0.2141000660325678,-0.4,0.0,-0.2555442784500708,0.0035053906610007,-0.1123417779376947,0.0,-0.2217127734342647,-0.2478718084569988,0.25,1,0.149003865452426
UC5eDMSgJtHv9n2dYRnpcLEA,-0.2269823184507018,-0.2,0.0,0.0427282441634033,-0.4594147286411369,-0.5602895976820923,0.0,-0.2217127734342647,-0.2478718084569988,0.25,1,0.12784803882163354
UC5em__jWSmKXXj5lmrkyAvQ,0.7306909362220191,0.0,0.0,-0.1803689214389947,-0.0460175167354615,-0.1333016427034168,0.0,-0.2217127734342647,-0.2478718084569988,0.0,1,0.15772526829054545
UC5fs7NDS0LXMxyphy3okG9g,-0.2196004290419952,-0.4,0.0,0.1790976832101361,0.3154149492264934,-0.0020922029669782,0.0,-0.2217127734342647,-0.2478718084569988,0.0,1,0.14763886755216699
UC5hBEWjn0xHblxa_VpntCxA,3.058289317326552,-0.4,0.0,-0.2843606347576883,-0.4779202323422599,-0.4979352469500592,0.0,-0.2217127734342647,-0.2478718084569988,0.0,1,0.1266057905608009
UC5hF9u1xBTx8wKh9hE1LnXg,0.4660648346213589,-0.2,0.0,-0.1383892168849046,-0.158523714264099,-0.3096619855615198,0.0,-0.2217127734342647,-0.2478718084569988,0.5,1,0.11223478319319696
UC5hZ9rSvywA7sdyG9pKIJIQ,-0.3462469854393864,-0.2,0.0,2.234106280057497,-0.1790069053836626,-0.3852891776433751,0.0,-0.2217127734342647,-0.2478718084569988,0.0,1,0.1345064906916551
UC5i1BZ2BJ_1mtpYKIF7QKrA,0.3585962035140839,-0.4,0.0,-0.2112747855748879,-0.3372218988589126,-0.376840627516498,0.0,-0.2217127734342647,-0.2478718084569988,0.0,1,0.15937908214375146
UC5iNBq3th3BDQpO6dlGs-zw,4.957781943136307,-0.4,0.0,3.692365707166192,-0.3728202723908438,-0.2826132861697537,0.0,-0.2217127734342647,-0.2478718084569988,0.0,1,0.03470725259442725
UC5mHOm3cx4BBvDNmkoWekAQ,7.19024359112681,1.0,0.0,-0.2493606990890207,-0.1274457691171749,0.0095969783523381,0.0,-0.2217127734342647,-0.2478718084569988,0.0,1,0.1073556698913779
UC5n21EG4ZLzV1_RqK5bOGwQ,0.3816847305182113,0.0,0.0,-0.0997463549054543,0.158007175105709,0.3846517021233802,0.0,-0.2217127734342647,-0.2478718084569988,0.0,1,0.14752287758500482
UC5nO_u3qUK8DhwrQxTSh3XA,0.6853010117463043,-0.4,0.0,-0.1670069850385898,0.111995671901172,0.5618280998698297,0.0,-0.2217127734342647,-0.2478718084569988,0.0,1,0.14188579306177124
UC5oM1NWo72GNZTmc3mGyeZQ,-0.2527301596517545,0.0,0.0,0.7666139726320973,1.0963996746719236,2.666148600100728,0.0,-0.2217127734342647,-0.2478718084569988,0.25,1,0.033443539648036646
UC5pj2AEdQKnjU55Cg-wVtjQ,-0.2119739376666718,3.4,0.0,0.1301570444977247,-0.2604099321605491,-0.4089357182467017,0.0,-0.2217127734342647,-0.2478718084569988,0.0,1,0.11164523986998937
UC5q2dZ2RmyK1pKk-iJA3lZA,0.5048950433507237,-0.4,0.0,-0.2379609312670046,-0.3482404430473675,-0.4421658271759854,0.0,-0.2217127734342647,-0.2478718084569988,0.25,1,0.14471518241540893
UC5s2tx8kT-IBf3mCnCtJkow,-0.1085327557033731,-0.4,0.0,-0.0839622280274536,-0.0914236054241492,0.0169186998717217,0.0,-0.2217127734342647,-0.2478718084569988,0.25,1,0.1470749178670186
UC5vB70VlaMSe2DFFT69DrZg,3.3043406437833647,0.8,0.0,-0.2805039796756119,-0.3680430014839613,-0.4008726438922529,0.0,-0.2217127734342647,-0.2478718084569988,0.0,1,0.1222277840017782
UC5vvZ1pVezgHVTYtsyvDV_A,0.1286943909257067,-0.4,0.0,0.3980310464258533,-0.1702485753877113,-0.1071961042962479,0.0,-0.2217127734342647,-0.2478718084569988,0.25,1,0.1469772816157109
UC5w7gOfUIINxlBYz9jfpyJg,10.437776536777172,1.2,0.0,-0.2954568767697146,-0.3287460956370242,-0.3823094345201054,0.0,-0.2217127734342647,-0.2478718084569988,0.0,1,0.07669303365749486
UC5whgfTi1uxBF4wuRv7fTrg,-0.2080122341379999,-0.4,0.0,0.0923309417257714,0.5459567968618576,0.9151999949799688,0.0,-0.2217127734342647,-0.2478718084569988,0.25,1,0.1078336647002216
UC5y0xv-7duPKoKPLjgpSpUA,2.4276234421048724,-0.4,0.0,-0.282744629362389,-0.0219220190046644,0.5100442989902646,0.0,-0.2217127734342647,-0.2478718084569988,0.0,1,0.13534626267918243
UC5y5aLBPYj44j9cLhqLvE9Q,1.2915187083220063,-0.2,0.0,-0.2545792007485059,-0.1267394521820175,-0.1217114256615109,0.0,-0.2217127734342647,-0.2478718084569988,0.0,1,0.1595004590699589
UC5yZPfAo-iPYINF3_afqP7g,0.0816102797072255,1.0,0.0,-0.0453001585382908,-0.1292115614550684,-0.1873727468030781,0.0,-0.2217127734342647,-0.2478718084569988,0.25,1,0.13549285987547977
UC6-0sqmV4X7qGsEL6luxHlA,-0.0838972374008825,-0.4,0.0,0.0433434784347206,-0.0371784648040636,-0.1972910840350474,0.0,-0.2217127734342647,-0.2478718084569988,0.0,1,0.16001768836951752
UC608o8zcADaTKqLJ5RlHkHg,-0.2208299023457081,0.0,0.0,0.1715227001455415,-0.1241159892800044,-0.1793845590414189,0.0,-0.2217127734342647,-0.2478718084569988,0.0,1,0.16199719547427016
UC61VZNNDf53zcGgaohUwtcw,-0.2501311375167904,-0.2,0.0,0.7380840165462572,-0.2192669706876325,-0.2008534378801003,0.0,-0.2217127734342647,-0.2478718084569988,0.25,1,0.14376112828962562
UC61f0Gy1kMxxYDSvhniIrig,-0.2965878376214785,-0.2,0.0,0.4391820015165226,-0.4410504883270454,-0.4781715418213244,0.0,-0.2217127734342647,-0.2478718084569988,0.0,1,0.154852593564145
UC62TjRKnWx07sWvUvMwqEKA,1.4508599229624413,-0.4,0.0,3.2857266217851726,-0.1583824508770675,-0.1806523936319808,0.0,-0.2217127734342647,-0.2478718084569988,0.0,1,0.09172552426398495
UC63DKLqyQwe06Fqb-H5_dpA,-0.2667548809994312,-0.2,0.0,1.6989311132743647,-0.1203825997656012,-0.0108736187891893,0.0,-0.2217127734342647,-0.2478718084569988,0.0,1,0.14163015186155253
UC64MbaEbKlit8DXeUfJgO3Q,0.3047138845822147,0.0,0.0,-0.1819860779071295,-0.225220213426816,-0.4187333703031771,0.0,-0.2217127734342647,-0.2478718084569988,0.25,1,0.14761505292154858
UC64RiOUiMOmEC5nGSx_D9Jg,-0.3437327186704831,1.2,0.0,3.978054952948712,0.6759625785883612,0.6403654980017305,0.0,-0.2217127734342647,-0.2478718084569988,0.0,1,0.00704889769392214
UC64qjU9oXT4NZMZ-24uDtdg,0.1778009456687433,0.4,0.0,-0.1152065933256027,-0.0853021919861188,-0.1628397255133406,0.0,-0.2217127734342647,-0.2478718084569988,0.5,1,0.10610376509888592
UC64rDRGjrrL_8N55q77Fcig,0.3954179897372107,-0.4,0.0,-0.2154457342086411,0.3306713950258925,0.6086905642853726,0.0,-0.2217127734342647,-0.2478718084569988,0.0,1,0.13411749474168155
UC654iHwyqxCSDh6DXx7Zo9Q,0.008176315593636,-0.4,0.0,-0.1578296150643171,3.181084018546958,2.22660640183018,0.0,-0.2217127734342647,-0.2478718084569988,0.0,-1,-0.01883979621559384
UC66GMbg71SH6DoCMc0a2Q0Q,-0.1664892829495504,-0.2,0.0,0.4335929846841138,0.8232568256046394,2.9809784832056865,0.0,-0.2217127734342647,-0.2478718084569988,0.25,1,0.040346479621328424
UC66R1qBWIAPrioMbXmqGJVQ,0.1505789618695419,0.4,0.0,-0.2290307492887862,0.4463190212089919,0.4016750407611166,0.0,0.6913574657089212,0.7154674764909068,0.25,1,0.05468708411314255
UC6775lAYD18Vyr0_xT9VAtg,-0.0770681767144138,-0.4,0.0,0.0503741654194594,-0.1677058344211448,-0.2697954892053886,0.0,-0.2217127734342647,-0.2478718084569988,0.0,1,0.16431636082914014
UC67rYMrvcAISJLafiMBGLUw,1.5116887559611156,-0.2,0.0,-0.272869107653479,-0.2545828174455008,-0.2478487167254029,0.0,-0.2217127734342647,-0.2478718084569988,0.0,1,0.16129659995770246
UC68YlmC5kxu6gU33mPVZwpg,0.1653677193078234,-0.4,0.0,-0.2204311298066633,-0.3202702924151358,-0.5211708976096018,0.0,-0.2217127734342647,-0.2478718084569988,0.0,1,0.14946085075297083
UC68mcOGfZFMzdI2kGX3jwRQ,0.0094686057525247,-0.2,0.0,-0.0755468329792581,-0.2333933093907798,0.0299770201420244,0.0,-0.2217127734342647,-0.2478718084569988,0.25,1,0.14688025379963315
UC6AHdxUHk8nx4h_mB93tH9g,10.213605196851791,-0.2,0.0,-0.2971452048933387,3.580718140458996,6.492396426703909,0.0,-0.2217127734342647,-0.2478718084569988,0.0,-1,-0.09597158172317544
UC6Bz1DB99wSDyFE5IuSQ8uA,0.2390975386902832,-0.2,0.0,-0.1600239945995627,-0.2227985553634193,-0.30380103915938,0.0,-0.2217127734342647,-0.2478718084569988,0.0,1,0.16568913379130606
UC6E7u8mMp3ccAjBIDLox6Dw,3.4363739704481984,-0.2,0.0,-0.2753503963513071,0.0272376396822881,0.3495410665562019,0.0,-0.2217127734342647,-0.2478718084569988,0.25,1,0.11148346571062895
UC6F-JIL3kJpmdYaGhFWxRxw,0.2662554264057469,-0.4,0.0,0.1386713368363866,-0.0685389367250506,0.2292660759113777,0.0,-0.2217127734342647,-0.2478718084569988,0.25,1,0.13982397297093857
UC6HydYNXcAJ-2w02PyQORtQ,-0.3101894036264119,-0.2,0.0,1.148478367016186,-0.2581144021212876,-0.4484124298936031,0.0,-0.2217127734342647,-0.2478718084569988,0.0,1,0.14986811260714672
UC6IPVLzyOcCl870YqCml_Dw,-0.2981812851149879,-0.4,0.0,0.1415730997337341,-0.3990952623786978,-0.5483096074227946,0.0,-0.2217127734342647,-0.2478718084569988,0.25,1,0.1305730997212124
UC6Ie9yG5HNoABD1sz7oM2Bw,-0.2436378743278448,0.0,0.0,0.1984338876594944,0.54426163621748,0.9533386306527089,0.0,-0.2217127734342647,-0.2478718084569988,0.25,1,0.11089403135032072
UC6KbEa3JA_BZixvZ2TB9yqA,-0.2207842035885264,1.0,0.0,0.3946475502156171,-0.3453445436132223,-0.4121229518468355,0.0,-0.2217127734342647,-0.2478718084569988,0.0,1,0.14236823599849696
UC6Ls8FLzq9ClLp0fs8_y8QA,-0.2785961611752438,1.0,0.0,1.259029043161969,0.0071076070303032,-0.3584436279238414,0.0,-0.2217127734342647,-0.2478718084569988,0.0,1,0.12746895694624877
UC6NOihAZ8N4s5daUf6kPCRw,1.4534119839436164,0.4,0.0,-0.2846512080360275,-0.1465163263664238,-0.2341378424654418,0.0,-0.2217127734342647,-0.2478718084569988,0.5,1,0.08720554613629716
UC6OyAAeXclPUfSXxrAMtEmg,-0.2849380334655301,8.0,0.0,0.7383586623748497,-0.2466029388802122,-0.3665603477550553,0.0,1.6044277048521072,2.160476403912765,0.25,-1,-0.09320076266034538
UC6QO4NlE5E9RDRaJaAhkK1g,-0.2443907676643965,-0.2,0.0,2.298887924274544,-0.3040250029065164,-0.424462988336917,0.0,-0.2217127734342647,-0.2478718084569988,0.0,1,0.1365130278394428
UC6RUSSN_Z_YDT30BGtEFt8Q,-0.2440225150977348,3.0,0.0,1.6102695660749118,-0.358218775022227,-0.4456887127173619,0.0,-0.2217127734342647,-0.2478718084569988,0.0,1,0.10050064896293726
UC6RtHzv-6pHC02m4QrNKNEw,0.0791125017801613,0.0,0.0,4.170323882094302,-0.3021078569396607,-0.2352527431583581,0.0,-0.2217127734342647,-0.2478718084569988,0.0,1,0.08190989617305944
UC6S3qNL6FWV9muKRlDPcbfg,5.272459015213825,0.2,0.0,-0.2896281854895448,0.6989450450169431,0.740941309248444,0.0,-0.2217127734342647,-0.2478718084569988,0.0,1,0.08604470390315239
UC6TgaFUM1kdhYINH8ZzE_0Q,0.0843139797688611,-0.4,0.0,-0.1519194987548824,-0.3321364169257795,-0.4206761810916822,0.0,-0.2217127734342647,-0.2478718084569988,0.0,1,0.15963679542763543
UC6UAQzp4bqwdDJmf7FeyZEQ,1.7280943369174666,0.6,0.0,-0.2558853700067404,-0.2524638666400287,-0.3383786030939403,0.0,-0.2217127734342647,-0.2478718084569988,0.0,1,0.14820840242034972
UC6WV3j4sMlUhx1JK5o_fPrw,0.3898158270653763,1.8,0.0,1.5327588969373669,0.1864238189433795,0.5108352687035718,0.0,-0.2217127734342647,-0.2478718084569988,0.0,1,0.0988304989409684
UC6Xqg-0RPyO5ampqEuigqCw,-0.2940408262267323,0.0,0.0,0.5028680599429999,0.0030210590483213,0.0023080721159122,0.0,-0.2217127734342647,-0.2478718084569988,0.5,1,0.09303189492727759
UC6ZCwWBZQm7I2308A2mDpFg,-0.0959965514432128,-0.2,0.0,0.1383972423795134,0.3761582056500269,0.3747164190554688,0.0,-0.2217127734342647,-0.2478718084569988,0.25,1,0.1317122903391999
UC6_JufbI6FsAwTa3EdkHT3Q,-0.3108716027529588,-0.2,0.0,0.7527738858625702,-0.0455130046389205,-0.1882640684041051,0.0,-0.2217127734342647,-0.2478718084569988,0.0,1,0.15718758313101416
UC6_su8-WzjsoowXTUNdCmBQ,-0.2677940858865025,-0.4,0.0,2.9921745492678222,-0.2702630534059943,-0.4191828881374345,0.0,-0.2217127734342647,-0.2478718084569988,0.0,1,0.1200535971108398
UC6_t_QixcXNbYU7vzyF5sFQ,-0.0964348555452428,-0.2,0.0,-0.0351723900244104,-0.3845451335144561,-0.3677857796252981,0.0,-0.2217127734342647,-0.2478718084569988,0.25,1,0.14561854207427216
UC6avWoJ6ZsOxFvkozDYNSdA,5.893388707098112,-0.4,0.0,-0.2973757644034804,-0.2177130734302863,-0.0416883123919724,0.0,-0.2217127734342647,-0.2478718084569988,0.25,1,0.1018796619692251
UC6bYAwpr3B-4UEUW8l99HVQ,4.887393839060775,-0.2,0.0,-0.289798027852496,-0.282129177916638,0.057638055153534,0.0,0.6913574657089212,0.7154674764909068,0.25,1,0.036586941016857666
UC6bnFDmc7SzET3ZCtRoPBLA,-0.3237096712898398,1.8,0.0,2.550318227761565,0.0939845900546592,0.1298850537205524,0.0,-0.2217127734342647,-0.2478718084569988,0.0,1,0.09008559738741817
UC6f1RqNI_0MLcn8E7sf_3HQ,-0.3085818172909016,-0.4,0.0,1.062919564044645,-0.4482549210656505,-0.4074457207301114,0.0,-0.2217127734342647,-0.2478718084569988,0.0,1,0.14905757403403802
UC6fJ8RpEsxuRUrUMD7UBm0A,-0.3252260620944439,0.0,0.0,2.107317115471851,0.0520596348321041,-0.173582507661054,0.0,-0.2217127734342647,-0.2478718084569988,0.0,1,0.13280137305560458
UC6gWyg1Tfm8N8KKjKFh6kCw,-0.1692463571397396,0.4,0.0,-0.0225603852635743,-0.1079043339111544,-0.332444726207511,0.0,-0.2217127734342647,-0.2478718084569988,0.25,1,0.14441484664570348
UC6go1s-xIqdUA7cLRMgGlnA,-0.3507979252084487,1.0,0.0,2.0638857714373784,-0.330158729507339,-0.3793206170856629,0.0,0.6913574657089212,0.7154674764909068,0.25,1,0.03855925371253294
UC6hBEBavyQUBFOmrSFKUb5A,-0.0304615038927868,0.0,0.0,-0.1842749268205187,0.0169455929128523,0.0490503997270066,0.0,-0.2217127734342647,-0.2478718084569988,0.25,1,0.14765860667450798
UC6hzVjMe6SAsO9bKPbduixA,0.7527390464383322,-0.4,0.0,-0.2738840231745564,1.2689428116889374,-0.1470588757228093,0.0,-0.2217127734342647,-0.2478718084569988,0.25,1,0.08420693314836203
UC6i8rwX1tcutmOD6e3YmEDQ,-0.282563520240716,-0.4,0.0,0.3442950874501858,-0.2906049811385264,-0.3413537206710911,0.0,-0.2217127734342647,-0.2478718084569988,0.0,1,0.16098117932013517
UC6iFcNVNzw6BuFBXhhFqehQ,1.127580442007347,0.8,0.0,-0.249080973935469,-0.5067379632966804,-0.4312388300601653,0.0,4.343638422281664,3.605485331334624,0.0,-1,-0.04385980337731421
UC6iTV3pZcOTqDsj2av06aQQ,1.0138000390284476,-0.4,0.0,-0.280105876229568,-0.3940097804455648,-0.3847207830771448,0.0,-0.2217127734342647,-0.2478718084569988,0.0,1,0.1533094585170638
UC6ijYlBqUdwO8o2t6Q6T6Lw,-0.2972417590640234,-0.2,0.0,0.3531835144104683,-0.3160323908041916,-0.3453058509919452,0.0,-0.2217127734342647,-0.2478718084569988,0.25,1,0.15065768710102861
UC6j0zds21gc-vAyK3UoRItQ,2.993171466606883,-0.4,0.0,-0.197284118930902,0.7773462248194107,0.653722014116173,0.0,-0.2217127734342647,-0.2478718084569988,0.0,1,0.1058507665352898
UC6lRPBNqMhMizaFpw50SW0w,0.4356585479561723,-0.4,0.0,3.6930816136884337,-0.3745154330352215,-0.4396126522653822,0.0,-0.2217127734342647,-0.2478718084569988,0.0,1,0.0948006408410052
UC6lV6VuuP288neus2M62TTA,0.892085817663095,5.2,0.0,0.9216510476068972,-0.3807567063167939,-0.1473829162227239,0.0,6.169778900568036,3.605485331334624,0.0,-1,-0.09780153609213493
UC6lgJxQP_5DIKMdNgTwKDKg,-0.0724589142220975,-0.2,0.0,-0.0590259982158445,-0.5017937447505788,-0.5217867131110053,0.0,-0.2217127734342647,-0.2478718084569988,0.0,1,0.14855084522894324
UC6oCXyWQ3euJ17NcyyVVvnQ,-0.1989591336047787,0.4,0.0,0.0520223396971959,-0.0160831323406969,0.0200368000577835,0.0,0.6913574657089212,0.7154674764909068,0.25,1,0.08066696938289214
UC6ovhvd2Vi673O5Ha9BU52Q,-0.2290805226036458,0.6,0.0,0.9177303031157342,-0.1308360904059303,0.1801400225844346,0.0,-0.2217127734342647,-0.2478718084569988,0.0,1,0.14202824256751434
UC6pOSsS5bNbfqTU5761s59Q,0.1269850049277894,-0.4,0.0,-0.206330353788857,0.5942688752266215,1.4389031215714712,0.0,-0.2217127734342647,-0.2478718084569988,0.25,1,0.1009930453203538
UC6qMCsx3sQPw6JPSMZUuzdw,0.862475547802563,-0.2,0.0,-0.2433176170297425,-0.17971322231882,-0.4031518519873017,0.0,-0.2217127734342647,-0.2478718084569988,0.0,1,0.15953954531771158
UC6qtZM95tKqhiUEC3I_Wgvw,0.0680508777489735,0.0,0.0,-0.1309376791032195,-0.3874713036743938,-0.4219644987675386,0.0,-0.2217127734342647,-0.2478718084569988,0.5,1,0.10563878902708523
UC6rDCBjaBOAtuJTBhSUUuRw,0.5015568627542946,0.4,0.0,-0.1694974700858675,-0.3621784305678062,-0.5982215052199363,0.0,-0.2217127734342647,-0.2478718084569988,0.0,1,0.13153215074370755
UC6sBBrdwoOiKozAC0m9tVnw,-0.3226198022189316,2.2,0.0,2.7597049189050646,0.0131113009791408,-0.4263987773304814,0.0,7.995919378854408,4.56882461628253,0.0,-1,-0.11565855471204856
UC6sdQWmyPSfDAExfX2PGAEg,-0.1591211789117948,1.0,0.0,1.1718436302084354,-0.0893046546186772,-0.0224128620409708,0.0,-0.2217127734342647,-0.2478718084569988,0.0,1,0.12927982420173323
UC6uVYJChxOZyHzebID-Fz6g,3.2133786792021093,0.0,0.0,-0.285542917475394,0.7204372603295885,1.6510113213915525,0.0,-0.2217127734342647,-0.2478718084569988,0.0,1,0.08443850948345
UC6vCr4E4rxWGyoPzLxnP4Ig,-0.2229875517838122,3.8,0.0,1.0888892061785451,-0.1556441144515344,-0.2014108570954969,0.0,6.169778900568036,3.605485331334624,0.0,-1,-0.06968116788398704
UC6wUO8f5IM0ZtGfdwUBZXRg,-0.2416478323162082,-0.2,0.0,-0.0581479925786902,0.465154139479855,0.6633274359468936,0.0,-0.2217127734342647,-0.2478718084569988,0.0,1,0.13687399520574411
UC6xhFw_JuChyPaD_UK4vS-Q,0.772001097838354,-0.2,0.0,-0.2018776143822831,-0.1465163263664238,-0.2813408580203499,0.0,-0.2217127734342647,-0.2478718084569988,0.0,1,0.16310777971849083
UC7-JMqy2bn858FObKykUKRw,0.1712911871641299,-0.2,0.0,-0.2061956047464228,-0.3336903141831257,-0.3722565939516007,0.0,-0.2217127734342647,-0.2478718084569988,0.0,1,0.16030753609718523
UC7-VeFEddqp3kYF4qTEmgBQ,1.7998418906513904,-0.4,0.0,-0.2643301642083049,-0.0253123402934198,0.1451971043710795,0.0,-0.2217127734342647,-0.2478718084569988,0.0,1,0.15115961615760914
UC70kw8IOdRbbEfKnYlSI2bQ,0.4809000145908771,-0.4,0.0,-0.1769645689133955,-0.1448211657220461,-0.3293202969455349,0.0,-0.2217127734342647,-0.2478718084569988,0.0,1,0.16260601142019177
UC74FShHozIYkwzmqHf6HLuw,-0.3128156935280922,-0.2,0.0,1.914490977573276,-0.0864793868780477,-0.0772214849182726,0.0,-0.2217127734342647,-0.2478718084569988,0.0,1,0.14105235398821325
UC74WFSxB3jgqjHmxw1TeeMg,-0.3358938183841759,-0.4,0.0,1.1951532661039403,-0.4423218588103286,-0.5597778603190705,0.0,-0.2217127734342647,-0.2478718084569988,0.0,1,0.12181586645768178
UC74tCd0BCk90bxYx8_SRQuw,-0.1998852277558422,-0.4,0.0,3.1678841620709264,-0.1516018082995568,-0.2997572974013523,0.0,-0.2217127734342647,-0.2478718084569988,0.0,1,0.11728824427189444
UC77AmJ-pGTH7kehrRW112kg,0.2437522474604598,0.0,0.0,-0.1991771663241553,-0.3674926246513711,-0.4158057542546721,0.0,-0.2217127734342647,-0.2478718084569988,0.0,1,0.15838676722858774
UC78GS5rpJd7kikd5Rw6MAQg,8.360465350658016,-0.4,0.0,-0.2985747696962478,-0.2346646798740631,-0.4251754834995844,0.0,-0.2217127734342647,-0.2478718084569988,0.0,1,0.11164025605905464
UC79VfI_KYuCToVp7OAOrJZQ,-0.3075001958778274,0.6,0.0,1.0924604014990136,0.0162190954938332,-0.1466462187216698,0.0,-0.2217127734342647,-0.2478718084569988,0.0,1,0.14195978405934379
UC79fBLH9Y4rwOF5yYPZmIFw,-0.1737036270805455,-0.2,0.0,-0.0116011605554631,0.0505460985424812,-0.2899972301034237,0.0,-0.2217127734342647,-0.2478718084569988,0.0,1,0.15633789423525402
UC7As1Gp59jLNWOeUWVyjOrA,-0.0149643231424376,0.0,0.0,-0.135494828116287,-0.3002916133921132,0.0546380169016923,0.0,-0.2217127734342647,-0.2478718084569988,0.25,1,0.14865236882386962
UC7BdIUFT18MPHmSA2WL09pQ,1.220416239254377,0.2,0.0,0.1481680306001652,-0.1369810477417994,-0.1290069867560927,0.0,-0.2217127734342647,-0.2478718084569988,0.25,1,0.13647254780113127
UC7DPOUD6UtFBkmgmEkMMihA,-0.1875541376964246,0.0,0.0,1.23017937024101,-0.3517518472392927,-0.4188066422011529,0.0,-0.2217127734342647,-0.2478718084569988,0.25,1,0.11462423103044567
UC7DUl54uby1kgU8lQrJcrhQ,0.181025779881798,0.6,0.0,-0.176582668481537,0.0984343867461507,0.1656175288021137,0.0,-0.2217127734342647,-0.2478718084569988,0.0,1,0.14499375874821285
UC7F0cTeOtWqr1xfFWAVASiQ,-0.2127119852191225,-0.4,0.0,0.2137741832030649,-0.0388736254484412,0.2317758634672493,0.0,-0.2217127734342647,-0.2478718084569988,0.25,1,0.14153389375000153
UC7GMWBDGjr-4_C3DgYiQbIw,-0.3457768689428541,-0.4,0.0,2.845812736626298,-0.2134751718193421,-0.4070839673331402,0.0,-0.2217127734342647,-0.2478718084569988,0.0,1,0.12262245102898117
UC7HFQmnGGXd8bDBPJ7pmfmQ,-0.088932079037428,-0.4,0.0,0.1320278942691127,-0.1049848905791707,-0.0712048057163608,0.0,-0.2217127734342647,-0.2478718084569988,0.0,1,0.16051882824241465
UC7IYnS66R24-XwUR7gdxYlQ,-0.1139875209473474,-0.4,0.0,4.024129486657535,4.848274512292404,0.9013843512697908,0.0,-0.2217127734342647,-0.2478718084569988,0.0,-1,-0.06605476629869234
UC7Ic8lvjPqqwCNbtpJ_toZg,-0.2235015926199175,0.8,0.0,0.1984711494224133,-0.2462996461150189,-0.2065635119391413,0.0,-0.2217127734342647,-0.2478718084569988,0.0,1,0.1541720795729885
UC7LWv1EMV_oazncor2Bs4hQ,0.0022973850896326,-0.4,0.0,0.0658347923358278,-0.3753630133574103,-0.384286231893646,0.0,-0.2217127734342647,-0.2478718084569988,0.25,1,0.14436391675895605
UC7Lsn0GF30lPeyvmp-SUf4A,4.905661222926029,-0.2,0.0,4.001325891755937,-0.4262178326887407,-0.4882407312447757,0.0,-0.2217127734342647,-0.2478718084569988,0.0,1,0.01581815438183154
UC7Nn2LPIbWPfZBvG9T0atCg,0.0594423428049543,-0.2,0.0,-0.171458013764063,-0.1246205013765454,-0.1762550810072677,0.0,-0.2217127734342647,-0.2478718084569988,0.0,1,0.16519273794465922
UC7Nuq6vWm1wWwmWFvqATaCw,0.0246636192509675,-0.4,0.0,-0.145525823517689,-0.008360733849643,0.2032285343929342,0.0,-0.2217127734342647,-0.2478718084569988,0.0,1,0.1582184456262679
UC7P5m5O6Ei2CacES6tiRGVg,-0.1264452546344024,0.6,0.0,0.0581247997532039,-0.0549776515700292,-0.0746200157032428,0.0,-0.2217127734342647,-0.2478718084569988,0.5,1,0.10020256228203872
UC7RYehfeXhmAy4-tPluPrOw,-0.0333438078264132,-0.2,0.0,0.0632703348569351,0.3662697685578238,0.0798863636786255,0.0,-0.2217127734342647,-0.2478718084569988,0.0,1,0.1512448922641918
UC7RZl2LQ5EipCtuG9NK0lhg,0.0096630148300381,-0.2,0.0,-0.1143321680409225,1.0457466601792096,0.7700359341103779,0.0,-0.2217127734342647,-0.2478718084569988,0.0,1,0.11084973954954352
UC7RwKs1359DW1pf7yWwfylg,-0.2044598500852562,0.6,0.0,0.1983220733648518,-0.1138844839621535,0.0733413637393343,0.0,0.6913574657089212,0.7154674764909068,0.75,-1,-0.008582293877575808
UC7V23X7ASxoDBxXo8kgzlHQ,-0.2708183841905101,-0.4,0.0,0.3551452061129035,-0.3092517482266809,-0.3899674697836599,0.0,-0.2217127734342647,-0.2478718084569988,0.0,1,0.15660256323498278
UC7X7G6T9Qra2Ehf8l61iyeg,-0.3033532735189428,-0.2,0.0,3.210097524851357,28.02140304770933,3.96099397549229,0.0,-0.2217127734342647,-0.2478718084569988,0.0,-1,-0.16749755524008414
UC7bWUQP6sXnrz_EmJkj1iWw,-0.0954636938353012,0.2,0.0,2.59029714040264,-0.2561720305496048,-0.1769297876752059,0.0,-0.2217127734342647,-0.2478718084569988,0.0,1,0.12177041308231151
UC7bY4ZYmRgqEUkT69ro7eeg,0.0564348091278907,0.0,0.0,-0.0460441301314547,-0.0417796151245173,-0.1935438115087817,0.0,-0.2217127734342647,-0.2478718084569988,0.0,1,0.16230803575802083
UC7bnkYpXPdmyu0Aj7SQCgDg,-0.1469105214887068,-0.2,0.0,-0.1380827606676772,-0.1274457691171749,-0.3080645101472199,0.0,-0.2217127734342647,-0.2478718084569988,0.25,1,0.15293025103886299
UC7c8hy8BwXvS7IplJuBXq5Q,-0.3008330249322699,-0.2,0.0,0.9177017065268958,-0.3499356036917452,-0.4934909037271967,0.0,-0.2217127734342647,-0.2478718084569988,0.0,1,0.1492020677564606
UC7dVsiyJVPNLlEfnOQARrTQ,1.8169357506305637,-0.4,0.0,-0.265843868949887,-0.2906049811385264,-0.225813373376849,0.0,-0.2217127734342647,-0.2478718084569988,0.0,1,0.15781823336099887
UC7fY7MYRqJX-Mw5iwr1nlow,-0.2206110027740145,0.2,0.0,3.586120979268338,-0.258290981355077,-0.461964465211939,0.0,-0.2217127734342647,-0.2478718084569988,0.0,1,0.10698258224648177
UC7fYBo-qbr-e9RK25CGqfkw,-0.0215838259921061,-0.2,0.0,-0.0340298353900722,-0.4368125867161012,-0.4529957570327966,0.0,-0.2217127734342647,-0.2478718084569988,0.5,1,0.10157124094816955
UC7fbSuuLNc893O6_Jn0jzoQ,-0.0006866175146721,0.6,0.0,-0.0768936086311955,-0.0024276715943211,-0.4845280222326454,0.0,-0.2217127734342647,-0.2478718084569988,0.25,1,0.13082873450161148
UC7gwNinqwqxbdutEeuDEgAw,3.694774739915832,-0.4,0.0,-0.2842640649264562,-0.0066655732052653,-0.1868170577092703,0.0,-0.2217127734342647,-0.2478718084569988,0.0,1,0.13363626895949532
UC7hV6LtH6GD1_wggLpZlMpg,-0.3010461471830198,2.0,0.0,1.4562049847525755,2.3909895852689265,0.1725392911180248,0.0,1.6044277048521072,3.123815688860671,0.5,-1,-0.1133097797796977
UC7halm3jzebc_q0sQUs1LPw,-0.1578700273451127,1.2,0.0,1.2399027192710923,-0.1667278571263115,-0.251485429658031,0.0,0.6913574657089212,0.7154674764909068,0.0,1,0.06876863938466765
UC7iHaDNj9YoPJ3-xHlMsG_w,0.3626766733155638,-0.4,0.0,1.0363852964120568,-0.3151848104820028,-0.4887939841197338,0.0,-0.2217127734342647,-0.2478718084569988,0.0,1,0.14448678884891242
UC7iTI44nyA4mNGO3yv4SOsg,-0.1493228007364632,0.8,0.0,0.1243503911356828,0.1686294479746991,-0.0167086396192131,0.0,4.343638422281664,2.6421460463867183,0.25,-1,-0.04436953630262663
UC7iUr7ByRqKJeRs1hZEqwpA,-0.0482779596899381,-0.2,0.0,-0.106828692168696,0.4693920410907992,0.2194292327547748,0.0,-0.2217127734342647,-0.2478718084569988,0.25,1,0.1325844119794386
UC7jP5PmYlmh97umGfVnrNww,0.0420003138415073,0.2,0.0,-0.0051095268183813,-0.1994900965032262,-0.2158491294569023,0.0,-0.2217127734342647,-0.2478718084569988,0.25,1,0.15068119047451367
UC7l-ReHmQ-vmmgUIqw1IEqw,2.0610965022072603,2.0,0.0,-0.2700047958737522,-0.2828770429068047,-0.380654095737145,0.0,-0.2217127734342647,-0.2478718084569988,0.0,1,0.12530468647456716
UC7l4tDRQJK6MvfiCoUvbpTQ,-0.1118126135765482,0.2,0.0,0.09328505453506,-0.1645274082129366,-0.1175104088701771,0.0,-0.2217127734342647,-0.2478718084569988,0.25,1,0.14596611830079265
UC7lDXRL5vZt-yRF3BCPu6IA,-0.2966094179592695,2.4,0.0,1.3029505017677212,-0.394545094333263,-0.3374882614673622,0.0,3.430568183138479,5.0504942587564825,0.0,-1,-0.07310054614132555
UC7luQxKQrI-LcB69hiPgy9Q,-0.2661893273193924,-0.2,0.0,0.261520214911156,-0.1104941626733981,0.1241814790923488,0.0,-0.2217127734342647,-0.2478718084569988,0.0,1,0.159127833742707
UC7mUW9Us-WPBl-Tm0mH7cPA,-0.1226507934082562,1.4,0.0,0.0574486155099649,-0.1758789303851086,-0.2673920369558198,0.0,-0.2217127734342647,-0.2478718084569988,0.5,1,0.09301160367828848
UC7nvDbIO9Q7ZwmskhpC0fwQ,0.2061116203020195,-0.2,0.0,-0.1284707157215878,0.1155272565769589,-0.0819270191684947,0.0,-0.2217127734342647,-0.2478718084569988,0.25,1,0.14375321397908492
UC7nydkMEMjHIOHVVvXe3A7Q,0.2218858550277687,0.4,0.0,2.0889740848013485,-0.2227985553634193,-0.3356001668556876,0.0,-0.2217127734342647,-0.2478718084569988,0.0,1,0.13616910805765503
UC7pg904ryeNYNJsVVLR4Sgg,0.6608270618474066,0.8,0.0,-0.0672356556764406,0.0307050137276061,-0.196798079798461,0.0,0.6913574657089212,0.7154674764909068,0.25,1,0.06963878332613271
UC7qqe8CihxjtaXb79-C0WFA,-0.3609372422783945,-0.2,0.0,3.5880917274633943,-0.2280959323770996,0.0194259854262845,0.0,-0.2217127734342647,-0.2478718084569988,0.0,1,0.09784766538487588
UC7rDdDWLKpJ8slc33kA991w,-0.3435040500911981,-0.2,0.0,1.8924288905680335,-0.2948428827494707,-0.1950889268090878,0.0,-0.2217127734342647,-0.2478718084569988,0.0,1,0.14378572444259058
UC7r_jS3XLZu-QFgIUGYwiiw,-0.172690932522226,0.2,0.0,0.2473219210065761,-0.1465163263664238,-0.3473168942565544,0.0,-0.2217127734342647,-0.2478718084569988,0.5,1,0.10183991990122204
UC7ss4YV7qGsx_sPfo3R2caA,-0.3228472019277806,-0.2,0.0,3.963154893886038,0.7603946183756339,0.6134033956433612,0.0,-0.2217127734342647,-0.2478718084569988,0.0,1,0.03213237897895055
UC7uTn5RYQjqF1hUV4txYm5Q,0.6972115722479216,0.6,0.0,0.0219318528596065,-0.0121748452994928,-0.1571294061260393,0.0,-0.2217127734342647,-0.2478718084569988,0.0,1,0.14532042683059815
UC7vr3LZULmd5KuGcisMrMzQ,-0.2673769900474739,0.4,0.0,1.1889859301488472,-0.1823030510810637,-0.3990838854103705,0.0,0.6913574657089212,0.7154674764909068,0.0,1,0.0799225641016656
UC7zVlvrs_Uqc8rd32FCXGtA,-0.3173666332971545,3.4,0.0,1.9946702570759949,-0.2936068281129452,-0.3869187693051071,0.0,-0.2217127734342647,-0.2478718084569988,0.0,1,0.08885752486942394
UC81iGvzVHDDpGrTI63n_DVg,0.0699262941486737,-0.2,0.0,-0.1371696747468972,-0.3040250029065164,-0.4217605742705697,0.0,-0.2217127734342647,-0.2478718084569988,0.0,1,0.16170512750876553
UC82CrDe4dMsfUwPjQN_3k0w,-0.132867116671243,-0.2,0.0,0.0712604573694951,-0.2764786424353792,-0.507509983157289,0.0,-0.2217127734342647,-0.2478718084569988,0.0,1,0.15748488802463212
UC856jQ19ooOGZjUs8v-JlxA,0.2280254115193234,-0.4,0.0,-0.1711525296979365,-0.445712180099084,-0.4751222199906857,0.0,-0.2217127734342647,-0.2478718084569988,0.25,1,0.13711243454786387
UC85nuGLJFY-M0eyEs3LcTBA,18.680799186973857,-0.2,0.0,2.820680331609853,0.0893935299761363,0.1117571560443453,0.0,-0.2217127734342647,-0.2478718084569988,0.0,1,0.0001816788141454917
UC86ElgDU_mispgIMab_SVzw,0.387551844989971,-0.2,0.0,-0.2197967109120086,0.0321818582283896,-0.1381926296016236,0.0,-0.2217127734342647,-0.2478718084569988,0.0,1,0.1590187381189897
UC86S4UCiVamj5iLqsdjX7DQ,-0.1492681733923686,-0.2,0.0,0.933815627807593,-0.0052529393349506,0.2258208844790019,0.0,-0.2217127734342647,-0.2478718084569988,0.0,1,0.14632817300262918
UC86XsdejS2XfwxoYWfepHPQ,4.509225766771324,-0.2,0.0,-0.2843359685881357,-0.1945458779571247,-0.1699356715828779,0.0,-0.2217127734342647,-0.2478718084569988,0.0,1,0.13326418083307773
UC86pnWLjPLu-gHLrUr7Zs3g,-0.1013728461140817,0.0,0.0,-0.1121230154058019,-0.1549921295883122,-0.1937681226128345,0.0,-0.2217127734342647,-0.2478718084569988,0.25,1,0.15157788534493738
UC8717GfKidzurrq1pHO5BOw,0.3253416471278018,-0.4,0.0,3.813092247561495,-0.1193937560563809,-0.1278827522303637,0.0,-0.2217127734342647,-0.2478718084569988,0.0,1,0.08471923248063468
UC87DIrva7SxY68qjqXw2fVQ,-0.1172790433651733,-0.2,0.0,0.7115898116524157,0.1070514533550705,0.2144066827011961,0.0,-0.2217127734342647,-0.2478718084569988,0.25,1,0.1320589616616405
UC87qHreU8T2aEw9Cd2GJ06Q,-0.3167003403678587,1.8,0.0,1.3309726024676265,-0.1597597689006244,-0.3730205199267599,0.0,1.6044277048521072,1.1971371189648596,0.5,-1,-0.02497558574847214
UC88Mayyqdzypt-avzbyapSg,15.99043558805573,1.0,0.0,-0.29734221380595,-0.0836541191374182,-0.0531884750702856,0.0,-0.2217127734342647,-0.2478718084569988,0.0,1,0.059255262131507114
UC895dogyBMHai0816Ko7pKw,0.0573634280721687,1.4,0.0,-0.0616618097823763,0.4032000540246232,0.4951864339533587,0.0,-0.2217127734342647,-0.2478718084569988,0.5,1,0.05351787077571757
UC89z8fybC4G3CAujFCDrTxQ,-0.3203192412454707,0.8,0.0,3.172568042390352,-0.108375211867926,-0.3059894547176605,0.0,2.517497943995293,1.6788067614388125,0.0,-1,-0.013405653767829762
UC8BFlm9kWiVWNScc_NWSRow,-0.2391714141397383,-0.4,0.0,0.3218186602563488,-0.498262160074792,-0.5282982145770576,0.0,-0.2217127734342647,-0.2478718084569988,0.0,1,0.14397495979715347
UC8BnLISTjGRD5L5BTAzz1aA,-0.291013599162596,-0.2,0.0,0.6291246438314316,-0.0038403054646359,-0.0591140164267634,0.0,-0.2217127734342647,-0.2478718084569988,0.5,1,0.09151092526586213
UC8Bo7fR7Ju87SSuBftYPYww,-0.2885428365229264,-0.2,0.0,0.6293913253365114,-0.1853637578000789,-0.1999353735986777,0.0,-0.2217127734342647,-0.2478718084569988,0.0,1,0.16019313776070432
UC8CAwrilPdOe1Tvl6u9Q62Q,-0.1976206565620201,0.4,0.0,-0.023356587027268,-0.4097371042017355,-0.4506161821258095,0.0,0.6913574657089212,0.7154674764909068,0.25,1,0.07141933644177023
UC8CidO3_doF3ay2xSyHNVvA,0.1108836916570844,-0.4,0.0,3.801006153463753,0.6341051503694969,1.100989348637409,0.0,-0.2217127734342647,-0.2478718084569988,0.0,1,0.026295197777565282
UC8DFXsqqMkQmq0YSJtfYYtg,-0.1646583029104248,-0.2,0.0,0.1466347986459623,-0.2319806755204651,-0.2962677831757538,0.0,-0.2217127734342647,-0.2478718084569988,0.0,1,0.16557090142272174
UC8FOOSJ9E15HCQXTxEtWxdw,0.5327118011034326,-0.4,0.0,-0.1894666577296744,-0.1804195392539773,-0.4110696545045164,0.0,-0.2217127734342647,-0.2478718084569988,0.25,1,0.14127570651130344
UC8I4eIk2ttQkhrH2xkiQ7Xg,-0.3245235383825206,0.2,0.0,1.7958511251454596,-0.4288665211955808,-0.5148383391646183,0.0,-0.2217127734342647,-0.2478718084569988,0.0,1,0.13043707645489172
UC8K914ktRiWW6U24xNjUGGA,0.5018992247141754,0.0,0.0,-0.2309506173699463,-0.3075565875823032,-0.3902649056439141,0.0,-0.2217127734342647,-0.2478718084569988,0.0,1,0.15758134442713884
UC8KZbe3eimh8G611QaQtgIA,0.0731414668196943,0.6,0.0,-0.104403732297444,0.8489667620443675,1.174508299154207,0.0,-0.2217127734342647,-0.2478718084569988,0.0,1,0.10788602626335841
UC8Kw2ASMAjH9E7TRyuZ-4bw,17.370166531621788,0.2,0.0,-0.2967453135088924,0.0563732132575295,0.042568854752872,0.0,-0.2217127734342647,-0.2478718084569988,0.0,1,0.06434710556706352
UC8LCYq5dRjj177Rh-maY6CA,-0.0395253095492374,-0.4,0.0,-0.0936720777719119,1.7520635953365755,5.002174007371514,0.0,-0.2217127734342647,-0.2478718084569988,0.25,-1,-0.02906683987094416
UC8LZcoy_lluHGqQqNLUz1eQ,0.1169821276831529,1.0,0.0,-0.0743315129087928,-0.4431694391325175,-0.4910399780295344,0.0,1.6044277048521072,1.1971371189648596,0.5,1,0.0010542942727524984
UC8PE-cPFP6oJSudk6ezf71Q,1.566657038950388,-0.4,0.0,1.1191009499209237,0.3637270275912573,0.8892633916092658,0.0,-0.2217127734342647,-0.2478718084569988,0.0,1,0.09672863270670462
UC8PPzBD52fFX88zt65pwf0Q,12.785806958457307,0.0,0.0,0.1328200610706078,-0.1204835021849095,-0.1554358064895238,0.0,-0.2217127734342647,-0.2478718084569988,0.0,1,0.0900807140130957
UC8PqonHPepD7dJGdotlTzdA,-0.3411084000496588,0.2,0.0,1.887198418661055,-0.2386906864044601,-0.2668675223774471,0.0,-0.2217127734342647,-0.2478718084569988,0.0,1,0.14331988382668204
UC8QE1hwQ7hTPzex_V9ElfVg,-0.3281194751182138,0.0,0.0,0.8283185879947714,0.1374230815668372,0.1223880979758002,0.0,-0.2217127734342647,-0.2478718084569988,0.0,1,0.149367962040803
UC8QLDWJM18dx9WvosvQiH-A,0.2999511146624593,-0.4,0.0,3.1817129709950165,-0.1744864769986555,-0.2425277088758922,0.0,-0.2217127734342647,-0.2478718084569988,0.0,1,0.115058483196397
UC8R9BNF0dOmEbP-2R8T-M2g,-0.1397579579499334,3.2,0.0,3.1142173384616343,-0.3160323908041916,-0.3936895606075514,0.0,0.6913574657089212,0.7154674764909068,0.0,1,0.006489444442234649
UC8RwDfK9sKEveKtSpT0MIJA,0.0767892880559447,-0.4,0.0,3.432548725432213,-0.4643589471872384,-0.4751700416518504,0.0,-0.2217127734342647,-0.2478718084569988,0.0,1,0.0957448318058719
UC8SjIn0tx_Kpf20qfQ4LG9w,0.1006570672377826,0.6,0.0,0.1867137384136725,0.254389166028897,0.5633464897864328,0.0,-0.2217127734342647,-0.2478718084569988,0.0,1,0.13171893959430198
UC8SqVJZAXXm0SXhP_1G7eOQ,-0.2296159496741902,1.2,0.0,0.1618150893796547,-0.1967191608345319,-0.2394821729934116,0.0,-0.2217127734342647,-0.2478718084569988,0.25,1,0.13673296735136314
UC8ULaeJmdcDvGY9Jj5gkdTQ,0.1675938799808762,-0.2,0.0,-0.1999076383141116,-0.2884860303330543,-0.3935359869362574,0.0,-0.2217127734342647,-0.2478718084569988,0.0,1,0.16071602303101318
UC8UuJpP1hlJgHyp2vwxm2nQ,-0.076586446169095,2.8,0.0,0.0015192984717828,-0.2625541085708482,-0.2393104206694469,0.0,-0.2217127734342647,-0.2478718084569988,0.25,1,0.10449689055449402
UC8Vyp3ZbFNthwN0f6m6kO1w,-0.3155466108605795,-0.4,0.0,1.0404096351957877,0.2501512644179528,-0.118825295940867,0.0,-0.2217127734342647,-0.2478718084569988,0.25,1,0.11816528937265036
UC8W1IWY3FwFqQmbdGu5BCww,-0.2240838558405029,-0.2,0.0,0.111733495911845,0.0646724372456286,-0.1314880489121837,0.0,-0.2217127734342647,-0.2478718084569988,0.25,1,0.1476885111118843
UC8Wc7_4BVViYV51vB-EO7DA,1.6775020255274948,-0.2,0.0,-0.2807377531030811,-0.3852514504496135,-0.4249515696273124,0.0,-0.2217127734342647,-0.2478718084569988,0.0,1,0.15349523765813855
UC8XV_bw2TOLvrrgxyoVOCaA,-0.1191605192685881,0.0,0.0,0.0120978767427807,-0.3475139456283485,-0.4205371279245096,0.0,-0.2217127734342647,-0.2478718084569988,0.5,1,0.10064693934370805
UC8Y6T7EuToAWvV6S4DAs65w,-0.1070855809571101,0.8,0.0,0.1021226828838146,-0.1850427046477347,-0.2910670573013422,0.0,-0.2217127734342647,-0.2478718084569988,0.25,1,0.13744147913449972
UC8Y7E0w7LdcsyMerXRZEELQ,-0.1857817328598744,-0.2,0.0,0.1239016822024382,-0.0200855949732553,-0.3259638639830061,0.0,-0.2217127734342647,-0.2478718084569988,0.0,1,0.15866790292137767
UC8ZQT4qBIAXbnHoVVBvmn8Q,2.065379947561113,-0.2,0.0,1.7653891067738354,-0.0342119336764026,0.3962863491185966,0.0,-0.2217127734342647,-0.2478718084569988,0.0,1,0.110192351696696
UC8bgwskNm3PinnLRogsWHuw,0.1375933780811174,-0.4,0.0,-0.1297802402428538,2.7267809658537403,-0.6003272946293761,0.0,-0.2217127734342647,-0.2478718084569988,0.0,1,0.0412362501185673
UC8bzNsH5sNaMgkaNPQDHdyw,0.4761614826859804,0.0,0.0,-0.2173040578066556,-0.0484391747988581,0.0517241503998619,0.0,-0.2217127734342647,-0.2478718084569988,0.0,1,0.15871894318819596
UC8desUWqq_1htmYNBfpvGgA,0.3781283067963243,-0.2,0.0,-0.2312258811915894,0.1798020976762792,0.7572514730215368,0.0,-0.2217127734342647,-0.2478718084569988,0.0,1,0.13875980288940498
UC8eDQ24Vmz9OCxHix6V2i9A,-0.2598379575090994,0.0,0.0,1.2101836460101527,0.2530572540940288,0.1902589211496268,0.0,-0.2217127734342647,-0.2478718084569988,0.0,1,0.13074050821434152
UC8ePMpIpadjvemT0x2KEq1w,4.276063537217523,-0.4,0.0,-0.267975160571433,-0.2304267782631189,-0.2828080466563575,0.0,-0.2217127734342647,-0.2478718084569988,0.0,1,0.1324538030552722
UC8f0rFzClsfWN3UmEPP426Q,0.0132281238405828,0.6,0.0,0.1539689835686958,0.1090291407735111,0.0326931067039497,0.0,-0.2217127734342647,-0.2478718084569988,0.0,1,0.14669828271083024
UC8g4p6UXi7qpIoVAS5ZA75A,-0.3355488306393522,1.6,0.0,2.975718447122744,-0.3835562898052358,-0.4556675100336105,0.0,-0.2217127734342647,-0.2478718084569988,0.0,1,0.09814588744191793
UC8hkAI9yLo-hWYPMLEVOigg,-0.1450043026117903,0.0,0.0,-0.1099540334782268,-0.3923146198011871,-0.4096864681873346,0.0,0.6913574657089212,0.7154674764909068,0.0,1,0.0869643407024846
UC8is_9-Ip2WkeMx-NcN6jJQ,-0.2429592099117982,0.0,0.0,0.2443148462390213,-0.1114022844471719,-0.1177515577239929,0.0,-0.2217127734342647,-0.2478718084569988,0.0,1,0.16109605681211336
UC8jd5Od2Z0JaF9wsB40VaDA,0.414581776185326,0.0,0.0,-0.1902311434374465,6.119523912672493,7.580024552576612,0.0,-0.2217127734342647,-0.2478718084569988,0.25,-1,-0.11710977291756064
UC8jw4cyRm3WhgYZeBcyPiXg,-0.0406281392253131,-0.4,0.0,-0.1625149151388134,-0.3728202723908438,-0.3744162281992633,0.0,-0.2217127734342647,-0.2478718084569988,0.25,1,0.14520368281232304
UC8lj3GnciSgj_CKIPLF0Xnw,-0.355727785943137,-0.4,0.0,2.402557491098752,-0.4728347504091268,-0.4989537088536121,0.0,-0.2217127734342647,-0.2478718084569988,0.0,1,0.11330743855341685
UC8m1iUmSTLZBkqg-ybCkqhw,0.0641222995072754,0.4,0.0,-0.0991902510676462,-0.1394531570148501,-0.0614868910988528,0.0,-0.2217127734342647,-0.2478718084569988,0.0,1,0.15856393903908383
UC8mcpxzInjecz0z2oIoLpFw,0.1764575200312844,0.6,0.0,0.3095089337005067,-0.1655868836156727,-0.3517326338804381,0.0,-0.2217127734342647,-0.2478718084569988,0.25,1,0.13527123501953087
UC8npnXRk3594QNQClrfrPwQ,6.148498661090019,-0.4,0.0,-0.2994363640074282,-0.3448501217586122,-0.4609580760537822,0.0,-0.2217127734342647,-0.2478718084569988,0.0,1,0.11715832918232261
UC8oxq9NB0rXBfT9_8zxDLXw,0.246817346422813,0.4,0.0,4.426531434884509,-0.5354615186597466,-0.545637547643355,0.0,-0.2217127734342647,-0.2478718084569988,0.0,1,0.04861229377306148
UC8p5pTvsPgNTSDTFm6qAcOQ,-0.3321691888440825,6.0,0.0,3.765960032968125,-0.0184629749870829,-0.0922139348172164,0.0,0.6913574657089212,0.7154674764909068,0.0,-1,-0.05528508802267118
UC8pf1GjbgLFCggSV66hEQHQ,0.1745241217554143,1.8,0.0,-0.0875947892636713,2.4748906888532445,4.247032320873491,0.0,-0.2217127734342647,-0.2478718084569988,0.5,-1,-0.10727828362073177
UC8q7vqg4A8G-mTJF2Iw5rPQ,-0.004561367165038,-0.4,0.0,0.349233903734188,-0.2490735453512733,-0.4638516694806775,0.0,-0.2217127734342647,-0.2478718084569988,0.0,1,0.15809188340099162
UC8rF1hiZtJUfQDH3gTbBaBw,-0.0273436367522514,1.0,0.0,-0.0551087268388932,-0.0776504251885806,-0.2878642101866219,0.0,-0.2217127734342647,-0.2478718084569988,0.25,1,0.1332007953291589
UC8scW9SpxWDXHLrNtQwT_SQ,-0.1699264354399863,-0.4,0.0,0.4945041412670103,-0.3889242985124318,-0.3324753516219402,0.0,-0.2217127734342647,-0.2478718084569988,0.0,1,0.1572306548960456
UC8tmn5A9Gf3IqLfuD00Pbtg,0.7147550474027256,-0.4,0.0,-0.2618131110550122,0.0925013244908288,0.044316720982121,0.0,-0.2217127734342647,-0.2478718084569988,0.0,1,0.15014402391106085
UC8vaB5oqxQUV2sTFN4-zkJQ,0.0826300436865455,-0.2,0.0,-0.0102818160761666,2.969753991547875,4.424746877669353,0.0,-0.2217127734342647,-0.2478718084569988,0.5,-1,-0.07518532510046294
UC8xUTZbTcnm6fV9RFkUMq_Q,4.846783550123489,-0.2,0.0,-0.298326898342209,0.08303667755972,-0.027687686878329,0.0,-0.2217127734342647,-0.2478718084569988,0.25,1,0.10592683976425349
UC8xwzIXxCNxDFWOYh01QzDA,0.8843496958821024,1.2,0.0,-0.222760072663483,-0.0953355146034823,-0.1814911683704984,0.0,-0.2217127734342647,-0.2478718084569988,0.0,1,0.1355837728077569
UC8yxWXFOE5cxvazDaB2YovA,7.5541992994368865,-0.4,0.0,-0.2894137791180293,-0.0575203925365957,0.0646938702011441,0.0,-0.2217127734342647,-0.2478718084569988,0.0,1,0.12411630472030383
UC8zCmHaOvKTnA32rXL-Qa0w,-0.3294315358931442,2.0,0.0,2.1321915876291957,-0.3412105121398012,-0.4552430742378842,0.0,1.6044277048521072,2.6421460463867183,0.0,1,0.0026940096981903916
UC8zP6_lbEir3iJ9XF-smz-A,0.5334904473307719,0.0,0.0,-0.12986778949495,-0.2694154730838055,-0.2527571998103503,0.0,-0.2217127734342647,-0.2478718084569988,0.0,1,0.15971358048189394
UC8zm9Jr-MzctGPVwbUSG1Sw,2.246954491248073,-0.4,0.0,-0.2664051464087222,-0.3499356036917452,-0.2738654102882102,0.0,-0.2217127734342647,-0.2478718084569988,0.0,1,0.15206581500742206
UC9-b9sdsE6uRm63AQqEIS0w,0.0124996200064828,1.8,0.0,0.0509001874622094,-0.345697702080801,-0.2895538690861456,0.0,-0.2217127734342647,-0.2478718084569988,0.25,1,0.12668328604587598
UC90ew9zUWFd7lOSgL0_SrHA,-0.1976922933614917,-0.4,0.0,-0.1253591887265563,-0.1549921295883122,0.0232548720255793,0.0,-0.2217127734342647,-0.2478718084569988,0.5,1,0.10764490987435338
UC90zSMndNMgIZ8uNdEr4rdA,0.1829330086760003,0.0,0.0,3.3781023476923786,-0.0720503409169758,-0.0683431559576555,0.0,-0.2217127734342647,-0.2478718084569988,0.0,1,0.0982277564686424
UC91WqQFsNFl1YB4PMamGOhQ,-0.2137493722550794,0.0,0.0,-0.0704838090598876,-0.1810249537698265,-0.3712866518091576,0.0,-0.2217127734342647,-0.2478718084569988,0.0,1,0.16129714124187627
UC92OdpEh1sy-OuAd6geyGXg,0.1391458229328239,0.6,0.0,-0.1340246178320046,0.6294434585974584,1.6412743054301189,0.0,-0.2217127734342647,-0.2478718084569988,0.25,1,0.07432947356828051
UC93AYYx8O7_wKGtIpeBEXJA,-0.118818763259079,-0.4,0.0,0.0551267545041606,0.918044558302758,1.3652952067448172,0.0,-0.2217127734342647,-0.2478718084569988,0.25,1,0.08442256131557169
UC94Fn4BR2rx72m1q4IfKBGA,-0.2014652433494506,-0.2,0.0,0.4884415787586313,0.0837429944948774,0.0818158744032212,0.0,-0.2217127734342647,-0.2478718084569988,0.0,1,0.15244778871127385
UC95d7DIbyJ32qYidbI0fyyA,-0.2821860131592902,-0.4,0.0,0.4112363535679548,-0.2066945292418314,-0.4358693210287692,0.0,-0.2217127734342647,-0.2478718084569988,0.25,1,0.14404480052779922
UC95v2Sac_BAmAWGAgUt0Rzw,3.39151354560542,-0.4,0.0,-0.2883261213483107,-0.1346502018557801,0.340286194547423,0.0,-0.2217127734342647,-0.2478718084569988,0.0,1,0.13322615985971564
UC97Qh3rU4YJVVPi0zL9Z8pA,0.1276587207491356,-0.2,0.0,0.1960397089154072,-0.2340996263259372,-0.3225450157470515,0.0,-0.2217127734342647,-0.2478718084569988,0.0,1,0.1652892935509323
UC98I2SkFcD73Lx8b-8ZjQxA,-0.2878097919453377,1.2,0.0,2.3023757477479503,-0.1996530927190317,0.0816735711333769,0.0,-0.2217127734342647,-0.2478718084569988,0.0,1,0.11371597316778431
UC98i0C-1jDfCO3zIUJfdBdA,0.6429129654108524,0.0,0.0,-0.2325982150526661,-0.3130053182249457,-0.2760484230702051,0.0,-0.2217127734342647,-0.2478718084569988,0.0,1,0.15960756576160146
UC99jvrjs_qCb8Ko2lkDTWfA,-0.0344492082010345,0.8,0.0,0.0219831296411321,-0.3572556155651942,-0.3553780576443432,0.0,-0.2217127734342647,-0.2478718084569988,0.25,1,0.13526809194143113
UC9A2XqHl8WszXfOvwmygTYw,-0.2950467038433728,0.0,0.0,1.315719606856087,0.0223943235554948,-0.0410180294507663,0.0,-0.2217127734342647,-0.2478718084569988,0.0,1,0.14013469473824575
UC9AgkxjklF7AgCPfJHs8n3A,-0.2522029828285754,0.0,0.0,0.2447928918239625,-0.0236171796490421,-0.0682913593561684,0.0,-0.2217127734342647,-0.2478718084569988,0.0,1,0.15760394518485565
UC9D-ZwQzXEEvm5AuEgFnI4g,0.2557371883701751,3.4,0.0,-0.1265083871439059,-0.0377435183521894,-0.019886243066384,0.0,-0.2217127734342647,-0.2478718084569988,0.0,1,0.1008036974751993
UC9DV_i9rRNOXHO1WN3k4kWw,-0.2475058575323959,2.8,0.0,0.2987377106274888,1.4638862857923702,2.049141090451516,0.0,1.6044277048521072,3.123815688860671,0.0,-1,-0.09931343843845442
UC9FoTn18uusGNabUFB1dvSQ,-0.0182859410953799,0.4,0.0,0.2477299961771316,-0.2006672913951551,-0.0447509639835421,0.0,-0.2217127734342647,-0.2478718084569988,0.0,1,0.15701375386176508
UC9J-LCaHVtR858a3JBScWXA,-0.1516818757053914,1.4,0.0,0.0619329436898343,-0.3487247746600469,-0.4316782523194458,0.0,-0.2217127734342647,-0.2478718084569988,0.75,1,0.01967987456255582
UC9JPyIBPSi_EIMgDqisVwRg,1.4817126435638086,0.2,0.0,-0.2658457879960407,-0.4023796361271796,-0.4804666329578065,0.0,-0.2217127734342647,-0.2478718084569988,0.0,1,0.1477454497514285
UC9LES9No7l5T94n8CuZFozw,-0.1740880268474469,0.2,0.0,0.0564118094478237,0.0113455086412474,-0.3470522595675414,0.0,-0.2217127734342647,-0.2478718084569988,0.25,1,0.1395055852014282
UC9MLHh7O4f3pROQfkmWMU2Q,1.5572971255457455,-0.2,0.0,-0.23731229446107,-0.1408657908851649,-0.2153166540681023,0.0,-0.2217127734342647,-0.2478718084569988,0.0,1,0.16034099051971878
UC9MN_c4EADW5XHtolTlY1Kg,-0.2864467531962826,0.2,0.0,0.9046392355822268,2.308817919474369,3.280749652094002,0.0,-0.2217127734342647,-0.2478718084569988,0.0,-1,-0.01850173794358556
UC9Mdofy_wqa6XxhIc28n8vA,0.5888061418663536,1.4,0.0,-0.1213511755190324,-0.3732440625519382,-0.4209977290835216,0.0,-0.2217127734342647,-0.2478718084569988,0.5,1,0.06357431529271368
UC9ORV__cLL7-lAkdwbEgNmA,0.5764686893280355,-0.4,0.0,-0.2534853552962935,-0.2177130734302863,-0.1162049812606477,0.0,-0.2217127734342647,-0.2478718084569988,0.25,1,0.14738996983630426
UC9OoK579TBNaJQK-6L_ITkw,-0.0219963772033487,0.0,0.0,-0.0788937901442164,-0.1598354457151055,-0.296426892608307,0.0,-0.2217127734342647,-0.2478718084569988,0.25,1,0.15345679123561318
UC9RU0W6038nJJYKDiglcw_g,0.2238346587502358,0.2,0.0,4.098165251281653,0.0007507546138869,-0.0563964920816565,0.0,-0.2217127734342647,-0.2478718084569988,0.0,1,0.06228452046246863
UC9UFhr7c23xG9SHgLYJcpdA,-0.1015043373446908,-0.4,0.0,2.3904735500377283,-0.1007469889682265,-0.1477770315929435,0.0,-0.2217127734342647,-0.2478718084569988,0.0,1,0.12081088197963535
UC9UIMfirtcsVUmOu1e-cqog,0.9944962780445228,-0.4,0.0,0.266393898097721,-0.2846719188832046,-0.3682725502273073,0.0,-0.2217127734342647,-0.2478718084569988,0.0,1,0.15122665188569195
UC9UZbofP6B9j7zCFYYWJdhQ,0.0616197244731037,0.4,0.0,0.2750282055173694,-0.0702340973694283,-0.3035454304258509,0.0,1.6044277048521072,1.1971371189648596,0.0,1,0.05166367762633145
UC9VNqwPcpmfUq7baC6e_Xww,0.3847417501422781,0.0,0.0,-0.2019654338971178,0.4746389668948254,1.3049601619221594,0.0,-0.2217127734342647,-0.2478718084569988,0.0,1,0.12215467667803348
UC9VToXRWBZTC6ZzGuH_Q13g,7.111252001693689,-0.4,0.0,0.5916965185748955,-0.3796009149683546,-0.484614214483067,0.0,-0.2217127734342647,-0.2478718084569988,0.0,1,0.09529050249823218
UC9Z2iRoiuBRGlEGKSp5aX0A,-0.2761819539035781,-0.2,0.0,0.5785942395911886,0.4531467515821797,0.9052156760399394,0.0,-0.2217127734342647,-0.2478718084569988,0.0,1,0.12854201954495398
UC9ZAL-3woZTbhmSMphqV2tw,-0.3073220464686151,-0.4,0.0,1.1365145020797522,1.0078880724547747,2.45387884150802,0.0,-0.2217127734342647,-0.2478718084569988,0.0,1,0.042751030222676956
UC9_19pECBe7OK-LPTt7kfCw,0.6497983794818678,-0.4,0.0,-0.2219304947590882,-0.0109034748162095,-0.0683351182234169,0.0,-0.2217127734342647,-0.2478718084569988,0.0,1,0.15815797251291897
UC9_QFb4LYFe2WoUV5-FAkeQ,13.405296079077225,-0.4,0.0,-0.2992967403607861,-0.4050283246340197,-0.4971973466752256,0.0,-0.2217127734342647,-0.2478718084569988,0.0,1,0.07953345672265855
UC9_nhEkB8_81m5eqZr7duTA,6.193311485164728,2.2,0.0,-0.2915222638111414,-0.1606426650695711,-0.0814789627814344,0.0,-0.2217127734342647,-0.2478718084569988,0.0,1,0.09084460256348187
UC9bHnZhPsz7lELQdOlI8HUA,-0.3324277822593666,0.0,0.0,0.9042309489658354,-0.3874713036743938,-0.4877653021305039,0.0,-0.2217127734342647,-0.2478718084569988,0.0,1,0.14949055106428888
UC9brqiMi5bCnRPE6d7ZCUag,-0.1797458612096601,-0.4,0.0,-0.0821095513146551,0.7866696083634879,0.6053999851215465,0.0,-0.2217127734342647,-0.2478718084569988,0.75,1,0.011967372137357657
UC9csDDQDexOZEFPkAwb2tvA,-0.0147837499317395,-0.4,0.0,-0.0821285629594139,-0.1626203524880117,-0.1209268647280036,0.0,-0.2217127734342647,-0.2478718084569988,0.25,1,0.15110166113557993
UC9dVgbM0sGBpiCR14hyKU9A,-0.3206026607601265,-0.2,0.0,3.6242641275597873,-0.3351029480534405,-0.2943226895860987,0.0,-0.2217127734342647,-0.2478718084569988,0.0,1,0.11007722421391214
UC9eRRf9gEynV4wzE3z5SJwQ,0.5900759108697693,0.6,0.0,-0.0506991993161689,-0.2906049811385264,-0.2950967698363043,0.0,-0.2217127734342647,-0.2478718084569988,0.25,1,0.13599299649191698
UC9ecbVMjWhlD19KCDkZQLcg,0.5829584178064808,-0.4,0.0,-0.263409373837855,-0.0117510551383983,0.2070289047250884,0.0,-0.2217127734342647,-0.2478718084569988,0.0,1,0.15212296455929858
UC9fyQcu11s2Lvo0n5aR7JXg,1.1781343857215254,-0.4,0.0,-0.2334446699027056,-0.3177275514485693,-0.5380122928110254,0.0,-0.2217127734342647,-0.2478718084569988,0.25,1,0.13496494980336743
UC9hntnMFZcvNFpyAaJDrdow,0.8825774464174424,-0.2,0.0,-0.2018997135290204,-0.3125008061284047,-0.3248895568958518,0.0,-0.2217127734342647,-0.2478718084569988,0.0,1,0.1602275421608516
UC9i9VL5oQ5Y89P9gf95w2rw,-0.2103045443932715,0.0,0.0,0.6933734415765751,-0.1156401860581161,-0.3271735094213702,0.0,-0.2217127734342647,-0.2478718084569988,0.0,1,0.16036462063335327
UC9jV35h-F5yHW5-WYhGRsJQ,1.706546741707988,-0.2,0.0,-0.2739099438359379,-0.3294524125721815,-0.4743965102250178,0.0,-0.2217127734342647,-0.2478718084569988,0.0,1,0.1550063203614087
UC9k2_CYulDFOXmgtlc3Zp4g,-0.3115976322897086,-0.4,0.0,0.2742767468664549,-0.22957919794093,-0.3105328742115481,0.0,-0.2217127734342647,-0.2478718084569988,0.0,1,0.16277722625680285
UC9ktLYdqdHILeW8x5X1OmzA,1.38606003908955,4.0,0.0,4.698966123064652,-0.3339257531615116,-0.4233339915833898,0.0,-0.2217127734342647,-0.2478718084569988,0.0,-1,-0.015149246613397671
UC9lbZcM5g5kkddI0aMkCe8Q,-0.0226619126946801,-0.2,0.0,4.104156727909757,-0.3591177238487909,-0.4738904656871729,0.0,-0.2217127734342647,-0.2478718084569988,0.0,1,0.08092909211969379
UC9ltqPiwSyLlyyl1Dy3RGnw,12.282269774145254,-0.2,0.0,-0.2955388431599129,1.936412315412648,1.1714833388473564,0.0,-0.2217127734342647,-0.2478718084569988,0.0,1,0.007692579399553812
UC9m1oHRQfWrWc0hnNtX0Jew,-0.3136940690874025,0.2,0.0,0.8234456544803875,0.1617910158297663,0.7712370104675742,0.0,-0.2217127734342647,-0.2478718084569988,0.0,1,0.12616267025407846
UC9m2PWKzAW9agOCbCNXgiQw,-0.3389053917303826,-0.4,0.0,0.6696491505547723,-0.2592445092175394,-0.1539436470309177,0.0,-0.2217127734342647,-0.2478718084569988,0.0,1,0.15699627886716144
UC9mqNHYybS_Ym0BO8jmqesQ,0.523594899045682,0.2,0.0,-0.1969759430475615,-0.4124446524531721,-0.4673513559671214,0.0,-0.2217127734342647,-0.2478718084569988,0.25,1,0.1367234269209347
UC9n0ucXLFsUad9ZVILZD2CQ,2.622488025978012,2.2,0.0,-0.2837655895160193,-0.147458082279967,-0.1834735915141004,0.0,-0.2217127734342647,-0.2478718084569988,0.25,1,0.08400602609316316
UC9oSL-zMWiaNxQ28JIG_K0g,-0.1363806189084842,0.4,0.0,0.327919971406888,-0.3028478080145874,-0.3621356097351931,0.0,-0.2217127734342647,-0.2478718084569988,0.0,1,0.15578194482898566
UC9ocoJzAYQ3kjZbxr1Ia6Mw,0.7175751404315477,0.0,0.0,-0.2484230797646645,-0.0617582941475399,0.1070205016360325,0.0,-0.2217127734342647,-0.2478718084569988,0.5,1,0.08941033135165827
UC9pGMK4ugyFM6FiDDJORUPw,-0.1200962076338666,-0.2,0.0,0.0518654021643179,-0.3154269762883425,-0.5024299237472751,0.0,-0.2217127734342647,-0.2478718084569988,0.0,1,0.1547520159524135
UC9rDURdPGVcvZuYLrLGKkzA,0.2317962406809821,-0.4,0.0,-0.14291307069787,-0.2363598405184407,-0.0746858129415783,0.0,-0.2217127734342647,-0.2478718084569988,0.0,1,0.1614700953615371
UC9rNmcNlmTLBeKe2vqx98Lg,-0.3301803123315838,-0.4,0.0,1.5469136615813226,-0.2287316176187412,-0.2163269100017875,0.0,-0.2217127734342647,-0.2478718084569988,0.0,1,0.1414501936254547
UC9s8UzFLCBKVmwrYnkOEiJg,-0.1450170948974102,0.4,0.0,0.1063837524337626,-0.3419306784266284,-0.4015196952946741,0.0,-0.2217127734342647,-0.2478718084569988,0.25,1,0.138056049455206
UC9uVdOMCsWvOTElzE3e--QQ,0.4847493143256413,-0.2,0.0,-0.2152780092866378,0.3620318669468796,0.3768288792756226,0.0,-0.2217127734342647,-0.2478718084569988,0.0,1,0.14769189427253193
UC9uZJd0lkwJuLBOyKdPg0eQ,0.1645151471351649,-0.2,0.0,-0.1118676217476452,-0.2489322819642419,-0.4319286440233349,0.0,-0.2217127734342647,-0.2478718084569988,0.25,1,0.14936848361101318
UC9ubK2iKe1SuvfzbeUF-2Ew,2.7778906305317097,-0.4,0.0,-0.2299651171531344,-0.3465452824029899,-0.341839607459688,0.0,-0.2217127734342647,-0.2478718084569988,0.0,1,0.14051948800301567
UC9v36oRzfmPVEIvo9-w3L2w,0.0819241115037827,0.0,0.0,-0.0690879722919854,-0.3771792569049579,-0.4556767064180897,0.0,-0.2217127734342647,-0.2478718084569988,0.75,1,0.04128011661326547
UC9wSfcbymWt3iZgaQeFRQ8w,-0.1103142497954953,-0.4,0.0,3.9954019752913537,0.0289328003266658,-0.0600057777643793,0.0,-0.2217127734342647,-0.2478718084569988,0.0,1,0.07226264697191775
UC9ymYmlkc3DCNFg58tPQiJg,-0.2916618650683405,-0.4,0.0,3.292835270985269,-0.3634968888467666,-0.4116292927942471,0.0,-0.2217127734342647,-0.2478718084569988,0.0,1,0.11307214481567884
UCA1uGM0bo9ul-OkN-do7TPw,-0.2648915836071605,0.0,0.0,0.4818418029630473,0.4419465830389701,-0.5123797439117088,0.0,-0.2217127734342647,-0.2478718084569988,0.25,1,0.11609561343513208
UCA1uZ6yNk0MDlmlL02SE90A,-0.232171689313352,2.0,0.0,0.7442620023347228,-0.2816306012565269,-0.0217020471488953,0.0,-0.2217127734342647,-0.2478718084569988,0.0,1,0.13444580174649923
UCA2vr_mab5x_tl56R3fNPKg,-0.1785115403029754,-0.4,0.0,0.05564488151956,0.1416609831777814,-0.3427444002735046,0.0,-0.2217127734342647,-0.2478718084569988,0.25,1,0.12952357608570858
UCA34qLHakUMd_oVLWwlwZVg,-0.3571197549381326,-0.2,0.0,2.4173093163215325,0.0922187977167658,-0.1464839967557605,0.0,-0.2217127734342647,-0.2478718084569988,0.0,1,0.11434681807777591
UCA4oIm81v91S8vJ6Wnyynwg,-0.0235264018913109,0.0,0.0,-0.0932367005579291,-0.4425640246166683,-0.5327355313376572,0.0,1.6044277048521072,1.1971371189648596,0.5,1,0.006759404413808234
UCA4soPNWJ336GKa8NGo8J2Q,-0.285986533889151,-0.4,0.0,2.822158930157478,-0.4126565475337193,-0.4902345781464822,0.0,-0.2217127734342647,-0.2478718084569988,0.0,1,0.11774164195097103
UCA6r22NbJ88uc672iZlFFeg,0.6987857555692046,0.2,0.0,-0.2703151837077389,0.7699298970002584,0.5812196240251939,0.0,1.6044277048521072,1.1971371189648596,0.5,-1,-0.028814106385774862
UCA6ra5i-3ju5OfeTSPd7hhQ,-0.3195676975256555,-0.4,0.0,0.768037790459736,-0.3872291378680541,-0.4447865556714842,0.0,-0.2217127734342647,-0.2478718084569988,0.0,1,0.15335383021647064
UCA8yb5OtZppnmuwBqUnAPJQ,4.378374318762844,0.2,0.0,-0.2844645588556963,-0.3155026531028236,0.0065388725409619,0.0,1.6044277048521072,2.160476403912765,0.0,-1,-0.011870118172761623
UCA9sCaTAliLuZ5_pKugL8sg,-0.2576183612984042,-0.4,0.0,3.4213437677861487,-0.4821581339532041,-0.4566575069320208,0.0,-0.2217127734342647,-0.2478718084569988,0.0,1,0.10321736065587622
UCAAyZD0j8WFRCmqW0VWZkqg,0.4166050444756647,-0.4,0.0,-0.2686542347625389,-0.3660396298133331,-0.4823598517371488,0.0,-0.2217127734342647,-0.2478718084569988,0.0,1,0.1544864981877449
UCAD-wJutlrwvaU-SIP045lw,-0.079479859192865,0.0,0.0,2.686837057294362,-0.1489379844298205,-0.342631911004747,0.0,-0.2217127734342647,-0.2478718084569988,0.0,1,0.12717239625490323
UCADrB9XMjnNB7o0Per-ePPQ,-0.2425859444829726,-0.4,0.0,0.151452536401538,-0.4067234852783974,-0.4400353572474322,0.0,-0.2217127734342647,-0.2478718084569988,0.0,1,0.15969440715752775
UCAEXuCLh5JIM4ResNk-543g,3.5073639178982368,0.4,0.0,-0.2941009550882293,0.2584387164571325,-0.0456735967724492,0.0,-0.2217127734342647,-0.2478718084569988,0.0,1,0.11824285876943863
UCAF2SpNe25TsaNSMo-_avkQ,-0.3179410237534439,-0.2,0.0,1.2530928898058935,0.1451925678535683,0.108642620894235,0.0,-0.2217127734342647,-0.2478718084569988,0.0,1,0.13619943638674908
UCAFB0tUYdwlKJ8p2CE1U_Ww,0.1000844441367433,-0.2,0.0,-0.1996770189222557,0.1981663379903707,0.2648400706537674,0.0,-0.2217127734342647,-0.2478718084569988,0.5,1,0.0965736818274584
UCAFbj6B1ugyUfqar0q0Sl2A,1.3831949598562978,0.2,0.0,-0.1895333762419603,-0.3949633083080273,-0.4614298269853678,0.0,-0.2217127734342647,-0.2478718084569988,0.0,1,0.14846964538361923
UCAG2KSvHOq3wM5UhUnOd9Hg,-0.2310684437889822,-0.2,0.0,-0.0453318256048387,-0.2793039101760086,-0.3963763992995949,0.0,-0.2217127734342647,-0.2478718084569988,0.0,1,0.16215793648058519
UCAHiK8RpEGPmJNwHYdW1Cvg,-0.2327226883030957,-0.2,0.0,0.0909601876410485,-0.3054376367768311,-0.3433804275423766,0.0,-0.2217127734342647,-0.2478718084569988,0.0,1,0.16315501575780772
UCAKggySl9ZdokP_q1GGvNSg,0.1477472246715932,10.0,0.0,0.0881010509795043,-0.3465155427425622,-0.4012391136844744,0.0,-0.2217127734342647,-0.2478718084569988,0.0,-1,-0.021390494461228315
UCAMo_qgoQJcEJQY3nmHMGkw,3.2326933472927206,0.4,0.0,-0.2805058589465606,1.190306192908084,2.662842764507906,0.0,-0.2217127734342647,-0.2478718084569988,0.0,1,0.012198068179431476
UCAN4m_N1N376qwO2n3ZgAXw,3.5069833474010443,-0.2,0.0,-0.2548517211511207,0.5421426854120079,-0.3143869899375827,0.0,-0.2217127734342647,-0.2478718084569988,0.0,1,0.11198600629473499
UCAOK9QQdvqTXPJEbZTAlJmw,0.2440858988837505,0.2,0.0,-0.0909295177024311,-0.4378720621188373,-0.5318902958595113,0.0,-0.2217127734342647,-0.2478718084569988,0.5,1,0.08896141830849014
UCAOQYZXcweb0brCj9A-uldw,3.9411159860821936,0.0,0.0,-0.2824893606006516,-0.1380405231445354,-0.0113985686608942,0.0,-0.2217127734342647,-0.2478718084569988,0.0,1,0.1310680977344526
UCASIifKs6WvO2WwQe8luAAg,16.210576651068735,-0.4,0.0,-0.2992162241842269,0.5976591965153769,0.5017284942321852,0.0,-0.2217127734342647,-0.2478718084569988,0.0,1,0.04728467624203175
UCAUJoWMicKCLyzfv6jlccwg,0.1964547912153568,0.0,0.0,-0.2528828867251057,-0.1501488134615188,-0.2516789865069762,0.0,-0.2217127734342647,-0.2478718084569988,0.0,1,0.16375909123565147
UCAUOD5xx6muOmpc5VqOZfTg,-0.3224672205490045,1.0,0.0,1.5668421135067323,-0.3103818553229326,-0.423700980501009,0.0,-0.2217127734342647,-0.2478718084569988,0.0,1,0.12884107250152405
UCAUcshGYx9HNwVflYIXGCbw,2.596971422171494,-0.4,0.0,-0.2919786668510967,-0.3567162462692559,-0.5227496012317722,0.0,-0.2217127734342647,-0.2478718084569988,0.0,1,0.12806350952354995
UCAWm_L1YvjANZ-VXJaAE_DA,-0.2578940687174231,-0.4,0.0,3.1180475097920723,-0.1422784247554796,-0.088445015763988,0.0,-0.2217127734342647,-0.2478718084569988,0.0,1,0.11290385982713358
UCAX07OUOngQNbmkLcqUHc6Q,-0.2631525060410412,0.0,0.0,0.3188236684324961,-0.406239153665718,-0.5048176645004971,0.0,-0.2217127734342647,-0.2478718084569988,0.0,1,0.15192506277953532
UCAXVhnopwiAQpShjhUQ-Pdg,-0.2451097277801458,-0.4,0.0,0.2451788889358525,-0.4372363768771956,-0.4148181235063877,0.0,-0.2217127734342647,-0.2478718084569988,0.25,1,0.13539803649656795
UCAXh7cKLaTmfV7LU2DOrPxg,-0.2229925943078825,0.8,0.0,1.4709256764479015,-0.3564850879995681,-0.4428900714250483,0.0,-0.2217127734342647,-0.2478718084569988,0.0,1,0.1349087276693512
UCAYM0tS4Ev0MMGKGjde2hQw,0.2673285645136206,-0.4,0.0,-0.1404955880888352,-0.1838098605427327,-0.3716595072752731,0.0,-0.2217127734342647,-0.2478718084569988,0.25,1,0.14659419668803125
UCAaU7tz-UfP7GQMGNnG5_8A,0.968541605783342,-0.4,0.0,-0.2668899826433135,0.6273245077919863,0.3791765238256534,0.0,-0.2217127734342647,-0.2478718084569988,0.0,1,0.1298041918739607
UCAbgxASDzupy65LJeDTYeaQ,1.0376084350738817,-0.4,0.0,-0.2516346970385687,-0.0015800912721324,-0.0784384972311911,0.0,-0.2217127734342647,-0.2478718084569988,0.25,1,0.14704225711229763
UCAePXvgwY5JRt16MtP5zrqg,-0.3193867203480431,-0.2,0.0,1.4626508330872587,-0.0836541191374182,-0.3566564302050358,0.0,-0.2217127734342647,-0.2478718084569988,0.0,1,0.1437960663695
UCAgO97nOYvuhhcLmtPc2aEQ,-0.1780651879370371,1.2,0.0,0.0153883409498207,-0.1853094257281438,-0.1420542521910042,0.0,-0.2217127734342647,-0.2478718084569988,0.5,1,0.09421119231625463
UCAjhTOmMT99N1YzDr-gKBNQ,0.0292833091392595,0.2,0.0,-0.147053616539143,-0.2487557027304525,-0.3445727834664178,0.0,-0.2217127734342647,-0.2478718084569988,0.25,1,0.14868228061501243
UCAk5oi5nMMyk5R_wgamFfkQ,3.6997035402373695,-0.4,0.0,-0.2928742548705168,-0.0676913564028618,-0.16968846922882,0.0,-0.2217127734342647,-0.2478718084569988,0.25,1,0.11395637829771843
UCAmMfDSFgTLcXjotPHIPFWw,-0.0242808101037913,-0.2,0.0,2.9458049985241908,-0.2114974844009014,-0.1434515438995019,0.0,-0.2217127734342647,-0.2478718084569988,0.0,1,0.11978642195867911
UCAm_4xDZcBHa28RHeqKABgA,0.0390496082101147,3.6,0.0,0.1263187159205228,0.3594891259803131,0.7294637117219452,0.0,-0.2217127734342647,-0.2478718084569988,0.25,1,0.03455644122507934
UCAnnj_4dqYKB_0xsIJ2vthw,-0.0891321436517417,-0.2,0.0,-0.1334331813006672,-0.3520545544972173,-0.4638516694806775,0.0,-0.2217127734342647,-0.2478718084569988,0.25,1,0.14515582014517503
UCAodV6aIILldl3P4zjSfSYg,-0.170232813270115,1.2,0.0,1.6910653591568132,-0.3701471344516329,-0.4413404624019981,0.0,-0.2217127734342647,-0.2478718084569988,0.0,1,0.12116277829790878
UCAopgKsa2GvA1Mf3pikD7lA,-0.05071787394706,0.8,0.0,-0.092283739780206,0.462970978043914,0.5257701926833194,0.0,-0.2217127734342647,-0.2478718084569988,0.0,1,0.12816716387810084
UCAqYgMES6ZG1CPK_kfgd_-Q,0.2899662644413741,-0.4,0.0,0.2018131004407682,-0.3372218988589126,-0.4009545162295891,0.0,-0.2217127734342647,-0.2478718084569988,0.5,1,0.09423576170492082
UCAs49XS_oOqCeo99NEuRHVg,0.3296766160852993,-0.4,0.0,-0.2147783916063444,0.2891399592386395,0.9072051227865422,0.0,-0.2217127734342647,-0.2478718084569988,0.25,1,0.11557028106582506
UCAuJXo3BE6qsgOQAq_ApOpQ,4.759294415656056,0.0,0.0,-0.2895586727257511,0.0484271477370091,-0.0159109776764781,0.0,-0.2217127734342647,-0.2478718084569988,0.0,1,0.1252643905476276
UCAug43P3rkpaJRBGBDq-pZg,-0.335582322021342,1.8,0.0,3.506568473299425,-0.4590615701735582,-0.4752604213463515,0.0,-0.2217127734342647,-0.2478718084569988,0.0,1,0.07936384422752824
UCAvjFYm4h-TLEvucfjiFDFA,3.128260325563054,-0.2,0.0,-0.2794900329035043,-0.1973711456977541,-0.2367848453395513,0.0,-0.2217127734342647,-0.2478718084569988,0.0,1,0.1481734698208207
UCAw4Rw8UT5JAIw76fPdQYmA,9.172114059028916,-0.4,0.0,-0.2979447948252606,0.1789545173540904,0.0483867584058841,0.0,-0.2217127734342647,-0.2478718084569988,0.0,1,0.10626385848813497
UCAw4WFG-uhugjVTM_IREEgQ,1.7148518974993578,-0.4,0.0,-0.2682273053592052,0.0653787541807859,-0.2254405901421813,0.0,-0.2217127734342647,-0.2478718084569988,0.0,1,0.14715998373741312
UCAwtL6d46-7kj-wIG0jtHKQ,-0.290687080280136,1.8,0.0,1.2600989167512815,-0.4018498984258116,-0.4911872543923281,0.0,-0.2217127734342647,-0.2478718084569988,0.25,1,0.09435835976982476
UCAwvA7OVxnoYCN0qPvp-y1Q,-0.1460597724825168,2.4,0.0,0.1158684969867292,-0.2187837012056827,-0.0794711338611976,0.0,-0.2217127734342647,-0.2478718084569988,0.0,1,0.1285191527501094
UCAzKg4xGAnkj7dyEmoVeOMQ,-0.2841498983132249,-0.4,0.0,0.2852701762751575,-0.0431115270593854,-0.187817177405391,0.0,-0.2217127734342647,-0.2478718084569988,0.25,1,0.14665408689828258
UCAzmxb-aGdxEuuXQHtOJtPQ,-0.175474517041167,0.6,0.0,1.5267916764677851,-0.4317271047829681,-0.4569154601522774,0.0,0.6913574657089212,0.7154674764909068,0.0,1,0.06913727337111408
UCAzn6BC99RNT4cdzNxQPXig,0.6096518445622128,-0.2,0.0,-0.1605413006969649,0.6113617450574297,0.6287826776088024,0.0,-0.2217127734342647,-0.2478718084569988,0.0,1,0.13041276112908168
UCB-E7le4rWSJKHbF4vqC0Gg,0.2596527639268188,0.2,0.0,-0.0412167031981428,0.5087692102258223,0.0004724779809416,0.0,-0.2217127734342647,-0.2478718084569988,0.25,1,0.12320792829298594
UCB-MBnk6XuVC87HSSnkofPg,-0.2251265954380744,-0.2,0.0,0.525507007962962,-0.3711251117464662,-0.53868842495428,0.0,-0.2217127734342647,-0.2478718084569988,0.0,1,0.14793384714010444
UCB-r_XzE_9LeQOelD__d9nA,-0.1773790190586977,-0.4,0.0,-0.0789124472893108,4.680453608499014,7.239758293160158,0.0,-0.2217127734342647,-0.2478718084569988,0.0,-1,-0.11246924627704269
UCB0zSUXPYQfGT55Pow_GEEQ,0.1659954838926665,-0.4,0.0,-0.1600777903437981,-0.2550066076065952,-0.439228211428024,0.0,-0.2217127734342647,-0.2478718084569988,0.0,1,0.16149954912099868
UCB2BZSYssUrn-MAT_u1gIuw,-0.2992070581021582,-0.2,0.0,1.1987732496363182,0.0109923501736687,-0.1112239878846375,0.0,-0.2217127734342647,-0.2478718084569988,0.25,1,0.1241518177494782
UCB5g27rz7ngDx8K0vhv5Bvw,-0.1868124544417451,-0.4,0.0,-0.0426151821938163,1.107902550473058,3.4854400696467573,0.0,-0.2217127734342647,-0.2478718084569988,0.25,1,0.025447080418207646
UCB5uwyuPUUGipThwdy18A5w,1.646453128493364,-0.2,0.0,-0.2454671051222786,-0.2475196480939271,-0.3466106915776757,0.0,-0.2217127734342647,-0.2478718084569988,0.0,1,0.1590153623187588
UCB5yKRjHzgCH4oTqHsFncqg,0.2144818147665939,-0.4,0.0,-0.1493288200666598,0.111995671901172,-0.0322908453845505,0.0,-0.2217127734342647,-0.2478718084569988,0.0,1,0.15343489712797564
UCB6YOHE115rfDo5PoGfXoOQ,-0.0881843362790338,1.4,0.0,0.1042796025402279,0.0066535461434163,0.21478781849394,0.0,-0.2217127734342647,-0.2478718084569988,0.5,1,0.071234687478753
UCB9DWxQyF_zrNfSVq_roYsA,0.1463093682243441,0.0,0.0,-0.0043752950522922,-0.4631481181555402,-0.5160656409159291,0.0,-0.2217127734342647,-0.2478718084569988,0.25,1,0.13648040972507786
UCB9EBkeTe_kngYVXitoPblw,-0.1467186075009584,5.4,0.0,4.425006537372646,-0.3561678119431337,-0.3884207115494435,0.0,1.6044277048521072,1.1971371189648596,0.0,-1,-0.07520779656884569
UCB9oDZDawozevm3LzDcbY0w,0.264667634449038,-0.2,0.0,-0.2180845459480123,-0.0356245675467173,-0.1429320930948179,0.0,-0.2217127734342647,-0.2478718084569988,0.0,1,0.16274849780003353
UCBAEMW6blRkY2UE3vsBM0nQ,4.2533167662229046,0.0,0.0,-0.2818396771852113,-0.0454121022196123,0.321925014328055,0.0,-0.2217127734342647,-0.2478718084569988,0.0,1,0.12454754238499238
UCBAcgAjmTzxICt7ZbfcW0Rw,-0.3040177990929884,0.0,0.0,0.5224731684360211,-0.2324851876170061,0.2285627301972489,0.0,-0.2217127734342647,-0.2478718084569988,0.0,1,0.14834426933032646
UCBAg5RJVtoIySvpvAaMdO-w,1.633706962429489,-0.2,0.0,-0.276485140955571,0.5534437563745258,1.3527325000954489,0.0,-0.2217127734342647,-0.2478718084569988,0.0,1,0.11000659279159664
UCBBvZ9jWvpU4An_-1FgOyng,-0.1280826896363592,4.0,0.0,0.0639820326876735,-0.2526208259589526,-0.2228333580637477,0.0,-0.2217127734342647,-0.2478718084569988,0.25,1,0.06529182143199963
UCBCuZiu_Df1iF_S1jCf-Fig,0.177679418955354,0.0,0.0,-0.076985377079968,-0.1870790989283182,-0.2690245006850718,0.0,-0.2217127734342647,-0.2478718084569988,0.0,1,0.16384657352216153
UCBJiCKGqeqaIxxDDKSKsF0A,-0.0752513355172891,-0.2,0.0,-0.0859132343640859,-0.1486352771718959,-0.0593930718874561,0.0,-0.2217127734342647,-0.2478718084569988,0.25,1,0.1530018026320623
UCBK1sUZO_YGojC9dsH2Etnw,-0.0455633020257518,1.8,0.0,1.598137472334645,2.6973805234278148,2.961576844110445,0.0,0.6913574657089212,0.7154674764909068,0.0,-1,-0.09551481934652717
UCBLU7CKnkpa1021wvqZnnFA,-0.1271875438394533,-0.4,0.0,-0.0699238363283304,-0.0693865170472394,-0.259441027940754,0.0,-0.2217127734342647,-0.2478718084569988,0.25,1,0.14891176967046377
UCBLeYZcUhw8B_aOfQrfDw3w,-0.2348458710769081,0.4,0.0,0.4602629121136216,-0.0692923414558851,0.0269222989526131,0.0,-0.2217127734342647,-0.2478718084569988,0.25,1,0.14066535973576477
UCBMgDSiu14js6H6zq5T14EA,2.14561716897452,-0.4,0.0,-0.2823309203055518,0.1145384128677385,1.0738622964217743,0.0,-0.2217127734342647,-0.2478718084569988,0.0,1,0.117036162580343
UCBN-K0VQVfgfj64c0gY1xxg,-0.2524504125635924,2.8,0.0,0.2766762087135342,0.1386339105985355,0.4663564356417658,0.0,1.6044277048521072,2.160476403912765,0.25,-1,-0.017464600978646994
UCBQBN3o-auWYncjheyKZ26w,1.1920088313770774,-0.4,0.0,-0.2855198278440471,0.0111336135607001,-0.276800317435964,0.0,-0.2217127734342647,-0.2478718084569988,0.5,1,0.08904501595317099
UCBQBSTBtYk7WKUlEilNUhBg,-0.2962697136764567,-0.2,0.0,2.1125992774292097,-0.1323899876632765,-0.1529493734147712,0.0,-0.2217127734342647,-0.2478718084569988,0.25,1,0.10162348725495257
UCBQLSyQg_J-IZyenXuOyBJw,-0.0892141489353473,0.6,0.0,-0.1728662718617498,-0.2202558143968528,-0.3406022644742685,0.0,-0.2217127734342647,-0.2478718084569988,0.5,1,0.10400971849061125
UCBQnPTcvyxcqXvEER1N4APQ,1.3923948013711431,0.0,0.0,-0.2709668859065614,0.8990345425050941,-0.1187173606039007,0.0,-0.2217127734342647,-0.2478718084569988,0.0,1,0.11508139430277481
UCBSF7r-SK47FbphYpCaI18A,1.850605988971674,-0.4,0.0,-0.2646630583814106,0.8392195883391961,1.5428234665050145,0.0,-0.2217127734342647,-0.2478718084569988,0.0,1,0.08892053279130352
UCBUG52TcRk2our-apB6kT0A,1.2342069122710733,-0.2,0.0,-0.2279836922813117,0.1268283275394767,-0.095162942739465,0.0,-0.2217127734342647,-0.2478718084569988,0.25,1,0.13807621532267117
UCBVBp9C490z4OF5Hb8Hi2iA,0.564381039830356,0.2,0.0,-0.1534548032981571,0.177153409169439,-0.0028867161615555,0.0,-0.2217127734342647,-0.2478718084569988,0.0,1,0.14279481492865265
UCBVgvALLbRbZq5ZHcF0j-kQ,-0.0654460485896162,-0.2,0.0,0.1229542401238595,-0.3704187948113088,-0.4598930846175277,0.0,-0.2217127734342647,-0.2478718084569988,0.0,1,0.15919813039696468
UCBWiEHfYf4rUVN0k8WKx6Bw,2.5148784777454605,-0.4,0.0,-0.2815333225834303,0.0679214951473524,-0.0517592510950928,0.0,-0.2217127734342647,-0.2478718084569988,0.0,1,0.14132027648715673
UCB_-7iKYhryvuCwVOZjLjyQ,-0.1447474865867054,2.0,0.0,0.2493268529074854,-0.452642395674628,-0.5230030748750752,0.0,-0.2217127734342647,-0.2478718084569988,0.0,1,0.12799995425008331
UCBcVvd4jvx7aC9smT59ZOuQ,-0.2753556473489445,3.8,0.0,0.5833351140326436,-0.3072305951506921,-0.3902490252723071,0.0,1.6044277048521072,2.160476403912765,0.25,-1,-0.00900064416495272
UCBdj2yDh80KDz4gbaNDFDHg,0.5814844435278798,0.6,0.0,-0.0389311395580942,0.7175918121050975,1.793614368447458,0.0,-0.2217127734342647,-0.2478718084569988,0.25,1,0.05378660751130393
UCBe-0vSHIhA8Wx6xqQ-Y0LA,0.1571417410316589,0.4,0.0,-0.078508802734763,-0.3475812139078873,-0.3156930284357515,0.0,1.6044277048521072,1.1971371189648596,0.25,1,0.046465370806431816
UCBffLFQD8katUYew-7dSgUA,0.1433493006597124,-0.4,0.0,0.0908956469749996,-0.3524783446583117,-0.4970426710008246,0.0,-0.2217127734342647,-0.2478718084569988,0.0,1,0.1529230880551486
UCBfjfZ5KxviN8jrMFN_k9_A,0.4887788842959177,-0.2,0.0,-0.1889310013190794,0.2158242613693048,-0.3541362855710016,0.0,-0.2217127734342647,-0.2478718084569988,0.5,1,0.09118654632401668
UCBgAncleUdGK-ofhWudgsQQ,-0.0597374911317245,-0.2,0.0,-0.1576115566989197,-0.345697702080801,-0.3039087298313427,0.0,-0.2217127734342647,-0.2478718084569988,0.75,1,0.056394481175359445
UCBgN2ztjU7ZFIFgXoWvcRLA,-0.1342305050070509,0.0,0.0,2.283873167792666,0.1876724863823184,-0.3183379085051526,0.0,-0.2217127734342647,-0.2478718084569988,0.0,1,0.11475499812053147
UCBgpP40ca9NXdbyZj3lNF9g,-0.1301595284280572,-0.2,0.0,0.1654270869965604,-0.0377435183521894,-0.3166312688907435,0.0,-0.2217127734342647,-0.2478718084569988,0.0,1,0.1607608310967687
UCBhVMNGLRn_VA0IPYatqf3A,-0.0282507568441203,9.2,0.0,0.7929855252685258,0.4831718846936806,0.5430186460740558,0.0,-0.2217127734342647,-0.2478718084569988,0.0,-1,-0.04017801413658029
UCBhqJ2KqpMvHCaD-a-q4b4w,0.6298583706078994,-0.4,0.0,-0.2520172979127673,-0.1973711456977541,-0.4281862552484571,0.0,-0.2217127734342647,-0.2478718084569988,0.0,1,0.15921957681477872
UCBi9CFPF4ZiOKMBv-Kd6q5A,0.908493943805221,0.4,0.0,-0.2608274401122007,-0.4271595886022839,-0.5158788379317633,0.0,-0.2217127734342647,-0.2478718084569988,0.25,1,0.12665490384093303
UCBiGW-Vgukkw_n7M4PiYSJQ,-0.0265416109397464,-0.4,0.0,0.8702192411593112,-0.3278985153148354,-0.3047446628588222,0.0,-0.2217127734342647,-0.2478718084569988,0.0,1,0.15606297911869665
UCBjEQQUGgIH3QOxOCjovWkA,0.2290130096330911,-0.2,0.0,-0.0967186195663865,-0.1931332440868099,-0.1659421887399781,0.0,-0.2217127734342647,-0.2478718084569988,0.0,1,0.16490248118590584
UCBkCTVdl87z6FidwHr06s7Q,8.98258005423751,-0.4,0.0,-0.2978563294457996,-0.1473639066886126,0.0044167821714562,0.0,-0.2217127734342647,-0.2478718084569988,0.0,1,0.11156274377937792
UCBlZ7uzSxgc4i6x27ccsaeQ,0.0005031660397095,-0.4,0.0,-0.0705629526981501,0.0984343867461507,0.1300107474667771,0.0,-0.2217127734342647,-0.2478718084569988,0.0,1,0.15418283833459895
UCBmZMAj3-h5yYDye2l4dnCg,-0.3110295771222388,1.2,0.0,1.5262670816230683,-0.1628159479469784,-0.2949858752899587,0.0,-0.2217127734342647,-0.2478718084569988,0.25,1,0.11290702791724033
UCBokKzzfSbawYpd8cLyuWgw,12.042357661420189,0.6,0.0,-0.2973145455306686,0.0920775343297344,-0.5807876566573499,0.0,1.6044277048521072,3.605485331334624,0.0,-1,-0.07791473856285291
UCBpWlER5Lxm1d6kEmaZhbdQ,0.367749689825512,-0.4,0.0,-0.1760054107611176,-0.4236750917221742,-0.3936518147875925,0.0,-0.2217127734342647,-0.2478718084569988,0.0,1,0.15458110789519475
UCBqRJ1dhDNbgTVkDTGfZ7Gw,20.881952288196054,0.0,0.0,4.544922890193386,0.175564196065335,-0.6003272946293761,0.0,-0.2217127734342647,-0.2478718084569988,0.0,-1,-0.08748423583368714
UCBqc0wjS8LZXPza__W3R-ag,0.1465262984573304,0.6,0.0,-0.1343537017370372,1.8575873454490857,7.471731527498624,0.0,-0.2217127734342647,-0.2478718084569988,0.0,-1,-0.05671566779251214
UCBroBYphdsNaMkT71hpL4iA,1.4116935632645031,0.2,0.0,-0.2873777415389628,-0.3202702924151358,-0.4523258848879083,0.0,1.6044277048521072,1.1971371189648596,0.25,1,0.02406010147029769
UCBshpJ-bCV2i-OQhIRVzyqA,0.8453852225338901,-0.2,0.0,-0.2164799810313301,-0.2129101182712162,-0.3083400203806111,0.0,-0.2217127734342647,-0.2478718084569988,0.0,1,0.16272234299694927
UCBta2_DUdjgqjacWO89bUYA,1.6589935744061244,-0.4,0.0,3.6275234458878254,-0.1600776115214452,0.0556668351023545,0.0,-0.2217127734342647,-0.2478718084569988,0.0,1,0.07304301167767424
UCBuI2GcON8MkVlQOej1r_XQ,-0.3444301442422617,1.4,0.0,1.9035395931730332,-0.3284433883790996,-0.3582493116065783,0.0,-0.2217127734342647,-0.2478718084569988,0.0,1,0.1255597270154361
UCBv9abEQU1fwOwLyZ0ipgsA,0.0483694779552813,3.2,0.0,-0.0439754249793896,0.5284155693243843,0.5388920293440067,0.0,4.343638422281664,8.422181756074153,0.25,-1,-0.13145608000116993
UCBzAJvJ-QqHnb4w1jyx-WTw,-0.1439714097077551,1.0,0.0,0.1706964414716345,-0.2881328718654757,-0.3320813636631461,0.0,-0.2217127734342647,-0.2478718084569988,0.0,1,0.14807702037290982
UCC-b5VmHTdLq5BmTNRduU1w,4.674718892558109,0.0,0.0,-0.2858548376754615,0.7192264312978903,0.6445667885711549,0.0,-0.2217127734342647,-0.2478718084569988,0.0,1,0.09669407758347542
UCC-jP_LIL00yt4pRQVMY9aQ,-0.0341002358734651,-0.4,0.0,-0.14025794819433,-0.1753340573208443,-0.3827950697118596,0.0,-0.2217127734342647,-0.2478718084569988,0.5,1,0.11352743052831638
UCC0PYKwfZleV0nLKHznCw9g,0.06346060170163,1.6,0.0,-0.2277694457318283,0.0932596858317345,0.1303310041480167,0.0,0.6913574657089212,1.6788067614388125,0.25,1,0.017335394814795846
UCC1SXvUwgrkw4P5e8JmUjdA,-0.0958304200497014,1.6,0.0,0.1805867223014745,-0.1962410386015023,-0.2250836237496993,0.0,-0.2217127734342647,-0.2478718084569988,0.0,1,0.14509300916040768
UCC1nRgVTJTyobWW7XFhn6fQ,0.2132093189865066,-0.2,0.0,-0.17308003282198,-0.4184483464020097,-0.4737642707004825,0.0,-0.2217127734342647,-0.2478718084569988,0.25,1,0.14365741972504337
UCC2feCWJxxUxYUqKjJqEcJQ,-0.1173550396409285,1.0,0.0,-0.0318915532413177,-0.346757177483537,-0.4212369703737602,0.0,-0.2217127734342647,-0.2478718084569988,0.0,1,0.1444080412914373
UCC2yhPH4Q9J9K4xr0bI3Cnw,8.473993889446907,2.2,0.0,-0.2844373250325374,0.169913660584076,0.732571355497023,0.0,-0.2217127734342647,-0.2478718084569988,0.0,1,0.04506792019532657
UCC319UDOXCc5Y0l5qzXapEQ,0.0839025394666328,-0.2,0.0,-0.1267007452263124,-0.4219799310777965,-0.3799606837896308,0.0,-0.2217127734342647,-0.2478718084569988,0.5,1,0.10761195322272898
UCC3MP7vnV0f1ejlx885GftQ,-0.2420437198922354,-0.2,0.0,1.4837552066838378,0.0145239348494555,0.1046525056754922,0.0,-0.2217127734342647,-0.2478718084569988,0.0,1,0.14158258034274585
UCC5PdCc2rfvk2cH_DWusvcw,-0.2855750935869227,0.6,0.0,0.8208064750810207,-0.3423073807920456,-0.3246731066385992,0.0,-0.2217127734342647,-0.2478718084569988,0.0,1,0.15191944092813497
UCC5V9ZwcDLOivazam0bwIeA,-0.0819545605099491,-0.4,0.0,-0.079983775193839,-0.3592589872358224,-0.3922661363056398,0.0,-0.2217127734342647,-0.2478718084569988,0.25,1,0.14521392192098137
UCC6Edg-EbQdSB-_i99mjpsQ,14.07008296462999,0.8,0.0,-0.2950356740328222,0.1489809950512304,0.3525491926811082,0.0,-0.2217127734342647,-0.2478718084569988,0.0,1,0.06054201358656308
UCC8F4FUnUk0zwRpONNzZJXw,-0.2358629251115112,-0.4,0.0,0.4610963875621955,-0.2990807843604148,-0.4912726105622099,0.0,-0.2217127734342647,-0.2478718084569988,0.25,1,0.14038780233486947
UCC8RTTIuqXlptNwsgyLiT5g,-0.0262626044575939,2.2,0.0,-0.0856618047906484,-0.1811258561891348,0.0177548683628817,0.0,0.6913574657089212,0.7154674764909068,0.0,1,0.07384351841307396
UCC8mTNqaDb7Wpxghc_p-nBg,-0.2364588773018521,1.8,0.0,0.3345363645061283,-0.3043781613740951,-0.3418499006478322,0.0,-0.2217127734342647,-0.2478718084569988,0.0,1,0.14135667569142274
UCC9G_M1MWEgRTWYdCQoo5-g,1.2460022412103828,-0.2,0.0,-0.2788220546610553,-0.2715344238892775,-0.3195986331274653,0.0,-0.2217127734342647,-0.2478718084569988,0.5,1,0.09761398660603549
UCC9JgWuu3LFV98968d-f32Q,-0.0792031418565603,-0.2,0.0,1.5941956345225103,-0.3132071230635622,-0.4697140195965695,0.0,-0.2217127734342647,-0.2478718084569988,0.0,1,0.13929054556436204
UCC9d7a0W2GBfTAKiD8Q-Uyg,-0.0397755670526546,-0.4,0.0,-0.0984913638420112,-0.0659961957584841,0.0601323292392743,0.0,-0.2217127734342647,-0.2478718084569988,0.75,1,0.04628996316779549
UCCC6_3Ij68phq8gxXN7ePrA,6.211709653318491,0.4,0.0,-0.2900792546925301,-0.3183867805880495,-0.2376956229888671,0.0,-0.2217127734342647,-0.2478718084569988,0.5,1,0.03652143680348202
UCCD_usbJs1Lm4kceySQEhTA,-0.1860913734996956,-0.4,0.0,0.0315226208057849,-0.2956904630716595,-0.445429341870451,0.0,-0.2217127734342647,-0.2478718084569988,0.0,1,0.16065624472022244
UCCEHhMeUlHapVFHAds5AtvA,-0.2041127415141324,-0.2,0.0,0.0523087715935497,-0.3181513416096637,-0.4532126204991561,0.0,-0.2217127734342647,-0.2478718084569988,0.25,1,0.14620368959682206
UCCG6eFnrFvSOhEKU5-TzJWQ,-0.3291665573601142,-0.4,0.0,0.8120312219165381,-0.0761671596247502,-0.2833363861695893,0.0,-0.2217127734342647,-0.2478718084569988,0.0,1,0.15634081330847133
UCCHRRXAPC15Lfle1PlFm6yg,-0.098809676042763,0.0,0.0,0.1507461928412127,-0.4346936359106291,-0.4284762993287591,0.0,-0.2217127734342647,-0.2478718084569988,0.25,1,0.1396235075680073
UCCIf2S5ZIjWmsP1D5kgZ9ww,-0.23470010634866,0.0,0.0,1.0832061052180584,-0.1513596424932171,-0.4303666621779414,0.0,-0.2217127734342647,-0.2478718084569988,0.0,1,0.1532456731455874
UCCJ5h_r49dHmnokZRhXv0bw,2.533367841430129,-0.4,0.0,-0.2579159569293499,1.007040492132586,-0.4479621164785641,0.0,-0.2217127734342647,-0.2478718084569988,0.0,1,0.08806864174052242
UCCJINsHPps35nZbNn193BhA,-0.0080969774097715,5.2,0.0,0.4049730443095843,-0.1852995471696101,-0.0921002200208137,0.0,-0.2217127734342647,-0.2478718084569988,0.25,1,0.03605041699390854
UCCJTGKOCXzYTkL4vn0qBBTA,-0.2162704822417902,2.0,0.0,0.5121366973852408,-0.2390022968170295,-0.2722250332852008,0.0,-0.2217127734342647,-0.2478718084569988,0.0,1,0.139471527246799
UCCOSgdLk0JMCCAovByT4hTg,2.7947639245756672,-0.2,0.0,-0.2756635871601223,-0.251051232769714,-0.3179001881471625,0.0,-0.2217127734342647,-0.2478718084569988,0.25,1,0.1259049893189832
UCCPj7JOSc-yTbsUa-uCfYhA,-0.3234103611265128,4.8,0.0,3.1984739246189084,-0.2824025909237957,-0.4214298405201439,0.0,-0.2217127734342647,-0.2478718084569988,0.0,1,0.035871437790099714
UCCQ4sRhpha3v83HTRoIh5BA,1.712026956867564,-0.4,0.0,-0.2567706993339056,0.2450657824848198,-0.1400559671130868,0.0,-0.2217127734342647,-0.2478718084569988,0.0,1,0.13619432892634387
UCCQa32HMX1VMIPRnmcDfqDQ,-0.1289181381003721,-0.4,0.0,-0.0667350198941738,-0.0066655732052653,-0.1668849307316672,0.0,-0.2217127734342647,-0.2478718084569988,0.25,1,0.14674014271191188
UCCQnnXtf6yJch3FZOdIX9nQ,-0.3459101780245776,0.0,0.0,2.244802231093291,-0.1447000828188763,-0.1358559666021782,0.0,-0.2217127734342647,-0.2478718084569988,0.25,1,0.0965490588611907
UCCQqgcQyleyNjgXAeywkNmQ,-0.2858833203425439,10.6,0.0,1.5174574661521314,-0.3613779380412945,-0.4034183022012161,0.0,2.517497943995293,2.6421460463867183,0.0,-1,-0.1229617407240522
UCCQyF8vB9mgntYrE0gwUbag,0.1934898760477533,-0.4,0.0,-0.1907112044752476,0.0814827803023739,0.0481867863178081,0.0,-0.2217127734342647,-0.2478718084569988,0.25,1,0.1432615064285963
UCCR7Omm7dilajDY_kZ3A9LQ,1.1486464168443016,-0.4,0.0,-0.2594177075508131,-0.3414598004698568,-0.3672686295832209,0.0,-0.2217127734342647,-0.2478718084569988,0.0,1,0.1567765525455727
UCCSiJNH26GIzBk9y6E8J4Jw,-0.0881558566115747,-0.4,0.0,-0.0777129976594198,0.212010149919455,-0.0275401883991649,0.0,-0.2217127734342647,-0.2478718084569988,0.25,1,0.13467038743335402
UCCSmtEwvhWXglcJZVJFdQ-w,-0.1924450548984427,4.0,0.0,0.3140810825209172,5.5079431378656,4.536050082233031,0.0,2.517497943995293,9.38552104102206,0.5,-1,-0.23544891330961837
UCCTTbX_dDOsQrbC9m9cuBVA,-0.3273511300471897,-0.4,0.0,1.7059314586069332,0.0162190954938332,-0.1964947498466603,0.0,-0.2217127734342647,-0.2478718084569988,0.0,1,0.1360790709815553
UCCVRL75z1cqEqUjnnpQ5Gdw,0.1148978577310757,2.4,0.0,-0.076785301389967,-0.2234676977230421,-0.2927215295931576,0.0,-0.2217127734342647,-0.2478718084569988,0.25,1,0.10784029335952866
UCCWt08UICpo7EqhBYuSI4Jw,-0.1278343958609977,0.6,0.0,1.160184012536221,-0.2698392632448999,-0.3266159803881291,0.0,-0.2217127734342647,-0.2478718084569988,0.0,1,0.1438397228942821
UCCYF_NyV8NtagqhLVOSh5ww,5.38041808740301,0.6,0.0,-0.2742002920390905,-0.0240409698101365,0.0288947729473254,0.0,-0.2217127734342647,-0.2478718084569988,0.0,1,0.11926507795112079
UCCYxQJxlhRW_l5MfltjguyQ,17.34153272553695,0.4,0.0,-0.2979246651248798,-0.2345705042827087,-0.3109708339439549,0.0,-0.2217127734342647,-0.2478718084569988,0.0,1,0.06171573069843678
UCC_uJfRk9L7pQdKXYt54WMw,-0.0328004723266616,0.0,0.0,0.1425831692425166,0.0278430541981373,0.0316245829451047,0.0,-0.2217127734342647,-0.2478718084569988,0.25,1,0.14654865883804885
UCCaJlvvRcnZ42U836K-cFQQ,2.9474952305806488,-0.2,0.0,-0.2832393326633562,-0.2800102271111659,-0.2978117545511509,0.0,-0.2217127734342647,-0.2478718084569988,0.0,1,0.14433961822461444
UCCbXlpjKj9lTP2cK7nmPO2Q,0.0179914997107096,-0.4,0.0,-0.214131410846838,-0.1880477621536769,-0.3180391749750726,0.0,-0.2217127734342647,-0.2478718084569988,0.0,1,0.16586717030960263
UCCcNvPclDJbAJFUK6mnLUQA,4.218275262191157,-0.4,0.0,-0.1297050372795184,0.0238473183935327,-0.0511448450959399,0.0,-0.2217127734342647,-0.2478718084569988,0.0,1,0.13009481406918277
UCCdkFRowAgGdQbAKC9QzPLQ,-0.0858746554464467,2.8,0.0,-0.0161130107160122,0.8653331344561569,1.029023385159492,0.0,-0.2217127734342647,-0.2478718084569988,0.25,1,0.04101629766172621
UCCeWvKmgERhfZHEOzYIaf8Q,-0.2390395373043474,0.8,0.0,0.1762314919302998,0.5558195497018733,1.501169893720362,0.0,-0.2217127734342647,-0.2478718084569988,0.0,1,0.08408877234580703
UCCee0Fz-WoBdaANCF8iC-AA,0.531316297397937,-0.4,0.0,-0.1690081834542161,-0.2270364569743635,-0.4038276909684948,0.0,-0.2217127734342647,-0.2478718084569988,0.25,1,0.1422337177324539
UCCfb0rdM_z3kw6_Nrc2w6rQ,-0.1389644922841615,-0.2,0.0,-0.1141952447023058,-0.2058469489196425,-0.3987250388565515,0.0,-0.2217127734342647,-0.2478718084569988,0.0,1,0.16019079911011153
UCChaBuFnyDLQi6VGYCzm5Gg,1.8092136705841408,4.2,0.0,-0.2866448197412474,-0.0050006832866801,0.1470219637951642,0.0,-0.2217127734342647,-0.2478718084569988,0.0,1,0.06906471395605568
UCCi8_Sl8b-AQMPnNxfqbAdA,-0.119751926831143,-0.4,0.0,-0.1060236547046934,-0.41943719011123,-0.4621660037437545,0.0,-0.2217127734342647,-0.2478718084569988,0.25,1,0.13994778302058147
UCCin6iY4wLlSFOZ6gYv31kQ,-0.3406811017507772,0.8,0.0,1.2877071332733163,-0.3083271151479295,-0.2522429631190461,0.0,-0.2217127734342647,-0.2478718084569988,0.25,1,0.11813783578219472
UCCl1qWoRZvfwahw1rfVfAyg,10.854826424569294,-0.2,0.0,-0.2860674145753901,-0.1684121513563022,-0.1363998553678772,0.0,-0.2217127734342647,-0.2478718084569988,0.0,1,0.11527074950690414
UCClYmUwCTDXpJLUuHqTITTQ,-0.1939741818821508,0.0,0.0,0.0034961171239678,-0.1864736844124691,-0.2502619156660883,0.0,-0.2217127734342647,-0.2478718084569988,0.25,1,0.15178115525465435
UCCq2a7h_3lTf36MQY-p9BNA,-0.2147133383043598,-0.2,0.0,3.4094538633978333,-0.3555861391730042,-0.3309771549912879,0.0,-0.2217127734342647,-0.2478718084569988,0.0,1,0.1108090358125377
UCCqzsuOyzjYgqQMp_Getz5w,0.0387678210890354,-0.2,0.0,-0.097318104909489,-0.0871857038132051,-0.6003272946293761,0.0,-0.2217127734342647,-0.2478718084569988,0.0,1,0.14422057956647905
UCCr6O6NbPFcFGIEGlUvW2bA,-0.1261228890367803,-0.2,0.0,-0.1465769401808959,0.0604345356346844,0.2040939066597951,0.0,-0.2217127734342647,-0.2478718084569988,0.5,1,0.10141391118730886
UCCsZLYbBHS8re17hR7eIsUA,-0.0799737087456132,-0.2,0.0,-0.0945235520872234,-0.2778912763056939,-0.0696382815973343,0.0,-0.2217127734342647,-0.2478718084569988,0.0,1,0.16344647426286346
UCCspP0gCKn3r4Cc-4kuarhA,3.2826600149241494,-0.2,0.0,-0.2901394406447078,0.0350071259690192,0.0387508228653047,0.0,-0.2217127734342647,-0.2478718084569988,0.0,1,0.1391306292402908
UCCtWnaI870dRrMQc2b-YJuA,-0.3040255111886253,0.8,0.0,5.637981379248864,0.6810302791161335,-0.5527083399115404,0.0,-0.2217127734342647,-0.2478718084569988,0.0,-1,-0.006845430542483655
UCCuBv92C1QBK-3RdxMJVb6g,-0.0741117448520109,-0.4,0.0,-0.0175447583444062,-0.0414163664150078,-0.2157090239037268,0.0,-0.2217127734342647,-0.2478718084569988,0.0,1,0.1605676297475861
UCCue1m9UF1W5xR8I7w_fyRw,2.9028164898575826,-0.2,0.0,-0.2925746969779542,0.6593912966481307,0.3445737572012022,0.0,-0.2217127734342647,-0.2478718084569988,0.25,1,0.10135471903321891
UCCuvKqjGlT0jUkrcfjQD2iQ,0.1993900148147583,-0.4,0.0,-0.2211500157078188,2.88019300416992,-0.592090454199654,0.0,-0.2217127734342647,-0.2478718084569988,0.0,1,0.0348877162169593
UCCv64fcljDThLjOGC7Z7beg,-0.1381722121734643,0.0,0.0,0.7014826585768776,-0.1313809634701945,-0.1850136680742422,0.0,-0.2217127734342647,-0.2478718084569988,0.0,1,0.1578129546096384
UCCvzmqP9D_PUoZJXU10Aihw,-0.1191199205936996,-0.4,0.0,0.5800425108492712,0.0424940854816872,0.2817049152707129,0.0,-0.2217127734342647,-0.2478718084569988,0.0,1,0.14658956185391536
UCCwYYV3nT5OpE5J1jYRQdoA,-0.2452231919872036,1.8,0.0,0.4633580985875822,-0.2310094897346237,-0.2405406023691625,0.0,-0.2217127734342647,-0.2478718084569988,0.0,1,0.14255001265995965
UCCy74Mtqewf_MN-CBxp-c0g,-0.2892944445102053,3.0,0.0,2.472356787600467,0.1243241129511915,0.0925782020324921,0.0,2.517497943995293,1.6788067614388125,0.0,-1,-0.03693042234566346
UCCysEPNZVExI8tUfzXXz9jw,-0.098403689293878,-0.2,0.0,2.4849390199637784,0.0441892461260649,0.0917864543901603,0.0,-0.2217127734342647,-0.2478718084569988,0.0,1,0.12153914501342472
UCCzDAIWcyIvBacOm88IMAeA,3.10343746760405,-0.4,0.0,-0.2811958189178757,0.2603222282842189,-0.1766159869176176,0.0,-0.2217127734342647,-0.2478718084569988,0.0,1,0.12249107019160133
UCD-3v4zPl6-Q9lWeFKoGSwg,-0.1377158557999508,0.2,0.0,1.6588672148215715,-0.2921941942426305,-0.3190612140776138,0.0,-0.2217127734342647,-0.2478718084569988,0.0,1,0.14202977766101432
UCD2Uu4Exo53wl9mVCxbppjg,-0.2055619728192318,-0.2,0.0,0.0981213059706662,0.046308196931537,-0.0917458007781084,0.0,-0.2217127734342647,-0.2478718084569988,0.25,1,0.14951648804587897
UCD4KYtQ-fYVlRWTgUUxFuiQ,-0.0476014161001916,-0.4,0.0,-0.0278012179991249,-0.2973856237160371,-0.4862117706342154,0.0,-0.2217127734342647,-0.2478718084569988,0.25,1,0.1423868074261458
UCD4OLJLdE7N8UG28YpecQwg,-0.3437898178401024,1.2,0.0,3.747991273531731,-0.2873450568224155,-0.3278961599511625,0.0,-0.2217127734342647,-0.2478718084569988,0.0,1,0.08617239223577694
UCD7KtpwR0OgrdvYNOrSOLzA,0.056772929435171,-0.4,0.0,-0.1855984602212175,-0.0871857038132051,-0.2640498021254472,0.0,-0.2217127734342647,-0.2478718084569988,0.0,1,0.16324195298204175
UCD7u-9FzZq2JmwmRJkTPsaw,-0.0261418351821689,0.2,0.0,1.8824851424023432,-0.2768318009029578,-0.3239521042507192,0.0,-0.2217127734342647,-0.2478718084569988,0.0,1,0.1424333587454924
UCD90z36bO3Zl7uaIrG0Pkng,-0.3332912615387116,1.4,0.0,2.784476008673647,-0.3411570932119322,-0.3613379604881859,0.0,0.6913574657089212,0.7154674764909068,0.0,1,0.04869501290150685
UCD9U_RGrP7JMRlD-CP4B-Yw,0.4201383410917073,-0.2,0.0,1.402524468519853,-0.3845451335144561,-0.4586481931875081,0.0,-0.2217127734342647,-0.2478718084569988,0.0,1,0.14070977970743537
UCDBZ7VWdGY8Ho4xBHz9c6eA,-0.0284206630416753,-0.4,0.0,3.133848100777632,-0.4635113668650496,-0.5021130417941194,0.0,-0.2217127734342647,-0.2478718084569988,0.0,1,0.10416498927850304
UCDBdU5IbL0NnRNLDvtMaWew,0.7885513193425899,-0.4,0.0,1.8574556975937933,0.1297948586671376,4.541608442991466e-05,0.0,-0.2217127734342647,-0.2478718084569988,0.0,1,0.11756992403734684
UCDByNAU1WpFz1dKAAqPRnbw,-0.2781046950272901,3.6,0.0,5.483563125273227,-0.4941937745282855,-0.442366979290932,0.0,0.6913574657089212,1.6788067614388125,0.0,-1,-0.0610068196709046
UCDDp8g48EzeJXaG_D5GL4PA,1.654310789935403,0.0,0.0,4.241441358482371,-0.3360110698272143,-0.423978993604741,0.0,-0.2217127734342647,-0.2478718084569988,0.0,1,0.0572270448153025
UCDFcYAxXhkD7X9N0-WQQpWg,-0.1933919645668966,-0.2,0.0,0.1681686125052757,-0.4467010238083043,-0.4908039748306135,0.0,-0.2217127734342647,-0.2478718084569988,0.25,1,0.13405642895590003
UCDGrBM9N3YjIN_FlVOfpgIw,-0.2837898291369336,0.4,0.0,0.440244477482283,-0.2411627956775108,-0.2774145989736441,0.0,-0.2217127734342647,-0.2478718084569988,0.5,1,0.09861564633134579
UCDHJB4f2XRB0RFDj2tlsjwA,-0.1892810962551145,0.0,0.0,0.0196036243602476,0.0326863703249306,-0.0735214784566885,0.0,-0.2217127734342647,-0.2478718084569988,0.5,1,0.10320439052952224
UCDI-0TT4g1myeFIMAfdAdgg,5.226284208271532,-0.2,0.0,-0.2971159169098437,-0.3449913851456437,-0.4342193477624134,0.0,-0.2217127734342647,-0.2478718084569988,0.0,1,0.11862992715389165
UCDLcMIecm5zxamcLL3hixUA,-0.2287308219114884,0.4,0.0,0.7263802398996184,-0.2854253236140391,-0.0121774475602144,0.0,-0.2217127734342647,-0.2478718084569988,0.25,1,0.13852702906411357
UCDMkeY2MoXdO-JxXNXjFmTA,-0.1983158162937345,-0.2,0.0,3.1395963949801766,-0.3223892432206079,-0.2828017621953929,0.0,-0.2217127734342647,-0.2478718084569988,0.0,1,0.11914263818043125
UCDNr2wzD90OFJeg-ioF-Row,-0.0148091998473413,0.6,0.0,-0.0163939770154167,-0.0524349106034626,0.1824589556181528,0.0,-0.2217127734342647,-0.2478718084569988,0.0,1,0.14841212809101123
UCDO0f2FNeU-G1EbA9W5mcyw,-0.0115528225510606,0.0,0.0,-0.1252042665371257,0.6605012232605209,-0.0243849543984622,0.0,-0.2217127734342647,-0.2478718084569988,0.5,1,0.09052277502594136
UCDPgbYfof_dzQZuOfEe6z5g,0.1371734544736886,-0.4,0.0,-0.2108129688892535,0.0145239348494555,0.221853364279875,0.0,-0.2217127734342647,-0.2478718084569988,0.5,1,0.09705269655024656
UCDRFfOBwSK87gSMJZi0R2Qg,5.73247242545877,-0.2,0.0,-0.2663714817926764,0.8967137868610057,-0.036565740923824,0.0,0.6913574657089212,0.7154674764909068,0.0,1,0.02481219569798032
UCDRJ0V_Y5qoQEr9mqyKXVQw,-0.2949891385580831,0.0,0.0,0.6233089655645152,-0.3687034536830695,-0.4178564024771024,0.0,-0.2217127734342647,-0.2478718084569988,0.0,1,0.1538137688056999
UCDSP3bFF-Hk4Bc_9IFvW4Og,0.0404128753558483,-0.4,0.0,-0.1490105580075549,-0.3940097804455648,-0.4142810684451316,0.0,-0.2217127734342647,-0.2478718084569988,0.0,1,0.15928893039668668
UCDTTc6_ImAZXItYMTsSO67g,-0.3051701147160675,-0.2,0.0,0.539477992190414,-0.142984741690637,-0.1530252056000083,0.0,-0.2217127734342647,-0.2478718084569988,0.0,1,0.1594179181311467
UCDTcRTk949dRPpdT6p7IkiQ,3.186540632291053,-0.2,0.0,-0.2354987210355568,-0.440344171391888,-0.3723878711071317,0.0,-0.2217127734342647,-0.2478718084569988,0.0,1,0.13664031447787373
UCDTfySTAkgvPMZPHe24aJDA,1.611249179266198,1.0,0.0,-0.2395522071062031,1.0782372391964483,1.0002363758161814,0.0,-0.2217127734342647,-0.2478718084569988,0.25,1,0.04037514870313891
UCDUJnGevGUHE3vMzZHhhusw,-0.3146855553827204,0.2,0.0,1.5085996902336505,-0.3033186859713591,-0.3890156105113321,0.0,-0.2217127734342647,-0.2478718084569988,0.0,1,0.14215234676403765
UCDUdrGjj5a47veA7Q6ro6Og,-0.0715455450288348,-0.4,0.0,-0.0988502990868934,0.0009626496944342,-0.0760542377372781,0.0,-0.2217127734342647,-0.2478718084569988,0.0,1,0.16135717982665898
UCDXITmQLven8Tp3QqnzOFGQ,-0.2320411961186489,-0.4,0.0,0.7085787022596748,-0.1583824508770675,-0.2159685189141233,0.0,-0.2217127734342647,-0.2478718084569988,0.0,1,0.15936097954543144
UCDXqP0gqBY7NBH5w_J49cUg,-0.2894810496814194,1.4,0.0,0.4662329386631692,-0.2887887375909789,-0.434370393178637,0.0,0.6913574657089212,0.7154674764909068,0.5,1,0.030511474484746837
UCDXwuTpVjsgHphbEWxMXFnw,-0.2768118393147213,0.6,0.0,0.3335170662480669,2.4271613219599857,7.772460372487239,0.0,-0.2217127734342647,-0.2478718084569988,0.0,-1,-0.07858154015649244
UCDYQFG5CkxQFKG-cgD_vpBg,-0.1958247755780373,10.0,0.0,0.2496034195707318,-0.3331326955501068,-0.3246492982335389,0.0,6.169778900568036,8.422181756074153,0.25,-1,-0.1760794759186357
UCDZ4SfXBO6t3scGKUNwnxPQ,0.8503328073169439,0.0,0.0,-0.1758162155431214,-0.0429904441562156,0.1265714794483062,0.0,-0.2217127734342647,-0.2478718084569988,0.25,1,0.14111537602603852
UCDaxRt13m6OLy4ghXrWgxVA,-0.0521239966150097,1.2,0.0,0.4163034454809721,1.5105032035127566,2.549262510786533,0.0,-0.2217127734342647,-0.2478718084569988,0.0,1,0.005981582317309164
UCDe6D78tNje1O4jMZeO-1tg,-0.2546237545625987,-0.4,0.0,3.864919130134411,-0.4974145797526031,-0.5175480727996489,0.0,-0.2217127734342647,-0.2478718084569988,0.0,1,0.08611952126661127
UCDhBMz_rmDf7ZrGth5JOxSw,0.9700990875975112,1.8,0.0,-0.0396413996897449,0.0131995905960355,0.6391884743457739,0.0,-0.2217127734342647,-0.2478718084569988,0.25,1,0.07739335673143494
UCDhHJYzhRUxW3TrrlnPT3qw,0.4939582450960589,0.0,0.0,-0.2000215664714527,-0.2379339182596486,-0.0430024821967609,0.0,-0.2217127734342647,-0.2478718084569988,0.0,1,0.15858251443670063
UCDhyswSIqpVBF-q2mXa4GfA,-0.3363830710720371,4.4,0.0,4.151235224651625,-0.1653676818082101,-0.3326361772303332,0.0,-0.2217127734342647,-0.2478718084569988,0.25,-1,-0.012572520087787642
UCDlrg9TFOVWdpef8B9BzeoA,-0.2614285772342085,0.0,0.0,5.031474041513042,-0.1973711456977541,-0.3161861449959612,0.0,-0.2217127734342647,-0.2478718084569988,0.0,1,0.061928066706451124
UCDn1u-bjtOvxUMcH2-3R55Q,-0.2953860360513961,0.0,0.0,3.792584670223565,-0.3911037907694888,-0.4710286892711586,0.0,-0.2217127734342647,-0.2478718084569988,0.0,1,0.09877451870667903
UCDpQfuq88OQCCke4mkkWVIg,-0.1528488351291143,-0.2,0.0,0.8447711259588246,0.0314755412932323,-0.2230158994129715,0.0,-0.2217127734342647,-0.2478718084569988,0.25,1,0.13434429281515098
UCDqLSztdEKhWwPBla9kaTaA,-0.3359543012082912,4.0,0.0,6.328627461909061,1.2698845676024806,0.3128553439743151,0.0,19.865832487715824,10.830529968443916,0.0,-1,-0.23393600675850612
UCDrd-kV2v-7elk0Ve-z7QNg,1.016691432217646,-0.2,0.0,0.3842771877839854,0.3387234080866865,0.3245125434599737,0.0,-0.2217127734342647,-0.2478718084569988,0.0,1,0.13202430162406364
UCDsZ1i_j0GTrmTCIPNIOLGA,-0.2094586376746992,-0.4,0.0,0.8095462507113964,0.1111480915789832,-0.1323642188232457,0.0,-0.2217127734342647,-0.2478718084569988,0.0,1,0.14768392587605655
UCDtCbN12sZlpUWpz11jMwnQ,0.4598317261252312,-0.4,0.0,-0.042195667921252,-0.3363743185367238,-0.3428838814094024,0.0,-0.2217127734342647,-0.2478718084569988,0.0,1,0.16089233840870404
UCDtpOFhhNN2h26W8P4KGyfw,-0.2471626876386866,-0.4,0.0,-0.0190847723678269,-0.3872291378680541,-0.4979352469500592,0.0,-0.2217127734342647,-0.2478718084569988,0.5,1,0.09940044948394905
UCDvCc2I4ZB9EAiDILaBs6Bw,0.2693433494987589,-0.4,0.0,-0.2138460914447984,0.9349961647465348,0.3352128733022999,0.0,-0.2217127734342647,-0.2478718084569988,0.0,1,0.11613114777454536
UCDw1JRxTd39ex6OgdhXshrw,-0.0159438419179191,0.6,0.0,0.0029754965575719,1.0748469179076932,1.9377575400159568,0.0,-0.2217127734342647,-0.2478718084569988,0.0,1,0.06272277428148254
UCDxZVNr5C60lYoy6P4Hhw7g,1.437420953640519,-0.2,0.0,-0.2539795459877422,-0.2030216811790131,-0.2088203230314365,0.0,-0.2217127734342647,-0.2478718084569988,0.0,1,0.16142119944367644
UCDy9MbeU12vGfQZ3c5UKsOg,0.9124174724604904,-0.2,0.0,-0.1882127999869498,-0.2185606537524751,-0.319648394478827,0.0,-0.2217127734342647,-0.2478718084569988,0.5,1,0.10244070427179969
UCDzke-Pm3W_1AgqW8Lc80Tg,23.16279796243944,0.0,0.0,2.8894970677993963,-0.427428661720439,-0.5230662612288766,0.0,-0.2217127734342647,-0.2478718084569988,0.0,-1,-0.042089031025320245
UCE-iOAGuWToKBR3UuVn_pNw,-0.3161022673512177,-0.4,0.0,3.713289834217132,-0.1685534147433336,-0.2830909762524342,0.0,-0.2217127734342647,-0.2478718084569988,0.0,1,0.10353759678827795
UCE-mCWs5-ahaRFKjdTxLGOw,1.37929476029033,0.6,0.0,-0.2677019396806573,-0.0147175862660593,-0.2460605344658994,0.0,-0.2217127734342647,-0.2478718084569988,0.25,1,0.13183884785490058
UCE0BTyUu5DQJzSgRU72dEqg,-0.0394447181498318,-0.4,0.0,0.0389427967120816,0.095891645779584,-0.116019535619174,0.0,-0.2217127734342647,-0.2478718084569988,0.0,1,0.15331804642256547
UCE0MStrYeTURgogcBoarsUg,2.396666649527205,0.0,0.0,-0.286905390370902,-0.2427772343864419,-0.3697732328914407,0.0,-0.2217127734342647,-0.2478718084569988,0.0,1,0.1444225033570371
UCE0OC7ZMMNG5hKXa4W7M13w,1.1074170991066936,9.8,0.0,0.0452828828212649,-0.1998684805756319,-0.0850716829400439,0.0,0.6913574657089212,4.56882461628253,0.0,-1,-0.11322460787144217
UCE1-nvHZdRP2Cu_RGyAMnNQ,-0.1324196223219123,0.6,0.0,0.0331367789910917,-0.2198320242357584,-0.1925423852482368,0.0,-0.2217127734342647,-0.2478718084569988,0.25,1,0.13656345733827252
UCE2DOOn7IgUWtMR3-guHlfw,1.6856141861255514,-0.4,0.0,-0.280830331606631,-0.3745154330352215,-0.3835761904194057,0.0,-0.2217127734342647,-0.2478718084569988,0.0,1,0.15090152350708247
UCE2n8UE7HUVcsvvHlApgJow,1.666552199339843,-0.4,0.0,2.463592544144194,0.291682700205206,0.0746059701515876,0.0,-0.2217127734342647,-0.2478718084569988,0.0,1,0.09202653004969341
UCE3huRw13OfMB1SgJQV7fgw,1.0688466437609094,2.4,0.0,-0.1691469482214706,0.1465680271483484,1.1592878544342449,0.0,-0.2217127734342647,-0.2478718084569988,0.0,1,0.06588882899467369
UCEAWHBzOQHqjOAU-6zRsaLQ,0.0718523900339877,0.8,0.0,-0.1662893569515296,-0.321040819980762,-0.3679749002955343,0.0,-0.2217127734342647,-0.2478718084569988,0.0,1,0.14719468737741603
UCEAZJbZ47pt7nFMRmCaQ0Ww,-0.0157466050720055,-0.4,0.0,0.0179669783233944,3.3183920307415504,2.4424270627348004,0.0,-0.2217127734342647,-0.2478718084569988,0.0,-1,-0.017232168967356354
UCEDN7Ipad-v1uHDCQVC3cCQ,3.7160932858848943,-0.4,0.0,2.8081883279832547,-0.1176985954120033,-0.0965513408963754,0.0,-0.2217127734342647,-0.2478718084569988,0.0,1,0.08556586696481078
UCEG4hSnpCCI-B1LkAQQdz9w,-0.1776660375513174,-0.2,0.0,0.1190310021799694,-0.1196762828304439,-0.1765139606142367,0.0,-0.2217127734342647,-0.2478718084569988,0.0,1,0.16251177802567546
UCEH2llxZpHaH8VJbs-ccbOQ,-0.2857956595221379,0.6,0.0,0.305240479142066,-0.2240699258467026,-0.2538107053348369,0.0,-0.2217127734342647,-0.2478718084569988,0.0,1,0.15189758019772187
UCEHkgIIBjKbcuiE1SNucBUg,-0.333953003682189,6.8,0.0,4.489383296744876,-0.3983097001288643,-0.4424248330349017,0.0,-0.2217127734342647,-0.2478718084569988,0.0,-1,-0.03224668969275368
UCEHpezvAhnBEQr1egE1-I3A,-0.1214535364659598,-0.2,0.0,0.2831889213752089,1.7951489283811748,0.3533435560913114,0.0,-0.2217127734342647,-0.2478718084569988,0.25,1,0.07593236089034439
UCEI0NLOWmBMoU7WOz0ASFRA,2.6728977106588045,-0.2,0.0,-0.2777339352185666,-0.2800102271111659,-0.4163302169566922,0.0,-0.2217127734342647,-0.2478718084569988,0.5,1,0.06791777673418525
UCEIU6OKVVtFtwqDO3FySxkA,-0.2775616692355062,0.4,0.0,3.876000964884429,-0.0603456602772252,0.0796927202348632,0.0,-0.2217127734342647,-0.2478718084569988,0.0,1,0.07912771923708906
UCEJhsPS9UHx9JdUwQxKfLKA,-0.2578807378092508,0.0,0.0,0.9186355852819528,-0.2754696182422972,-0.3003386060613524,0.0,-0.2217127734342647,-0.2478718084569988,0.0,1,0.1569036463874275
UCELHfre64haTZ-jCRObe34g,-0.3257168818953346,0.0,0.0,3.626897009062018,-0.1549921295883122,-0.2639608045077704,0.0,-0.2217127734342647,-0.2478718084569988,0.0,1,0.10799547207353555
UCEMSMwFU1D6fZy_D_ZsRFzQ,0.480301941574236,-0.4,0.0,3.386467732993509,-0.0939663463907157,-0.0853242155459623,0.0,-0.2217127734342647,-0.2478718084569988,0.0,1,0.09652709984012253
UCEMe3R1TfhEEFwXp85xY0dw,1.083685121666062,0.8,0.0,-0.0907270954946389,-0.3587966706964467,-0.4171354985907603,0.0,-0.2217127734342647,-0.2478718084569988,0.25,1,0.12717021122392974
UCEMotgV3wtB_IFnkKDTjlRQ,-0.0884711527881963,3.4,0.0,-0.0462315813905355,-0.345167964379433,-0.3811836710156526,0.0,1.6044277048521072,3.123815688860671,0.25,-1,-0.015756267328245865
UCEN2jAYaqBmS19SfETu1p1A,-0.1721629982610826,1.4,0.0,0.2700971007449519,-0.1895007569917149,-0.2151243476662756,0.0,-0.2217127734342647,-0.2478718084569988,0.0,1,0.1443254771018005
UCEPm6Q9ero_ovH5QXLO9BXw,-0.1825029353998493,-0.4,0.0,-0.0628173184641569,-0.2151703324637198,-0.4881695425660304,0.0,-0.2217127734342647,-0.2478718084569988,0.0,1,0.15674877469578402
UCEQyqOWdd2G-kpXYJDIfQsQ,-0.197025646961146,-0.2,0.0,0.3304836695687341,-0.0448066877037631,0.1057611964098965,0.0,-0.2217127734342647,-0.2478718084569988,0.25,1,0.14451689775301163
UCERe4RCslT6x4HOSHqEo17A,-0.357855681664283,1.6,0.0,4.79629805589992,-0.3233780869298282,-0.4414668510218856,0.0,0.6913574657089212,0.7154674764909068,0.0,-1,-0.015515006014443111
UCES3opk08Ftfnh_kSHUjlRw,0.4201913617492109,-0.2,0.0,-0.2062032238965872,1.826226873528099,1.4519473422216949,0.0,-0.2217127734342647,-0.2478718084569988,0.25,1,0.04271243191291518
UCES5_uC9Qc7vyWL98eyiNXA,0.0790549364948716,1.4,0.0,0.5704623504363766,-0.079920729623015,-0.2461866826666205,0.0,-0.2217127734342647,-0.2478718084569988,0.25,1,0.1264301978043188
UCETTl9LR8zjBYuku2co96GA,8.707922208589794,0.4,0.0,4.171775158269623,0.0197035923739429,0.5882439349155636,0.0,-0.2217127734342647,-0.2478718084569988,0.0,-1,-0.023984939327306498
UCETsko5d9pUveqzNJlB4f6Q,0.1856465301832401,0.2,0.0,0.4060539186543479,-0.347286915184905,-0.4608154826023788,0.0,-0.2217127734342647,-0.2478718084569988,0.0,1,0.152770987884154
UCEUfF2h_v3YGNjK0TE2w2qg,-0.1291768789089898,-0.4,0.0,-0.1125614328218385,-0.2100848505305867,-0.3932467007500204,0.0,-0.2217127734342647,-0.2478718084569988,0.0,1,0.15871522569306024
UCEUqdGSY7POFitTZdYIEZqA,10.065473963091826,-0.4,0.0,-0.2974622980103772,-0.1922856637646211,-0.2405311276970561,0.0,-0.2217127734342647,-0.2478718084569988,0.0,1,0.11807665216043772
UCEV07swyCZst6xyPzZ2JPbA,-0.0941379363947216,3.0,0.0,4.937227579652519,-0.2572796639251926,-0.3490255078183464,0.0,-0.2217127734342647,-0.2478718084569988,0.0,1,0.013677351591025955
UCEV1jsSewDFV3a5oGXNT0_Q,0.0680847099780473,-0.2,0.0,3.232137374371776,-0.1535794957179975,0.2436945365814968,0.0,-0.2217127734342647,-0.2478718084569988,0.0,1,0.10254526550078469
UCEWE9W3dUOqTHc2aLKgH4kg,-0.2395446795685639,-0.4,0.0,2.0578812341560724,0.9595759940900112,0.011610180215757,0.0,-0.2217127734342647,-0.2478718084569988,0.0,1,0.08973511246382443
UCEX-6ml9RE1zgU24hBd9UBQ,-0.12801466609651,-0.4,0.0,-0.0211843308725312,-0.4118089672115304,-0.4259633537847904,0.0,-0.2217127734342647,-0.2478718084569988,0.0,1,0.15924311816830233
UCEX8tZ8V8Ci9x1lksQqfuDg,5.970306835351791,-0.4,0.0,-0.2963121961740272,-0.4168944491446634,-0.4104696204330868,0.0,-0.2217127734342647,-0.2478718084569988,0.0,1,0.11305699574454314
UCEXZEZr4ZWLASvf13NGxziA,24.93781929269365,-0.4,0.0,1.0462301464192956,-0.1685534147433336,-0.2734256156107812,0.0,-0.2217127734342647,-0.2478718084569988,0.0,1,0.013296583150226304
UCEYGDSXVOS6zHTjDt2y1s3w,-0.04572539375012,0.0,0.0,-0.1503946603198122,-0.1568083731358597,-0.1864254460509561,0.0,-0.2217127734342647,-0.2478718084569988,0.25,1,0.15379206170581922
UCEa7wFgMYANJgr27kC55Ndg,17.27465953758286,-0.2,0.0,0.9518672966417668,3.3504588195976948,4.033124314340428,0.0,0.6913574657089212,0.7154674764909068,0.0,-1,-0.15074689836863608
UCEbszsKVcWvWn1INOKxD0jQ,1.6333124887376622,0.6,0.0,2.7775188520931886,-0.3401884299865735,-0.3480180434934605,0.0,-0.2217127734342647,-0.2478718084569988,0.0,1,0.09865552419189577
UCEdf86yOoB3soQnTyhoqiTA,-0.1284460775130647,3.4,0.0,0.1859970034027994,-0.3404003250671207,-0.3074074231728658,0.0,-0.2217127734342647,-0.2478718084569988,0.0,1,0.11306841138344981
UCEeDwXqK5Oq3yMTwQ1Nu9pw,-0.1692097805702154,3.2,0.0,1.498556340603444,-0.1459635565910832,-0.0749650677312785,0.0,-0.2217127734342647,-0.2478718084569988,0.0,1,0.09963880693771832
UCEebZyssW_53VYxpvHsGn7w,0.3460331354541217,-0.2,0.0,-0.1757283529397141,0.5901722370027087,-0.1678497212655307,0.0,-0.2217127734342647,-0.2478718084569988,0.0,1,0.13719066483539027
UCEewwawaBcGhprBKiayorSg,2.022751338928188,-0.2,0.0,-0.2882779238275373,0.2377200863591831,0.4206787669053932,0.0,-0.2217127734342647,-0.2478718084569988,0.0,1,0.13648232937504318
UCEh-zTuCVe4N1vQl0ElRnJA,0.0690532206551138,-0.2,0.0,0.4167977577471968,-0.0681151465639562,0.0866556388003297,0.0,-0.2217127734342647,-0.2478718084569988,0.0,1,0.15562786705586268
UCEhXNCbjL5yHp2naW7hG_EQ,-0.0594229018972029,0.0,0.0,0.025909364484098,-0.1701274924845414,-0.182220320701944,0.0,-0.2217127734342647,-0.2478718084569988,0.0,1,0.16406169955298483
UCEioiIdnuSu2NDUyJl4QR6A,-0.3423602177733196,0.6,0.0,2.3987389555066305,-0.2363598405184407,-0.4049960903256492,0.0,-0.2217127734342647,-0.2478718084569988,0.0,1,0.12278760376602127
UCEiseDQyevwOmrnwJV4DSdQ,1.9305272072663588,-0.4,0.0,-0.2612874662814982,-0.1049848905791707,0.1009916339659128,0.0,-0.2217127734342647,-0.2478718084569988,0.0,1,0.15208769969632185
UCEizkZ_X8YEih_vNsd_fWgA,-0.3060214218344417,2.4,0.0,1.3515900795711469,-0.3180398178830599,-0.2763752333378576,0.0,-0.2217127734342647,-0.2478718084569988,0.25,1,0.09285328798282877
UCEjGMkr1FWE-tQaXTaUR90w,0.0413036224019095,-0.4,0.0,0.5543146819314343,-0.1855050211871104,-0.3592967218024972,0.0,-0.2217127734342647,-0.2478718084569988,0.0,1,0.157901711895445
UCEjHHc_TR4O_SpgkDnIPm0Q,0.2295057482768249,-0.4,0.0,-0.2101284730964729,0.3671173488800126,-0.0164677973896072,0.0,-0.2217127734342647,-0.2478718084569988,0.25,1,0.12774517693449933
UCEjiXbG-2OngOcVM54HqXOQ,-0.2002285365131783,1.8,0.0,0.5363971455274046,0.0076373447316712,-0.0503031226131854,0.0,-0.2217127734342647,-0.2478718084569988,0.0,1,0.13073453296382642
UCElv92R2uprtwDloZbQMuwQ,2.3421644433653217,0.0,0.0,-0.27425759884669,0.1925158025091118,0.2095616118519258,0.0,-0.2217127734342647,-0.2478718084569988,0.0,1,0.1344614771764271
UCEnKHc84sOOgIxES6SxDdrw,4.3278668404248775,0.6,0.0,-0.1300537385650105,-0.2473783847068956,-0.2918625674815636,0.0,-0.2217127734342647,-0.2478718084569988,0.0,1,0.12170834907088146
UCEnR7ce-9DoSlrO9g2qLatA,-0.2252836375760138,1.4,0.0,1.1395542803826468,0.0572056582168221,0.0654076938973268,0.0,-0.2217127734342647,-0.2478718084569988,0.0,1,0.12877356231996057
UCEoL_6YqJ5b00j4fR1NlcyQ,2.3649530249355712,-0.4,0.0,-0.2921425899242981,0.7002164155002264,1.7678745019934148,0.0,-0.2217127734342647,-0.2478718084569988,0.0,1,0.0796521268319616
UCEoZ12TIVYg0StnJ0A5GYOg,-0.2891083902029652,-0.4,0.0,0.2967719076569499,-0.3007759450047925,-0.5059254341631986,0.0,-0.2217127734342647,-0.2478718084569988,0.5,1,0.09337159678370138
UCEpaUS3avfjjvS05zOOe3IA,-0.2246617810072925,0.2,0.0,0.7381906571850754,-0.2736533746947497,0.0108597167421007,0.0,-0.2217127734342647,-0.2478718084569988,0.0,1,0.154616625328714
UCEqzrEN5pj_9w8DtHHxWwMA,11.784399437707188,-0.4,0.0,0.9916519518780929,0.0068957119497559,0.0663481393518703,0.0,-0.2217127734342647,-0.2478718084569988,0.0,1,0.0800232144488559
UCErc-JqLN_uvgbKtxCYd3Sw,-0.0646674023622771,0.0,0.0,-0.1475723381572052,-0.3971579359279805,-0.4922880720201233,0.0,-0.2217127734342647,-0.2478718084569988,0.25,1,0.14201936654416542
UCEt6Npnli1APQhR9kbCVEVA,0.9287047757709715,0.8,0.0,1.6153668831592611,-0.076398317894438,-0.1061300832052218,0.0,-0.2217127734342647,-0.2478718084569988,0.25,1,0.0983000567660492
UCEtHoEr9rYiXXtd5enAZfFQ,2.17928740731563,-0.4,0.0,-0.2660935744364962,1.387604056795375,2.767378103336828,0.0,-0.2217127734342647,-0.2478718084569988,0.0,1,0.016231284609864116
UCEu5f96McuLVXG6U-bHB-mg,0.6976187708975495,-0.4,0.0,-0.2775400039080996,4.023578858802664,10.42266024251298,0.0,-0.2217127734342647,-0.2478718084569988,0.0,-1,-0.12275333538465993
UCEuCg-v6WhAbIOBNYzf-uyA,0.1820374140269674,-0.4,0.0,-0.1930401251473625,0.375593152101901,0.4229050104252084,0.0,-0.2217127734342647,-0.2478718084569988,0.25,1,0.12742687673751185
UCEuGSmqzdiCAGma5lz_vQEw,-0.101973746899123,-0.2,0.0,-0.1012477180527257,-0.0306803490006158,-0.3072758470506182,0.0,-0.2217127734342647,-0.2478718084569988,0.0,1,0.16041655207981792
UCEwKwjMKaQ8ZuOGUe4ZWjkg,0.6781274346097453,0.4,0.0,-0.1650944338444468,0.2918710513879146,0.3786615396683127,0.0,-0.2217127734342647,-0.2478718084569988,0.25,1,0.1160175821663968
UCEwsUj_5EpxlihhZvUV95_g,2.9006535189322418,1.2,0.0,-0.2699105977696227,-0.1132650983420924,0.0116745583834935,0.0,4.343638422281664,4.087154973808577,0.0,-1,-0.0664951385998016
UCExOYald_VcfY96EG0bzOdg,3.874052428719734,-0.2,0.0,-0.280283387846597,-0.2340996263259372,0.3178162068520149,0.0,-0.2217127734342647,-0.2478718084569988,0.0,1,0.12619010232931238
UCExREirOaigLUGcUTs5dWWw,1.8951977758164344,-0.2,0.0,-0.2263414535758678,-0.2270364569743635,-0.4616326439678945,0.0,-0.2217127734342647,-0.2478718084569988,0.0,1,0.15510698843767073
UCEziuXcdtMN5f5RVuBjw2bg,1.7686742273444516,-0.4,0.0,-0.28445466053182,0.3306713950258925,0.279530388029213,0.0,-0.2217127734342647,-0.2478718084569988,0.0,1,0.13724873515133795
UCF0wDDlP-4WhFt0G44yNQ0w,-0.1025180923161603,1.0,0.0,-0.0272783683094114,-0.3453445436132223,-0.3719078169261636,0.0,0.6913574657089212,0.7154674764909068,0.5,1,0.034514519136361665
UCF26tNCLPlPjqJhvabQQDpw,2.034765819918512,-0.4,0.0,-0.2614205679311294,-0.0312454025487417,-0.0419026733712791,0.0,-0.2217127734342647,-0.2478718084569988,0.25,1,0.13666438420577215
UCF2CaYLUCCY4j1wHZ3J6Fig,-0.0472960171129707,-0.4,0.0,-0.2020210409827908,0.2577794873176524,0.2665988658591237,0.0,-0.2217127734342647,-0.2478718084569988,0.25,1,0.1323398841243853
UCF2iH0FLm41bLZ7OhdQ1_3A,-0.1900379661409789,1.8,0.0,0.0463256323860229,-0.1984306211004902,-0.1876946493258477,0.0,-0.2217127734342647,-0.2478718084569988,0.25,1,0.12370401455257846
UCF2pmb2kYiAHVqQ3y5Aie8Q,0.0341444197547181,-0.2,0.0,3.53452549520929,-0.4410504883270454,-0.4841323613806486,0.0,-0.2217127734342647,-0.2478718084569988,0.0,1,0.10150334524329963
UCF4w3k0dTQPm--5CaPl9BYw,-0.210578433961176,-0.4,0.0,1.040712911703601,-0.1253268183117028,-0.2748755146440705,0.0,-0.2217127734342647,-0.2478718084569988,0.0,1,0.1540551630501194
UCF5Ilg972RSdjxL6DG6oNCA,7.00516968404461,-0.2,0.0,0.7551641584093616,0.3005822935881888,0.4122800307960757,0.0,-0.2217127734342647,-0.2478718084569988,0.0,1,0.09578669939774115
UCF5PXhjp5GPCkBKKd1Vgk-g,1.1443114478868042,-0.4,0.0,-0.2317430713195387,-0.1965235653755653,-0.2687587321453037,0.0,-0.2217127734342647,-0.2478718084569988,0.25,1,0.14988775717858227
UCF5VLpS90p2MT-XX0o-CaSA,-0.1030240608763379,0.0,0.0,0.0251783355153322,-0.2567017682509729,-0.3492168740872504,0.0,-0.2217127734342647,-0.2478718084569988,0.5,1,0.10827761201491937
UCF7bO2cyH3L3PQvWdLYKstQ,6.527346104737618,-0.4,0.0,-0.2979519227984271,-0.22957919794093,-0.1811947877583548,0.0,-0.2217127734342647,-0.2478718084569988,0.0,1,0.12406117270404476
UCF7my9js5jmUINg3BRbXC2A,-0.0092805086580475,0.0,0.0,-0.1190127284936844,-0.0678124393060316,-0.1725328128195217,0.0,0.6913574657089212,0.7154674764909068,0.0,1,0.09391639072629154
UCFA7ZKk0ib5JOkqRfFpC77g,-0.0186054789246017,-0.4,0.0,-0.2119317470492827,-0.0490445893147073,-0.1084845756784856,0.0,-0.2217127734342647,-0.2478718084569988,0.25,1,0.14900920120833122
UCFBMN8ZQ00ra2CFDK3ItevA,0.3362045194371472,1.6,0.0,-0.1801402623988814,-0.113743220575122,0.0977203191132067,0.0,-0.2217127734342647,-0.2478718084569988,0.5,1,0.0654542641466534
UCFBZ4rvfaQh7LIMZn1ZHKBw,1.2361601932935071,-0.4,0.0,-0.2471836635951211,-0.4414742784881398,-0.4825969043953084,0.0,-0.2217127734342647,-0.2478718084569988,0.0,1,0.14967763673685286
UCFD11PNrqA8XIxK2BdqiwYA,-0.3166488345862838,1.4,0.0,4.141731585303424,-0.1976738529556787,-0.4188922306253244,0.0,-0.2217127734342647,-0.2478718084569988,0.0,1,0.06902545919041903
UCFF1MiF5_f7X97saaCAEu7Q,3.1586213679338373,-0.4,0.0,-0.2956616170995998,-0.1329550412114024,-0.0097564115592902,0.0,-0.2217127734342647,-0.2478718084569988,0.25,1,0.11951130428764478
UCFFCrzAripcuGcyxGggdFAQ,-0.2429719348695991,-0.4,0.0,3.268945947683239,-0.3151848104820028,-0.4087432731578418,0.0,-0.2217127734342647,-0.2478718084569988,0.0,1,0.11714502008593386
UCFFneaCEaEG6c8uTLzFj5JA,0.4123730870813171,0.0,0.0,2.716934126343934,0.2306569170076095,0.3864097615482387,0.0,-0.2217127734342647,-0.2478718084569988,0.0,1,0.09356003025723442
UCFG44AeT5appUuPl1LsLMFg,-0.0733779389521606,-0.4,0.0,-0.1477550498506669,0.5001874594636603,1.7594300328385817,0.0,-0.2217127734342647,-0.2478718084569988,0.5,1,0.04636226138214361
UCFKEeZLtP7TRatSqbK4P3uQ,-0.3243819732269859,-0.4,0.0,1.3688078263176746,0.1196238948008716,0.5402367556071664,0.0,-0.2217127734342647,-0.2478718084569988,0.0,1,0.12160635683910553
UCFLwCL8ygk7vXPbBKeF_CQA,8.246641815029948,0.0,0.0,0.4434435660136617,1.125459571432684,-0.1062726319719804,0.0,-0.2217127734342647,-0.2478718084569988,0.0,1,0.04193939966176341
UCFMw87q0hBblwJSKQ1rtO7g,4.009800460688336,0.0,0.0,-0.2203103004083047,0.7089343845284544,1.5039583450690386,0.0,-0.2217127734342647,-0.2478718084569988,0.0,1,0.08793830833009186
UCFNiyGDS2KAHPHVa6_s0K0Q,1.3552276234362783,-0.4,0.0,-0.2570373919237048,-0.2465308043847068,-0.3799154125910844,0.0,-0.2217127734342647,-0.2478718084569988,0.0,1,0.15631346756504955
UCFONKHUkz0Q0CptEK80yaSA,0.1259415583881178,-0.4,0.0,0.1075618960761766,-0.2117800111749644,-0.3589161948692752,0.0,-0.2217127734342647,-0.2478718084569988,0.0,1,0.16230311615365484
UCFP1gufbMYkHeeUT0cQXthw,0.7167419586707762,0.0,0.0,2.686939913209355,-0.2421718198705928,-0.2290713577355199,0.0,-0.2217127734342647,-0.2478718084569988,0.0,1,0.11750937403150669
UCFPJIveu_8kE0DiXQzdmRhA,27.253050832666847,0.0,0.0,-0.2872327691470189,0.4147029298257574,1.1897851607297905,0.0,-0.2217127734342647,-0.2478718084569988,0.0,-1,-0.02233965701101781
UCFQ1H1gbgaPYtlDVMugjOZw,-0.1945649834943343,0.0,0.0,-0.0486105038082065,-0.2754696182422972,-0.3917630033022798,0.0,-0.2217127734342647,-0.2478718084569988,0.0,1,0.1598958469456498
UCFQ3EdtuKzsl9H8fDj33Rkw,-0.2512546704972246,0.0,0.0,0.1773243475120369,-0.3317731682162701,-0.4022359316020096,0.0,-0.2217127734342647,-0.2478718084569988,0.0,1,0.15986804842680102
UCFQbaI6INxsm3t0It77KCMg,-0.2989944705135008,0.0,0.0,0.7548137448719717,0.3686914266212205,0.0860779203022245,0.0,-0.2217127734342647,-0.2478718084569988,0.25,1,0.12590893849831541
UCFRjzr55O442fJeohQkAGxQ,0.3045405827759743,-0.4,0.0,-0.1870673434367236,-0.2795864369500715,-0.1668020712851838,0.0,-0.2217127734342647,-0.2478718084569988,0.0,1,0.162633591676364
UCFSZsQ9oRTX6nw1mCrH3ibA,2.4344814874174427,-0.2,0.0,-0.2814314739436936,0.3012886105233461,0.0515157269000431,0.0,-0.2217127734342647,-0.2478718084569988,0.0,1,0.1355873633344744
UCFT_lnUyQJtTTzHr5GS7wXg,-0.360416629917573,0.0,0.0,3.503379050284235,-0.1065589683203785,-0.3159554905580083,0.0,-0.2217127734342647,-0.2478718084569988,0.0,1,0.1080283326655429
UCFTpOwzktuN0VJ3ehdLyrww,-0.0848600925411485,-0.4,0.0,-0.0356769731620545,-0.2372074208406296,-0.326026904265896,0.0,-0.2217127734342647,-0.2478718084569988,0.5,1,0.11426913493153928
UCFVc4M9rrIoUe-MBpKlyK_A,0.053008159777227,0.0,0.0,-0.1155149270207117,-0.4746509939566743,-0.5208474421993827,0.0,0.6913574657089212,0.7154674764909068,0.75,-1,-0.015606595965708236
UCFWvl27zWOHHZO36ZhFjIMw,1.8610878194890932,-0.2,0.0,0.4270033746591308,1.1538131512582863,2.90707057709868,0.0,-0.2217127734342647,-0.2478718084569988,0.0,1,0.00826612040178859
UCFYAxmKsQkdOnmv_ZjAt81A,-0.2373729534372148,-0.4,0.0,1.446388276992757,0.1925158025091118,-0.1576154322602587,0.0,-0.2217127734342647,-0.2478718084569988,0.0,1,0.12458500069503686
UCFZjC7CPTyy7QqwtABoXAlw,0.0517508127564264,-0.2,0.0,0.6151690663399203,-0.0490445893147073,0.0462577353081996,0.0,-0.2217127734342647,-0.2478718084569988,0.0,1,0.154291400446056
UCF_Z4iwGp7i5iLc7t37Kozw,-0.2576395695614056,-0.4,0.0,0.6055603515818824,-0.1236316576673251,0.2750625587854199,0.0,-0.2217127734342647,-0.2478718084569988,0.0,1,0.14833253660990087
UCF_kEO3NPmJqDSDPwS0VrTQ,-0.2583245964563527,-0.2,0.0,0.5120558078475796,-0.0942488731647787,-0.3598133240241682,0.0,-0.2217127734342647,-0.2478718084569988,0.0,1,0.15746279152906917
UCFbsPCqC9H4HdnMMWip8w4A,12.809356613694126,-0.4,0.0,-0.301498206498605,-0.0439591073815743,-0.2094052001026266,0.0,-0.2217127734342647,-0.2478718084569988,0.0,1,0.10542342132545734
UCFfmkWQGP6cb6wrEtPjXupQ,0.1574315872926788,-0.4,0.0,-0.1701969077228749,-0.403333163989642,-0.3004818117667299,0.0,-0.2217127734342647,-0.2478718084569988,0.25,1,0.14834547602893555
UCFgRdy_SQEzRyFZSuJnCUtQ,-0.1853734737970964,0.2,0.0,-0.066936539735498,-0.3117944891932474,-0.1227194541965295,0.0,2.517497943995293,1.6788067614388125,0.25,-1,-0.0035200040325616966
UCFh4zJBOEcDzK9j2U0b19JA,0.4203095220716476,1.4,0.0,-0.1610276755592964,0.3350909209915915,0.3247590014342431,0.0,-0.2217127734342647,-0.2478718084569988,0.25,1,0.09576366074734122
UCFhLjJZaBj8lNr5kUFnbbMQ,-0.2298694699872999,-0.4,0.0,2.9354756559515587,0.0229997380713439,0.2896484204601374,0.0,-0.2217127734342647,-0.2478718084569988,0.0,1,0.10333050213922829
UCFi-HP0WG6piAsLc-uI2awg,2.750309942685789,4.4,0.0,-0.2476815301017903,-0.4053205937106366,-0.461233135907686,0.0,0.6913574657089212,0.7154674764909068,0.5,-1,-0.06427506270525407
UCFifa1MM-ndOSeccOPc3bPA,6.444769611915151,0.0,0.0,-0.2976455965816517,0.4643469201253894,0.6719464827462948,0.0,-0.2217127734342647,-0.2478718084569988,0.0,1,0.09528564275024298
UCFimYrpn31WMnbCXok5Hhvw,-0.0944271399811051,2.2,0.0,0.0643707593243114,0.0439538071476792,0.144307546129119,0.0,-0.2217127734342647,-0.2478718084569988,0.25,1,0.10056480466277973
UCFjdwx59JjMLMCvmpDh9A7A,-0.3324538381253399,-0.4,0.0,1.63447830265462,0.0780924590136185,0.6673719217323743,0.0,-0.2217127734342647,-0.2478718084569988,0.5,1,0.037844348639942516
UCFjjXgsfsVZ42wrGoo0uubA,0.3780010572183155,-0.2,0.0,-0.1151105822279241,-0.2030216811790131,-0.2477147600879996,0.0,-0.2217127734342647,-0.2478718084569988,0.25,1,0.15472298692120123
UCFk3bmH_mFp7t1Cw2aqwwSw,-0.1742219819791987,2.0,0.0,0.2659053260746165,-0.2948428827494707,-0.4434744596756717,0.0,1.6044277048521072,4.087154973808577,0.75,-1,-0.07916610680164626
UCFkKVRIUuMtYKGNqD0wvHcQ,4.995293906832537,0.0,0.0,0.4557914432384003,-0.101110237677736,0.5658716238435405,0.0,1.6044277048521072,1.1971371189648596,0.0,-1,-0.002201531920359545
UCFkOVGsH0mZXGGpDSufKzFQ,-0.2126229105145164,-0.4,0.0,3.2641693286983284,-0.4575783046097277,-0.4441975296077919,0.0,-0.2217127734342647,-0.2478718084569988,0.0,1,0.10906245482735194
UCFkbH4lzSYalbzO71vqxb_A,-0.2658277769310819,0.0,0.0,0.7888887814578447,-0.0720503409169758,-0.2266782895567381,0.0,0.6913574657089212,0.7154674764909068,0.0,1,0.0912142028388997
UCFoszg6el2SgTsfthCGCAlg,-0.283509408770581,1.2,0.0,0.6695276793660986,0.0813523833297294,0.5507610903829727,0.0,-0.2217127734342647,-0.2478718084569988,0.5,1,0.057711195351747235
UCFpFS2aw2xYomSPX3ux6qIA,-0.1575824551635755,0.8,0.0,-0.0651040328072328,-0.139966842058601,-0.3931529886171884,0.0,-0.2217127734342647,-0.2478718084569988,0.0,1,0.14673842099968087
UCFq5oXlqKKMJ5cDOII5VUOw,0.6191071951503616,-0.2,0.0,-0.1812289503491033,0.3698013532336106,0.2545358056886578,0.0,-0.2217127734342647,-0.2478718084569988,0.0,1,0.14437748331109274
UCFr4aPMID8LuUSYplHLmCmA,0.0505928415965469,-0.4,0.0,-0.0922686221406888,-0.3431549611142345,-0.5421525992286367,0.0,-0.2217127734342647,-0.2478718084569988,0.25,1,0.13440125486119614
UCFrcjRqrexBtb7vGbkg9b-g,-0.1785751650919798,-0.4,0.0,0.1615244958770459,-0.1761816376430332,-0.012947922488432,0.0,-0.2217127734342647,-0.2478718084569988,0.25,1,0.14471533542193638
UCFrdd6aXpKGd-T3-2z6zgnw,-0.0457944720924676,-0.4,0.0,-0.1701696074191115,-0.3423073807920456,-0.3387317964986021,0.0,-0.2217127734342647,-0.2478718084569988,0.25,1,0.1507097956120882
UCFrjDWNckEdHldNr-kpt0VQ,-0.2436633242434465,-0.4,0.0,0.4677626445944593,0.5857930720047332,0.6613319635945845,0.0,-0.2217127734342647,-0.2478718084569988,0.0,1,0.12693245112235352
UCFro1ie1XI8kPDunhndSkSA,0.0175560233770798,1.0,0.0,4.14144403732628,-0.1609958235371498,-0.1921090547840533,0.0,-0.2217127734342647,-0.2478718084569988,0.0,1,0.061687568324297115
UCFs_wD14ujDPl4VVjf_d5ag,1.953416982548644,0.0,0.0,-0.246919336227854,-0.0345146409343272,-0.2081098340884935,0.0,-0.2217127734342647,-0.2478718084569988,0.25,1,0.14072839985600677
UCFtGU5UOy1skFyDuS7QAyAw,-0.1356972415451039,0.4,0.0,0.0093701054756388,0.5922911878081808,0.6055373408121897,0.0,-0.2217127734342647,-0.2478718084569988,0.0,1,0.1222933764177288
UCFtgY-icGYqV5k_x9FSfhjg,20.364104070985803,0.0,0.0,-0.2954624835563346,-0.2421718198705928,-0.1781673466154742,0.0,-0.2217127734342647,-0.2478718084569988,0.0,1,0.046848081557205046
UCFutqmK7dOqgg9P6M_OhJnA,6.897612685174828,-0.4,0.0,-0.2688290349322866,-0.077014739946939,0.0480206087555075,0.0,-0.2217127734342647,-0.2478718084569988,0.0,1,0.12736140243856414
UCFx9iJ-XldmGe8OSu_oAufw,-0.0283453113307761,2.0,0.0,0.187521140527116,-0.3344797272283016,-0.3475048568660656,0.0,-0.2217127734342647,-0.2478718084569988,1.0,-1,-0.0011374453254828776
UCFxmune2KzFb93XzUEGbIiQ,1.2971459674383925,-0.2,0.0,-0.2683364525266012,-0.3626493085245778,-0.2965676285115742,0.0,-0.2217127734342647,-0.2478718084569988,0.0,1,0.15815488769350178
UCFxsxT71HsqcjPSYPKrvEmA,-0.2629762754746719,-0.2,0.0,0.107717111423232,0.2504337911920157,-0.0188593899713645,0.0,-0.2217127734342647,-0.2478718084569988,0.25,1,0.1359355775775941
UCFyPxB6dVl9Vx6zHRvqBf9w,0.0815356973156704,-0.4,0.0,-0.0456115214920612,-0.1371929428223466,-0.2789352605091347,0.0,-0.2217127734342647,-0.2478718084569988,0.0,1,0.16448786190662001
UCFyeEDMHqL1Io_YjORG8x0Q,0.0283623403184213,-0.4,0.0,-0.1777441685458047,-0.3440025414364233,-0.4067125832737665,0.0,-0.2217127734342647,-0.2478718084569988,0.5,1,0.10596342614580517
UCFzkk8FC6CW73LGPBFMNvvA,5.27377657855279,-0.2,0.0,-0.2924127138661017,-0.3294524125721815,-0.3994621369187314,0.0,-0.2217127734342647,-0.2478718084569988,0.25,1,0.09682599243373657
UCG0702rjqlPx86GVg5qMqcw,-0.1520664858717273,2.2,0.0,0.7546425994288603,-0.2171480198821604,-0.1282346914557184,0.0,-0.2217127734342647,-0.2478718084569988,0.5,1,0.07035481632160023
UCG0ElPvd-Bdk_NONqJvEbiQ,0.0903710596820767,-0.4,0.0,-0.1586997201587559,-0.1075276315457372,-0.1423420611343052,0.0,-0.2217127734342647,-0.2478718084569988,0.0,1,0.16246903089227926
UCG3-ryhuVLBadlg4txxIrXQ,-0.1447478224641738,3.8,0.0,0.1465700436262483,0.7646325199865781,1.0264551772291208,0.0,0.6913574657089212,0.7154674764909068,0.25,-1,-0.025062103491206966
UCG7Use9WgzsKghwDtK68B_A,0.0,0.0,0.0,0.0,-0.0012168425626228,-0.0398029278168943,0.0,-0.2217127734342647,-0.2478718084569988,0.0,1,0.15932892466730758
UCG9WEAVAum76VW_EMvpedDQ,3.5351585247984776,0.4,0.0,-0.289260877877074,0.029592029466146,0.1995006178439412,0.0,-0.2217127734342647,-0.2478718084569988,0.0,1,0.13092863920884978
UCGAW5yKwtl8PlHO2l6sRzRA,0.7091610145650415,1.0,0.0,-0.2747807237664565,-0.2764786424353792,-0.3199286014080427,0.0,-0.2217127734342647,-0.2478718084569988,0.5,1,0.07386871699816427
UCGBY8Kx2WORoZlYuoBXQBQg,1.569007621433049,-0.2,0.0,-0.2323366061638523,-0.029267715130301,-0.0291496275734462,0.0,0.6913574657089212,0.7154674764909068,0.0,1,0.07178716391047818
UCGCiRUEhEmAnjFpblyxlvuA,0.397544199673349,3.8,0.0,-0.2104806434864261,0.1548636766580306,-0.0364517973736775,0.0,-0.2217127734342647,-0.2478718084569988,0.25,1,0.042108176849719736
UCGEiUm1x-K8Q6AAaz0yVWhQ,-0.1297525317618865,0.0,0.0,1.0865284996143256,-0.4310611488155341,-0.5135216152611702,0.0,-0.2217127734342647,-0.2478718084569988,0.0,1,0.1433500736798497
UCGF-PkGdH58RtCXD0YCABDQ,3.492603261408432,0.2,0.0,-0.2848946960571691,0.1570233765174541,0.3967821370860286,0.0,-0.2217127734342647,-0.2478718084569988,0.0,1,0.1202139454936233
UCGG0Nrc_uxFUIrIazV44Vww,0.0236498642794979,1.0,0.0,-0.1074636264594622,1.1206162553058905,0.6019086352565769,0.0,4.343638422281664,2.6421460463867183,0.0,-1,-0.06468089123828225
UCGGefblb_5ZEObps4mbozWg,-0.2588967145987491,2.8,0.0,0.6702017246221873,-0.1283090453712562,-0.2642355643926389,0.0,-0.2217127734342647,-0.2478718084569988,0.0,1,0.12373916220551312
UCGGum1Ol2mmMF-nZ3i095Gw,-0.1145832374903216,0.4,0.0,2.9096425408952444,-0.266590205343176,-0.2730260379545778,0.0,-0.2217127734342647,-0.2478718084569988,0.0,1,0.1226991164198557
UCGIA8g4ugbpDzPBJjtxKXkg,-0.1553234043800918,1.2,0.0,0.0627815837338971,0.7548527470382453,0.6185957256678193,0.0,-0.2217127734342647,-0.2478718084569988,0.25,1,0.08280162674522301
UCGKSQz37YNkhsv-7iRErnvw,0.0,0.0,0.0,0.0,-0.3660396298133331,-0.4442103108910208,0.0,-0.2217127734342647,-0.2478718084569988,0.25,1,0.14517319282268443
UCGL2semgUuZPXcPw-GreQSQ,-0.1360006375297081,1.8,0.0,0.1146855893833472,0.8660772897985548,0.6796895119049383,0.0,-0.2217127734342647,-0.2478718084569988,0.0,1,0.08773803543685832
UCGL4_K2DAkuQqdXY5_qiZyg,1.641994091197308,0.2,0.0,-0.2772349937880764,-0.3292758333383923,-0.432931936695363,0.0,0.6913574657089212,0.7154674764909068,0.0,1,0.07861978778228801
UCGM54ibslU4euGBaVG0T-Dg,-0.3012183083767963,-0.4,0.0,0.5546735023112784,-0.2016090473086983,-0.4566158454007124,0.0,-0.2217127734342647,-0.2478718084569988,0.5,1,0.09475783357032064
UCGNbT9of1Ice_oq4994SdLQ,0.0738592486986103,0.4,0.0,-0.1873135521052017,-0.0589330264069104,-0.2203912944944949,0.0,-0.2217127734342647,-0.2478718084569988,0.25,1,0.14531769434572323
UCGNn3ao84U5kI5fGXgtJekg,1.8345004340483688,-0.4,0.0,2.6161683194925214,0.4789979514089393,-0.2116011933369232,0.0,-0.2217127734342647,-0.2478718084569988,0.0,1,0.07295731955425161
UCGOo2UEcpkhHYLvP5n4LCLw,-0.1887418004245061,0.0,0.0,-0.0295906526468601,0.1168389880279654,-0.1056133783080959,0.0,-0.2217127734342647,-0.2478718084569988,0.25,1,0.13990640346739514
UCGRE6ow-MvhfpZG9BNPuTsg,-0.1846025534369934,-0.4,0.0,3.9108794340407034,-0.3796009149683546,-0.4802142037875249,0.0,-0.2217127734342647,-0.2478718084569988,0.0,1,0.08498950714542575
UCGScNGi7DFUYtxGDPspEBNQ,0.2311467965384042,0.4,0.0,0.1151502035588923,0.0992819670683394,0.2058181514086657,0.0,-0.2217127734342647,-0.2478718084569988,0.0,1,0.1461567795231859
UCGSgH8DyLEM3rzDlPVyxb0Q,-0.1660707732263217,-0.4,0.0,-0.1173932315650034,-0.3872291378680541,-0.4567964660395887,0.0,-0.2217127734342647,-0.2478718084569988,0.0,1,0.1575020047791606
UCGSjkhylxdTJ0eb_J0psA1A,0.575395551220162,-0.4,0.0,0.1198133866394066,0.0001150693722452,-0.1967666127631205,0.0,-0.2217127734342647,-0.2478718084569988,0.0,1,0.14875264094416002
UCGTs1gZfi0Wmyp8TfJr0HNA,-0.2258907998482269,-0.4,0.0,0.2677900385213116,-0.3262033546704577,-0.4362823800471542,0.0,-0.2217127734342647,-0.2478718084569988,0.25,1,0.1438894269010212
UCGW4QXJknpv9kuZz2c-UE5g,-0.244091731156076,-0.4,0.0,0.1676396467774768,-0.0880332841353939,-0.177738327997375,0.0,-0.2217127734342647,-0.2478718084569988,0.0,1,0.15832623754112723
UCGXjOcHSckAyeB7NvASQl2g,0.6737225120482525,0.0,0.0,-0.2442532496407022,-0.1374351086286863,-0.5606352190352437,0.0,-0.2217127734342647,-0.2478718084569988,0.0,1,0.14096739022165194
UCGY2u_qOjKAO17y3a9oQAKQ,-0.2227247596531596,5.8,0.0,0.2359315166588278,-0.1791246248728555,-0.0272400271218568,0.0,-0.2217127734342647,-0.2478718084569988,0.0,1,0.05093959528992431
UCGZj5i2i_vK0DKkjwyPfZZw,-0.0309432344381056,0.0,0.0,-0.1579320607953411,0.5769540200733353,1.1843179155429613,0.0,-0.2217127734342647,-0.2478718084569988,0.0,1,0.12448153810891893
UCGb8thn_4H8mPBkD-bVAEIw,0.2529674707924274,3.8,0.0,-0.0737789921255611,-0.466314901776905,-0.5076322207034158,0.0,-0.2217127734342647,-0.2478718084569988,0.0,1,0.08857067170961452
UCGbUqpbM7GzGw5i0Cf6RWMA,0.7243314870734399,0.0,0.0,-0.2420562789817401,0.1701154654226925,-0.2601126388018713,0.0,-0.2217127734342647,-0.2478718084569988,0.0,1,0.14022361203091782
UCGdCr4Q4JfWc9xVmNQG2ERw,-0.1299721887715444,2.2,0.0,1.4970206212966877,-0.3064007962338639,-0.2373635677361676,0.0,-0.2217127734342647,-0.2478718084569988,0.0,1,0.12358835890432446
UCGhWBdpDf1pN6PcjyCr8s6Q,0.8249404570004871,0.0,0.0,-0.2307756787437922,-0.2197714827841735,-0.0979116120960472,0.0,-0.2217127734342647,-0.2478718084569988,0.25,1,0.14827866624203984
UCGhjKYxXrxOc2Av35LkCsaA,0.3139612932012208,-0.4,0.0,-0.1667398912989891,-0.3592589872358224,-0.4034016420787787,0.0,-0.2217127734342647,-0.2478718084569988,0.25,1,0.14479396356825874
UCGiB3Tj2S4HAc3xyZEKeHVw,0.593028101079572,-0.4,0.0,-0.177538373532008,-0.3787533346461657,-0.4791885672634245,0.0,-0.2217127734342647,-0.2478718084569988,0.0,1,0.15286481843282002
UCGisurWQjw7mPLI1xBwAjcw,-0.2931082686050397,-0.4,0.0,0.2110341228542369,-0.1151558544454367,-0.1727343232358873,0.0,-0.2217127734342647,-0.2478718084569988,0.0,1,0.16126123406234694
UCGk8Saz-4lYn6EzY93TgF_w,-0.178927222257804,-0.4,0.0,0.0333290654189404,-0.3957049410899425,-0.3474588975481718,0.0,-0.2217127734342647,-0.2478718084569988,0.0,1,0.16091454893751195
UCGkDkm75Fl-HWCvlcLOzr2w,0.7468455731254134,0.0,0.0,-0.2546014349818255,0.352950649209142,1.1225177000518922,0.0,-0.2217127734342647,-0.2478718084569988,0.0,1,0.12353010510238932
UCGme1EUtgJm7vElf3fWkT1A,-0.2206238792194083,0.0,0.0,0.181534107455828,-0.236117674712101,-0.2346935684475666,0.0,-0.2217127734342647,-0.2478718084569988,0.0,1,0.16571549045965367
UCGnRWglqdjWgA0y6kags7zw,0.0844893014096731,-0.2,0.0,-0.0543116344830122,-0.3294524125721815,-0.3767811104269974,0.0,-0.2217127734342647,-0.2478718084569988,0.0,1,0.16093847487042923
UCGnkBITT6ipjqiJp0e47uRA,-0.3416612876837384,2.2,0.0,1.5129955831344395,-0.3680644050274509,-0.4569092762087414,0.0,-0.2217127734342647,-0.2478718084569988,0.25,1,0.09290801308873814
UCGoYoocZUyxtcR_TCTxkH8A,2.016024784846226,1.0,0.0,-0.1553428279669014,1.2678833362862014,1.955686625791707,0.0,-0.2217127734342647,-0.2478718084569988,0.0,1,0.007431418431447956
UCGoa1Gsm8DtYYRDhPu8cMOA,-0.0714479870190281,0.2,0.0,0.3619163914433225,-0.2927239319439986,-0.3167183672274781,0.0,-0.2217127734342647,-0.2478718084569988,0.5,1,0.09755916437821521
UCGrMixoh4EWVisi2axrE9Zw,-0.1311563167891256,-0.2,0.0,0.5796892935645261,-0.3047313198416738,-0.385103666652452,0.0,-0.2217127734342647,-0.2478718084569988,0.0,1,0.15447656101440727
UCGrV362sUxYyOjp7XE2RQpA,-0.3102176813104139,-0.2,0.0,4.303168989253978,-0.5046190124912083,-0.5925901302910497,0.0,-0.2217127734342647,-0.2478718084569988,0.0,1,0.057421716846539406
UCGrdbvMduAXuikgeWOf5NMg,-0.154247540866475,5.4,0.0,0.2681441922194993,-0.3732440625519382,-0.4623297876265143,0.0,2.517497943995293,2.6421460463867183,0.25,-1,-0.060446513366107735
UCGrfoN1kUdpin1wIFDtsneQ,-0.1471917834527975,0.0,0.0,0.0171322785833231,-0.2694154730838055,-0.2509819723566939,0.0,-0.2217127734342647,-0.2478718084569988,0.0,1,0.16425542711129354
UCGsOXxLWJO3mVq6hnXEvn2w,0.0,0.0,0.0,0.0,-0.2533114469622176,-0.5209946305616374,0.0,-0.2217127734342647,-0.2478718084569988,0.0,1,0.15525775247540274
UCGsPlcv1_GPR15ThOnAA57A,-0.2333430299958883,1.0,0.0,0.65145958098282,0.2228874307208784,0.1040564728448983,0.0,-0.2217127734342647,-0.2478718084569988,0.25,1,0.11472843516175596
UCGtyWwYj4UJMloE3pprjPVQ,-0.2324858626995795,-0.2,0.0,0.6303292766627738,0.5760458982995614,2.483748855391505,0.0,0.6913574657089212,0.7154674764909068,0.25,1,0.0033250189111003192
UCGzlIbXcr_WFZs6Ou_sm-yg,0.6764274745064953,-0.4,0.0,-0.178455917134794,-0.1363453625001577,-0.0684551610249859,0.0,-0.2217127734342647,-0.2478718084569988,0.0,1,0.16031109518337028
UCH-ItWqf9ZMlPxjjDSl4U4A,14.215883667355948,-0.2,0.0,-0.3007895733766862,-0.3315713633776536,-0.4623442484792361,0.0,-0.2217127734342647,-0.2478718084569988,0.0,1,0.08154168240939963
UCH16yczDotyaxgZ9NpF7qSA,0.1133353668600527,-0.4,0.0,-0.1703512819907716,-0.0414163664150078,0.1642360937961353,0.0,-0.2217127734342647,-0.2478718084569988,0.25,1,0.14360254998676447
UCH26vrbT4dg-cFblacg5vAQ,-0.2460683412678116,-0.4,0.0,1.1467833216178598,-0.1338026215335912,0.0016154718815734,0.0,-0.2217127734342647,-0.2478718084569988,0.0,1,0.1482769514183715
UCH2CAE9cxoUJwH8XmC1Gk7A,-0.1002791056935781,0.0,0.0,0.4229509499227519,-0.2754696182422972,-0.2668632480467488,0.0,-0.2217127734342647,-0.2478718084569988,0.0,1,0.160280674406321
UCH2Hnz75mVKqI7L1JN8ZIGg,0.0910947916570014,0.2,0.0,-0.2074248716553883,-0.4293962588969489,-0.4802379392073478,0.0,-0.2217127734342647,-0.2478718084569988,0.5,1,0.09535479949575315
UCH5isavuGQ00bDzZNqLSxaw,-0.237579380530429,-0.2,0.0,0.3442113160758014,0.5181279096166573,-0.3592580902435641,0.0,-0.2217127734342647,-0.2478718084569988,0.0,1,0.1326322051083847
UCH5sJtjqJ14Ho2uW0-LvcAA,4.515509068156555,-0.4,0.0,-0.2925596098695615,0.1026722883570949,-0.0497477228898917,0.0,-0.2217127734342647,-0.2478718084569988,0.0,1,0.12477086802423326
UCH7AIR1vA-yS2PwC9rhXqZg,2.413439355809499,-0.2,0.0,-0.2802069202269141,-0.1274457691171749,-0.3431010023989355,0.0,-0.2217127734342647,-0.2478718084569988,0.0,1,0.15206881283113738
UCH7p5El406DKOjwGjclbHeA,0.1176731635859503,-0.2,0.0,-0.1056295419609667,-0.3972588383472887,-0.5069313204629093,0.0,-0.2217127734342647,-0.2478718084569988,0.0,1,0.15477392111857513
UCH7wQWfnK816kkIxPpxDD5w,0.7784428552457247,0.0,0.0,-0.1702065604307318,-0.3632547230404269,-0.5044899125057714,0.0,-0.2217127734342647,-0.2478718084569988,0.0,1,0.15149430198095148
UCH8UBPASi-RoOApMgd3afGw,0.7348265475073029,-0.4,0.0,-0.2693311280746285,-0.0778623202691278,0.3044623181561552,0.0,-0.2217127734342647,-0.2478718084569988,0.25,1,0.13742169570300927
UCH9UBdaSn3rwVy2ou5tWFNw,4.545947167216244,-0.4,0.0,-0.2863156939545223,-0.1838098605427327,-0.2391196468100636,0.0,-0.2217127734342647,-0.2478718084569988,0.0,1,0.13072239858242884
UCHApgi6_6kR3auqTvdW8mLw,0.5344084621435491,-0.2,0.0,-0.177259449465591,-0.3661808932003647,-0.1673516946366423,0.0,-0.2217127734342647,-0.2478718084569988,0.0,1,0.15679234628569455
UCHBRgZYreunE0XjPJAYWo8g,3.0744748110873243,3.8,0.0,-0.2717197968214269,-0.2751203406369996,-0.3639669168026326,0.0,3.430568183138479,2.160476403912765,0.0,-1,-0.05180763153315748
UCHCCPoV2RJLtcCXNU1isDHw,0.4690156752144251,0.8,0.0,-0.2086945290677207,-0.157688976068004,-0.3673324644243161,0.0,-0.2217127734342647,-0.2478718084569988,0.0,1,0.1477141013364604
UCHCPP0VIYSpuTAx38wI9zaQ,-0.1225429342421346,-0.4,0.0,1.5161611303300264,-0.4143517081780969,-0.4123179159326973,0.0,-0.2217127734342647,-0.2478718084569988,0.25,1,0.09973948832904761
UCHDdQOm521KCiu7E_El3avA,-0.3403108470054406,3.8,0.0,4.1801617415284245,-0.3267901410473577,-0.3674486336111981,0.0,-0.2217127734342647,-0.2478718084569988,0.25,-1,-0.006647068875639817
UCHEFvfUj69tsfJyHgEVe1Hg,-0.0010195872437949,-0.4,0.0,-0.1587736728374426,0.3713552504909567,0.2260342149973277,0.0,-0.2217127734342647,-0.2478718084569988,0.0,1,0.14936082081237534
UCHFv_2y4gXBOFpUbxEHnP_w,-0.3337063375431687,0.0,0.0,0.9949676714514566,0.1967537041200559,0.3160686105114219,0.0,-0.2217127734342647,-0.2478718084569988,0.0,1,0.13932887273839095
UCHI-VdlvnkvE53TYDY8n3dQ,0.2738352596024671,-0.4,0.0,-0.2494957972916953,0.2137053105638327,0.2119889878531613,0.0,-0.2217127734342647,-0.2478718084569988,0.25,1,0.13481089153271264
UCHJ3GWaBeVdEkutJa2Ltq7g,0.1990718908697364,0.6,0.0,-0.087746700669469,-0.453764193159878,-0.4662081801519065,0.0,-0.2217127734342647,-0.2478718084569988,0.25,1,0.12838453750825862
UCHKB0mWZogpwQdm_0VHXF1A,6.455454720420066,0.8,0.0,-0.2986152194493429,-0.0575203925365957,0.7852603746536887,0.0,-0.2217127734342647,-0.2478718084569988,0.25,1,0.06503980804791976
UCHKiVdxnfHpcUkArc-_SL0Q,-0.1185550738557609,-0.2,0.0,0.0384649405159725,-0.287779713397897,-0.3304738531391545,0.0,-0.2217127734342647,-0.2478718084569988,0.25,1,0.15289179726646973
UCHKirits1xhUghdH2wYJEBw,-0.1400991343547394,0.6,0.0,-0.0646649976760159,-0.4414742784881398,-0.5350002901586288,0.0,-0.2217127734342647,-0.2478718084569988,0.25,1,0.12106690487537486
UCHKnZjdTkiZ31L7t9Poy8sQ,1.2325173206519573,-0.2,0.0,-0.0718339327352982,-0.0363308844818747,-0.2670479491011521,0.0,0.6913574657089212,0.7154674764909068,0.0,1,0.07356731807317451
UCHL2QC1zY2DIqs0EjyEM6vg,-0.214162630408422,-0.4,0.0,-0.0255729808548526,-0.0812526415578832,-0.0615220730579146,0.0,-0.2217127734342647,-0.2478718084569988,0.0,1,0.15933351230511156
UCHMnj7e-Tci2LFVcKRoKa9w,-0.1446886024682543,-0.4,0.0,-0.0271884808997278,-0.3846863969014876,-0.399091597722087,0.0,-0.2217127734342647,-0.2478718084569988,0.0,1,0.15755307264464452
UCHNV3KE2FfnD8p2I4P4dC4Q,-0.0731743396273466,-0.4,0.0,-0.1570430824121629,0.2620173889285966,0.6018713648882315,0.0,-0.2217127734342647,-0.2478718084569988,0.25,1,0.12305835521669312
UCHRRhVXewlF8SEKVaCdOzsQ,-0.1740238718518675,-0.4,0.0,3.5715823324136142,-0.3567162462692559,-0.4817524638627806,0.0,-0.2217127734342647,-0.2478718084569988,0.0,1,0.09837305200087876
UCHSyxtC5VWeckH6vqE9W7sw,-0.2626145567668138,0.4,0.0,0.2395314071675305,-0.318857658544821,-0.4421090627450276,0.0,-0.2217127734342647,-0.2478718084569988,0.25,1,0.13944112977021939
UCHUmT467VSQmbnoCKfck1XQ,10.34794893883451,1.0,0.0,-0.2933835718855169,-0.3103818553229326,-0.3432155111635904,0.0,-0.2217127734342647,-0.2478718084569988,0.0,1,0.08939815877316137
UCHW4-rA2uYHrej1e-tVRhIA,-0.1805432918985149,-0.2,0.0,0.1017287613885277,0.5025889370431954,-0.5043185380338324,0.0,0.6913574657089212,0.7154674764909068,0.25,1,0.04214875607861368
UCHW_eWsY55vv-dTBb2j-GTw,-0.2237196587724089,4.4,0.0,3.1720601747267128,0.5964316663935861,0.9904960032422876,0.0,-0.2217127734342647,-0.2478718084569988,0.0,-1,-0.009418532144977232
UCHXLcvHC5iPkszbnh41m50g,-0.1297225096753,0.8,0.0,-0.0567095111177194,-0.3734366944433448,-0.5489764834290668,0.0,-0.2217127734342647,-0.2478718084569988,0.0,1,0.13680190642027357
UCHZ3SwjNlrRfzb1iX6jeSsw,-0.3527791304438347,1.0,0.0,4.244198602948122,-0.1843042823973429,-0.3531859900786356,0.0,2.517497943995293,3.605485331334624,0.0,-1,-0.07039656376957781
UCHZq3MuhuWADyGTFLSjuGIA,12.76850949915332,-0.4,0.0,-0.2974765979522394,-0.2728057943725608,-0.2015467090107496,0.0,-0.2217127734342647,-0.2478718084569988,0.0,1,0.10098154851751079
UCHZt8nTMrHnHh3_-OzJlLHg,0.3433458717963123,0.2,0.0,-0.1976393122798589,-0.4135041278559081,-0.4413675897693894,0.0,-0.2217127734342647,-0.2478718084569988,0.0,1,0.15663813834437174
UCH_DE6VIdrF1UA2-WXE3vNw,-0.0134045058945449,-0.2,0.0,-0.05436218087877,-0.3788945980331972,-0.4684520752443352,0.0,-0.2217127734342647,-0.2478718084569988,0.0,1,0.15986590922665556
UCHbITMHZoRw0eZQlZE0Ea8w,14.17625885570613,1.6,0.0,4.292460056673446,-0.1369104160482836,-0.2526549674407085,0.0,-0.2217127734342647,-0.2478718084569988,0.0,-1,-0.0455419902063231
UCHdAu6riUiqViLO3736o_8g,0.1881270132767853,2.2,0.0,2.843995298025963,0.7422658170399282,0.9198936527624578,0.0,-0.2217127734342647,-0.2478718084569988,0.0,1,0.025408666205336383
UCHe6Mzr1N7kJGCucYUKzUqw,0.1142064962628374,0.2,0.0,-0.1309662702256409,-0.3112647514918794,-0.3654425897728285,0.0,-0.2217127734342647,-0.2478718084569988,0.0,1,0.15920720016720963
UCHeXaExM_ERKw93cr_ZzyxA,-0.2662204327717946,-0.4,0.0,1.0061361171685297,-0.3863815575458653,-0.4119362136655815,0.0,-0.2217127734342647,-0.2478718084569988,0.0,1,0.15114451104004473
UCHgRlC6TL2vc8XXhOeMycnA,0.0671422276237554,0.8,0.0,-0.0411941819768757,-0.3699693203980268,-0.4590923327446689,0.0,1.6044277048521072,2.160476403912765,0.0,1,0.024341697615395397
UCHgcKFlOTD1P0HjJdTLhPRQ,-0.242358309126757,0.4,0.0,0.1949260530071216,-0.154050373674769,-0.3417049759903731,0.0,-0.2217127734342647,-0.2478718084569988,0.25,1,0.14632497098976494
UCHgp8gG_UIfF-qHiqb5QteQ,-0.2627503753399746,5.2,0.0,1.3434311958627383,-0.414403076682472,-0.3948685650505308,0.0,3.430568183138479,3.123815688860671,0.0,-1,-0.06590977924742836
UCHh72EAMz4KbJKgmQMuL46A,-0.1327692323804671,1.2,0.0,0.2656153364758829,1.3823881778895974,1.601386792316021,0.0,2.517497943995293,1.6788067614388125,0.0,-1,-0.06241632419310128
UCHjVts7pc7o73oRmF9HvroQ,-0.2798276543135283,-0.4,0.0,0.1885210791886737,-0.1227840773451363,-0.1989481450342068,0.0,-0.2217127734342647,-0.2478718084569988,0.0,1,0.1619457739224579
UCHj_wHp37pkg-mEgPGOHLIQ,-0.1553539349565005,0.0,0.0,-0.1065912270765488,-0.2518584521241795,-0.3145887753071947,0.0,-0.2217127734342647,-0.2478718084569988,0.0,1,0.1636170933039413
UCHjkSlyEFmx9TZo4GWdNbGg,0.1801816910143401,0.6,0.0,-0.1782465585909103,-0.2918763516218097,-0.2465164458035673,0.0,-0.2217127734342647,-0.2478718084569988,0.0,1,0.15271309388166632
UCHmQXFu6cbUh9wI9BLmW43g,0.0401392887631295,-0.2,0.0,-0.1907017082541953,1.215969041552135,1.2665282370145063,0.0,-0.2217127734342647,-0.2478718084569988,0.0,1,0.09219694887781266
UCHml6xRdPPpjTklBZB-6IMA,0.0674260755881688,0.4,0.0,-0.1849930210473543,-0.2260947010608203,-0.2324554676530481,0.0,-0.2217127734342647,-0.2478718084569988,0.0,1,0.15992653388877826
UCHn8Ha9haHJbVLQiVYxF7Ig,-0.1391871790456768,1.2,0.0,0.070930441079721,0.5768608793785891,1.2077692411485654,0.0,0.6913574657089212,0.7154674764909068,0.25,1,0.015664448925773677
UCHounbmpBVBFlkNZ_9n7JjA,3.45111724794471,0.0,0.0,-0.2954125231519581,-0.2470151359973861,-0.2539704295697561,0.0,-0.2217127734342647,-0.2478718084569988,0.0,1,0.13795553089498097
UCHq6TBb0dPN2kdo186YMiCg,3.518835231708357,0.4,0.0,-0.2804028561586754,-0.1813612951675206,-0.3131339787709407,0.0,-0.2217127734342647,-0.2478718084569988,0.0,1,0.13705683567380983
UCHqtlVLOvvdY_0Cfv4S4LFA,-0.1526241285330275,1.4,0.0,-0.0004229253637077,-0.2240093843951177,-0.3029777880004325,0.0,-0.2217127734342647,-0.2478718084569988,0.0,1,0.14611087683235402
UCHrdGvuRuJErIQTFIikwpLg,-0.2344365179370705,0.0,0.0,1.6880278104077269,-0.1695220779686923,-0.0277671759393562,0.0,-0.2217127734342647,-0.2478718084569988,0.0,1,0.1410078560992416
UCHtdSSRRFnfCX5oI4FN6gOw,-0.2994640820513902,0.0,0.0,0.7606501525958584,-0.2397501618071961,-0.2037729857435729,0.0,1.6044277048521072,1.1971371189648596,0.0,1,0.0539137191788851
UCHu6ZVZNIHMeadyhsyJwbjA,-0.2346184713680592,2.2,0.0,0.4931147689922642,-0.3704187948113088,-0.4574267397632156,0.0,-0.2217127734342647,-0.2478718084569988,0.0,1,0.13462185809845711
UCHuDttKPWFeWe5B3VZv76LQ,0.5058968445739561,0.8,0.0,-0.2431368467480903,0.0927324827605167,-0.2450758495885104,0.0,-0.2217127734342647,-0.2478718084569988,0.25,1,0.11964214608181034
UCHuG9TECjndKDdr4m98XwrQ,0.2916268714343881,0.2,0.0,-0.1917487530333634,-0.2720641615906456,-0.3041138830347787,0.0,-0.2217127734342647,-0.2478718084569988,0.0,1,0.16352233915126835
UCHudXXrGZWkCZqFRsD2fU3Q,-0.3284900137703678,0.6,0.0,1.1401927164801189,-0.3753630133574103,-0.3819537853776417,0.0,-0.2217127734342647,-0.2478718084569988,0.0,1,0.14276391909978708
UCHvNDk9ZoxxsyP2NIsYRVTQ,2.893857412623668,-0.4,0.0,-0.2838436110537269,-0.0592155531809734,-0.3206954283978272,0.0,-0.2217127734342647,-0.2478718084569988,0.0,1,0.14105362808934518
UCHwN3xtmg7ai4LFERmfAXqA,-0.3249731943432726,1.2,0.0,3.2372655007735283,-0.4350196283422402,-0.5105605693939445,0.0,0.6913574657089212,3.605485331334624,0.0,-1,-0.006581507191367741
UCHwQM9LCCcvYAqTSFQL09hQ,-0.3060712579694822,2.0,0.0,1.0809011565184703,-0.2634325531624725,-0.362983564061367,0.0,-0.2217127734342647,-0.2478718084569988,0.25,1,0.1152692286939272
UCI0TzL6rSa4XgtfpwE-GiNw,0.7329856702787766,0.6,0.0,-0.052050066501641,-0.3308650464424963,-0.4092392333999378,0.0,-0.2217127734342647,-0.2478718084569988,0.0,1,0.14540074639870337
UCI0VZYWpcMV1gI4r2z_QkBQ,-0.1127404750828618,-0.4,0.0,-0.1021185448517056,-0.2829767582388269,-0.3280421282086005,0.0,-0.2217127734342647,-0.2478718084569988,0.0,1,0.1624501569851985
UCI59icGA3Yr9IhuugvF9g5A,-0.2330231386956163,0.2,0.0,0.0781245988421927,0.6851718647813745,-0.0692199982354264,0.0,-0.2217127734342647,-0.2478718084569988,0.0,1,0.13460422179048515
UCI8R66KwQO4Pl1VMDhchQOQ,-0.0739160986258225,0.2,0.0,-0.1522108451084714,0.8663421586492388,1.2513406426990692,0.0,-0.2217127734342647,-0.2478718084569988,0.5,1,0.0530829154050102
UCI9gH9OakYiZ7qeOusxNnZw,0.0335117065751747,-0.2,0.0,0.8212232340140666,-0.2637649376025466,-0.1630364070174503,0.0,-0.2217127734342647,-0.2478718084569988,0.25,1,0.14200432331329227
UCIB-7-yqD_HbBnXM2kJEnGQ,0.6639636813157257,0.0,0.0,0.0508689216802295,-0.1737599795796365,-0.0321520190315228,0.0,-0.2217127734342647,-0.2478718084569988,0.0,1,0.15463380846003616
UCIChgrdXrnOi6ATjyuUg5Og,0.6779629527478007,-0.4,0.0,-0.2699068115693571,-0.3295936759592131,-0.4011848487726815,0.0,-0.2217127734342647,-0.2478718084569988,0.0,1,0.15685418996990796
UCICugCI-jYbsJ1qpBJdI6Kg,-0.3152982385360959,0.4,0.0,1.4822930452202443,0.4557365803444235,1.2386982138877245,0.0,1.6044277048521072,1.1971371189648596,0.25,-1,-0.018162839930464192
UCIFB9HYsSdUoGdfKp2wI95g,2.2204494645620048,0.2,0.0,-0.2573402368044337,-0.411385177050436,-0.4894065204609615,0.0,-0.2217127734342647,-0.2478718084569988,0.0,1,0.14203360609863958
UCIFYyW40aODb7pNSjI0PXYQ,1.3089456467906253,1.2,0.0,-0.2415316377096704,0.0181098515971775,0.2537988252834638,0.0,-0.2217127734342647,-0.2478718084569988,0.0,1,0.12291050856376912
UCIFqWs7BMEt0yh8_L7ugI3g,-0.1472208690706281,-0.4,0.0,-0.0680734390802019,0.2306569170076095,-0.1061774375607548,0.0,-0.2217127734342647,-0.2478718084569988,0.25,1,0.13374284998091007
UCIGS88I04MYi9HTklEovIKg,31.90111838677211,-0.2,0.0,-0.2957222185886006,-0.1076688949327687,0.2623802145526745,0.0,-0.2217127734342647,-0.2478718084569988,0.0,1,0.006486164491565749
UCIHM2_JlqJVosSlHu_EgbLQ,0.1889721304236615,0.8,0.0,-0.1851213026073705,-0.4423989115668912,-0.5547004830375415,0.0,-0.2217127734342647,-0.2478718084569988,0.25,1,0.1178162230775554
UCIIuNcopOb3_obFMXWM6I0w,3.63030283229215,0.0,0.0,-0.2918365289166733,0.0859628477196577,0.0719450614872573,0.0,-0.2217127734342647,-0.2478718084569988,0.0,1,0.13054794400917014
UCIJxypAnMMl1cLjSE9v-Weg,-0.2238590482526874,-0.4,0.0,0.2587724773913067,-0.1270219789560805,-0.2019171694813365,0.0,-0.2217127734342647,-0.2478718084569988,0.0,1,0.16106199805761368
UCINWBKC6Z8IVDab_qaUOZBw,-0.2476716859507216,-0.4,0.0,2.7682477574102204,-0.1736388966764667,-0.4166558565447051,0.0,-0.2217127734342647,-0.2478718084569988,0.0,1,0.12480063682202563
UCIRZ6M6cxlLOUoVhg_UVdlQ,-0.2470230393838463,1.2,0.0,1.8639233299299829,-0.1813975165488106,-0.214811191681196,0.0,-0.2217127734342647,-0.2478718084569988,0.25,1,0.10579969145290247
UCIWO2ze7Layxv_-j3oZTWSg,-0.1452047446162476,2.4,0.0,1.4614978655568347,-0.3057722079566425,-0.1965737316536544,0.0,0.6913574657089212,2.6421460463867183,0.0,1,0.006494334324540996
UCIWUGDTfoT54Q0NHIkNae-w,-0.2553542613993155,0.4,0.0,0.2155371717179302,0.4613871158256824,0.3725069595673787,0.0,-0.2217127734342647,-0.2478718084569988,0.25,1,0.12251178700115439
UCIY50ZRS92XsX-8OwPvao4w,-0.0087818115023276,-0.4,0.0,0.4978305271855434,0.1340327602780818,-0.000170663114582,0.0,-0.2217127734342647,-0.2478718084569988,0.5,1,0.09121252245692191
UCIYWz9veQch9ZhonEbc5Hsg,0.985664627124142,0.2,0.0,-0.2632886079339216,-0.1226781298048627,-0.1481300755854734,0.0,-0.2217127734342647,-0.2478718084569988,0.25,1,0.14650715567181405
UCIYis9dawTENxxF11hmQTcA,-0.0570564132172905,1.0,0.0,-0.0886005485240381,-0.4043220076988624,-0.3900117420823394,0.0,-0.2217127734342647,-0.2478718084569988,0.5,1,0.08377575763665812
UCIZLiaoFRm5_E43LmSaiQEQ,1.0200595063657345,0.0,0.0,-0.1882734716037132,-0.1640733473260497,-0.0648341744330354,0.0,-0.2217127734342647,-0.2478718084569988,0.0,1,0.15639828632425096
UCIZjTh0NJer4J35KQNpqRFA,4.870724144341632,1.0,0.0,-0.2938048243651402,0.6360828377879376,1.9686348870347257,0.0,-0.2217127734342647,-0.2478718084569988,0.0,1,0.02534045474068658
UCI_oezs0oX0NUhx6ic88pfw,-0.2159716952424462,0.2,0.0,0.3927223353576995,-0.2386906864044601,-0.3598224109885459,0.0,-0.2217127734342647,-0.2478718084569988,0.0,1,0.15888129464788447
UCIcx84vN5-Ea2rSAZT0CIOw,0.4787332370542284,-0.2,0.0,-0.1832353677603629,-0.4304557342996849,-0.4725351953699627,0.0,-0.2217127734342647,-0.2478718084569988,0.5,1,0.09965605211563444
UCIcygDdlHbyifvGSCCwR73w,-0.3066577667874739,3.2,0.0,3.709485469333119,-0.3270877863110025,-0.285017953181769,0.0,-0.2217127734342647,-0.2478718084569988,0.0,1,0.054391801776384696
UCId8qcsQlSQW-xBkFi4wwFg,-0.026956907289793,0.8,0.0,0.5003900199975316,-0.2983102567947886,-0.1263156761444846,0.0,0.6913574657089212,0.7154674764909068,0.0,1,0.09380885108667397
UCIe7t1hfh_ZtcaTDD3_qwyg,0.2452677293395066,-0.4,0.0,-0.2556804554949364,-0.0973566676794712,-0.2972384272679861,0.0,-0.2217127734342647,-0.2478718084569988,0.5,1,0.11107381557777352
UCIfnYcZpWfA29lReIKrDsFw,3.627333675471946,0.0,0.0,-0.2932952218632148,-0.3166378053200408,-0.3944408953683297,0.0,-0.2217127734342647,-0.2478718084569988,0.0,1,0.1289848170804319
UCIh6nJbibP71pdRvNV6AfCg,1.8818500020254183,-0.4,0.0,-0.1689434668015928,0.0925013244908288,0.1539119733030743,0.0,-0.2217127734342647,-0.2478718084569988,0.0,1,0.14454260920917683
UCIhntUb5sVPhbTY0KkvbWfw,-0.0296804338639618,-0.4,0.0,-0.0043451222512425,0.6315624094029305,-0.0630612176922721,0.0,-0.2217127734342647,-0.2478718084569988,0.25,1,0.12423387868144342
UCIiSNSUseFm7SN99n7zw_9w,-0.2756623514600425,0.6,0.0,3.850085706653978,0.1369992914057428,0.0703357224111267,0.0,-0.2217127734342647,-0.2478718084569988,0.0,1,0.06420484012738997
UCIjz6hUaP8qHamCESVTXuJQ,-0.3242250320807751,2.6,0.0,1.7211725852703217,-0.2079658997251146,-0.235341523282476,0.0,-0.2217127734342647,-0.2478718084569988,0.25,1,0.0752898021659611
UCIkBmLnAvv2fApQ1WSuclDQ,-0.0343288138191474,0.4,0.0,-0.014427499866672,-0.3965525214121314,-0.4921452457688485,0.0,3.430568183138479,2.160476403912765,0.5,-1,-0.044357890214468454
UCIlWLFsf3XF-ZzNLtWAQUEg,0.6012549791002274,0.8,0.0,-0.2355382949125334,-0.1222447080491979,-0.0301233677525529,0.0,2.517497943995293,1.6788067614388125,0.5,-1,-0.043234223644360914
UCImBsxvOXfK2QwTwBkhvHjA,-0.1297530367205293,-0.2,0.0,4.089930175523543,-0.4417568052622028,-0.5033877646170166,0.0,-0.2217127734342647,-0.2478718084569988,0.0,1,0.07641039913766373
UCIo3_dlfHgNvTGx2MEfOPFA,-0.2164017516866423,0.4,0.0,0.0429039071382981,-0.2680028392134908,-0.2928622095699508,0.0,-0.2217127734342647,-0.2478718084569988,0.25,1,0.1480606826271441
UCIp8kFqQRf_1J9zlGCfD6ag,-0.3266611545575423,-0.2,0.0,3.989676080984813,-0.4410504883270454,-0.5463147198769881,0.0,-0.2217127734342647,-0.2478718084569988,0.0,1,0.07326603988526764
UCIrBoaQsbP6I-BklX-hBoXw,-0.0882958311473843,-0.4,0.0,0.3877955392502483,0.0365610232263653,0.0532898603004649,0.0,-0.2217127734342647,-0.2478718084569988,0.0,1,0.1536444486151886
UCIsz8huZX0674iyT5Qrq0RQ,-0.1295692317745167,-0.2,0.0,0.0058120199675576,-0.1443973755609517,0.036440233610568,0.0,-0.2217127734342647,-0.2478718084569988,0.5,1,0.1088663152396177
UCIuW9GPH7Xf7MnjyRdCyiRg,5.311270859515455,0.8,0.0,1.7898545202635994,1.0223739906885478,1.3728444332933722,0.0,-0.2217127734342647,-0.2478718084569988,0.0,-1,-0.00012751241358299747
UCIut4kCQ2XHoqQNlZeyxltA,-0.2821443035753873,4.6,0.0,0.8333157117371484,-0.2891923472682117,-0.3034998367685785,0.0,0.6913574657089212,0.7154674764909068,0.0,1,0.023383948848338165
UCIv96egh9ZEqq0LGZCfTs9Q,0.2645934055285329,-0.2,0.0,-0.1579512963528145,-0.3047313198416738,-0.2920379990353288,0.0,-0.2217127734342647,-0.2478718084569988,0.0,1,0.16423268705814564
UCIzEDge8YALYLYR-cdbvmTg,-0.2940711237453058,2.4,0.0,1.5511203164240912,-0.0216097525701738,0.166325730639327,0.0,-0.2217127734342647,-0.2478718084569988,0.0,1,0.1013258704350053
UCJ-PRvq0JvqP5lTSPghNlvg,1.313733353898745,0.0,0.0,-0.2749982393325774,-0.0060601586894162,0.3464242089513846,0.0,-0.2217127734342647,-0.2478718084569988,0.25,1,0.13371304481856744
UCJ-fC7bPLw5uCm2z6mRVzCw,-0.2592129870287469,2.2,0.0,0.5356814565687679,-0.312265367150019,-0.5120199107507013,0.0,7.082849139711223,6.495503186178341,0.5,-1,-0.13114805849781086
UCJ0jTXCPEbm2FtHqWj_09wg,6.846072364428691,0.0,0.0,-0.2839479222143915,0.0139185203336064,0.356487628630018,0.0,0.6913574657089212,0.7154674764909068,0.0,1,0.03907085028892521
UCJ10H7JDjKikK7LG1ItesPA,7.252456010807008,1.4,0.0,2.3834101454301493,0.5811919216842795,0.8539671138729251,0.0,-0.2217127734342647,-0.2478718084569988,0.0,1,0.015783512825299995
UCJ1CyNmjy1SGIFeORxlyPAg,-0.3143165316064951,-0.4,0.0,2.737450070112242,-0.1490590673329903,-0.2339035997298094,0.0,-0.2217127734342647,-0.2478718084569988,0.0,1,0.1263469201345752
UCJ1f4W-pr94N6mMaTdVMOUw,8.926072758296431,6.0,0.0,-0.2777214146912153,-0.0516789605863753,0.5973249058353816,0.0,-0.2217127734342647,-0.2478718084569988,0.0,-1,-0.03294688265311552
UCJ1w_7wVsY95U__eo0xdpbg,0.48454480607527,0.0,0.0,-0.178777404973892,-0.2512530376083303,-0.2484830740688885,0.0,-0.2217127734342647,-0.2478718084569988,0.0,1,0.16443673527610808
UCJ22QVKUqxACcXxeDY11P5g,0.1160993337357174,0.2,0.0,-0.1670183152642766,-0.5062082255953124,-0.5474252291128098,0.0,-0.2217127734342647,-0.2478718084569988,0.25,1,0.12783254994222587
UCJ4S0vDCeOUQQbEBSuTr_Vw,0.0828039514431575,-0.4,0.0,0.1119879652467186,0.4145818469225876,0.7046535261215722,0.0,-0.2217127734342647,-0.2478718084569988,0.25,1,0.11599704543927952
UCJ5RYEq9Vj0T-VfihkqY6rw,-0.2629495126665986,1.4,0.0,0.4489070361913445,-0.3102809529036245,-0.4199078735564103,0.0,-0.2217127734342647,-0.2478718084569988,0.25,1,0.12718702315006963
UCJ7IhXj8cs02NFkdDYDOYzw,-0.2741790205948231,2.0,0.0,1.523070410391779,-0.2200563837328084,-0.1172915685113684,0.0,0.6913574657089212,0.7154674764909068,0.0,1,0.061350153685655384
UCJ8efZFZ8NgCHhUAigzqI5w,-0.2778298359387912,-0.4,0.0,0.1418936280335426,-0.3465452824029899,-0.3365667684503155,0.0,-0.2217127734342647,-0.2478718084569988,0.0,1,0.1632691169681722
UCJ9igqsG4YRsPVP6ypfA--g,-0.221054608941795,1.0,0.0,0.233136284526076,-0.3269803032991308,-0.3902944132866963,0.0,-0.2217127734342647,-0.2478718084569988,0.25,1,0.13112726174293088
UCJA0xWV0LuNTFwKdeX_c1pg,-0.1103184914480956,2.6,0.0,0.1520288719032369,-0.1876239719925825,-0.1938494167424649,0.0,-0.2217127734342647,-0.2478718084569988,0.25,1,0.10209374983448088
UCJAvjBImqTOxcKhRa4dfXBA,0.5106933824553217,-0.4,0.0,-0.1485065076721792,0.0704642361139189,-0.064720265433557,0.0,-0.2217127734342647,-0.2478718084569988,0.25,1,0.14509772502646662
UCJB36JSkIPDSaZdTMuEquqQ,0.181187492887184,0.2,0.0,-0.1831968937029607,-0.2386906864044601,-0.3888066145852602,0.0,-0.2217127734342647,-0.2478718084569988,0.5,1,0.10537720200324907
UCJBkt9-oZdjebUNjUBcqt8A,0.7486896820892542,0.4,0.0,5.894064374120985,-0.4389315375215733,-0.6003272946293761,0.0,-0.2217127734342647,-0.2478718084569988,0.0,1,0.004227326787994423
UCJCLl_yLTgIHySnhujMBxbQ,0.0200529428744511,-0.4,0.0,-0.1798378101237245,-0.3906194591568094,-0.525499141311893,0.0,-0.2217127734342647,-0.2478718084569988,0.0,1,0.15091589764824598
UCJFhyccskiDJ5AJ5sKNHDiw,2.8431111056795686,5.8,0.0,1.6543090358135164,0.2239469061236145,0.6716259249459802,0.0,-0.2217127734342647,-0.2478718084569988,0.0,-1,-0.03337981881750918
UCJHEjhVZD_8xbKaYvsLkMGg,1.6155123936005404,-0.4,0.0,-0.2773820214424843,-0.2863670795275823,-0.4802142037875249,0.0,-0.2217127734342647,-0.2478718084569988,0.0,1,0.15278476925316647
UCJJlnST3Sdk0Wi319dCPX-A,-0.2992431121492607,1.6,0.0,1.0712432064022763,-0.0479144822184555,-0.3128898501776522,0.0,-0.2217127734342647,-0.2478718084569988,0.0,1,0.134907125127324
UCJKZfNmEW0MWpyw0VRVkz1A,4.92694937038479,-0.4,0.0,-0.2844530722826043,-0.4389315375215733,-0.4410093298944912,0.0,-0.2217127734342647,-0.2478718084569988,0.0,1,0.11589898796791909
UCJMgVeEoQkWL_ppHrSN5QQQ,7.42222452043143,-0.4,0.0,-0.2992797632864896,-0.4753774913756933,-0.5529259797003396,0.0,-0.2217127734342647,-0.2478718084569988,0.75,-1,-0.024038111970461795
UCJNU85vNbc0XVLVUFh_n8xA,0.2421267855889911,-0.2,0.0,-0.1879866958713459,-0.000308720788849,0.4640452070138094,0.0,-0.2217127734342647,-0.2478718084569988,0.5,1,0.09301842493290335
UCJNkqBt4Cly0S1ugI5xg_-w,-0.3185072843755828,-0.4,0.0,2.887469387596428,-0.282129177916638,-0.3136342940632248,0.0,-0.2217127734342647,-0.2478718084569988,0.0,1,0.12532755885687702
UCJO5OTLmo7wOAm9kAdZK_Dw,0.0396833111085982,-0.4,0.0,-0.1006990525445305,-0.2049993685974537,-0.1672902495887575,0.0,-0.2217127734342647,-0.2478718084569988,0.0,1,0.16409239806317027
UCJOMnbsM59uzLl7cUtQl2WA,-0.1792688680945183,0.8,0.0,-0.1082349696544363,-0.3765188047058497,-0.3830044852575744,0.0,-0.2217127734342647,-0.2478718084569988,0.25,1,0.1308708753301146
UCJPQGeUxT9LaCYa5r7HMuWA,-0.2523155886059403,-0.2,0.0,0.0707308554111796,-0.3209766093502931,-0.3844833665552349,0.0,-0.2217127734342647,-0.2478718084569988,0.25,1,0.14797545099434617
UCJQr0Ol9FKFUvy9Y8ygJeGA,-0.3374349521622817,-0.2,0.0,2.414448556665431,-0.3732440625519382,-0.4601016410050669,0.0,-0.2217127734342647,-0.2478718084569988,0.0,1,0.12745765037688955
UCJQw9j7CYrxv4rjVazw-KFg,-0.3034312391334053,5.6,0.0,0.9061965386734387,-0.246577892180384,-0.3578838644596405,0.0,-0.2217127734342647,-0.2478718084569988,0.25,1,0.03076094999030088
UCJR3ooZUg4yyhK9TkbuK0-w,-0.1904228077466928,-0.2,0.0,0.245334458183505,0.0893935299761363,-0.1611785574630502,0.0,-0.2217127734342647,-0.2478718084569988,0.25,1,0.13622552011909533
UCJS4DGBn25_RSHFUNDo1agA,0.0555585116676108,1.2,0.0,-0.1481945577829078,-0.3020147162449147,-0.3395698746750951,0.0,0.6913574657089212,1.6788067614388125,0.25,1,0.03825941227115526
UCJTojC31Q7K7zBE37-ZSxjw,6.486903361078043,-0.2,0.0,-0.2906141723452701,-0.2220922384282619,0.2385223151553626,0.0,-0.2217127734342647,-0.2478718084569988,0.0,1,0.11732443561153844
UCJULrzO4zV57_AVJRbDnznA,-0.3179279245321783,2.0,0.0,0.4870990469442814,-0.3870795648700208,-0.5076553189560226,0.0,1.6044277048521072,2.160476403912765,0.0,1,0.02295398426274642
UCJUpTjrz2fKlscksJWWle4w,-0.1859991175556393,0.2,0.0,2.441896754021079,-0.2291554077798356,-0.3753722075359669,0.0,-0.2217127734342647,-0.2478718084569988,0.0,1,0.12623635741020295
UCJWF7zV80aFlZwc9Xz8_V6A,-0.226771245737973,0.0,0.0,-0.0728887412526207,-0.4195582730143998,-0.3933637440673567,0.0,0.6913574657089212,0.7154674764909068,0.25,1,0.07250527231760573
UCJX0Z73fXAvEfyZ7BLRTbVQ,0.265704011567709,-0.4,0.0,-0.1998681541660246,-0.245683224062518,-0.3683155496058894,0.0,-0.2217127734342647,-0.2478718084569988,0.0,1,0.16275841638424476
UCJXaNoaAAekMOjiTA52DocA,-0.0985400281274587,0.0,0.0,4.1052401337896,-0.3977633504438296,-0.3675337958831774,0.0,-0.2217127734342647,-0.2478718084569988,0.0,1,0.08310594586916292
UCJYFMvBeWFACoaJ42LSXMXA,-0.2359095832901144,-0.4,0.0,0.4256630783367622,-0.4016380033452644,-0.5314998649510154,0.0,-0.2217127734342647,-0.2478718084569988,0.25,1,0.12954446283893012
UCJYQ9HhkLAqIicJ9DrmsdLQ,-0.0959774640065115,-0.4,0.0,0.0656045907162928,0.1848875796094121,0.0634384378130701,0.0,-0.2217127734342647,-0.2478718084569988,0.25,1,0.13631765801117207
UCJZC8Ne57-pQv0wY3la_zxQ,-0.2290200790540916,0.2,0.0,0.5926899923753874,0.0314755412932323,0.1553766221605779,0.0,1.6044277048521072,1.1971371189648596,0.0,1,0.043924752478650686
UCJZmMp35VWVxoxVwKhbp7PA,5.103830525469528,-0.4,0.0,-0.2848585807573706,-0.1838098605427327,-0.3700507737071019,0.0,-0.2217127734342647,-0.2478718084569988,0.0,1,0.12336837184948724
UCJaMo-yoEyrfsojR3--qRLg,-0.24196595626123,-0.2,0.0,-0.0925802082064916,-0.5060316463615231,-0.5307310342915138,0.0,0.6913574657089212,0.7154674764909068,0.0,1,0.07815213355507555
UCJbzOc5EU4CP3eTp7xwc_CQ,0.4126188336208579,0.4,0.0,0.0438500156525797,1.098955869294398,0.9180092972095488,0.0,-0.2217127734342647,-0.2478718084569988,0.0,1,0.09342722735113451
UCJd1jEOP47wUCypDh3zVFjQ,-0.272952588010395,1.2,0.0,1.7320929102875835,0.2401106975243312,0.4146549670707842,0.0,-0.2217127734342647,-0.2478718084569988,0.0,1,0.10672767263168115
UCJdTxETmZZxm1evck_IA6uw,1.9802733089625728,-0.4,0.0,-0.2886280277354203,-0.4338460555884402,-0.4186878519432881,0.0,-0.2217127734342647,-0.2478718084569988,0.25,1,0.12445102519812384
UCJeO8r3kD3jEHecuOAcQ_ag,-0.3510827907410365,0.8,0.0,4.477286632138084,-0.2663333628213006,-0.4703954186163541,0.0,-0.2217127734342647,-0.2478718084569988,0.0,1,0.06717251130491197
UCJeX9EdxerDA_UwTXh_NpZA,0.0773200248375561,0.2,0.0,-0.1293942912978398,0.2322461301117136,0.5373249987974554,0.0,-0.2217127734342647,-0.2478718084569988,0.0,1,0.14189528408082086
UCJelg0VQxWMY2RQz54c5weg,-0.2523417454636421,0.6,0.0,0.7302688753016932,-0.1651630934545783,-0.1100336733875317,0.0,-0.2217127734342647,-0.2478718084569988,0.25,1,0.13360070120059409
UCJfJAewcxF60YrGvDtpJTpg,0.9333538346542348,1.2,0.0,-0.248771529630819,-0.0441547028405409,-0.0654991954577606,0.0,-0.2217127734342647,-0.2478718084569988,0.25,1,0.12196087784844178
UCJhN9x3_1hDvxASC1Z41ETA,-0.1678353007080428,-0.4,0.0,0.3495748555147079,-0.0651486154362952,-0.1351870609470916,0.0,-0.2217127734342647,-0.2478718084569988,0.0,1,0.15422106502187538
UCJi_YSz_syE4_-zEEHpuFzQ,1.2255518201401794,-0.4,0.0,-0.0854927559599522,-0.3796009149683546,-0.4873187762500195,0.0,-0.2217127734342647,-0.2478718084569988,0.0,1,0.14718801406398824
UCJicAXh0_sdGP5zOmkNWEQw,0.7080044572893622,0.6,0.0,-0.0156376975907768,1.0218731477708909,1.6714282438366057,0.0,-0.2217127734342647,-0.2478718084569988,0.0,1,0.05836713277776984
UCJjr7Fvt9itt4LMeU7EYTpw,-0.0179572130188573,-0.2,0.0,1.967963447879808,-0.0970741409054082,-0.110714275056479,0.0,-0.2217127734342647,-0.2478718084569988,0.0,1,0.14207901566090747
UCJkCKwWQTe1gmTrss409nZg,-0.1369815196935254,-0.4,0.0,0.1644701944736585,-0.3050138466157368,-0.4394761326017058,0.0,-0.2217127734342647,-0.2478718084569988,0.25,1,0.1427265067293474
UCJkVKu8RezbgbOZ6O_yjBrg,1.3130168175844816,0.6,0.0,-0.2165752698965274,0.3382996179255921,0.3791169901506819,0.0,-0.2217127734342647,-0.2478718084569988,0.5,1,0.057394928887818275
UCJkq1E0mhfWHEW8b5_OQ0Og,0.4282420183845634,0.6,0.0,-0.1503621282641944,0.5764696884606559,0.6138614564502858,0.0,0.6913574657089212,0.7154674764909068,0.0,1,0.05291214487898499
UCJlZJIc14IZ7jKkKTuicCiA,-0.2550780578805772,2.4,0.0,0.5277560160911335,-0.1857726781309595,-0.2288010954717351,0.0,-0.2217127734342647,-0.2478718084569988,0.5,1,0.07179761897187315
UCJl_BAwNPpp7c7knvzz9xqA,-0.2071985437808441,-0.2,0.0,0.2781985326435895,-0.164174249745358,-0.2263430083177125,0.0,-0.2217127734342647,-0.2478718084569988,0.0,1,0.16442646517916804
UCJmuTfLf2YxbTLVaKdVQeGw,-0.2178887707301849,9.8,0.0,1.588470104807729,-0.2939347609756969,-0.350838247446452,0.0,-0.2217127734342647,-0.2478718084569988,0.0,-1,-0.016877319703021643
UCJnEET48xtf1DFr3ULx605w,0.9336964296719504,-0.4,0.0,-0.2612998770165153,-0.1694009950655225,-0.0857506036388659,0.0,-0.2217127734342647,-0.2478718084569988,0.0,1,0.159361739165647
UCJp5UaAYXanpEWtSzQOEbXQ,-0.3473860458980896,0.2,0.0,4.522305646557695,-0.4622399963817664,-0.5076657238876542,0.0,0.6913574657089212,0.7154674764909068,0.0,1,0.004702457876205157
UCJrO9dyQQnKjRNOxAKho5ZQ,-0.2686494858275612,-0.2,0.0,4.056619245817155,-0.3499356036917452,-0.4483423907636784,0.0,-0.2217127734342647,-0.2478718084569988,0.0,1,0.08776833653868082
UCJrd0Li-F3K3VgT-YL1t5RQ,-0.1139665777876335,1.8,0.0,0.3863441598330151,4.66826964136755,3.795095091259805,0.0,-0.2217127734342647,-0.2478718084569988,0.0,-1,-0.09697268019454575
UCJs1iZV0tf7Yuj6NjJNnvzA,-0.0882449313161808,-0.2,0.0,-0.0754411161416261,0.2426643049052848,0.2589594195344518,0.0,-0.2217127734342647,-0.2478718084569988,0.25,1,0.13502274218804616
UCJt38Oo-PA6VEu0w3wkSaTA,0.3209854699073028,-0.4,0.0,-0.1195583851842622,-0.4177420294668523,-0.4858277185270128,0.0,-0.2217127734342647,-0.2478718084569988,0.0,1,0.15545573698077875
UCJtmGL916BF9-EousyS3BHQ,-0.0007057049513734,0.6,0.0,-0.0201992027778599,-0.2096610603694923,-0.3202105997088526,0.0,-0.2217127734342647,-0.2478718084569988,0.5,1,0.10529871741835728
UCJvK-fWapn0Wxcn-9WLybJw,-0.0931682780843758,0.0,0.0,-0.0845157766496709,-0.0520716618939531,-0.2702946464382844,0.0,-0.2217127734342647,-0.2478718084569988,0.0,1,0.1633596851369727
UCJwSwlV2b-wNMiy4Kyq45fA,0.4047744694230815,0.0,0.0,4.95429478919487,-0.437720708489875,-0.5712138244740781,0.0,-0.2217127734342647,-0.2478718084569988,0.0,1,0.021824327726653547
UCJxaNTe5NEF1ewIv1qCbIKQ,-0.0036324452455742,-0.4,0.0,-0.1243588482322167,-0.3957049410899425,-0.4376381968646479,0.0,-0.2217127734342647,-0.2478718084569988,0.5,1,0.10730679366714801
UCJy6XBK4s2e9qY3wBclOeMg,0.2303159039234805,0.6,0.0,-0.2352192963075181,-0.0070893633663597,-0.0181578280605141,0.0,-0.2217127734342647,-0.2478718084569988,0.25,1,0.1360039591791738
UCJydCjxYk8EXl5DGwxsArsg,1.2387030640273815,-0.2,0.0,-0.2583424434222759,-0.2524638666400287,-0.2696928742537814,0.0,-0.2217127734342647,-0.2478718084569988,0.0,1,0.16180806604999126
UCJz3aHk2yzhYnn79l_vMaHw,-0.2177673281765694,-0.2,0.0,0.1274062695653189,-0.5017937447505788,-0.528141398823675,0.0,-0.2217127734342647,-0.2478718084569988,0.25,1,0.12970701508862764
UCJzcjyFJfsc5yIGPFdCFOHQ,-0.0936445550763514,-0.4,0.0,1.2766007992173478,0.0619884328920305,-0.1058060662263935,0.0,-0.2217127734342647,-0.2478718084569988,0.0,1,0.13878917884719
UCK-MpPSnKHIbevDsJizLN4A,2.28610070309616,-0.4,0.0,-0.2899857243875558,-0.4262178326887407,-0.4169059050832626,0.0,-0.2217127734342647,-0.2478718084569988,0.25,1,0.11927215267116287
UCK036Q0eohGBZC_N5DHYkSA,0.1687325617205972,0.0,0.0,0.6717990098010792,-0.274864203726448,-0.4721135459194394,0.0,-0.2217127734342647,-0.2478718084569988,0.0,1,0.15710576300245543
UCK0y3iTYCC0niTi0QS3p_rw,3.133384140912477,0.0,0.0,-0.2694714540629827,-0.4570939729970484,-0.5129651279268846,0.0,-0.2217127734342647,-0.2478718084569988,0.0,1,0.1291682603454874
UCK2rn6pdf5jMmgPFaX_vU1g,0.6538406744099453,-0.4,0.0,-0.2719280547233053,0.2993109231049055,0.4181061376136299,0.0,-0.2217127734342647,-0.2478718084569988,0.25,1,0.12374614648457283
UCK42_mpjxeX6oX0GzQ1N6LQ,-0.2372026813828317,0.0,0.0,0.116509456249775,-0.0156711141285218,-0.1799162199831738,0.0,-0.2217127734342647,-0.2478718084569988,0.0,1,0.15831690846289248
UCK8D-7ipayTAflMD09NlI-Q,6.5174423761225135,0.2,0.0,-0.2024932645982977,-0.0967209824378295,-0.3012633610326182,0.0,-0.2217127734342647,-0.2478718084569988,0.0,1,0.12689631988735406
UCK8Fy84XupSnTEPsQbYRodg,-0.3520026723706148,0.4,0.0,4.856515630040935,-0.0273842033032147,-0.1175294339261311,0.0,-0.2217127734342647,-0.2478718084569988,0.0,1,0.04568895831915615
UCK8Ie3Wzo_v79xCBgYMaWrQ,0.1780884354560964,-0.4,0.0,-0.1520666632366238,-0.1888953424758657,-0.1921842364738854,0.0,-0.2217127734342647,-0.2478718084569988,0.25,1,0.1530899464395637
UCKAR1Xzu55ZGZe6pZVg-Cyg,0.0369941033600137,-0.4,0.0,-0.110755599864916,-0.1143082741232479,-0.1184731647909441,0.0,-0.2217127734342647,-0.2478718084569988,0.25,1,0.15194174821003842
UCKBYRwVjh6bn9dJyMoeDr6A,-0.2253889797175155,1.2,0.0,0.0675059077675991,-0.0686041352113728,-0.1704634720557653,0.0,0.6913574657089212,0.7154674764909068,0.25,1,0.07100677360942281
UCKBeO4KkYnTEnYJPFGQZitQ,-0.2927491420182151,-0.2,0.0,3.3316100245878117,0.1974600210552133,-0.1562128634439154,0.0,-0.2217127734342647,-0.2478718084569988,0.0,1,0.0846011391362288
UCKCG91b9Yez3AEaVqwcFfBg,-0.3341941275922021,0.0,0.0,1.290795218443951,0.1834345847713742,-0.0897861079006584,0.0,-0.2217127734342647,-0.2478718084569988,0.0,1,0.13372637737003545
UCKCncIyOS831QUoacCrJLPA,-0.0373196501970861,-0.4,0.0,0.5198802598516897,-0.0744719989803725,0.0188070223775087,0.0,-0.2217127734342647,-0.2478718084569988,0.0,1,0.152573983486467
UCKE1pFEf1puwkU76z2Z02Og,-0.3377012336866333,0.4,0.0,1.0681028323614978,0.1181170853392026,0.5020992164319181,0.0,-0.2217127734342647,-0.2478718084569988,0.0,1,0.13253588208016015
UCKE98tJiYD3_Kkbd8cf7Kbg,2.9399617525873456,0.0,0.0,-0.2937154408612896,0.5430508071857817,0.0664739821474529,0.0,-0.2217127734342647,-0.2478718084569988,0.0,1,0.11655800486377788
UCKED68JWmO_n20tke_BRJQA,-0.1951709338658044,0.0,0.0,0.2768773437616496,-0.1707329070003906,-0.290181308379256,0.0,-0.2217127734342647,-0.2478718084569988,0.5,1,0.10544926061311682
UCKEdInYW3ajoEzolFDeXesA,-0.1630464749223141,0.8,0.0,0.9269839306299588,0.2375916650982454,0.4853644884916155,0.0,-0.2217127734342647,-0.2478718084569988,0.0,1,0.12280230766336658
UCKEy2jZPzhyM2_mB1xxxgCA,0.5543442293649172,0.2,0.0,-0.241794761611488,-0.1020183594515097,-0.0658359137189368,0.0,-0.2217127734342647,-0.2478718084569988,0.0,1,0.15646293378422665
UCKF5zVkzv9lG1m5BtqYzmzA,0.7562808263595753,-0.4,0.0,-0.2552944624895444,-0.3601065675580113,-0.3932177943551823,0.0,-0.2217127734342647,-0.2478718084569988,0.0,1,0.15589236711233806
UCKF95oyzOefzQpWOX3C4Pew,1.3297001461869835,0.0,0.0,-0.2815374463170809,-0.3317731682162701,-0.4581413925936922,0.0,-0.2217127734342647,-0.2478718084569988,0.5,1,0.08604703761241822
UCKG2TD8hFxHBZLFj8_upznw,0.948957895727798,-0.4,0.0,-0.2680846068561265,-0.3423073807920456,-0.3109876917878147,0.0,-0.2217127734342647,-0.2478718084569988,0.0,1,0.15840520762638077
UCKG6PCKy5kVATpmSB50VJZw,0.6182388346041353,2.2,0.0,-0.2186673845796566,0.9320296336188738,1.0968243550543886,0.0,-0.2217127734342647,-0.2478718084569988,0.25,1,0.03377012342739755
UCKGU7SRNk6wa13UBT8xMP_A,-0.3076072976059847,1.0,0.0,2.4084633913498243,-0.0327992998060879,0.1639334401691783,0.0,-0.2217127734342647,-0.2478718084569988,0.0,1,0.10646958919836846
UCKH3o0lnmgLJ5erzPFcHkDw,0.0,0.2,0.0,-0.1161173908450386,0.242311146437706,0.5388715509628481,0.0,-0.2217127734342647,-0.2478718084569988,0.25,1,0.12826522836961163
UCKHN3NcDui5tws5VhlTh3fA,0.1883293754529242,0.2,0.0,0.8010999714476529,-0.3112647514918794,-0.396894094540915,0.0,-0.2217127734342647,-0.2478718084569988,0.0,1,0.15076944278766957
UCKIJEO7ZQldZMzjYACzSzXA,-0.2266818680581812,-0.2,0.0,-0.0015878178529938,-0.4523515592895633,-0.5403400106147492,0.0,-0.2217127734342647,-0.2478718084569988,0.0,1,0.15341913953023834
UCKJSXnMQv8znickZQpiQyyg,3.5634267829057507,0.4,0.0,-0.2873696675173756,-0.3348675090750547,-0.459948353473579,0.0,-0.2217127734342647,-0.2478718084569988,0.0,1,0.13057354614323285
UCKNK94GclrIH3FYZLBI2cRQ,-0.2583479255456543,-0.4,0.0,0.5689326478092043,-0.3575638265914447,-0.2397831847798678,0.0,-0.2217127734342647,-0.2478718084569988,0.0,1,0.1580962443935235
UCKNXK-jSe7Uws637VrSnDAA,0.844232906910811,-0.2,0.0,-0.2514963338041573,-0.1839511239297642,-0.4136742740851549,0.0,-0.2217127734342647,-0.2478718084569988,0.0,1,0.15953954531771158
UCKQ5aXoMGnL_nNMKn4UhspA,0.0,0.0,0.0,0.0,-0.4050283246340197,-0.4615607255546292,0.0,-0.2217127734342647,-0.2478718084569988,0.0,1,0.16001580653549208
UCKQoepgoXPPXCm4EXBZ0RHw,-0.2328000517781954,9.2,0.0,0.787602499903844,-0.2396702013994424,-0.3453121993831284,0.0,-0.2217127734342647,-0.2478718084569988,0.0,-1,-0.0032968647189639544
UCKWILPzNeVFhnlHyCfiCzwA,4.649709300892964,3.4,0.0,-0.2416026467206496,5.307663046918755,12.370527697936266,0.0,-0.2217127734342647,-0.2478718084569988,0.0,-1,-0.16919001280407564
UCKYzQfwdX_aYo50RUKlwZUA,-0.3393323847588119,1.6,0.0,5.741411675974649,-0.3714076385205291,-0.4968395509190439,0.0,3.430568183138479,6.013833543704388,0.0,-1,-0.12840954463402654
UCK_Bf5cbN8i86JM46h-zOLQ,-0.107875299550328,-0.4,0.0,-0.1596713859368445,-0.0965090873572823,0.0699749468601941,0.0,-0.2217127734342647,-0.2478718084569988,0.0,1,0.15811562694255837
UCKaPp5CQo4Id55X4OIlk65Q,1.7169918112362048,-0.2,0.0,3.11150182104509,0.262441179089691,-0.013910123907893,0.0,-0.2217127734342647,-0.2478718084569988,0.0,1,0.07576587019745856
UCKcUfoeKp75eh9dJKy8KNwQ,0.7864008014742422,-0.4,0.0,-0.1446917944012645,0.35440364404718,-0.0542055179131916,0.0,-0.2217127734342647,-0.2478718084569988,0.0,1,0.1409218725137658
UCKdCoO2xMJpzInq54XcRrSA,1.7001969877653522,-0.4,0.0,-0.2483403743440163,-0.1117655331566814,-0.1553584957488167,0.0,-0.2217127734342647,-0.2478718084569988,0.0,1,0.15670844820671825
UCKga2g4ArDsV3QRzgTVHkTw,0.009122204123501,-0.4,0.0,0.1165149178143047,-0.4313033146218737,-0.4637055342796418,0.0,-0.2217127734342647,-0.2478718084569988,0.25,1,0.1353887905383767
UCKhkVHPnUxB4VDK23fqafzg,-0.2085611746786876,1.0,0.0,0.3698649127038761,0.1571999557512434,0.1267233389473466,0.0,-0.2217127734342647,-0.2478718084569988,0.25,1,0.1200895757249244
UCKj4L52BQ2eLJ45IHSH-uyw,2.2611597858064485,-0.4,0.0,-0.2881356791522294,0.1628504912325024,0.6872230235319712,0.0,-0.2217127734342647,-0.2478718084569988,0.0,1,0.1224617321881859
UCKjHuspfgaAH7EOnEwH0a1g,-0.2885145588389244,0.2,0.0,2.7910933832081124,0.1607315404270303,0.111820137745074,0.0,-0.2217127734342647,-0.2478718084569988,0.0,1,0.10529856110351438
UCKk7L-IIr_H-TS0C2FPk-2g,0.6502597770258328,0.4,0.0,-0.2211094048983283,0.5678055340560588,-0.0321844924379507,0.0,-0.2217127734342647,-0.2478718084569988,0.0,1,0.12979294344754072
UCKkC7aNFOEL4Fzkojh8_zGg,-0.2671127704375808,0.2,0.0,0.490756146185018,-0.171943736032089,-0.2668461512718096,0.0,2.517497943995293,1.6788067614388125,0.0,1,0.02152013776830558
UCKl2ZSGMKMnIN5QiPAmb9Vg,-0.1432591655419562,-0.4,0.0,0.1635611170798432,-0.2363598405184407,-0.299790493782977,0.0,-0.2217127734342647,-0.2478718084569988,0.25,1,0.14977371781044013
UCKlRPQI_KGGmefo_Esw-9RQ,-0.2661787231878917,-0.2,0.0,0.333884332016816,-0.2079658997251146,-0.3283794507279003,0.0,-0.2217127734342647,-0.2478718084569988,0.25,1,0.1532152390395874
UCKltxhASFYKqfH-B0xSzXRQ,-0.2267433720208854,-0.4,0.0,0.0,1.4782951512695806,1.6207716913832722,0.0,-0.2217127734342647,-0.2478718084569988,0.25,1,0.05119259555887784
UCKmKXCwuHwi6TYJRrDYovag,2.551564531085378,-0.4,0.0,-0.2811226773768223,-0.3584114069136336,-0.3311896132878267,0.0,-0.2217127734342647,-0.2478718084569988,0.0,1,0.14234198390953506
UCKmoUByX84VlPofWHGJwPbQ,-0.1793828969371495,0.0,0.0,0.5076910370234502,-0.3559897488502369,-0.377306684120606,0.0,-0.2217127734342647,-0.2478718084569988,0.25,1,0.14144973372901004
UCKnU-wOy9EeFU0_VJeYQ6jg,-0.3153083071053996,3.0,0.0,2.648581565749776,-0.0931572924468082,-0.2795060357021505,0.0,-0.2217127734342647,-0.2478718084569988,0.5,1,0.000805203479946559
UCKnUFvifVMD_Cm9EbP-N8lQ,-0.0069748674946036,-0.4,0.0,-0.0278975823600698,-0.3787533346461657,-0.4678582437391428,0.0,-0.2217127734342647,-0.2478718084569988,0.5,1,0.10454831182296204
UCKnsn7hPNmhCqziJfZTYa7w,3.669608308096204,-0.2,0.0,-0.2960670055483396,-0.1740626868375611,-0.3967256612819625,0.0,-0.2217127734342647,-0.2478718084569988,0.25,1,0.11251587189781581
UCKoNd1bK_QcDaQ9VsOZVauQ,0.4419574020676046,-0.4,0.0,-0.2218408171147056,-0.3117944891932474,-0.552841860175555,0.0,-0.2217127734342647,-0.2478718084569988,0.25,1,0.13450519807349348
UCKoOXrdJ8G444u7VYhQ6olQ,-0.3105746870709384,-0.2,0.0,0.998381768626928,-0.1055499441272966,0.0365394606407981,0.0,-0.2217127734342647,-0.2478718084569988,0.25,1,0.1350078246112006
UCKpcGZGw11y6sMkqLACXL-A,0.3394541555355453,0.2,0.0,-0.1935570378705277,-0.2699452107851735,-0.2327480025442436,0.0,-0.2217127734342647,-0.2478718084569988,0.0,1,0.16337365980101853
UCKqErh0-wWVJQ9K-5j4LKsg,-0.054412449763109,0.2,0.0,-0.0831719635429343,-0.2423988503140362,0.0966880342487568,0.0,-0.2217127734342647,-0.2478718084569988,0.25,1,0.14419333707253845
UCKqnolV4Merceiwp1vIfiDQ,-0.031706731906158,0.0,0.0,-0.0020885188682189,-0.4728347504091268,-0.4787008649887433,0.0,-0.2217127734342647,-0.2478718084569988,0.0,1,0.1555032596193724
UCKrGHsSd7KAvY0XzfXYgntg,-0.2795646718523103,0.0,0.0,0.5834522719371243,-0.158019202167558,-0.4043627668748252,0.0,-0.2217127734342647,-0.2478718084569988,0.5,1,0.0932957527979541
UCKruRnsA98g_W9nrwZy41Xw,-0.316857887464441,0.0,0.0,1.2916103807547474,-0.3529626762709911,-0.3918632592656229,0.0,-0.2217127734342647,-0.2478718084569988,0.0,1,0.14129110020205088
UCKsYLVrkoi5XM_ldCuM3nUw,-0.197309938677094,0.0,0.0,-0.0095937189028751,-0.4576993875128976,-0.5074199367961026,0.0,-0.2217127734342647,-0.2478718084569988,0.5,1,0.09341865899355506
UCKumhTl9x-hlvku3EZlCKug,0.2909545694972418,-0.4,0.0,-0.1663363125604949,-0.3770581740017881,-0.4533483226534208,0.0,-0.2217127734342647,-0.2478718084569988,0.25,1,0.14519581567451473
UCKv1S7WgHRFzDxr17RtTCKw,0.0293230746323873,-0.2,0.0,0.1754678081316802,0.117646207382431,0.240919102210707,0.0,-0.2217127734342647,-0.2478718084569988,0.0,1,0.14984621808016196
UCKvz4reZG7X0cKkQa6t_PZw,-0.3111612953309134,3.2,0.0,1.9655037423324493,-0.3132685419274889,-0.4260485955156541,0.0,-0.2217127734342647,-0.2478718084569988,0.0,1,0.09542080770996186
UCKwJJysQwopS4dmdi3zTClw,0.7498759309331358,-0.4,0.0,0.4583869476345765,-0.3948573607677536,-0.4534841502140631,0.0,-0.2217127734342647,-0.2478718084569988,0.25,1,0.13105889123454384
UCKwbC24BFP-f6NLsC3Cv5_w,-0.254550703878927,0.4,0.0,0.0287546920668612,-0.1126131134788702,0.1048308056774186,0.0,-0.2217127734342647,-0.2478718084569988,0.0,1,0.15833238008239842
UCKxQlxka5eaVOR-Xna0e9vg,0.764231804158821,0.2,0.0,-0.2230488171095821,-0.2868379574843538,0.0313419638460004,0.0,0.6913574657089212,1.6788067614388125,0.25,1,0.029050724762466285
UCKxlnGDhVxkjqAQDDn-oaWw,4.722268424157743,-0.4,0.0,-0.2938470079050636,-0.0388736254484412,-0.3168329757890462,0.0,-0.2217127734342647,-0.2478718084569988,0.75,1,0.004242685180460726
UCKxyGnx_ZjvTKbTuB5jVKvg,1.03000668667206,-0.2,0.0,-0.254629974852034,-0.2390438448720387,-0.2262149741329219,0.0,-0.2217127734342647,-0.2478718084569988,0.25,1,0.15190529658006274
UCKyrQ7sZrzynReVrxLJQXDg,0.2780783260869583,-0.2,0.0,-0.1913326077976224,-0.2058469489196425,-0.1222732109478418,0.0,-0.2217127734342647,-0.2478718084569988,0.25,1,0.1546279712186137
UCKzIVR2hZppwMHFOOjTjMUg,0.1004273110552669,-0.2,0.0,-0.233811531344947,0.3500244790492043,0.4148516994266895,0.0,-0.2217127734342647,-0.2478718084569988,0.25,1,0.1332603848085776
UCKzMS7xpAWba62Mbso53t3A,-0.3431894608566766,-0.4,0.0,3.671807399318338,-0.3406122201476679,-0.4067744311307528,0.0,-0.2217127734342647,-0.2478718084569988,0.0,1,0.10722513285776503
UCL1ER-jYd0izRIlPYuQFbMw,-0.0565258531712041,-0.4,0.0,0.1510155400766968,0.1077577702902278,0.2180706308367727,0.0,-0.2217127734342647,-0.2478718084569988,0.25,1,0.1382094126825965
UCL1WcxlDxvedLFkJA2H8fWQ,-0.2951497154065227,0.0,0.0,1.7606130766899264,0.3111770476155492,0.7116589369108466,0.0,-0.2217127734342647,-0.2478718084569988,0.0,1,0.11288902677458784
UCL1sLmduA18r2QqGnWYps2g,0.1270452878086844,5.2,0.0,2.0625996894670733,-0.3903883008871216,-0.4197421793304073,0.0,-0.2217127734342647,-0.2478718084569988,0.0,1,0.038211669045895125
UCL2krQC--M9cQ15_ckj6uEw,-0.3367482084079489,0.0,0.0,1.41237673434882,-0.2282472860060619,-0.3706693295521178,0.0,-0.2217127734342647,-0.2478718084569988,0.0,1,0.1448898317488747
UCL5Ap6B_5sZWDeo-JbOaC-g,-0.0111868285266926,-0.4,0.0,-0.117493077160207,-0.2626348305062948,-0.1828405368273753,0.0,-0.2217127734342647,-0.2478718084569988,0.0,1,0.16247545255151846
UCL6935wR_nH2qU1HhhBMevA,-0.207371744595356,-0.4,0.0,0.8972559036747865,-0.2914525614607153,-0.2310070104166225,0.0,-0.2217127734342647,-0.2478718084569988,0.0,1,0.15702192988966795
UCL6faS2AxWRHyhe9PST-BGA,-0.3218655164206678,0.8,0.0,2.1687809370641875,0.2556990628904615,0.1072035891416508,0.0,-0.2217127734342647,-0.2478718084569988,0.25,1,0.08440719653679862
UCL9DzZ00vJegnZue-sTdLYQ,1.0374507869855707,-0.2,0.0,-0.2718951779692277,0.5527374394393684,0.8409633413318559,0.0,-0.2217127734342647,-0.2478718084569988,0.25,1,0.10530308394349269
UCLAbDYTF06nFXXtUKvhhh_A,-0.2241814138503095,-0.4,0.0,0.1311946538411035,-0.3482404430473675,-0.3876092078515357,0.0,-0.2217127734342647,-0.2478718084569988,0.5,1,0.09853878958470724
UCLAdj5BwJOuPbRSAymyZ0gw,0.1350611114787436,-0.4,0.0,-0.2360939042232367,0.0696166557917301,-0.1007556628078894,0.0,-0.2217127734342647,-0.2478718084569988,0.25,1,0.14623721176054172
UCLAydouMu612cGgFtZSFB2g,0.346677159707266,-0.4,0.0,-0.2112794553144916,-0.1363453625001577,-0.2443448561972691,0.0,-0.2217127734342647,-0.2478718084569988,0.0,1,0.16406392916975165
UCLAzDSXXhkaffpsZgskYBSg,-0.1775387879733087,-0.2,0.0,-0.0670734584454284,-0.0956615070350934,0.1362355793125885,0.0,-0.2217127734342647,-0.2478718084569988,0.0,1,0.1593611568831707
UCLC2l-SBIcOUEr7fnapodEg,-0.244598305666625,0.0,0.0,0.0080593056473519,-0.3015024424238115,-0.2938674894894083,0.0,-0.2217127734342647,-0.2478718084569988,0.0,1,0.16436180058917943
UCLCKgdY-CupG8q06lnv_uLw,0.2771893463961473,0.2,0.0,-0.122336555092382,-0.3043781613740951,-0.2381494438433067,0.0,-0.2217127734342647,-0.2478718084569988,0.0,1,0.1620071455741019
UCLDC3YLAhzljtL3tElB_3lg,-0.3252472703574453,-0.2,0.0,2.1433019246644376,-0.374656696422253,-0.4272075821880843,0.0,-0.2217127734342647,-0.2478718084569988,0.0,1,0.1334641382274206
UCLDKpaAlA0Ap6V4hQP_-8IQ,-0.3265020925850314,-0.2,0.0,0.6318611113381091,-0.0144350594919964,-0.2023748799745047,0.0,-0.2217127734342647,-0.2478718084569988,0.0,1,0.15559798411438314
UCLEcCbIAoe-08hV4RRHvWLw,-0.2220407931713627,-0.2,0.0,0.063083962405264,0.0985756501331821,0.33983987866943,0.0,-0.2217127734342647,-0.2478718084569988,0.0,1,0.15095981206465692
UCLEkptekQRH0pLYhQg1TQrQ,3.000399242637779,1.0,0.0,-0.2951339892514177,0.2617348621545337,0.3971454240763011,0.0,-0.2217127734342647,-0.2478718084569988,1.0,-1,-0.027816708804501933
UCLEna8M8WAfgWliReqL-sug,19.81599772197619,0.0,0.0,0.0479204886774933,0.4286274636902884,0.4964092793878593,0.0,-0.2217127734342647,-0.2478718084569988,0.0,1,0.022582692618607847
UCLFHCsLpHqjpm4ZHkTnXZBA,0.1039231397400067,-0.2,0.0,-0.2022757342142332,-0.4700094826684974,-0.545447335938899,0.0,-0.2217127734342647,-0.2478718084569988,0.25,1,0.13167791474370966
UCLGPv4eWxcoGspJMW-R8fGw,-0.0657156965049204,2.8,0.0,0.0689857182298736,-0.1717419311934726,-0.2077524092843696,0.0,-0.2217127734342647,-0.2478718084569988,0.25,1,0.10064303885046039
UCLGi8FtHW9VDu23UgFSZsdw,0.7210164335828553,-0.2,0.0,-0.2118955117149446,-0.1627616158750432,-0.1851379224562627,0.0,-0.2217127734342647,-0.2478718084569988,0.0,1,0.1634441571620906
UCLHH7O65atyGeiiAvdeuYgA,2.6742409006488965,-0.2,0.0,-0.2938783706178756,0.1261220106043194,0.4587595957657675,0.0,-0.2217127734342647,-0.2478718084569988,0.0,1,0.1273340460883728
UCLHODIo7vxDr1nws64huSTA,-0.2371566291546,-0.4,0.0,0.6095959635709414,-0.3033186859713591,-0.416851517716746,0.0,-0.2217127734342647,-0.2478718084569988,0.25,1,0.1375779475701122
UCLKO63b6ffdn5q84ftPRb7w,-0.0596084741984656,0.2,0.0,-0.063603799160153,0.132125704553157,0.7975506453527373,0.0,-0.2217127734342647,-0.2478718084569988,0.0,1,0.137575569566392
UCLMIFbJIUEn4oaMy5Mvy8TQ,-0.1513013388721081,-0.4,0.0,-0.1065979731311311,1.211307349780096,2.342985342811396,0.0,-0.2217127734342647,-0.2478718084569988,0.0,1,0.053055684528171
UCLOAAt2Dn6tuY77ckWiKpxA,-0.3015385531481183,0.6,0.0,1.0153274114391015,-0.0380260451262524,-0.2458634468939703,0.0,-0.2217127734342647,-0.2478718084569988,0.0,1,0.14873374893954627
UCLPrt2I7dVmli5WeJAEu9pw,-0.1325666662787224,-0.2,0.0,-0.0619787897548381,-0.4353999528457865,-0.4104521041099729,0.0,-0.2217127734342647,-0.2478718084569988,0.25,1,0.14110481128482877
UCLRGB5QAOLLZGF5wM3mrd3g,0.7347598929664412,0.0,0.0,-0.2159924466456478,0.1204714751230604,0.1167426998089635,0.0,-0.2217127734342647,-0.2478718084569988,0.0,1,0.15003407456356982
UCLUt8H_RWr6L2qArTCPIAdg,-0.2312249809682787,0.0,0.0,0.4007586594575913,1.2017418004296796,0.978780701654887,0.0,-0.2217127734342647,-0.2478718084569988,0.5,1,0.03504981093235798
UCLVGqFdlqiUZopgnp6DTWkQ,0.4267086609695582,-0.4,0.0,-0.2691035315466329,-0.3863815575458653,-0.4115658542307353,0.0,-0.2217127734342647,-0.2478718084569988,0.0,1,0.15663165946887858
UCLX-iBfkiBa1MtFJkBvxjLg,0.3591094434787191,-0.4,0.0,3.5385319364115624,-0.2261888766521747,-0.4117879825892286,0.0,-0.2217127734342647,-0.2478718084569988,0.0,1,0.10320504652095092
UCLXIh_LSDBDz5mZ-5EI9fSA,0.1812696749063147,0.0,0.0,-0.096502361110319,-0.0593366360841432,-0.0895330478456288,0.0,-0.2217127734342647,-0.2478718084569988,0.25,1,0.151281714499098
UCLXg9208qefNkM1ptY9MEpA,1.9524183763364609,-0.4,0.0,-0.2717950274736606,-0.3406122201476679,-0.2999565307230704,0.0,-0.2217127734342647,-0.2478718084569988,0.0,1,0.15467106943188935
UCL_KO4NMP4tjspOMgQIHRxA,-0.3230763154356599,3.0,0.0,2.5609237516977723,-0.4044504289598001,-0.5142958001133368,0.0,0.6913574657089212,2.6421460463867183,0.25,-1,-0.03311070347957379
UCL_Pw62I9qIhDhm1eno_whg,-0.344531640929483,0.0,0.0,1.1428916950973813,-0.1180618441215128,-0.2933934601184811,0.0,-0.2217127734342647,-0.2478718084569988,0.0,1,0.14949265807521178
UCL_TrpYcl3Lbj209zxlFg1A,-0.2237280283168118,0.4,0.0,0.2996444599060489,-0.3174450246745064,-0.3041006508173632,0.0,-0.2217127734342647,-0.2478718084569988,0.0,1,0.15629644261249798
UCLbajGW4KYIKCUF89LaZOPA,-0.2940884759604888,0.8,0.0,0.539616335401765,-0.4196683483809179,-0.3913691574334054,0.0,0.6913574657089212,0.7154674764909068,0.0,1,0.08219271324149441
UCLcHUhR-yjQgh1hOGq2xAmA,-0.262459029504803,0.4,0.0,0.3694506039008964,-0.0170248882542401,0.1082403336400809,0.0,-0.2217127734342647,-0.2478718084569988,0.25,1,0.14153043422053424
UCLcaNshR03MPgXpaKZPQtHw,9.42053015501099,0.2,0.0,-0.2955415683882193,-0.2625288829660211,-0.1003599522779837,0.0,-0.2217127734342647,-0.2478718084569988,0.0,1,0.10729260911048832
UCLgDK_z0EeoTdLXEC4_ARaw,-0.0456410656567571,-0.2,0.0,-0.101100728572899,-0.3054376367768311,-0.3305601372153779,0.0,-0.2217127734342647,-0.2478718084569988,0.25,1,0.15254715950144
UCLgn78loM1JEeQeA3t1Ok7Q,4.245222481160806,-0.4,0.0,2.8887766768713274,-0.2380550011628184,0.0593705183116342,0.0,-0.2217127734342647,-0.2478718084569988,0.0,1,0.06409248193802192
UCLhPVbIGHSInWL156c1a_Qg,1.6304666428180523,0.0,0.0,-0.2884708391045998,-0.3578059923977844,-0.4099857631959743,0.0,-0.2217127734342647,-0.2478718084569988,0.25,1,0.13526179251106352
UCLjBBYf8XEYYzUKeB7PfX4Q,0.422696383890652,1.2,0.0,6.430761441786163,-0.5227115924456239,-0.5950709265355624,0.0,-0.2217127734342647,-0.2478718084569988,0.0,-1,-0.0061205158883218536
UCLjFChohT8YDwy92945ntFg,-0.2018293185309757,0.4,0.0,0.3364189742267057,-0.2355122601962519,-0.2726908911296594,0.0,-0.2217127734342647,-0.2478718084569988,0.25,1,0.1457817949471958
UCLkLNBPS7TMMYAiNAat8pFQ,0.1244569799780159,-0.4,0.0,0.4358565872725262,-0.3651920494911442,-0.4122012025172595,0.0,-0.2217127734342647,-0.2478718084569988,0.0,1,0.15358858299780026
UCLkWMXPCsuhxaZzTL1RxeFA,0.7703461463821405,-0.4,0.0,-0.2587151383256531,-0.266872732117239,-0.2614901393697834,0.0,-0.2217127734342647,-0.2478718084569988,0.25,1,0.15331945063328056
UCLlumAMcmoP3o3OXc7pVSqg,-0.191023001589634,1.6,0.0,0.4623340197919899,-0.3493705501436193,-0.3160169801114955,0.0,-0.2217127734342647,-0.2478718084569988,0.0,1,0.13759046868472619
UCLm6qNhePyDd8xMR77NW0dQ,-0.2246183040681396,-0.4,0.0,0.1879631469165364,0.149289206077481,-0.2281812181339648,0.0,-0.2217127734342647,-0.2478718084569988,0.25,1,0.1322700045698702
UCLnoRyq-YxUT7n8Z9KjytvA,0.1718362395232673,-0.4,0.0,0.1365539418995079,-0.0626058744697287,-0.1628888875988549,0.0,-0.2217127734342647,-0.2478718084569988,0.0,1,0.1573384912613497
UCLpJqfrTcLpvrEme3Vp8-vQ,-0.3597113215072515,5.4,0.0,5.462611521997673,-0.2552060382706396,-0.1296069032557495,0.0,0.6913574657089212,1.6788067614388125,1.0,-1,-0.14892448626288357
UCLqcZGfLm06xYitWZTeF9Ww,-0.2531586877544581,3.6,0.0,0.1451026148675969,0.2289617563632318,0.3369347095259536,0.0,-0.2217127734342647,-0.2478718084569988,0.0,1,0.08591895193794313
UCLqhWi2NJ65pHfGhbvmgc1w,0.540905260042995,0.4,0.0,-0.2581881779935843,0.0653787541807859,0.0180975604551149,0.0,-0.2217127734342647,-0.2478718084569988,0.5,1,0.08604444152566332
UCLs-zwOMDNwWaTa8dI4qsjA,-0.1169801996592437,0.8,0.0,-0.0390526676024323,0.9541823011306276,0.3481581336732766,0.0,-0.2217127734342647,-0.2478718084569988,0.5,1,0.05687646485762521
UCLsU3Kbv_qpfnclM-EDMv_Q,0.17743249417898,1.4,0.0,-0.0975202951905083,-0.0438985659299894,-0.0394061888292035,0.0,-0.2217127734342647,-0.2478718084569988,0.5,1,0.07586347013982364
UCLt7ivYV0_Oe6iOSo-y_UFw,0.3458215577827501,0.0,0.0,4.868054187622585,7.388472737892355,9.71771892165223,0.0,-0.2217127734342647,-0.2478718084569988,0.0,-1,-0.18082987457656585
UCLtCvtRATucCy5GfFV3NDvA,-0.3124459628097668,-0.4,0.0,1.7965093447639646,0.349318162114047,0.2101568272120132,0.0,-0.2217127734342647,-0.2478718084569988,0.0,1,0.1258721754702703
UCLxf7BbSIQzwlp-4Nzd76zA,-0.3150438634050083,2.4,0.0,0.9019190904489408,-0.073133714261127,-0.1796010436750089,0.0,-0.2217127734342647,-0.2478718084569988,0.25,1,0.10037739260852835
UCLxmocXutWCN0e3HELNrDJQ,-0.2213366788397143,1.6,0.0,0.785517654217995,-0.3660396298133331,-0.3620049295798982,0.0,-0.2217127734342647,-0.2478718084569988,0.75,1,0.00956723720678393
UCLzjELvRi3-FYl8nLIujqjQ,0.760323592582386,0.4,0.0,-0.2242696197800444,-0.2712989849108917,-0.2582677476381018,0.0,-0.2217127734342647,-0.2478718084569988,0.0,1,0.15772135561944056
UCM-1CgVJYCMnDUUof06arkQ,0.1070449960538209,0.6,0.0,-0.1892660818712084,-0.3240844038649856,-0.395676413324897,0.0,-0.2217127734342647,-0.2478718084569988,0.5,1,0.09584193775927013
UCM-5cLUaC9H7zz2-pSp9wxA,-0.0676490569088924,0.2,0.0,0.1982480493395211,-0.5279274713514014,-0.6003272946293761,0.0,-0.2217127734342647,-0.2478718084569988,0.0,1,0.1373108830933648
UCM-KCKTyhibGDR-Gu8uYwjg,0.9943432250798624,3.4,0.0,-0.2440025152519288,-0.0370372014170321,0.0594296089518461,0.0,-0.2217127734342647,-0.2478718084569988,0.0,1,0.0906073422507131
UCM0xjvQEw0uaGcJuqV81cww,-0.2962944566499584,-0.2,0.0,0.5808211788620985,-0.1648805666805153,0.3306793313118662,0.0,-0.2217127734342647,-0.2478718084569988,0.0,1,0.147157442246157
UCM1e0HvRXcTS-wLT7BxsahQ,0.906965534984916,-0.4,0.0,-0.2555106223571892,-0.2346646798740631,-0.4197897757420523,0.0,-0.2217127734342647,-0.2478718084569988,0.0,1,0.1583703255566145
UCM2IiH-NaaZ0ttd6tdcXCow,0.6210760288989967,0.2,0.0,-0.2351339584645967,-0.3536437676013214,-0.4062453133729118,0.0,-0.2217127734342647,-0.2478718084569988,0.0,1,0.1531790878386992
UCM2jxaOY97bci7UHdklU4RQ,0.181070317234101,-0.4,0.0,-0.147111892288667,-0.2965380433938483,-0.3029543379506579,0.0,-0.2217127734342647,-0.2478718084569988,0.0,1,0.16297710995622622
UCM2obt59EEQuYLqnOfWXn5g,-0.3575813881294643,-0.4,0.0,2.646295008887074,-0.3584114069136336,-0.3256488795901071,0.0,-0.2217127734342647,-0.2478718084569988,0.0,1,0.11996841696193128
UCM3xdIIhq-rUMBXUjmxVL1w,-0.1277320659920157,0.2,0.0,0.8209902233713026,-0.3075565875823032,-0.3793096731812494,0.0,-0.2217127734342647,-0.2478718084569988,0.0,1,0.15216702350097738
UCM4USSyFycozS4FgCd3ZLLA,0.0265402475514106,0.0,0.0,-0.1838117719246747,-0.2760750327581464,0.0065003140344984,0.0,0.6913574657089212,0.7154674764909068,0.5,1,0.04486036424817613
UCM4ytcATXD7BknyhC3ej7LQ,2.9733374990479224,-0.4,0.0,-0.2750478967710091,0.2671028708617295,-0.0526511819273586,0.0,-0.2217127734342647,-0.2478718084569988,0.0,1,0.1265128666111071
UCM678nXZtJeqVMGgrT5QEqA,0.3841182272100353,-0.4,0.0,-0.2358252027744539,-0.32450819402608,-0.4303443004079017,0.0,-0.2217127734342647,-0.2478718084569988,0.25,1,0.14579015166829584
UCM9wm9xAHHLx2c4TShu6roQ,-0.0993326112133417,-0.4,0.0,-0.0601211913063968,-0.1660106737767671,0.041291568547065,0.0,-0.2217127734342647,-0.2478718084569988,0.0,1,0.16083250417210682
UCMA3oZvKkdkS_YI7qus98nQ,-0.0978011251156601,2.0,0.0,4.508464805140476,-0.141530559765313,-0.5754322049745214,0.0,-0.2217127734342647,-0.2478718084569988,0.0,1,0.035076725955796695
UCMCdR-NxEi3UZArlV1iQGCg,-0.1115400873969795,-0.4,0.0,-0.0175207533445379,-0.3634968888467666,-0.2946228029097348,0.0,-0.2217127734342647,-0.2478718084569988,0.25,1,0.150622462115999
UCMG4vrEq3fFEvxXr_fMiSRA,-0.1123136587899575,0.2,0.0,1.063159348469279,0.0102860332385113,-0.2188263940635279,0.0,-0.2217127734342647,-0.2478718084569988,0.0,1,0.1465038917205081
UCMGgC1x6oejPaDx1ku-PcwQ,1.076970971204583,-0.4,0.0,-0.2785431516790774,-0.0541300712478403,-0.1047983107399376,0.0,-0.2217127734342647,-0.2478718084569988,0.25,1,0.14607605469006757
UCMJkf1_BT83re1Oop0U-iaw,0.5213088250296501,4.6,0.0,0.0529650482948944,-0.358552670300665,-0.3736749703843722,0.0,-0.2217127734342647,-0.2478718084569988,0.0,1,0.06799324426822678
UCML8L-NJfdPqt4Ldw1CEoOA,-0.1648035795119847,2.6,0.0,0.2032799310729349,-0.4455002850185368,-0.3496901387368054,0.0,3.430568183138479,3.123815688860671,0.0,-1,-0.029038094390087865
UCMLiDHwjl53Gy6BWoxCqMKQ,-0.2203865486572491,0.4,0.0,0.0989845821058763,-0.3409889225130852,-0.3524069203141678,0.0,-0.2217127734342647,-0.2478718084569988,0.0,1,0.15713125065217298
UCMLkTrKuK8a9PwL4x51dG3g,-0.3237626919473434,8.0,0.0,2.5152985863587864,-0.3749121727605014,-0.3714333611692846,0.0,1.6044277048521072,1.1971371189648596,0.25,-1,-0.1084444873131909
UCMOY5KeLaRAt8ulUmJqRSrQ,-0.0382840477564795,0.8,0.0,0.1510342394007971,-0.3229671388948275,-0.3494987730089234,0.0,0.6913574657089212,0.7154674764909068,0.25,1,0.08208291999013945
UCMOrZFrLv5PmJLK6BdG2F2Q,-0.0018594344586526,-0.4,0.0,-0.124600170183777,0.8205728212510415,0.6782290652410028,0.0,-0.2217127734342647,-0.2478718084569988,0.25,1,0.11307270516279683
UCMQt40_NQZcynX8k5x_MWjQ,3.209453332695726,-0.4,0.0,-0.2862791615555228,-0.2448356437403291,-0.2454733489963988,0.0,-0.2217127734342647,-0.2478718084569988,0.25,1,0.1221830683722595
UCMRFUlKSjiL7SNaRevcsNCQ,0.0089843504139915,-0.2,0.0,-0.1348051232180027,2.070612533092548,6.492230622542311,0.0,-0.2217127734342647,-0.2478718084569988,0.25,-1,-0.04638948650807895
UCMRPv_JDHY9eL82XsqeSs3g,-0.3203524032567094,-0.4,0.0,0.429208815159012,-0.2422929027737626,-0.2618731494844922,0.0,-0.2217127734342647,-0.2478718084569988,0.25,1,0.14924754898189546
UCMSobC7lyIxCukAx-4viKTw,0.563477921297544,-0.2,0.0,-0.2322437964055065,-0.2461070142236124,-0.2150247967895961,0.0,-0.2217127734342647,-0.2478718084569988,0.25,1,0.15169575642324407
UCMU6ZtfiqOJJ88gWdSX4iDg,1.9390079674753808,3.6,0.0,-0.2543145355152749,-0.245683224062518,-0.3214791094780362,0.0,-0.2217127734342647,-0.2478718084569988,0.0,1,0.0952790577778167
UCMU91wEB_tzUT7E-79u8pgA,1.075028294313649,-0.2,0.0,-0.2634328003430739,0.4319572435274588,0.3817156734765204,0.0,-0.2217127734342647,-0.2478718084569988,0.0,1,0.13670633280784306
UCMUaVI67Zarw-K-cxfc-5Hg,13.440433929218033,-0.4,0.0,3.034395731474023,0.2509988447401417,0.906086216700536,0.0,-0.2217127734342647,-0.2478718084569988,0.0,-1,-0.025655758147270946
UCMUxNxR6ZmPh6kSUk9wHtFQ,-0.0538027122018172,0.0,0.0,-0.1160611616232431,0.1374230815668372,-0.143157552458459,0.0,-0.2217127734342647,-0.2478718084569988,0.25,1,0.13654665422115492
UCMVUntv8DALJMDCgsElhndg,0.5216071545958707,-0.4,0.0,-0.2488005101259604,-0.0795574809135055,-0.4526845738618546,0.0,-0.2217127734342647,-0.2478718084569988,0.25,1,0.14344936384234697
UCMVdVnDIK6U9BRL_1aCSwuA,-0.3395283844560503,0.2,0.0,2.269392023603727,-0.1380405231445354,-0.3706569172853838,0.0,-0.2217127734342647,-0.2478718084569988,0.25,1,0.0963855386537047
UCMWAKDQiH3mE4gHJF1ZgNZg,14.900241088134214,-0.4,0.0,-0.3001575834396721,0.0001150693722452,0.015082950178195,0.0,-0.2217127734342647,-0.2478718084569988,0.25,1,0.06727108400638643
UCMWZt0fx1rg-v1SE4yeCryQ,2.100922875525252,-0.4,0.0,-0.2882510476366967,-0.3660396298133331,-0.3763322668211326,0.0,-0.2217127734342647,-0.2478718084569988,0.0,1,0.14679305356924272
UCMX0YCcUgTaPa8lq9htHdGg,-0.3298028052501579,0.6,0.0,1.6876235567518627,-0.0541300712478403,-0.1079164584381334,0.0,-0.2217127734342647,-0.2478718084569988,0.0,1,0.13381589424537266
UCMXJ1E1iuvkGEQxBDkYRDzg,-0.3322459971479256,-0.4,0.0,2.6643257526454485,-0.2583969288953506,-0.3829235318291432,0.0,-0.2217127734342647,-0.2478718084569988,0.0,1,0.12562197944164238
UCMY6SbDXkB0mq9b7vuT6LTQ,-0.2834500256341769,-0.4,0.0,0.1164220055312629,-0.1694009950655225,-0.2437567652020877,0.0,-0.2217127734342647,-0.2478718084569988,0.0,1,0.1637008105143884
UCMYIWB7GC_LYwq11Ai5o8jg,14.356706533685614,-0.2,0.0,-0.2965507024140935,0.0293565904877602,0.1425022691341491,0.0,-0.2217127734342647,-0.2478718084569988,0.0,1,0.08649170502610726
UCMYngNZP8uJhMJtdTlQiTrA,-0.3285042536040973,0.0,0.0,1.95114153870528,-0.3547789198185385,-0.4999474760963437,0.0,-0.2217127734342647,-0.2478718084569988,0.0,1,0.13358880510926807
UCMZNBr8C0TLvHhHMw6m5RPQ,3.617390029876121,0.0,0.0,-0.2832025051632124,-0.2657829859887105,-0.377110779255681,0.0,0.6913574657089212,0.7154674764909068,0.0,1,0.06175374097428915
UCMbD_E_1AT3ptdQ809cSqoA,4.208156799913162,0.2,0.0,-0.2964455209259927,-0.432574685105157,-0.3874832749390685,0.0,-0.2217127734342647,-0.2478718084569988,0.0,1,0.11449618469325029
UCMbquPz0eKVjKKaSMkPr4Zg,5.321762394419884,-0.4,0.0,-0.285460356385204,0.1552222683328028,0.2328279592212279,0.0,-0.2217127734342647,-0.2478718084569988,0.0,1,0.11693852418569306
UCMdP47I4KgNQ2U-bbHdX1cg,-0.1907073519419624,0.2,0.0,0.3406898439348645,-0.3319245218452323,-0.5438482661885287,0.0,-0.2217127734342647,-0.2478718084569988,0.25,1,0.1315369933940187
UCMdxF12nhZUs8y1Xlf9JXqQ,-0.3601094130792377,-0.4,0.0,3.39694250266134,-0.4236750917221742,-0.3679717773844178,0.0,-0.2217127734342647,-0.2478718084569988,0.0,1,0.10624793585691128
UCMe_4S5x94XtmKxj2L_CS-A,-0.2967145822408444,1.4,0.0,0.9444982966371344,-0.2591234263143696,-0.2980192077333754,0.0,-0.2217127734342647,-0.2478718084569988,0.0,1,0.14185014218656106
UCMgH0CiOhHEUAO2THBFMECw,0.2286731724664249,0.0,0.0,-0.1549731715834612,0.1949374605725085,0.4918398728844112,0.0,-0.2217127734342647,-0.2478718084569988,0.0,1,0.14554724549591913
UCMgIMWSzAr1_4BptPaMdLqQ,0.3551774315182492,-0.4,0.0,-0.2406791821652957,-0.2838243385610158,-0.4543017687313901,0.0,-0.2217127734342647,-0.2478718084569988,0.25,1,0.14792568198104772
UCMgxlaKqhDiA2LM05KyvZ2Q,-0.3035257673913547,-0.4,0.0,3.3631019766156465,-0.3957049410899425,-0.4617477910617681,0.0,-0.2217127734342647,-0.2478718084569988,0.0,1,0.1086878339229958
UCMhwhHNMcIN_agMNjhtURQg,-0.251989688297818,-0.4,0.0,0.1323500271301741,-0.4847008749197706,-0.5670784869078748,0.0,-0.2217127734342647,-0.2478718084569988,0.0,1,0.1373981569651327
UCMi3o_s3DkCY0VoThHuufoA,0.0718223128610038,-0.4,0.0,-0.1989550442622596,-0.2024566276308872,-0.1943558905138883,0.0,-0.2217127734342647,-0.2478718084569988,0.0,1,0.1642662925521433
UCMjhKYSfaM8uUxRQbdHSHsg,0.9548168298695426,0.0,0.0,-0.2700461283269005,-0.3420652149857059,-0.3542084721044786,0.0,-0.2217127734342647,-0.2478718084569988,0.0,1,0.15676678375039904
UCMjkExwd9qR-E54XsxZmWFQ,3.1916723249953054,-0.4,0.0,-0.2700349089439373,-0.2160179127859086,-0.205539795277434,0.0,-0.2217127734342647,-0.2478718084569988,0.0,1,0.1448028221571464
UCMlKsztqDZx2S-Hqwjg_ohw,-0.0410544253116424,0.6,0.0,-0.0214787669110867,-0.034635723837497,-0.2834749063864749,0.0,2.517497943995293,1.6788067614388125,0.25,-1,-0.0016791508539755196
UCMoc4RbV0-QfMg0_TUl3y9Q,0.1653528735237224,-0.2,0.0,0.4842510486491108,-0.4071472754394918,-0.4486709787380327,0.0,-0.2217127734342647,-0.2478718084569988,0.0,1,0.15526586002498777
UCMohUwkYIMKOxGjMA9mreFw,-0.3441056578183394,-0.4,0.0,1.6665746018422396,-0.4482549210656505,-0.4908707999480634,0.0,-0.2217127734342647,-0.2478718084569988,0.25,1,0.09306226684546126
UCMq5wUMWEA5ZComYJg-XWlA,-0.1555634927933006,-0.2,0.0,-0.1220685814780188,-0.4106788601152787,-0.3857722568839116,0.0,-0.2217127734342647,-0.2478718084569988,0.0,1,0.1572816257010951
UCMqUU_y-tZUzQi43pr1fH6Q,1.723621321448069,0.8,0.0,-0.259878998284308,-0.3302871507682767,-0.3310373270055817,0.0,-0.2217127734342647,-0.2478718084569988,0.25,1,0.1306125998554149
UCMr_8ULu56JMFUR983cEieQ,-0.3281245247046427,-0.2,0.0,1.2581648122912656,-0.2079658997251146,0.0202395907946398,0.0,0.6913574657089212,0.7154674764909068,0.0,1,0.0756436644068727
UCMs2aCr-xMCuJzUnYBT5Cxg,0.8584212348587846,-0.2,0.0,-0.2209204225319051,-0.0419814199631336,0.0243536341072106,0.0,-0.2217127734342647,-0.2478718084569988,0.0,1,0.15563304184962373
UCMt30rzhJLXqzVGZzby-4wQ,-0.1643189707024014,0.0,0.0,0.1380773406917345,-0.2833400069483364,-0.4736269513305368,0.0,-0.2217127734342647,-0.2478718084569988,0.0,1,0.16133308789247225
UCMt6_IDmq7bx-tdq4fT73rQ,-0.342175705885207,-0.4,0.0,1.2534089212436856,-0.255854187928784,-0.3267626371421514,0.0,-0.2217127734342647,-0.2478718084569988,0.25,1,0.12076394929001039
UCMuu5BumdEb9pldKjzQCLvg,0.9415604535928902,-0.4,0.0,-0.2612081756777661,-0.155839709910501,-0.0883787494056518,0.0,-0.2217127734342647,-0.2478718084569988,0.5,1,0.09748572205934086
UCMvPNLVVT3Bc5T5k4t8fZ1g,-0.2202429277885024,2.4,0.0,0.4250449428018327,-0.1485237534452921,-0.008763978784595,0.0,-0.2217127734342647,-0.2478718084569988,0.25,1,0.10822482540532319
UCMvgnuYTIg2AvHJuQiaJWGw,3.444030153391724,-0.2,0.0,-0.2722144970705722,0.1854526331575381,-0.0520515474440179,0.0,-0.2217127734342647,-0.2478718084569988,0.0,1,0.12653900922879419
UCMx53_rtRk9ea0hZLh0cS7Q,-0.2698141729373912,1.0,0.0,1.0718507401690949,0.0583155848292123,1.1313762212931164,0.0,-0.2217127734342647,-0.2478718084569988,0.0,1,0.09644130070465728
UCMxgQFNb99YYZnW96nETJFA,0.6073737236448065,1.0,0.0,-0.2521511696005796,-0.273300216227171,-0.3219006604078999,0.0,-0.2217127734342647,-0.2478718084569988,0.5,1,0.0756546458787064
UCMxv92zAEm4ud0XO-uhs28w,-0.3244286314055891,1.6,0.0,1.8023938674351991,-0.1188287025082551,-0.1536227541478899,0.0,0.6913574657089212,0.7154674764909068,0.0,1,0.059586916146668
UCMzUyEMJEvHvgmf5hpoBPQw,-0.2595959139996066,0.4,0.0,1.7201913237256472,0.0427766122557501,-0.049845587271868,0.0,-0.2217127734342647,-0.2478718084569988,0.0,1,0.13558473311550773
UCMzcnTMWhEshylJI3yjLwfA,0.1853946820600978,-0.2,0.0,-0.1913530223481309,-0.2362185771314093,-0.3073371366021711,0.0,-0.2217127734342647,-0.2478718084569988,0.0,1,0.16568913379130606
UCN-cEdQkMszwEfbU6UkSl9w,-0.3188886475048271,0.8,0.0,5.308761019273823,-0.512516920038877,-0.5499249310837934,0.0,-0.2217127734342647,-0.2478718084569988,0.0,1,0.03137241565203247
UCN2atYDqj7l_a2jjbBlxJLg,-0.2388518763105163,0.4,0.0,0.6802348477395225,-0.2599979139483739,-0.2657187489630849,0.0,-0.2217127734342647,-0.2478718084569988,0.0,1,0.15881184229606643
UCN6LhhVRj4HqqyCsVdUdKfg,5.839863292935039,-0.4,0.0,0.4879363783368359,-0.1329550412114024,-0.3367938285453541,0.0,-0.2217127734342647,-0.2478718084569988,0.0,1,0.11479111852641888
UCN6rzZOB6vJu8NkHFVakA3g,50.34530443157872,0.0,0.0,-0.2984304329098444,1.143622006908159,1.1689225446697449,0.0,0.6913574657089212,1.6788067614388125,0.0,-1,-0.14344482224661803
UCNASD8o9gbXmLprttmvG3yA,-0.3290718271187077,5.2,0.0,4.015563548366522,-0.2668470478650514,-0.3694571982559635,0.0,-0.2217127734342647,-0.2478718084569988,0.0,1,0.005685045945468814
UCNCCdmeoEoLf8yHUK54wtLQ,1.5941853643262769,-0.2,0.0,-0.2886308194692097,-0.0419814199631336,0.0831484985795593,0.0,-0.2217127734342647,-0.2478718084569988,0.25,1,0.14046148837730044
UCNDc2ZtP60SCVFo74NRQ68Q,6.2551380491139374,-0.4,0.0,-0.2656542248242785,1.0562001508195389,1.393882849085989,0.0,-0.2217127734342647,-0.2478718084569988,0.0,1,0.05708079630770285
UCNIb7iUMK5z7pgsNi_itedw,1.2543370885699547,-0.2,0.0,-0.2600524344266676,0.0773861420784611,-0.1804733355441666,0.0,-0.2217127734342647,-0.2478718084569988,0.0,1,0.14881180398465776
UCNJmQsnr8QL3qtPRYTUf76g,0.3905867474254793,-0.4,0.0,-0.2248593720873348,-0.3829912362571099,-0.5413351161294594,0.0,-0.2217127734342647,-0.2478718084569988,0.25,1,0.13469665118014912
UCNKtaPsZEcCoF1pZuX-6M_g,-0.2029109399440499,0.4,0.0,0.3437815103584233,-0.1950167559138962,-0.3438874455080712,0.0,-0.2217127734342647,-0.2478718084569988,0.0,1,0.1567781274959596
UCNMJBrUazekd7kif0zWgGbg,8.830185959614253,-0.4,0.0,-0.2046222980135535,1.313016988442757,0.3717943697455457,0.0,-0.2217127734342647,-0.2478718084569988,0.0,1,0.05414634879271413
UCNRXyB_8cro_Y7s8Uvd11cw,-0.1087024218073847,-0.4,0.0,0.0141135701265811,-0.4414742784881398,-0.4199999024853658,0.0,-0.2217127734342647,-0.2478718084569988,0.5,1,0.09885554629621002
UCNStoqqT7LKJDQ6vh-D6S8A,6.228539588246979,2.2,0.0,-0.2979186984564594,-0.278833032219237,-0.2493357207370667,0.0,-0.2217127734342647,-0.2478718084569988,0.5,1,0.0006749039578869964
UCNT-1gDY4IwtQ25JCXg31LQ,-0.2127445045557247,0.4,0.0,0.1935404078931175,-0.2034925591357846,-0.4238896602472549,0.0,-0.2217127734342647,-0.2478718084569988,0.5,1,0.1036644774663093
UCNTp0NfNznrIAL2PMWMOwIA,-0.0280169991025476,-0.2,0.0,-0.1093923892342492,-0.245400697288455,-0.1764386338761546,0.0,-0.2217127734342647,-0.2478718084569988,0.0,1,0.16456145232783098
UCNWjHyfqVi0II7Hj1vCs_nQ,-0.0902363872120175,0.6,0.0,-0.0893284339344206,-0.0020038814332268,0.0909520848747255,0.0,-0.2217127734342647,-0.2478718084569988,0.0,1,0.15404607129097125
UCNWkn1DIu-IdJ1AdwSpehLQ,-0.2715805765346855,3.8,0.0,1.967278443850104,-0.0705600898010394,-0.3051341884164809,0.0,-0.2217127734342647,-0.2478718084569988,0.5,1,0.002409296413228179
UCNZ3HreDsv3_AgP9Mitwnnw,3.0980447365293555,0.2,0.0,-0.2809354041754912,-0.3255676694288161,-0.2022435744507848,0.0,-0.2217127734342647,-0.2478718084569988,0.0,1,0.13445648499676577
UCNZ7472fqApbBviqvWEjOxQ,1.2850510717841874,0.2,0.0,-0.2580352971350774,0.0341242298000724,-0.1661530602874954,0.0,-0.2217127734342647,-0.2478718084569988,0.0,1,0.1494675803019926
UCNZNPJTYmnT_cMTE9824nZw,0.0201292926212564,-0.4,0.0,-0.187899645132907,-0.2261888766521747,-0.1740476888379676,0.0,-0.2217127734342647,-0.2478718084569988,0.25,1,0.1513961966825968
UCN_W8danXa80CyLkWKZBCRw,-0.3301857658849271,0.0,0.0,1.1873486745947142,-0.1991873892453017,0.0117499164289803,0.0,-0.2217127734342647,-0.2478718084569988,0.0,1,0.14415605474361315
UCN_cD3fKU1hJ6f6a8_49_pQ,0.0877560808539973,0.6,0.0,-0.1531946594938786,0.1115718817400776,-0.0460008807921027,0.0,-0.2217127734342647,-0.2478718084569988,0.25,1,0.12911948856354583
UCN_ki28vlXdUbpBqr8KYRLA,0.1660766054986471,0.2,0.0,-0.0304916613105263,0.3784537356892883,1.1250014928598584,0.0,-0.2217127734342647,-0.2478718084569988,0.0,1,0.12307853954784026
UCNauCZB1B_hzrXgtV8EH86Q,6.279953130709841,-0.2,0.0,-0.2901069494096137,-0.3004934182307296,-0.1498556744056146,0.0,-0.2217127734342647,-0.2478718084569988,0.0,1,0.12651229074645903
UCNbYCngSJqfAhQ7stfUKqkQ,0.561029073862976,-0.4,0.0,-0.1972866647437717,-0.0397212057706301,0.2557565205906855,0.0,-0.2217127734342647,-0.2478718084569988,0.0,1,0.1502764086650732
UCNd-tBDNq7m8iBA3eTV1Uxg,-0.3275014057393142,0.0,0.0,4.343981919669884,-0.555171124564614,-0.5953568158878542,0.0,-0.2217127734342647,-0.2478718084569988,0.0,1,0.05365210864971465
UCNdTyTFYcy061xWT8sxdZjA,-0.2430405082533038,-0.2,0.0,0.4954778413779765,0.2398390371646552,-0.0922220840940416,0.0,-0.2217127734342647,-0.2478718084569988,0.0,1,0.1475228518518189
UCNdjO23xxDPtLEAIluSuDIw,2.500156913470593,0.0,0.0,-0.2613265405282395,-0.2167444102049276,-0.218211677764491,0.0,-0.2217127734342647,-0.2478718084569988,0.0,1,0.14777829124104402
UCNhaLlMCpSlI99xl5D5zT8Q,-0.0760374551325431,-0.4,0.0,2.255859050635425,-0.2312743585853077,-0.2910987341245263,0.0,-0.2217127734342647,-0.2478718084569988,0.25,1,0.09584644901013017
UCNi2SscoEJI1XtBWo-3vbRA,-0.3231306857099,-0.4,0.0,0.6858116821708526,-0.1795719589317885,-0.2901515911813391,0.0,-0.2217127734342647,-0.2478718084569988,0.0,1,0.15977763355659075
UCNiwLeKNdIisbd74yA5MitA,-0.3397807523895603,8.8,0.0,3.203968554488463,-0.0266086396097087,-0.3475716288210522,0.0,4.343638422281664,5.532163901230436,0.0,-1,-0.17938951950633264
UCNkvaxO8PxehbRmmbHQGFTg,0.0514157222010034,-0.4,0.0,-0.2235238779487018,-0.2439880634181403,-0.032958689589092,0.0,-0.2217127734342647,-0.2478718084569988,0.0,1,0.1587278682346448
UCNma11iqW58LQ9E4qaBkntw,-0.2675183784674836,-0.2,0.0,0.0199404828116829,-0.3993777891527608,-0.5569868948615546,0.0,-0.2217127734342647,-0.2478718084569988,0.25,1,0.131955731099899
UCNml2Rf4TQq61kmTnseivig,-0.1936787810760591,1.4,0.0,0.0871095780017769,-0.4534614859019534,-0.4781623871875726,0.0,1.6044277048521072,2.160476403912765,0.25,1,0.009829092235004888
UCNpMK6H4t-gI3MkzR68FtOg,0.986992794594608,-0.4,0.0,-0.2699861762989564,-0.4236750917221742,-0.3218037069002754,0.0,-0.2217127734342647,-0.2478718084569988,0.0,1,0.1550416013189861
UCNpP4A5GxQrl-jTQgwlw7tQ,0.7509745189566112,-0.4,0.0,-0.2622227173848697,-0.5109758649076246,-0.5925901302910497,0.0,-0.2217127734342647,-0.2478718084569988,0.0,1,0.1335556228239732
UCNq7lnAS8kHAVRNsx_su7tA,-0.1515042856349836,6.4,0.0,1.2633856287199616,-0.2684374957889722,-0.0715747931198316,0.0,4.343638422281664,2.6421460463867183,0.0,-1,-0.08379288241363592
UCNscPzLD1jN_0NhRnHqTvlQ,2.2170805319842235,-0.4,0.0,-0.2652457679948767,-0.388076718190243,-0.4172325685474089,0.0,-0.2217127734342647,-0.2478718084569988,0.25,1,0.1301014569794991
UCNt6PhWZYrrKRfHDj14521Q,-0.0868540227343354,3.4,0.0,3.4404535408663564,-0.3190342377786105,-0.2702460641455174,0.0,1.6044277048521072,1.1971371189648596,0.0,-1,-0.021820628180156287
UCNtc35PKUsHLdu_lsnlsyZA,0.3771951432242603,-0.2,0.0,-0.2294764418182986,0.1155272565769589,-0.113628838541517,0.0,-0.2217127734342647,-0.2478718084569988,0.0,1,0.1539243506885689
UCNthl3PYE3ZlVB4X_e64pjA,3.013100341142776,0.2,0.0,-0.2815342537888855,0.7508593397510095,0.7772139231325905,0.0,-0.2217127734342647,-0.2478718084569988,0.25,1,0.08242702763106419
UCNuAznZGQMkS-uE-opwntUA,-0.3466072540096034,1.2,0.0,5.507977745070171,0.2212031364908878,-0.1492126900246774,0.0,-0.2217127734342647,-0.2478718084569988,0.0,1,0.011054347972518808
UCNxI_HDUisdTY7XEPB4tnwQ,-0.3495680287842178,4.4,0.0,4.7898690166353735,-0.2000015673873057,-0.3539591103180246,0.0,-0.2217127734342647,-0.2478718084569988,0.0,-1,-0.005785016756298722
UCNxlK7dJBpQkXTxsXUlL5cw,0.0083083370308201,0.2,0.0,-0.1061323080038418,-0.3642385216286818,-0.3747410719977732,0.0,-0.2217127734342647,-0.2478718084569988,0.25,1,0.1429786813582073
UCNy35ptog4P0UO1rGmQMLVA,-0.3151203247742503,0.2,0.0,1.1899506755877205,1.175179238546797,2.1094827253054667,0.0,-0.2217127734342647,-0.2478718084569988,0.25,1,0.016191056232111534
UCNzibLvHdIudTgwVxo0SxIg,-0.0921917890607517,2.6,0.0,1.0277255108830563,-0.3143372301598139,-0.3267242488909742,0.0,2.517497943995293,1.6788067614388125,0.0,1,0.005090313606931407
UCO0FkOCxGlWgsD2BaDzL1jQ,0.1058318834101377,-0.4,0.0,-0.0998294318901414,-0.1168510150898144,-0.2166804345704449,0.0,-0.2217127734342647,-0.2478718084569988,0.0,1,0.1630540400185631
UCO0NO0k1C5LzmhXxx-Wm_WA,0.2017073710187172,-0.2,0.0,-0.0875291851611986,-0.3909019859308724,-0.5174115859438476,0.0,-0.2217127734342647,-0.2478718084569988,0.25,1,0.13995651787530078
UCO1ZOk2VbyceXfOHIDa1LQg,0.3454701065672974,0.0,0.0,-0.221907961225825,0.0520596348321041,-0.045483609889949,0.0,-0.2217127734342647,-0.2478718084569988,0.0,1,0.15792509060929477
UCO25VJKh1rJ097G4oeYVcBg,-0.2112976297242921,0.4,0.0,2.7814004285746385,0.0380678326880343,0.152481374814285,0.0,-0.2217127734342647,-0.2478718084569988,0.0,1,0.11254207626325341
UCO2RdNSI57z2f-QZpheo7jw,16.263431884120962,-0.4,0.0,-0.2989237298435223,-0.0176841173937202,-0.1885191909417126,0.0,-0.2217127734342647,-0.2478718084569988,0.0,1,0.07803364677116659
UCO34J0tfaisSaxDS_odnrwA,-0.0849853135026963,3.2,0.0,0.1758828394634803,-0.2091635675716858,-0.1093873481260778,0.0,-0.2217127734342647,-0.2478718084569988,0.5,1,0.04883016987205341
UCO8791kVrVRd22l8eb7LAFw,2.083790234722305,0.0,0.0,-0.2865643900919885,-0.0030330861101703,-0.0389881144801809,0.0,-0.2217127734342647,-0.2478718084569988,0.25,1,0.13462367169345596
UCO90TjJi5T1SvGfH1WCAvjA,4.246168369690671,-0.4,0.0,-0.1254594381471219,0.8960074699258482,1.4416441113100134,0.0,-0.2217127734342647,-0.2478718084569988,0.0,1,0.07017935478857334
UCOB2TfE-J1QyQW40N1n4kqQ,1.608861482323284,-0.4,0.0,-0.2894090389969505,0.4705221481870509,0.55564407067216,0.0,-0.2217127734342647,-0.2478718084569988,0.0,1,0.12971956841003995
UCOBNkglJN0RPvIjXWmzY9xg,0.089618166345525,-0.2,0.0,-0.0385927441919392,-0.3075565875823032,-0.3304048457370573,0.0,-0.2217127734342647,-0.2478718084569988,0.0,1,0.1631114718829808
UCOBRw0YHPSxv3m-QHRfedew,-0.0388660355450779,0.0,0.0,0.0967866030663178,0.0496379767687074,-0.3263468318674738,0.0,-0.2217127734342647,-0.2478718084569988,0.0,1,0.15380836885842358
UCOBue1PH-JNU-lVaZmg9M1A,1.0014126460803476,1.0,0.0,-0.2353258670794649,-0.4092662262449639,-0.3487693773661612,0.0,-0.2217127734342647,-0.2478718084569988,0.0,1,0.13671281094733861
UCOEYfejyDmEUT33-HJx63ug,-0.3436489732217081,-0.2,0.0,0.6858770107636489,-0.5060316463615231,-0.5318875190037446,0.0,-0.2217127734342647,-0.2478718084569988,0.0,1,0.14393998684412795
UCOFlYbL1XlJuUgUg8BOITaQ,18.83615091166647,10.4,0.0,-0.2938670979636016,0.3430690529589259,0.6268122561363995,0.0,2.517497943995293,4.56882461628253,0.0,-1,-0.18641311116744208
UCOGS7MVA2Nh359RS2ZkDr9w,1.7786548359129364,-0.4,0.0,-0.2830107741275257,0.6459712748801407,2.4556208217516264,0.0,-0.2217127734342647,-0.2478718084569988,0.0,1,0.06347845273996888
UCOH7P4vi19uqPXT4t5Bl68Q,0.0870166194173465,-0.2,0.0,-0.0335397314954241,-0.0398624691576615,-0.1374505444558267,0.0,-0.2217127734342647,-0.2478718084569988,0.5,1,0.11411695165424107
UCOHBX-VEGAjsP1amx8S9ZYg,36.04424305269524,-0.4,0.0,-0.299891905166306,1.422354850005117,1.7239723336394697,0.0,-0.2217127734342647,-0.2478718084569988,0.0,-1,-0.08919229064423395
UCOHhIeXoMQU62_gVqQ9s2nA,-0.3325393781194457,-0.2,0.0,1.2644496706602262,-0.2277427739095209,-0.406417360230779,0.0,-0.2217127734342647,-0.2478718084569988,0.0,1,0.14620007397303791
UCOHl1cyutua5NuXsNtGXJXQ,-0.0819842520781512,-0.4,0.0,-0.1195877013625632,-0.2448356437403291,-0.4223500896975346,0.0,-0.2217127734342647,-0.2478718084569988,0.25,1,0.14498355831451226
UCOIwaSMx6CbtVsp_ufHb0fQ,1.2469283353614462,0.4,0.0,-0.2571408317395314,-0.117321893046586,-0.3379008140339296,0.0,-0.2217127734342647,-0.2478718084569988,0.25,1,0.14233390196094792
UCOJOBZNJLZCIW1FEaySuaAA,-0.321505526813617,0.0,0.0,0.5788284400909065,-0.3892875472219412,-0.4245835194323475,0.0,-0.2217127734342647,-0.2478718084569988,0.0,1,0.15355970298763583
UCOKIPfw_xp5YeR_LUMDnHMA,1.9873490380617964,1.2,0.0,-0.2685182149798724,-0.051652528767596,-0.3777123084378291,0.0,-0.2217127734342647,-0.2478718084569988,0.0,1,0.12631137803901404
UCOKXaauDtahsPXzhZ5mx70Q,-0.3215782408581935,-0.2,0.0,0.7219713484353845,-0.0144350594919964,-0.2896716085961653,0.0,-0.2217127734342647,-0.2478718084569988,0.0,1,0.15494202786701683
UCOLNChBfTnznJ1I5PesdplA,0.3466729180546657,-0.4,0.0,-0.2203289326645795,-0.4440170194547063,-0.4474391522564066,0.0,-0.2217127734342647,-0.2478718084569988,0.25,1,0.13978339389472094
UCOM4a2QTWooucQrESCL22Ng,-0.2440832478508753,3.6,0.0,1.2004929591094968,-0.3055223948090501,-0.402376481657926,0.0,-0.2217127734342647,-0.2478718084569988,0.25,1,0.06584775434317391
UCOMbDLR7ma8bpUaI9M15S1A,0.6620609971493094,-0.4,0.0,2.680883924219648,-0.2872146598497711,-0.1335597032515759,0.0,-0.2217127734342647,-0.2478718084569988,0.0,1,0.11395757351759211
UCOO-PqTx5q4lc5M5Ehp49EA,-0.1118370030789998,-0.4,0.0,0.137534985792875,0.0153715151716443,-0.3705712909209343,0.0,-0.2217127734342647,-0.2478718084569988,0.0,1,0.15411564939433564
UCOOYzLfBjWHsXTMy2q7_DWw,0.934315710951593,-0.4,0.0,-0.2799848628657416,-0.1922856637646211,-0.493453554874141,0.0,-0.2217127734342647,-0.2478718084569988,0.25,1,0.14178419119863506
UCORKyLSn_1kB6FeTglUJAlw,2.2458516615719977,0.0,0.0,-0.2815144075843844,-0.1525704715249155,-0.1954919701221785,0.0,0.6913574657089212,0.7154674764909068,0.25,1,0.07030233323186352
UCOTml_gIIqTMOWYzVKfbyxw,0.0641970333864234,0.0,0.0,0.1636902895599016,0.2094674089528885,-0.0566175256399248,0.0,-0.2217127734342647,-0.2478718084569988,0.0,1,0.14943118066424943
UCOWXz88XBCezFdNJITdVo_Q,-0.2650412533489136,-0.4,0.0,0.9527219543008892,-0.2024566276308872,-0.438191082155091,0.0,-0.2217127734342647,-0.2478718084569988,0.0,1,0.15328669282785828
UCOWlNOZjIXy-5LLeFIoIj1Q,0.519499053253526,2.0,0.0,-0.1435387244782327,-0.3544227936327449,-0.4604423271216061,0.0,-0.2217127734342647,-0.2478718084569988,0.25,1,0.10812849428608484
UCOX-HcA1qSeNCbNq_up7q0w,-0.2065276557278981,-0.4,0.0,1.5646401673424692,0.2755786740836179,0.161519550304884,0.0,-0.2217127734342647,-0.2478718084569988,0.0,1,0.12483402710943886
UCOYvo3AjQuR19MepKm_Fbqg,0.3416380764181201,-0.4,0.0,-0.1496239201017702,-0.1202413363785698,-0.4268928118352572,0.0,-0.2217127734342647,-0.2478718084569988,0.5,1,0.10862145704666548
UCOZ1ypuDGFTxDXBsSlsbk0w,-0.0752994075800924,-0.4,0.0,3.6813104281586937,-0.4541879833209724,-0.4404716622763232,0.0,-0.2217127734342647,-0.2478718084569988,0.0,1,0.10163436796315894
UCO_cJQMTRU7LC5SuxCMNh-g,3.050977261502685,3.2,0.0,-0.1612931102637227,-0.4387472809297931,-0.363428066896112,0.0,0.6913574657089212,0.7154674764909068,0.0,1,0.006679289123128818
UCOaFox655s6MzVAC83kTI_Q,0.3707639899483903,1.4,0.0,-0.2417219815097376,-0.4138068351138327,-0.4980578188216686,0.0,-0.2217127734342647,-0.2478718084569988,0.5,1,0.06535932325403715
UCOaHbz8qAE0GL9MLo-3kAvg,-0.2839305442787527,0.0,0.0,1.2140358619651888,-0.313610732740795,-0.3807936087247744,0.0,-0.2217127734342647,-0.2478718084569988,0.0,1,0.14143798046202127
UCObVMTiout7KscK0I1_0PPg,-0.3189059997200101,0.4,0.0,3.933527294007208,-0.3428724343401715,-0.4587491669609857,0.0,0.6913574657089212,0.7154674764909068,0.0,1,0.026104287072337418
UCOcGyutuwSVLTne2lJAkYqw,-0.3081215979837701,1.0,0.0,1.088629663875737,-0.1853637578000789,-0.1672903892267086,0.0,-0.2217127734342647,-0.2478718084569988,0.0,1,0.14045863122092134
UCOhaqXJiXe2y-Q0DRyF4gPQ,-0.2983995374215119,0.8,0.0,0.5356855587662048,-0.3206555561979489,-0.2075977493999683,0.0,-0.2217127734342647,-0.2478718084569988,0.25,1,0.13561780076470242
UCOiWER0zk6Sd8jwO_etqTvQ,-0.256596123021734,0.0,0.0,0.5932663320961941,0.9607868231217094,0.4665333367916378,0.0,-0.2217127734342647,-0.2478718084569988,0.25,1,0.09715809092408317
UCOjaA-WqeSVv5yYzcZVHRSw,3.956153149508869,-0.2,0.0,1.1781931600413138,1.7061529945513467,2.1777188929638363,0.0,-0.2217127734342647,-0.2478718084569988,0.0,-1,-0.014123220512235801
UCOkuyzzPVBvlX5sWhpJf3mA,0.0118934171556912,0.4,0.0,0.0130120864593485,-0.3513482375620599,-0.454103758669138,0.0,0.6913574657089212,0.7154674764909068,0.0,1,0.09117947554025319
UCOlE-jjlntU6MdyCVSecwCw,3.3034319936581467,0.0,0.0,-0.2857163198104351,2.08504157905362,4.949565916213696,0.0,-0.2217127734342647,-0.2478718084569988,0.0,-1,-0.051759817777259465
UCOljzDRpDcHrQgvQFjuiN1w,6.936309281847283,-0.4,0.0,-0.299693132537337,-0.198218726019943,-0.0656524764541917,0.0,-0.2217127734342647,-0.2478718084569988,0.0,1,0.12568753093815288
UCOlnVMMaCwpT6JQqgYH92vA,-0.2076513080621934,0.8,0.0,0.1549440560086955,0.0996672308511526,0.3148649131839383,0.0,-0.2217127734342647,-0.2478718084569988,0.0,1,0.13829531831054614
UCOmuYcwzKikgTT-y5tPQRnQ,-0.2530147543428883,1.6,0.0,0.4509294401882793,0.1117131451271091,0.2858927996458458,0.0,-0.2217127734342647,-0.2478718084569988,0.25,1,0.10408861111568263
UCOnULsxLCgbXeD313udb7Ow,-0.3430172240541193,5.2,0.0,2.070091230250554,-0.3771609110105382,-0.4358023703958559,0.0,0.6913574657089212,0.7154674764909068,0.25,-1,-0.029486705174066596
UCOnUmG2umqGw6-BIdE2Dz1w,0.0489301137772328,0.8,0.0,-0.0266340443565901,-0.1981416732633804,-0.260892117040932,0.0,-0.2217127734342647,-0.2478718084569988,0.25,1,0.14162400519951135
UCOnesLMmE6xQw8TYEBx-Zuw,-0.1653298979054708,1.0,0.0,4.651149473285342,-0.3206234508827145,-0.3974645859345251,0.0,-0.2217127734342647,-0.2478718084569988,0.0,1,0.05389443541908634
UCOp2OQUz-BfGNLBvmDMbSRQ,-0.3457005191960489,-0.4,0.0,2.394352328240064,-0.3168799711263805,-0.476339386988528,0.0,-0.2217127734342647,-0.2478718084569988,0.0,1,0.12134912208291404
UCOpQ4iXUaX1QjPKJKOxuwdw,0.4474376172271807,-0.4,0.0,-0.2078994947800967,-0.2126275914971532,-0.2708960756707062,0.0,-0.2217127734342647,-0.2478718084569988,0.0,1,0.16413409765545767
UCOpUI8M0Dd-mK6wmL98E2wA,-0.1355959131774303,0.4,0.0,0.1473329594510709,0.0126404230223692,0.3924753678563534,0.0,-0.2217127734342647,-0.2478718084569988,0.0,1,0.1465920469873631
UCOq_lWI50yTa9F3Y_FxVdzQ,0.2165687078459372,-0.4,0.0,-0.1603640033611179,-0.1448211657220461,-0.0638789408076142,0.0,-0.2217127734342647,-0.2478718084569988,0.0,1,0.16193952443580717
UCOqhn4eQQ8kQCN1FpmYUTEw,7.837677426019541,-0.4,0.0,3.1593812184485497,-0.3609541478802001,-0.4526710590354482,0.0,-0.2217127734342647,-0.2478718084569988,0.0,1,0.04709869791205035
UCOsKYxFZmG37huU0f2AFM1w,-0.3310116762412409,0.6,0.0,1.606007623460052,-0.0270075009377975,-0.2359855607732512,0.0,-0.2217127734342647,-0.2478718084569988,0.0,1,0.135096693141545
UCOt-Xm-JhhDuVqJvinDa9Ew,-0.2465688562746459,-0.4,0.0,2.149807803115018,-0.366887210135522,-0.3825383727961133,0.0,-0.2217127734342647,-0.2478718084569988,0.0,1,0.1302147821278959
UCOvmYM5PJctApj3vD9zzk8w,1.1944011234436416,-0.4,0.0,-0.2678869317487178,-0.0363308844818747,0.6121960484598014,0.0,-0.2217127734342647,-0.2478718084569988,0.0,1,0.1349712346374311
UCOxMw8uERlc4rM80LqvQsUQ,-0.0360573778873686,6.4,0.0,-0.0998446845591932,-0.2025870246035316,-0.000640424272674,0.0,-0.2217127734342647,-0.2478718084569988,0.25,1,0.014371978412034747
UCOzz0A5l00GQy-NSyFvC_vA,1.0655870825675018,-0.2,0.0,-0.2744725906065197,0.4418456806196619,0.1610811385858906,0.0,-0.2217127734342647,-0.2478718084569988,0.0,1,0.13852534999742527
UCP0J7_ZJsnLryTJxyQzeQxA,-0.0630537565230521,-0.4,0.0,2.5902311850101314,-0.3278985153148354,-0.3792464827312831,0.0,-0.2217127734342647,-0.2478718084569988,0.0,1,0.12276121374537752
UCP1WR1zpq41mtwrTHy4CNBA,2.7506931540586432,-0.4,0.0,-0.2869421316231326,-0.2626348305062948,-0.4379328347721997,0.0,-0.2217127734342647,-0.2478718084569988,0.0,1,0.13964680676562008
UCP2WOW299R0Zyz8LooMD4ow,-0.2140184142200121,-0.4,0.0,0.0141270306725915,-0.0702340973694283,-0.4064859766286805,0.0,-0.2217127734342647,-0.2478718084569988,0.25,1,0.1442363324682605
UCP31odWRcEMmtMTHs3n9zEQ,-0.278931453714124,0.0,0.0,0.315797219066498,-0.0314875683550814,0.3714626583178972,0.0,-0.2217127734342647,-0.2478718084569988,0.0,1,0.14697604179074242
UCP3NXOW-3FUS1xhTVMcRW2w,1.4906720742687734,-0.4,0.0,-0.2765264486138752,-0.055825231892218,0.4201633259371659,0.0,-0.2217127734342647,-0.2478718084569988,0.0,1,0.14342473798829541
UCP3O0bqJF8uKF6SYSnFUynA,59.1837092748002,-0.4,0.0,-0.1366451252415246,0.3306713950258925,1.0210815971334974,0.0,-0.2217127734342647,-0.2478718084569988,0.0,-1,-0.036898352908664056
UCP3UzMEFEUu1C-qGLClvapw,1.1569043085066968,1.4,0.0,-0.2646355051929127,0.0151293493653047,0.0818713345251368,0.0,0.6913574657089212,0.7154674764909068,0.0,1,0.06169324133164539
UCP55Rzf5jGZBOJ9eRgLQBsw,-0.0619885579187636,6.4,0.0,0.3778526063402239,0.4636328414656699,0.6126606437810815,0.0,1.6044277048521072,1.1971371189648596,0.25,-1,-0.07162084586921835
UCP5zn7jDrjoP_oGTi8CITrQ,-0.1543722953547188,0.4,0.0,0.4445228015657156,-0.3508773596052884,-0.3527223649590604,0.0,-0.2217127734342647,-0.2478718084569988,0.0,1,0.15305953725607674
UCP6LmAM_xtRUIfNszHJs86w,-0.038256133323359,3.2,0.0,0.375903308655812,0.0532178191232938,0.1525373956172367,0.0,-0.2217127734342647,-0.2478718084569988,0.25,1,0.07622391802368828
UCP7RwmfnS9EA2uSDrSjJhRw,-0.1543952709729704,1.0,0.0,0.0709364003242201,-0.2023153642438557,-0.2063154288001117,0.0,-0.2217127734342647,-0.2478718084569988,0.0,1,0.14867038379479852
UCP7UJ77QFGFI2V5WY0J8hVQ,-0.2778159541666448,5.2,0.0,1.5564186181132362,-0.1790069053836626,-0.2459816862826783,0.0,-0.2217127734342647,-0.2478718084569988,0.0,1,0.052370474146378077
UCP8uQCp9tzhkm_-5J8o-k4A,0.1180499637252762,2.6,0.0,-0.0256845492438482,0.3448683654225555,1.7219614657896103,0.0,-0.2217127734342647,-0.2478718084569988,0.75,-1,-0.07257408817745825
UCP9r66BsJpwwef9sOymzCsA,0.1271886042526034,0.8,0.0,-0.1559311160018784,-0.3896177733214954,-0.3530885077721755,0.0,-0.2217127734342647,-0.2478718084569988,0.0,1,0.14730955173899152
UCPACLGYMFAxvWEtu958suwg,15.23824212418311,-0.2,0.0,-0.3002628906836473,5.999853643372973,12.65669163259832,0.0,-0.2217127734342647,-0.2478718084569988,0.0,-1,-0.17064968682052117
UCPAFLmpLQt0c6Fk7bOkxglQ,-0.0349154284825835,1.8,0.0,2.78968385752342,-0.2988159155097308,-0.4268204379248498,0.0,-0.2217127734342647,-0.2478718084569988,0.0,1,0.10387631509374101
UCPF1wTA_kIj-KltiK0can0Q,0.772042807422257,-0.4,0.0,-0.2437668366569531,0.7892123493300545,1.238039885266925,0.0,-0.2217127734342647,-0.2478718084569988,0.0,1,0.11481709479148916
UCPK0iAz4nv7pOvXwi_ob-KQ,-0.0158780963026146,0.6,0.0,-0.1413824601373851,-0.2550066076065952,-0.3488780506299945,0.0,-0.2217127734342647,-0.2478718084569988,0.25,1,0.14010852970207271
UCPK4S5GzQARdJC4qAfTrDLw,-0.340572361202297,-0.4,0.0,0.9163158418507192,-0.4694444291203715,-0.5198707055637223,0.0,-0.2217127734342647,-0.2478718084569988,0.0,1,0.1415863487547117
UCPMPqj6RfOrfqUnhh1b_oXQ,-0.2023114530432087,-0.4,0.0,0.0464542851360348,-0.0320929828709305,-0.1857567733099871,0.0,-0.2217127734342647,-0.2478718084569988,0.5,1,0.10718339347684191
UCPN-UUTa-ZzmrR7U3fIO8BQ,-0.2993896848113375,0.4,0.0,2.07270698227146,-0.1964293897842109,0.1091034378354633,0.0,-0.2217127734342647,-0.2478718084569988,0.0,1,0.1361597776260367
UCPOKPWQMtZscKv5roshke_Q,-0.1751309431805434,-0.4,0.0,-0.0808080360772898,0.0314755412932323,0.017225743230778,0.0,-0.2217127734342647,-0.2478718084569988,0.0,1,0.15862627102004662
UCPOZVGwr_tI3CTYyXxREPpg,-0.0504659454895882,-0.2,0.0,3.6378737531928937,-0.1966648287625967,-0.4400893115279495,0.0,-0.2217127734342647,-0.2478718084569988,0.0,1,0.10565895964032385
UCPOe9yAAKmedmzNrcEtw5qw,3.762875684314248,0.0,0.0,-0.2672193946992486,-0.4813105536310152,-0.5262944950766151,0.0,-0.2217127734342647,-0.2478718084569988,0.0,1,0.12219205444350756
UCPP7rQOIv-DqkAG1Yq-7oUg,-0.1868799070635839,6.8,0.0,0.3920105286304087,-0.1299781737383489,-0.1823585327463795,0.0,15.300481291999896,10.830529968443916,0.5,-1,-0.18887051776964126
UCPQs-p_ccMvK1YuEjP5rW5A,0.3306023567653128,0.2,0.0,-0.2011322828903192,-0.2286256700784676,-0.370236847268235,0.0,-0.2217127734342647,-0.2478718084569988,0.25,1,0.1456899507966431
UCPRPPv8tzX2EbZj3JSy0JzQ,-0.1924665773579331,-0.4,0.0,0.2591539326118754,-0.3151848104820028,-0.3940964242008599,0.0,-0.2217127734342647,-0.2478718084569988,0.0,1,0.15618607864206968
UCPT_76MwHgN5085vjZQQbMg,-0.1535125450007368,1.2,0.0,-0.0660722215120663,0.7978837480109096,2.453349634674834,0.0,-0.2217127734342647,-0.2478718084569988,0.5,1,0.0032409149089879796
UCPUeGS4s08TG7wgfeaIt3Lw,-0.0696692592220799,3.2,0.0,0.1096923858565827,0.8112494377069642,3.5457739039189096,0.0,2.517497943995293,2.6421460463867183,0.75,-1,-0.16712728451071301
UCPUp2eMTThfrXCyRnXKSmrw,0.0653665176033607,0.8,0.0,-0.1939202850582014,-0.5383295934873553,-0.5970281566703916,0.0,-0.2217127734342647,-0.2478718084569988,0.0,1,0.12480801669159763
UCPWL7ZC5t0CYrlr7ztyiNgQ,-0.1906030779822052,-0.2,0.0,0.0559163060622411,-0.3075565875823032,-0.4153675261662206,0.0,-0.2217127734342647,-0.2478718084569988,0.75,1,0.037410445373425194
UCPXB8a7JUa9Hi4npX-B3idA,-0.3590360098680766,1.8,0.0,5.425165078410456,-0.323978456324712,-0.4261866588166618,0.0,-0.2217127734342647,-0.2478718084569988,0.5,-1,-0.028595047179833744
UCPYZov-3cu5T00MLD_tL-zA,0.2647571804483775,0.4,0.0,-0.1996562417525594,-0.3664163321787504,-0.0667579045383236,0.0,2.517497943995293,2.6421460463867183,0.0,-1,-0.0050001577660310215
UCPYt0AodY3elxHEQiLTbNRQ,0.1840237193446466,0.0,0.0,-0.0331408838900882,-0.4262178326887407,-0.2854924108854959,0.0,-0.2217127734342647,-0.2478718084569988,0.0,1,0.1605090299980702
UCPZigcEwXI1yvcr9ycPFWPg,0.1529524021467714,-0.4,0.0,1.993944006931267,-0.2846719188832046,-0.4048152091513645,0.0,-0.2217127734342647,-0.2478718084569988,0.0,1,0.13335606632142882
UCP__YUyDBvcTDvcJ_IVo1tw,-0.2640402233352449,0.0,0.0,1.251250636556824,-0.2094794360147376,-0.1680384975616304,0.0,-0.2217127734342647,-0.2478718084569988,0.0,1,0.14579211775182888
UCPa-HQx8CJXw3AowL0N1FOQ,0.2433280822004307,1.4,0.0,-0.0185489109919077,-0.0036385006260195,-0.3046342946633389,0.0,-0.2217127734342647,-0.2478718084569988,0.25,1,0.12509848302875365
UCPbqYVwuet5H6Jm-8HPUZGQ,0.037493557953698,0.2,0.0,0.2625650985539943,-0.2233282930647873,0.0378424884376681,0.0,-0.2217127734342647,-0.2478718084569988,0.0,1,0.1570104785928645
UCPcTPyYwVZiyzmXuk_u5Jyw,-0.2486571632381893,-0.2,0.0,0.3393902256088849,-0.2122038013360588,-0.4189957156267586,0.0,-0.2217127734342647,-0.2478718084569988,0.25,1,0.14843707646000293
UCPco6E8erUp1HxRvhf3HsZg,2.593552650175659,-0.4,0.0,-0.2800429608614556,-0.1888953424758657,-0.2921976997682942,0.0,-0.2217127734342647,-0.2478718084569988,0.0,1,0.14684324367806073
UCPd5xl8c4YpMECLBKWpCJNQ,-0.2641462646502522,-0.2,0.0,0.1548860421267742,0.8112494377069642,2.422457817699234,0.0,-0.2217127734342647,-0.2478718084569988,0.0,1,0.07783309110688935
UCPdD3YpXTI2gROpI-LtEiNg,-0.2666318730740228,-0.4,0.0,0.6566241515121158,-0.3448501217586122,-0.5749003779940208,0.0,-0.2217127734342647,-0.2478718084569988,0.0,1,0.1334192460523157
UCPeZOW8GUyv2rL9P_e7BMzw,0.2866959502865497,-0.2,0.0,0.02625756517546,-0.0582267094717531,-0.187915548646347,0.0,-0.2217127734342647,-0.2478718084569988,0.0,1,0.16087118082966068
UCPessuZQy5_st-CzifVsuUw,0.6561590405311901,0.0,0.0,-0.2608034949877369,0.0223943235554948,0.552654013126171,0.0,0.6913574657089212,1.6788067614388125,0.25,1,0.014187652768359427
UCPfUe_j5kVggThOU4Xp8-1g,0.4539443123160272,1.2,0.0,1.5949706699349326,-0.2055209564880314,-0.2060062521219808,0.0,-0.2217127734342647,-0.2478718084569988,0.0,1,0.1280972354836914
UCPgEkm1wDqJE34YKNVeYqFQ,1.6872684306396648,-0.4,0.0,0.3510184581379785,-0.3295936759592131,-0.5278287848967753,0.0,-0.2217127734342647,-0.2478718084569988,0.0,1,0.13311877745400086
UCPi-Xsta1dTIphd5Su316RA,-0.0459005134074749,-0.4,0.0,-0.1018599365657693,-0.3550210856248783,-0.3652057461202385,0.0,-0.2217127734342647,-0.2478718084569988,0.0,1,0.16042386380025808
UCPjX5Wo5KiLclR-FpZGMj9A,1.04638364309432,0.8,0.0,-0.2386863037226161,-0.1461310625836107,0.0912352941303556,0.0,-0.2217127734342647,-0.2478718084569988,0.0,1,0.14495161852418803
UCPkIKAY6qaQTynmJV43cAFQ,-0.2097131368307166,-0.4,0.0,-0.0150175080119044,0.3950874995122443,-0.0047096831285005,0.0,-0.2217127734342647,-0.2478718084569988,0.25,1,0.12964600722614789
UCPmgpaTGmxNKoceOnFbgk4A,0.8883828549430408,-0.4,0.0,-0.2717574844940412,0.2984633427827167,1.6260364220364358,0.0,-0.2217127734342647,-0.2478718084569988,0.0,1,0.0984399602792419
UCPpzmjPrlbsfTgGQFhOzV9Q,-0.2349197633583179,1.4,0.0,0.6032343239243223,0.0257241033926652,0.343722551795891,0.0,0.6913574657089212,0.7154674764909068,0.0,1,0.0627480679011641
UCPqh3FoQvdQEoW6z_dgWESA,-0.3161149923090185,-0.4,0.0,0.7435085254656747,-0.3211178727373246,-0.2435385782897864,0.0,-0.2217127734342647,-0.2478718084569988,0.25,1,0.14240523381471104
UCPquI0r7ma8No-lF_cP_cig,28.870465217086743,1.2,0.0,-0.2909153899491992,-0.125978803174925,-0.1868665545523118,0.0,-0.2217127734342647,-0.2478718084569988,0.0,-1,-0.008035577866525867
UCPsWVFUj9DAR-MYVoM8v20A,1.5239011807394536,0.8,0.0,0.2946613453462851,0.587025916109735,0.8840780265372423,0.0,-0.2217127734342647,-0.2478718084569988,0.0,1,0.09253481368037264
UCPszdnrj_8eyEJFglR2yd8g,-0.1806731925093988,0.2,0.0,-0.0484295308477383,-0.1549921295883122,-0.266197122056142,0.0,-0.2217127734342647,-0.2478718084569988,0.0,1,0.16109401400347906
UCPt5_QsxGU1ZQ2ektIK_K1A,0.8917959714020751,-0.2,0.0,-0.2570994590665996,0.0258250058119734,-0.3456608161242272,0.0,-0.2217127734342647,-0.2478718084569988,0.0,1,0.15418416235030102
UCPtIEoB1-cgGymoVE4prZyQ,-0.3216984210152017,-0.2,0.0,2.316290450301436,-0.1189699658952865,-0.3353967247418984,0.0,-0.2217127734342647,-0.2478718084569988,0.0,1,0.13629838445967002
UCPvFVAH-ZkS9M3qezMKAo5g,-0.0535708351930013,1.6,0.0,0.0583265272309557,-0.3414598004698568,-0.4115598135746894,0.0,-0.2217127734342647,-0.2478718084569988,0.5,1,0.07421944289905352
UCPvjq_ahVgFMFnSpVDR9B5Q,2.5657104425073487,-0.4,0.0,-0.28478760056759,0.2399803005516867,-0.2602908785389964,0.0,-0.2217127734342647,-0.2478718084569988,0.0,1,0.12238926206413048
UCPyILZ97cIKMveQzjggwN3w,-0.1941130455089461,-0.2,0.0,3.345406613176701,-0.2616459867970745,-0.329182886873233,0.0,-0.2217127734342647,-0.2478718084569988,0.0,1,0.11134170502429735
UCQ-ZSxvPWWtxpC-MVNnQk5Q,5.153801434753558,-0.4,0.0,-0.1616025139410597,-0.3575638265914447,-0.2827766255952559,0.0,-0.2217127734342647,-0.2478718084569988,0.0,1,0.12129190831138281
UCQ1rKvydNl_JLCrWsD9VByA,0.322518120380208,1.6,0.0,-0.1773024426871128,0.1117131451271091,0.4047398875957345,0.0,-0.2217127734342647,-0.2478718084569988,0.0,1,0.11462385575844863
UCQ27c9LVOyiR8_3ZcrISUiw,0.2748325781701106,0.2,0.0,-0.1253119782319154,0.1782128845721751,-0.2183941850253752,0.0,-0.2217127734342647,-0.2478718084569988,0.0,1,0.14054228846827782
UCQ2BQpQhF0UpdKa6uH3DLFw,5.529766372484072,0.0,0.0,-0.2951112378153384,0.9032724441160382,1.1111110486444378,0.0,-0.2217127734342647,-0.2478718084569988,0.0,1,0.0703791162122982
UCQ44fJIOlHecPBtM12GPhbQ,-0.2994014671796716,-0.2,0.0,3.479215147922909,0.175564196065335,-0.0875686544326486,0.0,-0.2217127734342647,-0.2478718084569988,0.0,1,0.09052903576411614
UCQ6qMcRdFqernyfpskLObmA,-0.3448352220655895,-0.4,0.0,4.295494568295919,1.0528098295307835,-0.6003272946293761,0.0,-0.2217127734342647,-0.2478718084569988,0.0,1,0.015687338192120093
UCQ76yTYSle9F8qcfkIltS_g,-0.2779189106433973,-0.4,0.0,1.1937026906547787,-0.4787678126644487,-0.5546408842683839,0.0,-0.2217127734342647,-0.2478718084569988,0.0,1,0.1250003570367249
UCQ7FZZPTBHLy9lOVZN5fXew,1.6583686375896816,-0.2,0.0,-0.2381260883010715,-0.282129177916638,-0.2998170535285856,0.0,-0.2217127734342647,-0.2478718084569988,0.0,1,0.16093173092801194
UCQ8vn1PsMKP5Lp8wd_-RIBw,13.6220436493688,4.4,0.0,0.1592854214756827,0.1966075695817475,0.3109180481034809,0.0,-0.2217127734342647,-0.2478718084569988,0.0,-1,-0.01510139953580436
UCQ966uhlk8H3sfvxjDULIXA,-0.1762481768019076,8.2,0.0,0.4335970145117271,-0.1481055394705279,0.1499574127182543,0.0,1.6044277048521072,1.1971371189648596,0.5,-1,-0.11231676866368678
UCQ98jn4akS3KpFAYfWDaNIg,-0.1276032257942818,-0.4,0.0,-0.1854540496534224,-0.0303978222265528,-0.0916594894766243,0.0,-0.2217127734342647,-0.2478718084569988,0.0,1,0.16028319462788249
UCQANb2YPwAtK-IQJrLaaUFw,-0.3575568114952802,5.4,0.0,3.0206597799663943,-0.0236171796490421,-0.6003272946293761,0.0,-0.2217127734342647,-0.2478718084569988,0.0,1,0.005680722118192649
UCQArSxIgNNSI6WyN4aBzAPA,-0.1909742225847307,-0.2,0.0,0.0625537165666978,-0.3704187948113088,-0.4429542257578586,0.0,-0.2217127734342647,-0.2478718084569988,0.0,1,0.1598541016907447
UCQCyztyqmA8dc2wPGR1ymog,0.0,0.0,0.0,0.0,0.4688269875426732,0.3685848341960998,0.0,-0.2217127734342647,-0.2478718084569988,0.25,1,0.12744948528525046
UCQE3zzg16zALp1A3Ru54fEQ,0.2949777769886181,0.2,0.0,-0.1970795385275635,-0.3393408496643847,-0.4247999260840623,0.0,-0.2217127734342647,-0.2478718084569988,0.25,1,0.14462652631785128
UCQE9PyvVDQwmsR17i-PvCmQ,-0.271632781489766,-0.4,0.0,4.201754571112068,-0.4728347504091268,-0.5314129433044935,0.0,-0.2217127734342647,-0.2478718084569988,0.0,1,0.0702051005783495
UCQEsf2Y3AeAzelDcfTA7v1w,-0.0912777129253889,-0.4,0.0,-6.127088260365714e-06,0.0611408525698417,0.0247889804379374,0.0,-0.2217127734342647,-0.2478718084569988,0.25,1,0.14390841051154674
UCQF-RBaGpjFJpx4EbwRMpNw,-0.0166034188972644,1.0,0.0,-0.113974572629215,-0.2959023581522067,-0.3500544629138341,0.0,-0.2217127734342647,-0.2478718084569988,0.25,1,0.134097141257414
UCQGFNbtx9aLWj3qCW0J0wTQ,-0.2289490313730367,-0.4,0.0,1.241342875024241,-0.0465018483481408,0.442139918868315,0.0,-0.2217127734342647,-0.2478718084569988,0.0,1,0.12756448700399303
UCQG_f0SLQvkZpqCQxkHEtAA,1.0732070347283995,0.2,0.0,0.6964830953859692,0.4828120628587891,1.0936195342799264,0.0,-0.2217127734342647,-0.2478718084569988,0.0,1,0.0993368829718686
UCQHmbWpdleFVdJOBb2mZIqg,0.7952601998720503,1.6,0.0,-0.1778855053386271,-0.2979506772641631,-0.3358105906754726,0.0,0.6913574657089212,0.7154674764909068,0.75,-1,-0.02574011665812348
UCQKbUkkZ4kDmEL7GWdeEIXQ,-0.0256766994140688,0.8,0.0,-0.1065159158705182,-0.1511394917601811,-0.2790910825793642,0.0,-0.2217127734342647,-0.2478718084569988,0.0,1,0.15356142243520948
UCQNNgFrabu5-gaIv8h9tnCQ,0.0643997742815444,1.0,0.0,-0.0345702004671985,-0.0758846328506872,-0.1278602264457943,0.0,-0.2217127734342647,-0.2478718084569988,0.75,1,0.024117742552515253
UCQNRkfW2-DMxs6SPerh6rJQ,2.898781971292605,-0.4,0.0,-0.2772515934979994,0.4323810336885532,0.6603763072238801,0.0,-0.2217127734342647,-0.2478718084569988,0.0,1,0.11418553288908773
UCQNnnqyPfqzi-Jgnbd79QSQ,-0.2693119915670353,0.0,0.0,3.5148814926371346,0.0829357751404118,0.2180375396598323,0.0,-0.2217127734342647,-0.2478718084569988,0.0,1,0.0918673734898689
UCQOHekr5ykscySeOjzbU-iA,-0.3245261894153958,0.6,0.0,5.430536815096362,-0.4863960355641483,-0.4798805582304563,0.0,1.6044277048521072,2.160476403912765,0.0,-1,-0.06273596698916462
UCQOUQXFYKzb0O0uT0I-5aNg,-0.3390962660973957,2.4,0.0,2.7364230761934607,-0.3470359868000466,-0.4146944318259119,0.0,4.343638422281664,6.495503186178341,0.0,-1,-0.09139745298989177
UCQQGl92ujpYeXQ_0ZsN_kLQ,16.97044909676761,0.2,0.0,3.9550731181937735,-0.1597597689006244,-0.0451435516604455,0.0,-0.2217127734342647,-0.2478718084569988,0.0,-1,-0.04467390030228702
UCQQYC8P3PrpXREuOmAYoIqw,0.6422361654574873,1.2,0.0,0.0481570358190212,-0.1549921295883122,-0.2079548131625473,0.0,-0.2217127734342647,-0.2478718084569988,0.25,1,0.12711550412300998
UCQQkSWu7z_e3jrYjWhjRJLQ,2.391789960937613,-0.4,0.0,-0.2783793284613428,-0.3134896498376252,-0.3006815268148833,0.0,-0.2217127734342647,-0.2478718084569988,0.25,1,0.13139765010675275
UCQSSAFhoaOYMV29cMnuwH7A,-0.2249215822290604,0.6,0.0,0.7591508749917941,-0.3846863969014876,-0.4714502301351627,0.0,-0.2217127734342647,-0.2478718084569988,0.0,1,0.1478418339393776
UCQSgJb6uMhddEhjMmMbm7Nw,-0.32317260321795,2.0,0.0,1.4998698789889418,-0.3850852582295764,-0.4040465938071147,0.0,-0.2217127734342647,-0.2478718084569988,0.0,1,0.12273246870280796
UCQV3aaUP4YUpOEwayB30Kvg,-0.3475880546031784,-0.4,0.0,2.005859101863261,-0.1685534147433336,-0.2489487088570456,0.0,-0.2217127734342647,-0.2478718084569988,0.0,1,0.13966206775300777
UCQVbKy2KgIMzeUbmodbkgaA,9.03079067769242,-0.4,0.0,-0.297350996934446,-0.1371929428223466,-0.1346725441049168,0.0,-0.2217127734342647,-0.2478718084569988,0.0,1,0.11381270662368592
UCQWTks93HFXUh9KKcW-Q3dA,-0.0123791185121563,0.8,0.0,0.0037740065081055,-0.2382091066759437,-0.4010091164711716,0.0,-0.2217127734342647,-0.2478718084569988,0.0,1,0.15074728556647154
UCQWcsTQAO_IvosDt5sx9Fkw,2.770539846575405,-0.4,0.0,-0.2820513546531427,-0.4753774913756933,-0.4102490327264907,0.0,-0.2217127734342647,-0.2478718084569988,0.0,1,0.1305053752602
UCQYZzbVyNL6mUhTQI0vNqag,-0.2156490266696383,0.0,0.0,4.161026840470434,-0.3929200343170363,-0.4198882257283973,0.0,-0.2217127734342647,-0.2478718084569988,0.0,1,0.08567131798916433
UCQa4nYh-3sGpPrJGcQQDkPg,-0.2198245296877106,-0.2,0.0,0.1448071941087199,0.5449679531526375,0.440474538829405,0.0,-0.2217127734342647,-0.2478718084569988,0.0,1,0.1381555494116286
UCQaT1yPnnvH7949yyvEMxrA,-0.1206773556249359,5.4,0.0,0.4767726416398882,-0.010654186486154,-0.3894464400108011,0.0,6.169778900568036,13.238878180813682,0.25,-1,-0.14835485927626135
UCQaUGLgCQg6Kf3yh5Lm9_Fw,-0.2699997452386539,-0.2,0.0,2.9452497981609023,-0.2220922384282619,-0.2825588583523146,0.0,-0.2217127734342647,-0.2478718084569988,0.0,1,0.12718423208025376
UCQbBXHs3kS4fE4JQN4b6riw,9.031303917657054,-0.4,0.0,-0.2994659663607874,0.0552077903145198,0.4254292919075909,0.0,-0.2217127734342647,-0.2478718084569988,0.5,1,0.026368646153279385
UCQbnEjUaQen0Vfrkswq4hqw,1.4046980177134734,-0.4,0.0,0.1072139134626067,-0.0651486154362952,-0.2102227730869233,0.0,-0.2217127734342647,-0.2478718084569988,0.0,1,0.14706650453865105
UCQbz6ZDEVMELTKz77eVoMXg,-0.33022818241093,0.0,0.0,1.8006566232701606,-0.0980831650984901,-0.5450299131347198,0.0,-0.2217127734342647,-0.2478718084569988,0.25,1,0.1007313196000742
UCQdJdpuO9gchZT4aVd-7SIA,0.0492785352408282,1.4,0.0,-0.2167950061795902,-0.2560963537351237,-0.3743801228353528,0.0,-0.2217127734342647,-0.2478718084569988,0.25,1,0.12575627554838853
UCQeKX3uCsng1t5G7Q3zBnAg,-0.1153490914320409,0.0,0.0,0.0519814700183779,0.1743533670336366,-0.2771579551249762,0.0,-0.2217127734342647,-0.2478718084569988,0.5,1,0.09527744255921272
UCQfGxIQAQ4-0lWbOkoe9LPg,-0.0790628138497007,2.6,0.0,0.7152960056950072,-0.3003521548436981,-0.4263734181261275,0.0,-0.2217127734342647,-0.2478718084569988,0.0,1,0.12288503111654853
UCQglK45dlF_bXAvHrOmP1uA,26.65209349225761,0.0,0.0,-0.2938578897160385,-0.4080553972132656,-0.3495159932172942,0.0,-0.2217127734342647,-0.2478718084569988,0.0,1,0.009751356899433905
UCQkRji1TJMI_M_CrfY4QgTg,0.7765962214886695,-0.2,0.0,-0.24605413875402,1.5825475308988075,-0.6003272946293761,0.0,-0.2217127734342647,-0.2478718084569988,0.25,1,0.061917796234428224
UCQlIllfrYJYT-QVq4CcjakA,14.13780403323189,-0.4,0.0,-0.3015729112922886,2.871717200948032,1.3660970339614251,0.0,-0.2217127734342647,-0.2478718084569988,0.0,-1,-0.03989245624140192
UCQlZUMBAkmyJ8tU9USLUehg,1.9500223139120296,0.4,0.0,-0.2810479634788135,-0.2661193273864045,0.0264290064623018,0.0,-0.2217127734342647,-0.2478718084569988,0.0,1,0.14440638296589076
UCQlsN4pD3nqhAlendcB6R8g,-0.336186492413596,-0.4,0.0,2.1715626501678216,-0.0659961957584841,-0.1506833132520867,0.0,-0.2217127734342647,-0.2478718084569988,0.0,1,0.12881316869778348
UCQmaal1SpzrWiVVIHjd_RuA,-0.183037383627486,-0.4,0.0,-0.0367444992571955,-0.2126275914971532,-0.3791021151952722,0.0,-0.2217127734342647,-0.2478718084569988,0.25,1,0.1441922667880377
UCQpFkb-rTn03Np-89OWCA6Q,-0.225455323514597,0.4,0.0,1.5084495512061806,-0.1436910586257943,0.1216168919341922,0.0,-0.2217127734342647,-0.2478718084569988,0.0,1,0.14207251275462468
UCQpV0iCHTga5D2PBrJz2r5Q,25.38865667022376,0.0,0.0,-0.3014771392601432,0.0441892461260649,-0.159618220730726,0.0,-0.2217127734342647,-0.2478718084569988,0.25,1,0.0122073438852629
UCQqRcukWbDR56i7EIS218Lw,0.079482131506758,0.0,0.0,-0.0932375226157177,-0.423796174625344,-0.5041138841619986,0.0,-0.2217127734342647,-0.2478718084569988,0.25,1,0.13771947493160724
UCQqWCUmjqwywrGYTET0s7dg,0.7719975631278538,-0.2,0.0,2.688738829747538,-0.245400697288455,-0.1770604803743782,0.0,-0.2217127734342647,-0.2478718084569988,0.0,1,0.1161604533787487
UCQtdV-wVWcF90eTU614NI0w,-0.3335617577845359,3.6,0.0,2.791043858427443,-0.282129177916638,-0.2640250782025164,0.0,0.6913574657089212,0.7154674764909068,0.0,1,0.017739630945112606
UCQtvUmn5rG0QiOLQo2YwEGg,-0.3380903884807552,0.0,0.0,3.673485052470525,0.2633493008634648,0.4719996076193613,0.0,-0.2217127734342647,-0.2478718084569988,0.0,1,0.07252591579370199
UCQuTblxRC3HQIVf7QNeZ4Yw,-0.0941646877264621,0.2,0.0,-0.116627993840974,0.1077577702902278,-0.0184823456825178,0.0,-0.2217127734342647,-0.2478718084569988,0.25,1,0.13913808555290608
UCQv5e5zUSfTL6E_YSZzo3Fg,3.012172858355444,0.0,0.0,-0.1745201807915358,0.1023090396475853,0.2751371280439798,0.0,-0.2217127734342647,-0.2478718084569988,0.0,1,0.13030050893293926
UCQvA2-D5unfK9Qamk95Ga_Q,0.2479272455198891,-0.2,0.0,-0.1478064339536275,-0.2256238231040488,0.2507951692889146,0.0,0.6913574657089212,0.7154674764909068,0.0,1,0.07697966746885176
UCQvJGoOlnlsiFYCuJUHOomw,-0.1969184274093053,2.2,0.0,0.1807130806674822,0.8924758852500614,1.354616142408103,0.0,0.6913574657089212,0.7154674764909068,0.25,-1,-0.006031814992131679
UCQvm7pd5-dgTG2EtgTblJuA,-0.3115315836992183,0.0,0.0,2.8757448741281526,-0.2234039698792685,-0.4598491106607901,0.0,-0.2217127734342647,-0.2478718084569988,0.0,1,0.12710101427281628
UCR-A5BhmwnBH82fXLYbX3DQ,-0.1958719718340283,1.2,0.0,0.1839758338923482,-0.2730013898315275,-0.2874862898325335,0.0,-0.2217127734342647,-0.2478718084569988,0.0,1,0.14726690655644237
UCR28u2Ke2t-cExWCvC3Vr9w,-0.2787552231477547,-0.2,0.0,0.2661634120742954,-0.4149167617262229,-0.4852424837139505,0.0,-0.2217127734342647,-0.2478718084569988,0.0,1,0.15708686934300953
UCR3BnWuIwK2Dxzvem79BlSg,-0.3485551513960448,-0.4,0.0,1.785679907049066,-0.3007759450047925,-0.3125366745482629,0.0,-0.2217127734342647,-0.2478718084569988,0.0,1,0.139886621651853
UCR3PsGYkNWVJUBFF8wjXQYA,-0.3265869256370373,-0.2,0.0,1.3374164688119754,-0.2884860303330543,-0.4669874188851491,0.0,-0.2217127734342647,-0.2478718084569988,0.0,1,0.14484357389525332
UCR4DFNGrs2GlKcmjT5Khvsg,4.408800067128197,5.4,0.0,-0.2499640656219604,-0.1223353583510363,-0.0422135793016227,0.0,1.6044277048521072,2.160476403912765,0.0,-1,-0.07241170464368307
UCR70gfrDqTz2gsEqen2BVFQ,0.3122929098451062,1.6,0.0,0.1404075559982665,-0.2205383411709157,-0.3466432768494403,0.0,-0.2217127734342647,-0.2478718084569988,0.25,1,0.12391633450532002
UCR7PyWuSQtYKIbN4rJxeong,1.7531280403578096,0.2,0.0,0.3061105687902237,-0.3965525214121314,-0.4377854490575275,0.0,-0.2217127734342647,-0.2478718084569988,0.0,1,0.1369068749052907
UCR8JGN56uZJD43Xite3vG0Q,0.7632244116662519,-0.2,0.0,-0.2396585098736054,-0.1669995174859874,-0.108489985180245,0.0,-0.2217127734342647,-0.2478718084569988,0.25,1,0.15302984476816262
UCR8rshYkNNQSqs6W6FMd02Q,-0.2368713780172304,2.6,0.0,0.1214657800187098,-0.3175156563680221,-0.3981894355720533,0.0,-0.2217127734342647,-0.2478718084569988,0.0,1,0.12223472975864463
UCR9UuIBwPdhhW8bpPmnRo-Q,0.7656891148022066,1.4,0.0,-0.2383519722081153,-0.0015195498205474,0.1056767508068469,0.0,-0.2217127734342647,-0.2478718084569988,0.0,1,0.13362715068438563
UCR9z6OFrajaTWBgu3Umfh8w,-0.3293107735485241,-0.4,0.0,0.7288618713095314,-0.3812960756127322,-0.4209985850330874,0.0,-0.2217127734342647,-0.2478718084569988,0.0,1,0.15257023760772687
UCRA1PRX4eCYPq6lKUCFF6EQ,0.9550036645674128,1.0,0.0,-0.2451842820624681,-0.216441702947003,-0.3458798313838818,0.0,-0.2217127734342647,-0.2478718084569988,0.0,1,0.1413276959750398
UCRBfb6hc7QJD0IjAPRVKTyw,0.0009442979101397,-0.4,0.0,-0.0079771108318046,0.0670739148251636,0.5074984734492077,0.0,-0.2217127734342647,-0.2478718084569988,0.25,1,0.1331965528156514
UCRBpFIalBn-M7mmRV81tO2g,-0.2564158527862217,0.6,0.0,0.8936803810453385,-0.2757723255002218,-0.3252778231807243,0.0,-0.2217127734342647,-0.2478718084569988,0.0,1,0.15162278865889095
UCRC1RnPWiE3h8yA4mHt227Q,-0.225950182984631,-0.4,0.0,0.3602135425540245,-0.3211178727373246,-0.3725776272543535,0.0,-0.2217127734342647,-0.2478718084569988,0.25,1,0.14545710857034572
UCREdcQjCGJF-LcChGdv1sAg,0.3961820931556347,0.0,0.0,-0.1740811744193658,-0.2942374682336215,-0.4228242894038172,0.0,-0.2217127734342647,-0.2478718084569988,0.0,1,0.15959117477418644
UCREzd_hIP92_wI5K1TKjwDg,-0.1108451261051528,2.4,0.0,3.160480433188177,-0.2428728261521024,-0.2690494593398991,0.0,-0.2217127734342647,-0.2478718084569988,0.5,1,0.006562062338227981
UCRF0f3n46KQfBGRNc8WP9vA,-0.0470061708519508,1.6,0.0,-0.0311964554328149,0.0054830780794413,0.2036284800362697,0.0,-0.2217127734342647,-0.2478718084569988,0.25,1,0.11108422162809894
UCRGAJrSN_BLSJ9fOmoEW2Ag,5.380751057132133,-0.4,0.0,-0.2811063767575348,-0.4067234852783974,-0.3085770304765018,0.0,-0.2217127734342647,-0.2478718084569988,0.0,1,0.12110754934435697
UCRHNGkLkUbGZHwfjSx3qqfA,0.1300474781051996,-0.4,0.0,0.4975477364093266,-0.3346791578923461,-0.3762342948764137,0.0,-0.2217127734342647,-0.2478718084569988,0.0,1,0.1551288557339865
UCRJmRbuqfi60SuxtYiW3oew,-0.1525457337037185,0.2,0.0,4.777870703715082,-0.3324542595466004,-0.3884380043491366,0.0,-0.2217127734342647,-0.2478718084569988,0.0,1,0.06022453833142577
UCRKUzPDYdsc7gUJb8Cbx-1Q,0.0,0.0,0.0,0.0,-0.1985819747294525,-0.5132702100095072,0.0,0.6913574657089212,1.6788067614388125,0.0,1,0.06143045039372341
UCRKXbLrqPThjrlRYcUWjFaQ,0.6055494595556312,0.6,0.0,-0.2268574482639347,-0.3732440625519382,-0.3343926868493052,0.0,-0.2217127734342647,-0.2478718084569988,0.0,1,0.14799930671855188
UCRKp9xGVz9nIw_eHduy1E6A,-0.1096228604216479,0.2,0.0,0.0261237617645818,-0.2413393749113002,-0.3954002182582345,0.0,-0.2217127734342647,-0.2478718084569988,0.0,1,0.1576727785285132
UCRMWaAC3bJ2FOZRRDuNHM1Q,0.1070079779947639,3.0,0.0,0.6153197895404028,-0.4302631024082783,-0.519649512530923,0.0,-0.2217127734342647,-0.2478718084569988,0.0,1,0.10793381758582021
UCROecyVH2v_irQucpSXVCKg,5.702066845735684,0.2,0.0,-0.2932134323428138,2.440192869413639,2.4044581472632958,0.0,-0.2217127734342647,-0.2478718084569988,0.0,-1,-0.017082652997864933
UCROh_jMW6Pu3x_o0KegRV7g,0.1513236075482596,0.8,0.0,-0.161835093572142,0.5365563605612178,0.6498663688625755,0.0,-0.2217127734342647,-0.2478718084569988,0.0,1,0.11573702599777735
UCROqGDh9OMFavfKReiteO0Q,0.4665287653745158,0.2,0.0,-0.1349673168012399,-0.1120833757775022,-0.3745263512266231,0.0,-0.2217127734342647,-0.2478718084569988,0.5,1,0.10152236114048668
UCRQeF8gEJzqzX3IFIPxL3cA,0.7857381610791301,0.4,0.0,-0.2768860109446169,-0.2939011268359275,-0.3272375828312354,0.0,1.6044277048521072,2.160476403912765,0.25,1,0.005069958964763421
UCRS18GYITkjpW5W0SqvMtHg,0.4776148546519516,0.6,0.0,-0.0172907222923692,0.0662263345029747,-0.2416649299727122,0.0,1.6044277048521072,1.1971371189648596,0.0,1,0.0381371069999053
UCRSbGeloMR4L_oZz_bBAxsQ,0.12262175828629,-0.2,0.0,-0.0302693212039513,-0.4092662262449639,-0.5905404698533198,0.0,-0.2217127734342647,-0.2478718084569988,0.25,1,0.12917124596498825
UCRSlhe2nkHIIHCWQAMvYMLg,1.4135333800798795,-0.4,0.0,-0.2698448394247199,-0.3567162462692559,-0.4157887612582978,0.0,-0.2217127734342647,-0.2478718084569988,0.0,1,0.15120394311764118
UCRT817aaVgXP3cWlxAq-_iQ,-0.2552971169128949,0.2,0.0,0.1733612352267373,0.3011120312895567,0.5982374037153082,0.0,-0.2217127734342647,-0.2478718084569988,0.0,1,0.1337632533478017
UCRVCVTtNANjyhPgUsjC9rkw,-0.3131255698152801,2.2,0.0,1.905260569565076,0.1082286482469994,0.0720667173072938,0.0,0.6913574657089212,0.7154674764909068,0.25,1,0.022511133261869876
UCRY3A47Jie-_Olsa591jqog,12.734890160643417,-0.4,0.0,-0.3014906120969458,-0.198218726019943,-0.0445891620279361,0.0,-0.2217127734342647,-0.2478718084569988,0.0,1,0.10128263203921095
UCR_30faWJ88xF-QiH4ruwEA,-0.1817945794156008,-0.4,0.0,2.3443249273891738,-0.0532824909256515,0.0022946694178739,0.0,-0.2217127734342647,-0.2478718084569988,0.0,1,0.12298117878655884
UCR_YSxno8pxJNVId28VSw5Q,0.0235226147014892,-0.4,0.0,-0.098248824881373,-0.4389315375215733,-0.5057775846435271,0.0,-0.2217127734342647,-0.2478718084569988,0.25,1,0.1362723079368185
UCRb2TnINcmAFNklQxvB4itg,-0.068517712014327,-0.2,0.0,0.0632717617375617,-0.3259208278963948,-0.2788566253997135,0.0,-0.2217127734342647,-0.2478718084569988,0.0,1,0.16429742012345283
UCRbUMOwFnjHZkX_nN1Nx2EQ,1.2156602862763004,-0.2,0.0,-0.2735958114003496,-0.3414598004698568,-0.5072237743020043,0.0,-0.2217127734342647,-0.2478718084569988,0.0,1,0.14945780026531108
UCRbzxb55iqh_yFaF7y8rZ6Q,-0.0810644194142595,0.0,0.0,-0.1069931134831039,1.9736453081373724,1.0449265812447044,0.0,-0.2217127734342647,-0.2478718084569988,0.25,1,0.05214316109147299
UCRc3gIC2TXbnHV0Iai8u7sA,0.0289148155696092,0.2,0.0,0.1839287057356071,0.0717356065972022,0.0545582185463299,0.0,-0.2217127734342647,-0.2478718084569988,0.0,1,0.1548034736163314
UCRd_9czd0mkQLf-c6hxRODg,-0.3102795387441681,0.2,0.0,1.109908323781235,-0.3287460956370242,-0.4137776464344242,0.0,-0.2217127734342647,-0.2478718084569988,0.25,1,0.12757138094597426
UCRdjGa8Gg1hTQ2YKZRdZT2Q,0.3128634121198455,-0.2,0.0,-0.0863447754178937,-0.484842138306802,-0.4632874770353188,0.0,-0.2217127734342647,-0.2478718084569988,0.25,1,0.14286069997138667
UCRdyhvvXLO4jNo60djOFkMw,-0.0681442109381347,0.4,0.0,4.07623038556691,-0.0123161086865243,-0.4598457286188754,0.0,-0.2217127734342647,-0.2478718084569988,0.0,1,0.07626535105287735
UCReXeTcGQPqZdHHzSnnnwsw,-0.3201078012900926,0.4,0.0,1.3055529004263693,-0.5095632310373099,-0.5163395530806079,0.0,2.517497943995293,1.6788067614388125,0.0,-1,-0.007303351818814474
UCRgqAkj_qI2UTSGbRsSPfnw,6.351890144926577,-0.4,0.0,-0.2827068300242334,0.718015602266192,2.301246878570959,0.0,-0.2217127734342647,-0.2478718084569988,0.0,1,0.056953928376148266
UCRhuU8B54CT4kWDmg7oLkOA,-0.2107960633676679,1.2,0.0,0.1427941292442246,0.2762958574331624,0.7907737185579863,0.0,-0.2217127734342647,-0.2478718084569988,0.25,1,0.0924094295625944
UCRii9yjmoGpOlNzZCBRf2cQ,-0.0397143660651361,0.0,0.0,2.698784490638493,0.4371032669121768,0.5394148443641813,0.0,-0.2217127734342647,-0.2478718084569988,0.0,1,0.08935234086550736
UCRk4aTSxez8bnZTOHOJG2Vg,3.858909728936695,0.2,0.0,-0.2892835504807091,0.3583237030373034,0.5035655024608192,0.0,-0.2217127734342647,-0.2478718084569988,0.0,1,0.11579789166498727
UCRkP97bcSb4iIwE7xF3lvng,3.0176274216159613,-0.2,0.0,-0.2901240459122901,-0.2411627956775108,-0.3377597578952463,0.0,-0.2217127734342647,-0.2478718084569988,0.0,1,0.1444147014572975
UCRlO38cIew3bRGLRIJBSxqA,-0.1122696516442295,-0.4,0.0,-0.0918132915214052,-0.2422929027737626,-0.1850690402043976,0.0,-0.2217127734342647,-0.2478718084569988,0.25,1,0.1494761269559316
UCRljB1MO6gJr4D_FQ6thizw,0.4329132897982268,1.4,0.0,-0.2523053851811973,-0.1764843449009577,-0.1534538067791985,0.0,-0.2217127734342647,-0.2478718084569988,0.0,1,0.139780761390708
UCRllauuwNU-Oycwi3DRkl3w,0.3658845745821268,0.0,0.0,-0.1993685368133731,0.6950098506639234,0.843993383075132,0.0,-0.2217127734342647,-0.2478718084569988,0.0,1,0.12639943039335305
UCRnmCEmz3iTiZUIA_K8L3qA,0.2014981161571029,-0.4,0.0,-0.2235547344663918,0.3408423588921586,0.6707045858231252,0.0,-0.2217127734342647,-0.2478718084569988,0.0,1,0.13551995220412477
UCRpi4ZOzNkh60r4FBYXLj8Q,-0.2445710378999088,0.4,0.0,0.5320353011424194,-0.2303326026717645,-0.2609520381504293,0.0,-0.2217127734342647,-0.2478718084569988,0.0,1,0.15740055572926315
UCRqjdA7uJzu1J6PvD5wqrYg,-0.1411489433733114,-0.2,0.0,-0.1179591528845878,-0.0815351683319462,-0.479029437663709,0.0,-0.2217127734342647,-0.2478718084569988,0.25,1,0.14295911227724045
UCRr73IzPT9vO8ICaLzMt6_g,5.043785691259807,-0.4,0.0,-0.2874109901389694,1.3325113358531002,1.4697461681736732,0.0,-0.2217127734342647,-0.2478718084569988,0.0,1,0.04084916642499986
UCRsrOw4Bqp2toVJBwF5YD8w,0.8393158032676554,0.8,0.0,-0.2611763042689314,0.491095234189271,1.11128400477662,0.0,-0.2217127734342647,-0.2478718084569988,0.25,1,0.080984691076599
UCRt-kh-2FC24gW91i7ijslQ,-0.3462597647773488,1.2,0.0,2.550380861282684,-0.0953355146034823,-0.2040795394833094,0.0,0.6913574657089212,1.6788067614388125,0.25,1,0.013105675286066598
UCRtPH-t8SifJkJX6cqmwj2A,0.8938461034922158,1.6,0.0,-0.2252511402238716,-0.3558686659470671,-0.3549144683244289,0.0,0.6913574657089212,0.7154674764909068,0.5,1,0.007809167713638876
UCRu9mL0ujOnxUY--PlqTt3A,-0.263297934130194,0.0,0.0,0.2741218270610663,-0.2669938150204088,-0.1989239984672533,0.0,-0.2217127734342647,-0.2478718084569988,0.25,1,0.15030830662502792
UCRv0M_jcnCPoZG9Q_d7iUWg,3.874606494590647,0.2,0.0,-0.2646300697653527,0.111995671901172,-0.5824590789753877,0.0,-0.2217127734342647,-0.2478718084569988,0.0,1,0.09908465554988083
UCRvMSJ5Ss-7wgXgXbTihZYQ,-0.3321248070736315,0.0,0.0,1.296915926480534,-0.101110237677736,-0.184583755606741,0.0,-0.2217127734342647,-0.2478718084569988,0.0,1,0.1446008732302232
UCRvkmG7fkSysN4SMaGaZ-7Q,5.810477123720223,-0.4,0.0,-0.2921923278763042,0.4510278007767077,0.3914793980056128,0.0,-0.2217127734342647,-0.2478718084569988,0.25,1,0.0852940180435367
UCRw14qvBPk_pnRx7mHQ9dOg,0.1466026482041357,-0.4,0.0,-0.1505306781368087,0.0840255212689404,-0.3121555727620169,0.0,-0.2217127734342647,-0.2478718084569988,0.25,1,0.13999742598128373
UCRwsjitJW1YHmQL7GzJgyuw,-0.1822479060372568,0.2,0.0,-0.1417570106797588,-0.1602895066019924,-0.1006700772199285,0.0,-0.2217127734342647,-0.2478718084569988,0.25,1,0.14699801235371757
UCRyMCXAVxGh4ShHxpVVJP8w,-0.1279892161809083,1.6,0.0,-0.0285038302544514,-0.2414453224515738,-0.0673217290253296,0.0,0.6913574657089212,1.6788067614388125,0.0,1,0.05100507306906016
UCRyhBjm5HW73BhI_mgLlX8w,-0.2928410444912214,0.4,0.0,1.2963917366853523,-0.2486968429858561,-0.1359529819761733,0.0,1.6044277048521072,2.160476403912765,0.0,1,0.022404561137981616
UCS0BKkADiDte-YltNS20lFA,1.112788899645641,1.6,0.0,-0.2806484946842225,-0.2631998840544207,-0.2140895309066072,0.0,-0.2217127734342647,-0.2478718084569988,0.25,1,0.12062032096054393
UCS11wAYOnWu8ksrRAQyqf3g,-0.0500771273345615,-0.2,0.0,-0.1245750957225065,-0.4127978109207508,-0.4647514111069343,0.0,0.6913574657089212,0.7154674764909068,0.25,1,0.0744061034320983
UCS2uGFIavn4hetsaXZbBClQ,-0.2933045965253961,0.0,0.0,0.2804594365610159,-0.2560963537351237,-0.2801622133134217,0.0,-0.2217127734342647,-0.2478718084569988,0.0,1,0.16360131286586493
UCS5MrdaDOdaEtve7jXfp9UQ,0.4172716908760105,-0.2,0.0,-0.218073182521242,-0.1274457691171749,0.2565812665864025,0.0,-0.2217127734342647,-0.2478718084569988,0.25,1,0.14097332862401957
UCS6903cdTxHUQH2wnE5PXEg,0.4332917058052098,-0.4,0.0,-0.2150463558294776,-0.0125986354605872,0.0294100757001914,0.0,-0.2217127734342647,-0.2478718084569988,0.0,1,0.1576554206173083
UCS6Iurq14Z6uc9EgnYFEjkA,2.388619628594081,0.0,0.0,-0.2812986705731351,-0.2191660682683243,-0.3309073132953481,0.0,-0.2217127734342647,-0.2478718084569988,0.0,1,0.14817336516473661
UCS7bb3vxlu8QPW63fgv8unw,0.0176214155213342,0.2,0.0,0.1312928723872904,-0.3319245218452323,-0.3846692251843624,0.0,-0.2217127734342647,-0.2478718084569988,0.0,1,0.15788868876182943
UCS9GHXdFBfcoNR59oAgGjjg,-0.3316461062801701,0.0,0.0,1.6969349572007904,-0.5012892326540379,-0.5209431434411115,0.0,-0.2217127734342647,-0.2478718084569988,0.75,-1,-0.020658476072061616
UCS9fwF-italmITMm-fq2cxQ,41.70845261876674,-0.4,0.0,-0.2994734022234818,0.1526795273662363,0.2693910094272823,0.0,-0.2217127734342647,-0.2478718084569988,0.0,-1,-0.014431585908091016
UCSAHT5CECANBo1ZBgvPE1zg,-0.3231211419915494,3.4,0.0,2.307443733012636,-0.2579378228874983,-0.3773207401496926,0.0,-0.2217127734342647,-0.2478718084569988,0.5,1,0.003377734810915467
UCSCm490iUWT2tSn64O-YkqQ,5.6575570641745285,-0.4,0.0,-0.2971463765943087,-0.2956904630716595,-0.4109431735546949,0.0,-0.2217127734342647,-0.2478718084569988,0.0,1,0.11703516123675684
UCSDdGp66w8Df5FNqosEkL8w,0.219160357584715,-0.4,0.0,-0.1576080939872189,-0.4118089672115304,-0.463763969594697,0.0,-0.2217127734342647,-0.2478718084569988,0.0,1,0.15792358878595947
UCSEjNVXZbdns-GDtG1U3JMg,10.154705608844148,-0.4,0.0,-0.297653398683939,-0.0092083141718318,-0.47584147383325,0.0,-0.2217127734342647,-0.2478718084569988,0.0,1,0.10982827178400756
UCSEnTsBo7CaSPJy8qSOwchQ,-0.1189847936608618,0.0,0.0,0.0476047066551676,-0.2010036327928492,-0.2171587557070353,0.0,-0.2217127734342647,-0.2478718084569988,0.0,1,0.1643495948941392
UCSF6UomQwIxC8T3wnPvainA,1.3477665565123664,-0.2,0.0,-0.2695183226931895,-0.187482708605551,-0.2823014991765059,0.0,0.6913574657089212,0.7154674764909068,0.25,1,0.07706025056209292
UCSF72pFFjfyuXnp_ZH3IebA,5.345736214916729,0.6,0.0,-0.2830342738729444,-0.1401594739500075,0.0771497012093932,0.0,-0.2217127734342647,-0.2478718084569988,0.0,1,0.11603374687094076
UCSFnvHBtXEfniAWp7IFMi_w,10.872439886992003,-0.2,0.0,-0.299274812959387,-0.0313866659357731,0.0238902797610666,0.0,-0.2217127734342647,-0.2478718084569988,0.0,1,0.11559958016839122
UCSH9j3351LbD_isZZnT3swg,0.4615368704705483,-0.2,0.0,-0.2126066245297402,-0.2559954513158155,-0.306901577955918,0.0,-0.2217127734342647,-0.2478718084569988,0.5,1,0.11069240406477832
UCSIUusiaGHzvdQEWiShs9KA,12.831228695327528,0.6,0.0,-0.2966580170918481,0.0708880262750134,1.0907489140116229,0.0,-0.2217127734342647,-0.2478718084569988,0.0,1,0.05393724219907997
UCSIwJtVU38K6jn-T55Sx3sQ,0.8226048970374519,0.2,0.0,-0.2280935363615336,-0.3011997351658869,-0.4527888727056227,0.0,-0.2217127734342647,-0.2478718084569988,0.0,1,0.15566592038823257
UCSJeAvoN75qeUKLRKVvEXzg,1.2585858105912462,1.2,0.0,-0.1906228804026669,-0.4503412726279615,-0.5811337521258281,0.0,4.343638422281664,4.087154973808577,0.0,-1,-0.060830399314391936
UCSK3GvCts3xjt4MNerjrQWQ,-0.0771753342537896,2.4,0.0,0.020891045203249,-0.1529847025094439,-0.3137126585476233,0.0,-0.2217127734342647,-0.2478718084569988,0.0,1,0.1317847078467591
UCSL5_XX844vS-YAbLgO0lSA,-0.1069082027574616,-0.4,0.0,0.0714042277760596,0.095891645779584,0.0818080736225135,0.0,-0.2217127734342647,-0.2478718084569988,0.25,1,0.14060794532621268
UCSL5vxKWOH2v-LXUU2jsAUw,-0.0984955917668843,-0.2,0.0,1.51421111418358,-0.2552891343806582,-0.2080056726518145,0.0,-0.2217127734342647,-0.2478718084569988,0.0,1,0.1453627329951364
UCSLQYMjdxUCYP1sEUwuvbCw,-0.0734521678726657,-0.2,0.0,-0.0508686443523861,-0.2319806755204651,-0.4108308169154517,0.0,-0.2217127734342647,-0.2478718084569988,0.25,1,0.14723526727981995
UCSLa4Lll44idGWrO0IhFieQ,-0.3409171469636635,0.0,0.0,2.141273895661743,-0.0006114280467737,-0.1744027085655111,0.0,-0.2217127734342647,-0.2478718084569988,0.0,1,0.1310604975830884
UCSLaYPgIdARlxHkHO1W1s0g,0.3605525479522848,0.4,0.0,-0.1824001462539655,-0.2590561580348308,-0.2260250781867339,0.0,-0.2217127734342647,-0.2478718084569988,0.0,1,0.15984271812966566
UCSLz4GtoLvp1AhxFY6jCX5w,-0.0259350546179048,-0.2,0.0,-0.0338729748436345,-0.1811258561891348,-0.2562210726166598,0.0,-0.2217127734342647,-0.2478718084569988,0.0,1,0.1648155442865492
UCSMvFrrT9XyHB2PVoFHSWcA,0.1711830250228225,-0.4,0.0,-0.1783644128150487,1.8215651817560603,1.9376536713662609,0.0,-0.2217127734342647,-0.2478718084569988,0.25,1,0.028918171733342157
UCSN63doDgnvcppEluN_P0tw,-0.2629840518377724,0.6,0.0,0.8545232238801692,-0.1520255984606512,-0.1636813114509724,0.0,-0.2217127734342647,-0.2478718084569988,0.0,1,0.1492895436663748
UCSOzCFRSlMcmCnSF81whhZQ,-0.0094208871607714,-0.2,0.0,-0.1004579506149353,-0.0758846328506872,-0.1791020328702733,0.0,-0.2217127734342647,-0.2478718084569988,0.25,1,0.15215426888519984
UCSP3gcMnOhvoudPk_8y0-Ag,0.91154086425643,-0.2,0.0,-0.1607182085535003,-0.2637649376025466,-0.2742221603503417,0.0,-0.2217127734342647,-0.2478718084569988,0.0,1,0.1619702724369222
UCSPA3ltspWsJ_oYsmwCdo1g,-0.0463055912308027,-0.2,0.0,-0.0543596287992551,-0.1168510150898144,-0.0262039802702264,0.0,-0.2217127734342647,-0.2478718084569988,0.0,1,0.16220229015301396
UCSR_QSO0HJyMqJsPHKFqUGA,0.7580344467346098,0.0,0.0,1.0857338319379923,-0.2343014311645535,-0.2914707746068645,0.0,-0.2217127734342647,-0.2478718084569988,0.0,1,0.14692663945531664
UCSTjtpyqIt5CeqRYGjI-ecA,1.732009382267535,-0.4,0.0,-0.2838865789739866,-0.2405977421293849,-0.3518771610039709,0.0,-0.2217127734342647,-0.2478718084569988,0.0,1,0.15474780242737485
UCSTzzyk6HvlFnzsx7muZ97g,24.22439877524029,-0.4,0.0,-0.2998823394487854,0.2043819270197555,0.2674707949028722,0.0,-0.2217127734342647,-0.2478718084569988,0.0,1,0.02639210257190361
UCSU7sG44tJRYCf_mZWs2N-w,2.370983947991085,-0.2,0.0,-0.2885295704261732,-0.4841358213716447,-0.5466234715475369,0.0,-0.2217127734342647,-0.2478718084569988,0.25,1,0.10883620059953758
UCSVz193DQGmnwOncMD3LxXg,-0.1197114679909556,1.2,0.0,0.2571476312636389,0.3841993522964338,0.114090216553684,0.0,7.082849139711223,4.087154973808577,0.0,-1,-0.08908104815198314
UCSWfx2gNSjAM3wXx9AJH6XA,-0.0930379987545098,-0.4,0.0,0.0523512358477869,-0.3999428427008867,-0.4483555206417959,0.0,-0.2217127734342647,-0.2478718084569988,0.0,1,0.15918111139097119
UCSZid2wzqxgPDUpuUDaB6Cg,1.3600715907058107,-0.4,0.0,-0.271496101117073,0.2459133628070086,0.3488202281686766,0.0,-0.2217127734342647,-0.2478718084569988,0.25,1,0.1254987650280504
UCS_5IEhg2wqMeTDwEFizitA,0.3991244871677652,-0.2,0.0,-0.2400231146033182,-0.027148764324829,0.1972380465113338,0.0,-0.2217127734342647,-0.2478718084569988,0.5,1,0.0952379545521404
UCS_8UngNbgwoCEDecrueXzA,4.545646009881623,-0.4,0.0,-0.2978729709003502,-0.4228275113999853,-0.3829786102650565,0.0,-0.2217127734342647,-0.2478718084569988,0.25,1,0.09263708345898752
UCSclSvMq4D3GCi7r90bAFWQ,-0.1479709346387795,-0.2,0.0,0.0788513249627094,-0.4255115157535833,-0.552479051111395,0.0,-0.2217127734342647,-0.2478718084569988,0.25,1,0.13002531375618032
UCScpOrZ3XaroUs4TDhP5KIw,-0.3180661525051525,-0.4,0.0,0.4851194885351147,0.1399658225334037,-0.096032716717769,0.0,-0.2217127734342647,-0.2478718084569988,0.0,1,0.1471162809172939
UCSdpxZ3i3HFqPkk_Dt3eyTg,1.2227544502502872,-0.2,0.0,-0.2777882262196705,-0.4233925649481113,-0.3577644846989978,0.0,-0.2217127734342647,-0.2478718084569988,0.25,1,0.1405283280616501
UCSeN4d16aIIluNOdkY30tWg,1.1924160300267053,-0.4,0.0,-0.2482371012023397,0.6985212548558486,1.0788132562412789,0.0,-0.2217127734342647,-0.2478718084569988,0.0,1,0.11481883753461536
UCSezhcz1LOLfPy_BvLgGHEw,0.4020855646496827,1.4,0.0,0.0001320362918531,-0.3717305262623153,-0.3848396063894685,0.0,-0.2217127734342647,-0.2478718084569988,0.0,1,0.13755865732839373
UCSgpgSpedoYZCNgNfvPevOw,-0.1704439170572218,-0.4,0.0,-0.1058785932825824,0.117081153834305,-0.0797784526336441,0.0,-0.2217127734342647,-0.2478718084569988,0.0,1,0.15301070274055023
UCShjx-A9up3IXsksClxr8uw,6.740472888233944,-0.2,0.0,-0.2986233326049849,-0.3916083028660298,-0.4916085871412882,0.0,-0.2217127734342647,-0.2478718084569988,0.0,1,0.11409464475066372
UCSj6YzM0Tnf-AVYbHjSLGsA,1.946489959885454,-0.2,0.0,-0.2677750934781562,-0.1274457691171749,-0.3132447842511167,0.0,-0.2217127734342647,-0.2478718084569988,0.0,1,0.15732844301634186
UCSkUwNioVrXLtwUNWZ7p7rQ,0.5549210941185568,-0.4,0.0,-0.2530789981426433,0.7307293070990246,1.0146717835818917,0.0,-0.2217127734342647,-0.2478718084569988,0.5,1,0.05154806421103897
UCSkvzJvM2N6C-3AoB9JQG6w,-0.2616955320367507,0.4,0.0,4.764942353340541,-0.4671842149278679,-0.5450728892673444,0.0,-0.2217127734342647,-0.2478718084569988,0.0,1,0.04893936202871502
UCSl3cldrsFxmGNwkTOw7XIw,0.0599178382087694,3.2,0.0,-0.1050469862530995,0.2396854900048384,0.3068122766322503,0.0,0.6913574657089212,0.7154674764909068,0.25,1,0.012004209423952583
UCSnFbM8agTkZsBJYpLnoDOA,-0.2833079302720672,1.0,0.0,0.4183096006293445,-0.4117383355180147,-0.4456201579289143,0.0,-0.2217127734342647,-0.2478718084569988,0.0,1,0.1411513582117253
UCSqUuCs4GNpkcqRFuOuxPaA,1.8652390844923068,0.0,0.0,-0.2674658271335622,-0.4262178326887407,-0.4149221336059648,0.0,-0.2217127734342647,-0.2478718084569988,0.25,1,0.1281039607378282
UCSr0cVjai_tDvk8plNPgr0w,-0.296624598610681,-0.4,0.0,1.2185423438742835,-0.2134751718193421,-0.4567964660395887,0.0,-0.2217127734342647,-0.2478718084569988,0.0,1,0.14287039542415192
UCSs7CXaQq6VXGqx9Rybw8nA,-0.2898264413931574,0.0,0.0,0.5309017988567006,-0.4722293358932777,-0.4823413268886128,0.0,-0.2217127734342647,-0.2478718084569988,0.0,1,0.1500113839689851
UCSsdoUpOAqTqwpOojiWy9wg,0.3210038504019041,-0.2,0.0,-0.1928340718837338,-0.1860700747352363,-0.2688811254851562,0.0,-0.2217127734342647,-0.2478718084569988,0.5,1,0.11307916748012792
UCStb05Z0RVc_kGNXymqzb6Q,-0.0990278181764922,0.0,0.0,-0.1958898834302953,-0.4310611488155341,-0.416202702724776,0.0,-0.2217127734342647,-0.2478718084569988,0.25,1,0.1394734563287613
UCSvJAXq4Klh3vH_rzFkeF3w,-0.0160338255480824,2.8,0.0,-0.0662865365529363,-0.4905935762073692,-0.5067402433125827,0.0,2.517497943995293,1.6788067614388125,0.0,-1,-0.002529054442792278
UCT-8oFVNQHeH-ma0K9moZVQ,-0.2137483623377936,-0.2,0.0,-0.0240354421518186,-0.0525761739904941,0.0132113533535118,0.0,-0.2217127734342647,-0.2478718084569988,0.25,1,0.1490341314939418
UCT027MsUrcJw70UteguhLmg,6.269763267279742,-0.4,0.0,-0.2909123429206543,-0.0481970089925184,-0.3816058102825399,0.0,-0.2217127734342647,-0.2478718084569988,0.0,1,0.1241368572781773
UCT0cX1LIBjqseP9q4y6IkRw,-0.1566585461062758,-0.4,0.0,3.303848699426467,-0.2745009550169385,-0.387056461236048,0.0,-0.2217127734342647,-0.2478718084569988,0.0,1,0.11017202713277263
UCT38sbSPio9wLTp-oR-CAKw,10.959706587177244,1.0,0.0,-0.2924882136458496,-0.0031339885294785,-0.0875132314557952,0.0,-0.2217127734342647,-0.2478718084569988,0.0,1,0.09245017401654987
UCT3_dxZ_pmfCKpJJmyAfdAQ,0.4384481414829637,-0.2,0.0,-0.2672152511828998,-0.3598240407839483,-0.3821203602328908,0.0,-0.2217127734342647,-0.2478718084569988,0.25,1,0.14707170425928595
UCT4700WW7RNXRnqn9cMlPYQ,10.015814108331815,1.6,0.0,-0.2979848835511157,0.0385387106448059,0.5594873095213142,0.0,-0.2217127734342647,-0.2478718084569988,0.25,1,0.038186787522968946
UCT4h4tL5nDSO1rmkCXxitpQ,-0.3268803066085574,7.2,0.0,2.490090836933228,-0.1345910683449297,-0.1854732153862799,0.0,-0.2217127734342647,-0.2478718084569988,0.0,-1,-0.001671631532002671
UCT6Fi1ZtOq-XDZMdBJZYoHQ,-0.3477555998808899,0.6,0.0,2.2945169051384986,-0.4313033146218737,-0.4822978451925821,0.0,-0.2217127734342647,-0.2478718084569988,0.0,1,0.1220975699725555
UCT6fmYeQhbDITHf5huyjFPA,0.2348452819584914,-0.2,0.0,-0.1968168576400034,-0.2362185771314093,-0.2557806337806757,0.0,-0.2217127734342647,-0.2478718084569988,0.5,1,0.11553627166094083
UCT7wdwhxwUvSJkHHMrc4Hkg,-0.3008259555112694,1.0,0.0,1.826621368355981,-0.2358654186638306,-0.0424479866378164,0.0,-0.2217127734342647,-0.2478718084569988,0.0,1,0.12783113850373523
UCT8m3FXCoQz2R8oPgR0DN-w,0.2946320823016943,-0.4,0.0,-0.1053752344696179,0.664618041968295,0.975730105739419,0.0,-0.2217127734342647,-0.2478718084569988,0.0,1,0.12331039594083198
UCT8rzlmv7RBp4i8sf3iVwtg,0.1797469216228102,-0.4,0.0,-0.0197697351535171,-0.2482259650290845,-0.3096253738051586,0.0,-0.2217127734342647,-0.2478718084569988,0.25,1,0.1521513518394299
UCT8t2SuqoFfnI5Ub9RXavPg,0.5069126561042623,1.6,0.0,-0.2377066661412249,0.3741805182315863,0.4414089062566259,0.0,-0.2217127734342647,-0.2478718084569988,0.0,1,0.10888443524020341
UCTB2-6cbIjyH3cQLipK3jmA,-0.3036445336641628,-0.4,0.0,3.3699090448506897,0.2687980315061073,0.5777729592154277,0.0,-0.2217127734342647,-0.2478718084569988,0.0,1,0.07190670325461251
UCTBLOjmW2hYr6uRFVlMLkjA,6.357649330314866,1.2,0.0,-0.2944307600930227,0.8389587943939071,2.3241850639663704,0.0,0.6913574657089212,2.6421460463867183,0.0,-1,-0.07710902403754716
UCTFIxp3ac9LgeSbleTkdd6A,-0.2094477978958318,0.4,0.0,0.1003513098429863,-0.0071364511620369,0.047676150481497,0.0,-0.2217127734342647,-0.2478718084569988,0.25,1,0.14093054640631297
UCTFrl0KTzHTqpYYKAl8p0pg,1.4844538115567465,-0.2,0.0,3.8357305235102,16.76059215049544,0.3581384332832261,0.0,-0.2217127734342647,-0.2478718084569988,0.0,-1,-0.09884477566250394
UCTFxVVYzyaWaL4a27duBS4g,3.678739297014919,2.0,0.0,-0.2857724635547627,-0.2482259650290845,-0.0995687577321851,0.0,-0.2217127734342647,-0.2478718084569988,0.0,1,0.10193090952759593
UCTG1OPWCER0zdGkMOgtlJjA,-0.2208601998642816,1.4,0.0,2.5529109438336803,-0.2951455900073952,-0.2930360987826866,0.0,-0.2217127734342647,-0.2478718084569988,0.0,1,0.11251537597698041
UCTGEPPRerDe-_wOEemVmm4g,-0.3587223926789425,-0.4,0.0,2.2548520974215074,-0.0117510551383983,-0.1676129334299984,0.0,-0.2217127734342647,-0.2478718084569988,0.0,1,0.1252558980660411
UCTGUaQxmF7ApDZhMM_5KRfg,-0.0961599638286471,6.4,0.0,-0.0458311193545048,-0.2133447748466977,-0.2289930069092303,0.0,-0.2217127734342647,-0.2478718084569988,0.25,1,0.019244281567380783
UCTHJez5byxuR8cd9-92KX1g,-0.297468687478139,-0.4,0.0,1.380107264628874,-0.2312743585853077,-0.2191328775788837,0.0,-0.2217127734342647,-0.2478718084569988,0.0,1,0.14505321880158584
UCTLn6KtFGPipBKO_reldlvQ,-0.2823132627372989,-0.4,0.0,0.7246550779699905,-0.1473639066886126,-0.0492405566330017,0.0,-0.2217127734342647,-0.2478718084569988,0.25,1,0.14040874074800097
UCTMIhzxjycbx2aaixQKPaNw,0.1754098318390126,0.6,0.0,-0.2484826156154936,0.9769513906948823,0.2506224402229219,0.0,0.6913574657089212,1.6788067614388125,0.5,-1,-0.03090321086607206
UCTMXFWOOHSX7jRYSk9A6bLA,0.0726480212338605,-0.2,0.0,-0.1664281252540049,-0.1726500529672464,-0.2948012707439201,0.0,0.6913574657089212,0.7154674764909068,0.25,1,0.08380966821644287
UCTNWJL89ZKGPwI5vsaKOc1A,0.0066255202734963,2.2,0.0,2.572285076575741,0.3450802605031028,1.6202158761141106,0.0,-0.2217127734342647,-0.2478718084569988,0.0,1,0.02794528808505531
UCTNe1PH2LuC-sV8txr__DUQ,0.4116168610177225,-0.4,0.0,2.5877959785721862,-0.0702340973694283,-0.0847936616803241,0.0,-0.2217127734342647,-0.2478718084569988,0.0,1,0.11580839875413423
UCTPTnBO46Q7gUbnZeamoRDg,0.2472521158143428,-0.2,0.0,-0.1557805751917691,-0.1987837795680689,-0.2675832481114047,0.0,-0.2217127734342647,-0.2478718084569988,0.25,1,0.15494806987356974
UCTRzwbjZxwzSwuIt9GfqqHg,0.3806491791554384,5.4,0.0,-0.0951906543607893,0.4686026280456233,0.5037043918758226,0.0,-0.2217127734342647,-0.2478718084569988,0.25,-1,-0.008044730593179117
UCTSUFE45B-liBKLuJgfbvAQ,-0.2649491488924501,0.0,0.0,1.329150195690732,-0.3759684278732595,-0.461037869354721,0.0,-0.2217127734342647,-0.2478718084569988,0.25,1,0.11363516889945391
UCTTK3BDWg-_WRBpQq5Bb_QA,-0.31817643547276,-0.4,0.0,0.6789037866365203,-0.3626493085245778,-0.5041040085232282,0.0,-0.2217127734342647,-0.2478718084569988,0.0,1,0.1479959761413281
UCTV-WQyRb6uYh7F33nyrifA,-0.3238574221887499,1.6,0.0,2.316915540607561,-0.4050283246340197,-0.4276323868094084,0.0,-0.2217127734342647,-0.2478718084569988,0.25,1,0.0728031495332046
UCTVmgKyPB8f7pdR6EAz3Y5g,0.7738780291139828,-0.2,0.0,-0.1867268641109651,-0.316738707739349,-0.3318453384955027,0.0,-0.2217127734342647,-0.2478718084569988,0.0,1,0.16138271559797018
UCTWNBGi-GCLeop4Xa2sYaWQ,0.0618388765241187,2.2,0.0,5.811268447240956,-0.4259823937103549,-0.4562940336059032,0.0,-0.2217127734342647,-0.2478718084569988,0.0,1,0.012828620264914492
UCTWVdFpZaBtYDd-Sra7-wkg,7.412277314877173,0.2,0.0,-0.2974300016096685,-0.281069702513902,-0.2545621515532592,0.0,-0.2217127734342647,-0.2478718084569988,0.0,1,0.11820294364365302
UCTW_udshchHbLB6NDD21oDQ,-0.3381503775675307,-0.4,0.0,2.7579251388495587,-0.3541735053026894,-0.4659439383206012,0.0,-0.2217127734342647,-0.2478718084569988,0.25,1,0.07907193393521728
UCTWqdUVXwbpNW4Rc7UWUSkw,1.27510704746938,-0.2,0.0,-0.2705459047575732,0.6558597119723437,0.3715925016796115,0.0,-0.2217127734342647,-0.2478718084569988,0.5,1,0.06575776514344844
UCTXPIcL4hmR-y4sDn99cL_A,0.6537332192107379,-0.2,0.0,-0.2181364831310669,-0.2383375279368814,-0.3780971614478906,0.0,-0.2217127734342647,-0.2478718084569988,0.25,1,0.14571299800506754
UCTXfX3bgc6a-SGZjjLX7WEg,-0.2090987031540459,0.0,0.0,0.4650855235799175,1.1085079649889071,1.864273449983484,0.0,1.6044277048521072,1.1971371189648596,0.25,-1,-0.03297893798505014
UCTY0NEGXgkskpHE2UQ2jC_Q,1.104908085849825,0.2,0.0,-0.2824166473421752,-0.150754227977368,0.1199001808419889,0.0,-0.2217127734342647,-0.2478718084569988,0.25,1,0.13668370956509251
UCT_YRvViA6I5pKSzvAjL8ZA,-0.1560519897844341,0.6,0.0,0.0794512011885607,-0.4092662262449639,-0.487083586571311,0.0,-0.2217127734342647,-0.2478718084569988,0.0,1,0.1478829917201172
UCTaJU7c1y_Bxw1UBC9idMUQ,0.2056850985683236,0.4,0.0,-0.1061347732773582,0.4882271593616623,0.4553953725965288,0.0,-0.2217127734342647,-0.2478718084569988,0.25,1,0.11633373561717208
UCTb40Otegvfv42VUd0MWNBQ,1.9573927744234525,0.2,0.0,-0.2683693808082596,-0.3652979970314179,-0.4345576297418592,0.0,-0.2217127734342647,-0.2478718084569988,0.0,1,0.14586683182845522
UCTcN_m1rruYCI3lkWxCnn-w,-0.1894931788851291,0.6,0.0,0.2909509955525601,-0.0549776515700292,-0.0367211088493225,0.0,-0.2217127734342647,-0.2478718084569988,0.25,1,0.1338780843045425
UCTdSnPV0W7h3-FtPkPTND6w,-0.1966494527721916,1.4,0.0,0.2552548565977615,-0.3090701238719262,-0.2448785789208752,0.0,-0.2217127734342647,-0.2478718084569988,0.25,1,0.13215223579469015
UCTe19yIBjNLXb0g--EummIA,-0.3194877120766214,0.0,0.0,1.3260457412580609,-0.3850496456109971,-0.4881627650482998,0.0,-0.2217127734342647,-0.2478718084569988,0.0,1,0.13975148309985813
UCTf6DpyUcgfOxXWs3OKoLEw,0.9276002322958656,2.2,0.0,-0.2149056370135416,-0.1790069053836626,0.0133283638829916,0.0,8.908989617997594,7.458842471126247,0.0,-1,-0.1297277877672236
UCTfIVF6hSBPXSnLoNqIUbmw,0.9667025464059298,0.0,0.0,-0.1071041111173986,-0.4292449052679866,-0.393111380175824,0.0,-0.2217127734342647,-0.2478718084569988,0.0,1,0.15062058367772563
UCTiw2Kk7TAAQDsxpHK0C4gQ,-0.2604660419010829,5.8,0.0,4.303610512205661,-0.3574696510000904,-0.4050742646548504,0.0,-0.2217127734342647,-0.2478718084569988,0.0,-1,-0.009611011026917637
UCTlbHzcI7qr70LrriWUNfPg,13.386827923655554,-0.4,0.0,-0.2997559008982714,8.55304810057982,26.807327186341965,0.0,-0.2217127734342647,-0.2478718084569988,0.0,-1,-0.17056881560711135
UCTlfDryLc8PfDf4_I9mXBqg,0.3842380538959935,0.2,0.0,-0.2051175867140853,-0.0093142617121055,0.220478776305161,0.0,-0.2217127734342647,-0.2478718084569988,0.25,1,0.13994474094392184
UCTp3b5p_bImdxeoBkDJbgUw,0.910056285846328,-0.2,0.0,-0.2118425960429668,-0.2213859214931046,-0.345191115065978,0.0,-0.2217127734342647,-0.2478718084569988,0.0,1,0.16316958049904723
UCTqA0l_3MfL52auQ834ItBQ,-0.3390314294076484,5.6,0.0,3.18505701357871,-0.1164877663803049,-0.1459509056461426,0.0,-0.2217127734342647,-0.2478718084569988,0.0,1,0.017989651436405407
UCTqAo8XD8qDaOVKKRhMRWjg,-0.3323485037524326,-0.2,0.0,2.049201601921395,-0.229861724714993,-0.3209691095508545,0.0,-0.2217127734342647,-0.2478718084569988,0.0,1,0.1432268287231227
UCTqnYf3KeKyZ__cN_-FGy_w,-0.3377862480058443,1.2,0.0,2.8754216892461675,0.3013972746672164,-0.2212467317296709,0.0,0.6913574657089212,0.7154674764909068,0.0,1,0.031315704983100046
UCTrQzL5qwQG-MQYUXMtQmVQ,1.7908354482967723,-0.2,0.0,-0.2702873787917598,0.6537407611668716,0.2092075591669309,0.0,0.6913574657089212,0.7154674764909068,0.0,1,0.045497993119095304
UCTrxIWNCl0sVZmE3JKJem8g,-0.2865649135187192,1.4,0.0,2.587745353350428,0.0590219017643696,0.5564525868369327,0.0,-0.2217127734342647,-0.2478718084569988,0.0,1,0.080054985069195
UCTt4H-yiLhxMBNtdg4jbvFg,-0.1036506135604381,-0.4,0.0,0.020564920746966,-0.0753195793025613,0.1184437512352516,0.0,-0.2217127734342647,-0.2478718084569988,0.25,1,0.14500566453555264
UCTwXFoAN_jz9ZitdPAHJJ0A,-0.2986674256324546,2.2,0.0,1.4373731611977285,0.1280055224314056,0.5730168658768491,0.0,-0.2217127734342647,-0.2478718084569988,0.25,1,0.062044323662865164
UCTxY-2FMHlji_V0_3VifdEQ,1.6946170937696694,-0.2,0.0,-0.2577508662969877,-0.3781882810980398,-0.3918094796190076,0.0,-0.2217127734342647,-0.2478718084569988,0.0,1,0.15247143261177798
UCTzP4kyP71GCcsemgVQkBDQ,0.2576936506320594,0.2,0.0,-0.15679131306087,-0.0442769500023951,-0.2908695065285135,0.0,-0.2217127734342647,-0.2478718084569988,0.25,1,0.1485684719001849
UCU-Ct6Q9jjU7PGeBUfKX4HA,-0.233177959015527,-0.4,0.0,2.3397388374070287,0.1560698486549917,0.2561433647792566,0.0,-0.2217127734342647,-0.2478718084569988,0.0,1,0.11587287883943931
UCU13CW1HqrY3k22Lz83wf9g,0.0736094624899265,-0.2,0.0,-0.0792948217608034,-0.2129101182712162,-0.119581521830413,0.0,-0.2217127734342647,-0.2478718084569988,0.75,1,0.054424677649160313
UCU17oKMQKIuVNmOLiooMV8w,21.426116930039257,-0.4,0.0,-0.301734793284224,0.2145528908860215,0.313809203718712,0.0,-0.2217127734342647,-0.2478718084569988,0.0,1,0.03677236632130282
UCU21FOWGN-pL0XXZU-KQEkw,-0.3485248538774713,0.0,0.0,2.4569153833026105,-0.4352990504264782,-0.5235226647171345,0.0,0.6913574657089212,0.7154674764909068,0.0,1,0.04246953743907811
UCU3K3YwRZXKjnhAVcy4gGFw,-0.2194331867394694,0.0,0.0,0.254493511495464,-0.3590168214294827,-0.4291189008782666,0.0,-0.2217127734342647,-0.2478718084569988,0.0,1,0.15927876045592815
UCU3jA93DwrRu15m5fRIn9cw,0.8660123791291057,2.6,0.0,7.773130097876547,-0.4878793011279787,-0.5262715643484964,0.0,-0.2217127734342647,-0.2478718084569988,0.0,-1,-0.03818136418971885
UCU74vVs6dNI7tKakVEO_nkQ,2.13149246581555,-0.4,0.0,-0.2795817257750851,-0.1990663063421318,-0.2995183915988141,0.0,-0.2217127734342647,-0.2478718084569988,0.0,1,0.15623472613084788
UCU9cSKi__6qzJ1qW9rw_aKA,4.5824508294943485,-0.4,0.0,-0.2982722315479764,0.0314755412932323,-0.094543154961801,0.0,-0.2217127734342647,-0.2478718084569988,0.0,1,0.1279205507277415
UCUCQPwG8XSG6Ah4ahZMhzsw,0.7464614005899014,-0.4,0.0,-0.2586646135866678,-0.3329839972479684,-0.2893613005916511,0.0,-0.2217127734342647,-0.2478718084569988,0.5,1,0.09549076880937046
UCUCn5RLzBPoyl8kB-0OYE6Q,-0.3412774543768531,3.8,0.0,2.172443811541476,-0.1117981323998425,-0.4522578944113533,0.0,16.213551531143082,8.903851398548106,0.0,-1,-0.1646889547649768
UCUCrZKV_ARlnodDuMMOmJWg,1.09150287301318,-0.4,0.0,-0.2543102510449419,0.3188052705152489,0.3509286634720365,0.0,-0.2217127734342647,-0.2478718084569988,0.0,1,0.13783285247564248
UCUEYQ20eOQ0eLzUrPgPrvWA,0.0085623059802625,-0.4,0.0,-0.1328289995953165,0.2374375595851202,0.1771788059903681,0.0,-0.2217127734342647,-0.2478718084569988,0.5,1,0.09768254459147258
UCUEnZzmPJukk_Whs0riexcw,-0.3148012919036713,5.6,0.0,1.428534695064721,-0.1807827879634869,-0.4093417466277135,0.0,-0.2217127734342647,-0.2478718084569988,0.0,1,0.051689830474198895
UCUFhQHlcIFbRMyi8fxg4Tow,-0.281104391746216,-0.4,0.0,0.4294166427990256,0.1670883928434466,0.037758169764613,0.0,-0.2217127734342647,-0.2478718084569988,0.0,1,0.14620309330485243
UCUGRF0yjFAfhUH1TQccTalA,-0.29150916557473,-0.4,0.0,0.6330576093394069,0.8841413454152044,0.1200798511652252,0.0,-0.2217127734342647,-0.2478718084569988,0.0,1,0.12541896026740185
UCUH3Sx4ZPmwhFgtNI6PDeDQ,-0.1391852510217675,0.8,0.0,4.655256338337266,0.7365082638412213,0.4622505586552356,0.0,-0.2217127734342647,-0.2478718084569988,0.0,-1,-0.00015419576824160508
UCUI-X-3pHnhsZBr5AJ5a6dg,-0.1490207436573516,-0.2,0.0,0.1014941297241494,-0.129564719922647,-0.3209024494522238,0.0,-0.2217127734342647,-0.2478718084569988,0.25,1,0.15100395992171606
UCUKG5Sa2n6Xo92Rd_uTx7eA,3.4305193116229638,0.4,0.0,-0.281449230841113,0.4072361507969509,0.3469514860278204,0.0,-0.2217127734342647,-0.2478718084569988,0.0,1,0.12292795105298654
UCUMjr51IH7WYuKuQ_W-_QFw,-0.2927562114392156,0.6,0.0,0.5007048678732714,-0.2863670795275823,-0.1580714101914484,0.0,-0.2217127734342647,-0.2478718084569988,0.5,1,0.09501582497573424
UCUOgwTU_S01F3EqqLuY64vQ,-0.1957474956442583,0.6,0.0,0.379562028747616,-0.2528876568011231,-0.3532498983418567,0.0,-0.2217127734342647,-0.2478718084569988,0.0,1,0.14995127301768452
UCUP1QRlC4di3B0eyqSUMCTw,-0.2096622369995132,-0.2,0.0,1.9271014419641943,0.2243000645911932,0.4960355353869969,0.0,-0.2217127734342647,-0.2478718084569988,0.0,1,0.11963653649422967
UCUPMXMaExZBJEwNZayvqbwQ,0.2674906899018984,0.4,0.0,-0.1873452660273524,-0.1969002677409826,-0.3738154063507399,0.0,-0.2217127734342647,-0.2478718084569988,0.5,1,0.10343061086072508
UCUPvAQk12H1q8OB_1yvP_5Q,-0.3186907358505453,2.6,0.0,2.0994805358090627,-0.2363598405184407,-0.1868940213437069,0.0,-0.2217127734342647,-0.2478718084569988,0.25,1,0.06542210266852172
UCUQdGOO2l7gazdxXNLqChkw,0.5867250053155394,-0.4,0.0,-0.2202718685387873,-0.266872732117239,-0.3752125957232379,0.0,-0.2217127734342647,-0.2478718084569988,0.0,1,0.1583957331281579
UCUR7-JiGUdY_KyQqDAI4D3Q,-0.2614834494067361,0.4,0.0,1.196760584752042,-0.3475812139078873,-0.4506272898021287,0.0,-0.2217127734342647,-0.2478718084569988,0.0,1,0.14178570187147943
UCUSC0H8kN839IPP3Tg-oPQg,3.854768058147697,0.0,0.0,-0.2883047916174601,-0.3838388165792987,-0.3438960916366032,0.0,-0.2217127734342647,-0.2478718084569988,0.0,1,0.12742530060261542
UCUT7WJQJxuqwNlA1nSEonnA,0.6033650084664813,-0.4,0.0,-0.2739602812086263,0.4713697285092398,0.6354523092947109,0.0,-0.2217127734342647,-0.2478718084569988,0.25,1,0.11220689840779713
UCUWLxg7B7FZDhrg02WBv_2Q,-0.0616073529863528,1.2,0.0,0.0235631380272761,-0.317336360530636,-0.4582594209025461,0.0,-0.2217127734342647,-0.2478718084569988,0.25,1,0.1276007181622325
UCUXXBMefuAOpnhVMVcLYZrA,-0.0365780679341352,-0.2,0.0,-0.0596555727685446,0.0357134429041765,-0.0292567741942585,0.0,-0.2217127734342647,-0.2478718084569988,0.0,1,0.16018593996274094
UCUYIcYAUyrQ30Ll0orLMEiA,0.3963766032248765,-0.4,0.0,-0.2050588704841061,0.4332286140107421,1.473989966540311,0.0,-0.2217127734342647,-0.2478718084569988,0.0,1,0.11062678950565358
UCUYIpLxQ1nsxNNAsF8ho15A,2.530400805436225,2.6,0.0,-0.253721007999819,-0.3974001017343202,-0.4054878339762065,0.0,-0.2217127734342647,-0.2478718084569988,0.0,1,0.0907940193138782
UCUYfUcLocDsoyPP6TDf4G5Q,31.891298961002438,-0.2,0.0,-0.3009645657652267,-0.4452883899379896,-0.5133630359799287,0.0,-0.2217127734342647,-0.2478718084569988,0.0,-1,-0.01045628129567766
UCUYrz6xb_yaVCIi8VKeijAg,-0.2585366790863672,-0.2,0.0,-0.0187372299431628,0.7519188151537456,0.4973179347163494,0.0,-0.2217127734342647,-0.2478718084569988,0.0,1,0.13382507792336396
UCUZgtC6qc9WVEgBgr7GM4Jw,0.5486561732279269,-0.4,0.0,0.8204426502612152,-0.4855484552419594,-0.5233434814747354,0.0,-0.2217127734342647,-0.2478718084569988,0.0,1,0.1355221814859397
UCU_m4npIjhqpVFc5IFLvkVQ,0.0270827751173335,1.6,0.0,-0.1260660913986547,-0.2804340172722603,-0.3177979267592692,0.0,0.6913574657089212,0.7154674764909068,0.0,1,0.07673032011188952
UCUaiVwYIJC8YnaEz-_dHQ0A,0.1927173168673276,3.0,0.0,0.0026247134711738,-0.1025962551257294,-0.0524060971421691,0.0,1.6044277048521072,1.1971371189648596,0.25,1,0.0030375893001878262
UCUbz8JgxFWoYEL_tjJnG1DQ,-0.1907381039233145,0.6,0.0,0.1531074568580249,0.1149622030288329,0.6088765038128617,0.0,-0.2217127734342647,-0.2478718084569988,0.25,1,0.11128120850498519
UCUcIj_OAk2kd51GMBoqF5Dw,-0.2699295948302644,1.2,0.0,1.3466854610075922,-0.3890546954850762,-0.4347818315099881,0.0,-0.2217127734342647,-0.2478718084569988,0.25,1,0.10040993101534207
UCUcYgGJOQGb9vLjH3804qgg,-0.3156865853963892,-0.4,0.0,0.806620298695454,-0.2829767582388269,-0.3377800247731842,0.0,-0.2217127734342647,-0.2478718084569988,0.0,1,0.15984662555130996
UCUcc61QgH1PpVTTYM7sPokw,-0.2518695081408097,1.6,0.0,0.7558205855766458,0.1925158025091118,0.4665226487330526,0.0,-0.2217127734342647,-0.2478718084569988,0.5,1,0.05188872710168896
UCUdeDQRwJJv2lIMVjq0jwbg,1.999165629644269,-0.4,0.0,-0.2850215525465105,-0.2906049811385264,-0.0794412251796156,0.0,-0.2217127734342647,-0.2478718084569988,0.25,1,0.1383472770725458
UCUdfMjM7jwdYc6hxPs7_P_Q,-0.3129093633563486,2.6,0.0,5.468566792517532,-0.3601065675580113,-0.405296034172013,0.0,10.735130096283966,6.013833543704388,0.0,-1,-0.16874680802109776
UCUdkIjy2FOWOX-gBzsiOSIQ,-0.0886775798814105,-0.4,0.0,-0.0153703827608603,-0.1838098605427327,0.1407918182076809,0.0,-0.2217127734342647,-0.2478718084569988,0.25,1,0.14527913557721023
UCUeAIcI2klubl2pUn2JX9fQ,-0.0824253839485815,-0.4,0.0,-0.0394481891970922,0.0840255212689404,0.1682474731063218,0.0,-0.2217127734342647,-0.2478718084569988,0.25,1,0.1420870031901071
UCUeSfdhkSWR65NsHfOkBu_A,-0.0218913458056273,-0.2,0.0,-0.139672286005565,0.8953011529906907,1.1496882307509917,0.0,-0.2217127734342647,-0.2478718084569988,0.25,1,0.09937907424681441
UCUi6SmD9t7L8YnZxDQLwvbw,0.5231002163111731,-0.4,0.0,-0.2666739963526738,-0.4007904230230755,-0.5254458259126689,0.0,-0.2217127734342647,-0.2478718084569988,0.25,1,0.13198787424778363
UCUjOlqFAlN3YfPGiCMCrwdQ,-0.1876021087674993,-0.2,0.0,3.6773830754634895,-0.0342119336764026,-0.3562527665307972,0.0,-0.2217127734342647,-0.2478718084569988,0.0,1,0.10034395537382984
UCUjZOJznRf_NnwFu31KXr-w,-0.1362569040409757,-0.2,0.0,-0.1642515149148477,-0.2863670795275823,-0.4527656888139167,0.0,-0.2217127734342647,-0.2478718084569988,0.0,1,0.16122192271924113
UCUjtx4qHm6XMrNdZXt8Ee-A,3.309208518549372,-0.4,0.0,-0.2902756029012182,0.1925158025091118,-0.1012552045921443,0.0,-0.2217127734342647,-0.2478718084569988,0.0,1,0.1284803214125877
UCUkeYMqyGxfiOkEqBpqm7YQ,-0.2807199640737053,2.4,0.0,0.7760004026006698,-0.1114978762128323,-0.3213134391820224,0.0,-0.2217127734342647,-0.2478718084569988,0.0,1,0.13027041954335006
UCUqQ92MRE9v-JzP6r4-Gg9g,0.1605209242698909,-0.2,0.0,3.582759183040761,-0.2369248940665666,-0.3169690917456402,0.0,-0.2217127734342647,-0.2478718084569988,0.0,1,0.1049972909569824
UCUr8JbXBq7Wqm6VlF_UoCrg,0.2811690769483704,-0.4,0.0,-0.204162721325098,-0.3262033546704577,-0.2829274750566168,0.0,-0.2217127734342647,-0.2478718084569988,0.25,1,0.15218125626096046
UCUspgbblsfoVfy9H_nZE7Jw,0.1396767364499604,-0.2,0.0,-0.0977071897048415,-0.2736533746947497,-0.2746058471969643,0.0,-0.2217127734342647,-0.2478718084569988,0.5,1,0.11585120115614733
UCUt5zhiX8GZTPUThiXGAOEw,-0.1891348708628413,2.4,0.0,0.433667484780259,-0.3064413503162653,-0.4451284421590231,0.0,-0.2217127734342647,-0.2478718084569988,0.0,1,0.12449409817026402
UCUtedbv70CB9HVJty-RG4Sg,-0.050416875390879,2.0,0.0,0.177918813448067,0.2635629765749409,0.1770701379874993,0.0,-0.2217127734342647,-0.2478718084569988,0.25,1,0.09874787972544596
UCUtssbb5P6_9IIpmDAIB4bQ,3.1372900970069737,-0.4,0.0,-0.1062131446446071,0.7069970580777369,1.6572397290862737,0.0,-0.2217127734342647,-0.2478718084569988,0.0,1,0.08127504402227942
UCUuBEBzneee-q4b-U5tXQ_A,0.1822410133517814,-0.4,0.0,2.657195244225408,-0.3736678527130326,-0.4102490327264907,0.0,-0.2217127734342647,-0.2478718084569988,0.0,1,0.11833015327475671
UCUv6iDRbILxcN73nmGSJosg,-0.0945040199344854,0.2,0.0,0.8580980166961599,-0.0532824909256515,0.1312727315622404,0.0,-0.2217127734342647,-0.2478718084569988,0.0,1,0.14911501145081935
UCUvFPA0ktTkZ9flnVrqbTdA,0.6426318717663093,0.4,0.0,-0.1730414103746291,-0.1276812080955607,0.2875782542599517,0.0,-0.2217127734342647,-0.2478718084569988,0.25,1,0.12883644261100508
UCV-z7WGW4VW2BHhSAx1cBWA,-0.3375183713300874,-0.4,0.0,1.0149213371116084,-0.5219944090960795,-0.5384944899087201,0.0,-0.2217127734342647,-0.2478718084569988,0.25,1,0.11347287412774154
UCV12cNem0ZVh2uO3neqXdRQ,1.1126178196574292,-0.4,0.0,-0.2833848356377935,-0.2168654931080974,-0.3278516523780859,0.0,-0.2217127734342647,-0.2478718084569988,0.0,1,0.1567465035129147
UCV298b0dGtqTDCeOOo9fYaw,-0.2213161775188129,0.6,0.0,0.0772735667848397,-0.3478166528862731,-0.4401418998454794,0.0,-0.2217127734342647,-0.2478718084569988,0.0,1,0.15106854528276464
UCV2i20IfuXEfRoB30s1SRuA,-0.3088702496677214,2.6,0.0,1.0455962418160805,-0.0511635401201794,-0.0629756048576191,0.0,-0.2217127734342647,-0.2478718084569988,0.0,1,0.11347362499476588
UCV309AtZqwaitkSXgoNScFw,-0.0007778130455783,-0.4,0.0,1.870500775306646,0.0441892461260649,0.0662373837411125,0.0,-0.2217127734342647,-0.2478718084569988,0.0,1,0.13465923547553982
UCV3VsxMT_zBnOMxfMMmn_yQ,-0.2106844752761833,-0.4,0.0,3.145382482972768,-0.1753340573208443,-0.355355100653819,0.0,-0.2217127734342647,-0.2478718084569988,0.0,1,0.12018052533192658
UCV5saiNPvDIkOnGgcMdC4tg,-0.2092338300868838,-0.4,0.0,-0.10586614275929,-0.4024855836674532,-0.4432418971995499,0.0,-0.2217127734342647,-0.2478718084569988,0.25,1,0.14138938896325315
UCV5zjmNdYEDfKLRRwPR4L2A,0.1122707120573796,-0.4,0.0,-0.2035189601707978,-0.2583969288953506,-0.484390247915748,0.0,-0.2217127734342647,-0.2478718084569988,0.0,1,0.159840181420012
UCV6FwihAYyx5n9aSOZGDlbw,-0.2044059810972325,3.6,0.0,0.351361147613644,-0.2841633706898913,-0.316302512663333,0.0,-0.2217127734342647,-0.2478718084569988,0.0,1,0.10605403004180752
UCV9ZPHxCFnrf1BfbGWCLncQ,-0.2631428108350976,5.6,0.0,0.4617189634096635,-0.3839598994824686,-0.3157795874905259,0.0,0.6913574657089212,1.6788067614388125,0.0,-1,-0.006708692813320094
UCV9uANSvyGm8Ku1szG2zv4w,-0.0823999340329797,-0.4,0.0,-0.0509914259728442,-0.0922711857463381,-0.0914673032845607,0.0,-0.2217127734342647,-0.2478718084569988,0.0,1,0.16097880485234473
UCVCRUztC2VDqLtdcSqjyPSQ,-0.1912075134777467,1.0,0.0,0.1150221254850553,-0.340047166599542,-0.4693737261646507,0.0,-0.2217127734342647,-0.2478718084569988,0.0,1,0.142684984905389
UCVCUs-xHFWERqMyXxgLhWWg,15.041329966676953,0.0,0.0,-0.3003747601706251,-0.2458043069656878,-0.3515893367767655,0.0,-0.2217127734342647,-0.2478718084569988,0.0,1,0.07928492606191295
UCVD4HmAHzpBa34MFYvPcLdw,3.455658845978879,0.0,0.0,3.427664534474085,0.4280220491744392,0.5045733479032252,0.0,-0.2217127734342647,-0.2478718084569988,0.0,1,0.031428922132778314
UCVDtkX7LZmOSzOkc2VVELFQ,-0.300130161344337,1.2,0.0,0.9834562318985116,-0.395248551685687,-0.4560987522533565,0.0,-0.2217127734342647,-0.2478718084569988,0.25,1,0.11555263598767779
UCVG4fnmDpfQ6U1ovDWdYtoQ,5.139139455598552,-0.2,0.0,-0.2919908472152628,-0.2715344238892775,-0.3660985675497396,0.0,-0.2217127734342647,-0.2478718084569988,0.0,1,0.1243550588764219
UCVG5Q0liFyRhlsbfiNPNK5g,-0.1176466532571985,-0.2,0.0,-0.0853289057635642,0.0703229727268874,-0.4481630626422914,0.0,-0.2217127734342647,-0.2478718084569988,0.0,1,0.15424593526853847
UCVHX6pDzR8y3lQ1jnWncLzQ,0.6893051318009791,-0.4,0.0,-0.2374890185956725,-0.2541590272844064,-0.2207433474562023,0.0,-0.2217127734342647,-0.2478718084569988,0.0,1,0.1628732922936717
UCVHbZr9rieS7kIGIJJypyLg,0.0314580397745338,-0.2,0.0,3.6610733897617815,-0.2771849593705365,-0.332291651623678,0.0,-0.2217127734342647,-0.2478718084569988,0.0,1,0.1070299809271853
UCVI416YJyz2ziQxP7MN_07Q,0.9575118951383847,1.6,0.0,-0.2550690521087732,-0.2730883211466238,-0.3596048132525763,0.0,-0.2217127734342647,-0.2478718084569988,0.0,1,0.13871947066754847
UCVIZe_89OvywjoCT4SDaNVQ,0.1661358530008111,7.2,0.0,0.0626350130863668,0.4813830030132381,0.3975559412030487,0.0,0.6913574657089212,5.532163901230436,0.25,-1,-0.11923448480141596
UCVJqQMNwonLqzJS_hCYNUYw,0.4226762632308814,-0.2,0.0,-0.2585587023075187,0.1155272565769589,0.2371891266552485,0.0,-0.2217127734342647,-0.2478718084569988,0.0,1,0.15048363596408154
UCVJub7H_4OycMS7x6gECOqA,1.730261821396215,-0.4,0.0,2.9426720203598147,-0.3711251117464662,-0.417887650168427,0.0,-0.2217127734342647,-0.2478718084569988,0.0,1,0.10210178549714494
UCVKyc7iMFgWTNlKE5VSH21A,-0.2934419452762626,1.0,0.0,0.3449737733302249,0.4725704672990073,0.2941486853579437,0.0,-0.2217127734342647,-0.2478718084569988,0.0,1,0.11755841569777675
UCVLFzpX6L1cWJbQuPyTVACw,5.815041141918137,0.6,0.0,-0.264697276838141,-0.237631211001724,-0.2218442323097783,0.0,-0.2217127734342647,-0.2478718084569988,0.0,1,0.11640693294747084
UCVLG01tK4sd2XcL-qrO0x_w,-0.1754055901864123,1.0,0.0,0.0013894129346803,-0.2199732876227898,-0.3215116389652643,0.0,-0.2217127734342647,-0.2478718084569988,0.5,1,0.09596771863136078
UCVM7wBVTe0s6xQrP7lVVk-A,0.8630566957936322,2.0,0.0,0.0500696050005469,-0.4257192560286296,-0.4821215366909743,0.0,-0.2217127734342647,-0.2478718084569988,0.0,1,0.12778057733400794
UCVN4yg1Bc6PO8D038HpFa0Q,-0.0990752842889241,-0.2,0.0,-0.0727161738128608,-0.3527608714323746,-0.3219996029866254,0.0,-0.2217127734342647,-0.2478718084569988,0.0,1,0.16270494192034268
UCVQIik5tW9CAEddxsRk0leg,0.0692773213008292,-0.4,0.0,1.1056288900808084,-0.3533259249805005,-0.1075442264706667,0.0,-0.2217127734342647,-0.2478718084569988,0.0,1,0.14557382796408053
UCVQXS0L9lR5SSoonw_szjEQ,-0.3425882066005853,2.6,0.0,4.590860239938763,-0.4240988818832686,-0.4777243051981633,0.0,0.6913574657089212,0.7154674764909068,0.0,-1,-0.020683992949992014
UCVQowlIpahvL6vw9iJBO24g,-0.2608462589272257,-0.4,0.0,2.617934889208357,0.1560698486549917,-0.2522523439991565,0.0,-0.2217127734342647,-0.2478718084569988,0.0,1,0.10472271656917265
UCVQsfW9lNwK2duAKaGirZrQ,-0.0378837899929248,-0.4,0.0,3.128901322224915,0.1264045373783823,0.0628549655548176,0.0,-0.2217127734342647,-0.2478718084569988,0.0,1,0.09592212465660532
UCVRBIt5M04nObbs7RN1YAWg,-0.3101257788374076,0.4,0.0,1.0095030353634664,-0.251051232769714,-0.1687419150315337,0.0,0.6913574657089212,0.7154674764909068,0.0,1,0.09254983716935528
UCVSAOO7G90-R0DgwPtMj0lg,0.3785531789984534,-0.4,0.0,0.1505266514631716,-0.2126275914971532,-0.0826576101612615,0.0,-0.2217127734342647,-0.2478718084569988,0.25,1,0.1446776516421363
UCVSBJTfR3DtmJy7MCOdjCOQ,-0.0682596781478093,-0.2,0.0,-0.0294998402444392,-0.1253268183117028,-0.4871776037797625,0.0,0.6913574657089212,0.7154674764909068,0.5,1,0.0395520741151304
UCVW62rS-YeoqFArCGMTNkcQ,0.0254465071309069,0.0,0.0,-0.0858109225180414,0.5466832942808766,0.5872587225288329,0.0,-0.2217127734342647,-0.2478718084569988,0.25,1,0.12135625518661097
UCVWNT4WsexV9-D4fTaIcuPw,1.9391335203923492,-0.4,0.0,-0.2597161258238446,0.5925737145822437,0.3373348813648947,0.0,-0.2217127734342647,-0.2478718084569988,0.0,1,0.12998148700210638
UCVXWHdGpNz-UIzurXREdt5A,-0.0918545776790285,-0.4,0.0,0.091471612774961,-0.4058759049562085,-0.4590383973502336,0.0,-0.2217127734342647,-0.2478718084569988,0.0,1,0.15741417034353772
UCVYR_d7nmNN5IrwZikGrFOQ,0.264507865534427,-0.4,0.0,-0.2065092254058232,-0.45588314396535,-0.5179588903321549,0.0,-0.2217127734342647,-0.2478718084569988,0.0,1,0.1516588360602491
UCVZC976cRqHEH2kO_LpvG6g,-0.2290003168090221,0.8,0.0,0.1293812740683366,-0.3175734459354441,-0.3317199184042095,0.0,-0.2217127734342647,-0.2478718084569988,0.25,1,0.13887563821443222
UCV_nC_NwihEsrye1zKn4rgQ,2.5815905838924667,0.0,0.0,-0.2753969622406224,-0.3390381424064601,-0.3461403567637637,0.0,-0.2217127734342647,-0.2478718084569988,0.25,1,0.12179761932579825
UCV_wLMJaHua5Ve0-f_pb9UA,0.0322062201637518,0.4,0.0,0.0043509383701562,1.9663130656676435,2.407763578352623,0.0,0.6913574657089212,0.7154674764909068,0.0,-1,-0.023243339201460045
UCVa0CBM-4g01NA-vvM98vPw,0.4662132924623691,-0.2,0.0,-0.2578963995624342,-0.4869610891122741,-0.5184773433467893,0.0,-0.2217127734342647,-0.2478718084569988,0.5,1,0.09201174101638526
UCVaK2_XYMPNGGwAi_fk-gPg,-0.2720145302237922,0.2,0.0,0.4130598247390092,0.2910470149635643,0.9421264343191478,0.0,-0.2217127734342647,-0.2478718084569988,0.0,1,0.12946660467208065
UCVbSw9d0zu5PxG1qXp-Vpuw,0.117565354915693,1.8,0.0,-0.1874975794928268,0.0616705902712097,0.0494507013414639,0.0,0.6913574657089212,0.7154674764909068,0.25,1,0.046060087190066934
UCVbvDTLdcrjBZr9ivHLlmyw,0.0299232684753285,-0.4,0.0,1.4153470157624335,-0.250768705995651,-0.3990816819470234,0.0,-0.2217127734342647,-0.2478718084569988,0.0,1,0.1390875141781457
UCVeGgrpXnrDLO8BRcmwQvmA,3.430235592193477,-0.4,0.0,-0.2723532010247763,-0.1812671195761662,-0.1600923889967934,0.0,-0.2217127734342647,-0.2478718084569988,0.0,1,0.14237993199960014
UCVfh0b8WgMb0swTr_WHzmxw,0.1259924582193213,-0.4,0.0,3.047628405937987,-0.4058759049562085,-0.4506043348460312,0.0,-0.2217127734342647,-0.2478718084569988,0.0,1,0.11079723147194609
UCVhXJ4Bh4Y1YwCcPE_A5lBw,1.5506845658774169,0.2,0.0,2.3277599557088324,-0.1989603588018582,-0.2944365954523522,0.0,-0.2217127734342647,-0.2478718084569988,0.0,1,0.11883022892464618
UCViAuJMUEl1qLnhTIjIW-oA,0.585523910687557,-0.2,0.0,-0.2445378194568455,-0.266590205343176,-0.1955093395586843,0.0,-0.2217127734342647,-0.2478718084569988,0.25,1,0.15257173875372554
UCVik1TAuxknvPJmiw8wKRbA,4.839201596100468,-0.2,0.0,0.5283814367498018,-0.2199732876227898,-0.1940332496476879,0.0,-0.2217127734342647,-0.2478718084569988,0.0,1,0.11552433947816271
UCVjKLwgkH5byOastzJgEoSQ,-0.0583109829655552,0.0,0.0,0.0794869825869715,0.0012048155007738,0.2170127925223869,0.0,-0.2217127734342647,-0.2478718084569988,0.5,1,0.09166763884121837
UCVn0hWuuttq4y7sKY6BayDw,1.3580525640680725,-0.4,0.0,-0.1847508335599976,-0.0227695993268533,-0.2208537596433784,0.0,-0.2217127734342647,-0.2478718084569988,0.0,1,0.15507595953926362
UCVoK0gfOyfxlt7Dn6unO8kw,2.365097241123981,-0.4,0.0,-0.2834759743933097,0.075549718047052,0.3389508596101224,0.0,-0.2217127734342647,-0.2478718084569988,0.0,1,0.13777309448916608
UCVod8JmNjpPBHx6psVU9NvQ,0.6382592665579616,0.0,0.0,-0.1366412169236592,-0.2627559134094646,0.1039280603335172,0.0,-0.2217127734342647,-0.2478718084569988,0.25,1,0.14158297878553933
UCVowaBKY8M7I7u_JHWEvS6Q,0.9320368830920864,0.2,0.0,-0.2350859436385248,0.6878205532882146,1.2071701787789637,0.0,-0.2217127734342647,-0.2478718084569988,0.0,1,0.11068067499067563
UCVoyI7ON2kx-yPZyCeOFi_w,0.4176820386313568,0.8,0.0,-0.0691713057024107,0.0191471002432128,-0.0533405682430414,0.0,-0.2217127734342647,-0.2478718084569988,0.75,1,0.02790209609661881
UCVpLv94y2gI0dC9rByI9bUQ,2.0350627356005324,-0.2,0.0,-0.2758642579861491,-0.1104941626733981,-0.2503485157547258,0.0,-0.2217127734342647,-0.2478718084569988,0.0,1,0.1565559081024675
UCVpjhrIANLoaBnTcdA3zuJA,-0.3039185444221416,3.6,0.0,1.0433782921530677,-0.4679187845404316,-0.5084593505575342,0.0,0.6913574657089212,3.605485331334624,0.25,-1,-0.030064383307593312
UCVpmOLPFirArA-TCAn4IX9A,1.6080211049018514,0.2,0.0,-0.2872475390356196,-0.1396297362486395,0.0205581918993356,0.0,0.6913574657089212,0.7154674764909068,0.25,1,0.06905137473555606
UCVqdyGEzaf7tj8oBStzFhEg,12.825737876036449,-0.4,0.0,-0.3016348446327727,0.0145239348494555,-0.1797831711256081,0.0,-0.2217127734342647,-0.2478718084569988,0.25,1,0.08662743787285515
UCVrn-chmHzhwD2IGpQkws6Q,-0.1889205557840898,-0.2,0.0,-0.0477765992648534,-0.440344171391888,-0.5562563872395111,0.0,-0.2217127734342647,-0.2478718084569988,0.25,1,0.12746211878726033
UCVs-XnCruTq4wkybY_GuyHQ,0.5419889012906408,1.4,0.0,-0.180459121330164,-0.3011997351658869,-0.3635669539154076,0.0,1.6044277048521072,1.1971371189648596,0.5,-1,-0.010410944899286512
UCVsWBPtH3uPr2BdT1XwItmQ,1.8528943605495312,-0.2,0.0,-0.2903707199502319,-0.1712374190969316,-0.0429876492243744,0.0,-0.2217127734342647,-0.2478718084569988,0.0,1,0.1539758776357975
UCVt9MPJRkAN3-8qsWXrEgsQ,-0.3422916443896149,-0.2,0.0,3.081407505148789,-0.4339873189754717,-0.518306864711615,0.0,-0.2217127734342647,-0.2478718084569988,0.0,1,0.11050524468923772
UCVtVBlTSq50vq01uNm_pJbA,0.3614232649721778,-0.2,0.0,-0.1571325446286708,-0.0038403054646359,-0.0876983912057692,0.0,-0.2217127734342647,-0.2478718084569988,0.25,1,0.1526960546578795
UCVvJtUy3rbzBmNU_ZKXjumQ,1.2173216002114144,0.4,0.0,2.781186260561609,-0.3621784305678062,-0.388496497784962,0.0,-0.2217127734342647,-0.2478718084569988,0.0,1,0.10449777862993154
UCVwm1ZTG5LcdrecJQvzJ-6w,-0.1995331705900181,-0.4,0.0,0.1222512530699162,-0.3906194591568094,-0.4832768430311993,0.0,-0.2217127734342647,-0.2478718084569988,0.0,1,0.15450568104351392
UCVx8F2HImxTEalRqFKtlXzw,0.6096044794415095,-0.4,0.0,3.3435301191376814,-0.4279129933331184,-0.4771305152533397,0.0,-0.2217127734342647,-0.2478718084569988,0.0,1,0.09449800613823117
UCVyL8wxWp1HJjVsyMK_bJ4w,0.1181856966084856,0.2,0.0,3.2232915366936,-0.4505857669516698,-0.4218446715482034,0.0,-0.2217127734342647,-0.2478718084569988,0.0,1,0.10814205270897237
UCVyTWVHxxAGZweLMKNu8rxA,0.5977822867023982,-0.2,0.0,-0.2208011845953452,0.1826273654169086,0.0450427088417435,0.0,-0.2217127734342647,-0.2478718084569988,0.25,1,0.13410365325233875
UCVyWD-I3p-5vvNgPG4fhrRA,14.052283833504823,-0.4,0.0,-0.2995104788679425,-0.2372074208406296,-0.1604279373992583,0.0,-0.2217127734342647,-0.2478718084569988,0.0,1,0.08895255501380045
UCVye602vK1Nwas3QkJfbfwQ,0.4042498173931168,-0.2,0.0,-0.1694796786453835,0.1056388194847557,-0.190978407112357,0.0,-0.2217127734342647,-0.2478718084569988,0.0,1,0.15013755200681528
UCW06dnIv7L5RkGagM3Pneug,-0.2260061945510194,6.4,0.0,0.5649342837256291,0.0984126539173765,0.5888386673794603,0.0,11.648200335427152,7.9405121136002,0.5,-1,-0.2121051455957068
UCW0ROCevI2v4IPDs_1LXIrw,-0.2399349116077906,-0.4,0.0,0.5823431373606078,-0.2380550011628184,-0.4792544751722021,0.0,-0.2217127734342647,-0.2478718084569988,0.0,1,0.1539945664935239
UCW15IE4KgOefUdfIAYq9Efw,4.766564002262584,-0.4,0.0,-0.2972229228659903,-0.1270219789560805,0.1279614263096908,0.0,-0.2217127734342647,-0.2478718084569988,0.0,1,0.12478939961247015
UCW3IL6JICkJLuGwiTLC63GQ,0.7570289478369515,0.2,0.0,-0.2423620817169946,-0.3557627184067934,-0.1634172219204948,0.0,0.6913574657089212,0.7154674764909068,0.0,1,0.07885552341549967
UCW41CKWFYU6-J4noJpzxmkA,-0.1500839845758246,-0.4,0.0,-0.0540425656422953,-0.4677492684759938,-0.5144714945687308,0.0,-0.2217127734342647,-0.2478718084569988,0.25,1,0.13311742085016942
UCW45YvM7iZR-lonKDO2HJ0A,1.8811331627359689,0.6,0.0,-0.2715960328362929,-0.1329550412114024,-0.0244425919928197,0.0,-0.2217127734342647,-0.2478718084569988,0.25,1,0.134483467549056
UCW4z0FG7FJWnXhBz9SKtxcw,-0.0584526238648863,0.2,0.0,-0.1159310325367071,-0.3070268498809352,-0.3865894843329805,0.0,-0.2217127734342647,-0.2478718084569988,0.0,1,0.15860932402240885
UCW5DJXxg8O9FntzoF9yjvCQ,-0.3337560254736292,-0.4,0.0,1.605171323408488,-0.4185896097890412,-0.4518086681399842,0.0,-0.2217127734342647,-0.2478718084569988,0.0,1,0.13535148072994735
UCW5FUVS6jZtSzRqNEz7vuzQ,-0.2828448831965354,-0.2,0.0,0.2322335913342563,-0.2891923472682117,-0.3147803871849697,0.0,-0.2217127734342647,-0.2478718084569988,0.0,1,0.16351532820906256
UCW6UQh-EtCpVbu1NjNGS5BQ,-0.1379358915285909,-0.4,0.0,0.0383151374207016,0.2628649692507854,1.7224617065522565,0.0,-0.2217127734342647,-0.2478718084569988,0.0,1,0.10212275268881482
UCW6_RAVIrP2dJhOTydzhnSQ,0.3624857989485508,-0.4,0.0,-0.1590424250172395,0.539176154284347,0.6107090640625737,0.0,-0.2217127734342647,-0.2478718084569988,0.0,1,0.12966655601117683
UCW6uaPPRC5DsEI_bLu1TqCg,-0.1712243811356754,-0.4,0.0,0.4233403139407481,-0.2134751718193421,-0.2427564399922808,0.0,-0.2217127734342647,-0.2478718084569988,0.0,1,0.15951798360532538
UCW6v6HOZ9aEbiTpBEnOWc_g,2.291004053502097,-0.4,0.0,-0.2831764362720564,-0.3618017282023889,-0.300122659494728,0.0,-0.2217127734342647,-0.2478718084569988,0.25,1,0.13127550781377745
UCW7RoHzkSKJEomcdB6EWQcQ,-0.1383964138109082,0.0,0.0,0.1352994464230338,-0.1628625182943514,-0.2272560143378956,0.0,-0.2217127734342647,-0.2478718084569988,0.25,1,0.15069161415566634
UCW9L9KVcoIaNopqypht32gA,-0.2753081734679182,0.6,0.0,0.212668991342356,-0.4075710656005862,-0.4647955734328568,0.0,-0.2217127734342647,-0.2478718084569988,0.0,1,0.15143269136649112
UCWA6iumOviQ5ImqJVKiq74g,-0.3264409925892415,0.0,0.0,1.256488807651439,-0.4032120810864722,-0.4213900599345899,0.0,-0.2217127734342647,-0.2478718084569988,0.0,1,0.142348598938022
UCWC1K1JQboHwrChyg0iZZ3w,0.6783159525030916,0.4,0.0,-0.1943807081157749,0.5032952539783528,0.0359104129393386,0.0,-0.2217127734342647,-0.2478718084569988,0.25,1,0.1146814441060085
UCWCzB6NxSqKU7j7nMjxxTlA,-0.2768118393147213,2.6,0.0,0.92661976319185,-0.1596538213603508,-0.3196491428371546,0.0,-0.2217127734342647,-0.2478718084569988,0.25,1,0.09845765967180287
UCWElNlzxxV1ThxxwPlnCV9Q,0.6838984386198079,0.4,0.0,-0.2225872525903101,0.3818087411312858,-0.0002105631665834,0.0,-0.2217127734342647,-0.2478718084569988,0.0,1,0.13950453745295077
UCWFg5RJpyxcKpe_OMk3-SvQ,0.7168445915149438,0.2,0.0,-0.1717095003882775,-0.4103257016477,-0.4136630746086533,0.0,-0.2217127734342647,-0.2478718084569988,0.0,1,0.15108624474757754
UCWGX1-XAiLtGJpq1cY4NN5w,0.4560269637427701,0.6,0.0,-0.2350647929063997,-0.2706868435670887,-0.3106139846045972,0.0,-0.2217127734342647,-0.2478718084569988,1.0,1,0.030324493220080406
UCWH9-wvO4QtoAVvW3lkpGuQ,-0.1978103526921998,1.0,0.0,0.1910155383928179,0.0629066449077351,-0.1776987653722195,0.0,-0.2217127734342647,-0.2478718084569988,0.0,1,0.13962256342418827
UCWHjnNwHbqy9CbVJs0cT3yQ,2.174323259889089,-0.2,0.0,-0.2773788642374812,0.4934068168861496,0.2326842432084092,0.0,-0.2217127734342647,-0.2478718084569988,0.25,1,0.11673226714357005
UCWJSVicdIws2XQAsS8E0MKw,13.432595355212696,-0.4,0.0,-0.2975344906015312,-0.2372074208406296,-0.2951715975330022,0.0,-0.2217127734342647,-0.2478718084569988,0.0,1,0.094644311011506
UCWK0nYOOJxldD3eNaMMS8Bw,-0.06633376588382,0.0,0.0,-0.1038518699747262,-0.3505410182075943,-0.4663936961144261,0.0,-0.2217127734342647,-0.2478718084569988,0.5,1,0.10452540783175979
UCWL6D9x9NTVlTNqWLpMKnsQ,0.0485180675246331,0.0,0.0,-0.0256205776697739,-0.398974179475528,-0.4553093059288119,0.0,-0.2217127734342647,-0.2478718084569988,0.25,1,0.14414686207772043
UCWLWuEPoL3JspLu-tb3OFSg,-0.2110658384054277,3.0,0.0,0.4723043006076617,0.2150537338036786,0.3456327650970956,0.0,-0.2217127734342647,-0.2478718084569988,0.0,1,0.0972485950141343
UCWMXjC1mJ1zwMN9sQctxfIw,2.4341204419877758,0.0,0.0,-0.2703168237685601,-0.0756828280120708,0.1236268815432551,0.0,-0.2217127734342647,-0.2478718084569988,0.0,1,0.14378383999491323
UCWNzkbM0KRGCf1R3QC7ZtiQ,3.8216962967901416,-0.2,0.0,-0.2950721004770083,-0.48272318750133,-0.5325614340311164,0.0,-0.2217127734342647,-0.2478718084569988,0.0,1,0.11613507372269832
UCWSWTBReFOvTiRoh0OqG3SA,-0.2282123977047862,0.4,0.0,0.5023067640232437,-0.4083244703314208,-0.3625898254807784,0.0,-0.2217127734342647,-0.2478718084569988,0.5,1,0.08783312424232026
UCWTJUG7teA29F875p4R869g,0.3634611862442268,3.0,0.0,-0.0766318981955863,5.007735191998751,4.98431773651821,0.0,11.648200335427152,7.458842471126247,0.0,-1,-0.24881599057014336
UCWUGaY-MfpwfjJ2RcHm3qsw,3.2727048562712664,-0.4,0.0,4.003568619558812,-0.3643444691689554,-0.459024274815611,0.0,-0.2217127734342647,-0.2478718084569988,0.0,1,0.03963171350165251
UCWUdhxKgdDNC-BO15AVj80A,-0.3353593701565392,-0.4,0.0,2.054431755901252,-0.398247682056509,-0.5118164792252301,0.0,-0.2217127734342647,-0.2478718084569988,0.25,1,0.0860696474541291
UCWYL7LbGgjjlJcNnoC8mSGg,-0.1482121106552192,1.2,0.0,0.0982660509758022,-0.0506745514727628,-0.2933164310282595,0.0,-0.2217127734342647,-0.2478718084569988,0.0,1,0.1412756336225111
UCWZCu9jQ6CmMVtJbxUF6sDA,-0.2378771798900744,0.2,0.0,0.4133246766738233,-0.1957819325936501,-0.1010446224792575,0.0,-0.2217127734342647,-0.2478718084569988,0.5,1,0.09732350425454989
UCWakdecp98pAe66ZqkDgb0A,0.2531114875869116,0.4,0.0,-0.0745002859929142,-0.0203210339516411,-0.0685623054333613,0.0,-0.2217127734342647,-0.2478718084569988,0.25,1,0.14362809311636443
UCWamAT8Rm1adeRK1CuYG8Ew,-0.2953362427382622,3.2,0.0,0.581046944522049,0.0077064409535888,-0.0919040555357713,0.0,-0.2217127734342647,-0.2478718084569988,0.0,1,0.10548890497659608
UCWbBXg0jbhjgeieRYmr9zkg,-0.1471996608076266,-0.4,0.0,3.911448025192407,-0.2956904630716595,-0.3695314304202017,0.0,-0.2217127734342647,-0.2478718084569988,0.0,1,0.09139269587507881
UCWcoqhvDp6-0LA0OUC_K7nA,-0.3210098594097545,0.6,0.0,0.8094998488087771,-0.0382572033959403,-0.1964170441767683,0.0,1.6044277048521072,2.160476403912765,0.0,1,0.02912781611843185
UCWgzAQxVHjb0HJRHsaQHuZQ,0.5692583512022741,0.4,0.0,-0.2509283221840616,-0.2350413822394803,-0.2434876250726481,0.0,-0.2217127734342647,-0.2478718084569988,0.25,1,0.14409427747468184
UCWiFUTvzJgG7XoiGB-OvZ_Q,0.0015805458001834,0.6,0.0,5.54206822143502,0.5688414655609564,0.1758827920116404,0.0,0.6913574657089212,3.605485331334624,0.0,-1,-0.08184492173961544
UCWjBAfE91nBdj0R2mrYHcBQ,-0.3000264039961145,-0.4,0.0,0.9922181939688508,-0.345697702080801,-0.2910987341245263,0.0,-0.2217127734342647,-0.2478718084569988,0.25,1,0.13420411273343985
UCWjVrEuj6j1Chqmxon51d4A,-0.182703504972806,0.0,0.0,0.0240122410811345,-0.3166378053200408,-0.2908100195860507,0.0,-0.2217127734342647,-0.2478718084569988,0.5,1,0.10493426906207909
UCWkQfUFIJK8zUvfVnrcIlgA,1.3821734285217275,-0.2,0.0,-0.2751872625051031,0.0116986671088261,-0.190863055231224,0.0,-0.2217127734342647,-0.2478718084569988,0.25,1,0.14567619432461004
UCWldQvEUGvhqMKOwcWV2JMg,-0.2220303249902658,9.0,0.0,0.7857074290449091,-0.3790304282130352,-0.3183382248905293,0.0,3.430568183138479,6.013833543704388,0.0,-1,-0.15672648863375993
UCWlgrPymojtiMJLWDUlzQxw,0.5258747873183386,0.2,0.0,0.2250751964056189,-0.0988399332433016,-0.1674048077396665,0.0,-0.2217127734342647,-0.2478718084569988,0.0,1,0.15401853538037225
UCWnjwkVos8xyUexam5s202w,0.4407894051833971,0.8,0.0,-0.2367565588013791,-0.3071713237994901,-0.2135882014926304,0.0,-0.2217127734342647,-0.2478718084569988,0.0,1,0.1469662325937997
UCWq8uNX3So8mlRsCfRlX4Yw,-0.136917894904521,-0.2,0.0,0.6879896717436532,0.4114740524078951,0.7412155918625577,0.0,-0.2217127734342647,-0.2478718084569988,0.0,1,0.13163265890981157
UCWrBPtZxyBIowmbsFbnigSg,-0.0621333179087889,-0.4,0.0,0.0965791637780793,-0.3024711056491702,-0.2713870812473628,0.0,-0.2217127734342647,-0.2478718084569988,0.0,1,0.163168514242986
UCWrya5CScMak0zApNygJDUg,3.1399015411245528,1.6,0.0,0.906312380746759,0.5917261342600549,0.2762994570933353,0.0,-0.2217127734342647,-0.2478718084569988,0.0,1,0.07914160336758658
UCWtFYzhucdXffX7dfZii-dw,-0.2779952603902026,-0.4,0.0,3.067683469583507,0.1399658225334037,-0.0346035306905212,0.0,-0.2217127734342647,-0.2478718084569988,0.0,1,0.09817017935079092
UCWtNc69664m4sRUF0OjZ9eA,-0.2470439213658785,-0.4,0.0,0.6581656650259231,-0.3338315775701572,-0.3947748489412301,0.0,-0.2217127734342647,-0.2478718084569988,0.0,1,0.15230116712150787
UCWwF2uJkkBkpPhWO-B36l7w,-0.2019752056734402,0.8,0.0,0.3673053493749951,0.4044108830563215,0.9366716475825204,0.0,-0.2217127734342647,-0.2478718084569988,0.5,1,0.050977457765036815
UCWxZfmOsuvljH6qrIBv-cIQ,-0.3047940215188417,-0.4,0.0,0.6698043148614479,0.0094384529163226,-0.0615628129333328,0.0,-0.2217127734342647,-0.2478718084569988,0.0,1,0.15352373055452578
UCX-N2V1gTQ2eGwkOXarRMBQ,-0.0982882220842034,0.4,0.0,0.0288799449194732,-0.0575203925365957,-0.1636056596872946,0.0,-0.2217127734342647,-0.2478718084569988,0.75,1,0.0354523333003855
UCX-Zm4p1ddD8FIAHfg7PxaA,2.298019746902978,-0.4,0.0,-0.2778980043257896,0.1247093767340046,-0.0858010183061827,0.0,-0.2217127734342647,-0.2478718084569988,0.0,1,0.14048930915489655
UCX-ZuUxKsoU0dEWBdWLQS_Q,0.6659102968840735,-0.2,0.0,-0.2571022678483173,0.6671607829348617,0.4890771671201684,0.0,-0.2217127734342647,-0.2478718084569988,0.0,1,0.1335964419586222
UCX-iwdNZUH_FXrWkQitHw-A,-0.0810977466846903,-0.2,0.0,-0.0117609616563354,-0.1853637578000789,-0.5874320207321655,0.0,-0.2217127734342647,-0.2478718084569988,0.0,1,0.1450441418457742
UCX-qX5S2lw-s3Kk8A8bLKGQ,-0.1151723559070287,-0.2,0.0,1.0502244603571935,-0.0243234965841994,-0.1539898422491603,0.0,-0.2217127734342647,-0.2478718084569988,0.0,1,0.1502347688684323
UCX0VevQSmnZ9ApLYcVsBYZg,0.1022773785310939,-0.4,0.0,-0.1723517677425283,-0.2829767582388269,-0.3795174262685544,0.0,-0.2217127734342647,-0.2478718084569988,0.0,1,0.16132569361896987
UCX2y_mlOSyclJlMhiftNR_g,-0.3410625750528164,0.0,0.0,2.00909776851182,-0.2839454214641856,-0.3510817739639269,0.0,-0.2217127734342647,-0.2478718084569988,0.0,1,0.14093836475686872
UCX526cq3cCBZIaFnUKaBngA,4.029051840629037,0.4,0.0,-0.1955668599964853,-0.3169741467177348,-0.47861430623022,0.0,-0.2217127734342647,-0.2478718084569988,0.0,1,0.12413802011663227
UCX5BqUmPQ801xipR8rlgUUg,-0.043380971762902,-0.4,0.0,-0.0879368495903783,0.7256438251658915,0.1603635900297804,0.0,-0.2217127734342647,-0.2478718084569988,0.0,1,0.14020261925738708
UCX8J4DGT0-e_DYwsH8_0FZw,-0.2240052605129092,2.0,0.0,0.2813852133709637,-0.2753983930051384,-0.3760600682822178,0.0,0.6913574657089212,0.7154674764909068,0.5,1,0.027270544684429077
UCX8W4liwnD6Z235h4z0nnCg,-0.3065365922106319,2.0,0.0,2.7317680321272606,-0.318525274104747,-0.4444748176106702,0.0,-0.2217127734342647,-0.2478718084569988,0.0,1,0.10369204207722155
UCX92uMjmM1UW6qv6npMphLw,-0.3118818230139281,-0.4,0.0,0.7142793503222451,0.1094529309346055,0.0119459591352803,0.0,-0.2217127734342647,-0.2478718084569988,0.0,1,0.14886314011346158
UCX99P4RCXopzBCRYisfWelg,-0.314795838350328,-0.4,0.0,0.619073305771927,-0.1414308444332908,-0.311401783598385,0.0,-0.2217127734342647,-0.2478718084569988,0.25,1,0.14272253523598422
UCXAMpzrM5M9tHn4THru_XXw,-0.1747110195731146,-0.4,0.0,0.0989424987136132,-0.0626058744697287,-0.0566040688551,0.0,-0.2217127734342647,-0.2478718084569988,0.75,1,0.035716411714058205
UCXBD33PtLif6ssMTrJG3KPA,-0.0835720440348601,-0.2,0.0,-0.0290517651997751,0.1614378573621876,-0.2242307121948478,0.0,-0.2217127734342647,-0.2478718084569988,0.0,1,0.14591171986535495
UCXBzbLJWq68_2kcV_n18aYw,0.7997644814625093,1.0,0.0,-0.2441553095835387,-0.3036718444389378,-0.2852701754292777,0.0,-0.2217127734342647,-0.2478718084569988,0.0,1,0.14325363906766458
UCXDR6O9X8TiuM5cmMhBY8yQ,7.025605966272812,1.6,0.0,-0.2871979784347962,-0.3092517482266809,-0.5152419360906867,0.0,5.256708661424851,3.123815688860671,0.0,-1,-0.07579359529093299
UCXF6AmFN3PSkK4L9wdOBb9A,-0.0617642941325636,-0.4,0.0,0.0359754186871716,-0.3745154330352215,-0.3320287329096908,0.0,-0.2217127734342647,-0.2478718084569988,0.0,1,0.16193254935194173
UCXFQk-XL4zrERTrR0xfD8Xw,7.874075046982639,-0.4,0.0,0.9211126455542168,-0.0626058744697287,-0.289765832342959,0.0,-0.2217127734342647,-0.2478718084569988,0.0,1,0.10436094799078482
UCXFy4E6UuTE6iEuAJR2gePQ,-0.259088093924405,-0.2,0.0,0.990294864847598,-0.2644712545377039,-0.190108383514157,0.0,-0.2217127734342647,-0.2478718084569988,0.0,1,0.15524406450247796
UCXHQmITVzZA-O6GMoMI9fJQ,0.239751460132828,-0.2,0.0,-0.1313762303862786,0.3542623806601485,0.5038606056944926,0.0,-0.2217127734342647,-0.2478718084569988,0.25,1,0.1325963310476857
UCXHi5PcbD1ZKBJmscllLQbA,-0.3058205014481121,1.6,0.0,3.979646218625708,-0.3462627556289269,-0.3251163050805373,0.0,-0.2217127734342647,-0.2478718084569988,0.25,1,0.04441316420373065
UCXHmYMvW8bv3IsoC7XDRN0A,-0.1831200958531917,-0.2,0.0,-0.1096419061542098,-0.071646731239743,0.223217840889465,0.0,-0.2217127734342647,-0.2478718084569988,0.0,1,0.15658324355903935
UCXHr3gGC7gg7YEPrN2-o0wA,-0.1799494605344741,-0.4,0.0,0.0149693520397485,-0.3431549611142345,-0.4158969252283026,0.0,-0.2217127734342647,-0.2478718084569988,0.0,1,0.15899076322535022
UCXIJgqnII2ZOINSWNOGFThA,-0.1866956161928462,3.0,0.0,0.2070842150862856,-0.057167234069017,-0.5221321200503989,0.0,1.6044277048521072,3.123815688860671,0.0,-1,-0.016575389727170653
UCXJKaA-iUjowh386J9IHl_Q,-0.2568179261056243,3.4,0.0,0.8047526410228278,-0.1809492769553454,-0.3096070945249727,0.0,-0.2217127734342647,-0.2478718084569988,0.0,1,0.1137646624962983
UCXK-HLThVl5Co6TZMdYtIlA,-0.0246731629693182,0.2,0.0,-0.0839833999279193,0.5797540622091376,0.7317621672581279,0.0,-0.2217127734342647,-0.2478718084569988,0.25,1,0.1134655854834224
UCXLI92C_uigZZesZY-Tdakw,-0.1763186059086249,-0.4,0.0,0.0236128330540961,-0.461816206220672,-0.5451451645178511,0.0,-0.2217127734342647,-0.2478718084569988,0.25,1,0.12868519708159887
UCXLU2euBUjGmYFETupvOKaA,2.57287600763344,-0.2,0.0,-0.286985242762965,0.1614378573621876,0.3437814940971012,0.0,-0.2217127734342647,-0.2478718084569988,0.25,1,0.10995834364599177
UCXNsZ-xUc4UYP2MXuTASKww,-0.2552364377159741,0.4,0.0,0.134147926668816,-0.0287968371735295,0.1024836670157413,0.0,0.6913574657089212,0.7154674764909068,0.0,1,0.0906396844723617
UCXNtXq8h4QeA6b0qHhxEDUA,-0.3397335239047251,2.8,0.0,3.967553852527064,-0.2540783053489598,-0.3257616786144516,0.0,-0.2217127734342647,-0.2478718084569988,0.0,1,0.052126359654058485
UCXOHvKAvl19adqLbuapVuCA,8.941283324521077,-0.4,0.0,-0.3008828928047466,-0.1939808244089988,0.016617972564773,0.0,-0.2217127734342647,-0.2478718084569988,0.0,1,0.11209190461539587
UCXP5hD8nCSVa0Hnl9WMHjuA,-0.1285094423968852,2.0,0.0,-0.0179721994325512,-0.3619014435344111,-0.4659952644835988,0.0,-0.2217127734342647,-0.2478718084569988,0.25,1,0.11660842724858095
UCXQJY-uttpKZ6lPPGooYpyQ,-0.2943298645539235,-0.4,0.0,0.5308810705508423,0.6112204816703983,0.6073099766401999,0.0,-0.2217127734342647,-0.2478718084569988,0.25,1,0.10873975020016818
UCXSThWtKEoXD7sxVAdFpANQ,1.053966721797954,1.0,0.0,-0.1741263541288452,-0.4022030568933903,-0.4437118415720829,0.0,-0.2217127734342647,-0.2478718084569988,0.0,1,0.13768160915790256
UCXTn5mNIPuf0ebK_Zf3wdug,-0.1766155215906453,-0.4,0.0,0.1892775931805344,-0.3634968888467666,-0.4806802762968965,0.0,-0.2217127734342647,-0.2478718084569988,0.25,1,0.13995802569294014
UCXUd8BgXOLOc6EVbVY4AMyA,0.1584000979697453,-0.2,0.0,-0.1537876209059818,0.0597282186995269,-0.0709232933895061,0.0,-0.2217127734342647,-0.2478718084569988,0.25,1,0.14993067857235898
UCXVHX0Y7P2RHBHR2dwN5xVg,3.086489641664401,0.0,0.0,-0.2683649193739542,-0.3117944891932474,-0.4047267744602078,0.0,-0.2217127734342647,-0.2478718084569988,0.25,1,0.11493633155891525
UCXVIkv29htA9rNr1Tibgdaw,-0.1864651102232546,0.4,0.0,0.0816374788769861,0.0747963133162175,0.2225919283327349,0.0,-0.2217127734342647,-0.2478718084569988,0.25,1,0.13344958667129864
UCXV_GeMRDlgaZY6lctkCs3w,-0.1058737108177239,0.4,0.0,-0.1105207982309764,1.163466149372104,1.7484606219909191,0.0,1.6044277048521072,1.1971371189648596,0.25,-1,-0.03866052633523642
UCXWJ6Ud2EZChwQAxWzAQfWA,4.362728983146671,-0.4,0.0,-0.292604113869352,-0.0837953825244497,-0.2642753682434861,0.0,-0.2217127734342647,-0.2478718084569988,0.0,1,0.13274651202449533
UCXWSBvj3019Lc60oYhhFBRQ,0.5411644721463461,0.4,0.0,-0.173768107568601,-0.1747690037727184,-0.2739112563108131,0.0,-0.2217127734342647,-0.2478718084569988,0.0,1,0.1562156957267657
UCXWeeA9ksZMP3dkr7dTSizw,3.110733110076551,-0.4,0.0,-0.2909963649824288,0.3823737946794118,0.4861994362911297,0.0,-0.2217127734342647,-0.2478718084569988,0.0,1,0.12433240954012725
UCXWtqGeTomxiWZYqJTcLW-A,6.18005602622961,0.2,0.0,-0.2992303117798263,-0.3080863252836712,-0.2828666327949942,0.0,-0.2217127734342647,-0.2478718084569988,0.0,1,0.11726545722555382
UCXXQdiW_VYuMhNJE67dZhuA,-0.1047378905103127,-0.2,0.0,0.0725560747182163,-0.293430248879156,-0.4640906940813386,0.0,-0.2217127734342647,-0.2478718084569988,0.5,1,0.10490748357755669
UCX_y-cDDMqRkKaC0o5NkAAQ,0.3472394816519903,0.0,0.0,-0.1795067224987779,-0.2409609908388945,-0.4309827679976508,0.0,-0.2217127734342647,-0.2478718084569988,0.0,1,0.16316373472257556
UCXaKQI7nYn_ynNykHGzdKWg,0.6360561319990248,-0.2,0.0,-0.2238723876237718,-0.1804195392539773,-0.1622097234783786,0.0,-0.2217127734342647,-0.2478718084569988,0.0,1,0.16229457400665565
UCXai_F3g7Dh60eATRpdnVsQ,-0.1473457327190492,1.8,0.0,0.0865366079186352,-0.2675613911290174,-0.2623631009570165,0.0,-0.2217127734342647,-0.2478718084569988,0.0,1,0.14418623939407288
UCXakE3_Q5xlr86TBW71leyw,-0.1780336474433426,-0.2,0.0,1.3259200742662989,-0.4262178326887407,-0.51206482022467,0.0,-0.2217127734342647,-0.2478718084569988,0.25,1,0.10114117912393611
UCXb02p8d5Cvyc70qZnNqH8A,10.342477206980137,-0.2,0.0,-0.2963514919740805,0.1536683710754567,0.8158424640523876,0.0,-0.2217127734342647,-0.2478718084569988,0.0,1,0.0945500199117692
UCXcbM2lA0cMbWFWod5KX8UQ,0.7326224030310802,1.4,0.0,-0.2455864479778062,-0.0778017788175429,-0.0619653712961392,0.0,-0.2217127734342647,-0.2478718084569988,0.25,1,0.12164490654382665
UCXdPkCQZDgWaxopiqOg2Rhw,6.465606730314081,-0.2,0.0,-0.293496627598974,0.2998759766530314,-0.1526461731250625,0.0,-0.2217127734342647,-0.2478718084569988,0.25,1,0.08459419462571544
UCXf0hVKWTlPy4G8AZQV1xow,0.0489598053454348,0.6,0.0,1.0677735204181362,0.5718079966886173,-0.1597062707228223,0.0,0.6913574657089212,3.605485331334624,0.0,-1,-0.001866053894229669
UCXgC1XAWYlZFrtWbvBZl18Q,-0.0508653677761156,-0.2,0.0,0.0121549188972292,-0.2672965222783334,-0.4128919267963084,0.0,-0.2217127734342647,-0.2478718084569988,0.0,1,0.16291027638225014
UCXj2xNgzLlQv4vkvb75djYA,-0.1308141568127022,-0.4,0.0,1.4057764944906763,0.0289328003266658,0.5770833839602922,0.0,-0.2217127734342647,-0.2478718084569988,0.0,1,0.12011949374298897
UCXjtCu2Iy60jzCfliLtGu5g,0.748264102945025,-0.4,0.0,-0.208962649084075,-0.3363743185367238,-0.4782042168928753,0.0,-0.2217127734342647,-0.2478718084569988,0.0,1,0.15509318263288746
UCXkbNIDuZL9wzjfIbHBmukw,-0.2562737574241119,-0.4,0.0,0.2683443455349474,0.570536626205334,0.1490920627569655,0.0,-0.2217127734342647,-0.2478718084569988,0.5,1,0.08432181088275287
UCXn4Lz9XWLCcb2s3GDh9COA,-0.1541983875981069,-0.4,0.0,0.1213140451932306,-0.0227695993268533,0.055134289499837,0.0,-0.2217127734342647,-0.2478718084569988,0.25,1,0.14286850965083653
UCXnBfpSjd9ZBABQr5xetOOg,7.434792537086093,-0.4,0.0,-0.2940566451801736,0.0340182822597988,-0.0742645999439131,0.0,-0.2217127734342647,-0.2478718084569988,0.0,1,0.1244818570555642
UCXncRhMyfyZC4KPuwrECTfQ,4.0678141492528885,0.0,0.0,-0.285379700388216,-0.2494367940607829,-0.1892982233514158,0.0,-0.2217127734342647,-0.2478718084569988,0.0,1,0.13162310071647632
UCXnnVj7Q3imjvyDEroqFpTQ,-0.1607029618606533,-0.2,0.0,0.3700089725331733,-0.2552891343806582,-0.4227803981947232,0.0,-0.2217127734342647,-0.2478718084569988,0.0,1,0.15854563338650884
UCXpguLik07jLPBK7XxwpTHg,3.8397576070332304,2.6,0.0,2.080527001895626,0.1060626096458501,0.621923687198831,0.0,-0.2217127734342647,-0.2478718084569988,0.0,1,0.02083601574920496
UCXsNNbUQbMmHs-CaLnwZdrA,-0.3006911315536172,0.0,0.0,1.1221160452053938,-0.4074499826974164,-0.5140266228666067,0.0,0.6913574657089212,0.7154674764909068,0.0,1,0.07487958976060904
UCXsXVM0yB4pr_O8Ym9JdkNw,-0.2598652252758155,0.0,0.0,1.4361126831962714,-0.3735467698098628,-0.4177835119988297,0.0,-0.2217127734342647,-0.2478718084569988,0.25,1,0.11085446906370777
UCXtBfk1oannBCGGI8YSABUg,-0.10979959594666,1.0,0.0,0.5488483037409708,-0.1853637578000789,-0.3158245961162419,0.0,-0.2217127734342647,-0.2478718084569988,0.0,1,0.14512740662732582
UCXtOnwla5LobF9TKpGlD02w,0.0049203170163376,0.2,0.0,-0.0399023363217981,-0.3547032430040574,-0.4768814440723411,0.0,0.6913574657089212,0.7154674764909068,0.25,1,0.07630920033095862
UCXxZrzmQ_Lgz-wfS_hJkVfA,-0.044232891373622,1.2,0.0,-0.0569270828559645,0.0846123076458403,-0.2866712303980485,0.0,-0.2217127734342647,-0.2478718084569988,0.25,1,0.11852991745328151
UCY-FEREOBP-MqXdVAN3uM8Q,0.2322225267673114,0.2,0.0,-0.1826467005969876,-0.1963116702950181,-0.3234574541984265,0.0,-0.2217127734342647,-0.2478718084569988,0.5,1,0.10772771513197643
UCY-QQLqkedR1LeeA8XrzPDA,5.335937997410057,0.0,0.0,-0.2896336704509184,-0.271231716631353,-0.3093656281209485,0.0,1.6044277048521072,1.1971371189648596,0.0,1,0.014426380777650627
UCY-YziUr4rws9oruHdFaLQA,1.1552567967744884,0.4,0.0,-0.2639326730816146,-0.3725377456167809,-0.3819893242227422,0.0,-0.2217127734342647,-0.2478718084569988,0.0,1,0.14692764122655128
UCY0scOkoXHUZ7UDP6JNCDlg,-0.3323350718525317,0.6,0.0,1.694543384102278,0.7633611495032948,3.8741328602990097,0.0,0.6913574657089212,0.7154674764909068,0.0,-1,-0.05481893382046199
UCY1tAp8R7A_-RUpj6WqIqFQ,-0.1562076258067679,1.2,0.0,0.5748439290290286,-0.3375478912905237,-0.3015745322993648,0.0,0.6913574657089212,0.7154674764909068,0.0,1,0.07716195438097107
UCY2a6trgIn6ds7V-Z5TslLA,0.0815696305364727,-0.2,0.0,-0.0815814043984386,-0.2390438448720387,-0.3805258474275318,0.0,-0.2217127734342647,-0.2478718084569988,0.0,1,0.16423878511378343
UCY3oJLso_yBnkBLHrd7G8Zw,0.0787176772749612,2.4,0.0,-0.0849515926279487,-0.1871109628502051,-0.2785938492288228,0.0,-0.2217127734342647,-0.2478718084569988,0.0,1,0.13281705111143854
UCY4PKr-Nz-EMZm9BYhxyVHA,0.143591074857929,-0.4,0.0,0.9564639677694192,-0.2355122601962519,-0.3606416485266692,0.0,-0.2217127734342647,-0.2478718084569988,0.0,1,0.15171538097122922
UCY5bieqDuJqvS8KliPMjCQA,0.776225076886144,0.0,0.0,-0.2374180858153665,-0.3196648778992866,-0.3389014842859705,0.0,-0.2217127734342647,-0.2478718084569988,0.5,1,0.09595767186293125
UCY6dM250bnwdWvolOvLZ4rg,2.610663476765233,-0.4,0.0,-0.2859752011203653,-0.4389315375215733,-0.4872305228055815,0.0,-0.2217127734342647,-0.2478718084569988,0.0,1,0.130077328647986
UCY7VQKeXxVvhOqOJVuMCrQw,-0.3216948863047015,0.6,0.0,2.8506883773472245,-0.1944046145700932,-0.1445316213128325,0.0,-0.2217127734342647,-0.2478718084569988,0.0,1,0.11426398090178003
UCY9r4ng5QpxueoCIli5bMCA,7.973996717700845,0.2,0.0,-0.2748354113276978,0.4648009810122763,0.430157825066041,0.0,-0.2217127734342647,-0.2478718084569988,0.25,1,0.07563879916485161
UCYB8MsDWw0poWJjYeqqp7lg,-0.3514394751642427,-0.2,0.0,4.223116774643747,-0.2432817464829829,-0.368507710872521,0.0,-0.2217127734342647,-0.2478718084569988,0.0,1,0.08558505252639315
UCYCbHnYHitQPluMJmUc1iCA,-0.2390109382830272,-0.2,0.0,1.0005880844119015,-0.4191546633371671,-0.485520243115509,0.0,-0.2217127734342647,-0.2478718084569988,0.0,1,0.1506203869897867
UCYE_gsOQkdnReSPncZOBeZw,-0.2283224786889366,0.0,0.0,1.0165570988526649,-0.1495433989456696,-0.2074514175954767,0.0,1.6044277048521072,1.1971371189648596,0.0,1,0.05173130368612955
UCYINwzr06RTBQXwH3-ND-xg,4.223508931293341,0.2,0.0,-0.2929354613683981,-0.3478166528862731,-0.3192830063004948,0.0,-0.2217127734342647,-0.2478718084569988,0.0,1,0.12174318784546156
UCYJdaylPGoi02oPXEBxg2tw,-0.0498325253679447,-0.4,0.0,-0.0724962526272499,-0.298233204038226,-0.3671659077689128,0.0,-0.2217127734342647,-0.2478718084569988,0.5,1,0.1106230104337475
UCYN4O52ELctv5jXCuwL59iw,-0.1148067658495751,0.0,0.0,-0.0006561739234577,-0.2869724940434314,-0.3016591975997046,0.0,-0.2217127734342647,-0.2478718084569988,0.5,1,0.1098890260834473
UCYNwmZ3hiWD0uHhYmeoVxBQ,0.0989003161191621,-0.2,0.0,0.1744771652430476,-0.4721284334739695,-0.5640551102555222,0.0,-0.2217127734342647,-0.2478718084569988,0.0,1,0.1391535894726218
UCYPG3NEE1yB5CCA07Jsy8dA,-0.3468681304754745,0.8,0.0,2.193953601124505,-0.5518138258858141,-0.5804958436660744,0.0,5.256708661424851,3.123815688860671,0.0,-1,-0.06290095690024955
UCYRS5awJwNdxmLBJxCYssbg,0.0004013663773025,-0.4,0.0,-0.1898797298169853,1.1138356127283795,0.7105730407755367,0.0,-0.2217127734342647,-0.2478718084569988,0.0,1,0.10723363296378097
UCYRsduRTz3am5vlZTPLljjg,-0.2516145376900589,0.4,0.0,0.3323536522602372,-0.364532820351664,-0.4651256107737475,0.0,-0.2217127734342647,-0.2478718084569988,0.0,1,0.15444283471693354
UCYUIylRaMPkchohdbsBKCFw,-0.2057320807620559,1.8,0.0,0.3814700815535433,-0.3001402597631509,-0.4040952886601441,0.0,-0.2217127734342647,-0.2478718084569988,0.25,1,0.123449314769775
UCYUU-4lEN8TtDH1J_Kn--Iw,-0.3141311107928253,0.0,0.0,1.7402668957242111,-0.0774990715596183,-0.2161309777938065,0.0,-0.2217127734342647,-0.2478718084569988,0.0,1,0.14021229495040194
UCYV2Xdsba1FNZgROVBvn4_w,-0.2713613157233473,-0.4,0.0,0.3407225182273943,0.0585981116032752,-0.0301415020719572,0.0,-0.2217127734342647,-0.2478718084569988,0.0,1,0.15309133440025036
UCYVItPIo4v-RUQGs1JuKC6A,-0.1198573621957788,0.0,0.0,-0.1507133737252688,-0.136829694112837,-0.0513251657472328,0.0,-0.2217127734342647,-0.2478718084569988,0.0,1,0.16163988276399704
UCYXnKZh_LiPZvZX3ftYUdsA,7.447559911412968,-0.2,0.0,-0.2818071703274368,-0.1564047634586269,-0.2584492872717188,0.0,-0.2217127734342647,-0.2478718084569988,0.0,1,0.12539171330329074
UCYYWMXeiVa03HkGqjY5-yUg,1.8566461022744885,-0.4,0.0,-0.2722203547573739,0.0823303606245627,-0.2486762255029515,0.0,-0.2217127734342647,-0.2478718084569988,0.0,1,0.14315871791444734
UCYZu1kH-8vavb2GoEddIFxQ,0.1491638994326115,-0.2,0.0,-0.1757190520022053,0.2080547750825737,0.0913903905868712,0.0,-0.2217127734342647,-0.2478718084569988,0.0,1,0.1510639167119262
UCY_DxPM3NledgNzkSLcVZ3g,-0.2163385981923714,-0.4,0.0,0.1383838208650904,-0.255854187928784,-0.4734755473606267,0.0,-0.2217127734342647,-0.2478718084569988,0.0,1,0.16097435241907504
UCY_G8H5wzdQVZgCVaBnDhTw,-0.2854738241310908,0.2,0.0,0.7001752096688267,-0.1131428511802383,-0.1964610445398463,0.0,-0.2217127734342647,-0.2478718084569988,0.0,1,0.15734197187586324
UCY_snYiHAD9kRR9Zl7QAGOQ,24.636566520889478,0.6,0.0,-0.2921587276294571,-0.2058469489196425,-0.3638967467738326,0.0,-0.2217127734342647,-0.2478718084569988,0.0,1,0.008463886249612917
UCY_wvoaFSLelDTpQjBcy3Wg,19.16310195142676,-0.4,0.0,-0.2991437512500223,0.1798020976762792,0.1245339336128332,0.0,-0.2217127734342647,-0.2478718084569988,0.0,1,0.05493888434708488
UCYa4gI0xjeammMXQKZNqCrQ,0.0354552923916653,1.4,0.0,4.815062754438027,-0.2243120916530422,-0.174805929634519,0.0,-0.2217127734342647,-0.2478718084569988,0.0,1,0.03329140727031088
UCYaIvjrrHn01u0ka3jam4SQ,12.521844675488596,-0.4,0.0,-0.3016734693244735,-0.1058324709013595,-0.111565452638659,0.0,-0.2217127734342647,-0.2478718084569988,0.75,-1,-0.012070279261090722
UCYaJw0xq3QBG70TaMW9xRyw,0.2816448489817031,-0.2,0.0,3.75983582353724,-0.5088569141021525,-0.500620890091624,0.0,-0.2217127734342647,-0.2478718084569988,0.0,1,0.08330755525644551
UCYcDtJAJgxxmrPOu9SkFyIA,3.9532072473630087,2.4,0.0,-0.2444262505272623,-0.1726128783917118,0.122484001949855,0.0,-0.2217127734342647,-0.2478718084569988,0.0,1,0.0839014452003446
UCYcz_T-YBkpZPopvikFigNQ,-0.2810245072889105,-0.2,0.0,2.747790154861934,0.5477932208932668,0.4424588980166438,0.0,-0.2217127734342647,-0.2478718084569988,0.0,1,0.08565525950176178
UCYeykUtMFITDWrFrxsAzOTA,0.768342672470603,0.4,0.0,-0.2616071294094541,-0.0744719989803725,0.2492471727147897,0.0,-0.2217127734342647,-0.2478718084569988,0.0,1,0.14670867759464695
UCYf0LdbCik2vYpYfkcKtYYw,-0.3057710155011087,1.0,0.0,1.1905676653552344,-0.2619991452646532,-0.4853731258896205,0.0,6.169778900568036,3.605485331334624,0.25,-1,-0.0691018527027345
UCYguH5ur20smWpmqgfpB9lQ,0.3095287662339165,-0.4,0.0,-0.2292357762982466,-0.1905905031202434,-0.2788359351466088,0.0,-0.2217127734342647,-0.2478718084569988,0.0,1,0.16499035891583191
UCYh8JBtZDvuztWjzZRDC1fQ,-0.0868791191788871,-0.4,0.0,0.3882615219410429,-0.4253702523665518,-0.5278287848967753,0.0,-0.2217127734342647,-0.2478718084569988,0.0,1,0.1458759862547938
UCYimwMx8oFM5yGNDHzikeGQ,0.2167977570863528,1.6,0.0,-0.1971742437093748,0.1478765722071662,0.105022262884227,0.0,-0.2217127734342647,-0.2478718084569988,0.25,1,0.09485308940005083
UCYkMq2gR6KBnJKIDYgurm6A,-0.320114870711093,0.2,0.0,1.3792769393578308,-0.2704749484865415,-0.4682547940279464,0.0,-0.2217127734342647,-0.2478718084569988,0.0,1,0.1431774932671871
UCYmPJQQQw5PSfcS_1P0AnBw,-0.0865991701072679,-0.4,0.0,-0.0934688591267579,-0.4855484552419594,-0.5258466216653586,0.0,-0.2217127734342647,-0.2478718084569988,0.0,1,0.1465265910739641
UCYnF61nvh73kk0ZuBZIteaA,-0.0815794772300091,0.0,0.0,-0.1552237217823664,-0.2215877263317209,-0.3078184945128851,0.0,-0.2217127734342647,-0.2478718084569988,0.0,1,0.1646037618423561
UCYo8jHuwRR5_L7tj12n0KfQ,-0.3222841730409562,0.0,0.0,3.990626202959906,-0.3711251117464662,-0.4624985919796111,0.0,-0.2217127734342647,-0.2478718084569988,0.0,1,0.08825943763366212
UCYp01tbXes4vx2ZlBc2Bk3w,-0.1860812995747699,0.2,0.0,0.1047565291412228,-0.410855439349068,-0.5092208254087153,0.0,1.6044277048521072,1.1971371189648596,0.0,1,0.044952738528308
UCYpihZIr67Zv1cWadjaktLA,-0.2824065790945053,4.0,0.0,3.13081050760335,-0.3066148316687601,-0.3360683102205503,0.0,0.6913574657089212,0.7154674764909068,0.0,1,0.002555234491914582
UCYqMjj0iV_DouX_pmwr61Kg,-0.261608059734238,3.6,0.0,1.565725314581308,-0.1314293966314625,-0.2365521893859121,0.0,3.430568183138479,6.013833543704388,0.0,-1,-0.08810475144873475
UCYqn_Tt4fbyBGgc0zXAsMog,0.2082925366806692,-0.2,0.0,0.9195338444900414,0.5555627071799979,1.0220223943387308,0.0,-0.2217127734342647,-0.2478718084569988,0.0,1,0.10687124142587151
UCYr3_K15IoPX7MCMCTtwJZQ,-0.0785348955346197,2.4,0.0,0.0624105190712531,-0.2952889776558858,-0.2819566246359254,0.0,-0.2217127734342647,-0.2478718084569988,0.5,1,0.06807456035524467
UCYrhloUV9s0FHoOrzjpTilg,1.6435652700146657,-0.2,0.0,-0.2530882157247983,-0.0617582941475399,0.1307535383686424,0.0,-0.2217127734342647,-0.2478718084569988,0.0,1,0.15344932862596405
UCYtKb_g5W7HsmrM6N67zu_g,3.734362083634348,-0.4,0.0,-0.2907670520102446,0.2526940053845193,0.1567612534553419,0.0,-0.2217127734342647,-0.2478718084569988,0.0,1,0.12379807860514319
UCYwjk6ITE41i-xm9-Ghk1mg,-0.3359940756274555,0.8,0.0,2.2913671743052677,-0.2412912169384485,-0.313567862939542,0.0,-0.2217127734342647,-0.2478718084569988,0.0,1,0.12722802109086218
UCYx1T58vCGlDXrKBur1giOw,-0.0704936151839626,0.2,0.0,-0.099528467833936,-0.0808288513967888,-0.1652078093384294,0.0,-0.2217127734342647,-0.2478718084569988,0.0,1,0.1600370093546587
UCYx3ahm6xdUDR5768L4Br_A,1.639592255412393,1.0,0.0,-0.2615323316893748,-0.4873142475798528,-0.5280739973688305,0.0,-0.2217127734342647,-0.2478718084569988,0.0,1,0.12412984654674036
UCYy-mdQNBMf-xMe5UhGXTig,7.07002313841886,-0.4,0.0,-0.2611594138508593,0.1831924189650346,0.2910979096885666,0.0,-0.2217127734342647,-0.2478718084569988,0.0,1,0.11684406321019003
UCYzVj6yIMG7hb3fIIGy6pvw,-0.15642949686586,-0.4,0.0,0.197560531058818,0.5120535839743041,0.6411810300034059,0.0,-0.2217127734342647,-0.2478718084569988,0.0,1,0.12952638959850815
UCZ0x_B_vZdYKfNT5C7Lpy8w,-0.1011360205105655,-0.2,0.0,-0.1727498799242194,-0.4163293955965375,-0.4895539645587582,0.0,-0.2217127734342647,-0.2478718084569988,0.0,1,0.1545837879999048
UCZ19M3sVDanKWSJ-HJd-zfg,0.5482539231729994,-0.2,0.0,-0.206003328637866,-0.1168510150898144,-0.2104888534862037,0.0,-0.2217127734342647,-0.2478718084569988,0.5,1,0.10554498908207671
UCZ1PLzkX0NDv9qP41G7Ojtg,0.6094602632530997,-0.4,0.0,-0.234424358705993,0.2103149892750773,0.1204813750335554,0.0,-0.2217127734342647,-0.2478718084569988,0.0,1,0.1475446593555937
UCZ2Ex7i75pJIe0D3Rp6S3iQ,-0.0772873287654288,-0.2,0.0,-0.1692775956753887,-0.1034309933218245,-0.2156536876237184,0.0,-0.2217127734342647,-0.2478718084569988,0.0,1,0.16328849847645244
UCZ3BezaDAGVkAi8nBLAfcJg,0.0261524393136697,0.0,0.0,-0.0633740145889587,-0.4861538697578086,-0.519884879190022,0.0,0.6913574657089212,0.7154674764909068,0.0,1,0.08126083058319256
UCZ42DcQM-dSL8QGIqWpWqEw,0.0501554800839836,0.4,0.0,0.0471098130922032,-0.364532820351664,-0.3460363297275088,0.0,-0.2217127734342647,-0.2478718084569988,0.0,1,0.15559218283262632
UCZ4920aB2h9g2uMu6-YvJ-w,1.1239812069736088,-0.4,0.0,-0.2768414549031913,-0.3914670394789983,-0.4759376885745054,0.0,-0.2217127734342647,-0.2478718084569988,0.25,1,0.13741120431757198
UCZ5bC-ukRfXLj4LrNpir1ew,-0.330997739382697,0.0,0.0,1.8244494822224937,-0.1350134505652896,-0.2572894630846865,0.0,-0.2217127734342647,-0.2478718084569988,0.0,1,0.1423919044981135
UCZ6Q7fw-fQXc-3U0Ex6rVBw,3.238767393816337,-0.4,0.0,-0.2745714227920107,0.1348803406002707,0.6168657986869192,0.0,-0.2217127734342647,-0.2478718084569988,0.0,1,0.11764140912282178
UCZ6fJo1q-MLfiQhBwoYNBug,0.0327694173701238,0.6,0.0,2.952349504191532,-0.2249175061688914,-0.254871916243385,0.0,-0.2217127734342647,-0.2478718084569988,0.0,1,0.11743847065850782
UCZ77R8-HDdtT96IyVz03eqQ,0.0295366721383305,0.0,0.0,0.0654593460769373,-0.0980831650984901,-0.0596617263010417,0.0,-0.2217127734342647,-0.2478718084569988,0.25,1,0.15086633805961247
UCZ7P2OBr4fKPtEojOBoiJSA,0.3155307046633285,-0.4,0.0,-0.2120959402064636,0.3408423588921586,0.5319717470848394,0.0,-0.2217127734342647,-0.2478718084569988,0.25,1,0.12517309360562784
UCZ8FdDKlPWVCsUxjKq-3ysg,0.1696546162025176,-0.2,0.0,-0.2113281724290985,-0.2602333529267597,-0.3937033146743517,0.0,-0.2217127734342647,-0.2478718084569988,0.25,1,0.14863930665483077
UCZAMQaHr3N8rh-DMw3Qa1cg,4.0680019938680445,-0.4,0.0,-0.2908979363310918,0.6824172287342608,1.1928518625872355,0.0,-0.2217127734342647,-0.2478718084569988,0.25,1,0.07122076814343703
UCZCZsrxwH51w5NFgFlXa1rg,-0.3319420120449047,1.0,0.0,1.073600582545776,0.175564196065335,0.1139951202861122,0.0,0.6913574657089212,0.7154674764909068,0.0,1,0.06676640802611594
UCZEwl50kq4uTCknw_9MbJNQ,1.0634273744518534,-0.4,0.0,-0.1651237827920934,0.3213480114818153,0.3616214169297707,0.0,-0.2217127734342647,-0.2478718084569988,0.0,1,0.13777667417973877
UCZFhmduJg0xnWAKZTxLsEFQ,-0.2501202260191592,12.4,0.0,0.5977160034563648,-0.4039842039472653,-0.4804812600248715,0.0,4.343638422281664,16.128896035657398,0.5,-1,-0.1920806347631273
UCZG3O15BF7CbmjSXNbQ7hQg,0.1404098354077107,-0.4,0.0,-0.2023894813225527,-0.0431115270593854,-0.2582956206764846,0.0,-0.2217127734342647,-0.2478718084569988,0.0,1,0.16195529716856233
UCZHHzf2q57b9ygeQskJ6nNw,-0.3423623385996198,1.2,0.0,1.7124572480680889,-0.1439083869135351,-0.4534900737603508,0.0,0.6913574657089212,1.6788067614388125,0.0,1,0.04199098971803311
UCZHsGZLCHVl293Qz6lV2J0A,-0.1925630749545897,0.2,0.0,0.0951776771239948,1.3441655652831968,3.0865110560993205,0.0,0.6913574657089212,0.7154674764909068,0.25,-1,-0.03531170403552297
UCZJ4MywxLLotC80ryojvDOg,-0.2662798159081986,-0.4,0.0,0.3710657257315852,-0.1575348705548787,-0.288829148052342,0.0,-0.2217127734342647,-0.2478718084569988,0.25,1,0.1506745454958872
UCZJIhNvtqbpAh9KMdxhftYQ,-0.2153375681787026,2.6,0.0,0.6530158533315704,0.0125058864632916,0.3528160267600247,0.0,-0.2217127734342647,-0.2478718084569988,0.0,1,0.10511736098754304
UCZLxLL-AWWmdupXTKM-ImsQ,0.1679357369821139,1.4,0.0,3.135045190963571,0.0687085340179563,-0.1775521880276871,0.0,-0.2217127734342647,-0.2478718084569988,0.0,1,0.0806864119157566
UCZOGu-eOnDaOcvEsTd-aNng,2.049730370292339,-0.4,0.0,-0.2850965762967458,0.1747166157431462,0.1442302313569645,0.0,-0.2217127734342647,-0.2478718084569988,0.25,1,0.12238246741179809
UCZOQL7pTXkvwvjg8tc3iVlw,1.1493335645655487,-0.4,0.0,-0.2634244526890226,-0.1236316576673251,-0.0062326354095453,0.0,-0.2217127734342647,-0.2478718084569988,0.0,1,0.15335943594018242
UCZOd3_lRxKKKTkmMP69LXUA,-0.2108428303065942,-0.2,0.0,-0.0026526257597039,-0.5448790777951782,-0.5648149183909875,0.0,0.6913574657089212,0.7154674764909068,0.25,1,0.05449563613261815
UCZPftIhYeCpUhitisYULO8w,-0.3016354042158249,1.0,0.0,1.1488638833852418,-0.0391561522225042,-0.1361729885473826,0.0,-0.2217127734342647,-0.2478718084569988,0.0,1,0.1339725085535356
UCZQUGiBlm9S6BwPxnWoEUAA,0.9851500321871484,2.2,0.0,-0.1801318794854851,0.5322542483198048,0.8932605984789085,0.0,-0.2217127734342647,-0.2478718084569988,0.0,1,0.08045178672615133
UCZRzMEvyYclXYMAmX63COFw,0.0568535208345765,-0.4,0.0,-0.0983286884656414,-0.3609541478802001,-0.3428373793022911,0.0,-0.2217127734342647,-0.2478718084569988,0.5,1,0.11018136861478967
UCZTXxXcmmw3OUEe7hBHVvVw,-0.1215267554691791,0.0,0.0,0.0809481765444469,-0.2651775714728613,-0.2295528499298434,0.0,-0.2217127734342647,-0.2478718084569988,0.0,1,0.1633732356001027
UCZU6WSYDo7EZL6uWyTiSnvA,0.0677842595855267,0.8,0.0,-0.1418025189068484,-0.4416283840012651,-0.48018853165934,0.0,-0.2217127734342647,-0.2478718084569988,0.0,1,0.14585078913849575
UCZUgI9EwkPTyGnVI7wcAr9w,-0.0288193783861027,-0.4,0.0,3.0612767234370737,-0.1007469889682265,-0.2682776225042381,0.0,-0.2217127734342647,-0.2478718084569988,0.0,1,0.11239552869885716
UCZ_V8XcGJySMuYpDV6lLisg,-0.2197438740208414,0.8,0.0,0.3146852034438251,-0.4223651948606096,-0.4765824978952045,0.0,-0.2217127734342647,-0.2478718084569988,0.75,1,0.017343804379336858
UCZ_oyFiitOuX4aEQrIcSiRA,0.1033516328633359,2.4,0.0,4.530647900500497,-0.3613110238053322,-0.4555620814902298,0.0,-0.2217127734342647,-0.2478718084569988,0.0,1,0.03385484445358167
UCZb777DMB5rqO3zHnapML7A,-0.2348894658397444,-0.2,0.0,0.7720085930148469,-0.2114974844009014,-0.2479864998903919,0.0,-0.2217127734342647,-0.2478718084569988,0.25,1,0.14403888141145482
UCZdEnGWnGcbSx4lFf_ivXuA,-0.3330801888259828,0.4,0.0,3.5975209863673983,-0.3499356036917452,-0.4570330057850322,0.0,-0.2217127734342647,-0.2478718084569988,0.0,1,0.10290571845343233
UCZdcSr2XVOvykMX0ABE57uw,-0.1149552236905852,0.0,0.0,-0.0598828958411133,0.1410555686619322,-0.0147349904798939,0.0,-0.2217127734342647,-0.2478718084569988,0.75,1,0.03607379052943721
UCZfoMQlyYjnzGugeYPew1yQ,-0.1569893950090985,-0.4,0.0,-0.1139040229946772,1.2011363859138302,3.3965877603488184,0.0,-0.2217127734342647,-0.2478718084569988,0.0,1,0.021675720207615823
UCZg6Mg0JI19wx6CeKnIGcQQ,-0.1790496242328409,0.0,0.0,0.2436408215133797,-0.5025000616857362,-0.5199203241864285,0.0,0.6913574657089212,0.7154674764909068,0.25,1,0.06300501096278271
UCZh60tvQwBhaNTgpFPtSYpw,1.2061632261042488,-0.4,0.0,-0.224265057184719,0.2374375595851202,0.6562542566355628,0.0,-0.2217127734342647,-0.2478718084569988,0.0,1,0.12993474468813387
UCZlHyBLK5hDG4jGQEvByFvw,2.3124526768175686,-0.2,0.0,-0.2738691213894743,-0.1133194304140276,-0.0246293488257587,0.0,-0.2217127734342647,-0.2478718084569988,0.0,1,0.15147842425603603
UCZl_3gUANpkk3ieQaGWwS7w,-0.27970606027232,-0.2,0.0,0.132634160661889,-0.1076688949327687,-0.0873598471681559,0.0,-0.2217127734342647,-0.2478718084569988,0.0,1,0.16266285708964695
UCZl_TpXWqlbDhZbBHneaHZg,0.2792857831938412,-0.4,0.0,-0.2618706794839147,-0.2151703324637198,-0.2916994481580762,0.0,-0.2217127734342647,-0.2478718084569988,0.0,1,0.164958637071003
UCZmiJlWiRgbQBrFpyuCR1DQ,-0.3145971876202144,-0.2,0.0,1.5545795918803935,-0.2383375279368814,-0.3038369317039006,0.0,-0.2217127734342647,-0.2478718084569988,0.5,1,0.06725816435413906
UCZr58Ghknr7KN-JhgH4nTOQ,-0.3084842592810949,-0.4,0.0,0.634696144941573,-0.2126275914971532,-0.3733147967305972,0.0,-0.2217127734342647,-0.2478718084569988,0.0,1,0.15611322960810675
UCZrUFS8ez81-5EOE1Qk5nOg,1.1775985236096884,-0.2,0.0,-0.2105080237988817,-0.1677058344211448,0.4699251275604257,0.0,-0.2217127734342647,-0.2478718084569988,0.0,1,0.1453997610784633
UCZsZAS_4dAC0LRH7BYO1CRQ,-0.2795717412733108,-0.2,0.0,1.1842870665177514,-0.258820719056445,0.2367347231606257,0.0,0.6913574657089212,0.7154674764909068,0.0,1,0.06304532327259671
UCZuEcLFgCPaMrMAtTA_nD7Q,-0.1526332177885995,0.6,0.0,0.3258701175326723,0.3082105164878884,0.2539229772715692,0.0,1.6044277048521072,1.1971371189648596,0.0,1,0.03340754977510141
UCZuiianifWmcvo8BRck1eAQ,-0.2162913340633966,0.0,0.0,0.235755904054739,-0.3360110698272143,-0.4729463046642985,0.0,-0.2217127734342647,-0.2478718084569988,0.25,1,0.14441129621624266
UCZwE1bPmPcWQ6g4xd66uG-Q,0.780301776329757,0.4,0.0,-0.2558165245987382,-0.1036664323002102,-0.0800215025315542,0.0,-0.2217127734342647,-0.2478718084569988,0.25,1,0.14527309073481248
UCZxUabREVs4T7slSDd5QUwQ,-0.1891310070092581,1.2,0.0,4.008329048616141,-0.1145690680685368,-0.0221896363659949,0.0,-0.2217127734342647,-0.2478718084569988,0.0,1,0.059219245621087824
UCZxk1By3u8Ud8WdliERahsg,-0.2481612938508695,1.4,0.0,4.634814890953744,0.1540719807526893,-0.2292207228895899,0.0,-0.2217127734342647,-0.2478718084569988,0.0,1,0.027125223989923897
UCZys-FEh1c0pMfgi_tjiPOA,-0.3125885883784516,0.2,0.0,1.372493292182423,0.2778035724293637,-0.0897923894786854,0.0,-0.2217127734342647,-0.2478718084569988,0.0,1,0.12923040055549567
UCZyzx4BV1o4l7C3ifnAyLvw,4.293640238651029,-0.2,0.0,-0.2897610701453569,-0.1917206102164952,-0.2192550412958519,0.0,-0.2217127734342647,-0.2478718084569988,0.0,1,0.13436510201610496
UC_-tzh5XNxxYKm89EIyWdnQ,7.0887337749808434,-0.2,0.0,-0.2947342434364108,0.0865682622355069,-0.1015511690897983,0.0,-0.2217127734342647,-0.2478718084569988,0.25,1,0.09884517569179962
UC_-uGeOCDGgSlHewGYwETDg,8.100093096408873,0.2,0.0,-0.2958936061153917,-0.2884860303330543,-0.1951705353310054,0.0,-0.2217127734342647,-0.2478718084569988,0.0,1,0.10943765987545312
UC_0JK8xSBjl27pXyl5eYJYw,-0.3314259443118693,1.0,0.0,2.680136576292247,-0.1662932005508301,-0.1904957998852636,0.0,-0.2217127734342647,-0.2478718084569988,0.0,1,0.11159406245230691
UC_0pJiuIUhpfUnwwedaT5Bw,0.6764099019457227,0.0,0.0,-0.1636731470383308,0.058719194506445,0.0310499375264297,0.0,-0.2217127734342647,-0.2478718084569988,0.0,1,0.15416539771018944
UC_1RwtUkgklSTtvIw2nQv7A,-0.0832737144686397,-0.4,0.0,-0.146883546868235,15.66339942342199,12.832205286053163,0.0,-0.2217127734342647,-0.2478718084569988,0.25,-1,-0.16386187906995864
UC_2dKf-g1wNPfj1duSF2pIw,-0.1317642869951674,1.2,0.0,0.2563107800674636,-0.2870190643908045,-0.3924317036433382,0.0,-0.2217127734342647,-0.2478718084569988,0.0,1,0.13918873236775664
UC_2n3DjvV1-qXD_47BDoAhQ,-0.0829640738288184,0.6,0.0,-0.0652712683535166,-0.147787696849707,-0.2978835885149017,0.0,-0.2217127734342647,-0.2478718084569988,0.25,1,0.13873718354886816
UC_3jHCr_fXw68yLN2HbvRfg,-0.2536595942984556,1.2,0.0,0.2064806806259176,-0.0953355146034823,0.0021757908132594,0.0,-0.2217127734342647,-0.2478718084569988,0.25,1,0.13139149706093584
UC_68oY8bUO3UYqQRogUXo1Q,-0.2770573838708048,0.4,0.0,2.267865002421185,-0.3268625838099379,-0.3835920461458075,0.0,-0.2217127734342647,-0.2478718084569988,0.0,1,0.13251596128157606
UC_6O5Oru2O4-Aj2zPF8XSTQ,-0.0586452655871495,-0.2,0.0,-0.1596772984193875,0.3196528508374376,0.1288294654896593,0.0,-0.2217127734342647,-0.2478718084569988,0.25,1,0.13252469303592956
UC_6pp8Egac-EDfRUEnpVJhQ,1.3638600934199707,-0.2,0.0,-0.2865996137938837,-0.3047313198416738,-0.2033940902226404,0.0,-0.2217127734342647,-0.2478718084569988,0.25,1,0.14686278867274416
UC_7nAoNyUvWWmWr7VOYtaaQ,0.0598452998019819,-0.2,0.0,1.0105381391480202,-0.1133194304140276,-0.3169198008321356,0.0,0.6913574657089212,0.7154674764909068,0.25,1,0.07923662501793305
UC_8HyubQNHvT3Z8_y0F8L3w,1.0183633502842606,-0.2,0.0,-0.0964223237815301,-0.4198609802723244,-0.4844763376630571,0.0,-0.2217127734342647,-0.2478718084569988,0.0,1,0.1524360105878364
UC_8ZCYTGO2PoJJ3K0sbxN9A,-0.2748811804394889,-0.2,0.0,1.574889505533793,0.2193558460450917,-0.0932874862878076,0.0,-0.2217127734342647,-0.2478718084569988,0.0,1,0.12878760555722712
UC_9Ei3EC9cY9m-sFo88Lq3A,0.9065312957999614,0.2,0.0,4.013665969829331,-0.3647682593300498,-0.4090396021457669,0.0,-0.2217127734342647,-0.2478718084569988,0.0,1,0.06620712059882006
UC_A07C8TbKgS_awIgcoP-xw,0.3281005391691055,1.4,0.0,-0.166698675560082,-0.4083581044711901,-0.4056258801438754,0.0,-0.2217127734342647,-0.2478718084569988,0.0,1,0.13415854633992852
UC_AhrJI9w0AQR7C0s7sol8A,0.1315000673852742,3.4,0.0,-0.043512926626985,-0.3388111119630166,-0.2922072027876414,0.0,-0.2217127734342647,-0.2478718084569988,0.25,1,0.08545283583417546
UC_B-_DhHdcufhDDpdeCIVMQ,-0.1600985263651118,0.8,0.0,0.1175936590334208,-0.4231357224262358,-0.3817045298491058,0.0,-0.2217127734342647,-0.2478718084569988,0.0,1,0.14338146451142342
UC_G-2z0nn8dqecpVT-zF13g,-0.1594325869068661,-0.4,0.0,-0.015259586334495,-0.3016235253269813,-0.1350112037089436,0.0,-0.2217127734342647,-0.2478718084569988,0.25,1,0.14846631742043515
UC_GiTX8ajeIFynGdFRDS0Kw,2.7581414960247543,-0.4,0.0,-0.1740025748823634,-0.1897429227980546,-0.4001354872900785,0.0,-0.2217127734342647,-0.2478718084569988,0.0,1,0.14095748193149737
UC_IDdQsJpvgqYEvgbbLp9TQ,0.62281056183733,0.0,0.0,2.5253748547309054,1.4929461825531305,1.8232719136920117,0.0,-0.2217127734342647,-0.2478718084569988,0.0,1,0.0027633478062723538
UC_KTRulcc2sMICLD-Tnrynw,-0.147628067720256,-0.4,0.0,0.2267329088904298,-0.0202268583602867,0.199879053716112,0.0,-0.2217127734342647,-0.2478718084569988,0.0,1,0.15323440667387422
UC_MB45H-uXwuWQkBAiMSb6g,-0.2491886551624984,0.8,0.0,0.4458488954640309,-0.3784451236199152,-0.4410571597908426,0.0,-0.2217127734342647,-0.2478718084569988,0.25,1,0.13246165879350197
UC_NdIzCcPJlv-henfTLHHTQ,-0.354378334465873,2.8,0.0,5.117598571361547,-0.4873646987895069,-0.537738419523263,0.0,-0.2217127734342647,-0.2478718084569988,0.25,-1,-0.024189339038129587
UC_Qx5PaLlOXG8x2QJw4nuHA,-0.2761354588654596,1.2,0.0,1.2640896952989074,0.0842863152142292,0.1969620160105333,0.0,-0.2217127734342647,-0.2478718084569988,0.5,1,0.05202047582243663
UC_Wwql7XQrMm7BQWQ8Yi3uA,-0.1841369142404282,0.4,0.0,1.4014894411717873,-0.2962555166197854,-0.2930732078847567,0.0,-0.2217127734342647,-0.2478718084569988,0.0,1,0.14374115509532248
UC_YWn4PChuaMtLGfs_PJ5kA,-0.3046507841733396,1.2,0.0,4.956991382579648,-0.4050283246340197,-0.350345167662992,0.0,2.517497943995293,2.6421460463867183,0.0,-1,-0.07658603126658003
UC_Z6W4o1PDjN8YHPkvbUpVQ,0.6713431469229463,-0.2,0.0,-0.1234357067343753,1.8064499993436929,5.408027828077284,0.0,-0.2217127734342647,-0.2478718084569988,0.0,-1,-0.030425992898117427
UC__Dih26WBv5UVB-qabW2-g,8.068829465711854,0.2,0.0,-0.2958943955217685,-0.2699452107851735,-0.3526358733485197,0.0,-0.2217127734342647,-0.2478718084569988,0.25,1,0.08843963946616584
UC__dZlylIj2mAJPA3Y30S1g,-0.1058301160548876,-0.2,0.0,-0.1005982802384315,0.2525527419974878,0.1736925484920397,0.0,-0.2217127734342647,-0.2478718084569988,0.25,1,0.13725213563558086
UC__eDVXNDXFgf2B8YPWeszA,-0.1120370676933136,1.0,0.0,-0.0109114935294504,0.1441330924508322,-0.0069074799434342,0.0,-0.2217127734342647,-0.2478718084569988,0.25,1,0.11834173364266742
UC_bIIu-t-5v1hcGI9w9KLlg,0.7837398714096596,-0.2,0.0,-0.2474445209949641,0.1190588412527457,-0.0911197221752826,0.0,-0.2217127734342647,-0.2478718084569988,0.5,1,0.0916685287797449
UC_c4ZR47cgFTCTx8mKNI1FA,1.8015682432597089,-0.4,0.0,-0.2695283826142981,0.4154294272447764,0.5096488649380726,0.0,-0.2217127734342647,-0.2478718084569988,0.0,1,0.13434982212462093
UC_dWbkcmdjmk7nkN3JWlFOA,0.0576949104685616,0.8,0.0,-0.0118832811601277,-0.413118864073095,-0.5238138433736985,0.0,-0.2217127734342647,-0.2478718084569988,0.0,1,0.14197858952815023
UC_fX6---2V2e7gn3aJMA-BQ,0.0892094994315355,1.2,0.0,6.235170513627926,-0.3525435431446339,-0.5232338959201086,0.0,-0.2217127734342647,-0.2478718084569988,0.0,1,0.00943355656209921
UC_fxE8dgQBUKoOnI25yf5-Q,5.4138112044409015,-0.2,0.0,-0.2778405235726027,-0.1712374190969316,-0.0880761121472196,0.0,-0.2217127734342647,-0.2478718084569988,0.25,1,0.1107870482599766
UC_gHyU4rBnatxCsXASXjt5w,0.7667995188579256,0.0,0.0,-0.2632705844728511,-0.2542801101875762,-0.4056861434407148,0.0,-0.2217127734342647,-0.2478718084569988,0.25,1,0.14565976602031677
UC_h9-o7r-PqF2jTF4oG_tSA,0.3125983088323272,-0.2,0.0,2.5780445126089813,-0.0165540102974685,-0.1395894262537849,0.0,-0.2217127734342647,-0.2478718084569988,0.0,1,0.11634869323189395
UC_jx0cHe2odFbtjqzoToW-Q,13.76318268945838,0.4,0.0,-0.2918521701508818,-0.2364540161097951,-0.395042526387154,0.0,-0.2217127734342647,-0.2478718084569988,0.0,1,0.07644529214921508
UC_l53DTpSycyUFO6whwSBLg,25.65696543520703,0.0,0.0,-0.2969307479838246,0.3783780588748072,-0.2884764076892958,0.0,0.6913574657089212,1.6788067614388125,0.0,-1,-0.08056261092508143
UC_lBXxHOtjNPl8hBYZAa8TA,-0.2576201791495186,0.0,0.0,0.0777357983206842,-0.2754696182422972,0.0185368470709749,0.0,-0.2217127734342647,-0.2478718084569988,0.25,1,0.14656140668441692
UC_lEWEvBl5VkwS6YywayYoA,0.1229416495865619,0.2,0.0,-0.1516539309566015,-0.0140819010244177,-0.0931276550649584,0.0,-0.2217127734342647,-0.2478718084569988,0.0,1,0.16082406917293124
UC_mty0aB-_h_a5NeFFUMNdg,-0.2713994905967499,0.8,0.0,0.4910102997045819,-0.2520786028572156,-0.3684798024067158,0.0,-0.2217127734342647,-0.2478718084569988,0.25,1,0.1373501329638292
UC_nJ9xk77KKhDLQY2we0kgw,3.8112526411461247,0.6,0.0,2.272948966873783,1.0002598495550754,-0.0729104871375175,0.0,2.517497943995293,3.123815688860671,0.0,-1,-0.08483923711921337
UC_ntpLnJrCVNxvq8GvKae2Q,-0.0854793738207911,-0.4,0.0,0.336189616599415,0.3679649292022015,0.4108819010293805,0.0,-0.2217127734342647,-0.2478718084569988,0.0,1,0.14263571445926415
UC_oZV2rNP1G3DlnjJDBtV1A,-0.3083315597874844,-0.4,0.0,1.109156728803654,-0.1829622802205439,-0.3335502871162186,0.0,-0.2217127734342647,-0.2478718084569988,0.0,1,0.15194811932988322
UC_qrNNh5_-yFULcm1rkyIng,-0.2051406353276029,-0.4,0.0,0.2163160751283921,-0.1753340573208443,-0.50120297573647,0.0,-0.2217127734342647,-0.2478718084569988,0.25,1,0.14100167578147843
UC_teSySwSqDm_Iv1JyP1Pjg,-0.1915991594011736,0.6,0.0,0.1814122086066464,-0.1580742398508171,-0.0765028622705782,0.0,-0.2217127734342647,-0.2478718084569988,0.25,1,0.1392661818620501
UC_uppEi5wesk_xi1CnYGoAA,-0.1430379936563696,0.0,0.0,0.01334518201263,1.251385790729311,0.3693659456447764,0.0,-0.2217127734342647,-0.2478718084569988,0.25,1,0.09033225920573662
UC_vlX8H4TniygFd5YnommWQ,2.0495013210519235,-0.4,0.0,-0.2813902031287342,-0.0693865170472394,-0.2214063031670643,0.0,-0.2217127734342647,-0.2478718084569988,0.0,1,0.1514556215035397
UC_vy9wknYR459CHvDzsnk6Q,-0.2088894609163976,1.8,0.0,0.7402424173338388,-0.1634679328102006,-0.0654435199809701,0.0,-0.2217127734342647,-0.2478718084569988,0.0,1,0.13996250424577145
UC_wcYzBVwRVKfrbdr-UjoiA,0.1254654328837351,0.2,0.0,0.4791220810392698,-0.2710046861879095,-0.4653011356094911,0.0,-0.2217127734342647,-0.2478718084569988,0.25,1,0.14289104301218497
UC_y5l6s6mSGni-xd6nVUc4A,0.8367025596610942,-0.4,0.0,-0.2693127059677745,0.4154294272447764,0.2242477832429028,0.0,-0.2217127734342647,-0.2478718084569988,0.25,1,0.1242480476162326
UC_zumCPjENy7PTqDBOX6-TQ,-0.0431270028134595,0.2,0.0,2.5043999018467216,-0.2710046861879095,0.0828248012286892,0.0,0.6913574657089212,0.7154674764909068,0.0,1,0.057976532548497495
UCa-0WKXVWRt_F2PAgVZBmKA,-0.1499503725189154,-0.2,0.0,-0.0866232016073974,-0.1733563699024037,-0.3882794244814887,0.0,-0.2217127734342647,-0.2478718084569988,0.0,1,0.1626119937133339
UCa-y0S1DujyXS6Or9cAeSiw,-0.3405475172370667,1.4,0.0,2.2965442046332685,-0.2279445787481372,-0.3215230192240797,0.0,-0.2217127734342647,-0.2478718084569988,0.0,1,0.12109844641980677
UCa2x-ifN-0XlOn7y6jzvXMA,-0.2802409797946901,0.4,0.0,0.6017936567588211,-0.2656484494296329,-0.3300900179601647,0.0,-0.2217127734342647,-0.2478718084569988,0.0,1,0.1578405752025765
UCa4tJeOKbZM9PuFRbj--nMw,0.0290844816736209,0.2,0.0,-0.0942400645430615,0.0394216068137527,0.3275085610116943,0.0,-0.2217127734342647,-0.2478718084569988,0.5,1,0.09380748439114422
UCa5N4qRDauavcuisJWA9S2w,-0.2016932321767163,1.0,0.0,0.2385952585274326,-0.2485791234966631,-0.3327991643670661,0.0,-0.2217127734342647,-0.2478718084569988,0.5,1,0.09242403515462744
UCa5zkVteixdOHx1_zmRyJ_Q,-0.0946195292240469,0.0,0.0,-0.0854877961497942,-0.3995795939913772,-0.4673763685718554,0.0,-0.2217127734342647,-0.2478718084569988,0.0,1,0.16037494534916613
UCa6WXJmONhrq-auC5-8QpSg,0.1538191131614309,-0.2,0.0,-0.1813371900251022,0.138835715437152,-0.1691574640950731,0.0,-0.2217127734342647,-0.2478718084569988,0.0,1,0.1477826119052046
UCa8C62ScOIzjH-AzVVaE0bA,0.3541127767155763,-0.4,0.0,0.1706753178225961,-0.3329839972479684,-0.2223659587780278,0.0,-0.2217127734342647,-0.2478718084569988,0.0,1,0.16006681870660483
UCa8e2ZywSle9qN7Uw7GvzCA,-0.1649849101606472,-0.4,0.0,-0.1004175274831272,-0.2380550011628184,-0.172664328150969,0.0,-0.2217127734342647,-0.2478718084569988,0.25,1,0.1486479039566141
UCa8lwT-ihtMT3lcrwRZQjFQ,-0.1536466697848834,1.4,0.0,0.0915946998591216,-0.4128987133400589,-0.4574275972808654,0.0,-0.2217127734342647,-0.2478718084569988,0.0,1,0.13860737425184483
UCaBD9dfGg9ysV4Wj0cP3ccA,4.827536937426749,4.8,0.0,-0.2133321656697571,-0.1935433635975465,-0.2071407554892803,0.0,-0.2217127734342647,-0.2478718084569988,0.0,1,0.03051940514544127
UCaDI8AoOQPY_ymKjFgwrNJg,-0.1791143851787918,0.2,0.0,0.0639232649835718,0.0293565904877602,-0.0945093394570664,0.0,-0.2217127734342647,-0.2478718084569988,0.0,1,0.15660604299020098
UCaFX2-ecM9CzDQQ5Hmjymeg,-0.3158710972845018,0.6,0.0,1.2335512829439663,0.0852968917522236,0.7612867869181085,0.0,-0.2217127734342647,-0.2478718084569988,0.0,1,0.1083348715561041
UCaHpXr6WfAavnmt4Rbnd4CQ,-0.2926011891358478,7.0,0.0,2.2688614806106564,-0.377784671420807,-0.4320585993912902,0.0,1.6044277048521072,1.1971371189648596,0.25,-1,-0.07575029907157327
UCaJQ7n0FCZdSaHWQn8M3Zlg,-0.2730678739528644,-0.2,0.0,0.3264251347508023,-0.3117944891932474,-0.3066410057987502,0.0,-0.2217127734342647,-0.2478718084569988,0.0,1,0.160429040986253
UCaKJjx_yGft0_qLK1DN9A2g,-0.2607706161225205,-0.2,0.0,0.3925722747446596,-0.2552891343806582,-0.2900765449536145,0.0,-0.2217127734342647,-0.2478718084569988,0.0,1,0.162086101812631
UCaL0hXxgrn0icnkgs6_JTfA,0.2199296873250928,0.2,0.0,-0.1082512767898203,-0.2948428827494707,-0.2057499743957672,0.0,-0.2217127734342647,-0.2478718084569988,0.25,1,0.14959340801229037
UCaN4iKHB0HMXz29NFwjSTww,-0.1547434399572443,-0.2,0.0,-0.1307739079142681,-0.3506419206269025,-0.3591918791129611,0.0,-0.2217127734342647,-0.2478718084569988,0.0,1,0.1611015312500425
UCaNI-oJ2kO_626qs9g79jXw,-0.0659698926857522,0.6,0.0,0.0702584434259835,-0.1609251918436341,-0.2056369661359847,0.0,-0.2217127734342647,-0.2478718084569988,0.25,1,0.13978682611365256
UCaOhBPe7jwAqiwZhS9NIgwQ,2.8003841142710533,-0.2,0.0,-0.2948687272085093,-0.3273334617667094,-0.3876404793461664,0.0,-0.2217127734342647,-0.2478718084569988,0.25,1,0.11575041936003194
UCaPHzcj3fFYQV-t9OFamjbQ,-0.2763707074442911,-0.4,0.0,1.001624741308636,-0.3499356036917452,-0.4260549314911308,0.0,-0.2217127734342647,-0.2478718084569988,0.0,1,0.15133443603482782
UCaQuKN-Z1VtrtCc9Gji2pAw,-0.1445220212024974,0.8,0.0,0.0343788117465736,-0.3711251117464662,-0.4511517698043459,0.0,0.6913574657089212,0.7154674764909068,0.25,1,0.07781374821146786
UCaRDJHvHkAvPvYcRSbg4Uvg,2.0197503697134818,0.0,0.0,-0.2737301065968027,-0.0314875683550814,-0.0782431696479913,0.0,-0.2217127734342647,-0.2478718084569988,0.0,1,0.15183813102996352
UCaRiLmr7ajpQEAwuhSTNLuA,0.3291591344680638,-0.4,0.0,-0.1358967767135812,-0.0524349106034626,-0.3532463089266421,0.0,-0.2217127734342647,-0.2478718084569988,0.0,1,0.1609659572697994
UCaS7YxxHk4KpF4RW70_ZU9g,-0.2124108278845018,-0.4,0.0,0.0995381908511502,0.0704642361139189,-0.1533227108633682,0.0,-0.2217127734342647,-0.2478718084569988,0.0,1,0.15219936127578498
UCaUNr9xoYgPNavKHqsTAHVA,-0.3367875951820944,0.0,0.0,1.8649330948461789,-0.2276418714902127,-0.2743562244724118,0.0,-0.2217127734342647,-0.2478718084569988,0.25,1,0.11147471719873397
UCaV3zGTX97CrTGXzHdWEFbQ,2.939316794160713,0.2,0.0,-0.2220208151357652,-0.0967209824378295,-0.1460945238670559,0.0,-0.2217127734342647,-0.2478718084569988,0.0,1,0.1393234551385355
UCaVVb5mK2XSGCAGDFT_nh0w,1.1032268008003847,-0.4,0.0,-0.2372260718044664,-0.4084186459227751,-0.4594627317671731,0.0,-0.2217127734342647,-0.2478718084569988,0.0,1,0.1550944766492668
UCaVejI6C8VSzFKfMuOCMGIA,0.0068434940876779,0.4,0.0,-0.1339489879735502,-0.1168510150898144,-0.2926027179444315,0.0,-0.2217127734342647,-0.2478718084569988,0.5,1,0.11102605338111193
UCaXY4FXAAMXjxUFQ50o8d-w,-0.046280848257301,-0.2,0.0,-0.1071650747883619,-0.1924269271516526,-0.1474567314423235,0.0,-0.2217127734342647,-0.2478718084569988,0.5,1,0.11846502949794274
UCaYwxG8OGnuWZSk1SuR7Bqg,-0.1755508667879723,-0.4,0.0,-0.0849048242025361,-0.0905760251019604,-0.1791099283913856,0.0,-0.2217127734342647,-0.2478718084569988,0.0,1,0.16060735206711424
UCa_8NRDv31fTyhk6WT05I4Q,3.622598529760302,2.0,0.0,-0.2841134631869977,0.1095027886006166,0.8744924888822725,0.0,-0.2217127734342647,-0.2478718084569988,0.0,1,0.07209245577545997
UCa_SRtyMKNTATB3hNTqfSag,5.438399357622689,-0.4,0.0,-0.290364413443363,1.593566075087263,2.4147375402024607,0.0,-0.2217127734342647,-0.2478718084569988,0.0,1,0.014756516896274774
UCaa22TRx3oy9oWbQ64YtVnA,0.0735613904271231,-0.4,0.0,-0.1571439109104467,0.3501657424362357,-0.0153069331697345,0.0,-0.2217127734342647,-0.2478718084569988,0.0,1,0.14687757284088415
UCaaYdDw_YRhfLu3fZoU-4nA,-0.3038778245571788,-0.4,0.0,0.238531845870145,-0.3058614269379255,-0.4031383588344328,0.0,-0.2217127734342647,-0.2478718084569988,0.0,1,0.15743879911707848
UCabXdzM648jvcRl30OaPjRw,0.3864490153138953,5.4,0.0,0.0060286683753214,-0.2653022156378891,-0.3139519620112447,0.0,8.908989617997594,6.977172828652295,0.0,-1,-0.1452684522189509
UCabae30sDHbx4SoGfkoPYGw,0.0650950518369422,-0.4,0.0,-0.0723922122104778,-0.0948139267129046,-0.2600562249908914,0.0,-0.2217127734342647,-0.2478718084569988,0.0,1,0.1627188415842835
UCackWv-uzBLhE0UhHFGUPNA,0.7188850031512088,-0.2,0.0,-0.2480114236691817,-0.3478166528862731,-0.363455468953736,0.0,-0.2217127734342647,-0.2478718084569988,0.0,1,0.16076423470115236
UCag5M6T6BZWo0TSIkVOk9Vw,0.083584415521611,-0.4,0.0,-0.1269230062761161,0.1738690354209573,-0.1753792005051116,0.0,-0.2217127734342647,-0.2478718084569988,0.25,1,0.1325193672768994
UCagbyRfPgZ8x5Hxtm1yQcCw,0.0308977881602453,0.2,0.0,-0.0001749842429096,0.8599853062328225,0.4729986932729438,0.0,1.6044277048521072,1.1971371189648596,0.5,-1,-0.01687917113614268
UCagtBb8oFmImZQGBg7OVX-Q,-0.3259895595624962,-0.4,0.0,1.4479656039290278,-0.0524349106034626,-0.1532334384979299,0.0,-0.2217127734342647,-0.2478718084569988,0.0,1,0.13995947642898698
UCah1NkJCqsQdFx8rFPLelpw,-0.2812570912398264,-0.4,0.0,0.4416216650125089,-0.3855339772236765,-0.4108273068439018,0.0,-0.2217127734342647,-0.2478718084569988,0.0,1,0.1553083551267589
UCai4b_SK-vwQg8B7zLsqLLA,1.2775742753985493,-0.2,0.0,-0.264017487835567,-0.1867763916703937,-0.4557851364629925,0.0,-0.2217127734342647,-0.2478718084569988,0.0,1,0.15702315206745554
UCaiaq7nXs_Aef6PQn8epsNw,11.920782000706446,-0.2,0.0,-0.3011577985076436,-0.3266271448315521,-0.4567825640754329,0.0,-0.2217127734342647,-0.2478718084569988,0.25,1,0.07948696859301585
UCajcy7K0SoZB0f4sqa38ULw,-0.089296861161053,-0.4,0.0,-0.0378960535573958,0.6620753010017286,0.556436132776695,0.0,-0.2217127734342647,-0.2478718084569988,0.75,1,0.01653385558718745
UCalno-3qR_9o7oE8G4Pf4ig,-0.2024443581580178,2.2,0.0,0.3235580640767743,1.9171063191850133,2.11512754535427,0.0,-0.2217127734342647,-0.2478718084569988,0.0,-1,-0.007370975198067509
UCamC-rEdtevcaOMEATd6iZA,-0.2287836069216254,-0.4,0.0,2.7089026319165117,-0.0219220190046644,-0.3523917175252506,0.0,-0.2217127734342647,-0.2478718084569988,0.0,1,0.12131123190337789
UCamGP4oDtI_5P84T2DY5Uvw,-0.0004194943925823,2.8,0.0,-0.081530298074562,-0.0980831650984901,-0.5266663631296659,0.0,-0.2217127734342647,-0.2478718084569988,0.25,1,0.08137528412959016
UCamo-TUszAVRCBtgh5ehqNA,9.287880423035512,0.2,0.0,1.8355327343547905,0.0139941971480875,-0.1509441131645001,0.0,-0.2217127734342647,-0.2478718084569988,0.0,1,0.07643198491245268
UCaoKfuiXh65zjATLQHenR0g,-0.1547917476674143,0.4,0.0,0.377235512585716,-0.2326869924556224,-0.4441400267766648,0.0,1.6044277048521072,1.1971371189648596,0.25,1,0.03549511568621305
UCaq2spPs0ECFC422NVP4esg,-0.1364767630340908,-0.4,0.0,-0.0524114260937109,-0.3465452824029899,-0.3945807850331194,0.0,-0.2217127734342647,-0.2478718084569988,0.0,1,0.15727813834053234
UCaqGpcRt2DIAKejrA4w13dg,-0.2753527108202213,-0.4,0.0,0.4490114436265205,-0.1829622802205439,0.0100527567142871,0.0,-0.2217127734342647,-0.2478718084569988,0.0,1,0.15643063264896606
UCaqpLEe6hP6xDdpaat1qpIw,-0.3254051540931228,0.4,0.0,2.4443416210398343,-0.3254499499396232,-0.4468861781987814,0.0,-0.2217127734342647,-0.2478718084569988,0.0,1,0.12517699990260306
UCatanT79m3Fx2GAuOj3wh1Q,0.0755439887542945,2.0,0.0,-0.2305297148599383,0.1381709465570039,0.4836220811203824,0.0,-0.2217127734342647,-0.2478718084569988,0.5,1,0.03862741838419964
UCau1ICCCgOgaz6ke_ObT5oA,0.2372128310515538,-0.4,0.0,-0.1303191602302804,0.2043819270197555,0.300528085688388,0.0,-0.2217127734342647,-0.2478718084569988,0.25,1,0.13276034729717812
UCauL193i_LvE1FksCn7_avw,0.6554675838295235,0.4,0.0,-0.2343138039282211,0.2645601298951631,0.0187909072714529,0.0,-0.2217127734342647,-0.2478718084569988,0.25,1,0.12052485263756513
UCauPYWkHDZHao4si3ORiSpw,-0.1707356484971751,0.4,0.0,-0.0510124962249135,-0.2501094768561708,-0.3225945066891894,0.0,-0.2217127734342647,-0.2478718084569988,0.0,1,0.1594509513810755
UCawDrwSkDB_wTniiaTN2G1g,0.2708569125349627,-0.2,0.0,-0.2248065404558813,0.3062328290694477,2.0077449593347483,0.0,-0.2217127734342647,-0.2478718084569988,0.5,1,0.04138194559042302
UCay_iuggORd-7CLACIvQNNw,0.0447217884473726,0.0,0.0,-0.1338249354930253,0.3565831363042371,0.4967124790992698,0.0,-0.2217127734342647,-0.2478718084569988,0.25,1,0.13214155438436986
UCazMuTEKX7d07MgipOc7dUQ,0.4016929363521687,0.8,0.0,-0.2057494914311915,-0.0001160888974425,-0.1490764515409105,0.0,-0.2217127734342647,-0.2478718084569988,0.25,1,0.1323358962710312
UCb0EdkwM0pBHLOfZnpcNa0g,-0.293874189874578,0.0,0.0,1.7157272114066806,-0.5370086890891389,-0.5684410454564206,0.0,1.6044277048521072,1.1971371189648596,0.0,1,0.020287786463076884
UCb0WEJ6xNG_gQaVAQjMMhQw,-0.1230650431167522,0.8,0.0,0.0463797056081265,-0.1022109913429163,0.0196725198595397,0.0,-0.2217127734342647,-0.2478718084569988,0.25,1,0.13528728132487688
UCb1YcPHjeijbjTqc3FNBSJQ,0.2171570856566347,0.0,0.0,-0.07878665964667,-0.0205901070697962,-0.1900108760415373,0.0,-0.2217127734342647,-0.2478718084569988,0.0,1,0.16220286472626338
UCb3DD6dE3RhhqAU0O1xJyog,-0.2630903961279655,1.4,0.0,0.4047524500825792,-0.1846574408649215,-0.1236404257000608,0.0,-0.2217127734342647,-0.2478718084569988,0.0,1,0.14021827230897482
UCb3tc9EzUT34qIX0qA8tbKQ,-0.0655273469311218,-0.2,0.0,-0.1258300143343775,-0.1994900965032262,-0.1764935583007633,0.0,-0.2217127734342647,-0.2478718084569988,0.5,1,0.11846502949794274
UCb6vQxauHlFzOCwHUHgGeMw,0.1900583790941178,-0.4,0.0,-0.2471689312719093,-0.3177275514485693,-0.451459748865502,0.0,-0.2217127734342647,-0.2478718084569988,0.25,1,0.14485810446377462
UCb8R-4OAIAOG98P_3gIESWA,-0.0458401876816041,2.2,0.0,0.4760368609599855,-0.4033802517853192,-0.4108540813861257,0.0,-0.2217127734342647,-0.2478718084569988,0.25,1,0.11284909347793776
UCb8UjjFpMCGiN4PZO_k8e4A,25.721765767932048,0.0,0.0,-0.2951160943080262,-0.2155335811732293,-0.3763288731370428,0.0,0.6913574657089212,0.7154674764909068,0.0,-1,-0.041307372895094674
UCb9BIXjzeMCb8pSCv3wTCUg,-0.0095877254963829,-0.4,0.0,0.0034165337170382,0.2942254411717724,0.7681912041090943,0.0,-0.2217127734342647,-0.2478718084569988,0.5,1,0.08256126396673674
UCb9cobEB0voDWO2wXuHkWnw,-0.274707979624977,-0.2,0.0,0.6808115597322808,-0.4481136576786191,-0.5172432940892242,0.0,-0.2217127734342647,-0.2478718084569988,0.0,1,0.1490024605505652
UCbBCfHBg0E1i1WT4mv1-sbg,-0.283975990556613,0.6,0.0,1.3841977581489993,-0.111341742995587,-0.00308406112744,0.0,-0.2217127734342647,-0.2478718084569988,0.0,1,0.13956774763479635
UCbDax9lQl9hqYlIryJJuhew,2.5585993119229604,0.2,0.0,-0.2587387764698295,-0.1359215723390633,-0.138017273375744,0.0,-0.2217127734342647,-0.2478718084569988,0.0,1,0.1430228839070058
UCbE4dsop37iURoMsQeRCzpw,-0.3097764006100678,2.4,0.0,0.8282925558670392,0.1684266775626922,0.1326025413140067,0.0,-0.2217127734342647,-0.2478718084569988,0.0,1,0.1119435119582593
UCbE73iycaKF0ZYu6CZvF9rw,-0.2061416653412716,-0.4,0.0,-0.125069451187389,-0.3236606137038911,-0.4030978849145084,0.0,-0.2217127734342647,-0.2478718084569988,0.25,1,0.14536777190285827
UCbIuy0Cq4U3RKhwiHoshgyQ,0.4364050788138236,0.6,0.0,-0.2059463202337661,-0.3965525214121314,-0.443902430922666,0.0,-0.2217127734342647,-0.2478718084569988,0.0,1,0.14702115007609495
UCbK6uCU8ERLOTIbLe-k6iUw,-0.1265640209072105,-0.4,0.0,-0.1361443860779087,-0.3363743185367238,-0.2547897740567461,0.0,-0.2217127734342647,-0.2478718084569988,0.0,1,0.16185956380294897
UCbKFPCQAdYjhfCClH8WAVmw,-0.3529912130738493,5.8,0.0,3.263907955737697,-0.2024330837330486,-0.3793673627783158,0.0,2.517497943995293,7.9405121136002,0.25,-1,-0.13043079289759507
UCbM1YWf9-yCq0o_4ofSVyFA,0.7691733294381601,1.4,0.0,-0.232870876967119,-0.0502554183464057,-0.3604025295284116,0.0,-0.2217127734342647,-0.2478718084569988,0.5,1,0.06498922762475984
UCbMLCCCCYgsFa5CB_8VE2tQ,1.112834143940044,-0.4,0.0,-0.2641199331589063,-0.2897574008163376,-0.3730161306211547,0.0,-0.2217127734342647,-0.2478718084569988,0.0,1,0.15566041539092906
UCbOFAfe06fMKCKC3__xO2zQ,2.430390060013412,0.2,0.0,-0.2638754779978394,-0.0554014417311236,0.052159729854541,0.0,-0.2217127734342647,-0.2478718084569988,0.0,1,0.14301080058302312
UCbOghTKH54IjBu9qxQdCPUQ,-0.0908972897078003,1.8,0.0,0.6965205832808311,-0.3173567350576117,-0.3626764578530244,0.0,1.6044277048521072,1.1971371189648596,0.25,1,0.020588879731812226
UCbRLpInyhpPXz48d1RntbHw,4.655133903274003,0.4,0.0,-0.2941375684460981,-0.1465163263664238,-0.3159053730404673,0.0,-0.2217127734342647,-0.2478718084569988,0.0,1,0.1228457102294907
UCbTFTaodP-EgUKolj3Sntpw,-0.1616255213012166,-0.2,0.0,-0.0394433902969905,0.2405453540998127,-0.1469767055243448,0.0,-0.2217127734342647,-0.2478718084569988,0.25,1,0.13117796823587458
UCbTuq_flXapL0xgT0hhVQ6Q,-0.3126113872611781,-0.4,0.0,0.6709247411137754,-0.2270364569743635,-0.4466840159023714,0.0,-0.2217127734342647,-0.2478718084569988,0.25,1,0.13588959003622342
UCbX7Q1rSFKgvI-H4iG6dUHA,-0.3014219077016102,0.6,0.0,0.9268551750930536,-0.1710961557099001,-0.0942556700186987,0.0,-0.2217127734342647,-0.2478718084569988,0.25,1,0.12996963057220096
UCbY8HIzZsSRaGR1U2R6sLPg,-0.1849588522554179,1.6,0.0,0.242277814226123,0.206924667986322,1.1201286482683457,0.0,-0.2217127734342647,-0.2478718084569988,0.25,1,0.07367065157312513
UCbbGyMG034S0vbM_Xu3ActA,-0.2937544136844841,1.6,0.0,0.522018812785324,0.0354309161301136,-0.0008737358240553,0.0,-0.2217127734342647,-0.2478718084569988,0.5,1,0.07392549718785746
UCbblzKwFMluLCZTuNqxl-kg,-0.2792283693961443,0.0,0.0,0.677916643574655,-0.217955239236626,-0.2905737198825081,0.0,-0.2217127734342647,-0.2478718084569988,0.0,1,0.16136102279769815
UCbbywMGti1ejbQpjMLDxsFQ,-0.1734076754104797,0.8,0.0,0.1298796199008389,-0.1176215426554407,-0.1822547840084202,0.0,0.6913574657089212,0.7154674764909068,0.5,1,0.04816227011741625
UCbdOYagMB-l8HDONlr8TuyA,-0.2180076884905859,0.2,0.0,-0.0598807740661279,-0.1862466539690256,-0.2953886341733105,0.0,-0.2217127734342647,-0.2478718084569988,0.0,1,0.16203803256936977
UCbda-zMTh1eJUGFpeQmhkdg,0.0160926532299794,-0.2,0.0,0.2340080057961363,-0.1712374190969316,-0.1032597301244984,0.0,-0.2217127734342647,-0.2478718084569988,0.25,1,0.15033560190422385
UCbdqJvSpFLmhEyt0vLzQ5tA,0.9219555352743448,-0.4,0.0,-0.2786964597923387,-0.3592589872358224,-0.3009546861801812,0.0,-0.2217127734342647,-0.2478718084569988,0.0,1,0.15766606093927021
UCbeJW22lAKCRh-Epx6EUkhA,0.8160506600923769,-0.2,0.0,-0.251939169704824,-0.2672965222783334,-0.2264426207736211,0.0,-0.2217127734342647,-0.2478718084569988,0.0,1,0.16265112549469773
UCbenCPhjqXDmCfvS6k9d-wA,-0.2657834057264613,4.8,0.0,1.1708017230215677,-0.0624418266654341,-0.0246949858485842,0.0,-0.2217127734342647,-0.2478718084569988,0.0,1,0.04914280776893093
UCbfT2_X810bglVueFLm-T_Q,-0.1501029088720412,1.2,0.0,0.8634098182414948,-0.2195386310473084,-0.3193978545635462,0.0,-0.2217127734342647,-0.2478718084569988,0.25,1,0.12554508370456685
UCbgtpdJkG42-3OHEVv1ppIw,1.5583964205113208,-0.2,0.0,0.1410544560730175,-0.4813105536310152,-0.4977600013280392,0.0,-0.2217127734342647,-0.2478718084569988,0.0,1,0.14077744242549578
UCbnlDSOWeJ0DrFvwDUG-F9g,1.0013635136043944,-0.4,0.0,-0.2826702664585294,-0.2219509750412304,-0.1457971504867764,0.0,-0.2217127734342647,-0.2478718084569988,0.25,1,0.14491680568774423
UCbo-n9BNnxGsxryQ7xNm1cA,0.3159336616603561,-0.4,0.0,-0.1515628103969847,0.5874882326491108,0.3296184916158541,0.0,-0.2217127734342647,-0.2478718084569988,0.0,1,0.14059196091916176
UCbp8menGVaIDpK9Lm3iSNbA,1.104804695567693,2.6,0.0,0.7868867419360701,0.297827657541075,0.2965218518818128,0.0,-0.2217127734342647,-0.2478718084569988,0.0,1,0.08615590034065823
UCbpFEN7jVqwByEiwFRtmzlQ,-0.3044758975738199,-0.4,0.0,1.06275029706925,0.0967392261017729,-0.1252292820608752,0.0,-0.2217127734342647,-0.2478718084569988,0.0,1,0.14527415271773853
UCbpnqXFG_Kh0aVl-fuKywTw,0.3642727465940163,0.0,0.0,-0.1842463698936709,-0.3796009149683546,-0.4237044040555508,0.0,0.6913574657089212,0.7154674764909068,0.25,1,0.07810371675031225
UCbq2YIyiohjqVc47NlRPUZg,-0.2611092413884437,0.6,0.0,2.281641473648238,-0.1359215723390633,-0.2891510379122879,0.0,-0.2217127734342647,-0.2478718084569988,0.0,1,0.12984546357180887
UCbqUawpg9pc8ykD3ylJYy-w,-0.3106736589649451,-0.2,0.0,3.0766065906583595,-0.1288584029874896,-0.1141867564758622,0.0,-0.2217127734342647,-0.2478718084569988,0.0,1,0.11457972792898447
UCbsCF5Ki9rzIsffjcqj5Mug,-0.075425243273901,1.6,0.0,0.8985640332388022,-0.3883592449643059,-0.4314131289829575,0.0,-0.2217127734342647,-0.2478718084569988,0.0,1,0.13405819842584926
UCbsnWUEPi6Bjp_wrBg28WqA,-0.0588608829276643,-0.2,0.0,-0.1689239474212176,-0.0652898788233267,-0.3338746119158484,0.0,-0.2217127734342647,-0.2478718084569988,0.0,1,0.16339431869225107
UCbt_fqJeYzdQFpzIYck97JA,-0.3579864659527921,0.6,0.0,3.062162878780072,0.6743326164303056,1.4046176568087327,0.0,1.6044277048521072,2.160476403912765,0.0,-1,-0.06948222921882397
UCbtyNUu7HGVNV8Lj5aFKo4w,-0.1151841382753629,0.4,0.0,0.63484650017684,-0.1347443774471344,-0.1636881664529895,0.0,2.517497943995293,1.6788067614388125,0.25,-1,-0.0037266585073114644
UCbuCQHIIADQmwb3LzMxlTtw,0.1294605394266343,0.2,0.0,-0.0831588414335991,-0.2757723255002218,0.0142643737093371,0.0,2.517497943995293,1.6788067614388125,0.0,1,0.015729836302662725
UCbuOP4w_bPW4riebUqp47zg,-0.2078765012547906,-0.4,0.0,0.1281610857366699,-0.1007469889682265,-0.3518771610039709,0.0,-0.2217127734342647,-0.2478718084569988,0.0,1,0.1602577735323889
UCbud-YZ24dfuY1jQa5cB9Fg,-0.2591340451609082,1.0,0.0,0.5241055091108211,-0.2093785335954293,-0.1985557388797517,0.0,1.6044277048521072,1.1971371189648596,0.5,-1,-0.0028830716670080747
UCbv_35a2qYMzzwuMRPi-hJw,-0.3129747555006031,-0.2,0.0,1.0855102844081677,0.2080547750825737,0.0705006687433574,0.0,-0.2217127734342647,-0.2478718084569988,0.25,1,0.12170792009848941
UCbx9EFxHm8HF8bbqea--1Jw,1.08683705515286,-0.4,0.0,-0.1821363431012496,-0.3168799711263805,-0.4810142998920536,0.0,-0.2217127734342647,-0.2478718084569988,0.0,1,0.1532665180682501
UCbxz5K3SnNIkiLcnvK-xXoQ,1.1866346575325084,-0.4,0.0,-0.2403810123503132,-0.3372218988589126,-0.5862012298319565,0.0,-0.2217127734342647,-0.2478718084569988,0.25,1,0.1262185736618605
UCbyYvedHDL5PWt1jLRUdFuA,0.1616265817143667,-0.4,0.0,3.292336357894454,-0.450797662032217,-0.4506043348460312,0.0,-0.2217127734342647,-0.2478718084569988,0.0,1,0.10618083122775163
UCbz73BCCs32gZJzFwpr3Vkg,-0.2258059667962211,-0.4,0.0,0.0533051632310995,-0.3372218988589126,-0.4326490608942836,0.0,-0.2217127734342647,-0.2478718084569988,0.5,1,0.10221869598687872
UCbzTcQH_fMOqV5cGVEZdTtw,2.168055511230059,-0.4,0.0,-0.260522605491285,-0.2948428827494707,-0.4753295793240626,0.0,-0.2217127734342647,-0.2478718084569988,0.0,1,0.1493147164555041
UCbz_65Ycf-zn2O74BxGtshQ,0.053727422868162,-0.4,0.0,-0.0660354729617037,0.4976447184970938,1.251356807436142,0.0,-0.2217127734342647,-0.2478718084569988,0.0,1,0.12269687706216004
UCc-NFNw3YReZnFTRi1MU9Fg,10.72914625802267,-0.2,0.0,-0.297135141017578,-0.0370372014170321,0.3880969216539504,0.0,-0.2217127734342647,-0.2478718084569988,0.0,1,0.10879718557641826
UCc-zs5wExdiExGjJ_nujS1A,-0.2619066720772985,-0.4,0.0,0.1891484682646475,0.1179287341564939,0.1996945002528395,0.0,-0.2217127734342647,-0.2478718084569988,0.0,1,0.15249464514839772
UCc1Q7rwlDtVIungUX7YZZ8A,-0.2540034128698061,0.2,0.0,3.639982538292236,-0.3711251117464662,-0.3808628731801676,0.0,-0.2217127734342647,-0.2478718084569988,0.0,1,0.10460493706825436
UCc2FEqbXnvW7venA7D-Ljog,0.3550617500836958,0.8,0.0,4.257033145472958,-0.065610931975671,0.0895770679163295,0.0,-0.2217127734342647,-0.2478718084569988,0.0,1,0.045203084433388496
UCc2UhG6ANBB0HOGqlDXkqBA,0.7574862510079204,1.8,0.0,-0.1933785974111663,-0.258290981355077,-0.3796243899174527,0.0,-0.2217127734342647,-0.2478718084569988,0.0,1,0.1374593403673483
UCc3wFZAYT1vfEZ8TktmYydg,-0.2777030576555159,0.4,0.0,0.7177975037506084,-0.171943736032089,-0.3191156953847624,0.0,-0.2217127734342647,-0.2478718084569988,0.25,1,0.14206362243796228
UCc4hIHKYk1zsZn_92exyxGQ,52.95203627510245,0.0,0.0,2.5032076901578786,-0.1671004199052956,-0.0762086810548394,0.0,-0.2217127734342647,-0.2478718084569988,0.0,-1,-0.06897743145179525
UCc5Z0NkUigAMsggzbIRVq-w,1.1616258738011924,-0.4,0.0,-0.2599270448925663,0.443399577877008,-0.1162255907170442,0.0,-0.2217127734342647,-0.2478718084569988,0.5,1,0.07427522292598365
UCc7k-pvR5orqROnP8b2-Ntw,-0.3367240595034387,5.4,0.0,4.009270268070583,-0.3968018097421869,-0.417722393302997,0.0,-0.2217127734342647,-0.2478718084569988,0.0,-1,-0.001073888396931677
UCcBIRI-d6E1RGfh52jYuz5w,-0.1144383143598117,2.2,0.0,0.0924578967152212,-0.3562924561081615,-0.4275193032026473,0.0,0.6913574657089212,0.7154674764909068,0.25,1,0.053507003100706885
UCcBVW_alxRFuMlzZSPAvUMA,-0.0552908253224193,-0.2,0.0,-0.0997358247713225,0.6841123893786384,1.0938207907982411,0.0,-0.2217127734342647,-0.2478718084569988,0.25,1,0.11193670272087719
UCcEnCDOhsSKT_5r59Yznf7w,0.0931917586612703,-0.4,0.0,-0.1701495722888223,0.3289762343815148,0.128657035268666,0.0,-0.2217127734342647,-0.2478718084569988,0.25,1,0.13053497456981655
UCcFAaY4LkX2W-tTW9erJjog,-0.1038188657802496,-0.2,0.0,0.2526830045387959,0.4270130249813573,0.4412124110335671,0.0,0.6913574657089212,0.7154674764909068,0.0,1,0.06597087589408762
UCcGDMyCgqfpDPdMzNWvudOQ,0.0352677507516952,-0.4,0.0,3.0429614255068067,-0.3643444691689554,-0.4731456332865069,0.0,-0.2217127734342647,-0.2478718084569988,0.0,1,0.11215122026252983
UCcGOY9puCEb8XNPxjQNF4sg,7.636944397950215,0.2,0.0,-0.291921822698246,0.0743842951040423,0.069436646783092,0.0,-0.2217127734342647,-0.2478718084569988,0.0,1,0.11717070099816518
UCcGVwkAS0EWigy7K5KTRiXQ,-0.0816643102820149,0.0,0.0,3.7466489315573135,-0.4001850085072264,-0.327570368504508,0.0,-0.2217127734342647,-0.2478718084569988,0.0,1,0.10229529442978297
UCcJPXekDmebMyaF-xGmpQ5w,3.4987432945503425,0.8,0.0,-0.269135877409944,0.0495829390854485,0.1899403275540777,0.0,-0.2217127734342647,-0.2478718084569988,0.0,1,0.12179529998283922
UCcJoWrE7i5vtupMbTZ7KFSw,-0.2824362706627074,0.6,0.0,0.8519955281501488,0.3683887193632958,0.571022678170681,0.0,-0.2217127734342647,-0.2478718084569988,0.25,1,0.1008965626265243
UCcNKQzyiz1tT37_jVX3YJ_A,2.181387967942241,0.4,0.0,-0.2658348748786306,0.3017594884801177,-0.0866765220489013,0.0,-0.2217127734342647,-0.2478718084569988,0.0,1,0.1320634834151712
UCcNq3j-h8CtA_KJ-dlpo54A,-0.033559425166928,-0.2,0.0,1.4970964059048326,0.061847169504999,-0.1760480910520422,0.0,-0.2217127734342647,-0.2478718084569988,0.0,1,0.14053337539408733
UCcOc68Hgg9ctQTT3uIa4ZNA,0.2680157122348677,-0.4,0.0,-0.1718414320879585,-0.471987170086938,-0.536150792812271,0.0,-0.2217127734342647,-0.2478718084569988,0.0,1,0.14707709620234993
UCcPF8igiXUVHhISUqtapZAA,-0.2682418158831999,0.4,0.0,0.3721887474075929,0.2226519917424927,0.4735623351065456,0.0,-0.2217127734342647,-0.2478718084569988,0.25,1,0.12246201847767463
UCcPipJq8PutvbRvB1fcDUOA,-0.3235435398963283,0.4,0.0,3.9523001601780434,-0.3150906348906485,-0.366184249183728,0.0,-0.2217127734342647,-0.2478718084569988,0.0,1,0.09032500749441458
UCcPukUVpEzWPfWjwVtvDTDA,0.1539793533707752,2.2,0.0,-0.0962457768653688,0.5645093883586578,0.9988964375627472,0.0,-0.2217127734342647,-0.2478718084569988,0.25,1,0.05637270998426558
UCcQJ1aU3i_iDNT6gZ6hAR-w,0.5197924342250462,-0.2,0.0,-0.2423050376841949,-0.1189699658952865,-0.2900486752634648,0.0,-0.2217127734342647,-0.2478718084569988,0.5,1,0.10851475418463613
UCcQgdsisYxkR1IgYUpyNWNA,0.1928105046896067,-0.2,0.0,-0.2021530514901333,-0.4198609802723244,-0.4572838859695979,0.0,-0.2217127734342647,-0.2478718084569988,0.25,1,0.14389102147581423
UCcS8_5MTtjGgj8kg-IQQJOw,-0.0238613577910958,0.4,0.0,-0.0989846346496968,-0.3292169735937958,-0.3766745152511833,0.0,-0.2217127734342647,-0.2478718084569988,0.25,1,0.1420247953387857
UCcSxRhOkp_Mbe-RgaMoKmDQ,0.3789333371127545,0.2,0.0,-0.2341724238932332,-0.0840072776049969,-0.1198897646626141,0.0,-0.2217127734342647,-0.2478718084569988,0.25,1,0.14787026322911379
UCcTK5xZk_5eKWWqviKg7Xeg,-0.2561931660247064,-0.2,0.0,0.3122312864095682,-0.0914236054241492,-0.4610583365395019,0.0,-0.2217127734342647,-0.2478718084569988,0.0,1,0.1553165899463519
UCcTVjdQ4paHpqpLdGxM2bgA,0.0521707363638552,-0.4,0.0,0.1280584254891024,0.4595036039985961,0.697711257699715,0.0,-0.2217127734342647,-0.2478718084569988,0.0,1,0.1317824660810784
UCcU2E-WoWpKeIxH_sux80gA,0.7920305348879786,0.2,0.0,-0.2389168008369148,0.1194119997203244,0.4522832405860159,0.0,-0.2217127734342647,-0.2478718084569988,0.25,1,0.12773549785045551
UCcUXPjhE1SFWTdrjPaTPSOA,-0.3026986451342979,-0.4,0.0,1.028390369272652,-0.3948573607677536,-0.2341759891869541,0.0,-0.2217127734342647,-0.2478718084569988,0.0,1,0.15479841185588689
UCcUqT5BLbdSVsDhDRXLdYjQ,4.115714223142419,0.6,0.0,5.313254531093205,-0.4079948557616807,-0.3401442516916136,0.0,1.6044277048521072,1.1971371189648596,0.0,-1,-0.07978668023624669
UCcUrmfgbW3eCsg3Hm8S_HEw,-0.1531576402919083,0.8,0.0,0.0647522335270488,-0.1796490116883511,-0.1912288665596461,0.0,-0.2217127734342647,-0.2478718084569988,0.0,1,0.1513830563980157
UCcVEXvLinFBPyBakr64X_ww,2.2877344462893725,-0.2,0.0,-0.2707621429880206,-0.1041373102569818,-0.1883302559094056,0.0,-0.2217127734342647,-0.2478718084569988,0.0,1,0.15297277794144287
UCcVOtvm8t7prWGGEfeE6fMw,7.8252319459955535,0.4,0.0,1.5628627012331706,-0.1168510150898144,0.2335653115087832,0.0,-0.2217127734342647,-0.2478718084569988,0.0,1,0.08665886965779229
UCcX0frIe4fKB732wozeNXOg,-0.1577682684678269,0.2,0.0,0.0328009685570392,0.0664382295835219,-0.1658667265263013,0.0,-0.2217127734342647,-0.2478718084569988,0.25,1,0.13860908714229442
UCcXDD282uCpwG6w3VIKxl4A,-0.0559523211446076,1.4,0.0,-0.0296706784240539,-0.2364203819700256,-0.2363141279777918,0.0,-0.2217127734342647,-0.2478718084569988,0.25,1,0.13382971060859955
UCcXbdJFrIfZOFdvWlQPFLVQ,-0.2757090096386457,-0.4,0.0,0.0805046789898861,-0.1710961557099001,-0.317297917210794,0.0,-0.2217127734342647,-0.2478718084569988,0.25,1,0.1507470978380579
UCcYD6kYz0-axczQg8HW1aIw,0.5811132989253543,-0.4,0.0,-0.2258326474493185,-0.3228130333817023,-0.4159510310086206,0.0,-0.2217127734342647,-0.2478718084569988,0.25,1,0.14255265442875986
UCc_dnCiVDKZtFqlOHdai3Zw,-0.34527847476232,-0.2,0.0,1.8186115174451536,-0.2800102271111659,-0.4123816083444499,0.0,-0.2217127734342647,-0.2478718084569988,0.0,1,0.13866729802619104
UCcaPWa7EDCUFja-a2PuTRRg,-0.3365936910632239,-0.2,0.0,0.9604713405912456,-0.2503449158345566,-0.3606749520763787,0.0,-0.2217127734342647,-0.2478718084569988,0.25,1,0.1348573552288076
UCcaVG-QcHwqzrDDY48kxbWQ,1.1305621309829608,1.4,0.0,-0.2758873555429955,-0.0980831650984901,-0.1344292419141885,0.0,-0.2217127734342647,-0.2478718084569988,0.0,1,0.13273621560463317
UCcbdLLqyjOrSaZ9cMkGfXpA,6.151228164538307,0.6,0.0,-0.2899547980528849,-0.390195668995715,-0.399862115241568,0.0,0.6913574657089212,0.7154674764909068,0.25,1,0.02375148203369587
UCcd0JUDk_XoKVRiXb7XcFJA,-0.1423153978383914,-0.2,0.0,0.0872411336880654,0.4439646314251341,1.0097351065964644,0.0,-0.2217127734342647,-0.2478718084569988,0.0,1,0.12591625018644315
UCcdwaEivBWawsOV99aMb4cw,0.0345424281570455,-0.4,0.0,3.769901136615558,-0.3211178727373246,-0.364485461455831,0.0,-0.2217127734342647,-0.2478718084569988,0.0,1,0.09672788618342515
UCcf0OZCyL4QMo0umz54CF5Q,-0.2730028352796599,-0.4,0.0,0.0564322959640874,-0.2092372702083979,-0.3816970621052553,0.0,-0.2217127734342647,-0.2478718084569988,0.0,1,0.16154501354998219
UCcfVfpXVIlWE5Hg4fw_uFZg,0.1146714874291443,-0.4,0.0,-0.1809616084314441,0.5120535839743041,1.4635898747293838,0.0,-0.2217127734342647,-0.2478718084569988,0.25,1,0.09610447514489584
UCci7OWMYF-XypoSAiETtwPA,-0.2379567108763299,0.2,0.0,0.0043070036615173,-0.2471664896263484,-0.3644902963608762,0.0,1.6044277048521072,1.1971371189648596,0.0,1,0.056751618888819744
UCciCNgN6MeAdNyx4rE5MQgw,3.887236015208014,0.2,0.0,-0.2744107043317741,2.212935395526757,5.536446785242424,0.0,-0.2217127734342647,-0.2478718084569988,0.0,-1,-0.05299839747809387
UCcisnfkS0kSwXxDjNjaprVA,0.5785428574495778,0.0,0.0,-0.2322040307407148,-0.3602276504611811,-0.4260603840626052,0.0,-0.2217127734342647,-0.2478718084569988,0.25,1,0.14312135811826016
UCcjp7yVx0SypoC1ToMQMEMA,2.169035332980726,1.0,0.0,-0.2825470048114425,0.4019387737832707,0.9498005853646316,0.0,-0.2217127734342647,-0.2478718084569988,0.0,1,0.09767582663262592
UCckZo6-NMmq7LF-QVhXbCNA,-0.2713401074603458,-0.4,0.0,0.3874601099731847,-0.0693865170472394,-0.2616727517006217,0.0,-0.2217127734342647,-0.2478718084569988,0.0,1,0.15722421681298837
UCclPdruTLudptH6txOaElQg,-0.0300300167324358,1.0,0.0,0.1472642827255057,1.6040901974211077,2.206376985311416,0.0,-0.2217127734342647,-0.2478718084569988,0.0,1,0.013669174353834745
UCcmwa40drRRPN0zDwRcOcMw,0.5280520427468273,0.0,0.0,-0.2075356089440787,-0.2530692811558778,-0.2215409902371911,0.0,-0.2217127734342647,-0.2478718084569988,0.25,1,0.15090893739465405
UCcoAw8nEt6uoL5aI5HDlhnw,0.4726782779673129,2.8,0.0,-0.1741914445577848,0.6946062409866908,0.857404047029403,0.0,-0.2217127734342647,-0.2478718084569988,0.0,1,0.07116459457073365
UCcpH9lwNJF8cDdPWU5Nljgg,1.0274072605701816,-0.4,0.0,-0.2672851177627072,-0.3389170595032903,-0.3966178811080564,0.0,-0.2217127734342647,-0.2478718084569988,0.5,1,0.08570148625907303
UCcpN5xXHMl13GHKqlNju9ZQ,5.945785134727409,-0.2,0.0,-0.2867074828450566,-0.3351029480534405,-0.4553440378730912,0.0,-0.2217127734342647,-0.2478718084569988,0.0,1,0.12048753486988423
UCcpZaYzofGsiZIkhAj4AiqA,-0.2051357877246311,0.0,0.0,0.1981401240859053,-0.2542801101875762,-0.2649934955698883,0.0,-0.2217127734342647,-0.2478718084569988,0.0,1,0.16564490497224732
UCcpwxfrfiREuIGRbW8BYnEQ,2.0202416944730155,-0.2,0.0,-0.2754139290422703,-0.3082629045174606,-0.5606903186627765,0.0,-0.2217127734342647,-0.2478718084569988,0.0,1,0.13378833716431127
UCcrKcHtkunbvGd3ic9YHRuw,0.1170200578458286,1.2,0.0,-0.133604604166862,-0.2166046991628085,-0.1452968357844644,0.0,-0.2217127734342647,-0.2478718084569988,0.25,1,0.130288849102902
UCcrqVQmqZOuBNl1-O64JD_w,1.032777016026625,3.4,0.0,6.090057566192165,0.0678508634538367,-0.303735994993533,0.0,-0.2217127734342647,-0.2478718084569988,0.0,-1,-0.03309971121598332
UCcs0yVIeUZn397D50ylyB8w,-0.0584561585753865,1.0,0.0,0.2834833870012893,-0.3594708823163696,-0.334463373743171,0.0,-0.2217127734342647,-0.2478718084569988,0.25,1,0.13411745162598343
UCcuJTD-AcQNJXcMmlYsrKkQ,0.2998620399578531,-0.4,0.0,-0.1258795513314899,0.6052874194150762,0.3183079791389106,0.0,-0.2217127734342647,-0.2478718084569988,0.0,1,0.14093472817681985
UCcv172PO5qBIk8vclNgsM2Q,0.4107724458692952,1.2,0.0,0.1444528127367956,-0.2329043207433632,-0.0357467052657609,0.0,-0.2217127734342647,-0.2478718084569988,0.0,1,0.13914443984390973
UCcvsMjepSSh6yOZaIPHKeLw,1.044748954251286,0.0,0.0,-0.222665758306948,-0.3093728311298507,-0.4341890319700602,0.0,-0.2217127734342647,-0.2478718084569988,0.0,1,0.1557398053743813
UCcw385g8Qkp5GfS0EduBtDA,1.181284954760634,1.2,0.0,-0.1637475254433974,-0.2377942072175295,-0.1536098767579475,0.0,-0.2217127734342647,-0.2478718084569988,0.0,1,0.136229977100929
UCcyRedFc-OcJEoIDzv6y5nA,0.4195162320436645,0.4,0.0,-0.1470535806667344,-0.3899602300173292,-0.4395719600371912,0.0,-0.2217127734342647,-0.2478718084569988,0.5,1,0.09417573826787834
UCd-ESqaEMKfvedTAHvcnR3A,-0.1323033303464544,1.0,0.0,4.883250339258751,-0.2478728065615058,-0.258589486496812,0.0,-0.2217127734342647,-0.2478718084569988,0.0,1,0.044323740087037156
UCd09aTMf0SFNVQcqiqUuP0g,-0.1816956075215939,-0.2,0.0,-0.0206569327753428,-0.3421661174050141,-0.3203768678688109,0.0,-0.2217127734342647,-0.2478718084569988,0.0,1,0.16435849606676345
UCd2-hUfajoG3u65DNjzWfsg,9.056127886525072,0.0,0.0,-0.293788582192002,2.99740125443832,1.8840172288565544,0.0,-0.2217127734342647,-0.2478718084569988,0.0,-1,-0.042726191740395714
UCd3Oy4Vh6JXvpmE5yS9t5ZQ,0.0479927085525685,-0.4,0.0,-0.0953370684282613,0.6205438652144755,1.1781941919646235,0.0,-0.2217127734342647,-0.2478718084569988,0.25,1,0.10858009257633472
UCd6fKa7Bz4hfxk-Jz-Lp-9g,2.6266502654157304,-0.4,0.0,-0.2935711826034194,0.2620173889285966,0.4134932016180312,0.0,-0.2217127734342647,-0.2478718084569988,0.0,1,0.12216459304454508
UCd6ff1aKHAY2fpsgzrrdFTA,4.008017073001303,0.2,0.0,-0.2774694540856197,0.1437799339832535,-0.234060004341029,0.0,-0.2217127734342647,-0.2478718084569988,0.25,1,0.09380842375450471
UCd8VIyi98KnxLX4DIW_lpQQ,-0.2181349380685946,-0.2,0.0,0.05287804535351,-0.0864793868780477,-0.0463345614929081,0.0,-0.2217127734342647,-0.2478718084569988,0.0,1,0.15982138441399202
UCd98urfvT2GODjUMhLq7hpw,0.9236309880514598,-0.4,0.0,-0.2668051342372627,-0.3779057543239769,-0.4785970018644354,0.0,-0.2217127734342647,-0.2478718084569988,0.0,1,0.15252232882995947
UCdAtPRvoxy187DJRmU79Ncw,0.1990819647946621,0.2,0.0,-0.1447938170911952,-0.346227439782169,-0.5917596628958287,0.0,-0.2217127734342647,-0.2478718084569988,0.0,1,0.13645713523643177
UCdB36Wo2E0LGNin-F-JxzOw,0.3387092152976192,-0.2,0.0,-0.2275493711863018,0.0893935299761363,-0.0151239091463011,0.0,-0.2217127734342647,-0.2478718084569988,0.0,1,0.15379020014311606
UCdBBgWX3ihUEvSnk1aHB4Qw,2.51721138667562,-0.4,0.0,-0.2871215946938718,-0.1143082741232479,-0.0513592637371526,0.0,-0.2217127734342647,-0.2478718084569988,0.25,1,0.12829313894579913
UCdBEdEcfSpPIjauQT1Wz0UA,3.4964138560632185,-0.4,0.0,1.9173355057783097,0.0263900593600993,0.3536936194386965,0.0,-0.2217127734342647,-0.2478718084569988,0.0,1,0.09543683880455234
UCdDXAjqakA6JH9jCBV43UIg,0.3073797907846964,0.8,0.0,-0.0801243315690338,0.3716634615172073,-0.1285836359361727,0.0,-0.2217127734342647,-0.2478718084569988,0.0,1,0.1353765612265988
UCdFg65wZ2fqPO3T1hayO5Ww,-0.2842304897126305,-0.2,0.0,4.632633052016072,-0.45588314396535,-0.5560155608160483,0.0,-0.2217127734342647,-0.2478718084569988,0.0,1,0.053256271003717215
UCdFjxJYoT-rOPb3Qf6chm8Q,3.893521614155071,-0.4,0.0,-0.2745864571204419,-0.2829767582388269,-0.5378843357937002,0.0,-0.2217127734342647,-0.2478718084569988,0.0,1,0.12424809674830917
UCdHEraw9R6OuIWEVZ_vOdQQ,-0.2011494758780956,2.2,0.0,3.921777545467632,-0.2053760709628709,-0.2140527552533624,0.0,-0.2217127734342647,-0.2478718084569988,0.0,1,0.06492849058509326
UCdM6TvhpT7jLWA9Bq_ZlZ0A,2.9296378731334234,0.6,0.0,-0.2733176336761641,0.5353620428344971,1.2654768690308111,0.0,-0.2217127734342647,-0.2478718084569988,0.0,1,0.08748144985324174
UCdMESel15DpTZOImnd76U4A,-0.0902279039068169,0.2,0.0,-0.0931969896873085,-0.0522230155229154,0.1829444830702521,0.0,-0.2217127734342647,-0.2478718084569988,0.5,1,0.0950040856987936
UCdMNt-bpqmTKcWKjwztd-9g,0.9374799837914102,-0.4,0.0,-0.2736740722341691,-0.2880622401719599,-0.3536019143500601,0.0,-0.2217127734342647,-0.2478718084569988,0.0,1,0.15894971679805564
UCdMyyCV2DvVNpazyuivr2vg,0.2166945435397457,-0.2,0.0,-0.2007467576730713,-0.1436910586257943,-0.0770956171480662,0.0,-0.2217127734342647,-0.2478718084569988,0.5,1,0.1128588104589548
UCdN_S6_3S6PD_7VtVPc0IWg,-0.2292480678813573,-0.2,0.0,2.3588602558858325,-0.2814228609814806,-0.236775697247106,0.0,-0.2217127734342647,-0.2478718084569988,0.0,1,0.13585309294412018
UCdOQOI5S4hFtKp-FLMwS5gA,-0.3322459971479256,-0.4,0.0,3.743905304107307,-0.1804195392539773,-0.3568421216743226,0.0,-0.2217127734342647,-0.2478718084569988,0.0,1,0.10409383645885023
UCdS0QrJi7lpu23uL-b3rwsg,-0.3613479756385227,-0.4,0.0,3.403831251273429,-0.2389025814850073,-0.3510752930089207,0.0,-0.2217127734342647,-0.2478718084569988,0.0,1,0.11164053746588282
UCdSEDBdiiPFiq56sjz1YA1Q,1.6102188111553777,0.2,0.0,-0.2041154363203716,-0.3663574724341539,-0.3772443804965598,0.0,-0.2217127734342647,-0.2478718084569988,0.25,1,0.1347048309855604
UCdTayR_23TzbaDM-QPiU8Ew,-0.2913734326915206,-0.4,0.0,0.2277059698578473,-0.3355267382145349,-0.4823429376295427,0.0,-0.2217127734342647,-0.2478718084569988,0.0,1,0.15727796809306277
UCdTuniOjNjIfyxPTdD0qCKw,-0.0403609151114948,-0.4,0.0,-0.0359924661359401,-0.3584114069136336,-0.3077778909607676,0.0,-0.2217127734342647,-0.2478718084569988,0.25,1,0.14969697246368263
UCdWdHe6VlbVNU8o-inONkww,-0.0600626844977468,-0.2,0.0,-0.1494953674746394,-0.3852514504496135,-0.4630401606856696,0.0,-0.2217127734342647,-0.2478718084569988,0.5,1,0.10876837924260135
UCdbia5G4AGaHQiWlbWecxVA,0.1287155991887082,-0.4,0.0,-0.0278423276854469,-0.3762105936795992,-0.3288494662563477,0.0,-0.2217127734342647,-0.2478718084569988,0.25,1,0.14992184737088182
UCdc53-_lxFbzSXPnvNvgXNA,5.873117849321321,-0.4,0.0,-0.1307796718200175,0.970594538278466,3.222731319394361,0.0,-0.2217127734342647,-0.2478718084569988,0.0,1,0.008134994887090075
UCdcPHfeG21tqh8QZ_jZTNTg,0.2840894547636707,0.6,0.0,-0.1921913138216058,-0.3859577673847709,-0.2994977543249814,0.0,-0.2217127734342647,-0.2478718084569988,0.5,1,0.09458112574134026
UCdcTbWtgfYJqqcvUr6sQEaQ,-0.3371026893752589,-0.4,0.0,1.639043237941336,-0.3050138466157368,-0.3310932451452196,0.0,-0.2217127734342647,-0.2478718084569988,0.25,1,0.10766707391309244
UCdcZ56tqvc3yK08kXoMU1fA,3.044843278583629,-0.4,0.0,-0.2880064160072157,0.0933489048130176,-0.3913474550280313,0.0,-0.2217127734342647,-0.2478718084569988,0.0,1,0.12074751317342086
UCdcjh6c9VbPNhYizwTCqqZw,-0.1443259411709294,0.6,0.0,0.6622862881214333,-0.158806241038162,-0.0857518962609427,0.0,-0.2217127734342647,-0.2478718084569988,0.0,1,0.15003231885944068
UCdeGiH7VRDhLw0Jn20m10ig,-0.2438181445633571,-0.2,0.0,0.4820376039323696,-0.0363308844818747,-0.155771260054485,0.0,-0.2217127734342647,-0.2478718084569988,0.0,1,0.15764206389814522
UCdfJSbeuC1EDckRtP7iALlQ,0.5927276506870512,-0.2,0.0,-0.1604398738920201,0.4771615273775302,0.3253464489660515,0.0,-0.2217127734342647,-0.2478718084569988,0.0,1,0.13959993142858207
UCdhMce3pr4rpkGUaiOgbdvA,-0.3141002073238803,-0.4,0.0,2.141550415890877,-0.2312743585853077,-0.3459012204137117,0.0,-0.2217127734342647,-0.2478718084569988,0.0,1,0.13609388378530446
UCdkGURXW3wZ15FILaR4sbHw,-0.3207224250688406,2.0,0.0,1.7691945297419072,-0.1961939508058252,-0.3633102647302542,0.0,2.517497943995293,2.6421460463867183,0.0,-1,-0.007702283798817988
UCdkGVtBzwm8VgngJ2VJPOPw,-0.130835836370437,0.4,0.0,-0.0460470975967158,-0.0335056167412452,-0.1499184329527876,0.0,-0.2217127734342647,-0.2478718084569988,0.5,1,0.10437384016967294
UCdl7fi0kG3InjDg9JhfYYJA,-0.2159186745849425,-0.4,0.0,0.3214812076057104,-0.2524638666400287,-0.1597616254391249,0.0,-0.2217127734342647,-0.2478718084569988,0.0,1,0.15722133901646862
UCdl7qCnJl0yTbskcZUkk2GA,4.786934841850667,0.0,0.0,2.680858167339616,-0.2718371311472021,-0.4434131787358303,0.0,-0.2217127734342647,-0.2478718084569988,0.0,1,0.06981421265089982
UCdn0s4rhv0A6JYgn-M1_Kxg,-0.0422845045657267,2.6,0.0,0.0727278586531366,1.338232503027875,1.0879183620967887,0.0,-0.2217127734342647,-0.2478718084569988,0.0,1,0.04908521159495771
UCdniaSEiEAKm9jQOL-JBjlg,-0.2865284673860823,2.0,0.0,1.0342939495648542,2.076387712738834,0.6105824247901733,0.0,6.169778900568036,6.495503186178341,0.0,-1,-0.1602966702651033
UCdo9xBEnBj5i_SDDm-57yVQ,-0.3508744264428469,1.4,0.0,3.1681194896524767,-0.3665845028775974,-0.4102488019995668,0.0,-0.2217127734342647,-0.2478718084569988,0.25,1,0.06408478516437499
UCdqjCt80md8GIiviKzq-X9A,-0.1523645797905811,0.4,0.0,1.0910739451104476,0.4905815491455202,0.4750875227224633,0.0,-0.2217127734342647,-0.2478718084569988,0.25,1,0.09913528126780113
UCdqky2Ngy8XTkwnIi_lWMoQ,0.790694414318887,0.2,0.0,2.2299749930533075,0.8207847163315887,0.3658008280520162,0.0,-0.2217127734342647,-0.2478718084569988,0.0,1,0.08277029108002282
UCdsqyKGdwJX7JYONerKldeQ,-0.1745752866899053,-0.4,0.0,-0.0236252000829944,-0.0727768383359948,-0.2976337091829429,0.0,-0.2217127734342647,-0.2478718084569988,0.0,1,0.16078436665593937
UCdtOM2TIdJmuLAV3MVlc1lA,-0.0979037802374151,0.0,0.0,0.0087775642526706,-0.161651689262653,-0.0754803682913147,0.0,0.6913574657089212,0.7154674764909068,0.0,1,0.09696879237154826
UCdw8AzxUBiC5hS1bAJbo1AA,-0.3083491048050584,7.4,0.0,2.839160133450739,-0.1413152652984468,-0.0484524040126484,0.0,-0.2217127734342647,-0.2478718084569988,0.0,-1,-0.018088365737079726
UCdy2TwQ-DVTxhCVtckNmETQ,-0.1885048738292612,1.6,0.0,2.175505975927677,0.1097354577086685,0.6447527126099732,0.0,-0.2217127734342647,-0.2478718084569988,0.0,1,0.08160358947718782
UCdyQFWNKirPDm10HLHm5MIA,-0.2716906222070427,0.8,0.0,0.5484773547916083,1.157986842238762,1.0155607056842784,0.0,-0.2217127734342647,-0.2478718084569988,0.25,1,0.05582893597351152
UCdz6q9P2rRZye0MXJRLwK9Q,-0.2362998153293412,1.8,0.0,0.8861907342920925,-0.2702100796358575,-0.2062246434789743,0.0,-0.2217127734342647,-0.2478718084569988,0.0,1,0.13778585116184727
UCdzHfhwdqFgniL0R-NW6EXQ,0.5899064079062424,3.8,0.0,0.0755261395286841,-0.3271161334789688,-0.32430484488389,0.0,-0.2217127734342647,-0.2478718084569988,0.0,1,0.09189325313648444
UCdznNFCOdBujOQ8Iodi2irg,-0.0616745124858574,-0.2,0.0,0.2257371705194666,-0.2425754295478256,0.0533621093332872,0.0,-0.2217127734342647,-0.2478718084569988,0.0,1,0.16136782947512557
UCe0K08hbRs4Eds1qXPyk1dQ,-0.1701971942643048,-0.2,0.0,2.120071346437882,-0.4721284334739695,-0.4678482017385302,0.0,-0.2217127734342647,-0.2478718084569988,0.0,1,0.12727438307483557
UCe0quJfsQS8SAWaw-4TRapA,8.19956975637697,6.2,0.0,-0.2092408937872535,0.2566419453062936,0.6456794636197809,0.0,-0.2217127734342647,-0.2478718084569988,0.0,-1,-0.041284476421244665
UCe2XprleOhewzgESpSBQiEw,-0.2854987438401175,1.6,0.0,0.9153386323495564,-0.2807165440463233,-0.0676916004787196,0.0,-0.2217127734342647,-0.2478718084569988,0.0,1,0.13599192754216816
UCe2nsJ1G7J1E1dhemmyfWgw,-0.289935512460022,0.0,0.0,0.7660432620468982,0.2869604669815824,0.231342610203369,0.0,-0.2217127734342647,-0.2478718084569988,0.0,1,0.14640249182903564
UCe4_J_mt6JTcSLRR2lOa0rA,0.1925948873490919,0.2,0.0,-0.1234239039476287,0.3599129161414074,0.5665623687849067,0.0,-0.2217127734342647,-0.2478718084569988,0.0,1,0.13996857543710023
UCe4hxuprNciIY9owFgw7beg,-0.194038816588441,-0.2,0.0,0.3444649383612266,-0.4608273625114517,-0.5119367998455497,0.0,-0.2217127734342647,-0.2478718084569988,0.0,1,0.14853508856564618
UCe72BSa5xqG2HbTA21kBN1Q,0.3755585722626479,-0.4,0.0,-0.2079287159932715,-0.4414742784881398,-0.5423243583735043,0.0,-0.2217127734342647,-0.2478718084569988,0.25,1,0.13040404057704935
UCe90buaIKeLy7fcSujOfwtQ,-0.0702560826383463,-0.4,0.0,0.4136670749298261,-0.050739749959085,-0.3027530975157161,0.0,-0.2217127734342647,-0.2478718084569988,0.0,1,0.15689343975643255
UCeBdclX0Yk3vELXLw09e-xw,2.928664413861657,-0.4,0.0,-0.2881559313743452,-0.2499211256734622,-0.3402542034996373,0.0,-0.2217127734342647,-0.2478718084569988,0.0,1,0.14347808058636474
UCeCdGj1ruErQsCOd9wuhR0A,3.305369822946108,-0.4,0.0,-0.2864213700036213,-0.3236606137038911,-0.4663603552111711,0.0,-0.2217127734342647,-0.2478718084569988,0.0,1,0.13561866832518105
UCeGH4YXlScuoYSof40aepeA,-0.0937954367188474,0.0,0.0,-0.0311013573700786,-0.1604408602309547,-0.1168151964836285,0.0,-0.2217127734342647,-0.2478718084569988,0.25,1,0.15171359770741366
UCeGaYSWw66ydETLSLB71xIQ,-0.2687466903663179,1.0,0.0,0.944603330614096,-0.3796009149683546,-0.3904060040506431,0.0,-0.2217127734342647,-0.2478718084569988,0.0,1,0.13868019567481554
UCeJ8VEAX4lLtzfZBsxuFXdw,-0.2980321747120392,1.2,0.0,1.087516881892038,-0.1641199176734228,-0.1857018558287625,0.0,-0.2217127734342647,-0.2478718084569988,0.0,1,0.13870012763294975
UCeJiU7fmLILz3n87FAYpg1A,5.5385532588207615,-0.4,0.0,-0.2957219335626805,0.0145239348494555,-0.0896939869674167,0.0,-0.2217127734342647,-0.2478718084569988,0.0,1,0.1256365797193762
UCeKyH_dvObiDhw0DFFWr4WA,2.879745434422499,-0.4,0.0,-0.2885733270798104,-0.1388881034667242,-0.2456702197857613,0.0,-0.2217127734342647,-0.2478718084569988,0.0,1,0.14250388490881577
UCeNshU_zKBr2aul1-HRQPfA,-0.030120151850192,0.4,0.0,-0.1166535911118863,-0.0933071172512356,-0.2187651684073817,0.0,-0.2217127734342647,-0.2478718084569988,0.0,1,0.15913761344223754
UCeOPlcsFwKd9Bb-af19gDdA,0.2872473651245875,0.4,0.0,-0.1253144924870694,-0.4723638724523553,-0.5119154811381293,0.0,-0.2217127734342647,-0.2478718084569988,0.0,1,0.14625340367225298
UCeOqc5WuwceX2EYIW0Rj8uA,0.0583635491602802,0.6,0.0,-0.1455532708450259,-0.2499211256734622,-0.1586412916030397,0.0,-0.2217127734342647,-0.2478718084569988,0.0,1,0.15469413579599994
UCeOrO8v1kEZVMkCmr5CwnqA,6.975520532368575,0.4,0.0,-0.296967470831699,0.4514986787334792,0.4905783265422994,0.0,-0.2217127734342647,-0.2478718084569988,0.0,1,0.09840208935457384
UCePj7zIKFqzDg6-YZFCVeSA,-0.2667614066188163,1.2,0.0,0.3207822579483217,-0.2342082904698075,-0.2932531078289884,0.0,-0.2217127734342647,-0.2478718084569988,0.25,1,0.13515976571419946
UCeQ0pe577clYUZi5MQ1PbWg,1.5599340195789266,-0.4,0.0,2.5740439027188606,-0.2126275914971532,-0.1501821143976271,0.0,-0.2217127734342647,-0.2478718084569988,0.25,1,0.06854954335474767
UCeQmlwcUQq5tG5d85xt88Dg,-0.2452049293162856,0.4,0.0,0.7830012407048366,-0.3014351741442727,-0.4424527642287912,0.0,-0.2217127734342647,-0.2478718084569988,0.25,1,0.13601660597244658
UCeQw9K2hKM0PJu0Ynlu4Q2w,0.5599326066658007,-0.2,0.0,-0.2566894115482345,-0.2750660085650644,-0.5416516728409707,0.0,-0.2217127734342647,-0.2478718084569988,0.5,1,0.08579859015628538
UCeSj3buhtUTgF2XU7PaEtgw,-0.3307317271696217,-0.4,0.0,3.548491116032647,-0.2863670795275823,-0.3553306649309298,0.0,-0.2217127734342647,-0.2478718084569988,0.0,1,0.11031905575132683
UCeTi-vYIt6ZRoDT9BJHjyoA,-0.2814522072594398,-0.4,0.0,0.5630169048623146,-0.3067090072601144,-0.3416852587941335,0.0,-0.2217127734342647,-0.2478718084569988,0.0,1,0.1578338750351344
UCeU6YELFTKt39aWqMiaGLdQ,48.78743147644454,-0.4,0.0,-0.301592665355824,0.233199657974176,1.0051644460510876,0.0,-0.2217127734342647,-0.2478718084569988,0.25,-1,-0.039260681333388336
UCeW5c-FlNwtS-IMDiztdQeQ,0.1948164528984944,0.2,0.0,-0.0831703472247961,-0.2556422928482368,-0.4866773561038116,0.0,0.6913574657089212,1.6788067614388125,0.25,1,0.04662319646997437
UCeY23ji5nV16Lxb7QTA2UUQ,2.501471825776683,0.0,0.0,-0.2036096834313929,0.7924815877156399,0.5305160699758725,0.0,-0.2217127734342647,-0.2478718084569988,0.0,1,0.11746406625129757
UCeZIDa0yjK7KEH4XuDyZF3Q,9.10323068121334,0.2,0.0,-0.3000668219672461,0.0267079019809201,0.3455462256764053,0.0,-0.2217127734342647,-0.2478718084569988,0.0,1,0.10750822199452381
UCeZdyMwXeY2un04OZneYpzA,2.4920937338608966,0.4,0.0,-0.294079928455122,-0.2143227521415309,-0.0995189493493872,0.0,-0.2217127734342647,-0.2478718084569988,0.25,1,0.125696988914492
UCe_Z9uywkehIbk5XXp3wtaA,-0.173069500016802,-0.4,0.0,3.91859438255094,-0.4101138065671528,-0.4492774482222814,0.0,-0.2217127734342647,-0.2478718084569988,0.0,1,0.08770570010651751
UCeakZEw9heyntZWRi9xsp8g,9.548484377557946,-0.4,0.0,-0.2997749159194842,-0.1058324709013595,-0.2015667251019944,0.0,-0.2217127734342647,-0.2478718084569988,0.0,1,0.1197075595841453
UCeanHOodyKzjWGnqVZnVsPg,6.942253957966591,0.6,0.0,-0.2798977216379201,-0.2944190925883763,-0.4182903562956526,0.0,-0.2217127734342647,-0.2478718084569988,0.0,1,0.11102831170615202
UCecdlboAiNojl72fty50e2w,-0.2965976435925437,4.8,0.0,0.9948234452505476,-0.3662036776176278,-0.4465663346833801,0.0,-0.2217127734342647,-0.2478718084569988,0.0,1,0.06850695206966934
UCedXqbHWaCUJm1PcXGbSL4w,-0.2309962347030487,1.4,0.0,0.944741959254477,0.2206675774960982,0.1864074324316336,0.0,-0.2217127734342647,-0.2478718084569988,0.25,1,0.1044710681611985
UCeda0ikD6cYxD62Z44QK7FA,-0.2791977689023851,0.6,0.0,0.8401188767587935,-0.2261888766521747,-0.1314043518097491,0.0,-0.2217127734342647,-0.2478718084569988,0.25,1,0.13154225355763127
UCeg4cmFPakq7jCrbAwexCkA,-0.0367229910646451,0.4,0.0,2.148161947970386,0.6327866920905366,0.4481724043551187,0.0,-0.2217127734342647,-0.2478718084569988,0.0,1,0.09629244001056525
UCegNnqoN_92grPoMqmZPS6w,-0.0627976667473095,0.2,0.0,-0.0444423810147204,-0.2662370468755973,-0.3479091016701042,0.0,-0.2217127734342647,-0.2478718084569988,0.25,1,0.1473468735044099
UCegtMtXqBiGyqi2l2aTaUFQ,-0.1764379781318046,0.0,0.0,0.0932046581750333,-0.4056337391498689,-0.4553748448613862,0.0,-0.2217127734342647,-0.2478718084569988,0.25,1,0.13757757640560503
UCehLaCUo4WHIWg-KdeeCvRg,1.2139471299205162,0.4,0.0,-0.2572353494533373,-0.2322161144988509,-0.285126421895905,0.0,-0.2217127734342647,-0.2478718084569988,0.5,1,0.0918154047697276
UCej7gKc_oWXrgHr1vmoKaKw,-0.1351364008123988,0.0,0.0,-0.0370917838208695,-0.0248280086807404,0.1395217971416824,0.0,-0.2217127734342647,-0.2478718084569988,0.0,1,0.15774125001366096
UCejIMHbKwPZ1ZzL2JgQQbcQ,-0.2850293342856853,-0.2,0.0,0.1621027157389666,-0.3110881722580901,-0.3609860086724834,0.0,-0.2217127734342647,-0.2478718084569988,0.0,1,0.16324893831159898
UCejSXqcYhd70vcsFYUPUXzg,-0.3601375140277146,0.2,0.0,4.3700651960877765,-0.1597597689006244,-0.0556142045262415,0.0,-0.2217127734342647,-0.2478718084569988,0.0,1,0.06607327016844516
UCekIjbBrhO3r6eTfVdIWocg,-0.1136057722133212,-0.4,0.0,-0.10664016741637,-0.1753340573208443,-0.1660478578683437,0.0,-0.2217127734342647,-0.2478718084569988,0.25,1,0.1499755320817583
UCel2ca3OALNUQoX7svVhmHQ,-0.1678294431877852,2.8,0.0,0.3358574424127145,-0.0310839586778486,0.0825825623637586,0.0,-0.2217127734342647,-0.2478718084569988,0.0,1,0.10957280506485628
UCemjetjmfQE950C3Bea8bDA,0.1707669454130627,5.0,0.0,-0.0799402241742933,0.1123929751771981,-0.1696676647301007,0.0,0.6913574657089212,0.7154674764909068,0.0,-1,-0.00545717529921419
UCenWoaDQZgYOMCB_M-Aiz3A,1.751959692297819,0.0,0.0,-0.2401800165976583,0.8663421586492388,1.0603276599719766,0.0,-0.2217127734342647,-0.2478718084569988,0.0,1,0.10714656291211494
UCeokT5vktbbx4qJk7nrp55Q,1.9396502950674843,1.0,0.0,-0.2535472256404468,0.7098929575118822,0.5218499903583117,0.0,-0.2217127734342647,-0.2478718084569988,0.0,1,0.10191706115731347
UCepiqzCVO-Qc0mB4Ul1T2Ow,0.2146333023594615,0.0,0.0,-0.1963971075849189,-0.0635745376950874,-0.4672192245652884,0.0,-0.2217127734342647,-0.2478718084569988,0.0,1,0.1597593144656188
UCeq3jtiWQqRj__g-pf9y6Hw,-0.2002972740084419,0.0,0.0,0.0322938910279392,-0.398974179475528,-0.3939430500435927,0.0,-0.2217127734342647,-0.2478718084569988,0.0,1,0.1586722055949203
UCerXPtQHBaeVawAxcRrV7HA,25.67950981877758,0.0,0.0,-0.2887340668947482,-0.023011765133193,0.2601918583418224,0.0,-0.2217127734342647,-0.2478718084569988,0.0,1,0.008347782089872413
UCev-syYBxDAm3e42aU1qYNg,-0.2041814158895656,0.0,0.0,0.5968335161802273,-0.2349068456804027,-0.2763210507749608,0.0,-0.2217127734342647,-0.2478718084569988,0.0,1,0.15865682964939176
UCevizsJNK050wfi1MpCfSKg,0.7225540326504608,-0.2,0.0,-0.1462926566870937,0.0138176179142982,0.2188813530965523,0.0,-0.2217127734342647,-0.2478718084569988,0.25,1,0.14043873612190977
UCeweO3EhpPBnvsBqaERVNXg,1.6985823320088411,1.6,0.0,-0.2388100885928071,1.02851252696137,2.006839023366921,0.0,-0.2217127734342647,-0.2478718084569988,0.0,1,0.017695615061238457
UCexYGUOmxnAhE4JujBpa-IA,-0.2567912390413474,-0.4,0.0,1.9838203678080968,-0.0075131535274541,0.0161002489245643,0.0,-0.2217127734342647,-0.2478718084569988,0.0,1,0.13621127915154885
UCeyXmm_ImxlMyVW-Xg8hOMw,-0.1685916199947716,1.2,0.0,3.468846986633687,-0.2267104645427524,-0.225276846610427,0.0,-0.2217127734342647,-0.2478718084569988,0.0,1,0.09292582536032856
UCf-XUn2a_yczCcXBOHoMWzw,1.941783492854381,1.0,0.0,-0.2745393495951881,0.0569029509588975,0.3842134515479924,0.0,-0.2217127734342647,-0.2478718084569988,0.25,1,0.10249680358292018
UCf0QDT7-O7V_wLGSK631olg,0.951665887937898,0.0,0.0,-0.1672111361241769,0.1041252831951328,-0.2233010890626855,0.0,-0.2217127734342647,-0.2478718084569988,0.0,1,0.14384837829231129
UCf10bu29lDxT-FhMXGLKWBA,-0.3234631252324478,0.2,0.0,2.895438987222936,-0.325037931727448,-0.275271007708697,0.0,-0.2217127734342647,-0.2478718084569988,0.0,1,0.1232243399234908
UCf2HjecnR2SBo7T2NUMEYPA,-0.0284800461780794,1.6,0.0,-0.1661296773039714,-0.2680028392134908,-0.3187594351815604,0.0,-0.2217127734342647,-0.2478718084569988,0.5,1,0.07804579829590513
UCf2QWxGlxDJ_f47l7hgcU0w,0.4077580175646076,0.2,0.0,-0.1525276170684676,0.544791373918848,0.7809737659882189,0.0,-0.2217127734342647,-0.2478718084569988,0.0,1,0.12639706339842405
UCf4k57Uj3MyceSuI1r6TGHg,0.1527098567389912,0.8,0.0,0.1975481119280816,-0.2543901855540942,-0.3001311194187869,0.0,-0.2217127734342647,-0.2478718084569988,0.0,1,0.15395091248774478
UCf7hZnSEvwhKOZ-INfdqm1g,-0.1098179764412613,-0.4,0.0,0.1837967066021239,-0.4050283246340197,-0.3534240476177099,0.0,-0.2217127734342647,-0.2478718084569988,0.75,1,0.03140455141473897
UCf8Q9LTRNC7axAJXN5ThNIw,0.1671661800103468,0.0,0.0,-0.1547837122827944,-0.4128987133400589,-0.4954749307105562,0.0,-0.2217127734342647,-0.2478718084569988,0.25,1,0.1413417609058959
UCf8qdVExBSqPK2EPiBHc2TA,1.5097637526226837,-0.4,0.0,-0.2744880377017011,-0.4016380033452644,-0.4535657070903434,0.0,-0.2217127734342647,-0.2478718084569988,0.0,1,0.1525340159095444
UCfCxvUObC4GU_o71BSsHJvg,-0.0986506140702521,1.4,0.0,0.3775646868662797,0.2948308556876216,0.6187040790101007,0.0,4.343638422281664,2.6421460463867183,0.25,-1,-0.0473536947681652
UCfFC6o5NwJA16C74sFhqjcA,-0.2286012158598129,-0.4,0.0,0.1387228472291584,-0.0414163664150078,-0.0530922228235994,0.0,-0.2217127734342647,-0.2478718084569988,0.25,1,0.1469811497457153
UCfFMSLBAkOWCNwPIhcPZLIw,-0.0699761335667271,0.6,0.0,-0.0171127639711026,-0.1829622802205439,0.0913288457607811,0.0,-0.2217127734342647,-0.2478718084569988,0.5,1,0.09669096902539476
UCfFatPUuakjjmx7m_YfXLFw,0.5550264284914641,-0.2,0.0,-0.2611470922607964,-0.0843604360725756,0.1783320131273317,0.0,-0.2217127734342647,-0.2478718084569988,0.25,1,0.14168411090662625
UCfGmKwtRdjElxWNcQo2qCuA,-0.273833138776167,0.2,0.0,0.6293426617228404,-0.3954930460093953,-0.5030579924386088,0.0,-0.2217127734342647,-0.2478718084569988,0.25,1,0.1272463707478716
UCfK_X9UAfA2uxZ1LMcsLSdw,-0.1063394357042407,0.8,0.0,-0.0070525110842148,0.6848829169442646,1.774703767968597,0.0,1.6044277048521072,2.6421460463867183,0.5,-1,-0.06967839408284948
UCfKphprwMqUiUkiqkPqr5Ug,-0.2564688734437253,0.2,0.0,0.4076848118711038,-0.3149729154014556,-0.4786344760771262,0.0,-0.2217127734342647,-0.2478718084569988,0.25,1,0.14057139415153425
UCfO0qq1sMSFzaauQJLHKW4A,-0.3592186660331766,-0.4,0.0,2.049891971875368,-0.3126420695154362,-0.229335844980888,0.0,-0.2217127734342647,-0.2478718084569988,0.0,1,0.13579049996733195
UCfO1HKtG2B7a7fZzfFUQPJQ,-0.1444645018225389,-0.2,0.0,0.068462128439576,0.6586849797129732,0.789200788568045,0.0,-0.2217127734342647,-0.2478718084569988,0.0,1,0.1266562452554763
UCfPBiFxACzYq6_5luZe7V0g,1.5781227561355495,1.8,0.0,-0.1957485045515022,1.5107680723634405,8.086611145462221,0.0,-0.2217127734342647,-0.2478718084569988,0.0,-1,-0.07329434031883952
UCfRcL6-wgBLdcOMtUfbpoHA,0.0172520382740589,-0.2,0.0,-0.1755645180117296,-0.1126131134788702,0.1318227055190195,0.0,-0.2217127734342647,-0.2478718084569988,0.25,1,0.1487497342542735
UCfTua2_UbsITlPlIp-hAmSg,1.3876720241759049,-0.4,0.0,-0.2516395719002713,0.0314755412932323,-0.1951036995472886,0.0,-0.2217127734342647,-0.2478718084569988,0.0,1,0.15172216282450002
UCfVSb4bcPyZkZ9kAPGT4z7A,0.1972792624395384,1.8,0.0,-0.112021010416174,-0.2871616860796343,-0.1762427293408539,0.0,-0.2217127734342647,-0.2478718084569988,0.25,1,0.12001835178983306
UCfWEcQeRNDDHj6eR-14SwsQ,2.265890819075498,0.2,0.0,-0.2142762823455629,0.6194843898117395,1.0610659128921454,0.0,-0.2217127734342647,-0.2478718084569988,0.0,1,0.10821778117864633
UCfX9b0EVGcBH4484epE4LUw,-0.0920577057091091,0.4,0.0,0.0689794723457786,-0.1149675032627281,-0.3053983504398579,0.0,-0.2217127734342647,-0.2478718084569988,0.25,1,0.14651627911927495
UCfYdiAvayx5DLzAB6prtBvg,-0.3408947267999191,-0.4,0.0,1.7341263231303297,-0.2583969288953506,-0.0409172929954964,0.0,-0.2217127734342647,-0.2478718084569988,0.0,1,0.13731386525333722
UCfZ2ZGPNHu0ijKS_mW19V8Q,3.513957331218023,-0.2,0.0,-0.275245648781421,-0.1648805666805153,-0.2173537250384956,0.0,-0.2217127734342647,-0.2478718084569988,0.0,1,0.14432429162280375
UCf_zARG85NCdJ9jn_yVRsPQ,-0.089631951716476,-0.4,0.0,2.714158539971805,-0.3541735053026894,-0.5720751650345369,0.0,-0.2217127734342647,-0.2478718084569988,0.0,1,0.0992731437285912
UCfaNrgo-P8H_DZWe5oXxJaA,-0.336419783306612,-0.4,0.0,2.859738715372864,-0.1338026215335912,-0.1700500507040442,0.0,-0.2217127734342647,-0.2478718084569988,0.0,1,0.11893171815768583
UCfb1uygb6mMS4pXOoKQP3cQ,-0.0812098475034123,0.0,0.0,0.0034560386142034,-0.246409721481537,-0.4003263890647942,0.0,-0.2217127734342647,-0.2478718084569988,0.25,1,0.1452250667038119
UCfb3NfQ0gWFnZXwBWk0Nn7A,-0.0441664487035196,0.8,0.0,-0.0016256359819463,0.9322222655102804,0.5405249153841919,0.0,-0.2217127734342647,-0.2478718084569988,0.25,1,0.08734919770549021
UCff3Y1aAbdEkrGMJnO-1_5Q,-0.2015182640069543,2.0,0.0,0.5931610006566198,0.0177646831401775,-0.0403596385541493,0.0,-0.2217127734342647,-0.2478718084569988,0.0,1,0.12659310924875533
UCffX4VZEnw2rbm1e0ljumLg,-0.2123026657431944,-0.2,0.0,0.4537449648395178,-0.3358092649885978,-0.2814993730439498,0.0,-0.2217127734342647,-0.2478718084569988,0.0,1,0.16101270119099048
UCfjW2aG07v3hy0MdbrpnAag,-0.2896571540081279,0.2,0.0,1.2359745274949006,1.0077821249145014,2.893192737344304,0.0,2.517497943995293,1.6788067614388125,0.0,-1,-0.08699880312417718
UCfkMzoCpfwCMb6jkpWKJ7rA,-0.1869400303007231,1.2,0.0,0.3017706133944746,-0.3613453387981334,-0.4224027070135436,0.0,0.6913574657089212,1.6788067614388125,0.25,1,0.03773668387222223
UCflReQC_vSa_23iza_9j4mQ,-0.2567854825128185,1.4,0.0,0.6695927235163454,-0.2839454214641856,-0.283840248088918,0.0,-0.2217127734342647,-0.2478718084569988,0.0,1,0.14631492969284443
UCfllxolJ-MCm0cZNJ35HpgA,1.7357868768832805,0.0,0.0,-0.2809726815002117,-0.3069511730664541,-0.3700701686980612,0.0,-0.2217127734342647,-0.2478718084569988,0.25,1,0.13697107369593464
UCfm6Gwi5VAY4StJrW2SMlMw,-0.1265458067519269,2.0,0.0,-0.0662681307507227,-0.1943796857370877,-0.3419345322491936,0.0,-0.2217127734342647,-0.2478718084569988,0.0,1,0.13620177030882613
UCforrMIC-59nj76y2m0bZBg,-0.2387726987953109,-0.4,0.0,1.246206450382591,0.0458844067704426,-0.1126485623261764,0.0,-0.2217127734342647,-0.2478718084569988,0.0,1,0.1403035371231386
UCfpwK9hyMMv0gJ7rY_5Ngzg,1.259643193989462,0.0,0.0,0.247319636845928,-0.3069511730664541,-0.2838608035826097,0.0,-0.2217127734342647,-0.2478718084569988,0.0,1,0.15068468048691658
UCfqcyRB_2LMIXoJ5lViXFVg,0.4195904609641696,-0.2,0.0,-0.1620858978305881,-0.417035712531695,-0.5136695189020644,0.0,-0.2217127734342647,-0.2478718084569988,0.25,1,0.1378950982003176
UCfqdCHugkV1Gbx9AdGJzJEg,-0.2705576856960768,1.2,0.0,0.2847132448641869,0.3154149492264934,-0.0354377558299798,0.0,-0.2217127734342647,-0.2478718084569988,0.25,1,0.11219833048589473
UCfrqfvncpNB_WKLSC5oDwvw,0.3396911578745865,-0.4,0.0,-0.0711935289283847,-0.060910713825351,0.3780839687934131,0.0,-0.2217127734342647,-0.2478718084569988,0.0,1,0.15183685146980758
UCfvnh19iQqhZh2EY1Leqrjw,1.9358165480589216,-0.4,0.0,-0.2734047096487089,2.124151356777476,2.2229334745320166,0.0,-0.2217127734342647,-0.2478718084569988,0.0,1,0.014067694881752413
UCfw2hsnT4tTjDbISbqH8_Ag,-0.0970145480672827,-0.2,0.0,-0.146862936841247,0.3429613096976307,1.3763801515212353,0.0,-0.2217127734342647,-0.2478718084569988,0.0,1,0.12261279152639426
UCfwTOKnnLmpqLq8Y2Agbi1w,-0.273164018078471,-0.4,0.0,1.342152793237488,-0.0049704125608876,0.2617284686007303,0.0,-0.2217127734342647,-0.2478718084569988,0.0,1,0.13691300054988026
UCfx-YJzVyVI8gkIGqZBTuPA,-0.315932601247206,-0.4,0.0,1.6139710565107288,0.8197252409288527,0.3203085666329148,0.0,-0.2217127734342647,-0.2478718084569988,0.25,1,0.08039953812524214
UCfx8EB3XuIRyEphmhhcJTkA,-0.1614685801550059,-0.4,0.0,-0.1640497865446331,-0.2677203124394278,-0.2637058084101263,0.0,-0.2217127734342647,-0.2478718084569988,0.0,1,0.16345050909312703
UCg-CIINkX1-oN_kNRRbrHEg,2.624291906569969,0.0,0.0,-0.2850194660089943,-0.3529626762709911,-0.5316339117333153,0.0,1.6044277048521072,1.1971371189648596,0.25,1,0.0014891967390141536
UCg-MOkF1f4X2_nQb2WjCcVQ,-0.1397364730574145,0.6,0.0,0.250536375129843,-0.3486642332084619,-0.2716345454392702,0.0,-0.2217127734342647,-0.2478718084569988,0.25,1,0.13875468705584404
UCg04cjQa479on35AlujlqaQ,4.416589487865166,-0.4,0.0,-0.283421389959049,-0.0448066877037631,-0.3046231711227791,0.0,-0.2217127734342647,-0.2478718084569988,0.0,1,0.13314743692295322
UCg3mpGTW0LSm7ZTXHStTmkg,-0.2832307189395775,11.4,0.0,1.2101517694611674,-0.4201258491230084,-0.473590083049892,0.0,-0.2217127734342647,-0.2478718084569988,0.0,-1,-0.03175509341423166
UCg7ECHe6c2EnhhNHrcNXt9w,0.1069577655459976,3.2,0.0,-0.0894851365051233,0.3161519755936141,0.2524188258877408,0.0,-0.2217127734342647,-0.2478718084569988,0.5,1,0.017500769955869744
UCg7GShLwLfDYiwUitRBVeZg,0.0323134397155925,-0.2,0.0,-0.1842228121812559,-0.4127978109207508,-0.5111277852309187,0.0,-0.2217127734342647,-0.2478718084569988,0.0,1,0.15557847134500502
UCg7SYgpNySkthGRJmdZnO2A,0.6411001638828709,-0.2,0.0,-0.0562204988374583,-0.2185606537524751,-0.3610666160236387,0.0,-0.2217127734342647,-0.2478718084569988,0.0,1,0.16045410890852296
UCg7dXPcr3LJXa6ckHri51Ow,0.3916707926400393,0.0,0.0,0.1106758807155301,-0.2203768973000226,-0.3454087101742661,0.0,-0.2217127734342647,-0.2478718084569988,0.0,1,0.16151153381830596
UCg8O7iNGcUymnkzyKgSCTfw,0.4046935842295565,5.2,0.0,-0.1871594075177073,-0.3485229698214304,-0.3526440256120384,0.0,-0.2217127734342647,-0.2478718084569988,0.0,1,0.05581497549748843
UCgBNYsFGcYDR7Frfs4iOBnA,-0.2258794887746261,0.4,0.0,0.3619075278156904,-0.0329405631931194,-0.1156589212630171,0.0,0.6913574657089212,0.7154674764909068,0.0,1,0.09360973999187572
UCgBrTYJJH5aX4wo6z9FL8PA,-0.2928722331132823,2.0,0.0,1.5332630257027755,-0.1873996124955325,-0.0563410807545444,0.0,-0.2217127734342647,-0.2478718084569988,0.0,1,0.12215135220839596
UCgCv-rDUK2CmqkOmJb8sVKA,3.9451186670047367,0.2,0.0,-0.2970716871998207,-0.3986714722176034,-0.4492378216605205,0.0,-0.2217127734342647,-0.2478718084569988,0.5,1,0.04097453252646699
UCgCyFfGl_KGKvwKRWT0KtnQ,4.450261847032577,0.6,0.0,-0.2742580045088328,3.243804962388932,6.9079710784094335,0.0,-0.2217127734342647,-0.2478718084569988,0.0,-1,-0.09800770252054092
UCgDep9894-BCiBu_UMdRTWA,-0.2204229833654824,3.8,0.0,1.6086753551934347,-0.2133447748466977,-0.4235826610973027,0.0,0.6913574657089212,1.6788067614388125,0.0,1,0.008110165477751341
UCgEg8CHSu-XJJ3DoHxiQTeg,0.2315502248301653,-0.4,0.0,-0.2194145669762046,-0.1270219789560805,-0.261902629755363,0.0,-0.2217127734342647,-0.2478718084569988,0.25,1,0.15297805087051108
UCgFWZNCHQuWBoUlipgA9r1g,-0.1731203998480055,-0.2,0.0,-0.1331774159580663,0.2596159113490616,0.1201343238416449,0.0,-0.2217127734342647,-0.2478718084569988,0.25,1,0.1355236576375401
UCgFx3ykayCyZLVAgG3bm2iw,-0.1543680537021186,-0.4,0.0,0.5614768054684451,-0.2999283646826037,-0.2695118666924342,0.0,-0.2217127734342647,-0.2478718084569988,0.0,1,0.15837329460631727
UCgGg_7tCIl0P0hj8CitpcrQ,22.06003191115276,-0.4,0.0,4.107978297806215,-0.1609251918436341,-0.3316868280742054,0.0,-0.2217127734342647,-0.2478718084569988,0.0,-1,-0.06773022408035168
UCgGitc96tDJMHrqSGGAHJIw,-0.0931864565955199,-0.4,0.0,-0.0112823119783958,-0.0634534547919176,0.0905889175241622,0.0,-0.2217127734342647,-0.2478718084569988,0.0,1,0.1587458721689865
UCgHpRxImkGOIrj2jfJeOFOw,-0.112639735833605,0.2,0.0,0.0212204028252139,-0.1968414079963861,-0.0726588724175031,0.0,-0.2217127734342647,-0.2478718084569988,0.0,1,0.16028756354850587
UCgIZ9eKeokf0N7IVMI89_bw,-0.17830733502779,0.0,0.0,0.479224536238252,-0.1053481392886802,-0.2036603810166208,0.0,-0.2217127734342647,-0.2478718084569988,0.0,1,0.15752726524954458
UCgKDV2cheuOaTZFmNFgRPtw,0.2253653963209879,2.0,0.0,0.0879136194599772,0.0018102300166229,0.0970984270580807,0.0,-0.2217127734342647,-0.2478718084569988,0.5,1,0.06080417702151919
UCgMXYeH8WTSUtwpGyh9kkHQ,-0.2219842378033588,0.2,0.0,0.0889122473788499,-0.4293962588969489,-0.4303526857269124,0.0,-0.2217127734342647,-0.2478718084569988,0.25,1,0.13412327364789262
UCgPB_yIfy6u5h_dhu3U-WOg,0.0674378579565029,0.4,0.0,-0.0429685846467035,-0.2731824967379781,-0.3733533786752575,0.0,-0.2217127734342647,-0.2478718084569988,0.5,1,0.1037266022046065
UCgRHV2oivxE_PXaSgevoyYw,0.0458167407686192,-0.4,0.0,-0.038832343752938,-0.3745154330352215,-0.470367498493116,0.0,-0.2217127734342647,-0.2478718084569988,0.0,1,0.1577373969284963
UCgRVfh_p9FpJu6zxOhXzOwQ,-0.1735827399814372,-0.4,0.0,-0.0763817794281368,0.1670883928434466,-0.0077561343362183,0.0,-0.2217127734342647,-0.2478718084569988,0.25,1,0.13268558174178996
UCgUltJd_Y-QyqH3Nq0xWfoQ,-0.3145704248121411,4.2,0.0,1.0748572506630565,-0.2716590680543053,-0.2520212473711855,0.0,-0.2217127734342647,-0.2478718084569988,0.0,1,0.09166137560760246
UCgVWPXna4H0bkJ_ue6wNDWA,-0.2713358658077456,-0.2,0.0,1.8842808232619337,-0.3506419206269025,-0.3331566377786943,0.0,-0.2217127734342647,-0.2478718084569988,0.0,1,0.14379231134980847
UCgWi0Z8D5h5lJRJWhTJJf9Q,0.0527299275649936,-0.2,0.0,0.0210967032618918,0.2278316492669801,0.6544659498036736,0.0,-0.2217127734342647,-0.2478718084569988,0.25,1,0.12681260587205168
UCgYdHms9B2Ji2NWyy_pTlbA,-0.2573977953631891,-0.4,0.0,0.1820285153491014,-0.5058903829744916,-0.5232916579662378,0.0,-0.2217127734342647,-0.2478718084569988,0.0,1,0.14839541214631657
UCgYi9ZnUoAbF-VBikT5vmDw,-0.170229006658807,-0.2,0.0,0.2956881011510883,0.6141870127980592,2.239192340756003,0.0,-0.2217127734342647,-0.2478718084569988,0.0,1,0.08132415826314876
UCgZSxnw2Dt2oMo6ttTCrFag,-0.192814392871157,-0.4,0.0,-0.029322858632846,-0.4372363768771956,-0.4490662265195072,0.0,-0.2217127734342647,-0.2478718084569988,0.0,1,0.1582112182385249
UCg_4UGZAf188RFzSQEPrptA,0.0854258778056684,4.4,0.0,-0.1558151439678564,0.8621042570382946,3.005961679551713,0.0,6.169778900568036,4.56882461628253,0.0,-1,-0.16111943777833282
UCgcqOJ2MC50VxI14OD1sL-Q,0.0619595616397698,1.4,0.0,1.5101639076852518,0.673517635351278,0.1175332193410009,0.0,0.6913574657089212,4.56882461628253,0.0,-1,-0.026334576392071152
UCgdZ8MQyddRjDZTFFLUEH3w,0.0101786898174624,4.0,0.0,0.2404462271850313,-0.1190484455547485,-0.1211565870892572,0.0,-0.2217127734342647,-0.2478718084569988,0.25,1,0.06332168457045073
UCgdbCpZJgQNGK6wA18q65MA,-0.2496476676694794,4.0,0.0,0.9531552191269952,-0.2599979139483739,-0.3510245948820331,0.0,-0.2217127734342647,-0.2478718084569988,0.0,1,0.08818185111217847
UCgeT0_G-e0sN50pSbDSgeRQ,7.129301647392127,-0.2,0.0,0.2448133132789444,-0.2913112980736838,-0.3212621264501432,0.0,-0.2217127734342647,-0.2478718084569988,0.0,1,0.11465047827495733
UCgfVkOjBNMtLDWePxjCAoAg,0.1141349183752076,1.0,0.0,-0.1225931979183471,-0.3856046089171921,-0.4191156372590821,0.0,-0.2217127734342647,-0.2478718084569988,0.25,1,0.1282897245500237
UCgfxHhZM2Nv5u9M_M16hV_w,1.2740951103490248,0.0,0.0,-0.2853857522943129,-0.3626493085245778,-0.3333733222443197,0.0,-0.2217127734342647,-0.2478718084569988,0.25,1,0.1422089507447452
UCggCn5JCoKyeI5FgDZCnflQ,0.0177246018778606,1.2,0.0,6.240594487464625,0.4145166484362654,0.054252551115539,0.0,0.6913574657089212,5.532163901230436,0.0,-1,-0.09974918989297432
UCghWl7LwYHJXDKybVewcheQ,-0.223532441002465,-0.4,0.0,0.1463314012976971,0.2798165756945622,0.2007414016898061,0.0,-0.2217127734342647,-0.2478718084569988,0.0,1,0.14887965453848057
UCghzfrjsrgC1voCfnDhJ4Pg,-0.2666126089017964,3.4,0.0,0.3478801513538589,-0.374126958720885,-0.4470319221445785,0.0,-0.2217127734342647,-0.2478718084569988,0.75,-1,-0.008504544620124288
UCgiAMEOQJcBxrh2ifgqeqew,-0.1637105586575472,1.8,0.0,2.037569595971468,-0.0016330650422691,-0.000670852457359,0.0,-0.2217127734342647,-0.2478718084569988,0.0,1,0.11293117671842029
UCgiVlN2P1aPbrrt_4IIETZw,-0.299203523391658,0.2,0.0,0.413970384373611,0.8599853062328225,1.5019235212446174,0.0,-0.2217127734342647,-0.2478718084569988,0.25,1,0.08345902630349
UCgjoHOa11Qqlqtpv7ZUleag,0.032835398632795,0.4,0.0,-0.0075115329421406,-0.1097878457382407,0.3523131919175818,0.0,-0.2217127734342647,-0.2478718084569988,0.25,1,0.1320597443437243
UCgladwV0yey-vu95kL5ZsYw,-0.078980455095045,-0.2,0.0,-0.1508401054113226,-0.2044343150493278,-0.3037830945162295,0.0,0.6913574657089212,0.7154674764909068,0.5,1,0.052183500854029174
UCglmksJGHLN6XYUQ-4FgRSQ,-0.2044662125641566,1.0,0.0,0.4134844137255485,-0.3538203468351106,-0.3682990004169459,0.0,0.6913574657089212,0.7154674764909068,0.75,-1,-0.0265234333622969
UCglzV-YIKIWrUhomfTuAaSw,6.26274333222626,0.6,0.0,-0.2986117979699144,-0.3927384099622815,-0.4133395979188111,0.0,-0.2217127734342647,-0.2478718084569988,0.0,1,0.10700136905718394
UCgm4z7bCH2FMMbtarzsNpNg,-0.3226216873978651,0.6,0.0,6.049116896763845,-0.1931332440868099,-0.6003272946293761,0.0,-0.2217127734342647,-0.2478718084569988,0.0,1,0.027889047508507014
UCgm9mvmWmbTGjC86I9iqfYQ,0.372805739725059,1.6,0.0,-0.0440393335917802,-0.3925971465752501,-0.3849209621759571,0.0,-0.2217127734342647,-0.2478718084569988,0.75,1,0.0047479139763155764
UCgm_netCczXftX1MulWeIqQ,3.403118707119816,-0.4,0.0,-0.2831798930120126,-0.2016090473086983,-0.4138311373740744,0.0,-0.2217127734342647,-0.2478718084569988,0.0,1,0.1394809545191648
UCgnulkRvISjE1FQxx1HuIqg,1.1498964924606443,0.0,0.0,-0.256036478579549,0.072643728370976,0.3138864330924301,0.0,-0.2217127734342647,-0.2478718084569988,0.75,1,0.029059308380894378
UCgo-Ds3cB-n-wSJAYlWr5NQ,-0.3196143557042587,-0.4,0.0,3.043703100722201,-0.2278840372965524,-0.3486453740978549,0.0,-0.2217127734342647,-0.2478718084569988,0.0,1,0.12072377809163237
UCgpxVHkTgVST0OxDt-_fiZA,0.4799498844084119,-0.4,0.0,-0.2653771265036844,-0.3448501217586122,-0.2932551073092934,0.0,-0.2217127734342647,-0.2478718084569988,0.0,1,0.16136627911554496
UCgtXSGedtXX1inAP-JSBWhg,-0.1342117205455353,-0.4,0.0,0.1516691819831531,0.1798020976762792,0.1795031328481293,0.0,-0.2217127734342647,-0.2478718084569988,0.25,1,0.13306852980104622
UCgvHPrH9Gk2bq-hWuD4u4UQ,0.944385394224684,-0.4,0.0,-0.2219720614548448,-0.3041662662935479,-0.2926708133104714,0.0,-0.2217127734342647,-0.2478718084569988,0.0,1,0.16032443080935815
UCgvJ2H-XzM5qiNq7Wbm7zXA,-0.0318415558638101,-0.2,0.0,0.2087756519928262,-0.3033186859713591,-0.3749822449143559,0.0,-0.2217127734342647,-0.2478718084569988,0.5,1,0.1059611122685073
UCgvfHDOYhJiqx8GxYh28vlw,-0.279822705718828,-0.2,0.0,0.3854393973577416,-0.1182636489601291,-0.4263681857345543,0.0,-0.2217127734342647,-0.2478718084569988,0.0,1,0.15904217224713413
UCgxWBcwjrec8vDpF-oHuIXw,-0.2825641261910875,0.0,0.0,0.1969886639003372,-0.2476205505132353,-0.4180543949942727,0.0,-0.2217127734342647,-0.2478718084569988,0.0,1,0.1623391933699786
UCgzLwcAWqMdm8Sp-RkWDG_w,-0.1442814038186264,-0.4,0.0,1.9120846803222824,0.2764262544058068,0.4129399710709945,0.0,-0.2217127734342647,-0.2478718084569988,0.0,1,0.11745626770793843
UCh1-v4ls6fZ416cafzg4Afg,0.2904498128378072,-0.2,0.0,-0.22837261743831,-0.2185606537524751,-0.304663662821192,0.0,-0.2217127734342647,-0.2478718084569988,0.0,1,0.1660876384709794
UCh56sbMM6Jo4mp6w_-7C_8Q,0.3281616391648953,-0.2,0.0,0.0160600512040098,-0.2906049811385264,-0.3871406858822839,0.0,-0.2217127734342647,-0.2478718084569988,0.25,1,0.1486656125222217
UCh5kS0zAIaVkaCQoC_4zMhw,-0.0804650335051469,1.0,0.0,-0.0746317626041718,-0.2637649376025466,0.1361239211565963,0.0,-0.2217127734342647,-0.2478718084569988,0.0,1,0.1423612349049148
UCh7L43_gs6bD6xWIhry2r1A,8.383713848560213,-0.2,0.0,2.1601240269826203,0.0724419235323595,0.192734356517473,0.0,-0.2217127734342647,-0.2478718084569988,0.0,1,0.07594867728124655
UCh7Qn-oHIXq82keENk_8bjw,10.48418728564536,-0.2,0.0,-0.2998024918586411,0.4580909701282813,0.9613060274670222,0.0,-0.2217127734342647,-0.2478718084569988,0.0,1,0.07763132609438445
UCh7bMZrYplMAN85X0WnfrtA,0.085114945168216,-0.2,0.0,-0.0336529296557934,-0.0313866659357731,0.1130758070235655,0.0,-0.2217127734342647,-0.2478718084569988,0.5,1,0.10597713876803888
UCh8UvqOqb6faO0uRTPPx8uQ,-0.2759062464845592,-0.2,0.0,0.4499007886743347,-0.1182636489601291,-0.3580278775664003,0.0,-0.2217127734342647,-0.2478718084569988,0.0,1,0.16068219255658017
UChAV7SZikJzAxI-Vo1H0nwA,-0.33195514096962,7.0,0.0,1.654933771296201,-0.241263698096819,-0.0996305825532392,0.0,2.517497943995293,4.56882461628253,0.0,-1,-0.1020474280084468
UChCGuc5WnD-rqTct9fk3nrw,0.1537158996148238,0.6,0.0,-0.1575564215816273,-0.0816764317189776,0.0949981823445857,0.0,-0.2217127734342647,-0.2478718084569988,0.75,1,0.03425595590311259
UChFBBjRo3vAXqXtrvhw0upQ,-0.3161677773191556,0.4,0.0,1.8904452733719803,0.5371984668659062,0.814710307769738,0.0,-0.2217127734342647,-0.2478718084569988,0.75,-1,-0.035410446251214256
UChFFmVfItxMzpWSCze51hiw,-0.3398114809241468,8.0,0.0,3.6365171297158634,-0.1021536116305825,-0.1147899533483719,0.0,0.6913574657089212,2.6421460463867183,0.25,-1,-0.12187873166093777
UChHpngVe4JLIulxoy1ZnggA,-0.246963329966473,0.6,0.0,0.5830771536302687,-0.2126275914971532,-0.2960542052307294,0.0,-0.2217127734342647,-0.2478718084569988,0.25,1,0.13753402407345583
UChI6c2mn4ZcT8Xhd6QIVk6Q,0.3782338431526886,0.0,0.0,-0.0798512359618316,1.019512031159079,0.8831580557645455,0.0,1.6044277048521072,1.1971371189648596,0.0,-1,-0.00496975915455844
UChInLg-gyzPLn7I8rH-V5pg,2.817845584142252,-0.2,0.0,-0.2836949870209792,0.1720326113895481,0.0087851687171118,0.0,-0.2217127734342647,-0.2478718084569988,0.0,1,0.12867508800176847
UChKKNayV4YjoIMGRVYrRGlA,-0.012255724981966,1.4,0.0,-0.0869938544600407,-0.2043334126300196,-0.1434658308612684,0.0,-0.2217127734342647,-0.2478718084569988,0.25,1,0.12807915558066774
UChLlcpUcu3U46xvgOp-gS-Q,-0.2014164643445473,-0.4,0.0,0.1658147537456493,-0.2346646798740631,-0.3520378453653824,0.0,-0.2217127734342647,-0.2478718084569988,0.0,1,0.16283535029550167
UChMFbg871kPjzNHBB90an1w,1.0045638404913138,-0.2,0.0,-0.1039349480141253,-0.2941365658143133,-0.3151789924330085,0.0,-0.2217127734342647,-0.2478718084569988,0.0,1,0.15784787001058603
UChMaGXnK6x8YswCh47jpdkw,-0.1962840646981951,-0.4,0.0,1.117820093459899,-0.1380405231445354,-0.0979276883841405,0.0,-0.2217127734342647,-0.2478718084569988,0.0,1,0.147770270084513
UChN4gY1SGTOC9oRYD1CE_XQ,-0.1317934483567944,0.2,0.0,0.8742958813094247,0.5416129477106398,1.1638752437224789,0.0,-0.2217127734342647,-0.2478718084569988,0.0,1,0.10536433744815654
UChO8pcn0DyVX2rGaGH_T7IQ,-0.219021708565343,1.8,0.0,4.35029587042334,-0.3398705873657527,-0.58613077520638,0.0,-0.2217127734342647,-0.2478718084569988,0.0,1,0.04383907755720462
UChOkC-4zej-AjnsVQjI2MOA,0.3356403796413085,-0.4,0.0,-0.2101277556241347,-0.2346646798740631,-0.1104480761901159,0.0,-0.2217127734342647,-0.2478718084569988,0.25,1,0.14981042234044772
UChPR2aFr1wDsxahYmfaxY0w,0.2094947309963628,4.0,0.0,-0.0020437380834834,-0.2730255374190542,-0.2230561613787864,0.0,-0.2217127734342647,-0.2478718084569988,0.25,1,0.06662214987439918
UChQ87jC37oMk9Ww-o9skp9Q,-0.0188550294859189,-0.2,0.0,-0.1051417420486558,-0.4530578762247206,-0.5329157162987648,0.0,-0.2217127734342647,-0.2478718084569988,0.0,1,0.15152769917027697
UChQhywXtjJbJOksO8ejoEnA,0.287086788276148,0.0,0.0,-0.1183360630187849,-0.0030330861101703,0.3135568894795379,0.0,-0.2217127734342647,-0.2478718084569988,0.25,1,0.14323105810779818
UChRDWFJcdDdcx1jD0Vc3adA,-0.3100388249591016,0.6,0.0,2.585336585294775,-0.3876529280291486,-0.3971769979236942,0.0,-0.2217127734342647,-0.2478718084569988,0.25,1,0.07163263158706701
UChSCUyftsIPzfIe0KA4uhVQ,0.1589628238813839,-0.4,0.0,-0.1596799534458079,-0.255854187928784,-0.2204070510833224,0.0,-0.2217127734342647,-0.2478718084569988,0.0,1,0.16355893443693242
UChTPAYQWYZbcrqenAC82hHQ,-0.2073929528583574,0.6,0.0,0.2905363257282235,-0.0579441826976901,-0.3918339370039751,0.0,4.343638422281664,2.6421460463867183,0.0,-1,-0.02635157505317709
UChTyuDqufxv9z45zMYveBOg,1.4268994799853354,1.2,0.0,-0.2570264234754292,-0.299732769223637,-0.3085309106201011,0.0,-0.2217127734342647,-0.2478718084569988,0.0,1,0.1378733592296732
UChUEZAI71CnG-R1No79cuRg,0.1553834750371097,0.0,0.0,-0.0742855311706583,0.2403435492611962,0.0136471715384373,0.0,-0.2217127734342647,-0.2478718084569988,0.0,1,0.14870528011386736
UChVEu3NVJZJ_CVwIw311pVw,1.8488175539934784,0.8,0.0,-0.2171086528315107,-0.381141970099607,-0.3327172423728942,0.0,-0.2217127734342647,-0.2478718084569988,0.0,1,0.13973340082837438
UChVNyT2xW00eM9GCpfTUJtg,4.62712314347105,0.8,0.0,3.66614372481596,-0.0085918921193309,-0.1913308674289638,0.0,-0.2217127734342647,-0.2478718084569988,0.0,1,0.030466470750689034
UChXKlhn0g00wcfGuQmSRSTw,-0.2110089617001056,-0.2,0.0,0.0312962710779678,0.0343008090338617,-0.1952530986077781,0.0,-0.2217127734342647,-0.2478718084569988,0.5,1,0.11035492288673726
UChY4T2grLAKOSdNllD2J3nA,7.060718543233546,0.2,0.0,-0.2892651044828936,-0.3043781613740951,-0.4519507710462921,0.0,-0.2217127734342647,-0.2478718084569988,0.0,1,0.11448839419033607
UChZOC11EwSKPdf1bOsGGXyQ,-0.2136564598647873,-0.2,0.0,0.0853630849364388,-0.2913112980736838,-0.3515347145521178,0.0,-0.2217127734342647,-0.2478718084569988,0.0,1,0.16339475634822126
UChZbOg0D7anRGiuBEIhPgog,-0.1397786539360507,0.4,0.0,-0.0433994285357604,-0.2402210397639677,-0.2311469159546298,0.0,-0.2217127734342647,-0.2478718084569988,0.0,1,0.16039839980896387
UChafr20EBGfwP6VRA_qk03g,-0.040577845344481,0.0,0.0,0.0377233587377606,-0.1204835021849095,-0.1187489296801206,0.0,-0.2217127734342647,-0.2478718084569988,0.0,1,0.16235654989500697
UChd2niRs5P2rH1SZdwT9g2w,0.1499268919420209,0.0,0.0,-0.1691362382954374,-0.2227985553634193,-0.22295596646529,0.0,-0.2217127734342647,-0.2478718084569988,0.25,1,0.15372601476666503
UCheD5L2g4_yFTKFNGjJX39Q,0.0229924081264529,-0.4,0.0,0.4770002889242248,-0.0532824909256515,-0.0344377735659388,0.0,-0.2217127734342647,-0.2478718084569988,0.25,1,0.14457591544540177
UCheplchK5_7Q4BoWvii-VHw,-0.1667367126845674,4.8,0.0,0.4986985193008234,-0.3741326548252008,-0.3999615028199643,0.0,-0.2217127734342647,-0.2478718084569988,0.25,1,0.04343137073401393
UChfIEPbj8vTTkQTlXgSUYhA,-0.2667711950478938,3.8,0.0,0.782204845875544,-0.2586577228406395,-0.1222724403409388,0.0,0.6913574657089212,0.7154674764909068,0.0,1,0.03459609184934831
UChfn7JlK8r3uZX6511LNyGA,-0.1851719952985825,0.2,0.0,0.4532615899594851,-0.0098439994134735,-0.0791786018072206,0.0,-0.2217127734342647,-0.2478718084569988,0.0,1,0.15201603432151606
UChjBHcMAYQ0GXy1yOU-5Gew,6.864820468921978,-0.2,0.0,-0.2995523627441685,-0.3852514504496135,-0.3324033460740448,0.0,-0.2217127734342647,-0.2478718084569988,0.0,1,0.12110231714673358
UChk8i-kt6sUEGsaaedRpHzw,4.566614782651647,1.2,0.0,-0.2825761131022739,-0.3496096112601341,-0.3065587862061094,0.0,-0.2217127734342647,-0.2478718084569988,0.25,1,0.08215084543650786
UChl-l5L-mf7unvtnaYefk3g,0.3442254845042976,-0.4,0.0,3.099154974246258,0.6044398390928875,1.3560658730954178,0.0,-0.2217127734342647,-0.2478718084569988,0.0,1,0.04264800878668734
UChm_MMON9skUAkGOWwJgPDw,-0.1382661344810422,1.4,0.0,0.050823798029634,1.0349501013132327,0.8512726365035336,0.0,-0.2217127734342647,-0.2478718084569988,0.25,1,0.06063029588434632
UChnYqLm23qTwTRdEFXem6MA,-0.3108741275461732,0.0,0.0,4.7033897294362665,-0.5345870310257422,-0.5530725437645105,0.0,-0.2217127734342647,-0.2478718084569988,0.0,1,0.052639585758800456
UChqZMAWIioeV1GyXlC5hSjQ,-0.3053030198308766,-0.4,0.0,0.749655783787213,-0.1804195392539773,-0.2940815075063182,0.0,-0.2217127734342647,-0.2478718084569988,0.0,1,0.15992590413450303
UChqoRfZGlzadj2IqCnx2Pag,1.7864467517396712,-0.4,0.0,-0.2842422242224194,-0.1117655331566814,-0.0773880837870845,0.0,-0.2217127734342647,-0.2478718084569988,0.0,1,0.1545969063362932
UChrA8SCzrf-u2s9LcHsAudQ,-0.0180031642553604,0.4,0.0,-0.1249932262796959,-0.0377435183521894,0.0576501861186188,0.0,-0.2217127734342647,-0.2478718084569988,0.25,1,0.14318840694260604
UChs9JhzfEyrBU0PiOAKn95Q,1.9975453183509575,-0.4,0.0,-0.2633229063747725,-0.1931332440868099,-0.2873464846747816,0.0,-0.2217127734342647,-0.2478718084569988,0.0,1,0.1570326154978196
UChsFHIjjYr1lvos3t0_8Bag,0.5644605708166115,1.2,0.0,-0.0766499215240028,-0.3088605573087476,-0.3553118698793341,0.0,-0.2217127734342647,-0.2478718084569988,0.0,1,0.13880637339757879
UChsoPSB2sSlzhCLdEwOhTqQ,0.0401329262842291,-0.4,0.0,-0.1830687044896698,1.356243584874388,1.1230618736242244,0.0,-0.2217127734342647,-0.2478718084569988,0.25,1,0.06661333610377362
UChu6Pf2fZ8ctN612i4hKSdw,11.176346342704235,0.2,0.0,-0.2962838292181065,0.2158242613693048,-0.2945286362817623,0.0,-0.2217127734342647,-0.2478718084569988,0.0,1,0.08767660549533773
UChwFT4NWIMA5V7xhife_aMQ,1.138341018876709,0.0,0.0,-0.2627641687073773,-0.2688100585679563,0.099774961511477,0.0,-0.2217127734342647,-0.2478718084569988,0.25,1,0.1424044630012537
UChwuwWuB3kr9EgOfueZ9CEg,-0.2566279354162362,-0.2,0.0,0.2364728164868101,-0.2312743585853077,-0.3335278484528989,0.0,-0.2217127734342647,-0.2478718084569988,0.0,1,0.16380124752132685
UChx6Sqxa21lQ9UZYsRVE7oQ,-0.2168765811305082,-0.2,0.0,0.0475532753073587,-0.4601210455762943,-0.5639269719353621,0.0,-0.2217127734342647,-0.2478718084569988,0.25,1,0.12709571675441106
UCi0UkigO1Vp6x3MphMaOl0A,-0.178155241484551,-0.4,0.0,0.0805074280591279,-0.0380260451262524,-0.2066787026535052,0.0,-0.2217127734342647,-0.2478718084569988,0.0,1,0.15835228789961647
UCi2DYF6TC34m42mS9YyHRRQ,-0.1044310776388916,-0.4,0.0,0.0843628379552612,-0.3490880233695563,-0.4724571448531525,0.0,-0.2217127734342647,-0.2478718084569988,0.25,1,0.14167557819945936
UCi4uvelj5_X36j2Duh9q5jw,0.0891955159614246,0.0,0.0,-0.2196201644961701,-0.2506476230924812,-0.4375459400175364,0.0,-0.2217127734342647,-0.2478718084569988,0.25,1,0.14791265900478923
UCi7jriYZGYJoCLhA09b8kMw,-0.2357036274916336,0.4,0.0,0.1151465850003548,-0.4511743643976343,-0.5140862839548989,0.0,-0.2217127734342647,-0.2478718084569988,0.25,1,0.12484503277080172
UCi87tUXsHxbCG1vukGRe49w,1.5102974055404577,1.8,0.0,-0.2480445704374523,-0.0964561135871455,-0.4702607012142262,0.0,-0.2217127734342647,-0.2478718084569988,0.25,1,0.1057207329778706
UCi9WBCmPYK6xgiem-Gc9s-g,1.0178013313147225,1.0,0.0,-0.2698390373345799,0.6120680619925871,2.273939558324009,0.0,-0.2217127734342647,-0.2478718084569988,0.0,1,0.042898164199986544
UCi9y_ghOw79oGRQz32NCzHQ,-0.0031149636283387,-0.4,0.0,-0.1323124963059188,0.0831779409467515,0.1377430315874717,0.0,-0.2217127734342647,-0.2478718084569988,0.0,1,0.15667511886239394
UCiA78C08jmX7_ESQ6vYS5zA,0.39132691580423,-0.2,0.0,-0.1078862041009507,-0.1888953424758657,-0.0439396352717586,0.0,0.6913574657089212,0.7154674764909068,0.0,1,0.0917159010141449
UCiAoOLUnBa1kDgRaDTqZpfg,0.0794578934918992,0.0,0.0,1.4499132589089403,0.0314755412932323,0.3023639840885062,0.0,-0.2217127734342647,-0.2478718084569988,0.0,1,0.136800682745652
UCiArZqlqVrs1IcQOJdsV7cw,-0.2660307703055244,1.4,0.0,1.5375391665033695,0.0057454243696425,-0.4184359565085621,0.0,-0.2217127734342647,-0.2478718084569988,0.25,1,0.09857313837740617
UCiBDVh5EtZafTckEhE8V9GQ,-0.1853939246221335,0.0,0.0,0.3371854231122503,0.2627438863476156,0.0102701979055319,0.0,-0.2217127734342647,-0.2478718084569988,0.25,1,0.1322753362638192
UCiBSOz0rYBjd9p6XjZ326ww,-0.2185670564272493,0.2,0.0,0.7966696626539335,-0.2397501618071961,-0.3007252916955242,0.0,-0.2217127734342647,-0.2478718084569988,0.0,1,0.15916125129336073
UCiDlOjcG66FzQRCML5vW3vA,-0.2652719339941756,1.2,0.0,0.5089730853463573,-0.1243488410168696,-0.0462315920835331,0.0,-0.2217127734342647,-0.2478718084569988,0.0,1,0.13941900825000558
UCiDq596Bgw8vfmvUgXTgc6w,0.0709824656461462,-0.4,0.0,-0.0173110543662089,-0.4135041278559081,-0.363447044897483,0.0,-0.2217127734342647,-0.2478718084569988,0.0,1,0.15941651628530507
UCiEbMX-9RNkk_Rfy3QZ85uw,-0.3592229076857768,0.0,0.0,3.4026084811356645,-0.3904983762536396,-0.4755768850739426,0.0,0.6913574657089212,0.7154674764909068,0.0,1,0.03551670059854983
UCiFU158dDmLTnxsdK_FsQyQ,-0.3377219706549014,-0.4,0.0,0.9222827300828386,-0.1100703725123037,-0.1918030637410391,0.0,-0.2217127734342647,-0.2478718084569988,0.25,1,0.13546663480930804
UCiFsW5fgolvk10GB67RdlzQ,0.0286726879003426,-0.2,0.0,-0.1139923180444797,0.3083517798749198,-0.1179240776859571,0.0,-0.2217127734342647,-0.2478718084569988,0.25,1,0.13223363560225443
UCiGCuVpbWXq9zmp_-y8QjpA,0.1553743857815376,0.2,0.0,-0.1308357697395567,0.0706761311944661,-0.2744772209539771,0.0,-0.2217127734342647,-0.2478718084569988,0.25,1,0.14113919038043138
UCiHxb9VWUeWD4YhzA8jY7DA,0.1322008237419473,-0.2,0.0,-0.1793609511286643,-0.0080782070755801,0.3285507117451616,0.0,-0.2217127734342647,-0.2478718084569988,0.5,1,0.09583134786914704
UCiMWVSLT3AIJjYSbE8sSuqQ,1.0866186100439448,0.2,0.0,-0.2573566062379023,0.0627300656739458,0.354416376716783,0.0,-0.2217127734342647,-0.2478718084569988,0.25,1,0.12998428305289766
UCiN2it7IB_hdpJ0NtCz1ywA,-0.0505451230047936,-0.4,0.0,0.1291710914383057,-0.0287026615821752,-0.3431553112880963,0.0,-0.2217127734342647,-0.2478718084569988,0.0,1,0.15768977283362617
UCiQfSPZUyJS9lxxwMMHQ11Q,0.1127881936746151,0.0,0.0,-0.181746801088853,-0.3832334020634496,-0.4152658330310346,0.0,-0.2217127734342647,-0.2478718084569988,0.25,1,0.14575896311099668
UCiR_QuMS8tE5cBN0AYWkmLg,4.13656830815175,-0.4,0.0,-0.2958359215607153,-0.0092083141718318,-0.0839119045372319,0.0,-0.2217127734342647,-0.2478718084569988,0.0,1,0.13371680049953022
UCiSUNyjATH-DkPS4yCdsjdA,0.0572570080381793,0.2,0.0,-0.0905741191635839,0.0145239348494555,0.1600247448561251,0.0,-0.2217127734342647,-0.2478718084569988,0.25,1,0.1453797395143599
UCiSrWKrp3h0FSWyZgmU7UmA,3.654723642179683,-0.2,0.0,-0.2913286348070544,-0.340047166599542,-0.4572327450726927,0.0,-0.2217127734342647,-0.2478718084569988,0.0,1,0.13413528074354297
UCiTA3-yLl_UqPPPCwjYML3w,0.574916244476329,-0.2,0.0,-0.2454727095168346,0.0561966340237402,-0.246658098262764,0.0,-0.2217127734342647,-0.2478718084569988,0.0,1,0.15407676101534445
UCiUE2CBDPLqfjOswnnv-gRw,-0.1274620393577293,0.0,0.0,0.0178966949495575,-0.0375417135135731,0.1708550594617489,0.0,-0.2217127734342647,-0.2478718084569988,0.0,1,0.15531578741973123
UCiUGvYm_tfuH7UHO2QGdrVA,-0.2831241253260546,-0.2,0.0,0.0890612542274077,0.1508431033348271,0.5651161419930991,0.0,-0.2217127734342647,-0.2478718084569988,0.0,1,0.14484064963674026
UCiV4wlEkMi0x8XLkMOOu_jQ,0.8551240569041584,-0.4,0.0,2.477166862437362,-0.2812815975944492,-0.3225282546849676,0.0,-0.2217127734342647,-0.2478718084569988,0.0,1,0.12160275884629518
UCiWY7Xpez35T_N_Tdta8WMw,0.2796300639965648,-0.2,0.0,1.7021723904129236,0.2483148403865436,0.0474715096325301,0.0,-0.2217127734342647,-0.2478718084569988,0.0,1,0.12665859356516285
UCiXaXmxb5Vn8tG0mpzZmB-w,5.347875598447001,0.2,0.0,-0.2958357406074582,-0.4659481602913425,-0.4249969527762069,0.0,-0.2217127734342647,-0.2478718084569988,0.0,1,0.10621753793593153
UCiXmbhawhRmSQxONnaVjFyQ,-0.226257702798152,-0.2,0.0,3.973862174229565,0.2158242613693048,0.0474509735372348,0.0,-0.2217127734342647,-0.2478718084569988,0.0,1,0.06483465265012917
UCiY0YFbPKvrYCOS4WFZ0WSQ,0.3304231469429505,-0.4,0.0,4.149909030964049,-0.4626637865428608,-0.423519968973746,0.0,-0.2217127734342647,-0.2478718084569988,0.0,1,0.06739557479253244
UCi_M2Qm5zCaQTrNd7Ap2RIg,3.707327203844293,-0.2,0.0,-0.2852496569897814,0.328128654059326,0.5498501772761891,0.0,-0.2217127734342647,-0.2478718084569988,0.0,1,0.11933331060883406
UCi_P5fY5feq7gvNQV9MMmrw,0.482443976137383,-0.4,0.0,-0.2263340177209264,-0.3024711056491702,-0.3218108714020252,0.0,-0.2217127734342647,-0.2478718084569988,0.0,1,0.16326886575377603
UCi_zTvddu89yWvDIu9vwykA,1.3132946458298005,-0.4,0.0,-0.15847133448252,0.3738979914575234,0.7654111577363517,0.0,-0.2217127734342647,-0.2478718084569988,0.0,1,0.12776166019405488
UCiamX0YGBnQJBQYRUWA4Ltg,0.2482489041754112,-0.2,0.0,-0.1289977702786031,-0.3252145109612374,-0.4136315160621725,0.0,-0.2217127734342647,-0.2478718084569988,0.5,1,0.10493022193557316
UCib99A-2JEPcqWlz-jlGz0g,-0.2424805091183368,0.0,0.0,0.3490612106287536,-0.2978699553287165,-0.3637360408363972,0.0,-0.2217127734342647,-0.2478718084569988,0.0,1,0.16133131146697077
UCibLFWHbliMMtl8_5FWqDvQ,-0.2117415304512808,3.4,0.0,0.1697729672540823,-0.2427520087816149,-0.1676733715346317,0.0,-0.2217127734342647,-0.2478718084569988,0.25,1,0.08365695226160952
UCicTgzKgO-JX4J3g9AGoMjg,0.1419256960057398,0.2,0.0,0.055069475255753,0.3816321618974965,-0.0832070576573723,0.0,1.6044277048521072,2.160476403912765,0.0,1,0.013261373702894486
UCicoau16YIB6Yz4Gx1MjTtw,0.4246344928480158,1.0,0.0,-0.1131464324124314,-0.1938395610219673,-0.0974795503714807,0.0,2.517497943995293,1.6788067614388125,0.5,-1,-0.031089320690368072
UCid-D0Xta9hKNmPG1mHngFQ,-0.2624319300576345,-0.2,0.0,0.3546024508254028,-0.3760693302925676,-0.4602345203601273,0.0,-0.2217127734342647,-0.2478718084569988,0.0,1,0.15867785725871414
UCidUv0381GExeVo31M4hUlA,1.61535545245433,-0.4,0.0,-0.2839051168584114,-0.034635723837497,-0.3134742528140814,0.0,-0.2217127734342647,-0.2478718084569988,0.0,1,0.15464902123528335
UCidZOOAqSwhDgXDTIw3qpow,-0.2534175346043909,1.8,0.0,0.6752801379742288,-0.1240024740582828,-0.4272618611028869,0.0,-0.2217127734342647,-0.2478718084569988,0.0,1,0.13858321768035586
UCifSCsg5nqeAIJGKXsq9YsA,3.549964720141894,-0.4,0.0,-0.2875297950750836,-0.0176841173937202,-0.1050561008678436,0.0,-0.2217127734342647,-0.2478718084569988,0.0,1,0.13789577402156927
UCigc5_jiC8PSoj5qbQopzUQ,3.672154006598479,-0.4,0.0,-0.295484159467381,-0.3702775314242773,-0.457772972469907,0.0,-0.2217127734342647,-0.2478718084569988,0.0,1,0.12837911986533418
UCihlPx12DUnYci0OAQg7hLw,-0.2465518896642447,0.6,0.0,0.5630915201155461,-0.0113272649773039,-0.0823334892229685,0.0,-0.2217127734342647,-0.2478718084569988,0.25,1,0.13472576789919521
UCijCnPndnzBd6FLQOaHZJVg,-0.3128065032807915,-0.4,0.0,0.7132924359013072,-0.398247682056509,-0.4888655716178085,0.0,-0.2217127734342647,-0.2478718084569988,0.0,1,0.15013114752296253
UCijl5SWc84KibTwA6-veX7Q,0.944558241568146,2.6,0.0,-0.2410276728936017,-0.1626203524880117,-0.3011831531714759,0.0,-0.2217127734342647,-0.2478718084569988,0.0,1,0.11730890065266558
UCikDjzHmPdk4xDmLbUiuzrA,0.5188809838746263,0.0,0.0,-0.2366970037839153,0.1870670718664693,0.2839140712104853,0.0,-0.2217127734342647,-0.2478718084569988,0.0,1,0.14737928213071216
UCik_e5NCkKNiWKTdaRqiCQw,-0.2228007559289148,-0.2,0.0,0.0341686960125476,0.2589095944139041,-0.1405953169767691,0.0,-0.2217127734342647,-0.2478718084569988,0.25,1,0.13268325154029575
UCikmq0xQC0dDZ2Z8fQpNW9w,0.779697172514668,0.0,0.0,-0.2497310445658286,-0.0454121022196123,-0.2338395527664339,0.0,-0.2217127734342647,-0.2478718084569988,0.25,1,0.14963528358974487
UCim02EQchW8hbocfO4XwZJg,0.4762781281324885,1.4,0.0,-0.1416379604589496,-0.2524638666400287,-0.6003272946293761,0.0,-0.2217127734342647,-0.2478718084569988,0.25,1,0.11273922789986729
UCimNcavwsd8LdNf95zXfdyg,-0.0353748524798526,0.6,0.0,0.2669497781274285,-0.4821581339532041,-0.5361922639001668,0.0,-0.2217127734342647,-0.2478718084569988,0.0,1,0.14073757163410866
UCinhWk4qeIpRAL5h9GjtoKg,-0.1577898554498105,0.0,0.0,0.0566272968380751,-0.1162456005739653,-0.4609423955636408,0.0,-0.2217127734342647,-0.2478718084569988,0.5,1,0.1048587745907904
UCioH5PLeTI0nF-A21hRivaQ,-0.2459156417742011,0.6,0.0,0.3507954075331863,-0.2656013616339557,-0.1849531942786427,0.0,-0.2217127734342647,-0.2478718084569988,0.0,1,0.1507442638215093
UCioiWBB9C9Jau5jKOUOoTSQ,2.1131049017932884,-0.4,0.0,2.7640580395359384,0.2984633427827167,0.9219421745784632,0.0,-0.2217127734342647,-0.2478718084569988,0.0,1,0.05713306777616084
UCipBbKmba3w-ksTReLsBnhg,1.2565003313961034,3.4,0.0,-0.2246746258450733,0.0281205358512349,-0.0385987562110229,0.0,0.6913574657089212,0.7154674764909068,0.0,1,0.02142805510552903
UCipduDR0208cqq-R8eGy18w,-0.0769762742414075,-0.2,0.0,0.1613465423472706,0.2829243702092546,0.1206465348571897,0.0,-0.2217127734342647,-0.2478718084569988,0.25,1,0.13319684674217153
UCiq7nezpfYoouQthrqwNzqA,-0.2009809880109174,0.4,0.0,4.103472432273943,-0.4116206160288218,-0.4242859448512729,0.0,-0.2217127734342647,-0.2478718084569988,0.0,1,0.08118306594568564
UCiqCgCUincHiu8Zz2JbVYEA,-0.0144104845029139,-0.4,0.0,-0.1402987514834382,-0.2049993685974537,-0.1033507328455654,0.0,-0.2217127734342647,-0.2478718084569988,0.0,1,0.16305828231543668
UCir4njC1lhnE6ez3pUj3iOQ,35.35070381354138,3.8,0.0,4.99982047706376,-0.227199453190169,-0.2276669014977227,0.0,-0.2217127734342647,-0.2478718084569988,0.0,-1,-0.16119780799072603
UCis65cHFZVyUa1HEBxxVitA,-0.1195414660094756,5.4,0.0,0.0328373289252999,-0.0380759027922635,-0.0021015676180388,0.0,-0.2217127734342647,-0.2478718084569988,0.25,1,0.013246489764875413
UCisEJar4FXn3Tg15zMUvsxQ,-0.1742444377870826,-0.4,0.0,0.0331002574789088,-0.1473639066886126,-0.3824742458276033,0.0,-0.2217127734342647,-0.2478718084569988,0.25,1,0.14498304089747854
UCitH54dr9YjERa7umagensg,1.0620997371879624,-0.4,0.0,-0.2691077999653264,0.2272665957188541,0.5403329759899319,0.0,-0.2217127734342647,-0.2478718084569988,0.0,1,0.1342312051509112
UCitSLdihZ4-M_-vRkIuYOhA,-0.3012776915132004,0.6,0.0,3.702380670156751,-0.3529021348194061,-0.3938944055840562,0.0,-0.2217127734342647,-0.2478718084569988,0.0,1,0.09080466711945906
UCiu5i_eARJZeyKBLie8BXxw,-0.2301031464850978,3.0,0.0,0.4637459776100363,-0.1370773636875026,-0.3066712150191229,0.0,-0.2217127734342647,-0.2478718084569988,0.0,1,0.12210660997945616
UCiuVtXvIjkOVvgCeFskN3HQ,-0.2848879458656756,0.8,0.0,0.3827146247309828,1.3124776191468186,1.3270500711091917,0.0,-0.2217127734342647,-0.2478718084569988,0.5,1,0.008842204488677508
UCiv0dWVTlRcWaQi6CXy3NIQ,-0.2564179736125219,-0.4,0.0,2.746262082489461,-0.3601065675580113,-0.3314640809035554,0.0,-0.2217127734342647,-0.2478718084569988,0.0,1,0.12416588435461545
UCivUqN1u3rYQOunpLBjMB9g,0.3250041327708929,0.0,0.0,-0.1307038182109735,-0.2657829859887105,-0.4091141288531126,0.0,-0.2217127734342647,-0.2478718084569988,0.0,1,0.16214214989554426
UCivvxYRLj4LpOV7Iyf_MnUQ,0.6066968265840099,-0.2,0.0,-0.2150840473667726,-0.0243234965841994,-0.1386937791857292,0.0,-0.2217127734342647,-0.2478718084569988,0.0,1,0.1606418562804493
UCiwfRx4vjEzmj-KpPjVro5A,-0.1982140166313276,-0.4,0.0,1.3497190439499136,-0.3406122201476679,-0.4780409288432936,0.0,-0.2217127734342647,-0.2478718084569988,0.0,1,0.13661680603492676
UCiyQfMPxUW5bFKiSw23z-Og,8.06221778972115,-0.4,0.0,-0.2974687707513302,0.9112639157252472,1.0951983185342644,0.0,-0.2217127734342647,-0.2478718084569988,0.0,1,0.062350282827355
UCiyaRqXkEBInSxYBC7xD8SA,-0.1643755260704053,-0.2,0.0,0.0154891714063687,-0.3132071230635622,-0.2013082611986159,0.0,-0.2217127734342647,-0.2478718084569988,0.5,1,0.10872873486971646
UCiyqmEhkxq58CKOQB8UHQDw,3.61963204625056,0.0,0.0,-0.2746549351172465,-0.161651689262653,-0.3401658000455801,0.0,-0.2217127734342647,-0.2478718084569988,0.0,1,0.1409646643851249
UCiysaxEwvLzT_ChJUu5JtXA,-0.27402224578793,-0.2,0.0,0.6137212038159658,-0.2270364569743635,-0.2924438873268841,0.0,-0.2217127734342647,-0.2478718084569988,0.5,1,0.09699440529616937
UCiz5UyNBR0g5kEZqp1Jde9g,3.947021578402542,-0.4,0.0,-0.2375493264934734,0.0882634228798846,0.5096129094021046,0.0,-0.2217127734342647,-0.2478718084569988,0.0,1,0.12255371912496849
UCj-MdOznJW2YvAoC3tiREvg,0.7763935647533221,5.8,0.0,-0.0523539232362218,0.1381293985019945,0.0496831039328765,0.0,-0.2217127734342647,-0.2478718084569988,0.0,1,0.028121595642178032
UCj-_y8gm7SC6xbdx0tCpueQ,5.819154773730855,0.8,0.0,3.793067561472978,-0.4412431202184519,-0.2684956755535433,0.0,1.6044277048521072,1.1971371189648596,0.0,-1,-0.054627077630704735
UCj-bPeU8TLn5XIjV4GrTuvA,-0.3176377455925231,-0.4,0.0,3.707666749482672,-0.1821146998983551,-0.2941922972991843,0.0,-0.2217127734342647,-0.2478718084569988,0.0,1,0.10353759678827795
UCj059NMJW0oSAYV15F8HYoQ,-0.2696816212936321,-0.4,0.0,0.7733217550678644,-0.4465597604212728,-0.507438348268589,0.0,-0.2217127734342647,-0.2478718084569988,0.0,1,0.14777289944680716
UCj0MesvcTO5Aa8BDpDcAy4Q,1.1149077818550113,0.2,0.0,1.4624569089816235,-0.0347416713777706,-0.2488029120995178,0.0,-0.2217127734342647,-0.2478718084569988,0.0,1,0.1321060128279199
UCj0x143FVw5oDzuCXGqGf2A,0.2027065158534525,0.4,0.0,-0.1528183003123931,-0.4233925649481113,-0.4507310012193469,0.0,0.6913574657089212,0.7154674764909068,0.0,1,0.08849593420533197
UCj2BrnA3QpFHFMINKznvo0w,0.424151415746316,0.4,0.0,-0.1932898590918998,0.2636183739816199,0.1011123904036631,0.0,-0.2217127734342647,-0.2478718084569988,0.0,1,0.14137158102294062
UCj33bhIi4eENR1jHyOmcV6Q,-0.2442718897691514,2.4,0.0,1.2117228184499256,-0.2520177717336135,-0.3381003247316135,0.0,3.430568183138479,4.087154973808577,0.0,-1,-0.05339147392472898
UCj6YdqoSgivhyZtWTAcinPQ,1.8123802157378508,-0.4,0.0,-0.2808527033441143,0.1314900193115153,-0.0004999179183796,0.0,-0.2217127734342647,-0.2478718084569988,0.0,1,0.14094730990743481
UCj8AAiVt_eEca5SFLRXwF_w,2.2755679727475373,-0.2,0.0,-0.2718572901373185,-0.5074442802318379,-0.573106351881788,0.0,-0.2217127734342647,-0.2478718084569988,0.0,1,0.12562208395841817
UCj94TDH5Crkdbm1bG7hZ-Xg,-0.091453034566201,1.6,0.0,0.404903043180072,-0.266590205343176,-0.2758345854405544,0.0,-0.2217127734342647,-0.2478718084569988,0.0,1,0.14117602734494328
UCjAuMAsq-lKsIxYWJOtsmTw,-0.0464476865929125,-0.4,0.0,-0.1015833755516948,0.0585981116032752,-0.1792947258543775,0.0,-0.2217127734342647,-0.2478718084569988,0.25,1,0.14656576595497856
UCjBcaT1zOgi8sCfdyT_vhtg,-0.2954549629061508,0.2,0.0,3.4554953257352303,-0.4240988818832686,-0.4429173983033231,0.0,-0.2217127734342647,-0.2478718084569988,0.0,1,0.10598381116384731
UCjBhTIeYEdQdoANkqedebsw,0.1780460189300935,-0.2,0.0,-0.1230740453932948,0.299169659717874,0.0194759663579956,0.0,-0.2217127734342647,-0.2478718084569988,0.25,1,0.13232528886119654
UCjCB2LTjWI-khZARtPtIsmQ,-0.1396081630662557,2.6,0.0,0.0065465244531576,-0.3804484952905434,-0.4574021428367958,0.0,-0.2217127734342647,-0.2478718084569988,0.0,1,0.12117142753768984
UCjEX23AgXa0jgQfZV95Cb8w,-0.0189363278274245,0.0,0.0,3.780593654077897,-0.2058469489196425,-0.49121163505615,0.0,-0.2217127734342647,-0.2478718084569988,0.0,1,0.0962555085115433
UCjEfc48D_yhlc0ABH9qGHtQ,0.157827474868706,0.4,0.0,4.569814078811688,-0.3753630133574103,-0.1628866067613332,0.0,0.6913574657089212,0.7154674764909068,0.0,1,0.002171892798426611
UCjEktGVuoRsUb0Z4RS1Owrg,-0.2374026450054169,-0.4,0.0,0.1845077636660116,-0.145668746044235,-0.3602091227168792,0.0,-0.2217127734342647,-0.2478718084569988,0.25,1,0.14848406335345737
UCjGoTlCIflDtlgVHT2ydhyQ,-0.1647245787323043,0.2,0.0,-0.1001606421628903,-0.3960227837107633,-0.4605093226671666,0.0,-0.2217127734342647,-0.2478718084569988,0.25,1,0.13790780797037405
UCjHLcSGNlAOwMjJ_WkqKC-Q,0.022440993288415,-0.4,0.0,0.0124990509462368,-0.4491025013878394,-0.5578080742420297,0.0,-0.2217127734342647,-0.2478718084569988,0.0,1,0.14296991283578842
UCjJ1A1BGUmckFbMfmMDwHCg,1.847426163405656,-0.2,0.0,-0.2807156157529444,1.575484361547234,2.45312195386786,0.0,-0.2217127734342647,-0.2478718084569988,0.0,1,0.03088451107518142
UCjMO0NeVo-xOUoeKx_ayHYw,-0.1265088794234067,-0.4,0.0,1.3900841031944269,-0.0922711857463381,-0.0208073155617387,0.0,-0.2217127734342647,-0.2478718084569988,0.0,1,0.13825249338997914
UCjOy5Fe4MpcUfbOt4LQAuWA,0.0422707191947758,0.2,0.0,-0.0507981626240924,-0.3080863252836712,-0.4098928066921757,0.0,-0.2217127734342647,-0.2478718084569988,0.0,1,0.15760589203124886
UCjQ9hcb0r_vZmE5Q4hBn5bQ,0.2378109040681949,0.2,0.0,-0.1708177496934624,0.0812708852218266,0.5426488137501512,0.0,0.6913574657089212,1.6788067614388125,0.25,1,0.02037095593370669
UCjQo3FaH7HUs9QALmqWMVJQ,0.0250435501338793,0.0,0.0,-0.1233214179230026,-0.1283538908909486,0.1087834702499507,0.0,-0.2217127734342647,-0.2478718084569988,0.5,1,0.10887297455093209
UCjSAadOQPblpoqPEcAJ1RQg,-0.0870608032985996,-0.2,0.0,-0.1667834519983374,0.4467898991657635,0.886921267494039,0.0,-0.2217127734342647,-0.2478718084569988,0.25,1,0.11666652708819009
UCjSWI3RvpbsPLasLZGqxHMg,0.1161768028075143,0.4,0.0,4.456599499493611,-0.1361570113174491,-0.4859100452995043,0.0,-0.2217127734342647,-0.2478718084569988,0.0,1,0.0703315050561204
UCjSY3gh5Y2oloL0PYKY3OUw,0.8663084995012635,1.8,0.0,-0.2060383762299895,-0.4180068983175363,-0.4603823780788899,0.0,-0.2217127734342647,-0.2478718084569988,0.0,1,0.13164846658236257
UCjUgg0XV11kam2NKxCllcww,0.1599871829843542,0.2,0.0,3.276669914028844,-0.1115536380761342,-0.3054485619205527,0.0,-0.2217127734342647,-0.2478718084569988,0.0,1,0.11162844820214807
UCjWKaxWZIGjakUwdfu61Prg,2.1110689085451484,-0.4,0.0,-0.2903179895704489,-0.1583824508770675,-0.3717031436681201,0.0,-0.2217127734342647,-0.2478718084569988,0.25,1,0.13271345550208352
UCjWi-wrYZjjjz3a8uBXBx5g,0.873740670166836,-0.4,0.0,-0.2096654270805685,0.2009916057310001,-0.0889910652872997,0.0,-0.2217127734342647,-0.2478718084569988,0.25,1,0.13335569952494458
UCjXJRWIhGo_OzCURcfpCCcg,1.3705866475019322,0.0,0.0,-0.2670504560623826,-0.2185606537524751,0.1035326185995003,0.0,-0.2217127734342647,-0.2478718084569988,0.0,1,0.15294654799484614
UCjYWBr1DZlZ_20U61guYS6A,-0.3402712038676763,-0.4,0.0,0.7711841978888825,-0.0473494286703296,-0.2471919985238122,0.0,-0.2217127734342647,-0.2478718084569988,0.25,1,0.13963184334029227
UCjZSr26T86eJwOOnmKQCkXQ,-0.0895446948629843,0.0,0.0,-0.0411000861250522,-0.406239153665718,-0.4689870828433084,0.0,-0.2217127734342647,-0.2478718084569988,0.25,1,0.14233090271517784
UCjceiw8kyRms991vK9YT5Sw,0.1067532646138677,0.4,0.0,-0.2423521198029794,-0.1921914881732668,-0.3841759355308721,0.0,-0.2217127734342647,-0.2478718084569988,0.25,1,0.14078836715230186
UCjcivFlotjtvC0LbjkwZgqg,0.0046826077351963,-0.2,0.0,0.5716657003102016,-0.3096755383877753,-0.2169978443246143,0.0,-0.2217127734342647,-0.2478718084569988,0.25,1,0.14583560921351763
UCjdh2spLvoQPOovqY7w8ScQ,0.4347437648787096,-0.2,0.0,-0.1464489312924555,-0.1415721078203222,-0.230377191264254,0.0,-0.2217127734342647,-0.2478718084569988,0.0,1,0.1641910781371455
UCjeXAsX0rvZb6gQdfWcr1Yw,-0.1461090258827768,0.2,0.0,-0.0571911714774414,-0.3382813742616486,-0.4310585354812319,0.0,-0.2217127734342647,-0.2478718084569988,0.25,1,0.1430910049176125
UCjfefRehiE0OMyIGKO154vg,1.584115681053186,-0.4,0.0,-0.2603620512930941,0.3688125095243902,0.6649502512637894,0.0,-0.2217127734342647,-0.2478718084569988,0.0,1,0.12812121412065147
UCjfjtrg5bzrZjtT8gU_Wr6w,0.2931432622389921,0.0,0.0,-0.2555045225065873,-0.1713383215162398,-0.4804398800042823,0.0,-0.2217127734342647,-0.2478718084569988,0.5,1,0.10337241568740568
UCjfse3v6f1_XW5-AxGbx7VA,1.674822210009668,0.0,0.0,-0.2850731294604537,-0.3796009149683546,-0.4327482611832332,0.0,-0.2217127734342647,-0.2478718084569988,0.25,1,0.13567442856416628
UCjghC8Cn7RwmSyCd52a0z_g,0.5807951749803325,-0.4,0.0,-0.2121951442018905,-0.282129177916638,-0.460986714545521,0.0,-0.2217127734342647,-0.2478718084569988,0.25,1,0.14492474697190144
UCjhNjPX-qUlgyMRh70mNl4A,-0.2706996179177019,0.0,0.0,0.4088020230188574,-0.2803129343690905,-0.2867232020950169,0.0,-0.2217127734342647,-0.2478718084569988,0.25,1,0.15168213896299826
UCjhXVtJNIiSdWUHNWmFyXmQ,-0.2782667261566212,-0.4,0.0,0.7157525925754585,-0.1795719589317885,-0.1188501619883443,0.0,-0.2217127734342647,-0.2478718084569988,0.0,1,0.1567549376666767
UCjk4noCTWuz1mf6CEk97mjA,0.4618299301047502,0.8,0.0,-0.0752754450212512,0.5188342265518148,0.6994579771374922,0.0,-0.2217127734342647,-0.2478718084569988,0.0,1,0.11759660928158039
UCjkZTO73RyYlSE9z93P_jqQ,0.8060474293766905,-0.2,0.0,-0.2715617105151471,-0.1288584029874896,-0.2357233732670599,0.0,-0.2217127734342647,-0.2478718084569988,0.0,1,0.16131101373118395
UCjkcdH5KBzWzkc8f06L_gpQ,0.1289149568609218,-0.4,0.0,-0.1548047053603731,-0.4414742784881398,-0.5664247391155691,0.0,-0.2217127734342647,-0.2478718084569988,0.0,1,0.13910609635005983
UCjkjwyI_5S_RzhhRDgbQGHw,3.366213501728884,-0.2,0.0,-0.2865151426054142,0.3083517798749198,0.1773678473395484,0.0,-0.2217127734342647,-0.2478718084569988,0.25,1,0.10878674637009167
UCjlQQkv7hcGlRLZ4LLwRjiA,0.5982283671675288,-0.4,0.0,-0.1550304062946052,-0.3329839972479684,-0.6003272946293761,0.0,-0.2217127734342647,-0.2478718084569988,0.0,1,0.13451483796174435
UCjleVoEecWRYNq9_wZg86FA,1.953979304493368,-0.4,0.0,-0.2748884225047424,-0.1549921295883122,0.1365199848347131,0.0,-0.2217127734342647,-0.2478718084569988,0.25,1,0.1343499057392542
UCjolqPx3szlQSsrpvfwBtDw,0.2131669024605037,-0.2,0.0,-0.0781059260083135,-0.1274457691171749,-0.3965689089666847,0.0,-0.2217127734342647,-0.2478718084569988,0.0,1,0.1591058402923986
UCjpEy0Dmyhr3DFVSnS5Prvg,5.409375142763096,-0.2,0.0,-0.2898003739210702,-0.0144350594919964,-0.0432454922676571,0.0,-0.2217127734342647,-0.2478718084569988,0.0,1,0.1306176351122999
UCjqkDbo69GLct65EguloWmg,-0.1953827135206332,0.6,0.0,0.4106183402406249,-0.3918908296400927,-0.451174065756288,0.0,-0.2217127734342647,-0.2478718084569988,0.75,1,0.017383359013780963
UCjrUYr9gm1phmweLHajznmg,0.5827166436082644,-0.4,0.0,-0.2605798983169975,-0.150754227977368,-0.069461585134796,0.0,-0.2217127734342647,-0.2478718084569988,0.25,1,0.14953741718899238
UCjs9VVfbkxAuZarl9L3tnJg,2.1634817978262024,0.0,0.0,-0.2683035079420031,-0.4213745165619473,-0.3942148720768912,0.0,-0.2217127734342647,-0.2478718084569988,0.0,1,0.14432515430842935
UCjs9tWymZkShBa-wm8wNRng,0.9461509821195554,0.2,0.0,-0.2359097198730108,-0.4240988818832686,-0.5264229574318613,0.0,0.6913574657089212,1.6788067614388125,0.25,1,0.017923407048420603
UCjuLUktoKq4UAJ7aIKk8_Uw,-0.3032562296488452,0.8,0.0,2.005162272791392,0.2803559449905005,0.9868090800661882,0.0,-0.2217127734342647,-0.2478718084569988,0.0,1,0.08757966789307386
UCjv9NXGWHTqmr_q86MinVYw,0.4394505853808326,-0.4,0.0,-0.2188320241914605,0.5137487446186818,-0.1521635571600684,0.0,-0.2217127734342647,-0.2478718084569988,0.0,1,0.13541150416442232
UCjvxfiAlNBQ5our6GAgJA6w,23.052370778643457,-0.4,0.0,2.1642569030838983,0.0077432922719448,0.1161664301848894,0.0,-0.2217127734342647,-0.2478718084569988,0.0,-1,-0.010048316062990947
UCjxZPjWr_m8Chym7FLePWVw,-0.0268936681055706,-0.4,0.0,-0.0739772123948255,-0.2465308043847068,-0.3986359766211625,0.0,-0.2217127734342647,-0.2478718084569988,0.25,1,0.14384692988910114
UCjx_fi1Nl8jOR2x__rxs1rQ,-0.1215885624070691,-0.4,0.0,-0.0108407025521158,0.7705655822418999,0.1444338878828643,0.0,-0.2217127734342647,-0.2478718084569988,0.0,1,0.1377414160647507
UCjykmzIHE0lu2O1GfLzAIRA,-0.2421787458333446,0.6,0.0,0.4143271553814538,-0.2859432893664879,-0.2708207048108894,0.0,-0.2217127734342647,-0.2478718084569988,0.25,1,0.14084464331089613
UCk-On1dS4fBBe-4BD1x5y-Q,0.1225502323796968,2.0,0.0,-0.0697013026524634,0.1568675713111694,1.8077784197254867,0.0,4.343638422281664,3.605485331334624,0.5,-1,-0.11691068306497632
UCk0--G61CAiyFY63Bpbpguw,2.5133684494197563,-0.4,0.0,-0.2787009024216316,-0.1236316576673251,-0.130084197611101,0.0,-0.2217127734342647,-0.2478718084569988,0.0,1,0.14774733696626668
UCk0KvwbSJlgbgfnEjvJg_mA,-0.1522797467385753,0.4,0.0,3.3006025767511598,0.5051787658054391,0.7124576116893668,0.0,-0.2217127734342647,-0.2478718084569988,0.0,1,0.0590275423233928
UCk0jMxuiWu9_G1Pi4Gbnz_g,-0.1397094325220876,0.2,0.0,0.1360102453918474,-0.4013201607244435,-0.416380188426138,0.0,-0.2217127734342647,-0.2478718084569988,0.0,1,0.15448753799878767
UCk1NaZKiquS5xXfSTxXcY7w,0.0359400526888413,-0.2,0.0,-0.0845969750120474,-0.3075565875823032,-0.2145020788009797,0.0,-0.2217127734342647,-0.2478718084569988,0.25,1,0.15212411010360066
UCk3l23AyVR5itMh2b6nzMWQ,0.5710317836739571,2.4,0.0,-0.2402836868655573,0.0923674960189042,-0.0333135895303151,0.0,-0.2217127734342647,-0.2478718084569988,0.0,1,0.10684149221814093
UCk494q-qX-TKV2d6flmSN-Q,-0.2683030841985375,-0.2,0.0,2.7899065112845705,1.3960798600172633,1.0407007597183418,0.0,-0.2217127734342647,-0.2478718084569988,0.0,1,0.02239371666626283
UCk9mjDpONHDr_saq2o4lI_Q,-0.0068603428743958,-0.4,0.0,-0.12871591179397,0.0340182822597988,0.2374876912074518,0.0,-0.2217127734342647,-0.2478718084569988,0.5,1,0.09999890106167775
UCk9w6Az3DAEq80GHNKzvNfA,-0.2933288345402549,-0.2,0.0,0.4792148912663344,-0.17971322231882,-0.129009002836595,0.0,-0.2217127734342647,-0.2478718084569988,0.0,1,0.15999084966840138
UCkBwdtUkXHm6FlKh2TZk5kQ,0.0703165261879005,-0.4,0.0,0.0085075800393899,-0.3423073807920456,-0.3016887871742573,0.0,-0.2217127734342647,-0.2478718084569988,0.0,1,0.1635872563293318
UCkCI-MARNzJvEMYcmXsy7KQ,5.947241435453508,-0.2,0.0,-0.2896610803108566,0.393816129028961,0.4248377344890971,0.0,-0.2217127734342647,-0.2478718084569988,0.0,1,0.11347165358944933
UCkCkluKH2zTTmg-n4FwHnKA,-0.330954221128746,0.8,0.0,1.661361634582088,-0.4031020057199542,-0.4820266292294383,0.0,-0.2217127734342647,-0.2478718084569988,0.0,1,0.13111827949938193
UCkDEWPlMF2jQz_n4knt2TWg,0.2813854012309852,-0.4,0.0,-0.1376158682199567,0.2696456118282961,0.3647879479090433,0.0,-0.2217127734342647,-0.2478718084569988,0.0,1,0.14772350293557301
UCkDX8gA2pEhTeLVArcHCPww,-0.2019272805076966,0.0,0.0,-0.0274030465317754,-0.4516452423544059,-0.5133248015271475,0.0,-0.2217127734342647,-0.2478718084569988,0.0,1,0.1549856719662176
UCkHDQT12msOhfi_9VWJoNig,-0.1665246300545528,-0.4,0.0,-0.0910766568073476,-0.2906049811385264,-0.3139825184120295,0.0,-0.2217127734342647,-0.2478718084569988,0.0,1,0.16260059205804356
UCkI4HlJkgnwT3UtoHiKtRlw,0.9898813600154064,-0.4,0.0,-0.2468045165786518,-0.4135041278559081,-0.5033809033415709,0.0,-0.2217127734342647,-0.2478718084569988,0.0,1,0.14989688446883553
UCkIDKzpvyTGXQThHrbA1iEA,-0.2702815121613875,0.0,0.0,0.6570974718131123,-0.3832334020634496,-0.4992212043729405,0.0,-0.2217127734342647,-0.2478718084569988,0.25,1,0.13224096160739024
UCkIl3oIejXL4Pp0SOnmGl4A,-0.326540974400534,1.2,0.0,3.586612365235047,-0.3544994977343005,-0.2767873494530509,0.0,3.430568183138479,4.087154973808577,0.0,-1,-0.06939979152526587
UCkIwJuXJShmoyk7-yJbVkDA,-0.1049287648773258,-0.2,0.0,0.1664384662065747,-0.2729470577595923,-0.3063037383467958,0.0,-0.2217127734342647,-0.2478718084569988,0.5,1,0.10990744594002849
UCkJMggkJtlOjIbS70Ns2gcg,-0.2740366919960614,3.2,0.0,1.146815441127958,0.05948254324382,-0.1601354966399622,0.0,-0.2217127734342647,-0.2478718084569988,0.0,1,0.10031805824592693
UCkOD_-bbJv5hH2sjcyAe0vA,-0.2753442275150207,0.6,0.0,0.6443005077832695,-0.1863526015092993,-0.1864638634842043,0.0,-0.2217127734342647,-0.2478718084569988,0.5,1,0.09286725029900994
UCkOWC6MhgoIoKNwNxN1hdaw,-0.0205142225947327,-0.4,0.0,2.4032193556133348,-0.3151848104820028,-0.2005970991829399,0.0,-0.2217127734342647,-0.2478718084569988,0.0,1,0.12560972744961774
UCkOhwGzBUreod_YXiTHPqTQ,-0.2188029983531405,-0.2,0.0,0.2757245526348897,-0.417035712531695,-0.4943598370484556,0.0,-0.2217127734342647,-0.2478718084569988,0.0,1,0.15488573447669413
UCkPMdqL9qNwVJxV__jfCjXA,0.0889501060609792,-0.4,0.0,-0.1700863821891017,-0.0397212057706301,0.4679189384601386,0.0,-0.2217127734342647,-0.2478718084569988,0.25,1,0.1356070649084552
UCkPTgjdBYAa1QCbsSSeH70Q,-0.0975914128209222,0.6,0.0,0.1425713912120268,-0.4046045344729253,-0.4792691262470652,0.0,-0.2217127734342647,-0.2478718084569988,0.0,1,0.15079470818097096
UCkPqAlzd2MXyQSTJ8ZIUsNA,0.3828330064721471,0.2,0.0,-0.2428185258618684,-0.0744719989803725,-0.0614062193391419,0.0,-0.2217127734342647,-0.2478718084569988,0.5,1,0.09713438526173895
UCkTJy_XeHkGYaOsPb5wGYhA,6.653377621507967,-0.2,0.0,-0.296306956030836,0.0540776832182681,-0.1893842313682894,0.0,-0.2217127734342647,-0.2478718084569988,0.0,1,0.12013070864665837
UCkUQc4FSIR3gSgQRlWg52aA,0.3799062661779464,-0.4,0.0,-0.2254857255096388,-0.4524928226765947,-0.4940151653812363,0.0,-0.2217127734342647,-0.2478718084569988,0.25,1,0.1366865430553032
UCkUayHA5A1DZE3sAaSEA_wg,0.1068027505608711,0.4,0.0,-0.165415482515677,0.4034691271427784,0.2946387785136149,0.0,-0.2217127734342647,-0.2478718084569988,0.25,1,0.11959917757380506
UCkWW21VdIMtMow0IFgCCnjA,-0.0899658303711561,0.0,0.0,-0.0839107045009683,-0.1598354457151055,-0.1504107844380765,0.0,-0.2217127734342647,-0.2478718084569988,0.0,1,0.16469740497496577
UCkXBEj7jj0LQeIJ3OfKy__w,0.0735493724114224,-0.2,0.0,-0.0612296713854908,-0.3414598004698568,-0.3719563991700556,0.0,-0.2217127734342647,-0.2478718084569988,0.25,1,0.14838399305827532
UCk_Rn4ZsfAyoi_akYuMcwqQ,2.3887835718334736,0.4,0.0,-0.276922814578275,-0.2006672913951551,-0.2584914441892819,0.0,-0.2217127734342647,-0.2478718084569988,0.0,1,0.14651383139842228
UCkaBZWBqlFsaQkxNeA3WQdg,14.800901584235396,-0.4,0.0,-0.3000718265448703,0.1611553305881247,0.1783713066104508,0.0,-0.2217127734342647,-0.2478718084569988,0.0,1,0.07392316268553761
UCkaN-UKt9rx6_bLhn7sI1lA,0.4348780838777187,-0.2,0.0,-0.2532550327171862,-0.3209766093502931,-0.4106624067557495,0.0,-0.2217127734342647,-0.2478718084569988,0.25,1,0.1468790110906648
UCkahSaPKLq7OrAsuEV8_Q8Q,-0.2845254773707416,0.8,0.0,0.8821910394351595,-0.2690302093009923,-0.3327145309012236,0.0,-0.2217127734342647,-0.2478718084569988,0.0,1,0.14955169212228886
UCkcsayEv3-RIerhtwALy9lA,2.772851547242564,-0.4,0.0,-0.289905231494559,-0.3304412562814019,-0.4446454988694592,0.0,-0.2217127734342647,-0.2478718084569988,0.0,1,0.1361247554003111
UCkeBEGzRN2iHFY-9mVHKzBQ,0.5718198380781164,1.2,0.0,-0.0864962616556728,1.915059811142121,2.088530723197147,0.0,-0.2217127734342647,-0.2478718084569988,0.25,-1,-0.01656057270568334
UCkf23FPHN1C9iFK3oJtEAbw,0.3378078641200573,-0.4,0.0,-0.2423308359708829,0.6154583832813425,0.6450069012498195,0.0,-0.2217127734342647,-0.2478718084569988,0.0,1,0.1309041484749715
UCkgRHjhSrknRHnKbB3mcVLg,0.0187083390001588,0.8,0.0,0.5788808868442618,-0.2659480990384875,-0.0940083151116379,0.0,0.6913574657089212,0.7154674764909068,0.0,1,0.09412575472055734
UCkjIJM-dkwih10jLn_RnVwg,9.771696195070106,1.4,0.0,-0.2973489825770486,0.2684953242481827,0.4843497711951041,0.0,-0.2217127734342647,-0.2478718084569988,0.0,1,0.06744225780534674
UCklTh6Aw3xE7l_VKrALrAeQ,1.2012365466090107,0.6,0.0,-0.2560907148525011,-0.2257650864910803,-0.238449360523282,0.0,-0.2217127734342647,-0.2478718084569988,0.0,1,0.15013432994397463
UCkmQ3Ur80WWmOWAg-hHluvg,0.6642550883580054,0.8,0.0,-0.1222346177976318,1.940072321349373,3.0742792619885586,0.0,1.6044277048521072,2.160476403912765,0.5,-1,-0.12553830101071317
UCko0zGTAesGtFjqY6a0BuDQ,-0.0832487110427853,2.4,0.0,0.1129119074236886,-0.4155115549347764,-0.4943793304207321,0.0,6.169778900568036,3.605485331334624,0.0,-1,-0.05912122388458163
UCkogT1RffUMQNDnQP38F1Lg,0.2274294593289824,-0.2,0.0,-0.1905415391864833,-0.1846574408649215,-0.3603338097790554,0.0,-0.2217127734342647,-0.2478718084569988,0.25,1,0.14994128589539252
UCkqDXVEX5jwE9IYMJnGFDpw,2.4482739277893897,0.2,0.0,-0.2627132301491606,-0.0781801628899486,0.0828873902712289,0.0,-0.2217127734342647,-0.2478718084569988,0.0,1,0.1405569008477235
UCkrpw73M5b6J4L7A4TuPMUA,-0.2795434635893088,-0.4,0.0,1.161893747851572,-0.3558686659470671,-0.3639276952061735,0.0,-0.2217127734342647,-0.2478718084569988,0.0,1,0.14556303489127204
UCkrtjKBqVkSAIxpiG4CcS1Q,2.6630500072051286,-0.2,0.0,-0.2745767719207366,-0.2355122601962519,-0.3021635757909457,0.0,-0.2217127734342647,-0.2478718084569988,0.25,1,0.127134664360943
UCkrw1UpqW3XgEsXeQdkwx4Q,18.439026402641463,-0.4,0.0,-0.3002723612164656,-0.2126275914971532,-0.2237782309936176,0.0,-0.2217127734342647,-0.2478718084569988,0.0,1,0.06874311668116584
UCkssM2t66HU5QMfw2QQYPVA,0.2270855824931731,0.0,0.0,-0.2005947628249691,0.2724305186012023,0.6622480629382956,0.0,-0.2217127734342647,-0.2478718084569988,0.25,1,0.12292315192268088
UCktIXNS8Wg3JI2Y1SSupAag,-0.1973911360268711,-0.4,0.0,0.7731583010071694,0.6832648090564496,0.3838185168478953,0.0,-0.2217127734342647,-0.2478718084569988,0.0,1,0.12535113225459393
UCktbJLFe6xOeQD743MqiQVg,3.0250177943298686,-0.4,0.0,-0.2830439728594897,-0.1253268183117028,-0.0124725040600211,0.0,-0.2217127734342647,-0.2478718084569988,0.0,1,0.1381353357832401
UCku7OV38sYh0pTOUchQUFRg,-0.3156976608226233,2.2,0.0,2.371471767805277,-0.1815967341459063,-0.1294406030703827,0.0,-0.2217127734342647,-0.2478718084569988,0.0,1,0.10490242715355164
UCkupizo-TRdbCQ3R0GcOYgg,19.305905669520754,-0.4,0.0,-0.2603127925492437,-0.060910713825351,0.3008492134958545,0.0,-0.2217127734342647,-0.2478718084569988,0.0,1,0.05900855295727592
UCkwBfSceDx2FgZGMKmL3K7g,-0.2612916324502563,0.6,0.0,0.819040762737671,-0.2511924961567455,-0.2278221356075793,0.0,-0.2217127734342647,-0.2478718084569988,0.0,1,0.15422520880407897
UCkxR3BZtn69zgM7tJHXNjsw,-0.1696926143403952,0.2,0.0,0.009486809097841,-0.1258565560130708,-0.0647124151215526,0.0,0.6913574657089212,0.7154674764909068,0.5,1,0.04819176881477266
UCkyCr9IxUtvHq4SVw6KCXmA,-0.1918241597913799,3.0,0.0,2.4236528383614884,-0.366887210135522,-0.3522242930017604,0.0,-0.2217127734342647,-0.2478718084569988,0.0,1,0.08417534537451993
UCkyhVOFNrzL5PRTcMcR8lEw,2.87072485322588,-0.2,0.0,3.422968292629761,-0.2185606537524751,-0.2871743893555612,0.0,-0.2217127734342647,-0.2478718084569988,0.0,1,0.07067011162149889
UCkzMzmiFqrPI1hCvT2UsygQ,0.0518568540714337,-0.2,0.0,-0.1531343286633809,-0.2277427739095209,-0.4739536104367124,0.0,-0.2217127734342647,-0.2478718084569988,0.5,1,0.11482018646282538
UCl-e_h_XG7BvbkvgtyZFF-g,-0.2455395485769753,-0.2,0.0,0.1713847350602792,0.2179432121747769,-0.3396411119107002,0.0,-0.2217127734342647,-0.2478718084569988,0.0,1,0.1438904745740377
UCl-x-UQb4sA23HerFki0lIA,0.8634440584796295,-0.2,0.0,3.997873292565027,-0.3548798222378467,-0.4688157303140831,0.0,-0.2217127734342647,-0.2478718084569988,0.0,1,0.06859384122651496
UCl0Qy6k6L_XW98-09OzOr4w,0.2522537311721861,-0.4,0.0,-0.1676066835165528,0.4637415056095402,-0.6003272946293761,0.0,-0.2217127734342647,-0.2478718084569988,0.25,1,0.10487464029224625
UCl1k0lAQa2hdnJcJt96X5OA,0.4216618013173118,2.2,0.0,-0.1298364481586549,0.2280670882453658,0.377090567556425,0.0,-0.2217127734342647,-0.2478718084569988,0.0,1,0.11067174794315299
UCl5-icX5jgKt6XXFPgUO3_A,2.048098747925428,0.4,0.0,-0.2836899045038231,-0.2355122601962519,-0.2503114569813386,0.0,-0.2217127734342647,-0.2478718084569988,0.0,1,0.1485378608146516
UCl6KZGd4CSEuPtW90OZqXjA,-0.280158503216351,-0.4,0.0,0.9726738384327532,-0.2372074208406296,-0.4567825640754329,0.0,-0.2217127734342647,-0.2478718084569988,0.0,1,0.15325386277050645
UCl6lGvaZBXfNMjct9NFoBCw,-0.1976795684036909,-0.2,0.0,0.522517454474777,-0.2729470577595923,-0.2815557065678241,0.0,-0.2217127734342647,-0.2478718084569988,0.0,1,0.15961482863035464
UCl7L7kKRc-WNIRASQ0sqYXA,-0.3406487109491022,0.6,0.0,2.127497820940115,-0.219408234074664,-0.4268378496394223,0.0,0.6913574657089212,0.7154674764909068,0.0,1,0.06747165502648855
UCl9zOE9zwurOPaBu73J2v2w,0.4298870726513762,-0.2,0.0,2.2589190966669093,-0.1599363481344138,0.1762457569027065,0.0,-0.2217127734342647,-0.2478718084569988,0.0,1,0.12742462620424322
UClBD-JLk1lDV9MJ3GGsv0PA,-0.278030607495205,-0.2,0.0,0.7867366526527786,-0.4587084117059796,-0.5337497060781673,0.0,-0.2217127734342647,-0.2478718084569988,0.0,1,0.14438700683514227
UClDAWDnZiMFQLGpqOKVM9vQ,-0.2680893701636766,1.2,0.0,0.5720347817597329,-0.3978564911385757,-0.3532976701403431,0.0,0.6913574657089212,0.7154674764909068,0.0,1,0.07289000619936287
UClDCUXwK7Buil24NVQBiLyA,-0.3401624633191962,0.8,0.0,3.8300911444758663,-0.4685968487981826,-0.4131795924443893,0.0,-0.2217127734342647,-0.2478718084569988,0.0,1,0.07928420965191163
UClEQyizJ34gh3y6JwYVpe-g,0.0012666635077618,-0.4,0.0,0.0254352259051291,-0.1431260050776684,-0.2819607664871487,0.0,-0.2217127734342647,-0.2478718084569988,0.0,1,0.16417811259093046
UClEpO34n3EE-LDkgYoPERcw,0.1648968958691911,-0.2,0.0,-0.1891117917791925,-0.1479289602367385,-0.0847794694439044,0.0,-0.2217127734342647,-0.2478718084569988,0.0,1,0.16437438544084637
UClHCpBmS-LG9oGv7of7QFzw,0.6909012050794314,0.0,0.0,-0.0462909275289941,-0.3693088681989186,-0.4993905141600401,0.0,-0.2217127734342647,-0.2478718084569988,0.0,1,0.1494553130492992
UClIDSvoYszj4FXUSoqjeyew,14.11343998069582,-0.4,0.0,-0.3007827258978598,-0.2583969288953506,-0.4040512285185212,0.0,-0.2217127734342647,-0.2478718084569988,0.0,1,0.08138427043343777
UClIqFqXpzAes_2DGXrSwhZw,0.2172388889567831,-0.4,0.0,-0.2093579750418209,-0.4109613868893416,-0.4938088977172061,0.0,-0.2217127734342647,-0.2478718084569988,0.0,1,0.15452458936107094
UClIu8lclAdZv7fERfPyfLpQ,7.178554303502509,-0.4,0.0,-0.3001120229018844,-0.208389689886209,-0.2000184448757148,0.0,-0.2217127734342647,-0.2478718084569988,0.25,1,0.10267005737598528
UClJsofC2pBYKPQEz2jVUqtw,3.511285090079839,1.4,0.0,-0.2623754679229002,-0.4434721463904421,-0.4426272133457933,0.0,0.6913574657089212,0.7154674764909068,0.0,1,0.03999651291198586
UClMDD5NoF-T1HPigkWo_yIQ,1.8455881139455297,0.2,0.0,-0.2705717688479165,-0.1454568509636878,0.0669234303974623,0.0,-0.2217127734342647,-0.2478718084569988,0.25,1,0.13766038458199953
UClMEsbqsItjAMNkX7a2MAQw,0.5930445963952397,0.4,0.0,3.809634844883665,-0.2778912763056939,-0.3533432414473214,0.0,-0.2217127734342647,-0.2478718084569988,0.0,1,0.08845503611991501
UClMi0VipeA_4gbOmKrG84Xw,-0.3267881603624131,4.4,0.0,1.727450342861411,-0.1180200913962818,-0.0674947825873292,0.0,-0.2217127734342647,-0.2478718084569988,0.0,1,0.0645229683277132
UClNAQ6O61tB_vA4TrdhEV3Q,-0.2023029697380081,-0.4,0.0,-0.1318327786061073,-0.440626698165951,-0.4951284120715594,0.0,-0.2217127734342647,-0.2478718084569988,0.25,1,0.13534545265145798
UClOTL6fi7TkC1NSyN43rRvA,0.4788682629953377,-0.4,0.0,-0.2416925422735052,-0.2761961156613162,-0.3904423018298444,0.0,-0.2217127734342647,-0.2478718084569988,0.0,1,0.16014019787213551
UClOgf1JvURsOaeBiucembgg,-0.3097016135773784,-0.4,0.0,0.6869161945066684,0.2026867663753778,-0.0383548681670681,0.0,-0.2217127734342647,-0.2478718084569988,0.0,1,0.14501453312437157
UClPwtiqhbxYFxMNubLYwnXw,-0.2282752783442115,2.4,0.0,1.0309883667559945,-0.109490449133964,-0.0721356916132515,0.0,0.6913574657089212,0.7154674764909068,0.0,1,0.059506958292430634
UClR510WLgZ7nPOtJjgrdnxw,-0.091799762476194,1.2,0.0,-0.0307313922345836,0.0569029509588975,-0.098709427547436,0.0,0.6913574657089212,0.7154674764909068,0.25,1,0.06325309088477504
UClSK4MuffFnYMJxExhMNw5g,-0.3035971685434595,-0.2,0.0,1.2996024836709652,-0.2778912763056939,-0.1671382105749566,0.0,-0.2217127734342647,-0.2478718084569988,0.0,1,0.14538037176149438
UClSxkyXrixsj2NI1CPKHXIw,-0.0398070259761067,1.0,0.0,-0.078766039151772,-0.4127978109207508,-0.4719620427170559,0.0,-0.2217127734342647,-0.2478718084569988,0.25,1,0.12689377837395588
UClUlb1-r2J1a3EEtYqW-7tQ,23.00830424977904,-0.4,0.0,-0.3017760375534845,0.5323955117068362,1.769247549000711,0.0,-0.2217127734342647,-0.2478718084569988,0.0,-1,-0.026958038870105616
UClVMURIvK9VoR2Fg3LEq11w,-0.1967852866471295,-0.2,0.0,0.2062419171321438,0.4630351886743829,0.2121994009917543,0.0,-0.2217127734342647,-0.2478718084569988,0.0,1,0.1449949925196285
UClVRaMwIzPktDPpGSsyJuLA,-0.1345486289520727,0.0,0.0,0.123845184724693,-0.3759684278732595,-0.4210717226704858,0.0,-0.2217127734342647,-0.2478718084569988,0.0,1,0.15714949320775523
UClWJ8lKwK0fKRlWkB-V1pgA,3.898131760325012,0.2,0.0,-0.262910827418201,0.0129347217453515,0.2337973091979933,0.0,-0.2217127734342647,-0.2478718084569988,0.0,1,0.12971850346800595
UClXyckDK7lhTLKp5YzG2pLQ,12.362254381581575,0.4,0.0,-0.2974312709435516,0.4491442889496213,0.7783401239161422,0.0,-0.2217127734342647,-0.2478718084569988,0.0,1,0.058054686839091374
UClYVNsTKWVWj_FN0w37Xmzw,0.933282868543422,1.0,0.0,-0.2247568415028026,-0.2499917573669779,-0.2949540008784437,0.0,-0.2217127734342647,-0.2478718084569988,0.25,1,0.1303175232244405
UClYg88ERWwA9H5XihP5HdQA,-0.0794647104335783,-0.4,0.0,3.011849643642491,-0.1473639066886126,0.2131844249967945,0.0,-0.2217127734342647,-0.2478718084569988,0.0,1,0.10661532842628002
UClZBEDu_6X3rNYepOb_HtBA,-0.3367826374063278,0.8,0.0,2.5162092203028603,-0.1511394917601811,-0.3419561315790842,0.0,0.6913574657089212,0.7154674764909068,0.0,1,0.06230927069250769
UClZy7ZxTf5Nd-Hn2zLw7YZA,0.0043673115585746,-0.4,0.0,-0.1719827083050098,-0.2355122601962519,-0.2663720649162078,0.0,-0.2217127734342647,-0.2478718084569988,0.5,1,0.11760843619939909
UCl_CrB-1OM1JGMVNnJV3ziA,0.940071633530188,-0.4,0.0,-0.2746458032652805,-0.103289729934793,-0.1141894929447448,0.0,-0.2217127734342647,-0.2478718084569988,0.0,1,0.1560340659909767
UCl_fy0HUvG17kudGBz5aPYQ,0.5725170597242893,0.2,0.0,1.969400329431729,0.285749637949884,-0.0229283302406127,0.0,-0.2217127734342647,-0.2478718084569988,0.0,1,0.11896851289561183
UClb-Z04EF_w4U6_LtHBTqbw,3.1329933029228787,-0.4,0.0,-0.2766193723162023,29.569649769574276,11.88301371818885,0.0,-0.2217127734342647,-0.2478718084569988,0.0,-1,-0.18319380409005215
UClb8OyOGdG6MIpKWl9HTr8A,-0.3126400184162301,2.6,0.0,1.120989001084128,-0.0965090873572823,-0.067111161724493,0.0,-0.2217127734342647,-0.2478718084569988,0.0,1,0.11196244540226163
UCldYeOazRwLxnzrzTp8hD4w,-0.0825096110502158,0.0,0.0,0.0361573711533361,-0.122299745732457,-0.0019564128891308,0.0,-0.2217127734342647,-0.2478718084569988,0.0,1,0.16151957022619123
UCleOqSXIaCwtZxKAmlB-2uA,0.8923473862401129,-0.2,0.0,-0.204416921685001,-0.4876674060474315,-0.5522571450234806,0.0,0.6913574657089212,0.7154674764909068,0.5,1,0.015257161021909826
UClexjBX2QLRyuXdeegbHCqw,0.3347161706691784,0.4,0.0,0.0723696452389919,-0.3833679386225271,-0.3679665292533289,0.0,-0.2217127734342647,-0.2478718084569988,0.0,1,0.15315670512624718
UClfdB_HN0o7pNWM0qGesovA,-0.3240638492819641,-0.4,0.0,0.722985067251168,-0.2575493485731617,-0.3327362234438897,0.0,-0.2217127734342647,-0.2478718084569988,0.25,1,0.1429588641206615
UCliFWkvpHyMtCtjkCwLRoug,-0.1756547872766794,0.6,0.0,5.163257985402453,0.8527808734942175,-0.4968732234891687,0.0,1.6044277048521072,1.1971371189648596,0.0,-1,-0.07072998330905644
UClia3YcynxGt_oRUSso9_kw,-0.2439692534372425,0.2,0.0,0.7311545714316339,-0.3965525214121314,-0.3977207732311282,0.0,-0.2217127734342647,-0.2478718084569988,0.0,1,0.15185491841450421
UCljUDyeC1ws6Ym5tu1b_trQ,0.8873563750137704,-0.4,0.0,-0.2281583539438705,-0.3855339772236765,-0.437380825725325,0.0,-0.2217127734342647,-0.2478718084569988,0.0,1,0.15614326355738595
UClmr_Z4k_YeAk4-V7vfMFDA,0.0232645808349715,-0.2,0.0,-0.1723894283906638,-0.1154383812194997,-0.2668883249023702,0.0,-0.2217127734342647,-0.2478718084569988,0.0,1,0.16597188890617193
UClnQYcSAl1NzvB5_ZFzo_Cw,0.5325336516942204,-0.4,0.0,-0.2573912227272046,1.4215072696829285,1.2217105664335222,0.0,-0.2217127734342647,-0.2478718084569988,0.25,1,0.0639118555742314
UClpAhg6zLZAg9HZjLNJgnDA,-0.265295045562831,-0.2,0.0,0.3169965476882397,-0.4050283246340197,-0.5359025268878728,0.0,-0.2217127734342647,-0.2478718084569988,0.25,1,0.1322205067302913
UClr0ToN5VOpeUDOuZtcyzRw,26.312760118945143,1.2,0.0,-0.3000315418186539,0.3760495415061566,0.8514477818530525,0.0,-0.2217127734342647,-0.2478718084569988,0.0,-1,-0.038151286858911004
UClrDIOnuNoqhz0EwNHNNTGQ,0.8693246385151996,0.4,0.0,-0.1922939787903995,-0.3518191155188315,-0.0783495015557176,0.0,-0.2217127734342647,-0.2478718084569988,0.25,1,0.13874999506779628
UCls6_y3uRnFuD_Lm1yJOmxg,-0.2269522734114497,0.2,0.0,0.3611690621869061,-0.2498151781331886,-0.329912360002748,0.0,-0.2217127734342647,-0.2478718084569988,0.25,1,0.14988205054394327
UClvHBK_SS9vTYLWQ1oxXrGg,1.7915398196982752,0.8,0.0,-0.2412458592389854,-0.0270845536943601,0.0927361887574893,0.0,-0.2217127734342647,-0.2478718084569988,0.0,1,0.14066951960541124
UClvI_lnimSAyTjnRO2tJK3Q,-0.0427814848620609,0.4,0.0,0.6869176080291359,-0.1126131134788702,-0.2613164544614793,0.0,-0.2217127734342647,-0.2478718084569988,0.25,1,0.14191482771211034
UClx0VDc7fL_1-E7vl3VFugg,-0.0978408546219163,1.2,0.0,0.0565437957205127,1.0958408305034475,0.5745867097773235,0.0,-0.2217127734342647,-0.2478718084569988,0.5,1,0.03831603550842694
UClx8mZgbSuILUrTq_7kNyEw,2.296924693590003,-0.2,0.0,-0.2819619967285867,-0.3541735053026894,-0.3788406888819522,0.0,-0.2217127734342647,-0.2478718084569988,0.0,1,0.14614894633171044
UClxo3t7Bq5C2GJPrbm2V-ZQ,0.6003534351202747,-0.4,0.0,-0.2614101365822584,-0.2261888766521747,-0.4421784442608806,0.0,-0.2217127734342647,-0.2478718084569988,0.0,1,0.15918730853834934
UClyJz6UbQb_BEjpXbMxQscg,-0.2977941379140159,0.8,0.0,0.2332222352399045,0.0345576515557372,-0.0488960158113426,0.0,-0.2217127734342647,-0.2478718084569988,0.5,1,0.090671426422124
UClyRGBjluCRzSEVWjDvWQeg,-0.2081958371005554,0.0,0.0,0.1040968648855212,-0.2439880634181403,-0.1826000284000833,0.0,0.6913574657089212,0.7154674764909068,0.25,1,0.08548301447036888
UClyxYfy9R4BtgriamFSrheg,-0.1901217146795358,0.8,0.0,0.6379718861217022,-0.2339712050649995,-0.2093513746640059,0.0,-0.2217127734342647,-0.2478718084569988,0.25,1,0.13192865594012476
UCm-gK9chDJXFg8q7kABI81g,0.1762984580587736,-0.4,0.0,-0.2386569706678445,-0.2253412963299858,-0.3797344207047495,0.0,-0.2217127734342647,-0.2478718084569988,0.25,1,0.14640158833516026
UCm0gI5ZNFaiBiQVZE4Tl_wQ,-0.2810835097641837,3.8,0.0,0.8391827330955867,-0.113428094557898,-0.1459050935373803,0.0,-0.2217127734342647,-0.2478718084569988,0.5,1,0.036954764743436896
UCm1AzOxi1cmjltWa8pBYc9A,-0.3328209767226317,0.4,0.0,2.22567263317744,-0.330158729507339,-0.4138578885980885,0.0,-0.2217127734342647,-0.2478718084569988,0.0,1,0.1322371087753248
UCm2bVkqIkduZKWuotbzmYUQ,-0.2594327281981787,1.8,0.0,0.9528916537294366,-0.4222447999284805,-0.5150554982214536,0.0,1.6044277048521072,2.160476403912765,0.25,-1,-0.0026125130064644786
UCm3l0s6nNdQzEaZnGEVoFfA,0.2976358792848004,-0.2,0.0,-0.1018342709826306,-0.361236674654263,-0.3973571581745331,0.0,-0.2217127734342647,-0.2478718084569988,0.5,1,0.102984074350704
UCm5GsZcyO3gdxyfwvwvAC6w,-0.2794656999583035,1.6,0.0,1.0541108776158206,-0.2544415540584693,-0.2834958995812852,0.0,-0.2217127734342647,-0.2478718084569988,0.25,1,0.12125649454867216
UCm6i-_Lww3ma8BgW10xESiQ,0.6765780531738056,0.2,0.0,-0.1736478303937262,0.2995228181854527,0.5220975448629926,0.0,0.6913574657089212,1.6788067614388125,0.25,1,0.010230804002884064
UCm7cicB21aD_4DiUBZ9OteA,-0.1899046191873573,-0.4,0.0,3.15409272155144,0.6018970981263211,0.7684628725339078,0.0,-0.2217127734342647,-0.2478718084569988,0.0,1,0.060928231985949266
UCm7psdRhqGLvocNIFUN9GGA,3.65226102474247,3.2,0.0,-0.2061424633763497,-0.3385116950013739,-0.3865744278550411,0.0,-0.2217127734342647,-0.2478718084569988,0.0,1,0.07959560338835703
UCm7uA2okIOW8mA44wfCNwRA,-0.3438711550245805,0.0,0.0,2.400951145280727,-0.3511464327234435,-0.1782011106777319,0.0,0.6913574657089212,0.7154674764909068,0.25,1,0.02730720554633509
UCm8seTE4f5HqU_rLFwV725Q,-0.2550612269680405,8.8,0.0,1.238808462914775,0.0288164657726399,-0.0202415683617137,0.0,-0.2217127734342647,-0.2478718084569988,0.0,-1,-0.03550918860388319
UCmDRqo5OB-s1tpAc15yZwqA,0.3505782681987908,0.0,0.0,2.0632667471488118,-0.1537813005566138,0.0021424884681393,0.0,-0.2217127734342647,-0.2478718084569988,0.0,1,0.1368348572582086
UCmDrmP20DKXVr5nd8T3a7cQ,0.2760978782895367,0.0,0.0,-0.151401592353764,-0.4183474439827014,-0.5333285768638889,0.0,-0.2217127734342647,-0.2478718084569988,0.25,1,0.1384679706254187
UCmDuGnCdTy-MDT5bPKtD8DQ,-0.246949898066572,-0.2,0.0,3.2516944787044406,-0.318857658544821,-0.4493082760700258,0.0,-0.2217127734342647,-0.2478718084569988,0.0,1,0.11835866996884659
UCmFVnVKQJBaKJlovKcvjRQg,0.2847730677744177,-0.2,0.0,-0.168286628023494,-0.3661808932003647,-0.3708957642931266,0.0,-0.2217127734342647,-0.2478718084569988,0.0,1,0.16148154066653564
UCmIS4gBF0Dcv63NdgO1qvSw,-0.1323483979053325,3.4,0.0,0.1751970802118045,-0.1896016594110231,-0.2819274308144279,0.0,-0.2217127734342647,-0.2478718084569988,0.0,1,0.1124922853132388
UCmJ4D1SsMlw1l6FXfoTz92A,0.2933723114794079,-0.4,0.0,-0.0243248141531177,0.0221521577491551,-0.0885931715934379,0.0,-0.2217127734342647,-0.2478718084569988,0.0,1,0.15844471050588743
UCmLU3Dfhe1KE1koULU16hgg,14.203950484707132,0.6,0.0,-0.2944605042618855,0.4294145025608923,0.0502931400154676,0.0,-0.2217127734342647,-0.2478718084569988,0.0,1,0.05798845268551178
UCmLWwIwaQIHMkFLA2EOF6cQ,3.988097742183761,-0.4,0.0,1.5081628324024725,1.523216908345589,2.2631518266201933,0.0,-0.2217127734342647,-0.2478718084569988,0.0,-1,-0.015578539713875239
UCmLjQflWGZmGjHPW8-jpmrg,-0.2675254478884841,-0.2,0.0,2.6797580323498105,1.090950944029281,1.157922376456406,0.0,-0.2217127734342647,-0.2478718084569988,0.0,1,0.03499282940783505
UCmME33iDmuH5Hgv2-32OPXQ,7.293151637754944,0.0,0.0,-0.2985737974444309,-0.0986885796143393,-0.165303907526348,0.0,-0.2217127734342647,-0.2478718084569988,0.0,1,0.12508107594638573
UCmMQVmQ6JNb6lA4ABUcQyCA,1.1771593358300334,0.2,0.0,-0.2477000670252747,-0.0712935727721643,0.3603148490894683,0.0,-0.2217127734342647,-0.2478718084569988,0.0,1,0.14544998654195895
UCmNY4YNFu32n8gLd04-mzOg,-0.3145031643209079,-0.4,0.0,3.379039753264705,0.1959061237978671,0.5013282639459132,0.0,-0.2217127734342647,-0.2478718084569988,0.0,1,0.07748300420059068
UCmNvby4Z2EGilzHa3lR_5mQ,0.4117021653644616,0.4,0.0,-0.1472690381935701,0.0423057342989785,0.227501751111817,0.0,-0.2217127734342647,-0.2478718084569988,0.5,1,0.08875552589761615
UCmPYfaqz1cb9fp94YPvIWrQ,0.695468253029202,-0.4,0.0,-0.157413814821658,0.7815841264303549,-0.0453329227644358,0.0,-0.2217127734342647,-0.2478718084569988,0.25,1,0.12026916502557183
UCmPmg4m32Ul4ghBWXjxLJkg,13.796037823558136,-0.2,0.0,-0.3005544813331139,-0.2574080851861303,-0.3838925012365369,0.0,-0.2217127734342647,-0.2478718084569988,0.0,1,0.0878846498778591
UCmQL-9Pg8hh9q0nyWi24Uzg,-0.1448220513846788,1.2,0.0,-0.0374306232018274,-0.2156267218679753,-0.3279177590732166,0.0,-0.2217127734342647,-0.2478718084569988,0.5,1,0.09186505506879178
UCmQtvqTenIgaycLDaBpU3Qg,-0.2236797826191067,2.4,0.0,0.773478674860011,-0.340790658110234,-0.3246436442662522,0.0,-0.2217127734342647,-0.2478718084569988,0.5,1,0.061782010580229973
UCmRckKExkm86wHx1joSLRzg,0.7079450741529582,0.2,0.0,4.489008672557056,-0.3774819641628825,-0.2426599884811228,0.0,-0.2217127734342647,-0.2478718084569988,0.0,1,0.05054374538306666
UCmRp5HbobdoL0FWNfTd3N3Q,-0.3082488475617788,-0.2,0.0,0.6004006045565337,-0.03491825061156,-0.1655442459218369,0.0,0.6913574657089212,0.7154674764909068,0.0,1,0.08465768687085551
UCmSkLg0ShdU8J4ZPG-_7pGA,18.74613689668664,0.6,0.0,2.9385985255568263,-0.111341742995587,-0.2169110942589373,0.0,-0.2217127734342647,-0.2478718084569988,0.0,-1,-0.007650029252202595
UCmSpW-HyJ0sXsfOOMw0Ig7A,-0.2294010703501535,0.0,0.0,0.1678347691569894,-0.1834466118332232,-0.4641632509109641,0.0,-0.2217127734342647,-0.2478718084569988,0.25,1,0.14549806583691505
UCmT3G6VWNQGCMqBskycl1HQ,-0.0898435041399155,0.2,0.0,-0.1420328899856472,-0.2482259650290845,-0.341216163389256,0.0,-0.2217127734342647,-0.2478718084569988,0.25,1,0.14846069577148985
UCmTrXwp-CaFQ4G55Lljkmeg,-0.1005050746862722,1.0,0.0,0.2250260821257363,0.4439646314251341,0.5705501479628673,0.0,-0.2217127734342647,-0.2478718084569988,0.25,1,0.10133652585240982
UCmVqNqU0HwehgI_aIr_gMmg,7.520484523743473,-0.2,0.0,-0.2961015034824253,0.0265313227471308,0.0336471780835764,0.0,-0.2217127734342647,-0.2478718084569988,0.0,1,0.12528401056705107
UCmWcilypWEF95eA4r4bowDg,-0.025210438965355,-0.2,0.0,-0.0513264956990636,0.1960473871848986,0.0777404920459612,0.0,-0.2217127734342647,-0.2478718084569988,0.0,1,0.15274760883531507
UCmYgL3aMt5bNG6gguSHVgow,-0.0600252165664442,-0.4,0.0,-0.0525048701953686,-0.1821146998983551,-0.2405533126870224,0.0,-0.2217127734342647,-0.2478718084569988,0.0,1,0.16412470550909408
UCmZlzaSFzFisGhAhFRVTKLw,2.241701911444713,-0.2,0.0,-0.2718776743417216,0.154374688010614,0.1028272901783359,0.0,-0.2217127734342647,-0.2478718084569988,0.0,1,0.1391516067917033
UCmaQeZLdVbj52H0_cGTLvVA,-0.1834148907089119,-0.4,0.0,0.1779162173113793,-0.1795719589317885,-0.0363026964183873,0.0,-0.2217127734342647,-0.2478718084569988,0.0,1,0.15815711235290142
UCmao4JuiMEpLG_EjP2xTliQ,-0.3349848928269707,0.0,0.0,1.4820701804477925,-0.1592300311992564,-0.2650501733019013,0.0,-0.2217127734342647,-0.2478718084569988,0.0,1,0.1469097258217653
UCmc1hE8YoW128wjJ2q8i6XQ,2.3607622721664843,0.6,0.0,-0.0200635298670325,-0.4830057142753929,-0.4836429971299918,0.0,-0.2217127734342647,-0.2478718084569988,0.0,1,0.13042039539495448
UCmc_SwTHV4Ye8O-ySX5mcBg,-0.268921153577437,0.0,0.0,0.3250457482254523,-0.3753630133574103,-0.4396374864836198,0.0,-0.2217127734342647,-0.2478718084569988,0.0,1,0.15591078201920933
UCmcbTqBYW4ydNAhtgoCYvhQ,0.0984588307776817,2.6,0.0,3.03282246378444,-0.3696418461826357,-0.42709730708631,0.0,-0.2217127734342647,-0.2478718084569988,0.0,1,0.07163985206862206
UCmdFR0EtpJKnRK9IWPNGI3A,-0.0501501780182332,2.2,0.0,0.0581076973003567,-0.1180282099817433,-0.4011570821728626,0.0,0.6913574657089212,1.6788067614388125,0.5,1,0.0011302695792413942
UCmeJvi149W2I1DnP6jXbS0Q,-0.2017515548999703,0.0,0.0,-0.0327672553081599,-0.1453054973347254,-0.4004642174917807,0.0,1.6044277048521072,1.1971371189648596,0.0,1,0.04600780989142117
UCmePvckb3FzBDSr6sv5FhHQ,0.2676949780420919,1.2,0.0,-0.136862432715781,-0.1364105609864799,-0.1150636358864458,0.0,-0.2217127734342647,-0.2478718084569988,0.5,1,0.08538996902149909
UCmf5rP-diqNqY6OsD2V5zpA,-0.2871879454222127,4.4,0.0,1.1165837622205033,-0.369663766363382,-0.423092616114141,0.0,0.6913574657089212,0.7154674764909068,0.0,1,0.008433821533578523
UCmfSQrCJsLEJuSJl6QSL1Dg,0.355594022398635,1.4,0.0,-0.1999740498236548,-0.0517689546360286,-0.1113148584158801,0.0,-0.2217127734342647,-0.2478718084569988,0.25,1,0.12320546245802838
UCmhLLO_VrQBAL_MN9_YeN7w,1.9613286745654728,-0.2,0.0,-0.2495081992681835,0.003929180822095,0.5445551811485683,0.0,-0.2217127734342647,-0.2478718084569988,0.0,1,0.14084152794187643
UCmiORrVtqFb_zWP2fJcjpjw,-0.196996662335044,-0.4,0.0,0.016479850333354,-0.2592445092175394,-0.4831064886234911,0.0,-0.2217127734342647,-0.2478718084569988,0.0,1,0.15937720849910553
UCmi_ZnB9Ak3ZLUDW5aHGR8w,0.0057103248131418,0.2,0.0,-0.0576025790633477,0.1464286224900936,0.7160020995361498,0.0,-0.2217127734342647,-0.2478718084569988,0.25,1,0.12183755470603413
UCmiyRT7P-EkG58Y7fUJGAfQ,0.7345967913247872,-0.2,0.0,-0.2486876320094845,-0.1253268183117028,-0.2905056253869592,0.0,-0.2217127734342647,-0.2478718084569988,0.75,1,0.05313275814959739
UCmoRCoinqD_MFhpX1n55Ruw,1.7784922392299252,-0.2,0.0,-0.2590292446593434,-0.2552891343806582,-0.2577728931771459,0.0,-0.2217127734342647,-0.2478718084569988,0.0,1,0.15952145229691544
UCmq8wIP_ZgIM6S4JIl64-ng,0.8790931055418284,0.2,0.0,-0.2662838082695763,-0.2492854404318205,-0.3553597553535852,0.0,-0.2217127734342647,-0.2478718084569988,0.25,1,0.1443022369094521
UCmqfW44mrMSxjEe7zZAEbbA,-0.1366952081430058,-0.2,0.0,0.0220692686625052,-0.050457223185022,-0.3330595603894259,0.0,-0.2217127734342647,-0.2478718084569988,0.0,1,0.1615573605598123
UCmqy0Uo1JRsz71UrDZ0VnqQ,-0.2027634920203255,0.0,0.0,-0.0728475864734096,-0.2161389956890785,-0.2936071473749844,0.0,-0.2217127734342647,-0.2478718084569988,0.25,1,0.15100615063864398
UCmrZbr2gL2mbfz6K2bfo1MQ,0.3336559387863108,1.2,0.0,-0.1985100584045349,-0.2482259650290845,0.18128375472055,0.0,0.6913574657089212,2.6421460463867183,0.0,1,0.020886873778478032
UCmsHi9NVaqYCn7TfBxQwddA,0.0831348003459802,-0.4,0.0,-0.152010841091908,-0.4101138065671528,-0.4760982120715719,0.0,-0.2217127734342647,-0.2478718084569988,0.25,1,0.1414055750329234
UCmtC_vOjh_g9BZr-GnEMfzw,2.820489547596433,-0.4,0.0,-0.2280270375811635,-0.1812671195761662,-0.096689995012944,0.0,-0.2217127734342647,-0.2478718084569988,0.0,1,0.14305842800634982
UCmuPaN_Lv7BP_leq6Z9S8Gg,0.2954931377795534,-0.4,0.0,-0.2118447130099487,-0.150754227977368,-0.2670299875623657,0.0,-0.2217127734342647,-0.2478718084569988,0.0,1,0.1647530233475879
UCmuXdy5gwZ0Q2h-YrXAO6hQ,17.511502814651614,-0.2,0.0,-0.3000198210237255,-0.2439880634181403,-0.3488357297942156,0.0,-0.2217127734342647,-0.2478718084569988,0.0,1,0.07151440481042265
UCmvAlKqPYr2TNWKJ_QI4Eag,1.723012837102318,-0.4,0.0,-0.2892855999996283,-0.1160034347676256,-0.1381782367839406,0.0,-0.2217127734342647,-0.2478718084569988,0.75,1,0.039933771567181364
UCmvZpvKYvp2Kb0IR7EvJ9HA,0.2730123789980106,-0.4,0.0,-0.1916085970017201,0.0696166557917301,0.1678631233714374,0.0,-0.2217127734342647,-0.2478718084569988,0.25,1,0.14201764458950034
UCmvfVgiFu8jnpmrQ5WrHCjw,1.432936289693336,0.2,0.0,-0.2467214309265678,-0.1274457691171749,-0.0344881505342009,0.0,-0.2217127734342647,-0.2478718084569988,0.25,1,0.14331154352107756
UCmwgpZOg5ZKTd03pXT8tUfw,0.2262641831007358,0.4,0.0,-0.097994512694101,-0.1436910586257943,-0.237724666234511,0.0,-0.2217127734342647,-0.2478718084569988,0.25,1,0.1473867278690305
UCmxTwnIndIzZ0XojtRYD8Gw,1.2131322613265272,-0.4,0.0,-0.192216786435394,-0.4007904230230755,-0.4515670214759114,0.0,-0.2217127734342647,-0.2478718084569988,0.25,1,0.13995871960480982
UCmz7Fa0JLv88R-J5wuuln9g,-0.1391428344957646,0.8,0.0,1.2697029033403138,0.487627860143953,0.0253235799616653,0.0,1.6044277048521072,2.160476403912765,0.5,-1,-0.04548739781856426
UCn-kqOTqfaVXx7Z2O7L68_g,22.63354929394862,-0.2,0.0,-0.2998440022768251,-0.2602333529267597,-0.3180768781149178,0.0,-0.2217127734342647,-0.2478718084569988,0.0,1,0.03906274900350459
UCn-uIoNpG13Vy996F8doA8A,-0.2911417324182298,0.2,0.0,3.990797405084277,-0.2837183910207421,-0.395038861970487,0.0,-0.2217127734342647,-0.2478718084569988,0.0,1,0.08992762757308087
UCn0n3tgApvygsAsYoy7HtQQ,-0.034288459207603,0.2,0.0,0.0989003437993045,1.6402889403479224,7.3304751247290545,0.0,-0.2217127734342647,-0.2478718084569988,0.25,-1,-0.046975919798875165
UCn1992lfvkaRm95qZjAi69A,-0.2409939108736633,-0.2,0.0,0.3674063194964794,-0.3322776803128111,-0.4349416992337534,0.0,-0.2217127734342647,-0.2478718084569988,0.0,1,0.15941481933655222
UCn1fwz9Ze0obbGo8v0y-z4A,0.8009030117146374,-0.4,0.0,-0.2101468137047784,-0.1143082741232479,-0.1574441861014095,0.0,-0.2217127734342647,-0.2478718084569988,0.25,1,0.1500240435597004
UCn3ZghRTKz_ZtL4MvSp4QXw,0.0622489029421468,0.0,0.0,-0.0462030642634013,-0.3348002407955159,-0.2522053924982172,0.0,-0.2217127734342647,-0.2478718084569988,0.0,1,0.1632778381518672
UCn4U9igAejNPLaF-Tj2o69g,0.3533492792475238,-0.4,0.0,-0.0411817226266229,0.2959206018161501,0.1102937985127151,0.0,-0.2217127734342647,-0.2478718084569988,0.0,1,0.14675713913544097
UCn4hWEyf8Bkedpy9-n07K8A,4.70546511738169,0.6,0.0,-0.2794681501331475,0.2060770876641331,0.3337739237901944,0.0,-0.2217127734342647,-0.2478718084569988,0.0,1,0.11236461656104818
UCn7xx7LRKgkVauIClfdCfbQ,-0.1492708924004457,1.2,0.0,0.2043127490121351,0.0790704363084517,0.074193674314709,0.0,-0.2217127734342647,-0.2478718084569988,0.0,1,0.1356943764959363
UCn8Kxj1xbtUCeKmMTJNu8UA,0.263706193192972,-0.4,0.0,-0.2359930380945832,-0.3431549611142345,-0.4063521971349332,0.0,-0.2217127734342647,-0.2478718084569988,0.0,1,0.15875300883115456
UCn8lFdt8N-vuKcSftTS0taA,-0.0983824810308765,-0.2,0.0,3.6650167491651744,0.0145239348494555,-0.075004793223094,0.0,-0.2217127734342647,-0.2478718084569988,0.0,1,0.09600128753215476
UCnAgCA1y5OmKoT6SrzSiudQ,0.2186669119988811,-0.2,0.0,-0.0151304652506634,0.0724419235323595,-0.2713709047879671,0.0,-0.2217127734342647,-0.2478718084569988,0.0,1,0.15361024772248028
UCnBgsDPs_wdpDxKM9Lfxobg,-0.3520304144924197,3.0,0.0,3.4774654011009387,-0.3688135290495875,-0.377735487546371,0.0,0.6913574657089212,0.7154674764909068,0.5,-1,-0.05781459451391768
UCnC36BS7R5un32OeP_cludg,-0.3320084646023093,0.6,0.0,1.8816768979731984,-0.3410360103087624,-0.4318786197985073,0.0,-0.2217127734342647,-0.2478718084569988,0.25,1,0.10065843726475387
UCnCNwrKiG-aBDwWKY0yFDdw,-0.1489960006838499,-0.2,0.0,0.0122662021706596,-0.1210889167007586,0.4317458530476005,0.0,-0.2217127734342647,-0.2478718084569988,0.0,1,0.1499045055520155
UCnCWD5WK-qKflByYYH3QF6w,0.3200645010864646,1.8,0.0,-0.0729884757808197,0.1424555897298334,-0.4970305967178514,0.0,-0.2217127734342647,-0.2478718084569988,0.25,1,0.09187385631920675
UCnD9_JyJpduPq5B3UOyJIBA,-0.2321352194179554,4.6,0.0,0.2369910139298223,-0.1185461757341921,-0.2652639541138067,0.0,-0.2217127734342647,-0.2478718084569988,0.25,1,0.05592841025993056
UCnE2_0tfPNMzhI78gSc_ZZg,-0.2152646709398279,7.2,0.0,0.6060887634634984,-0.438537314115904,-0.5081611824813032,0.0,4.343638422281664,6.495503186178341,0.0,-1,-0.13315108249732577
UCnG1OvQpAJ8ru0LdJimuJUQ,-0.1713442078216336,1.0,0.0,0.0969902801579999,-0.1599363481344138,-0.2413439578330212,0.0,-0.2217127734342647,-0.2478718084569988,0.5,1,0.09686820365592858
UCnGeTCCH-DAN4LyZsnSt3kg,0.7274503136353968,-0.4,0.0,-0.2315412287790989,0.0229997380713439,-0.0077561343362183,0.0,-0.2217127734342647,-0.2478718084569988,0.5,1,0.09097195305750233
UCnHxhZFucjltYKPE1alR4Kg,-0.0779716487182758,0.6,0.0,3.622672094891733,-0.4016380033452644,-0.370674570488384,0.0,-0.2217127734342647,-0.2478718084569988,0.0,1,0.09465093064375668
UCnITzgPncaJelxljuCDR-eQ,-0.2185962177888763,0.2,0.0,0.2072530746314558,-0.1639976705115686,0.1060521209832155,0.0,-0.2217127734342647,-0.2478718084569988,0.0,1,0.16005375240395514
UCnIhtlcDwQBBeDH-FIy_Ytw,24.97701169142561,0.4,0.0,-0.2999888877500389,-0.047161077487621,0.1830525460942567,0.0,-0.2217127734342647,-0.2478718084569988,0.0,1,0.009925771018475082
UCnIqkaQWU4N_cciqP90J75w,0.0155103096750643,3.4,0.0,1.3925639086955048,1.1386273371524034,1.0911229473379052,0.0,0.6913574657089212,8.422181756074153,0.0,-1,-0.1151758636201412
UCnIrA-JiiEN0KLIQuSibO5w,-0.2476324045592493,3.2,0.0,0.0783315944046136,0.6133578581350483,0.7638259388100811,0.0,-0.2217127734342647,-0.2478718084569988,0.0,1,0.07854740288637208
UCnIyVBUzhFsJkqP57shW3qA,0.4339952899302831,0.2,0.0,-0.1732601817023166,-0.0718233104735324,0.2695967410710716,0.0,-0.2217127734342647,-0.2478718084569988,0.0,1,0.15062249750176565
UCnJxWC0YGBwu8biT_0UXvxg,0.0477489766685364,1.2,0.0,0.0769176001956088,-0.4480593256066839,-0.5968230492335003,0.0,3.430568183138479,5.0504942587564825,0.0,-1,-0.06288672381956639
UCnKIqSLmSPezuKxJhMFqXXg,-0.3021499009664157,4.0,0.0,3.4064583488092937,-0.3723807862978571,-0.4271344653731714,0.0,1.6044277048521072,1.1971371189648596,0.0,-1,-0.0401739955236331
UCnK_BexIt85dzjwcJrkGngg,-0.2819866554870765,-0.4,0.0,3.2302003017740537,-0.382143655934921,-0.4785970018644354,0.0,-0.2217127734342647,-0.2478718084569988,0.0,1,0.1118893407933339
UCnKa14SQPVk_9rgQMf1Mngg,0.1734385237930273,0.2,0.0,2.970120706224897,-0.0914236054241492,-0.1441750609461752,0.0,-0.2217127734342647,-0.2478718084569988,0.0,1,0.10794814564315147
UCnKh4GWEx7wgYilsBEZV-Tw,0.5034019816354213,-0.4,0.0,-0.2341761320402043,-0.3007759450047925,-0.4096725125615011,0.0,-0.2217127734342647,-0.2478718084569988,0.25,1,0.14426261543497215
UCnLijCHD1jWR4inx_Ks-nRA,2.516363056155562,-0.4,0.0,-0.2765012231987575,-0.2465308043847068,-0.0315255480148717,0.0,-0.2217127734342647,-0.2478718084569988,0.0,1,0.14197959635333246
UCnMkswDGz_DSGoDIj8Q7A4g,-0.330460261403203,-0.4,0.0,1.484998271647256,-0.393162200123376,-0.3879471836640858,0.0,-0.2217127734342647,-0.2478718084569988,0.0,1,0.13886263742426197
UCnNhzuuJPqQ6rCYK-SgUuNA,0.6571830966589747,0.0,0.0,-0.1663464335053074,-0.0781044860754675,-0.2043196928751324,0.0,-0.2217127734342647,-0.2478718084569988,0.5,1,0.09874738881775114
UCnOu_S6Vi6SUIIe9H1xYmbw,3.934572328020688,-0.4,0.0,-0.2582606413223086,-0.1439735853998573,-0.2406642581633074,0.0,-0.2217127734342647,-0.2478718084569988,0.0,1,0.13681735414675328
UCnPN1FvmTXmBhDKkFvsuw2Q,-0.32152734102699,-0.4,0.0,0.6153548564110084,-0.0676913564028618,-0.2960884550777446,0.0,-0.2217127734342647,-0.2478718084569988,0.25,1,0.14200771341055807
UCnR-rBc7kKWhl_BQHoMbWYw,0.856778301418272,-0.4,0.0,-0.2155041063727338,-0.3007759450047925,-0.2873273582999358,0.0,-0.2217127734342647,-0.2478718084569988,0.25,1,0.1503202579766083
UCnRIcQcIwi3mHurrKrZPlqA,-0.224946325202562,3.4,0.0,0.6141187669311537,-0.2584675605888663,-0.3624389317102247,0.0,-0.2217127734342647,-0.2478718084569988,0.25,1,0.08513059791793681
UCnS1wQs5Y6gz2s4qYNxCEOQ,-0.2476886525611228,-0.4,0.0,0.6672614619163492,-0.245683224062518,-0.3938450055942941,0.0,-0.2217127734342647,-0.2478718084569988,0.25,1,0.13584676578930144
UCnTovy65ZfihvnQ_pfltpdQ,0.530238917637463,-0.4,0.0,-0.2717050640145492,-0.5058903829744916,-0.5975020816698922,0.0,-0.2217127734342647,-0.2478718084569988,0.25,1,0.11926853662499687
UCnU6Yx37CKGLrE5eHl9n_LQ,-0.2300999331119157,1.6,0.0,0.4311947103752067,0.2131402570157069,0.3516085772759981,0.0,-0.2217127734342647,-0.2478718084569988,0.25,1,0.1028380754438013
UCnUI3X3zqEie15Miv8XV-eA,0.3307633467617329,7.4,0.0,0.0382666086523391,-0.0793841122112396,-0.1432764465836864,0.0,10.735130096283966,11.793869253391822,0.0,-1,-0.2136077602413391
UCnUNvG1VUFYOTy8amtoyZJw,-0.2159632119372456,0.6,0.0,-0.0436482710297604,0.0560553706367087,0.1554534031267599,0.0,-0.2217127734342647,-0.2478718084569988,0.25,1,0.1336705248245112
UCnVy1vdIejX7_tHKg7rMeYQ,0.3716859434385822,-0.4,0.0,-0.15150941609539,-0.2397501618071961,-0.1365920166221406,0.0,-0.2217127734342647,-0.2478718084569988,0.25,1,0.15029768330019844
UCnYmmnKPmhKSjrJSoyUx4qQ,-0.2716964062787703,-0.2,0.0,0.9492581216031158,-0.3407534835346995,-0.4930125804297107,0.0,-0.2217127734342647,-0.2478718084569988,0.25,1,0.1272685186522054
UCneQAuSH0utRNqg2xcUYk1g,-0.3513864545067391,2.2,0.0,1.3720841161529411,-0.3854868894279992,-0.4693071508495455,0.0,-0.2217127734342647,-0.2478718084569988,0.75,-1,-0.013924041534572384
UCnfuweTzzNsOctBL80dsi_A,-0.2319556561245431,-0.2,0.0,1.7109961874143946,-0.3146197569338769,-0.5194584009827266,0.0,0.6913574657089212,0.7154674764909068,0.0,1,0.06404315349209766
UCng4yL2lwo5OlO70MxCHOUg,-0.2764824042960987,-0.2,0.0,0.953482678968758,-0.2800102271111659,-0.3441893680429966,0.0,-0.2217127734342647,-0.2478718084569988,0.25,1,0.13647388219599532
UCnk9_qm-aBzZde1l0O_81mQ,-0.2489950815620124,-0.4,0.0,0.0758091526267094,-0.1380405231445354,0.0610079303959897,0.0,-0.2217127734342647,-0.2478718084569988,0.0,1,0.16006115905931406
UCnmBpLhupMscmhGpg9iQ5kA,-0.2440443660353727,-0.2,0.0,0.090018136322168,-0.3216829262854506,-0.3334480818179822,0.0,-0.2217127734342647,-0.2478718084569988,0.0,1,0.16346083626245295
UCnrTOSI3er_05QlX1VGs6aA,-0.2056029754610346,0.6,0.0,0.3364185210707996,1.396927440339452,0.9055014950010544,0.0,-0.2217127734342647,-0.2478718084569988,0.0,1,0.07117392124994065
UCnsfjEFtF8mt-9PxA-ah2tw,-0.1780195086013417,0.2,0.0,-0.1457925369556991,-0.022027966544938,0.1694733438872333,0.0,-0.2217127734342647,-0.2478718084569988,0.25,1,0.14066903947053916
UCnsjHUJCEsqGtxDPO2FFT-g,0.3189796395220985,0.4,0.0,-0.0328512333520168,-0.2595270359916024,-0.4163085281397756,0.0,-0.2217127734342647,-0.2478718084569988,0.5,1,0.09685257786813906
UCnsmcolZ6ykSiEGmb9IwSVA,0.4349629169297246,-0.2,0.0,-0.1868763445265372,0.3450802605031028,0.4768238184766932,0.0,-0.2217127734342647,-0.2478718084569988,0.0,1,0.14401028150966216
UCnswp4cGdLGwsSpj8ziXFxQ,0.0927861506313675,0.2,0.0,-0.1678714269247982,0.1628504912325024,-0.0963951884855413,0.0,-0.2217127734342647,-0.2478718084569988,0.5,1,0.09593215934000754
UCnt0yt-axQPlRqasAi3z61A,-0.3147788717399269,-0.4,0.0,3.861427593115002,-0.4567307242875389,-0.4691448958769683,0.0,-0.2217127734342647,-0.2478718084569988,0.0,1,0.09023835999190594
UCnu5r1M-6wLW967k9MEoMag,-0.1962283172640198,1.4,0.0,0.0455546694968839,-0.2651775714728613,-0.3456117982999832,0.0,-0.2217127734342647,-0.2478718084569988,0.25,1,0.12925480876635204
UCnuQPpwN31RaA5jxN5Bp-PQ,-0.1504275584364482,0.0,0.0,-0.0120959618166159,0.1095740138377753,-0.4611607176149357,0.0,0.6913574657089212,0.7154674764909068,0.25,1,0.060286610545074726
UCnukuEvJA21qcZDwJN__ucQ,0.9102019159189384,0.6,0.0,-0.2109780167369707,-0.158806241038162,-0.1482201442530435,0.0,-0.2217127734342647,-0.2478718084569988,0.0,1,0.14861959137451924
UCnuvV-vdMi2mgY7gqPZwvjA,2.366507397811187,0.8,0.0,-0.2600028905165596,-0.0675372508897365,-0.0497203766942478,0.0,-0.2217127734342647,-0.2478718084569988,0.0,1,0.13304456342061038
UCnvcUWr3WIzK2dmBbiFVtkg,1.2818123932883403,-0.2,0.0,-0.244162459410193,-0.2835418117869528,-0.2894597095852596,0.0,-0.2217127734342647,-0.2478718084569988,0.0,1,0.16180806604999126
UCnvhoIWKObU3SzadnSdCxuA,12.73803534604653,-0.2,0.0,2.324028764425782,0.0787987759487758,-0.2004540205076884,0.0,-0.2217127734342647,-0.2478718084569988,0.0,1,0.043774280548434075
UCnwZ4IQ0kybagkkITn2A5dQ,1.985745040816948,-0.4,0.0,-0.2257873874832292,-0.2948428827494707,-0.1242349000292186,0.0,-0.2217127734342647,-0.2478718084569988,0.0,1,0.15324757220465185
UCnxFBoh4ax43T0FumVOk_Fg,1.5783401408313145,0.2,0.0,-0.2828785131111603,2.5191237869174747,2.5255782938521287,0.0,-0.2217127734342647,-0.2478718084569988,0.25,-1,-0.011482323449854448
UCnxPsAMNeUyP4qkvvA6Zeqw,-0.0527147283098426,0.6,0.0,-0.0492171667327095,-0.4838532945975817,-0.5053470878456083,0.0,1.6044277048521072,1.1971371189648596,0.0,1,0.047672326666633125
UCnyD6c_HyLINjHGBFN5y8Gg,0.1761973653384666,-0.2,0.0,-0.1897797643635917,-0.000308720788849,0.1304231988818874,0.0,-0.2217127734342647,-0.2478718084569988,0.0,1,0.16006124965390234
UCnyx2yGaiqdfkTeIZsUXygA,-0.2420543240237361,-0.2,0.0,0.3709156764817745,-0.4099725431801213,-0.4841552614465486,0.0,-0.2217127734342647,-0.2478718084569988,0.0,1,0.15730213515218888
UCnyzEJXnDtlKd9aHKTos95A,0.7873169984359052,-0.4,0.0,-0.2535567888769502,-0.4016380033452644,-0.4859672246112305,0.0,-0.2217127734342647,-0.2478718084569988,0.5,1,0.08668051317302544
UCo-YZyMRXa-PqNan64vqfqQ,0.6396099299359685,0.6,0.0,-0.1569906385692031,0.285749637949884,-0.0206114635455211,0.0,-0.2217127734342647,-0.2478718084569988,0.0,1,0.13523317057309786
UCo-xKZRgUtQBYqxamqLvS0w,-0.1607524478076567,-0.2,0.0,-0.0981812431395297,-0.3033186859713591,-0.4032902100794264,0.0,-0.2217127734342647,-0.2478718084569988,0.25,1,0.14603371509904922
UCo644qXtwea3FkWBunMXUqA,1.1331304516324368,-0.4,0.0,-0.2275851626363435,-0.3558686659470671,-0.3565308955870305,0.0,-0.2217127734342647,-0.2478718084569988,0.5,1,0.09015873159975962
UCo692PX41cQuc0ntVBxGmFA,0.2145313007135973,-0.2,0.0,-0.1111674246085978,-0.1309773537929617,-0.1478049584018325,0.0,-0.2217127734342647,-0.2478718084569988,0.0,1,0.16387484863763785
UCo6To0yXfqqkucSN1syyQZQ,-0.1702264359602614,0.8,0.0,0.5702768274132303,-0.1962153543493148,-0.1729715433107934,0.0,0.6913574657089212,0.7154674764909068,0.0,1,0.09495356291986701
UCo80WyNufaC09efdikjDDCg,-0.3309607764100374,-0.4,0.0,1.159015818372142,3.027671980230778,4.483986655377954,0.0,-0.2217127734342647,-0.2478718084569988,0.0,-1,-0.08354551614720751
UCo9Un8mtNR1peruUYaiMIMg,0.0629858900814474,0.2,0.0,-0.147766120402284,-0.432574685105157,-0.1952268266489982,0.0,1.6044277048521072,2.160476403912765,0.0,1,0.02305958881155823
UCoAdOUWUyFkaoXH59v1yixA,1.9599298128850011,1.8,0.0,-0.2734060393007525,0.4626820302068042,0.5318148910121036,0.0,-0.2217127734342647,-0.2478718084569988,0.0,1,0.09434872147071205
UCoAjoaXkaMiHOsrdXqv5fcA,-0.2584079146324298,0.0,0.0,1.3287157661118327,-0.0847640457498084,-0.3196517799252603,0.0,-0.2217127734342647,-0.2478718084569988,0.0,1,0.14406523136944177
UCoE61yzGABNWcnZteMhnoyA,-0.1620454449086454,-0.4,0.0,-0.0227758623844047,-0.4414742784881398,-0.5475479609372376,0.0,-0.2217127734342647,-0.2478718084569988,0.5,1,0.09015473639700444
UCoFZYdhGqDOsCKyCN2aQ7aA,2.715949777609659,-0.4,0.0,-0.2794971213645858,-0.3685823707798997,-0.3858342688039748,0.0,-0.2217127734342647,-0.2478718084569988,0.0,1,0.13689186104063095
UCoHIplFemvK3BGijcR5m3AA,-0.1764246472236322,-0.4,0.0,0.0515752470980319,-0.0524349106034626,-0.2712051419203842,0.0,-0.2217127734342647,-0.2478718084569988,0.25,1,0.14753282294160813
UCoHs2mBUawrBl13QXf0hJmA,4.422116361203345,-0.4,0.0,-0.2806980261713316,-0.2490735453512733,-0.3158211954857444,0.0,-0.2217127734342647,-0.2478718084569988,0.0,1,0.13237619423190394
UCoHwVlGCKCfsYh_l9Y9mCPA,-0.3214176640097539,11.2,0.0,1.6343937355036706,-0.2509166962106364,-0.3643910403795674,0.0,0.6913574657089212,2.6421460463867183,0.0,-1,-0.09735729777295499
UCoLTdU-qfyWW9InIFn944mg,0.1365626564992467,-0.2,0.0,-0.1714715893695521,-0.4445820730028322,-0.4722440494450514,0.0,-0.2217127734342647,-0.2478718084569988,0.0,1,0.15760814813911062
UCoMCXr3-FFgrAegjJKgvyHQ,-0.3201078012900926,-0.2,0.0,0.7735197284874843,0.0166428856549276,-0.0096111383936511,0.0,-0.2217127734342647,-0.2478718084569988,0.25,1,0.1394155489673175
UCoMiGy0vSUgO8bzxq0zFqkw,-0.3212569980509656,5.4,0.0,3.782584886866124,-0.0903018079388993,-0.0513177196181343,0.0,-0.2217127734342647,-0.2478718084569988,0.25,-1,-0.03604680118848613
UCoN3BaMW3hm2Yh-dGD2XTtg,3.228038133563901,-0.2,0.0,-0.2770710556325025,0.2730359331170515,0.3815713947998271,0.0,-0.2217127734342647,-0.2478718084569988,0.0,1,0.12948665557860095
UCoOJg6dZZvzCEeFUj7ECQCg,-0.3042321745081923,6.0,0.0,1.091657440661936,-0.2183315779897214,-0.309438779086011,0.0,-0.2217127734342647,-0.2478718084569988,0.0,1,0.05357829141908693
UCoQ5wZ1I-b1WS4yLcDL2c5g,0.0,0.0,0.0,0.0,-0.366887210135522,-0.3414307846733801,0.0,-0.2217127734342647,-0.2478718084569988,0.0,1,0.16250782522896895
UCoQ9DeCb-x67_qPOj0grjAQ,0.1588270909981746,-0.4,0.0,-0.1800984851120483,0.391697178223489,-0.1449287297077576,0.0,-0.2217127734342647,-0.2478718084569988,0.25,1,0.12398259954254948
UCoQFcvIe6bEEPvVR_KllA8g,0.3539558355693655,-0.4,0.0,-0.2241351675322932,-0.3355267382145349,-0.5221091933597654,0.0,-0.2217127734342647,-0.2478718084569988,0.0,1,0.15031365724073992
UCoT6vowpfEpzwUMS3Sd32vA,0.0355924091345067,6.0,0.0,0.0258261970628021,-0.4353808631988903,-0.5080140224335682,0.0,-0.2217127734342647,-0.2478718084569988,0.25,1,0.013091355094287715
UCoTfU6RDfVUZBITSwVW5H2w,0.5147332535819132,0.0,0.0,-0.2413303126743447,0.6919827780846776,0.2764028596163196,0.0,0.6913574657089212,0.7154674764909068,0.0,1,0.05505566523281069
UCoTykBskGswv1-1h1IPsRgw,0.0882290251189297,-0.4,0.0,-0.1968528044523499,1.048571927919839,1.4568080218481163,0.0,-0.2217127734342647,-0.2478718084569988,0.0,1,0.09185715639365943
UCoU2cBEl3RVeWQRfQhLX2EA,11.342114544711736,-0.2,0.0,-0.2999017881496753,-0.0885983376835198,-0.1417252300878605,0.0,-0.2217127734342647,-0.2478718084569988,0.0,1,0.11436959263062119
UCoX1aqVdv0QaHJWEvpr02-w,-0.042010917973008,0.0,0.0,-0.0394394638623289,0.17919668316043,0.1530254097154821,0.0,-0.2217127734342647,-0.2478718084569988,0.0,1,0.15146440825521457
UCoYJQdrKWt6lO9tO1ZSbtAQ,-0.3359107849945771,-0.4,0.0,3.000379672924645,-0.0144350594919964,-0.144085287515093,0.0,-0.2217127734342647,-0.2478718084569988,0.0,1,0.10645185768474269
UCoYruH9TE4Qw8xlIjzJvG0A,0.7374917192244859,-0.2,0.0,-0.2540156160408157,-0.5385222253787619,-0.5816937353990529,0.0,-0.2217127734342647,-0.2478718084569988,0.0,1,0.1338268860565301
UCoZYaRKL3tHh7No5IbP2yCQ,-0.1188442131746807,-0.4,0.0,-0.1006443011800236,-0.1829622802205439,-0.1975337591081262,0.0,-0.2217127734342647,-0.2478718084569988,0.0,1,0.16136708841631736
UCo_ZtKR6Ef02Cf0zc6Qm3SQ,0.2409002410454069,-0.2,0.0,0.453374016341364,0.0978693331980247,-0.0010934764652376,0.0,-0.2217127734342647,-0.2478718084569988,0.25,1,0.1417356201021206
UCodMNQYuae8t4aDzp6frEJw,19.59236241507172,1.2,0.0,6.059064646539633,0.4497238310502632,-0.4687604957424776,0.0,-0.2217127734342647,-0.2478718084569988,0.0,-1,-0.11608185437382301
UCoeeSoodOxq3ArEKvdmw1qQ,6.978747016113196,-0.4,0.0,-0.29129986387725,0.5137487446186818,0.579443547678014,0.0,-0.2217127734342647,-0.2478718084569988,0.0,1,0.09907280635523569
UCogTx8XkGLjU2eCDUIX03-A,-0.3100070125645994,0.6,0.0,0.3682776153151725,0.4951019775305273,0.5833106893668512,0.0,-0.2217127734342647,-0.2478718084569988,0.25,1,0.10294944290795338
UCogijBbz1NF_apLFKEoW5Xw,-0.318744816921199,-0.4,0.0,0.4727850349792813,2.366559328923484,3.307088797554456,0.0,-0.2217127734342647,-0.2478718084569988,0.0,-1,-0.01737028359299342
UCojPceuskcvEQs6u23rWfXA,-0.0316867355438995,-0.4,0.0,-0.1535193343656415,-0.277043695983505,-0.569249952075053,0.0,-0.2217127734342647,-0.2478718084569988,0.5,1,0.09527563228285818
UCojgq_MLjvFOIJ3zSfR-UAA,-0.290005196752741,1.4,0.0,0.5106880821023839,-0.3381300206326864,-0.3920209269040797,0.0,-0.2217127734342647,-0.2478718084569988,0.0,1,0.13865073677880974
UColvigIS38WMwusu36-i0lA,1.543064967187569,-0.4,0.0,-0.2815600885110559,-0.4075710656005862,-0.5946768687104081,0.0,-0.2217127734342647,-0.2478718084569988,0.0,1,0.12966415868271441
UCom0ItMmRbPhdjMI6u5yyLg,-0.1774680937633038,0.4,0.0,0.0274265992867181,-0.229861724714993,-0.2869164235610192,0.0,-0.2217127734342647,-0.2478718084569988,0.0,1,0.15964380561725916
UComdrRSBLfUSuteF_rmEcYQ,-0.1368507354050164,-0.2,0.0,-0.0759823287337896,-0.0335056167412452,-0.1791399327214492,0.0,-0.2217127734342647,-0.2478718084569988,0.25,1,0.15025566285513497
UCoo28J6j7DOymrlv8smBGng,-0.2235918241388691,-0.4,0.0,0.1695234762237758,-0.0363308844818747,0.151399708140244,0.0,-0.2217127734342647,-0.2478718084569988,0.0,1,0.1550277723193711
UCooMft_ypFrZazlgoP00Yhg,-0.2884014481029167,-0.2,0.0,4.1031916135275415,-0.3845451335144561,-0.4902224953152453,0.0,-0.2217127734342647,-0.2478718084569988,0.0,1,0.08099806595963155
UCoqjDBvxpPO1YciG38iTkQw,-0.0723917547225929,-0.2,0.0,-0.0334655499131453,-0.3336903141831257,-0.3760681373980575,0.0,-0.2217127734342647,-0.2478718084569988,0.0,1,0.16197451960282727
UCovWmXuyKO72RNDbnEp_2RA,0.3555309025682736,-0.2,0.0,1.0570778764693594,0.0922187977167658,0.018731814960174,0.0,-0.2217127734342647,-0.2478718084569988,0.0,1,0.1436685180462159
UCowPYvagfgj_c7qwVGodb2Q,-0.20422408489489,3.4,0.0,0.550010211560299,-0.2351591017286732,-0.3550976446056808,0.0,-0.2217127734342647,-0.2478718084569988,0.0,1,0.10918804741543964
UCowcCEvOysqBDma_LslGJ8A,-0.3251072958216356,-0.4,0.0,1.48600875368513,-0.3355267382145349,-0.4796672152411251,0.0,-0.2217127734342647,-0.2478718084569988,0.25,1,0.10668589848792714
UCoxqYBfVRsV_Td0W9DRPGoQ,1.0245526283701856,-0.4,0.0,-0.2609113037868919,0.0602932722476529,-0.16966993477249,0.0,-0.2217127734342647,-0.2478718084569988,0.25,1,0.14166019228542126
UCoyPlDOy79M2IMMA3HC-_jw,-0.2829710451713133,1.2,0.0,2.5594406881063936,-0.3352659442692461,-0.2661469208545869,0.0,-0.2217127734342647,-0.2478718084569988,0.0,1,0.1132951970058863
UCoynbeJQZ6hcNhHO3KrR8Lw,1.380957488109644,-0.2,0.0,-0.2425011435081343,-0.3492292867565879,-0.4377649893877917,0.0,-0.2217127734342647,-0.2478718084569988,0.0,1,0.1542900444255308
UCozFHmcBJPwOri74VPIoWiw,-0.1637569517328629,-0.2,0.0,2.338293184984862,-0.3774819641628825,-0.3462858168186313,0.0,-0.2217127734342647,-0.2478718084569988,0.0,1,0.13471283658013145
UCp-6mIXaLqZxjeTkGWCGJrA,0.0267851524932131,-0.2,0.0,-0.0732929569993419,0.7667514707920502,-0.0194488071458267,0.0,-0.2217127734342647,-0.2478718084569988,0.0,1,0.1364197950351353
UCp-Z71UrhORLob0U6BMXjsw,-0.2265263407961705,-0.2,0.0,2.937741323755251,0.1282409614097915,0.1413911040634013,0.0,-0.2217127734342647,-0.2478718084569988,0.0,1,0.10438352803963258
UCp08R7iRtuA2M0MlXOiggog,1.8793849959142772,0.0,0.0,-0.2275667177306059,-0.2016090473086983,-0.3807589846908229,0.0,0.6913574657089212,0.7154674764909068,0.0,1,0.08094363506984403
UCp2dXItjl0dE7Im8JtRW1dA,-0.1872844897811204,0.0,0.0,-0.0766950377246492,0.4316545362695341,0.1110044138360102,0.0,-0.2217127734342647,-0.2478718084569988,0.25,1,0.12634425512239805
UCp33YwpB5FcSNLhUx6hB6HQ,-0.2599943936966672,4.6,0.0,0.1759677705592554,-0.2753485353391274,-0.3291870318479263,0.0,-0.2217127734342647,-0.2478718084569988,0.0,1,0.08436672003218881
UCp4fW0VER_W7Mn9fo5KeE7g,0.0141620586222105,0.8,0.0,-0.092257858894047,-0.3614935171761384,-0.3382655156054872,0.0,-0.2217127734342647,-0.2478718084569988,0.25,1,0.1379117499541322
UCp4ktIQJ_VAoFPHysD0AGgA,0.7095675062725695,-0.4,0.0,-0.2682998350491069,-0.0812526415578832,-0.1362995042660113,0.0,-0.2217127734342647,-0.2478718084569988,0.25,1,0.14871741395646576
UCp7DTZS0eRQIOIsAZBhpLdw,-0.2791065733714788,0.6,0.0,0.8849649434835661,-0.1299885100837414,-0.113207178149751,0.0,-0.2217127734342647,-0.2478718084569988,0.0,1,0.14823754884948265
UCp7cuNFujGu_XQjyTnnhjAw,1.7091850496253689,-0.4,0.0,-0.2905438959150347,2.042783645847348,4.415214716426422,0.0,-0.2217127734342647,-0.2478718084569988,0.25,-1,-0.04579690742528375
UCp8PDbSPfEK5y86sXragZXQ,2.9251063742721124,-0.2,0.0,-0.2809133361844023,-0.2680028392134908,-0.1955487756408422,0.0,-0.2217127734342647,-0.2478718084569988,0.0,1,0.14437809461934625
UCp8ZlX0KLPdg1KItQ6qVyoA,-0.2391841390975391,-0.4,0.0,0.7169348195461881,0.03317070193761,-0.3889265934390197,0.0,-0.2217127734342647,-0.2478718084569988,0.25,1,0.13258052128322967
UCp8d8gMpwZPUdHJ5mTFH6_A,-0.2169552284391387,1.8,0.0,2.634365164816891,0.1318608357024729,-0.1061668374997728,0.0,-0.2217127734342647,-0.2478718084569988,0.0,1,0.08864957951349672
UCp9L1QhJd4BRzgh2klJ1Y8g,0.6500076343434822,-0.2,0.0,0.0013972439227063,-0.3365155819237553,-0.3833400262494225,0.0,-0.2217127734342647,-0.2478718084569988,0.0,1,0.155981571370243
UCpAYnyGIcOmjrlgmLZzrt5Q,-0.2332477534810408,0.8,0.0,0.4969524616927801,-0.3684282652667744,-0.4199274866901394,0.0,-0.2217127734342647,-0.2478718084569988,0.0,1,0.14683826559998275
UCpAm_Itq_-7F-NDB5A1watw,-0.2698331088864996,5.6,0.0,0.3626889813710402,-0.231032192778968,-0.3487641295560345,0.0,-0.2217127734342647,-0.2478718084569988,0.0,1,0.06271999136705997
UCpB6rV0FW18j2oWexkGpf9w,1.1784539235507472,-0.2,0.0,3.970433425737809,-0.2291554077798356,-0.1407848903191464,0.0,-0.2217127734342647,-0.2478718084569988,0.0,1,0.06567657086014633
UCpC2_ae_kd4Q_Rk2veEY_Qw,-0.1614600968498052,-0.4,0.0,-0.1093380615210809,1.429135492582628,2.611370771631829,0.0,-0.2217127734342647,-0.2478718084569988,0.0,1,0.03254266346611712
UCpC62U3jguClK3_iZHHPr9A,-0.1094319860546348,1.0,0.0,0.3148206962879284,-0.5141542911158328,-0.5491374720194733,0.0,-0.2217127734342647,-0.2478718084569988,0.25,1,0.11371246754726722
UCpCIqWtn3rHaKugfOE-e42Q,0.2254767842569199,0.0,0.0,-0.225307571964232,-0.3711251117464662,-0.3179237404222718,0.0,0.6913574657089212,0.7154674764909068,0.0,1,0.08991400219726248
UCpDWoBWb5GEm3AlrdXaXiRw,0.269521498907971,-0.4,0.0,0.7242520435071065,0.054360209992331,0.5593667046328624,0.0,-0.2217127734342647,-0.2478718084569988,0.25,1,0.11795520307360724
UCpF0GKx6SJTtkoqpuzyb2Iw,-0.1933889736580118,1.2,0.0,-0.0614247773595062,-0.2896270038436932,-0.139165516131912,0.0,-0.2217127734342647,-0.2478718084569988,0.0,1,0.14255642339704971
UCpFkSc7mzP3OdTRX0pZLj_A,2.594766974720085,0.0,0.0,-0.255737596174625,-0.3408543859540076,-0.3464395939478068,0.0,-0.2217127734342647,-0.2478718084569988,0.0,1,0.1398510495018649
UCpGfByhEqQGAuUWle1Xka7A,-0.2755520684924349,-0.4,0.0,1.405538218552448,-0.2405977421293849,-0.320132250367949,0.0,-0.2217127734342647,-0.2478718084569988,0.0,1,0.14537991024432223
UCpGoQhkei0XZxLSEN3a-mJQ,-0.2941262652291096,-0.4,0.0,0.3045481226708482,-0.1956759850533764,-0.3292834838454447,0.0,-0.2217127734342647,-0.2478718084569988,0.0,1,0.1592503751138109
UCpJTHHz16IR06i2t0JzwZ3w,0.0143364070700016,0.0,0.0,-0.1257842421620963,0.6774528297042977,0.5118038134857469,0.0,-0.2217127734342647,-0.2478718084569988,0.5,1,0.08575168361450147
UCpKuo-jXS_IDN32RXu4HiOA,-0.227495735150862,0.2,0.0,0.988835934215131,-0.366887210135522,-0.4045616738204575,0.0,-0.2217127734342647,-0.2478718084569988,0.25,1,0.12908568904880047
UCpNYXy-lbcqcC3gAF6BHpFQ,0.6491494066340232,-0.4,0.0,-0.2346682098848176,-0.3779057543239769,-0.47520193291316,0.0,-0.2217127734342647,-0.2478718084569988,0.0,1,0.15356401152313004
UCpNik8dt107T4cusNd8MpNA,3.0979318025288727,-0.4,0.0,-0.2290077867925523,-0.2177130734302863,-0.2255630351592323,0.0,-0.2217127734342647,-0.2478718084569988,0.0,1,0.14448241695239133
UCpOusZb_Kt6z0UycO6bXhnw,-0.0531834309221747,-0.4,0.0,-0.0861319501297847,0.4552657023876519,0.9137140569883296,0.0,-0.2217127734342647,-0.2478718084569988,0.0,1,0.13309108088917854
UCpOxOFiD74OqNXerWWkc4dQ,-0.0692211194038753,0.6,0.0,-0.051318104263197,0.0085908725941336,0.3768824263813841,0.0,-0.2217127734342647,-0.2478718084569988,0.25,1,0.12412802913787813
UCpP-udLxmI-nJRdSBaWLqGQ,-0.0250485492244439,-0.4,0.0,-0.1345502507797074,1.1994412252694526,1.6860215682333954,0.0,-0.2217127734342647,-0.2478718084569988,0.5,1,0.025269180306979167
UCpPdp3vI2rxEPxTFTb_6CgA,0.0194942229680461,2.2,0.0,4.075758304789164,-0.3261562668747805,-0.2950170906026689,0.0,-0.2217127734342647,-0.2478718084569988,0.0,1,0.05610094965346957
UCpQ_HC3Mec7kbm9a0nQGELA,0.6761821655977784,-0.2,0.0,-0.2288773426091862,0.1247093767340046,-0.1932416544162371,0.0,-0.2217127734342647,-0.2478718084569988,0.0,1,0.14684237237947528
UCpR4vzdJ-xJy_XYzyJ6r7Tg,-0.2702507096841711,-0.2,0.0,1.3824914592322883,-0.3110881722580901,-0.3654973110495652,0.0,-0.2217127734342647,-0.2478718084569988,0.0,1,0.14507430192441884
UCpRp9c3v4pDsSTGTBKF7TUw,0.342555485280526,0.0,0.0,0.1935455793434879,-0.175576223127184,-0.2800375858082589,0.0,-0.2217127734342647,-0.2478718084569988,0.0,1,0.16331459839190277
UCpS9AcD10Y1fVdxKg7Fzqmw,0.4049108082566622,0.4,0.0,-0.1564921601264612,0.2250063815263505,-0.0616350411936983,0.0,-0.2217127734342647,-0.2478718084569988,0.0,1,0.1394108676122519
UCpSK84XGllQ7NokTBpJLTYw,-0.163190691110724,-0.4,0.0,1.783674014838866,-0.0329405631931194,-0.1148672433431915,0.0,-0.2217127734342647,-0.2478718084569988,0.0,1,0.13609644396721393
UCpUQqSHhMhPVA1iZYpXv6Og,-0.2712976909343429,-0.4,0.0,0.4759214291798958,0.0102860332385113,-0.1045245555934182,0.0,-0.2217127734342647,-0.2478718084569988,0.25,1,0.1458909783715962
UCpUww68nJFx0dGFIXzgPy_g,0.5153528378367414,0.6,0.0,-0.1592352080969324,-0.1422784247554796,-0.0327320812690988,0.0,-0.2217127734342647,-0.2478718084569988,0.0,1,0.1512063425432485
UCpV6HLZ8e_OZaR4lAwNBkWQ,-0.3267530570305486,0.0,0.0,3.978333033213069,-0.4546723149336518,-0.5303864591600721,0.0,-0.2217127734342647,-0.2478718084569988,0.0,1,0.08166477239190689
UCpVwN_26jL6arM4yM03770w,-0.1519245083333009,1.0,0.0,0.2441226861517498,0.9468622892571784,-0.1206760510484373,0.0,-0.2217127734342647,-0.2478718084569988,0.0,1,0.09817435723343204
UCpWXJPjR6_MYdO3CCu95n1A,-0.1512428983251708,0.4,0.0,-0.0877801186507813,-0.4200964192507102,-0.4758450360160385,0.0,-0.2217127734342647,-0.2478718084569988,0.5,1,0.0921419739170764
UCpYWiUZ-YP21Kzr5axzqGew,1.6201315532822576,-0.4,0.0,-0.2490551252837765,0.0162190954938332,-0.212963912802018,0.0,-0.2217127734342647,-0.2478718084569988,0.0,1,0.1528773707098558
UCpYXpWvwZiNL9cTmDktlVlw,-0.1774680937633038,-0.4,0.0,1.179005711821749,-0.250768705995651,-0.345016502578103,0.0,-0.2217127734342647,-0.2478718084569988,0.0,1,0.14458168104688718
UCp_58LybrkbVyvW58LGzgfg,-0.0438192758649321,1.6,0.0,0.2099707520731348,-0.2951254095235336,-0.3326503028790706,0.0,-0.2217127734342647,-0.2478718084569988,0.25,1,0.1294505814735819
UCpc2wbejKm1C8Lky19qlOKg,4.679836522164157,0.2,0.0,-0.2704688589739741,-0.5454088154965462,-0.5805112040921605,0.0,-0.2217127734342647,-0.2478718084569988,0.0,1,0.09953181373989234
UCpcnz26gq7JDuAOVWGLl47Q,0.9827770632046522,0.4,0.0,-0.2585580420067377,0.6455003969233692,0.8402212157544409,0.0,-0.2217127734342647,-0.2478718084569988,0.0,1,0.11215690404561046
UCpcqX1wtK3S7QC4b7K-k8FQ,0.4820429043192889,0.4,0.0,-0.189995611674217,0.1228258649069183,0.2785711600525392,0.0,-0.2217127734342647,-0.2478718084569988,0.25,1,0.12569198321335873
UCpcuT8NsgzbhHh8L8trRGtA,0.5124882074556163,0.0,0.0,-0.1739622867353251,-0.0986885796143393,0.2248470296754531,0.0,-0.2217127734342647,-0.2478718084569988,0.0,1,0.15523447126827966
UCpdXdtxaS6of0CroCqyP3Kw,-0.2535542521569539,0.0,0.0,0.3375418601490728,-0.2603342553460679,-0.4397853887001712,0.0,-0.2217127734342647,-0.2478718084569988,0.0,1,0.1604125540977171
UCpeBLoggNonGutdbS4WDnvQ,0.043482241218734,0.2,0.0,-0.1565143592213499,-0.1459865886650558,-0.3270496091497919,0.0,-0.2217127734342647,-0.2478718084569988,0.25,1,0.14892277952692806
UCpgLy7wx0OVMuyhPtryOB3w,0.172263875226333,0.8,0.0,-0.1816599731707875,0.0206881553744653,-0.2450983184082767,0.0,-0.2217127734342647,-0.2478718084569988,0.5,1,0.09181357674219387
UCpiI1evZOZYOiUBCn9wJCEw,3.412849058184884,-0.4,0.0,-0.2846470110872638,0.0340182822597988,-0.1592727315700632,0.0,-0.2217127734342647,-0.2478718084569988,0.0,1,0.13659925046590976
UCpiKAGe27le2DBcUsopLApQ,-0.2466417355784146,3.0,0.0,0.6541484378980317,-0.0012718802458818,-0.1406921330092851,0.0,5.256708661424851,3.123815688860671,0.0,-1,-0.057637172108056745
UCpijOBQmHni-VITljlIDRqw,1.8745915918368528,0.4,0.0,-0.2600449859989358,-0.366887210135522,-0.4408528442809543,0.0,-0.2217127734342647,-0.2478718084569988,0.0,1,0.1461779146633786
UCpjexoE4MnR65AqpxAsT_fQ,-0.2887337108899395,3.4,0.0,1.1710628475679616,-0.3006699974645189,-0.3819411495113983,0.0,-0.2217127734342647,-0.2478718084569988,0.0,1,0.10171521827589936
UCpmTzaCYFayfSDVxMQyIqxQ,-0.2075626189623691,0.2,0.0,0.1673673650658916,-0.2556422928482368,-0.3310995980264923,0.0,-0.2217127734342647,-0.2478718084569988,0.25,1,0.150176292641521
UCpnt-lNJhewVspZJxHwb5mw,-0.2192872536916737,-0.2,0.0,0.0038406178217673,-0.2030216811790131,-0.2800755623860416,0.0,-0.2217127734342647,-0.2478718084569988,0.0,1,0.16676380991699924
UCpolSc4fu09jk6A1JlAk4Jw,0.2479272455198891,2.2,0.0,-0.0085044568388006,-0.2771849593705365,-0.3117692793248379,0.0,-0.2217127734342647,-0.2478718084569988,0.0,1,0.14158672552982887
UCppd6BClODIJSrQYTSZX9mA,0.1775264164865579,-0.2,0.0,-0.086196353756622,-0.1994900965032262,-0.0516137674110652,0.0,-0.2217127734342647,-0.2478718084569988,0.25,1,0.1527933507262177
UCpqhplEG8-E_T896b2MQe9g,5.616650566497322,-0.2,0.0,-0.2890365253728814,0.0053418146924098,-0.0914999828882818,0.0,-0.2217127734342647,-0.2478718084569988,0.25,1,0.10827808376093695
UCpsxvI_4J0OuOvPQTqiAlXg,12.954501724023489,-0.4,0.0,1.5276310798192427,0.6425809535913852,0.1734974519226322,0.0,-0.2217127734342647,-0.2478718084569988,0.0,1,0.0432756494544122
UCpwrxvKLuBcQwLZosZ-lLDQ,-0.3577913499331786,-0.2,0.0,3.7040878317818415,-0.3577050899784763,-0.4079049180114659,0.0,-0.2217127734342647,-0.2478718084569988,0.0,1,0.10018388668007633
UCpxetUWFBzzUx1DADMqHRfA,0.3757155134088586,-0.4,0.0,0.0762839350263705,-0.1465163263664238,-0.2444457693745929,0.0,-0.2217127734342647,-0.2478718084569988,0.0,1,0.16113514888105734
UCpy6SAM6SGEWqo4tY1X1ECA,-0.2907838429800802,2.2,0.0,1.2558480703729398,-0.1368633282526065,-0.330290017481711,0.0,-0.2217127734342647,-0.2478718084569988,0.25,1,0.10205478089129205
UCpziFMD2P9exl1mHaAhjXSg,-0.2370131841757538,0.8,0.0,5.99401258722064,-0.4312262618653111,-0.3773176072015452,0.0,1.6044277048521072,1.1971371189648596,0.0,-1,-0.04758791510782512
UCpzwGD0xJV0mu4qZDV48VUw,-0.1124817342742441,-0.4,0.0,-0.0365465974732946,0.3221955918040041,-0.2545819388655184,0.0,-0.2217127734342647,-0.2478718084569988,0.25,1,0.12362648612327681
UCq-9TvVYgr4onqvX6fC-YDA,-0.1142710047294669,-0.2,0.0,3.879619777050016,-0.2842481287221102,-0.3541038664229734,0.0,-0.2217127734342647,-0.2478718084569988,0.0,1,0.09887500017213796
UCq-g0LTHEC0icWYOTStv4zQ,0.1799668816076539,0.0,0.0,-0.1042252149050455,-0.2119010940781343,-0.3806724484836487,0.0,-0.2217127734342647,-0.2478718084569988,0.0,1,0.16180058443679007
UCq01OSJO_abJddWEXmqgSOA,-0.2844246268893361,1.2,0.0,1.56166334045942,-0.2808252081901937,-0.3007416380788558,0.0,-0.2217127734342647,-0.2478718084569988,0.0,1,0.13353918819409522
UCq119kYAubeVfrWhYFykIlQ,0.0244981947995562,-0.4,0.0,-0.0876850153701013,-0.1278695592782693,-0.324792978152817,0.0,-0.2217127734342647,-0.2478718084569988,0.0,1,0.16476673687825966
UCq15xzbYB8IJisLWbvO5AMA,0.8374029625467173,0.2,0.0,-0.1263277609952321,-0.1814790146567134,-0.050381820082934,0.0,-0.2217127734342647,-0.2478718084569988,0.0,1,0.15131494648106902
UCq20xIJO2Q0DAU0KHMYLbzQ,-0.2544000415948091,4.8,0.0,0.2822650228263813,-0.2858202535132669,-0.3428102986114664,0.0,1.6044277048521072,3.605485331334624,0.5,-1,-0.06449537933545302
UCq3mPiOPEle27lj8qnnLSPg,-0.2484497935555083,0.4,0.0,0.9998413730527932,-0.287779713397897,-0.3309487575718834,0.0,-0.2217127734342647,-0.2478718084569988,0.0,1,0.15588738820842057
UCq3rP5x7uZ0mECyPW2tmZ3A,-0.0442510407525367,0.2,0.0,-0.1203133950090399,-0.4251583572860046,-0.3619176278457488,0.0,-0.2217127734342647,-0.2478718084569988,0.5,1,0.1005401487529331
UCq4Y78rboT-gqem7y1fmLyA,-0.2623011457691255,-0.4,0.0,0.5389186645658107,-0.1727913163542778,-0.0958981991247895,0.0,-0.2217127734342647,-0.2478718084569988,0.25,1,0.14626062659189315
UCq4eJXEEmcnCLAfbRXiBOWA,0.1933977715912899,0.0,0.0,-0.1599954786945911,0.0066535461434163,-0.1743937848477662,0.0,-0.2217127734342647,-0.2478718084569988,0.25,1,0.14972828538729205
UCq6ELOz1Rf_VgNBgs_92A9Q,6.596607519841196,0.2,0.0,2.628796207119801,-0.4240988818832686,-0.5080356318343653,0.0,-0.2217127734342647,-0.2478718084569988,0.0,1,0.05457211162858677
UCq6nfVndj-E3C9By_uW4_OA,0.5406967121234807,0.2,0.0,-0.2235935658243077,-0.4050283246340197,-0.504163277568646,0.0,-0.2217127734342647,-0.2478718084569988,0.0,1,0.14982661686803683
UCq7LuBnCMDn6s01_wmWsIoA,-0.3317030656150883,0.6,0.0,2.8489729141598263,0.1874303205759788,0.6989935752462061,0.0,-0.2217127734342647,-0.2478718084569988,0.0,1,0.07985972927746565
UCq9AJnrPqNsoujSA8v4zL9w,-0.1496301277475934,-0.4,0.0,0.3540655981698241,-0.3838388165792987,-0.3967452638077238,0.0,-0.2217127734342647,-0.2478718084569988,0.25,1,0.13694331222298978
UCq9PEZg1opT2a6X469kIGmQ,0.0372928368931485,0.0,0.0,-0.1127360301050991,-0.2567017682509729,-0.4406756793411121,0.0,-0.2217127734342647,-0.2478718084569988,0.0,1,0.1635176952550914
UCqA7P6F7M7hH9HF3QhSho_w,1.2466498001740272,-0.4,0.0,-0.2607237701762778,0.0619884328920305,-0.1822482754325913,0.0,-0.2217127734342647,-0.2478718084569988,0.0,1,0.15044742303877418
UCqAlovQUyJM7QCRch_QYPQw,-0.3478035835759308,1.8,0.0,4.093862906933348,0.0603462460177896,0.0147314457320037,0.0,-0.2217127734342647,-0.2478718084569988,0.0,1,0.038962604249363375
UCqBDFiI1X8oEjCd_oRNLAIA,-0.2239202492402059,1.4,0.0,0.3238023383154998,-0.4089635189870393,-0.42146544179969,0.0,-0.2217127734342647,-0.2478718084569988,0.25,1,0.12160201004748228
UCqBw_4n-0ZbiESnEYSz_Xrg,-0.2335957617966556,1.0,0.0,0.792777345214399,-0.2528170251076074,-0.2052246269204398,0.0,-0.2217127734342647,-0.2478718084569988,0.0,1,0.1461377931853916
UCqFQzK13crK1tRI72pCfU3A,0.9351350568455492,-0.2,0.0,-0.2634646094153096,-0.2030216811790131,-0.4057906440449823,0.0,-0.2217127734342647,-0.2478718084569988,0.0,1,0.15896701892256015
UCqG01a5zwy2V1AzkBKPmoCA,0.3051089642244132,-0.4,0.0,-0.2071314704590859,-0.1490590673329903,-0.1424030636678888,0.0,-0.2217127734342647,-0.2478718084569988,0.25,1,0.15154392789030263
UCqGUd1lvGgoulG-e0RMBt4g,-0.3046551073961821,2.6,0.0,0.8498461951475335,-0.1825384900594495,-0.0888175390111235,0.0,-0.2217127734342647,-0.2478718084569988,0.25,1,0.09841759328917143
UCqGniKDUlbTL8XlbBqmAIGw,0.9522579014508242,-0.4,0.0,0.1763381655004862,-0.0448066877037631,0.060268274457121,0.0,-0.2217127734342647,-0.2478718084569988,0.25,1,0.13477682257315582
UCqGyYR-9di6-4xk00y_1vEA,-0.3129858645907467,0.0,0.0,1.2738227328925296,-0.4250070036570424,-0.4973125834287101,0.0,0.6913574657089212,0.7154674764909068,0.0,1,0.07350650774573875
UCqHp3k1fQiqW0GSWM_x2nZw,-0.2958872580003304,4.6,0.0,0.6360254257471127,-0.4467010238083043,-0.4712421136142428,0.0,1.6044277048521072,4.087154973808577,0.25,-1,-0.059192049421269544
UCqIYIaVqtEuIm_8d-M1aG6Q,0.0305061927326827,0.0,0.0,-0.152787212942823,0.1967537041200559,-0.0667059650284136,0.0,-0.2217127734342647,-0.2478718084569988,0.25,1,0.13716037267051073
UCqJqNDGymdfCpmGYklZXVHQ,-0.1950593839110565,0.8,0.0,0.5441820613072254,0.5065057855017954,0.0651375370138012,0.0,-0.2217127734342647,-0.2478718084569988,0.25,1,0.10768885998150712
UCqKcD9HqCb9ePC4tROYfZ7Q,0.137164971168488,-0.4,0.0,-0.1242604939661263,-0.4135041278559081,-0.4517012211181606,0.0,-0.2217127734342647,-0.2478718084569988,0.5,1,0.10547990427460657
UCqLjmaxQzyql8-IGrS3vVZg,-0.2471018906180825,-0.2,0.0,0.5241893813769026,-0.1684121513563022,-0.4406381872784003,0.0,-0.2217127734342647,-0.2478718084569988,0.0,1,0.15902672128068562
UCqO9xAV3uhv_OEaiVSOz8pw,-0.0092229433727578,0.0,0.0,-0.0988725688352859,0.2815117363389399,0.3929805116967194,0.0,-0.2217127734342647,-0.2478718084569988,0.0,1,0.1473342522413359
UCqOrNyhlncLMtYSfaM_-etA,0.1082199338241016,-0.4,0.0,0.1310737723466407,-0.1160034347676256,-0.0667732796030611,0.0,-0.2217127734342647,-0.2478718084569988,0.25,1,0.14868484770432683
UCqP6aBsNKQTVm8ELSJVQGSA,-0.3291637295917141,0.4,0.0,1.632761156186761,0.7467391576292581,0.4548801854394864,0.0,-0.2217127734342647,-0.2478718084569988,0.0,1,0.10337797669601367
UCqP92ZwT6KcWu_WZudXN8Pw,-0.2235451659602659,-0.4,0.0,0.2097416605932532,-0.1185461757341921,-0.1717554323319446,0.0,-0.2217127734342647,-0.2478718084569988,0.0,1,0.16126123406234694
UCqPDJtlv_d8KmIy_9EnyJuw,-0.0373238918496863,-0.2,0.0,1.9367519938371096,0.1148209396418015,0.2928571286625983,0.0,-0.2217127734342647,-0.2478718084569988,0.0,1,0.13131988437424846
UCqQ0GC6MbDfQM13CDPSI_WA,0.0680326992378295,0.0,0.0,-0.1608576111297882,0.6919827780846776,2.2080287216937498,0.0,-0.2217127734342647,-0.2478718084569988,0.25,1,0.07621587837521565
UCqRHiSJ0GYM4NuPTglpQFYA,1.282377240026279,-0.4,0.0,-0.2711473427957555,-0.3516307643361229,-0.4276885193010291,0.0,-0.2217127734342647,-0.2478718084569988,0.0,1,0.1526345007609578
UCqSl22KxPQ2cbQ_-OeuY2iw,0.6065522755282895,2.4,0.0,-0.1799058466926834,0.1075347228370202,0.0443554942788098,0.0,-0.2217127734342647,-0.2478718084569988,0.25,1,0.07666836885253636
UCqUggwObbmuAwztRIlf8c7A,1.277100624191517,-0.4,0.0,-0.2858382861651016,-0.0982042480016599,0.1379349632067571,0.0,-0.2217127734342647,-0.2478718084569988,0.0,1,0.14987070231652588
UCqV4LHtNRHrtWCLeHt9uaMw,7.045345203590367,-0.2,0.0,-0.2840619714895989,1.0492782448549969,0.907089518904816,0.0,-0.2217127734342647,-0.2478718084569988,0.0,1,0.0641625612439719
UCqV7i_LqvXGbJxjJ0XOygsQ,1.5916050256611,1.6,0.0,-0.2689616890012803,-0.356433719495193,-0.1338317574542084,0.0,6.169778900568036,3.605485331334624,0.0,-1,-0.06842269603451523
UCqWg85o9jw_dw5_1GruQlww,-0.3389750760231017,1.4,0.0,2.135074333930845,-0.2394474545492715,-0.1424934811146303,0.0,1.6044277048521072,1.1971371189648596,0.0,1,0.030885563215850675
UCqWiGS4zfIyQm2zJiIu-itw,0.0323367688048941,-0.4,0.0,-0.0468666577490604,0.0891110032020734,0.0963412352203858,0.0,-0.2217127734342647,-0.2478718084569988,0.5,1,0.10401646586982327
UCqXKSekqRmPqzC4F2mPidOQ,-0.2980936242945818,-0.2,0.0,0.8913543289346435,-0.2037279981141704,-0.4333885232421972,0.0,-0.2217127734342647,-0.2478718084569988,0.0,1,0.15710482297346906
UCqXW_nCiHlRiI59Q_8N1Y3w,-0.25287255798905,0.0,0.0,0.2960237598171824,0.0980711380366411,0.0855627527930438,0.0,0.6913574657089212,0.7154674764909068,0.0,1,0.08233987093722567
UCqXiUEGnj8yhQyRannjwJNA,-0.2823853708315039,-0.4,0.0,0.2325245388427573,-0.0583679728587845,-0.1128572859928839,0.0,-0.2217127734342647,-0.2478718084569988,0.0,1,0.1563811868821916
UCqXicsPP6RKupSu7HBylVbg,0.2190143235451907,0.0,0.0,-0.219405434807702,-0.1779978811905807,-0.2770109731100524,0.0,-0.2217127734342647,-0.2478718084569988,0.0,1,0.16363919933632376
UCqYbpPvmr-7d84Dg2yPKF_g,0.0460712399246366,-0.4,0.0,-0.127473544534847,-0.1838098605427327,-0.4128493472028846,0.0,-0.2217127734342647,-0.2478718084569988,0.25,1,0.14573460493368828
UCqZJcM9b0B7OlfgF5Aa-SEw,1.999232890135502,0.0,0.0,-0.2774513157279744,-0.3511464327234435,-0.4430381762665723,0.0,-0.2217127734342647,-0.2478718084569988,0.5,1,0.0783053439897694
UCq_s2lcGCvg3OogL3nkcpzA,-0.1979510341701095,-0.4,0.0,0.1752865716107565,0.2196383728191546,0.2913911052283045,0.0,-0.2217127734342647,-0.2478718084569988,0.5,1,0.08773022367860189
UCqb_OqYFKABD4dmnwvngvbg,-0.095926564175308,-0.4,0.0,0.08038660857977,0.3001585034270944,0.2105211295836325,0.0,-0.2217127734342647,-0.2478718084569988,0.25,1,0.12991431971198564
UCqbnfostWBV94jO-Vv4WIUQ,-0.3079761698946172,1.4,0.0,1.8839081908348927,-0.2930266392019231,-0.3647894164194036,0.0,-0.2217127734342647,-0.2478718084569988,0.0,1,0.12738080112766653
UCqbo-OEbMMzsgyVlZzqsWVQ,8.996051542896035,-0.4,0.0,-0.2970535819473991,-0.2719582140503719,-0.3198759873807578,0.0,-0.2217127734342647,-0.2478718084569988,0.0,1,0.11593202220742371
UCqby6TQTzysGi1Nn43QdsjQ,-0.2654399686933409,1.4,0.0,1.0386750570353696,0.071130192081353,0.1013693307449915,0.0,-0.2217127734342647,-0.2478718084569988,0.5,1,0.06681044355153343
UCqchqzuaHKUJPdU-TjRk-yA,1.0046062570173169,-0.2,0.0,-0.2539025807383471,0.1324788630207357,0.9567850112269396,0.0,-0.2217127734342647,-0.2478718084569988,0.0,1,0.12946315866262692
UCqeZoWSVkXlfXVKmtQz3m4w,-0.1632288659841267,-0.4,0.0,0.0297035820444319,0.4256003911110425,0.3330304564872454,0.0,-0.2217127734342647,-0.2478718084569988,0.5,1,0.08465750384826592
UCqflK1qV7JOqpLX6RB1h4uQ,0.0689798754122337,0.2,0.0,-0.1862314986114312,-0.3833090788779307,-0.4725246000042922,0.0,-0.2217127734342647,-0.2478718084569988,0.25,1,0.1404067226037023
UCqgjbtDc8NFc-8FqVmQQfrQ,0.0999020530749308,-0.4,0.0,-0.1428355267988828,0.0585981116032752,-0.2015667251019944,0.0,-0.2217127734342647,-0.2478718084569988,0.0,1,0.15780087592898873
UCqhnAU_fXoUKINKnxijG0CQ,-0.3204918475859439,6.6,0.0,1.6290443931880765,-0.2946309876689235,-0.2003237840837953,0.0,2.517497943995293,2.6421460463867183,0.0,-1,-0.0699289446342547
UCqhvTbBWu20Aq2ZP56k0uXA,-0.3361525591927937,-0.4,0.0,2.73356636652754,-0.4270654130109295,-0.560522861322425,0.0,-0.2217127734342647,-0.2478718084569988,0.0,1,0.10277967005752925
UCqi9t5RPOhg74FGrFQnfrFA,-0.1457702238813286,-0.4,0.0,-0.1536234234874352,0.3162625295486822,-0.0761684343980637,0.0,-0.2217127734342647,-0.2478718084569988,0.25,1,0.1294996765776944
UCqjhqpic_bqdKnrHxGtIYUQ,0.0738010437990396,0.6,0.0,-0.1455476013276016,-0.3999428427008867,-0.3824253998519218,0.0,-0.2217127734342647,-0.2478718084569988,0.25,1,0.13243858283410437
UCqjnrL9Mb9LxLWU9kztvxOQ,-0.2354170213819056,0.2,0.0,0.2796295121438704,-0.0336821959750346,-0.0924627787782173,0.0,-0.2217127734342647,-0.2478718084569988,0.25,1,0.14616712878158272
UCqjuMzCcvB-3QPoT7xSKbeQ,-0.1777353178771222,-0.4,0.0,2.02122732236693,-0.3499356036917452,-0.38377882184485,0.0,-0.2217127734342647,-0.2478718084569988,0.25,1,0.09008132105396582
UCqkMnInkRmectJ50NNI9GJA,1.648788158249824,-0.4,0.0,-0.27990039237895,-0.0109034748162095,0.0540770460232148,0.0,-0.2217127734342647,-0.2478718084569988,0.0,1,0.15246945325338807
UCqkcSrAiUudfBxk-BASXj-w,-0.1480377220634947,2.4,0.0,0.185445783832356,0.0551185713332367,0.385880042588361,0.0,-0.2217127734342647,-0.2478718084569988,0.5,1,0.039913955934059
UCqlmIO-ip1j77Go7bD-b56g,2.395989197011901,-0.4,0.0,-0.2478131071918844,-0.0897284447797716,-0.1750271638278019,0.0,-0.2217127734342647,-0.2478718084569988,0.0,1,0.14821075047814014
UCqm2a570tcEqMI37Vc8LT5g,1.0116876960335026,-0.4,0.0,-0.1150971820461333,-0.5660685858498992,-0.6003272946293761,0.0,-0.2217127734342647,-0.2478718084569988,0.0,1,0.12781044154140664
UCqn4rh0CiItdJ5gN30C25aQ,-0.1056027163460387,0.4,0.0,-0.1031485853804139,0.321536362664524,0.2601292825995475,0.0,-0.2217127734342647,-0.2478718084569988,0.0,1,0.1414794839391399
UCqrTg0xrPzTVsf0hhM857Kw,-0.1370946304295332,-0.2,0.0,0.0987203139706433,-0.2538765005103434,-0.2646457040607286,0.0,-0.2217127734342647,-0.2478718084569988,0.0,1,0.16450641394267973
UCqtj5TWPo0MlM2PgeETV6pQ,-0.3361318222245256,2.2,0.0,2.202601885070825,-0.190778854302952,-0.3368604501581059,0.0,0.6913574657089212,0.7154674764909068,0.0,1,0.05475683871570247
UCqtyUhaabeICdL9nkXiAIFA,5.741049148008287,0.0,0.0,2.523888883653126,-0.0811315586547133,-0.0991159208521481,0.0,-0.2217127734342647,-0.2478718084569988,0.0,1,0.07946077445223132
UCqulS1oZEKBrZeVyXZ4bRww,-0.2110266352526068,-0.2,0.0,3.729642714119694,-0.4092662262449639,-0.4883119651657835,0.0,-0.2217127734342647,-0.2478718084569988,0.0,1,0.09859829509387197
UCqvEP3DIC-NleJg-zsX36fg,-0.1933116302373456,3.0,0.0,0.5516467861893504,-0.271341791997871,-0.4272671208426951,0.0,-0.2217127734342647,-0.2478718084569988,0.0,1,0.11800339238128776
UCqvciUz7kR6fwgf2JAbKRiQ,3.948964726588208,0.4,0.0,-0.2899686228631242,0.2918710513879146,0.8925281424924321,0.0,-0.2217127734342647,-0.2478718084569988,0.25,1,0.07805757716511558
UCqxv6qyr8l_yu3iaGbAJOug,-0.1892970024523656,0.2,0.0,0.0257000305070683,-0.1253268183117028,-0.20135303373483,0.0,-0.2217127734342647,-0.2478718084569988,0.5,1,0.10831580540898544
UCqyUSD-HqLpWt8uCr_zjI6A,1.9253057329154,-0.4,0.0,-0.2722158185467085,-0.3745154330352215,-0.3742484647842931,0.0,-0.2217127734342647,-0.2478718084569988,0.25,1,0.13682374466224273
UCqzzCQlNtaOhMHHIrto6fBw,-0.2490671896562173,-0.4,0.0,1.3592047201554862,-0.1939808244089988,-0.2247120707133051,0.0,-0.2217127734342647,-0.2478718084569988,0.0,1,0.1460668534972699
UCr-6q0QuR9W0VvTD-wBf-ng,5.128067328427592,-0.4,0.0,-0.2945458921235119,-0.1583824508770675,-0.2131494069964022,0.0,-0.2217127734342647,-0.2478718084569988,0.0,1,0.12426097127510838
UCr-BSK33xvUOtvVnuBsy2EA,-0.0640439467578534,0.4,0.0,-0.0163784450236973,0.0046354977572524,-0.2006694898804704,0.0,-0.2217127734342647,-0.2478718084569988,0.25,1,0.14228186782543012
UCr-FnUC0ER_uxLoa2qbJpAA,3.3827248414176165,-0.4,0.0,-0.2911621103785579,-0.3660396298133331,-0.4774711297379462,0.0,-0.2217127734342647,-0.2478718084569988,0.25,1,0.1076909366878212
UCr-af13Tows760eSvmZKNLQ,-0.3372765971318708,-0.4,0.0,1.9034884035865267,-0.2253412963299858,-0.3103263747527292,0.0,-0.2217127734342647,-0.2478718084569988,0.0,1,0.1432410422203133
UCr-o4MTND4KX6lguu7qGesQ,-0.3348546134971046,2.0,0.0,3.043285055091979,-0.0764663056208168,-0.0313426363249756,0.0,-0.2217127734342647,-0.2478718084569988,0.0,1,0.08486059656935885
UCr11YlR9AkuS8wLjUlye-ww,-0.2507935422645359,-0.4,0.0,-0.0517951798795408,-0.3732440625519382,-0.4505776818934778,0.0,0.6913574657089212,0.7154674764909068,0.0,1,0.07980405831311638
UCr1xxXMSfRHGWyjFRF-TJaw,-0.3195079881082822,1.2,0.0,1.939946706210656,-0.2316003510169188,-0.4627772930830234,0.0,-0.2217127734342647,-0.2478718084569988,0.0,1,0.12848958477700345
UCr3vs-1V2EuzYnzqgpwSjGQ,1.213509768407953,-0.4,0.0,-0.2810376030103199,-0.3084041679044921,-0.4373318487272535,0.0,-0.2217127734342647,-0.2478718084569988,0.25,1,0.14162624808611457
UCr7n8G6hHacM42_W8qoYVEA,23.745675258639935,0.2,0.0,2.058718977582134,-0.4124446524531721,-0.3403868650530368,0.0,-0.2217127734342647,-0.2478718084569988,0.0,-1,-0.024106388845670623
UCr7uJPi8MwKMMUexq8WygCg,0.1769304642962169,-0.4,0.0,-0.1495146238777512,-0.1176985954120033,-0.2421709571594234,0.0,-0.2217127734342647,-0.2478718084569988,0.25,1,0.15401739128539055
UCr8fyhCxAiQmsXvw_KcWPhw,-0.1720175701719298,-0.4,0.0,0.0986537123119402,-0.0702340973694283,-0.6003272946293761,0.0,-0.2217127734342647,-0.2478718084569988,0.0,1,0.14016817339638238
UCr8jIVvxi3HJElD6BstMBPQ,-0.1486710152419747,2.0,0.0,0.5344834450716053,0.5921249955881439,0.4757246243387127,0.0,-0.2217127734342647,-0.2478718084569988,0.0,1,0.10323589830063429
UCr9ggtjL1Xc-SrS9QR44yww,-0.28976054429026,0.2,0.0,1.1642670511442652,-0.0193792780380979,0.2060011265170204,0.0,-0.2217127734342647,-0.2478718084569988,0.25,1,0.12332812305790014
UCr9uS3hKv_zivKamtwOdoWQ,0.1508539960103703,0.0,0.0,-0.1836442852552888,-0.3063457585506049,-0.2180227331408318,0.0,-0.2217127734342647,-0.2478718084569988,0.25,1,0.1515538599115866
UCrANN6j4YMWU3l9Wkz51fkA,-0.0161939815976529,5.8,0.0,2.9210811016093747,-0.3642973813732783,-0.3706257516612526,0.0,-0.2217127734342647,-0.2478718084569988,0.0,1,0.020551429714595892
UCrCFkOV3cMcTnFbAYdRazmA,-0.0395889343382417,-0.4,0.0,-0.1081910447883264,-0.3414598004698568,-0.2096451846922565,0.0,-0.2217127734342647,-0.2478718084569988,0.5,1,0.11044491534971856
UCrCYmYYlKZ9MFgSsH9mys8Q,-0.2124444469088152,4.0,0.0,0.5618015706016332,-0.1586021939235609,0.3827379968708156,0.0,-0.2217127734342647,-0.2478718084569988,0.0,1,0.08032938299382153
UCrF5mQQgViJqtRsgBLuW0Tg,-0.0145250091231217,-0.4,0.0,-0.1796441146858398,-0.1338026215335912,-0.3112774937664153,0.0,-0.2217127734342647,-0.2478718084569988,0.0,1,0.16414407045611262
UCrG9Co7DeBN3bcETvHwMBlA,-0.168130095563763,2.6,0.0,0.7891930207465943,-0.4431694391325175,-0.4746801055698471,0.0,0.6913574657089212,0.7154674764909068,0.0,1,0.045249937764403836
UCrGKTVo_6r05NzT8L9M23cg,-0.3059760287101228,0.4,0.0,1.0823384461709804,0.1308307901720352,-0.1654817815800581,0.0,0.6913574657089212,2.6421460463867183,0.25,1,0.022549897652568707
UCrGTXbYBop5_fyG2irmjdaQ,-0.131161972325926,-0.4,0.0,3.3895739060532706,0.4976447184970938,-0.6003272946293761,0.0,-0.2217127734342647,-0.2478718084569988,0.0,1,0.05862156194191509
UCrG_1cvT6XyzFvmItevItfA,-0.1791223382774173,0.4,0.0,-0.034586755841222,0.2066421412122591,0.3639253798219034,0.0,-0.2217127734342647,-0.2478718084569988,0.25,1,0.12151849035608986
UCrHBRHEtorBzNhyGcF9WyYA,-0.3596612117878069,-0.2,0.0,3.586656660898242,-0.3096755383877753,-0.3796801520892437,0.0,-0.2217127734342647,-0.2478718084569988,0.0,1,0.1073987745925773
UCrKK0YEit1N0TZ8VXQ6zFcg,0.3435977199194545,-0.2,0.0,-0.2091945189394088,0.0328881751635471,-0.2051878213681314,0.0,-0.2217127734342647,-0.2478718084569988,0.25,1,0.15099244284806612
UCrKpgHkZL5dkuCNhId3EdDw,-0.3376783422281555,0.0,0.0,1.336435547770807,-0.4613318746079926,-0.5269520044477275,0.0,0.6913574657089212,0.7154674764909068,0.25,1,0.042450210118360754
UCrMkagdXeD-zXHtLBj-EBdA,3.058717724239181,-0.4,0.0,-0.2906733852210171,-0.1329550412114024,-0.0736618276705937,0.0,-0.2217127734342647,-0.2478718084569988,0.0,1,0.14210535230527915
UCrPqCMsj-E3wz8fVyoJuGOA,-0.0531806031537745,-0.2,0.0,0.5462269724831759,-0.411385177050436,-0.4687955008778283,0.0,-0.2217127734342647,-0.2478718084569988,0.0,1,0.15542353088027405
UCrQHMfazqWin1eKB7kO6APA,-0.2853412724873317,0.2,0.0,0.5125549607183894,-0.2270364569743635,-0.3226709270777546,0.0,0.6913574657089212,0.7154674764909068,0.25,1,0.08765237953586713
UCrRHqDPal1wHhm5t-CLsuVw,-0.1312510470305322,-0.4,0.0,0.0825602417856708,0.03317070193761,-0.3473721082862552,0.0,-0.2217127734342647,-0.2478718084569988,0.25,1,0.14144190020217373
UCrStuD-TSbRS68M6dhtTtBg,4.133035011535707,2.6,0.0,-0.2892826817852318,-0.3039543712130007,-0.2788413253737563,0.0,0.6913574657089212,0.7154674764909068,0.0,1,0.014455359197467599
UCrT87YEYEYsEuQ2pNyS57cw,0.1899815580525792,0.4,0.0,-0.0432704303549836,-0.0575203925365957,-0.2244704295456297,0.0,-0.2217127734342647,-0.2478718084569988,0.0,1,0.15647726158081432
UCrVKbnxk9Jv168Iz4_h6J_w,-0.1199755225182155,1.4,0.0,6.661608113122512,17.898468733033962,-0.6003272946293761,0.0,-0.2217127734342647,-0.2478718084569988,0.0,-1,-0.15106324945271132
UCrWeA4rv2Pc2FDjx03eYMfA,-0.1965111859147016,0.8,0.0,0.0319504067372495,-0.2289627758884291,-0.2489956923002232,0.0,-0.2217127734342647,-0.2478718084569988,0.5,1,0.10194446968065479
UCrXeKXI6nvcupRXPec1U_3Q,-0.2855560061502215,-0.2,0.0,0.2565254589289462,-0.150754227977368,-0.1591777317912849,0.0,-0.2217127734342647,-0.2478718084569988,0.25,1,0.1512568042470337
UCr_HWNJvC_ZDrFijQsTI3Yg,2.7278773047216776,-0.4,0.0,-0.2751942758937792,-0.0007325109499434,-0.5520913853950095,0.0,-0.2217127734342647,-0.2478718084569988,0.0,1,0.1268800432861925
UCr_XBmTabkXp5JE4sx17CDw,0.1831545592805691,0.2,0.0,-0.1969802867856775,-0.3208000301165039,-0.4119093570419805,0.0,-0.2217127734342647,-0.2478718084569988,0.75,1,0.03925612083831426
UCraMhcDm48YdIWpHrfNFA6A,0.0206213243228901,0.6,0.0,0.0780693237065774,0.5103584233299264,-0.6003272946293761,0.0,-0.2217127734342647,-0.2478718084569988,0.0,1,0.11205502887028795
UCrc45twYwIsfKG3GW9aproA,0.9827334684418156,-0.2,0.0,-0.2293293141657319,-0.2362185771314093,-0.242261969389626,0.0,-0.2217127734342647,-0.2478718084569988,0.25,1,0.15190529658006274
UCreaVioJnjm_7m5saZMrMDA,0.2746326902913218,-0.4,0.0,0.0647161027567584,-0.3100993285488697,-0.4599451946670586,0.0,-0.2217127734342647,-0.2478718084569988,0.25,1,0.14301443651635926
UCreppFR8mYg3iJ37tpaVMuw,0.1324603724843937,0.0,0.0,-0.0232113700010225,-0.2700208875996546,-0.2460205717991155,0.0,-0.2217127734342647,-0.2478718084569988,0.0,1,0.16482218186752007
UCrfZGIXpOqzWYzDvmD21fcw,0.2163092600952193,-0.2,0.0,-0.2491842291431703,-0.2383375279368814,0.0375663358483512,0.0,-0.2217127734342647,-0.2478718084569988,0.25,1,0.14607442614599936
UCrgi6dYLDhaaNDkeNr7G8VA,1.2405163705140063,-0.4,0.0,-0.2450110291888473,-0.3092517482266809,-0.5130652515282671,0.0,-0.2217127734342647,-0.2478718084569988,0.25,1,0.13725320232899546
UCrh4Ba8xcuhoo3BVf417X1Q,-0.3422929297388877,0.8,0.0,3.14269175979302,-0.1214741804835717,-0.3014088881732991,0.0,3.430568183138479,3.605485331334624,0.0,-1,-0.05072578478689571
UCrmvhSlOMq88NSU8FPH7eNg,0.1608006713580529,0.0,0.0,-0.1283569575271714,0.3142041201947951,0.7959335872115624,0.0,-0.2217127734342647,-0.2478718084569988,0.0,1,0.13541557543857402
UCrnLJK-fGeSelv1Ml7dRb0g,1.2394400511666823,0.2,0.0,-0.2722146762898669,-0.1051967856597179,0.1073126205532054,0.0,-0.2217127734342647,-0.2478718084569988,0.0,1,0.15122730218371083
UCrnqZg84Xj9Pe74V0j8ZEjQ,-0.0322657211238392,0.6,0.0,-0.0416125439911521,-0.3745154330352215,-0.3684455517474893,0.0,-0.2217127734342647,-0.2478718084569988,0.0,1,0.15169684238564773
UCroDSIbtaSRjPHVH6BnqF5Q,0.61271239889678,0.0,0.0,-0.1672183225730983,0.4909851588227529,0.3774362658375978,0.0,-0.2217127734342647,-0.2478718084569988,0.25,1,0.12122572270009618
UCroKi9aRk-Qx4Y5syjCMAQw,0.8451024456938707,-0.2,0.0,-0.2430879433866108,-0.1712374190969316,-0.0195633264374188,0.0,-0.2217127734342647,-0.2478718084569988,0.0,1,0.1583143766609557
UCrod9DLIVXGHeIcq63B-OVQ,-0.3118837081928615,2.2,0.0,1.0966507625610689,1.2180879923576071,4.07704908892421,0.0,-0.2217127734342647,-0.2478718084569988,0.0,-1,-0.03776127002065488
UCrpFsgcZAh3JuBYBjiJbP5A,0.033267811550658,-0.2,0.0,-0.1524503505169958,-0.4177420294668523,-0.416406147957344,0.0,0.6913574657089212,0.7154674764909068,0.0,1,0.08384446215519714
UCrpNVTmkKMG3aBouwly3v0g,0.8147710948912893,-0.2,0.0,-0.2493080866175857,-0.2828354948517955,-0.1858883580407369,0.0,-0.2217127734342647,-0.2478718084569988,0.0,1,0.16176494447876277
UCrpO2yRm9PeGB3LbYg6Roug,0.3638579072889231,11.4,0.0,-0.2517146605208196,0.0278335945963272,0.1336715033013122,0.0,-0.2217127734342647,-0.2478718084569988,0.0,-1,-0.032246147666587066
UCrqhMQXp2fUm8qMIBdTbYVA,13.852803153365732,-0.4,0.0,-0.2988529696360157,-0.2914525614607153,-0.1796313604134445,0.0,-0.2217127734342647,-0.2478718084569988,0.0,1,0.08923306218280352
UCrvjZYTceiyoeoaqZdXFacg,-0.1386357642076389,0.0,0.0,-0.0369891948255743,-0.1913170005392624,-0.3242152475248146,0.0,-0.2217127734342647,-0.2478718084569988,0.25,1,0.14991334573475756
UCry95EQyBG1oAQyPVT1BxaQ,5.594852713784426,-0.4,0.0,-0.2945199485067256,0.0399513445151207,0.291160585540072,0.0,-0.2217127734342647,-0.2478718084569988,0.0,1,0.11834846604297733
UCs-MzMvNmSjpteWvDkHJaWQ,5.0407444263454,-0.4,0.0,-0.2951070191987505,0.5112060036521152,1.1636183483032358,0.0,-0.2217127734342647,-0.2478718084569988,0.0,1,0.08399204983841196
UCs0lqtSZQT24rK5ybaYHecQ,2.048042192557423,0.0,0.0,-0.2852229582391125,0.2875658814974315,-0.1402155785377308,0.0,-0.2217127734342647,-0.2478718084569988,0.0,1,0.12959748275277905
UCs2MTQZFUDTJhwOHdHlcStQ,0.0042490165804999,0.4,0.0,-0.1473341053148599,-0.1017829204731239,-0.1737048062011841,0.0,-0.2217127734342647,-0.2478718084569988,0.75,1,0.04575575326311082
UCs2aoVQw6Bv0ViJuwZpgJWQ,0.5528715806027537,1.8,0.0,-0.2287092770316958,-0.1957819325936501,-0.1578837008330529,0.0,-0.2217127734342647,-0.2478718084569988,0.0,1,0.1355466905135156
UCs3MrfpdShe923KbyNqcdNw,-0.343019794752665,0.0,0.0,4.120484209679349,-0.2639667424411629,-0.4600250891824479,0.0,-0.2217127734342647,-0.2478718084569988,0.25,1,0.0566853676755657
UCs5ILGpV9rVga_5_rdRBslA,0.705304645409277,0.0,0.0,-0.1312493741681856,-0.0272496667441372,-0.503180180892479,0.0,-0.2217127734342647,-0.2478718084569988,0.0,1,0.14861387272706017
UCs705eUgnXrJJMqkB2TL0xA,8.382254720065713,-0.4,0.0,-0.2974565610369362,0.1509843667218586,0.1684655320717932,0.0,-0.2217127734342647,-0.2478718084569988,0.0,1,0.11138887240743373
UCs7JAoDGvrKBSvCSPPwOViw,-0.0948583746621347,-0.2,0.0,1.587633628800582,-0.5088569141021525,-0.5073309993984195,0.0,-0.2217127734342647,-0.2478718084569988,0.0,1,0.12863866609884617
UCs7wsLlxVswl7LwiU26Wg0g,-0.3299427797859675,3.6,0.0,1.3515065492101286,-0.3329839972479684,-0.3908277047012233,0.0,0.6913574657089212,0.7154674764909068,0.0,1,0.0161809875229052
UCs9QgURclINVyVemNdShdAA,1.476979413724662,0.0,0.0,-0.2582329553605572,-0.150754227977368,-0.0125969812397039,0.0,-0.2217127734342647,-0.2478718084569988,0.0,1,0.1540840870865789
UCsAiaZORZN0MRMqY-G4qIGQ,0.7832025954136228,7.6,0.0,-0.1114730642314617,-0.4008845986144299,-0.4028355169204827,0.0,3.430568183138479,2.160476403912765,0.5,-1,-0.1283533848174525
UCsBjpHLviYP3s7e_U1-hVgQ,0.2839812926223634,-0.4,0.0,-0.1627598822598868,0.0780924590136185,0.4818804772583224,0.0,-0.2217127734342647,-0.2478718084569988,0.5,1,0.09072707229845445
UCsDwHJN7iX9nNygvP09aQHg,1.9530098940718104,0.8,0.0,-0.2679960526848688,-0.2416764807212616,-0.3896193657303377,0.0,-0.2217127734342647,-0.2478718084569988,0.0,1,0.13792293200087663
UCsE3wP-oh3Gay6OqC3mucdw,0.7180168782523493,-0.4,0.0,-0.1870681581158289,-0.298233204038226,-0.3917871514682193,0.0,-0.2217127734342647,-0.2478718084569988,0.0,1,0.15665161990919585
UCsEGf8fQkks35UvUuAABgnA,0.7270049401123662,-0.4,0.0,-0.2639040573594675,-0.0778623202691278,-0.2813971635452696,0.0,-0.2217127734342647,-0.2478718084569988,0.25,1,0.1503210851784198
UCsEvUt438j81f_qVUSio0WA,3.531653505866437,-0.4,0.0,-0.2902340932521984,-0.3753630133574103,-0.4365014799789048,0.0,-0.2217127734342647,-0.2478718084569988,0.0,1,0.13210968982515725
UCsFC4BMQhMuLWuzagvPc2Jw,-0.0969056147164115,0.8,0.0,0.0859915311498516,-0.2767354849572546,-0.3504262142448655,0.0,-0.2217127734342647,-0.2478718084569988,0.25,1,0.13721011514303638
UCsG5jPI3lkfAbBd4gW52uWg,0.5574300316316291,0.2,0.0,-0.1783094167774311,-0.3637087839273138,-0.2559665649248029,0.0,-0.2217127734342647,-0.2478718084569988,0.0,1,0.15647924614222836
UCsIaAJws2xwpJMv35PVJTmA,-0.2137614912625088,0.0,0.0,0.4955768862558376,0.0490325622528583,0.0073171522835504,0.0,-0.2217127734342647,-0.2478718084569988,0.5,1,0.09303189492727759
UCsIqUHHwuoqtYYKB3eVhWlw,-0.2191227537030086,3.8,0.0,0.581682215200895,-0.3616713312297445,-0.4292275116697133,0.0,-0.2217127734342647,-0.2478718084569988,0.5,1,0.03151554388512906
UCsIw0zVS-5p5NiNwQWoZ2Aw,-0.265601151492152,-0.4,0.0,0.1750654239266949,0.365422188235635,0.9967953525316045,0.0,-0.2217127734342647,-0.2478718084569988,0.0,1,0.1255361027862809
UCsJ0ZOlH5Vpo1qIXLgqcx1Q,0.1767381760450037,-0.2,0.0,-0.1389691149199904,-0.3640619423948925,-0.3288813196419184,0.0,-0.2217127734342647,-0.2478718084569988,0.25,1,0.15165777868983932
UCsKywuOT1ywUcM-1RGbrZbw,-0.320139341783787,1.2,0.0,2.147079857341364,-0.3509135809865784,-0.4263002563310561,0.0,-0.2217127734342647,-0.2478718084569988,0.0,1,0.11999376543331847
UCsL97YWc96rxaRCtuhBz7ng,42.39719308056532,0.6,0.0,-0.2801491236937928,-0.4584258849319165,-0.5872781949279676,0.0,-0.2217127734342647,-0.2478718084569988,0.0,-1,-0.06734092959422999
UCsMnC8pJA_kkbYnRD1J_vcw,1.820083662810351,0.0,0.0,-0.2883617318921864,-0.3057403440347557,-0.2890436703905965,0.0,-0.2217127734342647,-0.2478718084569988,0.25,1,0.13916477895850282
UCsPlCeOrdcjtqJoY7EVrQIw,9.502763507778212,7.4,0.0,3.181943174374262,-0.4471183929063518,-0.4676492860404767,0.0,0.6913574657089212,2.6421460463867183,0.0,-1,-0.13967246005370182
UCsQJjIWUBVgvYik6TTqnxMw,-0.2955708509146945,0.0,0.0,3.320244402861232,-0.2258256279426651,-0.345282005512229,0.0,-0.2217127734342647,-0.2478718084569988,0.0,1,0.11735034473491968
UCsSHmWIa0gokQyGyHbNuItA,-0.3112153533491073,1.8,0.0,2.414414150551372,-0.389136193592979,-0.4445131072872867,0.0,1.6044277048521072,5.0504942587564825,0.0,-1,-0.044239687746101874
UCsU8f1gpPQuA1NbarsqW3Ew,-0.3579037537270864,-0.4,0.0,2.464839901704756,-0.1600776115214452,-0.072469688793412,0.0,-0.2217127734342647,-0.2478718084569988,0.0,1,0.12416808139985586
UCsUpCuSK88s0Xk6ZaOa8cgQ,-0.161455855197205,-0.4,0.0,-0.0312055263497117,-0.124479237989514,-0.0294804493148819,0.0,-0.2217127734342647,-0.2478718084569988,0.0,1,0.1603030579336751
UCsYfn-SJj3GO4SsEbQXy-Mg,32.35684242582501,0.2,0.0,-0.2817488887558326,0.3403126211907906,0.4513983111278251,0.0,-0.2217127734342647,-0.2478718084569988,0.0,-1,-0.016286146618436192
UCs_VA2_jYc9t-lBGBTsJSWA,1.0330194382551,0.4,0.0,-0.209729759667727,1.2632922762076786,1.685021591334057,0.0,-0.2217127734342647,-0.2478718084569988,0.0,1,0.04336985728824416
UCs_Vih4sAzyEukxnOeRrU1w,0.9060450963706528,-0.4,0.0,-0.2784759690836332,-0.3321364169257795,-0.2580681652577659,0.0,-0.2217127734342647,-0.2478718084569988,0.0,1,0.15859285281410707
UCsaFVkxNeLte2x0fnYB5pug,12.086897134549544,-0.4,0.0,-0.2991660470416934,-0.3160323908041916,-0.3432096316484853,0.0,-0.2217127734342647,-0.2478718084569988,0.0,1,0.0997776985517212
UCsay6JV2v5An0HrX25ceVyQ,25.962725568849383,-0.4,0.0,-0.0423628355975777,-0.1948284047311876,-0.1759430665955593,0.0,-0.2217127734342647,-0.2478718084569988,0.0,1,0.02734450068624722
UCscI5PoqMhWt6R1jmndwSYg,0.0552247262360648,-0.4,0.0,-0.1396107954438963,-0.0727768383359948,-0.2707446784647405,0.0,-0.2217127734342647,-0.2478718084569988,0.0,1,0.16320318879342766
UCsd0SZYJAtnqxV2mpJuAlFw,0.504534502879699,-0.4,0.0,-0.2531272229529809,-0.3312888366035907,-0.4048662473660013,0.0,-0.2217127734342647,-0.2478718084569988,0.0,1,0.15755283173249773
UCsdDQOZWFL3zJ4i5HNIU57Q,9.2418341028199,-0.4,0.0,3.5793929749959674,-0.1710961557099001,0.0248911204915288,0.0,-0.2217127734342647,-0.2478718084569988,0.0,1,0.02282827913038843
UCsdIkFj9JJH1JjUVZzGR5ZQ,17.81790000411784,-0.4,0.0,-0.2833060299268931,-0.3499356036917452,-0.3834105418631608,0.0,-0.2217127734342647,-0.2478718084569988,0.0,1,0.06033902455299894
UCsdburCBGzmF5Hn0q3jrjWQ,-0.3385278846489566,-0.4,0.0,3.757127681374464,-0.403333163989642,-0.4032395799980219,0.0,-0.2217127734342647,-0.2478718084569988,0.0,1,0.10175847962988566
UCsdlnM_yEEXtvU1Z_0XS5jQ,-0.3287866938050215,0.4,0.0,4.306886996819667,-0.308969221452618,-0.3835025532152395,0.0,-0.2217127734342647,-0.2478718084569988,0.0,1,0.08457016412768731
UCsfi_a1WFjW4iHaFyF83ENQ,0.9680962322603112,0.0,0.0,-0.2596697265798232,0.1095740138377753,0.0184938537600993,0.0,-0.2217127734342647,-0.2478718084569988,0.0,1,0.14746580139855053
UCsh2R5-BBlpWMB78mlYRTvA,-0.2902281864894421,0.6,0.0,5.577038684343798,-0.3681585806188052,-0.4390438953428693,0.0,2.517497943995293,1.6788067614388125,0.0,-1,-0.07722839484835586
UCshc46Fc2cfE4CmtVoFUxcg,5.047404123903042,1.4,0.0,-0.2752895076077248,-0.141975717497555,-0.3964406684927132,0.0,-0.2217127734342647,-0.2478718084569988,0.25,1,0.07685634827515625
UCsiLtHKJ8hDm6hHEDHEhZ5Q,-0.3059265427631194,-0.4,0.0,0.996661750884168,0.2925302805273947,0.255514071285994,0.0,-0.2217127734342647,-0.2478718084569988,0.25,1,0.11315941223765408
UCsik3TNGbD0mr2fuK0Idicg,-0.0844274439759188,-0.4,0.0,-0.0570674447874281,0.0780924590136185,-0.0513519939373033,0.0,-0.2217127734342647,-0.2478718084569988,0.0,1,0.15624787816763086
UCsk9VljGVFL1K-c2I34HOBg,0.0521113532274511,0.4,0.0,0.1043287062260596,0.3836922529583721,-0.0408972781030427,0.0,-0.2217127734342647,-0.2478718084569988,0.0,1,0.141721927507308
UCskJpZotL-gfjokahw_MFEg,0.0813803875743059,1.2,0.0,0.0145958119000391,0.0647267693175637,0.1801419237525794,0.0,-0.2217127734342647,-0.2478718084569988,0.25,1,0.1206795254974693
UCsmaBJ0_7jkbld--DNWHclQ,-0.0592283391366243,3.2,0.0,0.6100673379756534,-0.3901035406998249,-0.4701489576442179,0.0,0.6913574657089212,0.7154674764909068,0.25,1,0.01794320508584535
UCsnMRtv5WviCEUe7IhoLmDA,0.2210775845600465,-0.4,0.0,-0.1588807322108557,0.1314900193115153,0.8972860906937118,0.0,-0.2217127734342647,-0.2478718084569988,0.25,1,0.12410069855567496
UCsneJ_kT20f0Jj3NGmXQczQ,-0.2833326732455689,2.2,0.0,0.7494652796624228,-0.4003195450663039,-0.4360487256112993,0.0,-0.2217127734342647,-0.2478718084569988,0.25,1,0.10970195615762252
UCsq2cmhJSIAw1NAx0oNOGZA,-0.3221522778434329,1.6,0.0,1.09736089409518,0.4391616762660639,2.1925560189353672,0.0,-0.2217127734342647,-0.2478718084569988,0.25,1,0.033823489326852973
UCsqj6PDEdDvtI7jClLFuZoQ,12.172654866822231,-0.4,0.0,-0.2993088029368801,-0.2677203124394278,-0.3296518401500039,0.0,-0.2217127734342647,-0.2478718084569988,0.0,1,0.10506725248814985
UCsrirxIE-YSoEFNDCdbfyPQ,0.0150864389742436,0.4,0.0,-0.1179099119671144,-0.1827739290378353,-0.2212047800050098,0.0,-0.2217127734342647,-0.2478718084569988,0.0,1,0.16136446757164674
UCsrjDVEqGfM4XAjWxLH3wpA,-0.1769696995827696,-0.2,0.0,1.971387257035368,0.08303667755972,-0.0306783695296806,0.0,-0.2217127734342647,-0.2478718084569988,0.0,1,0.13540352282437473
UCsrvHrmBOk-x-vxDS7O5O2A,7.227619619956376,-0.2,0.0,-0.2962188741416641,-0.4071472754394918,-0.4323874536759826,0.0,-0.2217127734342647,-0.2478718084569988,0.0,1,0.11655594472401926
UCssJQnjXvur6aCtfQ5BCG5g,10.445042487681476,-0.4,0.0,-0.289402837140195,0.0136763545272667,-0.0260475968977483,0.0,-0.2217127734342647,-0.2478718084569988,0.0,1,0.11591012440102183
UCsuOuvzHQ6AzYpyJGORdymg,0.9218354295322944,2.4,0.0,6.494521995178973,-0.465697231906484,-0.5346397387325117,0.0,-0.2217127734342647,-0.2478718084569988,0.0,-1,-0.027592295806424527
UCsujSplpwd7pYcD-dQfegBA,-0.0751285846617352,3.0,0.0,0.9241560451935504,1.0416371798292032,2.335807872300833,0.0,0.6913574657089212,3.605485331334624,0.0,-1,-0.08554397233803623
UCsuxyZxomhWEOGNBpto3JYA,0.4783741104674037,0.6,0.0,-0.2581303892097572,0.1425085634999702,0.5050609192487183,0.0,-0.2217127734342647,-0.2478718084569988,0.5,1,0.0740880823005266
UCsvimz54Wz24ww9t7X0u2mQ,27.30109209299293,-0.2,0.0,-0.300877630336521,-0.0589330264069104,0.0182287647225832,0.0,-0.2217127734342647,-0.2478718084569988,0.0,1,0.015103811833169889
UCsy4nl-p4QkkxNdAyHXpspQ,0.0054673134662502,-0.2,0.0,-0.0783377576939014,-0.2552891343806582,-0.2823265982199217,0.0,-0.2217127734342647,-0.2478718084569988,0.0,1,0.16512141411523718
UCsyW2UbCgdqlmfmdf0xoFrQ,-0.0401257390395452,0.4,0.0,0.2696413446446712,-0.3080274655390748,-0.4574707832093027,0.0,-0.2217127734342647,-0.2478718084569988,0.0,1,0.15549800929376617
UCsydp4vWTzFX5iSKGcpojAg,-0.3074662626570251,-0.4,0.0,0.905156507699826,-0.0914236054241492,-0.2890085677188393,0.0,-0.2217127734342647,-0.2478718084569988,0.25,1,0.1345975597212989
UCt-05T0jt190k1pwcTvSthQ,-0.2087630066482515,-0.4,0.0,0.3081977226733441,-0.2965380433938483,-0.3326542077609697,0.0,-0.2217127734342647,-0.2478718084569988,0.25,1,0.14955859851685022
UCt-9-2Eddp0hVMnWCcwGNVA,1.8732951946810024,0.0,0.0,-0.2576119345012194,2.938070631885101,5.54863197077576,0.0,-0.2217127734342647,-0.2478718084569988,0.0,-1,-0.06980032366221023
UCt-9z2A7nk4G_gPpZY7-VcA,-0.0434141980416043,-0.2,0.0,0.2408173801805213,0.4644478225446976,0.7805367848847546,0.0,-0.2217127734342647,-0.2478718084569988,0.25,1,0.11793030272456911
UCt2aP11HkjKlPiaKopvWRhA,0.4284378413462767,-0.2,0.0,0.0265174200817596,0.0102860332385113,-0.1624101724140101,0.0,-0.2217127734342647,-0.2478718084569988,0.0,1,0.15794826957643565
UCt3or7cdWH5hrYblE7FjNww,24.710280080603635,-0.4,0.0,-0.2934535148147205,6.476476311217164,5.590884376488956,0.0,-0.2217127734342647,-0.2478718084569988,0.0,-1,-0.1796067740356676
UCt3tVTd1CUcW8eCjSQ_k_Qw,0.1114944896315263,-0.2,0.0,0.3282076883296191,-0.0871857038132051,-0.4177127319648148,0.0,-0.2217127734342647,-0.2478718084569988,0.0,1,0.15508361507099228
UCt51Z9Uk5xYacFauFzJqRlA,7.1030051686255735,1.0,0.0,-0.2856079442374067,-0.0257361304545142,-0.0742173595766268,0.0,-0.2217127734342647,-0.2478718084569988,0.5,1,0.022031598259495022
UCt5waZfn7ABisiEgnEeQ-_A,-0.2125707987825699,0.0,0.0,3.965137543577713,-0.2191660682683243,-0.3348367205998389,0.0,-0.2217127734342647,-0.2478718084569988,0.0,1,0.09689094943733728
UCt6BkPFLJ9IAY1YvNut-0Wg,0.0215108594682083,0.0,0.0,-0.186461095359124,-0.3517518472392927,-0.4404734455534032,0.0,-0.2217127734342647,-0.2478718084569988,0.0,1,0.16020455601975758
UCt7EdS8f6DVtA9AmdpD3GCw,0.0093173201431144,-0.4,0.0,0.307910480144861,-0.2516162863178399,-0.2907955909281837,0.0,-0.2217127734342647,-0.2478718084569988,0.0,1,0.1601357428353904
UCt8yPqspuLLAwZJ9CooBD9Q,1.1346093745057384,-0.2,0.0,-0.2744944717306462,0.4912878660806775,0.1750765799675615,0.0,-0.2217127734342647,-0.2478718084569988,0.0,1,0.13720496640827395
UCt9w9bHdMAm1bAL7rH3JbZA,-0.165739924323499,-0.2,0.0,0.0741837506197029,-0.2941365658143133,-0.3711742500059838,0.0,-0.2217127734342647,-0.2478718084569988,0.0,1,0.16230629092469762
UCtBMdTpz-6A8S1HlGsZ7edA,11.686600360644375,-0.2,0.0,-0.2938243560271586,-0.2630586206673892,-0.4033813770257227,0.0,-0.2217127734342647,-0.2478718084569988,0.0,1,0.09905512874668121
UCtBne5ZbUqhgqakr_4lsMJQ,-0.126235999772788,-0.2,0.0,-0.1821193336145776,-0.4869610891122741,-0.465149391437716,0.0,-0.2217127734342647,-0.2478718084569988,0.0,1,0.15477749296511012
UCtC3NOywYBxszkFduofTfsQ,0.9771431878352782,3.8,0.0,0.9999408518067914,-0.0493705817463184,-0.0997399830998244,0.0,-0.2217127734342647,-0.2478718084569988,0.0,1,0.07384689528241817
UCtCt6fJW76W94KFF1QOvgrA,0.1860966755654459,-0.4,0.0,-0.2197520321076613,-0.1872001818314881,-0.1514695017960104,0.0,-0.2217127734342647,-0.2478718084569988,0.5,1,0.11239695405045752
UCtDT0UdfTANQy73gvTe2XJg,0.7334737633029959,1.4,0.0,-0.2447671827290705,-0.3417625077277814,-0.2813306154707758,0.0,0.6913574657089212,0.7154674764909068,0.5,1,0.015026492619747589
UCtDWzTvmd3EV7lDRdJ-WNjw,-0.068895926037853,-0.2,0.0,-0.0742955069271005,0.4001729814453773,0.6362965275439016,0.0,-0.2217127734342647,-0.2478718084569988,0.0,1,0.1388573595452985
UCtEMxAhuwzzQF_RcA-3eSiQ,-0.1211516721892391,-0.4,0.0,-0.0183902744687788,-0.1821146998983551,-0.4277463218189142,0.0,-0.2217127734342647,-0.2478718084569988,0.25,1,0.14506889967001474
UCtEcFxSN6dyRZsptbUjyo7Q,-0.3189638404372868,0.8,0.0,1.1620605327109863,1.4480904706970328,0.1536981259416048,0.0,-0.2217127734342647,-0.2478718084569988,0.0,1,0.07202916659470715
UCtFnC_O9GXJr9gbi2FgAd7Q,-0.1949946023077066,0.6,0.0,0.6237267232493928,-0.0100558944940207,0.049654548503824,0.0,-0.2217127734342647,-0.2478718084569988,0.25,1,0.1282385165083515
UCtGg-vpr2mSHSB4nN93NRwg,2.1918002824864886,-0.4,0.0,-0.2733910200599305,0.8409147489835737,0.4259874559126848,0.0,-0.2217127734342647,-0.2478718084569988,0.0,1,0.12474500055558102
UCtIEk806i-8fyn3cbXFohIw,-0.2819753444134757,0.4,0.0,0.9701910567131148,-0.0622291721043115,0.4006538923240684,0.0,-0.2217127734342647,-0.2478718084569988,0.0,1,0.13920037864257767
UCtIJbTDsf1ZRTMa7sIyek_g,-0.1492314124031661,-0.4,0.0,-0.0281250457392755,-0.245683224062518,-0.4275729722863341,0.0,-0.2217127734342647,-0.2478718084569988,0.0,1,0.16195863310408953
UCtJ4STG4jjQLrJky9JhNfUw,9.260720969948254,0.0,0.0,-0.2953491009632527,-0.4843376262102611,-0.5117553073832635,0.0,-0.2217127734342647,-0.2478718084569988,0.0,1,0.09748071383383333
UCtN3TFRvyK7t_D5PExEBKSg,0.0468281392664219,0.4,0.0,0.5059556403831259,-0.2293908467582214,-0.309966881260942,0.0,-0.2217127734342647,-0.2478718084569988,0.0,1,0.157560615356437
UCtObCLVvuiQf4wl4YeOGT-Q,0.0820531789329059,-0.4,0.0,-0.0297596885245654,0.3518609030806135,0.2360097090540493,0.0,-0.2217127734342647,-0.2478718084569988,0.0,1,0.147131805281759
UCtOcrZJ8rQK00WMxplAdoXw,55.23403666352247,0.2,0.0,1.5596580710210368,0.6067706849789068,0.6178827339378878,0.0,-0.2217127734342647,-0.2478718084569988,0.0,-1,-0.08017337142766867
UCtOg9NycT7FokhHcKDgHW-A,0.6665359406426165,-0.4,0.0,-0.2313226063486912,-0.1465163263664238,-0.2546858408396453,0.0,-0.2217127734342647,-0.2478718084569988,0.0,1,0.16193419226197664
UCtPR-lQIO-cxmZdd3exO9mQ,-0.1532174090330942,0.8,0.0,0.1110521834839672,-0.3576408793480073,-0.3650391529509309,0.0,-0.2217127734342647,-0.2478718084569988,0.5,1,0.09163758151540918
UCtPZkkDa6ymGRPS08EROlxg,0.6371518922541,-0.2,0.0,-0.2108632221554207,-0.2672965222783334,-0.3973538811063024,0.0,-0.2217127734342647,-0.2478718084569988,0.25,1,0.14379009986525604
UCtQOVyilS5Ey0C8V9hDDFxA,-0.3531573444673606,-0.2,0.0,3.4541162452837764,-0.289898664203369,-0.4801035004544946,0.0,-0.2217127734342647,-0.2478718084569988,0.0,1,0.11090281335901403
UCtQS9F0BG2HQnUhE-nERROw,0.9068619174713948,0.0,0.0,-0.2412349834226511,-0.3408543859540076,-0.4452650250890805,0.0,-0.2217127734342647,-0.2478718084569988,0.0,1,0.15659799204112346
UCtTqsrb7-_Nc5-cT-qpG8dg,0.1139405092976942,-0.2,0.0,0.1041708630301149,-0.3230955601557652,-0.3033796267336019,0.0,-0.2217127734342647,-0.2478718084569988,0.0,1,0.16281918149614805
UCtUrkh16OXYe3J1O6lbWl7Q,-0.3040541561152766,2.8,0.0,1.349424034907564,0.2498283766761665,-0.183799396685983,0.0,1.6044277048521072,3.123815688860671,0.25,-1,-0.03228437053376776
UCtUzPq40JV_73mgZYF1tMcA,-0.1417152039954503,-0.4,0.0,-0.072122304410705,-0.198218726019943,-0.115175624700483,0.0,-0.2217127734342647,-0.2478718084569988,0.25,1,0.14891810805435618
UCtVGviM4f-N8DAfZ7zjINKA,-0.3225220085617583,-0.2,0.0,3.4912108260305303,-0.2545828174455008,-0.0865927887376317,0.0,-0.2217127734342647,-0.2478718084569988,0.0,1,0.10725432658984857
UCtWd7InmaM1gBHCtk9ZTrVA,-0.3167568957358626,-0.2,0.0,0.3062024959126111,-0.224211189233734,-0.2704501578560887,0.0,-0.2217127734342647,-0.2478718084569988,0.0,1,0.16138068678684292
UCtX0ew8Vhvg9Y211IvW4Z1A,-0.0696688494005727,0.4,0.0,4.506207801117094,-0.3871349622766998,-0.4112865083200506,0.0,-0.2217127734342647,-0.2478718084569988,0.0,1,0.07156214133650834
UCtY-zMZ5knL5zl-uHKrTbhg,0.9472343708878797,-0.2,0.0,-0.2703655530956807,-0.4954368923341625,-0.5658026219861622,0.0,-0.2217127734342647,-0.2478718084569988,0.0,1,0.13497651986924214
UCtYI6njqoKz1T5odI-ZIcXQ,-0.2977147033289559,-0.4,0.0,0.886541747101468,-0.1677058344211448,-0.3410841770671351,0.0,-0.2217127734342647,-0.2478718084569988,0.25,1,0.13779411176886236
UCtYwiZ4ksdRzBo8jAs2oFTw,-0.2437981145371891,0.4,0.0,0.1850488005747885,0.0507815375208669,0.0151713915454774,0.0,0.6913574657089212,2.6421460463867183,0.0,1,0.03805337302530243
UCtZa1TJrrfj24mDRUrzRA6Q,1.650215474349822,0.6,0.0,-0.2440317552538158,-0.2435642732570459,-0.5501007959748071,0.0,-0.2217127734342647,-0.2478718084569988,0.0,1,0.13734410344969428
UCt_CC36lmVA8RkV3xG74WDA,0.0563118368466218,5.4,0.0,0.082181251676403,-0.2261639478191691,-0.3498206724007736,0.0,3.430568183138479,8.422181756074153,0.25,-1,-0.12291024913484705
UCt_IqmSacIwu9zTD8Zjz8SQ,0.5334631795640556,0.0,0.0,-0.2659508409153931,-0.1652841763577481,-0.2162670312221433,0.0,-0.2217127734342647,-0.2478718084569988,0.0,1,0.16081020083621766
UCtaMLkady-p2eGO8jZ6Izsg,-0.2093992545382951,-0.4,0.0,0.1081012904208863,-0.2533114469622176,-0.3449852413079906,0.0,-0.2217127734342647,-0.2478718084569988,0.5,1,0.10754647962577774
UCtasfal92yyLYV-Zv5ro42Q,-0.2894265141479871,-0.2,0.0,0.3281512638073603,-0.4233925649481113,-0.4708186779384243,0.0,-0.2217127734342647,-0.2478718084569988,0.0,1,0.15744691692731988
UCtbQAoYxNO4lnUY5mWc-FIw,10.050055555889768,-0.4,0.0,-0.3007684139705237,-0.3168799711263805,-0.2795878464600583,0.0,-0.2217127734342647,-0.2478718084569988,0.0,1,0.11231901167468966
UCtdeoxrzE8c_wGn3Xmdlr1w,7.699977122945791,-0.2,0.0,-0.2677479410147884,-0.1309773537929617,-0.239901274972546,0.0,-0.2217127734342647,-0.2478718084569988,0.0,1,0.12794536724047334
UCtfWQOhlf4eUNeXP25fR78w,-0.0828504581341678,1.4,0.0,0.1785954440755438,-0.350843725465519,-0.326590113700072,0.0,-0.2217127734342647,-0.2478718084569988,0.5,1,0.08282799873848512
UCthJU9ITZbTY3PZUem4r0qA,0.9173589977398292,0.4,0.0,-0.271262262832006,-0.4229216869913397,-0.4380687391711605,0.0,0.6913574657089212,0.7154674764909068,0.0,1,0.07767613895247616
UCth_QqlrDeDr_1o3ujUJkJw,-0.2038511729371144,-0.4,0.0,0.0326788326030177,-0.4313033146218737,-0.4881695425660304,0.0,-0.2217127734342647,-0.2478718084569988,0.25,1,0.136407857759405
UCtjZPCJfyv0oJX40B0DfPkw,-0.1994422107064785,0.4,0.0,0.055418059909382,-0.3165032687609632,-0.4951642474214781,0.0,-0.2217127734342647,-0.2478718084569988,0.25,1,0.13513630347663058
UCtlMRE4IPd92aiW9_h0ut6g,0.6331329264153243,-0.2,0.0,-0.2280207777114005,-0.4368125867161012,-0.4333407171783915,0.0,-0.2217127734342647,-0.2478718084569988,0.0,1,0.15632654800634915
UCtmI2fIHy-d740M8gnkJSmQ,-0.2965736987794775,-0.4,0.0,1.8064801507432025,-0.1388881034667242,-0.2048883011452423,0.0,-0.2217127734342647,-0.2478718084569988,0.0,1,0.14074683388483733
UCtnjcvGKjNw5fBJl7S-6XqQ,-0.3001027537429197,-0.4,0.0,0.5033498913312607,-0.2736533746947497,-0.4057154370146918,0.0,-0.2217127734342647,-0.2478718084569988,0.0,1,0.1575119908801299
UCtnlYTmDUfFCyL0ddk_PiCQ,0.3741588269045519,-0.4,0.0,0.2485155146959003,-0.3448501217586122,-0.4081712706266603,0.0,-0.2217127734342647,-0.2478718084569988,0.0,1,0.15490132218087704
UCtqnsmmFXdxMxJcnGNpWXYA,0.5991391105758485,0.0,0.0,-0.2526625845992018,2.495512620799357,3.201204449402013,0.0,-0.2217127734342647,-0.2478718084569988,0.0,-1,-0.0186140500601345
UCts5p0NV7ksSVNL0PUtX5Gg,0.1052027049410946,-0.2,0.0,-0.0899872076997448,-0.4869610891122741,-0.5284461183882617,0.0,0.6913574657089212,0.7154674764909068,0.0,1,0.07789493381601026
UCtsP3SHibwpeJu6x_1-DX8A,20.23347026015241,0.0,0.0,-0.300010506780424,1.416663953556135,3.2948402854364702,0.0,-0.2217127734342647,-0.2478718084569988,0.0,-1,-0.07056671526232339
UCtsTDXqQ07qxrAHhb2Hp5fw,4.880825640009224,-0.4,0.0,2.84795514491616,0.0704642361139189,1.1869208235045408,0.0,-0.2217127734342647,-0.2478718084569988,0.0,1,0.022222320856245537
UCttfMrawsqADhybndvS2-xw,-0.2007574175717771,0.2,0.0,0.5589973805408359,-0.2556422928482368,-0.2369079749269933,0.0,-0.2217127734342647,-0.2478718084569988,0.25,1,0.14603998802424317
UCtuGkU-7CbRQjm2Ir8lvSNQ,-0.3153615687658919,0.2,0.0,0.6880232886237223,-0.2980213089576788,-0.3311207753801476,0.0,-0.2217127734342647,-0.2478718084569988,0.0,1,0.1575365644962315
UCtuNvVuKxChsGryr9LwNWBg,-0.2437403809323518,-0.2,0.0,3.7014401162694472,-0.1860700747352363,-0.2869280964365356,0.0,-0.2217127734342647,-0.2478718084569988,0.0,1,0.10616412518888729
UCtuomBdrOJzV5xS29pejPKQ,0.1767805925710067,-0.2,0.0,-0.2076892417284592,0.1960473871848986,0.2488869512450312,0.0,-0.2217127734342647,-0.2478718084569988,0.25,1,0.13556383168591662
UCtw9QO3w9327bZnZLWNZnAA,1.8859177468690973,-0.4,0.0,-0.281730014271685,-0.1253268183117028,-0.4416368154549621,0.0,-0.2217127734342647,-0.2478718084569988,0.0,1,0.15088494845425438
UCtwSr9fLXCCd2dHC9KIam3Q,1.9218530276987635,-0.2,0.0,-0.2711175227951097,-0.4735410673442842,-0.3454180291792101,0.0,-0.2217127734342647,-0.2478718084569988,0.0,1,0.1495410108325531
UCtxliviwU_cJGq75Gkhld8A,23.520948969166017,-0.2,0.0,2.3706043854139205,-0.1253268183117028,-0.2380384816454928,0.0,-0.2217127734342647,-0.2478718084569988,0.0,-1,-0.009454302850403828
UCty2nCbnDeXy2tln-EXpWiQ,-0.1645462020917028,0.0,0.0,-0.0876763784800599,-0.282129177916638,-0.3817001044886252,0.0,0.6913574657089212,0.7154674764909068,0.25,1,0.08133362039505271
UCtyNnZhqmJggoFZAA5OSl1g,-0.0095446020282799,-0.2,0.0,-0.1502489011592115,-0.4424631221973601,-0.4764413573659196,0.0,-0.2217127734342647,-0.2478718084569988,0.0,1,0.1592881010474
UCtywaV3fTGGQX-f932m2UuQ,0.5786886642577128,0.2,0.0,-0.1160982896934511,-0.2741831123961177,-0.3213713632914551,0.0,0.6913574657089212,0.7154674764909068,0.0,1,0.08727683895819793
UCtzvQvrNpDPBegh4CTfusWw,-0.2190999140351608,-0.4,0.0,0.0001190904231735,-0.4177420294668523,-0.4802142037875249,0.0,-0.2217127734342647,-0.2478718084569988,0.25,1,0.13947306586648395
UCu1NzPyodaSoLRB4JxXKLQQ,4.298564090377867,-0.2,0.0,-0.2950545124278281,-0.1415721078203222,-0.2951149302126281,0.0,-0.2217127734342647,-0.2478718084569988,0.0,1,0.13117043708212028
UCu1oTg1OkgGUbRG0S5rqnGQ,-0.0420083729814478,3.6,0.0,0.0316910145589154,0.4228294554423482,0.1560343844037934,0.0,-0.2217127734342647,-0.2478718084569988,0.25,1,0.051622143178171265
UCu2oQ7UTal3-HWu0bWWB-3w,-0.2732328271095424,0.4,0.0,1.8774969558934689,-0.2712989849108917,-0.3489962340125753,0.0,-0.2217127734342647,-0.2478718084569988,0.0,1,0.14130393252632578
UCu2wQb5xZ-w75PFPXT-FO2Q,-0.3308236296426279,1.6,0.0,1.1662057534855204,-0.3974001017343202,-0.5021914401517933,0.0,1.6044277048521072,1.1971371189648596,0.0,1,0.025891304633682277
UCu5Bjejci_OGaj5fSNPc8iw,0.0023173814518911,1.4,0.0,0.0071723710799111,-0.3647682593300498,-0.3676872281159785,0.0,-0.2217127734342647,-0.2478718084569988,0.0,1,0.14098748241386128
UCu5GAuT6IAYek2hTeaMko8A,-0.2449645690022692,0.4,0.0,0.9443410600506552,0.4971738405403222,0.9183181119545114,0.0,0.6913574657089212,0.7154674764909068,0.0,1,0.05039840297663345
UCu845l7vWxle4zMBrb8BBcA,0.6995935631581708,0.0,0.0,1.0833555927643563,-0.3947362778645838,-0.3573519406485611,0.0,-0.2217127734342647,-0.2478718084569988,0.0,1,0.14419867208590126
UCu9kEzZh6CqJgnb3uv2slmQ,1.3495607755622894,-0.4,0.0,-0.2627627194084919,-0.4550355636431612,-0.5018087523544013,0.0,-0.2217127734342647,-0.2478718084569988,0.0,1,0.1469025038367603
UCu9lwxp3iYDHbzxrH_dxQKQ,-0.1258086211395769,0.8,0.0,0.0381030230111789,-0.0517414357943991,-0.2062301095714727,0.0,-0.2217127734342647,-0.2478718084569988,0.5,1,0.09904604691911023
UCuC8hTPaluOci-c-KtoVMSA,4.626088951446143,-0.4,0.0,-0.2923758818934178,-0.4821581339532041,-0.5067961031475303,0.0,-0.2217127734342647,-0.2478718084569988,0.0,1,0.11284348868535105
UCuCDDTndtTA5nrF6ASzO8YA,-0.1966050164116171,-0.2,0.0,0.7798040450881325,-0.2114974844009014,-0.3031109524910816,0.0,-0.2217127734342647,-0.2478718084569988,0.0,1,0.16012604510305384
UCuCoPM8IwlcCR-IWGjBlihg,-0.0313177117676741,-0.4,0.0,-0.1666782291914027,-0.2414453224515738,-0.1223608755916013,0.0,-0.2217127734342647,-0.2478718084569988,0.25,1,0.1493436572357016
UCuDZg23emme3-PVUBL2bwPA,8.072954472865637,0.2,0.0,-0.2981203087516866,1.3717119257543342,3.2328790841539803,0.0,-0.2217127734342647,-0.2478718084569988,0.0,-1,-0.019361301562746736
UCuGAccKAO0csFFZSAavlXyg,-0.3502396934287318,0.0,0.0,2.31287737076416,-0.3504653413931132,-0.4513109403753298,0.0,-0.2217127734342647,-0.2478718084569988,0.0,1,0.12932502774614518
UCuHcviwM8H4ceBVojynZSWQ,0.3281665877595955,-0.4,0.0,-0.2233650402626506,-0.2829767582388269,-0.3369074319875091,0.0,-0.2217127734342647,-0.2478718084569988,0.0,1,0.16378199803972365
UCuIcb1zH740tUX3XII0t3mQ,0.2348488166689916,0.4,0.0,-0.0464371503046394,-0.4897863568529036,-0.422036433755688,0.0,0.6913574657089212,1.6788067614388125,0.0,1,0.0520461544573988
UCuImGSS0vOnuq0AHYUUCnCA,0.5284568933387657,0.2,0.0,-0.2181176525953456,-0.1237376052075987,-0.3146964580035917,0.0,-0.2217127734342647,-0.2478718084569988,0.0,1,0.15921596434674146
UCuJ8BGUhNIAVImhkQGKihug,1.5056166282803418,0.0,0.0,2.2987614363668745,0.0908061638464511,0.0331339220587111,0.0,-0.2217127734342647,-0.2478718084569988,0.0,1,0.10818494954263885
UCuJklxRjT3hKWyviJxqnQuQ,-0.2965280194437821,1.2,0.0,1.1369431330148303,-0.1487982733877014,-0.0352163403364975,0.0,-0.2217127734342647,-0.2478718084569988,0.0,1,0.13637061749728674
UCuKNQKkvdbznwuc0ljTc0Yw,5.251727054452278,-0.2,0.0,-0.2738857395922977,-0.4495262915489338,-0.4768716302200049,0.0,-0.2217127734342647,-0.2478718084569988,0.25,1,0.09267103141624344
UCuM4rKEMZkH9bnzHbBtPr3Q,-0.2379328515804532,-0.4,0.0,0.1461153992588589,-0.4414742784881398,-0.4268237923394717,0.0,-0.2217127734342647,-0.2478718084569988,0.0,1,0.1590744940092182
UCuM6kpppW-mtPXDufwkUcCg,-0.1200303334836348,0.8,0.0,-0.0238832539961375,-0.3753630133574103,-0.276473587809511,0.0,-0.2217127734342647,-0.2478718084569988,0.0,1,0.15226553313147834
UCuO4v-AgrtjS9W5sTQX9XwA,1.078633699023897,0.0,0.0,-0.2740277741351025,0.6217546942461738,1.2546952654243066,0.0,-0.2217127734342647,-0.2478718084569988,0.0,1,0.1133017019384231
UCuOopMHeNLvcJJcA6Xcx6Tg,-0.3223629465892473,-0.4,0.0,2.5035700677282704,-0.2634824108284836,-0.3445479847041175,0.0,-0.2217127734342647,-0.2478718084569988,0.0,1,0.13327235861085912
UCuP7cfsbdHOFnS7frW44Mxg,0.5192275874871074,-0.4,0.0,-0.2091033773813483,-0.4287605736553072,-0.4333287678007634,0.0,-0.2217127734342647,-0.2478718084569988,0.0,1,0.15619567247502092
UCuPeEwAkTRPdwfuDmLlsI3g,-0.1633858071303374,-0.4,0.0,0.6732686133648246,-0.3134896498376252,-0.1175836266429442,0.0,-0.2217127734342647,-0.2478718084569988,0.0,1,0.1503338693688135
UCuPhLIuzUqywEO8mflnThRQ,-0.2020807879351357,2.8,0.0,0.0037549781855132,-0.3295533149914897,-0.3938390231681158,0.0,0.6913574657089212,0.7154674764909068,0.0,1,0.055805127494784945
UCuQETkt2upgjn7dJhh3kqdQ,-0.2711577163985333,-0.4,0.0,0.9801492847481592,-0.155839709910501,-0.0685339538398465,0.0,-0.2217127734342647,-0.2478718084569988,0.25,1,0.13183142240275864
UCuQt7qDBrCE-JaNnhHAIkhQ,12.708817429051528,-0.2,0.0,-0.2548684303171377,-0.2432817464829829,-0.2790118447648594,0.0,-0.2217127734342647,-0.2478718084569988,0.0,1,0.1040639964197469
UCuRn0JsYOXmPPUrKsExUgNA,-0.2888635311664939,0.8,0.0,0.7044142158386647,-0.2956134103150969,-0.3284041330216183,0.0,-0.2217127734342647,-0.2478718084569988,0.25,1,0.13553664935731574
UCuSctxLDMvxKMWaWgt4c8Gw,0.0126512590869432,0.6,0.0,-0.1436053058034783,0.3552512243693689,0.1399360092177984,0.0,-0.2217127734342647,-0.2478718084569988,0.5,1,0.08703226064619157
UCuSkDhKSZP5BrmZ1XTCy-qw,14.177791607170764,1.4,0.0,-0.2936724176134598,10.276905393008748,6.419025124615378,0.0,1.6044277048521072,1.1971371189648596,0.0,-1,-0.2199722214657368
UCuStEhW9cZFvO0HNkl2_lOA,10.353706982239403,-0.4,0.0,-0.2985734896559927,-0.2855194992053934,-0.2474752743517537,0.0,-0.2217127734342647,-0.2478718084569988,0.0,1,0.11519806464975696
UCuTBZ5z09pHgrjZ3pjnKnFg,-0.0508632469498155,0.6,0.0,-0.043140753821899,-0.0643010351141064,-0.374443710103436,0.0,-0.2217127734342647,-0.2478718084569988,0.25,1,0.13366357564259568
UCuWc3nJmuPGNN2-roO0GmvA,2.1522949440515777,-0.2,0.0,-0.2803299679297796,-0.0695277804342709,-0.3406714203228768,0.0,-0.2217127734342647,-0.2478718084569988,0.0,1,0.1545440479783065
UCuWeHxzmG_KtdsdowssH4Gg,0.7683064416879756,1.8,0.0,-0.2229181898327912,-0.0098439994134735,-0.015863177408605,0.0,-0.2217127734342647,-0.2478718084569988,0.25,1,0.11016807440422738
UCuXlFx7wWe6gDSsaWG5vnKw,-0.240246319602862,1.0,0.0,0.8195286362667707,0.6996513619521005,0.743563863305209,0.0,-0.2217127734342647,-0.2478718084569988,0.0,1,0.10202567376084198
UCuY7tGv7Ju1BU-8QVqFo1Xg,-0.0788242208909343,-0.4,0.0,0.0428193856184467,0.5129011642964929,-0.0768503255761593,0.0,-0.2217127734342647,-0.2478718084569988,0.0,1,0.14403046510795103
UCuZ2pUdWeoq-c4c2cDTH4Xw,-0.2924115771654419,0.2,0.0,0.1540143431475817,-0.2990807843604148,-0.4485225566717576,0.0,-0.2217127734342647,-0.2478718084569988,0.25,1,0.1430242116106224
UCubbEx2_cLEiFGYxCtqa8Pg,2.7594606499834446,-0.4,0.0,-0.2870863882064279,0.1992964450866224,-0.0573165130563579,0.0,-0.2217127734342647,-0.2478718084569988,0.0,1,0.12870131386407418
UCudFHoEF0HLhpWZ9lHgBnLA,-0.1577741007401523,-0.4,0.0,-0.028973418090057,-0.4126565475337193,-0.4204541702388832,0.0,-0.2217127734342647,-0.2478718084569988,0.25,1,0.14116281410719583
UCuew9r_wVa0s2zUui0Ux46Q,-0.0918185236319261,-0.2,0.0,0.0418062420902982,-0.2651775714728613,-0.1599020563301568,0.0,-0.2217127734342647,-0.2478718084569988,0.0,1,0.16477437286789948
UCufYjNoxf32o2NFXt_4J_IA,-0.0666234101613827,5.6,0.0,2.1630212469517605,1.4228391816177963,2.0471323197690183,0.0,-0.2217127734342647,-0.2478718084569988,0.0,-1,-0.06857041163590183
UCufbybbxUwsJI2Zlfjmv1ew,-0.321586193956819,0.2,0.0,2.068426452483893,1.152400517387972,0.5279705375272254,0.0,0.6913574657089212,0.7154674764909068,0.25,-1,-0.009954615850468973
UCugJeFQNP8Wm8lqnqJJCH8g,2.194540390066277,-0.4,0.0,3.7706354943914695,-0.4126565475337193,-0.4625420322399692,0.0,-0.2217127734342647,-0.2478718084569988,0.0,1,0.06677279842825673
UCujEiTELXl8JqQYuG4kg14A,-0.2349409716213193,1.4,0.0,0.4144968619075582,-0.1165483078318899,0.1271791337027143,0.0,-0.2217127734342647,-0.2478718084569988,0.0,1,0.1365575986544813
UCul3KWP7-qOJlYksjCGimgw,0.9611846949955036,0.4,0.0,-0.2659925427278339,0.4999991082809517,0.3807790647313639,0.0,-0.2217127734342647,-0.2478718084569988,0.5,1,0.06179413396852279
UCumrvhbd16MTb-nbV5vt_Cg,-0.0450903577608193,-0.4,0.0,-0.1809371092657954,-0.2948428827494707,-0.4083478894311425,0.0,-0.2217127734342647,-0.2478718084569988,0.0,1,0.1603920239870435
UCun8tgkE8I704Z9j1lIHXJw,-0.1899555190185608,-0.4,0.0,-0.0047340479743802,-0.4262178326887407,-0.5156887049133004,0.0,-0.2217127734342647,-0.2478718084569988,0.5,1,0.09593229693612176
UCunKymEvNYuDanvOGaJB-_A,0.2426994086900304,-0.2,0.0,-0.2274763192188472,0.507533155589297,0.3882523590776804,0.0,-0.2217127734342647,-0.2478718084569988,0.0,1,0.14169941406678654
UCunllKCqzQar8fUAB2px_Yw,-0.3506165945597863,-0.4,0.0,1.6224923345327678,0.2721883527948627,0.0074448990651459,0.0,-0.2217127734342647,-0.2478718084569988,0.0,1,0.12615042745955457
UCuoLf-ObavcyjSWDQgb2E1w,1.6470434251469044,-0.2,0.0,-0.2763800047925625,-0.2983744674252575,-0.4895719799000105,0.0,-0.2217127734342647,-0.2478718084569988,0.0,1,0.15267109177001204
UCupC0GKAnfAYgwqynEmb5Lw,-0.3358486355629989,3.2,0.0,3.793364337758702,-0.2806551251823966,-0.3122260310593541,0.0,4.343638422281664,2.6421460463867183,0.25,-1,-0.08309323864030971
UCupGFdgE2xEAJTlmkf-fIAA,-0.2299090587449026,-0.2,0.0,-0.0790387031943996,-0.2742587892105988,-0.2262411362866277,0.0,0.6913574657089212,1.6788067614388125,0.0,1,0.05621000837550677
UCupl4_0BK-mmGb-wBccTl1A,1.2152997458052757,-0.2,0.0,-0.1041187428999841,0.8988327376664778,0.6456951859859044,0.0,-0.2217127734342647,-0.2478718084569988,0.0,1,0.11013325617768893
UCuq26AoshCSGBS9zfT2CTdQ,-0.2264125231180626,-0.4,0.0,0.2961084115577265,0.1874303205759788,0.4198777990654334,0.0,-0.2217127734342647,-0.2478718084569988,0.0,1,0.14247153601704898
UCuq_l0SXPRLVhR5zbrFezMg,-0.3137439085054558,-0.4,0.0,0.5577050296195336,-0.4677492684759938,-0.4680089652020929,0.0,-0.2217127734342647,-0.2478718084569988,0.0,1,0.1508095903833428
UCuqj2l5FENgEbw_dDr5_jDA,0.7001267994850646,0.0,0.0,-0.1711028295171811,-0.4425640246166683,-0.4887743907925247,0.0,-0.2217127734342647,-0.2478718084569988,0.0,1,0.15257241056953336
UCusXikZ2Un8GOhOCoEmWg2Q,-0.3546419228774625,0.8,0.0,4.859416164073885,-0.5009590065544838,-0.5541393632035928,0.0,-0.2217127734342647,-0.2478718084569988,0.0,1,0.029520615857575705
UCusgQXwdKkz6IIgRRuc2GEg,-0.1842995109234393,0.4,0.0,0.3644641103035636,-0.3720668676600093,-0.5215007027458723,0.0,1.6044277048521072,2.160476403912765,0.0,1,0.024722981884988837
UCuueeFqN5mTyTUxiDws4Jvg,1.27386540007184,0.8,0.0,-0.2209172383411862,-0.3549440328683156,-0.3316078329505796,0.0,1.6044277048521072,1.1971371189648596,0.0,1,0.03941497259990506
UCuvdnEZBdaogzBUrnL2-hUA,-0.1701639679856026,-0.4,0.0,0.0307353788243795,-0.2372074208406296,-0.1064278670485382,0.0,-0.2217127734342647,-0.2478718084569988,0.25,1,0.14764065385442476
UCuw0t9oJwWIGlWGO2FLTA_g,-0.2586559755657504,0.2,0.0,0.4286643887109103,0.0961035408601313,-0.1238937288170226,0.0,-0.2217127734342647,-0.2478718084569988,0.5,1,0.09144906325729385
UCuw2ltVq7-mr4VQGkhlkcSQ,1.806016146217689,0.2,0.0,-0.239372277466316,-0.2031982604128024,-0.3458578076546602,0.0,-0.2217127734342647,-0.2478718084569988,0.0,1,0.15215698759490537
UCuwo7hyKOH6kqc0ChYA0CZQ,0.1813916224185731,0.2,0.0,5.04541588616168,-0.3806603903710906,-0.4269322638819741,0.0,-0.2217127734342647,-0.2478718084569988,0.0,1,0.04758479618892558
UCux86zxs8AnBqqDH7MUWkoQ,0.3083672603635369,-0.2,0.0,-0.2153956212201201,1.1488689327121853,2.593772232154385,0.0,-0.2217127734342647,-0.2478718084569988,0.25,1,0.039242654958759726
UCuzvCm2IbyJN_-1Q81JFK0Q,0.4109710694093281,0.2,0.0,0.0216682961081982,-0.1216186544021266,0.0202596875884241,0.0,0.6913574657089212,0.7154674764909068,0.0,1,0.08708999628100611
UCv1bgBA2rbrRYuNoeVHXChQ,-0.2133981540974618,1.2,0.0,0.2136472512408048,8.716239911844333,1.2483664163255612,0.0,2.517497943995293,5.0504942587564825,0.25,-1,-0.166732968591095
UCv2w1mgdDPa0h5kn1euC1Og,-0.3090441574243334,0.0,0.0,0.7205225830260025,-0.2367230892279503,-0.3999324385160516,0.0,-0.2217127734342647,-0.2478718084569988,0.0,1,0.15749629896564504
UCv3SeMcqld2wZ9gi78r-ttw,0.3087292147187617,0.6,0.0,-0.0645411839654962,-0.2605158797008227,-0.2801856605747446,0.0,-0.2217127734342647,-0.2478718084569988,0.0,1,0.15508802685159012
UCv3u3iQ9SqP_0_o6WjTE_qQ,0.1287792239777125,1.2,0.0,3.5369962093244185,-0.0747979914119836,-0.193167631224139,0.0,-0.2217127734342647,-0.2478718084569988,0.0,1,0.08233902218614869
UCv42kGNb7RkytfSgq0Yz3Ew,-0.347931628463802,-0.4,0.0,2.94762875412777,-0.3168799711263805,-0.3777621890501301,0.0,-0.2217127734342647,-0.2478718084569988,0.0,1,0.12040670591537372
UCv4CMtMWjVXJWqnYV5vXlcw,-0.2141947457781099,0.0,0.0,0.6658688469235351,-0.3311677537004209,-0.2926976850167671,0.0,-0.2217127734342647,-0.2478718084569988,0.0,1,0.15775258520859925
UCv6OAi0THV-RCf_RJdCf8eA,-0.2935069839494671,-0.4,0.0,1.201696958081357,-0.4516452423544059,-0.4844418940895396,0.0,-0.2217127734342647,-0.2478718084569988,0.0,1,0.13747288731033985
UCv6kbIolFcEXEPYf5sLNm5g,1.5099296483688285,0.4,0.0,1.7184804770403073,-0.1724146139888606,-0.2732479652764752,0.0,-0.2217127734342647,-0.2478718084569988,0.0,1,0.12573866016796986
UCv7G1DFos8K93ogCM7-jv4A,-0.1542195958611084,-0.4,0.0,0.0965036471862912,-0.3312888366035907,-0.4097248514270845,0.0,-0.2217127734342647,-0.2478718084569988,0.25,1,0.1416166278172169
UCv7XXl8sULrykyOgHvMwHfQ,0.7817646751821241,-0.4,0.0,-0.2019690755136967,-0.2405977421293849,-0.1108759664314924,0.0,-0.2217127734342647,-0.2478718084569988,0.0,1,0.1580909272714654
UCv89AloCrm5pk21rMGkxRkg,0.0646473646852205,0.8,0.0,-0.180751986291523,0.278429626076435,0.0492633909212655,0.0,-0.2217127734342647,-0.2478718084569988,0.25,1,0.11301786547149067
UCvAOzvc0066dojKWd3lcH8Q,15.530943253050362,0.4,0.0,-0.3000919915717846,2.970224869504646,6.289000351540172,0.0,-0.2217127734342647,-0.2478718084569988,0.0,-1,-0.12426576842480441
UCvAVnOZNM7c7i8R52es8TGw,-0.283320301758818,1.0,0.0,0.8098639312987445,-0.0610519772123825,0.2539470203537126,0.0,-0.2217127734342647,-0.2478718084569988,0.0,1,0.13057350513156246
UCvBHzja-3o5nfzvHECqqEww,-0.2303907544654874,4.4,0.0,0.6914208564037435,-0.0966844488032524,-0.0078844599010533,0.0,0.6913574657089212,4.56882461628253,0.25,-1,-0.058203150986410934
UCvB_4UBGEV4MUR6AGTfL1Cw,0.7791023312333415,1.0,0.0,0.8266381375614402,-0.229861724714993,-0.2304280277504341,0.0,-0.2217127734342647,-0.2478718084569988,0.25,1,0.12008709715521715
UCvC1IppwEaKf_RYLt9U46lA,-0.0404202982478988,2.6,0.0,0.2363289058316587,1.0610838279140555,0.2020865950122156,0.0,5.256708661424851,6.495503186178341,0.5,-1,-0.15175590362068192
UCvCBQMmYcQ3eit4QPWTieUw,-0.1725477767469662,-0.2,0.0,-0.0364724521742113,-0.4791916028255432,-0.5276638278923196,0.0,-0.2217127734342647,-0.2478718084569988,0.0,1,0.14852966047274796
UCvCcFRgOdOBDA6IV0u9F1Xw,-0.180981596000545,-0.2,0.0,0.2751208857502109,-0.3647682593300498,-0.2266561654544081,0.0,-0.2217127734342647,-0.2478718084569988,0.0,1,0.16169211015304769
UCvCcg2HohJd4lofhZlPx4zQ,18.2602195372762,0.6,0.0,-0.2981197141909615,-0.0554014417311236,-0.0298779218546886,0.0,-0.2217127734342647,-0.2478718084569988,0.0,1,0.05987712030805725
UCvDYnGJgiZcIvRRIDIiqOdQ,-0.0767429833483915,-0.2,0.0,1.730785520717371,-0.3075565875823032,-0.3208738857061561,0.0,-0.2217127734342647,-0.2478718084569988,0.0,1,0.14353569978477665
UCvDbkT8b00rkj_nIALVBwsw,0.2092348905000338,0.6,0.0,-0.1859532470272733,0.4417044172326305,0.7611296427675944,0.0,-0.2217127734342647,-0.2478718084569988,0.75,1,0.012775823137370634
UCvDz6P4FNSZpuC0ywgjsGQQ,0.5989098593519756,-0.2,0.0,3.2316834406795976,-0.4481136576786191,-0.5594999532638889,0.0,0.6913574657089212,0.7154674764909068,0.0,1,0.01323416583092768
UCvEH3GIyS-cv4gs-ZLiJ8vw,0.2867214002021515,-0.4,0.0,-0.2043357202202657,-0.2092372702083979,0.2267100688251548,0.0,-0.2217127734342647,-0.2478718084569988,0.0,1,0.1529122198811479
UCvFSJLnpz3tcdPAxS3z5iVw,-0.2114472658021357,-0.2,0.0,0.0655372531134057,-0.3174450246745064,-0.4490442412185801,0.0,-0.2217127734342647,-0.2478718084569988,0.5,1,0.10356936807111922
UCvFdtH-KTGTyILlevYhvFYg,0.2735195594589312,1.4,0.0,5.829864012848424,-0.4458938044538387,-0.4835089987821686,0.0,-0.2217127734342647,-0.2478718084569988,0.0,1,0.012231177599182075
UCvHcQfVrevr95DQQ9uaPMNg,0.2456791696417349,-0.4,0.0,-0.2256965995528297,-0.1566872902326899,0.1080578839864347,0.0,-0.2217127734342647,-0.2478718084569988,0.5,1,0.10329283372906933
UCvIeVVOYt91VMEK9ofkMpPg,-0.2376677482929351,1.0,0.0,0.4284531140101573,-0.2595270359916024,-0.2664309169979283,0.0,-0.2217127734342647,-0.2478718084569988,0.25,1,0.13759529371482537
UCvIt400iVwJsI776V26Urww,0.010360766682786,1.6,0.0,4.623458048162346,-0.0902934983278975,-0.3008350491528985,0.0,-0.2217127734342647,-0.2478718084569988,0.0,1,0.03722810500849438
UCvJbG5DUkERB_VA5OmZndzQ,-0.0463616416401637,0.0,0.0,0.0119646512559209,0.0417675880626682,1.049094107296838,0.0,-0.2217127734342647,-0.2478718084569988,0.0,1,0.13006084074979202
UCvJlM6iY14SI3GyRbR1WMRw,0.0121458964771371,0.0,0.0,-0.1309012488880271,-0.0938452634875459,-0.2568603801490722,0.0,-0.2217127734342647,-0.2478718084569988,0.5,1,0.11637625332454138
UCvLKHlGfnoEmI8LLYc3zEZw,4.2358144956933605,-0.4,0.0,-0.2780956018106795,-0.3440025414364233,-0.2914990803165611,0.0,-0.2217127734342647,-0.2478718084569988,0.0,1,0.12947167191664516
UCvO73JiNlu0NmbyaQzsHuUg,-0.2801282056977775,0.0,0.0,3.3458444614652905,-0.4068445681815673,-0.3474258314602771,0.0,0.6913574657089212,0.7154674764909068,0.0,1,0.039575748969522595
UCvOLgJosZa045VvVyIO2_gg,0.0469492620128969,-0.4,0.0,-0.1077867245661456,0.2001440254088113,0.3614844974263843,0.0,-0.2217127734342647,-0.2478718084569988,0.5,1,0.09577717884078574
UCvOaP1a4YQPX5se-bBGSiQQ,-0.2701084375865363,0.2,0.0,0.5894680800607339,-0.1422784247554796,-0.1755912337241835,0.0,-0.2217127734342647,-0.2478718084569988,0.25,1,0.14300501757753226
UCvOxkNkujEwF5bMExiEfBAQ,1.7840690024820225,0.0,0.0,-0.2648056005004217,-0.1671004199052956,-0.1198274674571266,0.0,-0.2217127734342647,-0.2478718084569988,0.0,1,0.15604438503069878
UCvPnexfkxsEspKROsZ4SsLg,-0.1935984926518394,0.0,0.0,0.1273105229565079,-0.1767870521588823,-0.2058679934169939,0.0,-0.2217127734342647,-0.2478718084569988,0.0,1,0.1629820393075771
UCvQG1gpFQidfdnfHLnbvfZg,5.0402311863807645,0.0,0.0,-0.2721725835111566,-0.4443802681642158,-0.3746721075202434,0.0,-0.2217127734342647,-0.2478718084569988,0.0,1,0.11568264680166512
UCvSdknes7CWqms1z9mlFXxg,-0.2979551611522275,4.4,0.0,1.1832801670702484,-0.3367834952439874,-0.3288991128151444,0.0,2.517497943995293,1.6788067614388125,0.5,-1,-0.073551142002938
UCvT5SaQ9nfCqAN5QkqwcZoQ,-0.2003235318578723,0.4,0.0,0.1431384142641325,-0.2392792838504245,-0.3697986499171981,0.0,-0.2217127734342647,-0.2478718084569988,0.0,1,0.15949190391256163
UCvTsrQlZALZSL28kk0lHX4Q,6.294207911215219,-0.4,0.0,-0.2855554800260406,-0.0168365370715314,-0.2371857578920869,0.0,-0.2217127734342647,-0.2478718084569988,0.0,1,0.12676250025931862
UCvXrBe-9HXoB1SGHaUxbn5A,-0.0587760498756585,0.2,0.0,-0.1026052596386295,-0.4632994717845024,-0.4297499963622532,0.0,-0.2217127734342647,-0.2478718084569988,0.0,1,0.15272909850853617
UCvZBDRPQBJgYZm2ib0O5HHg,0.1222134992235119,1.0,0.0,-0.2377763920990049,-0.440344171391888,-0.4119712029402878,0.0,0.6913574657089212,0.7154674764909068,0.25,1,0.059870085594340705
UCvZwz1YWYa3GtFk_T78ALgw,-0.0476867793587725,0.2,0.0,4.197790398598989,-0.2641180960701252,-0.4949010366999023,0.0,2.517497943995293,1.6788067614388125,0.0,-1,-0.05116375137722118
UCvbQI5pcHAEzYm8hxIQ9GtQ,-0.2401632539061063,-0.2,0.0,0.9253745746205378,-0.3040250029065164,-0.1373815737534207,0.0,-0.2217127734342647,-0.2478718084569988,0.25,1,0.13728537548344993
UCvc_RLwBg1cpZxBAXQCiaUg,-0.1993368426696617,2.8,0.0,0.1935801163596312,0.1168389880279654,0.5567522637985622,0.0,-0.2217127734342647,-0.2478718084569988,0.25,1,0.06583327870277472
UCvd1s1BIM-uHQ0eODb2mTdQ,0.0190123241031797,-0.2,0.0,2.8231174601163334,-0.4396378544567307,-0.4532307068865038,0.0,-0.2217127734342647,-0.2478718084569988,0.0,1,0.12028818978151301
UCve3oJ1EDu_e15uApvBEHlQ,-0.018828358488508,0.8,0.0,-0.0918062397720185,-0.1106867945648047,0.1003332865439496,0.0,-0.2217127734342647,-0.2478718084569988,0.25,1,0.13641081584476134
UCvfcOerzve6p1pR5VRuh1sg,7.788448805940563,-0.4,0.0,-0.2696405926991583,0.1526795273662363,0.3278486865883481,0.0,-0.2217127734342647,-0.2478718084569988,0.0,1,0.11462356218800779
UCvh7Fx-bTbWJj-stquZHK4w,-0.3254805612504613,0.2,0.0,1.359179333593973,-0.3541735053026894,-0.5021101393530284,0.0,-0.2217127734342647,-0.2478718084569988,0.0,1,0.13576678856465285
UCvi-lNywv_TLhZdNYqvJ6QA,2.2855959464367257,-0.4,0.0,1.8140200613306028,0.1450513044665368,-0.2307639530125649,0.0,-0.2217127734342647,-0.2478718084569988,0.0,1,0.10226428589795084
UCviE9tLOQYnTLHu57Wzxdog,0.1398145901594698,-0.2,0.0,-0.1921461270681316,-0.150754227977368,-0.1749849390062439,0.0,-0.2217127734342647,-0.2478718084569988,0.25,1,0.15371207394234954
UCviJuEJ0YCMzfns7rZi4FFg,0.0105855742706014,-0.4,0.0,-0.2085925088498451,-0.2236461356856082,-0.2819921070194143,0.0,-0.2217127734342647,-0.2478718084569988,0.25,1,0.15317748109147622
UCvmsnD5JQb5fS0qF8B5nyNw,-0.0584155094046338,-0.2,0.0,-0.1603437537822281,0.5145963249408706,1.622894517668564,0.0,0.6913574657089212,0.7154674764909068,0.25,1,0.023593488886234193
UCvnM8N-cYxG5pc9zPaWgHUQ,1.1086539953024572,0.2,0.0,-0.2402402653631074,-0.215911965245635,-0.3689519506946169,0.0,-0.2217127734342647,-0.2478718084569988,0.0,1,0.15605638804166094
UCvny3UPuQjZifIueChOOFcg,0.2344882761979669,0.4,0.0,-0.1055690518401895,-0.0956615070350934,-0.2459347611691349,0.0,-0.2217127734342647,-0.2478718084569988,0.0,1,0.15822005288502067
UCvnyrmHHeEqvHJMN0WV3rdQ,0.7238103697539755,0.0,0.0,-0.2053996338428508,0.1707208799385416,0.1137535810843251,0.0,-0.2217127734342647,-0.2478718084569988,0.0,1,0.14616537099645
UCvsW-AeUsLPpAg1PgNtkF_Q,0.0216854489189882,0.2,0.0,-0.15962372884701,-0.215382227544267,-0.2870005689511973,0.0,-0.2217127734342647,-0.2478718084569988,0.5,1,0.11077837443141775
UCvsswm1DY-c9k3v_eIPS3hQ,0.1700328302260436,-0.2,0.0,-0.1884344017953687,-0.4106788601152787,-0.4993547473422014,0.0,-0.2217127734342647,-0.2478718084569988,0.0,1,0.15426253556839736
UCvuw_MHo54xaqkZ7i7GCheg,1.3643877752017928,0.0,0.0,-0.2478672614829926,0.402594639508774,0.5929244968714632,0.0,-0.2217127734342647,-0.2478718084569988,0.25,1,0.1145311477655892
UCvv2toXBlGXzdbhTMS1W9gg,1.3001794559897006,-0.4,0.0,-0.1442263008930221,-0.4584258849319165,-0.4937152716141239,0.0,-0.2217127734342647,-0.2478718084569988,0.25,1,0.12837826708709593
UCvvA-5rTTGRnEMMCJNoh9VQ,3.874094845245737,0.0,0.0,-0.2868450800855808,1.4178747825878335,0.1749644433053556,0.0,-0.2217127734342647,-0.2478718084569988,0.0,1,0.06623997442368235
UCvw5oiSM8eiMx3sSm-fCuvA,0.6257328740326624,1.2,0.0,-0.2526919616362932,-0.0327449677341527,-0.1686776050412588,0.0,-0.2217127734342647,-0.2478718084569988,0.0,1,0.13438659526229485
UCvwmrYxlpF3ToVZ4KVByHhg,1.5836978782720574,-0.2,0.0,-0.2715390556422967,-0.0200855949732553,-0.1760292787905678,0.0,-0.2217127734342647,-0.2478718084569988,0.0,1,0.1575999399617748
UCvxRWmS3T5dlVGIKEkARUEg,0.0099938637328608,0.6,0.0,0.2987275096436126,-0.3389170595032903,-0.3524480619473638,0.0,-0.2217127734342647,-0.2478718084569988,0.0,1,0.1493419181118813
UCvxsLFNQhz_mYMgJdMfnQMg,-0.2086060655020407,-0.4,0.0,0.1989431396986623,-0.2160179127859086,-0.3317611181855663,0.0,-0.2217127734342647,-0.2478718084569988,0.0,1,0.16405724747938677
UCvyvx9FKa1skq-ki04DN1iA,-0.2819541361504743,0.4,0.0,2.782899059120374,-0.1587591532424848,-0.3229120172511978,0.0,-0.2217127734342647,-0.2478718084569988,0.0,1,0.12616967618616237
UCvzDP-jbRZ0AIit24B1-gjQ,0.3923767248228021,-0.4,0.0,0.7793842024845264,-0.3618017282023889,-0.4234748305186691,0.0,-0.2217127734342647,-0.2478718084569988,0.0,1,0.14919791026323725
UCw0aiVa8jmupdggWGoTMZ9w,-0.2887393664267399,0.6,0.0,1.0123017806264325,-0.2973856237160371,-0.1362197167356046,0.0,-0.2217127734342647,-0.2478718084569988,0.25,1,0.12791295279723996
UCw1CsjhWLOpG9QjWuc_e5pA,62.772676167337295,1.6,0.0,2.3694193588775136,-0.0654311422103582,-0.0807817548746534,0.0,-0.2217127734342647,-0.2478718084569988,0.0,-1,-0.09297090917705764
UCw1Mh7VGpASBPWTqpdwUcWg,-0.119892372661686,0.4,0.0,0.068676111048747,-0.0255006914761285,-0.105802927802502,0.0,-0.2217127734342647,-0.2478718084569988,0.25,1,0.14344320666840538
UCw1fsbAq8P417QRFkTbZLtg,0.7487900678674613,-0.4,0.0,-0.2215749962316892,-0.3380694791811015,-0.3218825265585347,0.0,-0.2217127734342647,-0.2478718084569988,0.0,1,0.1612823956364835
UCw1mt9PMKJAzMCAiki_sW6A,0.0558616810682085,-0.2,0.0,-0.0429542654672188,0.0484271477370091,0.5059375022341701,0.0,-0.2217127734342647,-0.2478718084569988,0.0,1,0.15128224063587492
UCw2w0xPGqfgCKtB1ZM9sPiQ,-0.3471907531429512,1.0,0.0,2.613347462501296,-0.0582267094717531,-0.2238415070769749,0.0,-0.2217127734342647,-0.2478718084569988,0.5,1,0.024343597323748856
UCw4W-rrf_ROlNHAQ_-Au70Q,8.666292744791605,-0.4,0.0,-0.3001571305961473,-0.250768705995651,-0.4068672399893608,0.0,-0.2217127734342647,-0.2478718084569988,0.0,1,0.11018893241445904
UCw5de7keOLCD-TUhiwNMSsA,0.1205049716552875,0.0,0.0,-0.1888451776140801,-0.0847640457498084,0.0705924506832427,0.0,-0.2217127734342647,-0.2478718084569988,0.25,1,0.14843605101635493
UCw5zGcM3LH4mDyUZdxL-4Bg,-0.0993580611289435,-0.4,0.0,-0.0991572126965096,-0.1787243786095997,-0.081675595199703,0.0,-0.2217127734342647,-0.2478718084569988,0.0,1,0.16253610509987593
UCw8_VBsxY5Da8opoPvofLvg,11.328247875419285,0.4,0.0,-0.29369468865586,0.1134083057714868,0.2440876943490188,0.0,-0.2217127734342647,-0.2478718084569988,0.0,1,0.09483456614377272
UCw9wNv0CEM9Ohkbwq0mpqIg,-0.2351545691272626,-0.4,0.0,-0.0266073654957282,-0.0388736254484412,-0.005209077025379,0.0,-0.2217127734342647,-0.2478718084569988,0.0,1,0.1583238712768244
UCwAJwDJ7C2-aX0bpCcxG7_A,24.28479725723556,0.2,0.0,-0.2870042018408384,0.2137053105638327,0.3120709081055013,0.0,-0.2217127734342647,-0.2478718084569988,0.0,1,0.010480295447125698
UCwArk2bil61-c_ZhxeK9yvg,-0.2763083877791638,1.2,0.0,0.3035493467364499,-0.4369755829319068,-0.4232039524851015,0.0,-0.2217127734342647,-0.2478718084569988,0.5,1,0.07709599062505645
UCwBU-lCVV_p81Rlcx4JRkBA,-0.1393568451496884,0.2,0.0,0.0906898062973504,0.0712058688958341,0.0848830608032708,0.0,-0.2217127734342647,-0.2478718084569988,0.0,1,0.15316284019643095
UCwByvoipmZjgPB-HimwlNmw,0.5819573877928123,-0.4,0.0,-0.0998357746130561,-0.2609396698619171,-0.3170653511065188,0.0,-0.2217127734342647,-0.2478718084569988,0.0,1,0.15901057728063617
UCwC0n9XEqXbtoLiqfB072rA,0.4952933557478647,-0.2,0.0,-0.2156510124112415,0.3881655935477021,0.3946966396014853,0.0,-0.2217127734342647,-0.2478718084569988,0.5,1,0.0819628433045031
UCwDFsVenL4otaf46j65UM_g,1.2202030962112125,-0.4,0.0,-0.263576725751133,1.1214638356280793,4.465084152342428,0.0,-0.2217127734342647,-0.2478718084569988,0.0,-1,-0.002253675568370306
UCwDyweH08X6j3VjqVhHSmhA,-0.2127283458791521,0.0,0.0,0.0716600522205766,-0.4044229101181706,-0.5440083234184467,0.0,-0.2217127734342647,-0.2478718084569988,0.25,1,0.13273888807441825
UCwENr2gU3dRpnGWQ31WtFgQ,2.421133713626427,-0.4,0.0,-0.2752924477610809,-0.3863815575458653,-0.4018271806816491,0.0,-0.2217127734342647,-0.2478718084569988,0.0,1,0.1439175664879676
UCwEZIq8J0Atls4eDi9v5yUw,-0.2174536226196728,0.2,0.0,2.0099398836841007,0.1745047206625989,0.3693527166922988,0.0,-0.2217127734342647,-0.2478718084569988,0.0,1,0.12154752030306348
UCwEm61nheRTfYODCuhI4maw,2.1792195408740254,-0.4,0.0,-0.278503414973747,-0.2100848505305867,-0.0168336059704316,0.0,-0.2217127734342647,-0.2478718084569988,0.0,1,0.14828731742360723
UCwEoebx9YVz1iwGcCkMFaiw,-0.3355403473341516,-0.2,0.0,1.038493813021727,-0.2764786424353792,-0.4197934600684281,0.0,-0.2217127734342647,-0.2478718084569988,0.0,1,0.15447126792726806
UCwG-RtMUooLvNKIs5xRxF7Q,-0.2503396854363047,-0.4,0.0,1.7567658044864116,0.7858220280412991,0.9136086159288332,0.0,-0.2217127734342647,-0.2478718084569988,0.0,1,0.0941644719674784
UCwGV0V4tUE_4OsrHvm4aP0w,-0.0394199751763301,-0.2,0.0,-0.1806897229762123,-0.3273334617667094,-0.5118239944717226,0.0,-0.2217127734342647,-0.2478718084569988,0.25,1,0.1416278155438131
UCwGeM7b5rZoryH-Tw5JKzAQ,-0.1943045089943759,5.8,0.0,2.7130897404976304,-0.2405741982315463,-0.1429547725337318,0.0,2.517497943995293,3.605485331334624,0.0,-1,-0.07360837339044324
UCwINxOPhFFhkYqntJpZllCw,-0.3060255146571262,0.4,0.0,0.8940961617107388,-0.4252760767751975,-0.4790248680595722,0.0,-0.2217127734342647,-0.2478718084569988,0.0,1,0.14933148450924194
UCwK-EelLcGG81WiSk52upUg,19.602448086112304,-0.4,0.0,-0.299506615680011,-0.2270364569743635,0.0116264844181137,0.0,-0.2217127734342647,-0.2478718084569988,0.0,1,0.05464822731740304
UCwL7Vf1NOoJkNCYgI4APWCw,-0.161980406235441,1.6,0.0,0.1784143913505109,-0.3163149175782546,-0.3557094987146715,0.0,0.6913574657089212,0.7154674764909068,0.25,1,0.06042527581346363
UCwLVjfClE4GbmyoNU6Kxmqg,0.3570888262212554,0.2,0.0,-0.2537291253765707,-0.1968414079963861,-0.2486326558630243,0.0,-0.2217127734342647,-0.2478718084569988,0.5,1,0.10504716992187446
UCwMFd117WPD_VnDCjV4pPhQ,9.056384809482577,-0.4,0.0,-0.2983629300882269,0.095891645779584,-0.3400701243746938,0.0,-0.2217127734342647,-0.2478718084569988,0.25,1,0.08286842249219112
UCwNy-SWv8RabzYm5yTnbTiw,-0.1042094512905264,0.2,0.0,-0.0605249001816425,-0.4177420294668523,-0.4053495836677047,0.0,-0.2217127734342647,-0.2478718084569988,0.0,1,0.1534239416593572
UCwPRzw_OqvxHVhF7kcLdeig,-0.3120027101130364,2.2,0.0,0.3335143965661055,-0.2246820671905056,-0.2647803174950729,0.0,-0.2217127734342647,-0.2478718084569988,0.25,1,0.12485980205569225
UCwQqksTFqw7_YtgaM5UBYaA,-0.3408106006900133,1.0,0.0,3.8102699530030257,1.7778441634698197,1.227662020452236,0.0,-0.2217127734342647,-0.2478718084569988,0.0,-1,-0.03745374879722363
UCwRCqtgdnEktzoD6cZLd2yA,-0.0918248861108265,-0.4,0.0,2.8564342775076024,-0.3838388165792987,-0.458996033979951,0.0,-0.2217127734342647,-0.2478718084569988,0.0,1,0.11990380855659466
UCwRFPnu8iCJ_q0kDpEIOCig,-0.2440983966101621,0.0,0.0,0.3575822439288276,-0.3547789198185385,-0.439536990686489,0.0,-0.2217127734342647,-0.2478718084569988,0.0,1,0.15815299311877756
UCwT8_uSCOTc7tEQGprrHyLw,-0.1125283924528473,-0.4,0.0,-0.0547483143083478,0.2408278808738756,0.0066103852343923,0.0,-0.2217127734342647,-0.2478718084569988,0.25,1,0.13547606544069707
UCwU8-JKkah0BwajPj1E5OVw,-0.3547727071659715,-0.2,0.0,2.04962220389029,-0.3358092649885978,-0.3621812250786718,0.0,-0.2217127734342647,-0.2478718084569988,0.0,1,0.1381595843410069
UCwXd5AjebcnG1gjcwmqkrhg,0.0307334241219841,0.0,0.0,-0.0473426590782367,0.0005994009849246,0.1562173511572454,0.0,-0.2217127734342647,-0.2478718084569988,0.5,1,0.10210842732687964
UCwXhWtJRz_d3IydUhkFXyew,0.0231196577044615,0.0,0.0,-0.0488802334082248,-0.2948428827494707,-0.2303969692597969,0.0,-0.2217127734342647,-0.2478718084569988,0.25,1,0.1531706564258103
UCwYLSfwM96geIXKHGAbseTg,-0.0499894665141555,-0.4,0.0,-0.1360502359279801,-0.261787250184106,-0.1757832285015029,0.0,-0.2217127734342647,-0.2478718084569988,0.0,1,0.16239456048747875
UCwYa9bEawSy6NJS-UGGVWvw,0.2774430881142004,0.0,0.0,-0.2536100324575566,-0.3596222359453319,-0.3379038314603453,0.0,-0.2217127734342647,-0.2478718084569988,0.5,1,0.10516602114713602
UCwYt9itmJ9Tm4jPwZDk8Bag,-0.2273802258613005,0.0,0.0,0.1286169387406695,-0.328140681121175,-0.4028845704273103,0.0,-0.2217127734342647,-0.2478718084569988,0.25,1,0.14500149296642967
UCwaU8nkUu8PrO383wJ5P96A,-0.313779491257825,2.2,0.0,1.8743885288879705,-0.1519314228692969,-0.2726269077192687,0.0,-0.2217127734342647,-0.2478718084569988,0.0,1,0.12230239189602177
UCwayLuKs9LZcL0sIFqydz5g,-0.2735627334228984,-0.2,0.0,0.8532565208853163,-0.3132071230635622,-0.2773208893058823,0.0,-0.2217127734342647,-0.2478718084569988,0.0,1,0.15824873295358138
UCwb0iCr2PPMRoWweD5TY56g,8.1741004663094,0.0,0.0,-0.2880132652449392,0.5636349007246534,-0.1240902215707227,0.0,1.6044277048521072,1.1971371189648596,0.0,-1,-0.023028511067724078
UCwe-Sxf0ebGC0UwTUU-MZkw,0.1195839270906529,0.0,0.0,-0.1500577750883757,-0.2809183488849397,-0.3258132494301147,0.0,-0.2217127734342647,-0.2478718084569988,0.0,1,0.16561096856549667
UCwf76iVY2Wx1zTdwDyErMog,0.1510139669084384,-0.4,0.0,-0.1996187037375443,-0.2897574008163376,-0.317650654676073,0.0,-0.2217127734342647,-0.2478718084569988,0.0,1,0.16372318144953557
UCwfLxITnONK2bFkZ2uYm3fA,-0.1017468827524711,0.8,0.0,-0.031011582780241,0.0865682622355069,0.0698141722138169,0.0,-0.2217127734342647,-0.2478718084569988,0.25,1,0.12593870535023788
UCwfdKWE6sv7CR0zN0EGqpow,0.8724766576919493,-0.4,0.0,-0.2120569919512614,0.2942254411717724,0.2914067694523271,0.0,-0.2217127734342647,-0.2478718084569988,0.25,1,0.12278139783962949
UCwflsjf9WHtCp-K3EahIJJA,-0.0036966759849501,0.0,0.0,-0.003508108850588,-0.3717305262623153,-0.269254030152796,0.0,0.6913574657089212,0.7154674764909068,0.5,1,0.04526463258595004
UCwgULRKbPFiW_nLz4maC0Mw,0.0363668689817456,0.2,0.0,-0.0850043369403394,-0.5321653729623456,-0.5886298016624909,0.0,0.6913574657089212,1.6788067614388125,0.0,1,0.040803905382921
UCwiKRQcAIS33FNvr5Zzc3pw,-0.2171911703650298,0.0,0.0,0.3583374218534576,-0.2548855247034254,-0.2679421177347357,0.0,-0.2217127734342647,-0.2478718084569988,0.25,1,0.1537362146679882
UCwkDzM6UpYiOghg9r283IWQ,-0.1621910749812554,-0.2,0.0,-0.0617404990869683,0.1402483493074666,0.3223689766280048,0.0,-0.2217127734342647,-0.2478718084569988,0.0,1,0.151502102184161
UCwn0w3T_PL-1J1nwYI0ju_g,-0.0648267673099737,0.6,0.0,0.064519333879357,0.0306279609710435,0.0687493070631945,0.0,-0.2217127734342647,-0.2478718084569988,0.5,1,0.09394270338079164
UCwn56BB4cPWKgH_FzK4NFpw,-0.1025581523684964,0.4,0.0,0.0820658306542967,-0.5025000616857362,-0.461094161352465,0.0,1.6044277048521072,1.1971371189648596,0.0,1,0.05144183706763261
UCwnz5XO9m52Meg-fOdqRcjg,-0.0870600963564995,1.6,0.0,3.208151402608757,-0.0433940538334484,-0.0507957935128392,0.0,-0.2217127734342647,-0.2478718084569988,0.0,1,0.08738042433432541
UCwpKvsz71caPbHAwMo-dWOQ,3.8296677759102886,-0.4,0.0,-0.2904924146123449,-0.2956904630716595,-0.3678086636281093,0.0,-0.2217127734342647,-0.2478718084569988,0.25,1,0.10534542740996805
UCwsNrEYUpNKc_sJdVguokUQ,-0.3062933209585564,2.0,0.0,0.8708678923609336,-0.3058115692719145,-0.4424553458496306,0.0,0.6913574657089212,1.6788067614388125,0.25,1,0.037357208246601215
UCwtUHgepwhPd6M0QpEs7IdQ,0.3317089736312102,0.0,0.0,-0.1962954739877268,-0.2591234263143696,-0.3554703304794004,0.0,-0.2217127734342647,-0.2478718084569988,0.0,1,0.16451989372971854
UCwtigU3ZDsRplnJBFlkgQQQ,-0.0269276013263729,-0.4,0.0,-0.1579694304907716,-0.3863815575458653,-0.3318725918997548,0.0,-0.2217127734342647,-0.2478718084569988,0.25,1,0.14855801447074873
UCwvQIsGJD1gtQPqW9b1eaJQ,-0.3377177290023011,-0.4,0.0,0.7802314101294021,-0.2049993685974537,-0.1702959141570679,0.0,-0.2217127734342647,-0.2478718084569988,0.0,1,0.15811071067259452
UCww1DQ8UH_dVGdmirVYlwdg,2.249038203087967,1.0,0.0,-0.2855819483800536,-0.3414598004698568,-0.3080601653351403,0.0,-0.2217127734342647,-0.2478718084569988,0.0,1,0.1326000948877909
UCww7Qg_OcVgu9V-7YFbiREQ,-0.3406550734280026,-0.2,0.0,2.849780318025719,-0.0695277804342709,-0.0762153891314388,0.0,-0.2217127734342647,-0.2478718084569988,0.0,1,0.11757221813475949
UCwxHv6Apdat5dR5BVdB8BXA,0.0672116364844874,-0.2,0.0,-0.1521009903818352,-0.4127978109207508,-0.5044849551861186,0.0,-0.2217127734342647,-0.2478718084569988,0.0,1,0.15597523070241215
UCwyQOFpCRB12qo7-pQADNzQ,0.539447545432695,-0.4,0.0,-0.2521613338659231,0.3552512243693689,0.4889709236102774,0.0,-0.2217127734342647,-0.2478718084569988,0.25,1,0.12376337573003515
UCwzC_XfxNKJ4KvYwTpCfmBA,-0.3069268658346881,-0.2,0.0,0.5806755631632097,-0.2785975932408512,-0.3189265342775266,0.0,-0.2217127734342647,-0.2478718084569988,0.0,1,0.16140300722152473
UCx-HMIyqBgGgDhoslrR2w4A,-0.3281501513557695,0.2,0.0,1.633198844075311,-0.0760612120844765,-0.351292973767836,0.0,-0.2217127734342647,-0.2478718084569988,0.0,1,0.14043316466753336
UCx-leoPVPDvDsicSc87whEg,0.1052550186564982,-0.4,0.0,-0.1337502487800146,0.2348948186185537,0.0858563902809034,0.0,-0.2217127734342647,-0.2478718084569988,0.5,1,0.10007103307741216
UCx0uF-Us4LOlUi4xHPEgBQg,0.7763004840434825,0.4,0.0,-0.2212640635752763,2.683460193830755,5.184201183806115,0.0,-0.2217127734342647,-0.2478718084569988,0.0,-1,-0.057287743840089056
UCx1F73tIa4LqpIZ8QuIruOA,-0.2952163699473844,0.2,0.0,0.3114296632528115,-0.3933740952039232,-0.3915193998902024,0.0,-0.2217127734342647,-0.2478718084569988,0.0,1,0.15238250411352944
UCx1QpGtVIE20i1GDlSTNX0A,-0.0694459269916907,-0.4,0.0,-0.1615753989751656,-0.1914380834424322,-0.5020927265073502,0.0,-0.2217127734342647,-0.2478718084569988,0.0,1,0.15713589926388277
UCx4J3apzbBWZiCYAmMt277Q,-0.2777619694971865,-0.2,0.0,1.7352194324145425,0.0343008090338617,-0.542889017466319,0.0,0.6913574657089212,0.7154674764909068,0.25,1,0.04001968195376682
UCx9h9k06Sn_u8R7PbMigwIA,0.4701837822714274,0.0,0.0,-0.2554715961533074,-0.1210889167007586,-0.304285955682489,0.0,-0.2217127734342647,-0.2478718084569988,0.0,1,0.16387195643128827
UCxBnbpZD8gnbqe0BLFh3t9A,-0.3244060092583876,2.2,0.0,1.2512523167726906,-0.3233309991341511,-0.3575367750657731,0.0,-0.2217127734342647,-0.2478718084569988,0.25,1,0.10166341550492752
UCxBr4QBh04Nw1mhe1ZreNaQ,0.99226941042937,-0.4,0.0,-0.1663289898571571,-0.2651775714728613,-0.3039827898693578,0.0,-0.2217127734342647,-0.2478718084569988,0.0,1,0.15979284956308232
UCxCZ-0NeRGaG0cEdB2h604A,-0.1703562562368158,-0.2,0.0,0.1217996503362357,-0.0914236054241492,-0.2470965775889051,0.0,-0.2217127734342647,-0.2478718084569988,0.0,1,0.16071952285779256
UCxD_3fJ1Um79W6iFcctyl9g,0.3579910610764423,0.4,0.0,-0.1597025061438246,-0.1634679328102006,-0.2245235241729724,0.0,-0.2217127734342647,-0.2478718084569988,0.25,1,0.1472969566449746
UCxEpLcr9jxrtoo1KSunP3mw,-0.0402948160251402,1.0,0.0,0.0693662760072964,0.1723857698571268,0.0785052483956513,0.0,-0.2217127734342647,-0.2478718084569988,0.25,1,0.11762766423942383
UCxGWC4_TeM2o7QgPjhEqsRQ,2.6658989838683245,-0.2,0.0,-0.2711507278104778,-0.2482259650290845,-0.3662263914330224,0.0,-0.2217127734342647,-0.2478718084569988,0.0,1,0.14419622103536578
UCxH1kSpAKBE0XIQY_XE9cUQ,0.1148639524158826,0.2,0.0,-0.1222574550106087,-0.043217474599659,-0.3036523076622726,0.0,1.6044277048521072,1.1971371189648596,0.0,1,0.04947542630413282
UCxHU9_KkRJllIt9QlXc_YoA,-0.0341673953729697,-0.2,0.0,-0.1118196274167553,0.1847463162223807,-0.3242238512100341,0.0,-0.2217127734342647,-0.2478718084569988,0.5,1,0.10250873295372803
UCxHdueQ2lCp08kZ1136FiLQ,0.1874794543131409,-0.4,0.0,-0.158444016206141,-0.3770581740017881,-0.4529415910244972,0.0,-0.2217127734342647,-0.2478718084569988,0.25,1,0.14459985433367417
UCxItpghuARpCVGkMbIJL7yw,0.6592014163546132,-0.2,0.0,-0.1638308587721765,-0.353467188367532,-0.4520955742966928,0.0,0.6913574657089212,0.7154674764909068,0.5,1,0.03057834095328399
UCxJcQOJ0HFfbdlohj8IDI3Q,0.8502334314560229,-0.4,0.0,-0.2660115589705834,-0.2906049811385264,-0.3046231711227791,0.0,-0.2217127734342647,-0.2478718084569988,0.0,1,0.16001174711161503
UCxKZCh6XF0yxv2tPw348cKw,0.3584774372412757,-0.4,0.0,-0.1912237351709288,0.9426243876462344,0.6281937480596295,0.0,-0.2217127734342647,-0.2478718084569988,0.5,1,0.05702294099869415
UCxMFnQHv5ZNxyOC5--fPXiA,-0.118442468078396,0.0,0.0,-0.1108352258026959,-0.370519697230617,-0.4283436470548191,0.0,-0.2217127734342647,-0.2478718084569988,0.0,1,0.1583143018364379
UCxMl7BW3iQZjkb_RN47D4rg,0.5900975047375526,0.8,0.0,-0.2389677157087485,-0.2332006774993733,-0.2447389876624338,0.0,-0.2217127734342647,-0.2478718084569988,0.0,1,0.14936442870194022
UCxPe7JmeEb10keBOYpt9t0Q,13.74346253957753,-0.2,0.0,-0.2900457653618737,2.576335458665221,1.5967249533897758,0.0,0.6913574657089212,0.7154674764909068,0.0,-1,-0.07959325689897001
UCxSmfVkmJ55x469SyvTYq1w,-0.1425689329824543,0.8,0.0,2.722708994286951,0.6548323418848421,0.6757574895428478,0.0,-0.2217127734342647,-0.2478718084569988,0.0,1,0.06027462679849782
UCxTPtg4J_oMyTOGdAy8-CZg,-0.126105922426379,-0.4,0.0,0.0985522912226381,-0.2151703324637198,-0.3880881657637714,0.0,-0.2217127734342647,-0.2478718084569988,0.0,1,0.15972861546205352
UCxVNh6FWkXJeV3sPDVRbGpw,0.742813579353651,-0.4,0.0,1.5715635360145714,-0.1643155131323894,-0.1705047765420564,0.0,-0.2217127734342647,-0.2478718084569988,0.0,1,0.13197863106955487
UCxWGNl7ar9SuYfbsh7Tieag,-0.319734889332317,1.0,0.0,2.793359566255211,-0.1055499441272966,-0.420061612959938,0.0,-0.2217127734342647,-0.2478718084569988,0.25,1,0.07737604725596298
UCxWe2kcHeJMQq0NlPe2f7kw,-0.2003602928470748,-0.4,0.0,0.072348480728518,0.4891689152752054,0.5650944540896811,0.0,-0.2217127734342647,-0.2478718084569988,0.0,1,0.13713734119304355
UCxY-6OgplQOC2uEXgqODjZQ,-0.2351969856532655,-0.4,0.0,2.7347555761118776,0.3781358930684675,0.3685127496454544,0.0,-0.2217127734342647,-0.2478718084569988,0.0,1,0.0959006404025659
UCxZ6za_Q-6hPBzK5pmGQ__Q,2.470111369259888,-0.2,0.0,-0.2854461278123831,-0.2122038013360588,-0.1956457390123729,0.0,-0.2217127734342647,-0.2478718084569988,0.0,1,0.14857713483455465
UCxZyAlH0YwAUBcvtFFOmMbQ,-0.2383933738627706,0.0,0.0,5.104766923545738,-0.4013958375389247,-0.597939553876154,0.0,-0.2217127734342647,-0.2478718084569988,0.0,1,0.038103613278340165
UCx_hrkHT59HJymoUCjomcdA,0.6226059158709653,0.8,0.0,-0.1812045251663828,-0.3745924857917841,-0.3503188029476811,0.0,0.6913574657089212,0.7154674764909068,0.0,1,0.07878943085430856
UCxbckLYNUgnfNTZlDBS9-Mg,4.274791041437435,-0.4,0.0,-0.2539296670902926,1.0172114559988523,2.1519202906077046,0.0,-0.2217127734342647,-0.2478718084569988,0.25,1,0.021630414709360113
UCxcIOIDdOfo2-ljOB2HYZNw,0.2187149840616845,-0.4,0.0,-0.2026203972735587,-0.0643010351141064,-0.2419425997143274,0.0,-0.2217127734342647,-0.2478718084569988,0.25,1,0.15065761267793287
UCxccuedyzOB2AYkgNp8ZCZg,-0.3013413163022047,-0.4,0.0,2.3044933717635043,0.4891689152752054,0.1284188502711011,0.0,-0.2217127734342647,-0.2478718084569988,0.0,1,0.10740497271003085
UCxd3C0YYPbYtR3lI9bLjNxQ,0.6024381151634787,3.2,0.0,1.6689748240112008,-0.3637548480752589,-0.3368900964376431,0.0,-0.2217127734342647,-0.2478718084569988,0.0,1,0.08699019750417414
UCxdX5hzccz9fAK09wyHzOkA,-0.2255896425136062,-0.4,0.0,0.6637861826003115,0.860409096393917,0.2215329338881419,0.0,-0.2217127734342647,-0.2478718084569988,0.0,1,0.12818371709118098
UCxfDgjdRD5p2gIxFnnWUXDw,0.5931518159470804,-0.2,0.0,-0.2553014289821118,1.8827322283406884,2.5069148639183974,0.0,0.6913574657089212,0.7154674764909068,0.0,-1,-0.04058273626726028
UCxfUlvIr4_Z6FPcSbRbzgHA,0.4691656074266601,5.4,0.0,-0.1069513838800729,-0.2386283643219462,-0.2970804235830382,0.0,-0.2217127734342647,-0.2478718084569988,0.75,-1,-0.0483964277616139
UCxgZLb-KLWNV-NLeabziaeA,0.6210314915466938,-0.4,0.0,-0.2288908862302577,-0.3753630133574103,-0.3823552029388126,0.0,-0.2217127734342647,-0.2478718084569988,0.25,1,0.142464307513321
UCxh1GquHVU7JCRit-MSaY5A,2.0855474907995686,0.0,0.0,0.1642028105647017,-0.3190594633834375,-0.3492244423272961,0.0,-0.2217127734342647,-0.2478718084569988,0.0,1,0.14590231263259873
UCxh6YHnBlR_-wVKlWxCqWTw,-0.0994641024439507,-0.4,0.0,-0.0380614432020681,0.54426163621748,0.1510412655892476,0.0,-0.2217127734342647,-0.2478718084569988,0.25,1,0.12708958550174565
UCxhDkf9Z8qMJKwgWVK7oGew,0.2647920562586465,-0.4,0.0,0.344693245842131,-0.245683224062518,-0.1853574607617959,0.0,-0.2217127734342647,-0.2478718084569988,0.0,1,0.15787953751084588
UCxhR4vIbMaAJc58iBicqtGg,0.1621963770470058,-0.2,0.0,-0.1396284509101505,-0.2517575497048713,-0.2769319244238057,0.0,-0.2217127734342647,-0.2478718084569988,0.5,1,0.11413182055364773
UCxhnw1vZr7Nvk4-s2bL_W0A,0.6519149641294131,-0.4,0.0,-0.1589487448355261,-0.2745009550169385,-0.3669093010070096,0.0,-0.2217127734342647,-0.2478718084569988,0.25,1,0.14456607794427945
UCxiQ5PZLh1WG3sFNKOM09RA,0.9680898697814108,0.6,0.0,-0.2718751962812459,0.0653787541807859,-0.0961940972485734,0.0,-0.2217127734342647,-0.2478718084569988,0.25,1,0.12989690799680087
UCxiXO-vPZ_9-Ys4n3g1Vy6w,-0.2585446321849928,0.2,0.0,0.7877725206718127,0.046837934632905,-0.1831494531990203,0.0,-0.2217127734342647,-0.2478718084569988,0.25,1,0.13671766469832597
UCxiiJTaF23I6UkPrch33fjA,1.2360880851993024,-0.4,0.0,-0.2726001459744556,-0.498262160074792,-0.5328762597087136,0.0,-0.2217127734342647,-0.2478718084569988,0.0,1,0.13988035889950934
UCxiuxeSAkQi2HzhNVJWqgQQ,0.5329945779434522,-0.2,0.0,2.585179255191512,-0.1097878457382407,-0.4627497694694083,0.0,-0.2217127734342647,-0.2478718084569988,0.0,1,0.12105535196258138
UCxj874R7MXcAVDmPBIyi11w,19.784100494422,0.0,0.0,2.163708563863904,-0.3487247746600469,-0.4366959010543985,0.0,-0.2217127734342647,-0.2478718084569988,0.0,-1,-0.0003604094216681508
UCxjI4tRiaoDHPkI6oopb6OA,-0.2981515935467858,-0.4,0.0,0.4859024322877048,0.0738545574026743,-0.4546848948343532,0.0,-0.2217127734342647,-0.2478718084569988,0.25,1,0.13493495197437633
UCxlJZ0TzEJz-aaf9mlIFTWA,0.2764396342990458,-0.4,0.0,-0.1971684980321381,-0.0312454025487417,-0.1229080993969868,0.0,-0.2217127734342647,-0.2478718084569988,0.25,1,0.1495571439482521
UCxm1uq58gOhHKy_4Onhj9ww,-0.0806057149830566,-0.4,0.0,2.251512217299702,-0.2863670795275823,-0.3382136040229016,0.0,-0.2217127734342647,-0.2478718084569988,0.0,1,0.13457342437208197
UCxmqmV27H2mPhBd0EOquaWA,-0.2641008183723919,1.4,0.0,0.1252318314107205,-0.4216772238198719,-0.4904183741230793,0.0,0.6913574657089212,0.7154674764909068,0.0,1,0.07188950686772538
UCxqJN-3-4GqnYi8zn1PNkLA,-0.041380729586679,0.0,0.0,-0.2134184061122294,0.6453658603642914,0.7538283922064375,0.0,-0.2217127734342647,-0.2478718084569988,0.25,1,0.11564402512002575
UCxrOOdgG72z1cr2YBwmPtuw,0.5845730735629917,0.4,0.0,-0.2260858491685387,-0.0043111834214075,-0.0170720937929366,0.0,-0.2217127734342647,-0.2478718084569988,0.5,1,0.08750851257062292
UCxtRzVIV-vKM_ioCmMp4rhA,-0.1759259500679123,0.0,0.0,0.2225018510858392,-0.44861816977516,-0.537183702217993,0.0,-0.2217127734342647,-0.2478718084569988,0.0,1,0.15183218881215893
UCxuoqLjhSKnAsR5SaH_kjQg,-0.1411959045271003,0.0,0.0,3.9341502069654544,0.1646667347800498,-0.0583346877944126,0.0,-0.2217127734342647,-0.2478718084569988,0.0,1,0.06950492500660915
UCxv6iTNeUhGnr6DvreiLkKQ,-0.304391594728389,0.2,0.0,4.825812956579445,-0.2567017682509729,-0.395037126217001,0.0,-0.2217127734342647,-0.2478718084569988,0.0,1,0.05986258060649985
UCxwZb8v5Y_Y5Nuha0ahxMXQ,-0.2254539096303969,-0.4,0.0,0.0614854171564189,-0.0880332841353939,0.081954323419071,0.0,-0.2217127734342647,-0.2478718084569988,0.5,1,0.10519705332431661
UCxxtvFq4smMi-eijLBl1NKw,0.9138115622817858,-0.4,0.0,0.112961667532117,-0.3185751317707581,-0.3345995321373384,0.0,-0.2217127734342647,-0.2478718084569988,0.0,1,0.15194989918957091
UCxytAMQsv79hFpadDAL3_-w,1.0755415342782848,-0.4,0.0,-0.2722173192701403,-0.1736388966764667,-0.1781115292882672,0.0,-0.2217127734342647,-0.2478718084569988,0.0,1,0.15703216870325087
UCy0itkdGFy4T6_7fqx91hhg,-0.0453736058955721,2.2,0.0,0.1173251552852482,-0.0664670737152557,-0.2253645823117423,0.0,-0.2217127734342647,-0.2478718084569988,0.25,1,0.11608831647093903
UCy1Femtnx6dhHm48VkwE5jQ,-0.0840854607350204,0.2,0.0,-0.1056147626374865,-0.4844889798392234,-0.5180454572549653,0.0,-0.2217127734342647,-0.2478718084569988,0.0,1,0.14748037056809926
UCy1fu11nh90dQD_s2AIHmvg,-0.1913223915690046,0.2,0.0,0.3784480488611287,0.2232405891884572,0.7263060662735996,0.0,1.6044277048521072,1.1971371189648596,0.25,1,0.018334823488821816
UCy20AjSN4uND2pWD9sRj3wA,-0.3090523144485647,1.2,0.0,1.0716080124345628,-0.1311946820807025,-0.0930426359814936,0.0,-0.2217127734342647,-0.2478718084569988,0.0,1,0.1391541244427698
UCy2IJHBkj92UQn8X8Lw3VWw,-0.1502260799379343,0.6,0.0,-0.0182433965278719,-0.0592155531809734,-0.2145227670347718,0.0,-0.2217127734342647,-0.2478718084569988,0.5,1,0.10029091807251506
UCy2WsKh7Hsi4zp0FNRZSN4A,2.9114851148801058,0.0,0.0,-0.2606160872734823,-0.2270364569743635,-0.1686764196935846,0.0,-0.2217127734342647,-0.2478718084569988,0.0,1,0.14108806478661584
UCy2_ht2OpXolYScleUi-hXw,2.153845975019084,-0.4,0.0,-0.2830599309752954,-0.3143372301598139,-0.3518691295137677,0.0,-0.2217127734342647,-0.2478718084569988,0.0,1,0.1501195670829502
UCy4SLDCaAhuOE1Us3e4Nbgw,-0.225587714489697,0.8,0.0,0.2805332383792303,-0.0451919514865762,0.0422981475627432,0.0,-0.2217127734342647,-0.2478718084569988,0.0,1,0.1450120843741866
UCy55EzgAdWWLTyv01QQh8Dg,0.4832753400470401,-0.4,0.0,-0.2518430793257887,-0.1278695592782693,-0.1637290448105205,0.0,-0.2217127734342647,-0.2478718084569988,0.25,1,0.15285181769377432
UCy58VY5cMB3Gk5eDDyNnBTw,-0.1213510298614528,0.6,0.0,1.6307805647995903,0.3514371129195191,0.8724138546903731,0.0,-0.2217127734342647,-0.2478718084569988,0.0,1,0.0998832322684719
UCy8R7L2_e6Nwr8TgCyyvG_Q,-0.2207753668122758,-0.4,0.0,-0.0353225020365015,0.2687980315061073,-0.0929085077239694,0.0,-0.2217127734342647,-0.2478718084569988,0.25,1,0.1314318841408218
UCyBqrGC6mA8f7Lyn_YeWWTQ,-0.1534264068248539,-0.4,0.0,0.0858629666734448,-0.2948428827494707,-0.4263414225004645,0.0,-0.2217127734342647,-0.2478718084569988,0.25,1,0.1442317526413079
UCyC82JPaJQcT9UWXtMGVJCA,3.8022285252390056,-0.4,0.0,-0.2965041345322256,0.0255424790379104,0.0160711140518486,0.0,-0.2217127734342647,-0.2478718084569988,0.0,1,0.13083685119621558
UCyDZbhS-mnuULBRHSUkeIiQ,3.839037586504332,-0.2,0.0,-0.265845489596124,-0.0674088296287988,0.0035505478338798,0.0,-0.2217127734342647,-0.2478718084569988,0.0,1,0.1373539625815145
UCyD_rHWmWGdUvaHXSBJKLfA,-0.3027240950498996,-0.4,0.0,0.1668626526241469,-0.3524783446583117,-0.3410610863688518,0.0,-0.2217127734342647,-0.2478718084569988,0.0,1,0.16158243874950828
UCyDfdHsjP0uHqL6_0MmvsSA,-0.1106139168197429,6.0,0.0,0.1658908563308555,-0.2835036324931605,-0.3118838969717545,0.0,0.6913574657089212,1.6788067614388125,0.25,-1,-0.025551390227271153
UCyIReiFZ0Lswnk6GmioBTOg,-0.1305281482373682,0.0,0.0,0.1986815232398052,-0.3196648778992866,-0.4422908408196994,0.0,-0.2217127734342647,-0.2478718084569988,0.25,1,0.1449445526227775
UCyJH71Kt5lqXLKP3N8JPAww,-0.0690326921441316,3.8,0.0,0.3720593776733776,-0.1605340009257007,-0.2231438243701334,0.0,-0.2217127734342647,-0.2478718084569988,0.0,1,0.10101991732121118
UCyKEa7mUFM3bexIqVZ-hVSg,-0.1077607749301201,-0.4,0.0,0.1021479575519078,-0.3236606137038911,-0.3119894316574871,0.0,-0.2217127734342647,-0.2478718084569988,0.0,1,0.16171609697125167
UCyLZcoGJS7DYeVhntOQGjyg,0.8293699542159338,0.0,0.0,-0.2639537698681311,-0.0423850296403664,0.0522587508239295,0.0,-0.2217127734342647,-0.2478718084569988,0.0,1,0.15353237945655457
UCyN85-EeKDRP-wMVsaALIEg,-0.1892033326241092,-0.2,0.0,-0.0520329042871988,-0.2644712545377039,-0.2092129783207909,0.0,-0.2217127734342647,-0.2478718084569988,0.0,1,0.16418440260956474
UCyOscbfRETZZFY8KW81Yp3Q,-0.3437948603641726,0.8,0.0,5.2877892558793445,0.2653306574607893,0.6780271500377919,0.0,-0.2217127734342647,-0.2478718084569988,0.0,-1,-0.0008099396656289226
UCyPWksZVGLMpZOVF8tkKtgw,1.910202621889964,-0.2,0.0,-0.2625545053843808,-0.0109034748162095,0.1710541503161563,0.0,-0.2217127734342647,-0.2478718084569988,0.0,1,0.15192893870562013
UCyPiTgTAAfOLqR8SlIcJDhw,-0.1518602944258798,0.4,0.0,0.0730464485503688,0.2414871100133557,0.2241141356135091,0.0,1.6044277048521072,1.1971371189648596,0.0,1,0.035198330300477254
UCyPzsRZpTrCWfL8UWSrkrEg,3.1547635848938724,0.2,0.0,-0.2822213048728216,1.0830048785087607,0.795737321399972,0.0,-0.2217127734342647,-0.2478718084569988,0.0,1,0.0735029676752268
UCyQ5j8QEonS3PN-IS_jaouw,-0.2856423540781559,0.0,0.0,3.7564241706862034,-0.345697702080801,-0.496778967886519,0.0,-0.2217127734342647,-0.2478718084569988,0.0,1,0.10170338419284414
UCyQqUXELmRgQq-gAFoUFhSA,2.5662491323875853,-0.4,0.0,-0.2876050611440049,0.6315624094029305,0.6184467855657358,0.0,-0.2217127734342647,-0.2478718084569988,0.0,1,0.10602268055159714
UCyQwpzdUBWaUjStqO9qrX9Q,-0.33297079883787,10.0,0.0,1.9572395606725892,-0.237445338124051,-0.3961228592976886,0.0,0.6913574657089212,0.7154674764909068,0.75,-1,-0.13088034450525632
UCySAFRW_AgNdZC-QfcIFRyA,-0.225222739563681,0.6,0.0,3.994817056025103,-0.2499211256734622,-0.2273920496695807,0.0,-0.2217127734342647,-0.2478718084569988,0.0,1,0.08136817688391135
UCySW6nzt2S9YObwxmjrO8Bg,0.0038286216783377,-0.4,0.0,-0.1130256273995043,-0.3126420695154362,-0.4449791122661156,0.0,-0.2217127734342647,-0.2478718084569988,0.0,1,0.16012463923273657
UCySxd58HzQrp2lI7Hdxbhsw,0.3628972392507791,-0.2,0.0,3.206793525725808,-0.0808288513967888,-0.1355862032939735,0.0,-0.2217127734342647,-0.2478718084569988,0.0,1,0.10420855479207142
UCyU6IjjMV30cQo6wAChcJ3Q,0.4466189782753245,0.6,0.0,-0.1595384564615109,0.3323665556702702,0.2346016093476552,0.0,-0.2217127734342647,-0.2478718084569988,0.0,1,0.13770167166091773
UCyUUi7WXEUVGUVAs1Y5OsVg,5.625104180129702,-0.4,0.0,1.3074637607641215,-0.3914670394789983,-0.4706749505352028,0.0,-0.2217127734342647,-0.2478718084569988,0.0,1,0.08791979841366138
UCyUxlkhR36LV6z92gZ2k63A,-0.251115907862158,-0.4,0.0,3.3362134742434426,-0.5135186058741911,-0.5333810731407533,0.0,-0.2217127734342647,-0.2478718084569988,0.0,1,0.09359398983721312
UCyWJzK1vOwM1aamTvKCwnpw,-0.2604100756514958,-0.2,0.0,2.4096160403271254,0.5301352975143327,-0.1339931100273174,0.0,0.6913574657089212,0.7154674764909068,0.0,1,0.025145616778442736
UCyX1_7CtaD9Xy8jVcEEDb9w,-0.0985903220082908,-0.4,0.0,-0.1795050226275782,-0.2346646798740631,-0.1727623244782731,0.0,-0.2217127734342647,-0.2478718084569988,0.0,1,0.1615512110693884
UCyY5I2IJozOprouQx7tFtEw,0.0307461490797849,-0.4,0.0,-0.0837384516582165,-0.3168799711263805,-0.3373243977690314,0.0,-0.2217127734342647,-0.2478718084569988,0.0,1,0.1631392223693393
UCyYkTpKrEvhZO1mQH2LobyQ,0.320493438205669,-0.4,0.0,-0.186576241036424,-0.4075710656005862,-0.4800813720180519,0.0,-0.2217127734342647,-0.2478718084569988,0.0,1,0.15653549219642143
UCyZUaJpulr8Q172sDs_e4Eg,0.6981397872252854,-0.2,0.0,-0.2333312211776964,-0.0335056167412452,0.5408745744743775,0.0,-0.2217127734342647,-0.2478718084569988,0.25,1,0.13347702163929148
UCyap3DSP4ommUuqdykny3SA,0.3842194966658673,0.2,0.0,0.238309958803798,0.3503776375167831,-0.3139028869504929,0.0,-0.2217127734342647,-0.2478718084569988,0.25,1,0.11776325247093616
UCydTp3Asrsq4Sc6wZKVkBXQ,-0.1443959284388342,-0.4,0.0,-0.078782883995185,-0.2524638666400287,-0.2261598617957783,0.0,-0.2217127734342647,-0.2478718084569988,0.5,1,0.11437405932786965
UCyedzPQKtOp-u8xQGc6zP6g,-0.3300376867628991,0.2,0.0,1.102731295566984,-0.4389315375215733,-0.5058379034439157,0.0,-0.2217127734342647,-0.2478718084569988,0.0,1,0.14450315980705442
UCyg8IjVbMSDOlQkt05Eth1g,-0.0689363227292843,0.0,0.0,2.626282469006087,-0.0563095635048973,-0.2209569401993731,0.0,-0.2217127734342647,-0.2478718084569988,0.0,1,0.12176167554220363
UCyi4HWpphXKkWnZTFsa7mEg,-0.3313425251440636,-0.4,0.0,1.0954080639819903,-0.1414308444332908,-0.3404921653807549,0.0,-0.2217127734342647,-0.2478718084569988,0.0,1,0.1532269085283886
UCyjNvAMA0VMNGEdbYLijiRg,-0.2905738811763658,0.6,0.0,5.091577870510672,-0.501228691202453,-0.4855646697268284,0.0,0.6913574657089212,1.6788067614388125,0.0,-1,-0.03378344748434814
UCylEWSg0sCbS_RJkvOPbYcw,1.9175265420464669,-0.4,0.0,-0.2850850613731016,0.0602932722476529,0.1900307647079926,0.0,-0.2217127734342647,-0.2478718084569988,0.0,1,0.14485697181711016
UCylqw8wnHdEsh7GjvgUiQ1Q,-0.2103239348051586,-0.4,0.0,0.0137832776210394,-0.4135041278559081,-0.5384299799227653,0.0,-0.2217127734342647,-0.2478718084569988,0.0,1,0.1518146446343306
UCym8LNWNco9O0irlAD0FroQ,0.1216426434777228,-0.2,0.0,-0.1976710201378026,-0.2750660085650644,-0.2944553120609872,0.0,-0.2217127734342647,-0.2478718084569988,0.25,1,0.15572182728076883
UCynGzcb3acF49Kpm309U3_g,3.749636274647996,-0.4,0.0,-0.2891645674398338,-0.2126275914971532,-0.2221917745245704,0.0,-0.2217127734342647,-0.2478718084569988,0.0,1,0.13675953512383898
UCyoxOd1fNdZ1B2FGZpyjfSA,1.2417310255768168,0.8,0.0,1.751549554301125,0.7858220280412991,1.2925211119815323,0.0,-0.2217127734342647,-0.2478718084569988,0.0,1,0.056846261555612176
UCyrQvJIQ1S8FDC_99XXBlIQ,0.0912318656509594,2.0,0.0,-0.0626952802765429,0.5480009611683131,1.079185300301455,0.0,-0.2217127734342647,-0.2478718084569988,0.5,1,0.020077335499956384
UCyvj6H6ea9-87mH1MqHbrdQ,0.0073645693272554,0.2,0.0,-0.0911818286184042,-0.2619991452646532,-0.3570646698043427,0.0,-0.2217127734342647,-0.2478718084569988,0.5,1,0.1077074881060679
UCywgWR3-dgvf64UcqpX7VrQ,-0.1649494345207174,0.8,0.0,2.117273420043915,-0.3453124382979879,-0.4348543389609877,0.0,-0.2217127734342647,-0.2478718084569988,0.0,1,0.12212160996782562
UCyxfgZ-8RJVeuMCe6j2pX0A,-0.2448976451501312,-0.4,0.0,0.2718001188227963,-0.1202413363785698,-0.2894126405282793,0.0,-0.2217127734342647,-0.2478718084569988,0.25,1,0.15064785664892755
UCyyo_PN3vqPzm0t8qcqyvhQ,3.101812914658139,-0.4,0.0,-0.2790895083277654,-0.3999428427008867,-0.5006008787708931,0.0,-0.2217127734342647,-0.2478718084569988,0.0,1,0.1304247023206111
UCyzOCRhSuisP8lsOkepBYvg,-0.0539574539726056,4.0,0.0,1.010384486480662,0.3530851857682196,0.0136594335668715,0.0,0.6913574657089212,7.458842471126247,0.0,-1,-0.06815640755167263
UCz1QsQvay74_nPrXz9oHtcw,0.0436538009176564,1.4,0.0,-0.0732143788858292,-0.2878806158172052,-0.4561709879991774,0.0,-0.2217127734342647,-0.2478718084569988,0.5,1,0.08418958903039381
UCz1t-3lcXRLttbVC53OcBew,0.6794340992580016,-0.2,0.0,3.033176105188061,-0.3520545544972173,-0.5220581870933276,0.0,-0.2217127734342647,-0.2478718084569988,0.0,1,0.09560782919941085
UCz1wqbZVrukzfEQmg2aOJPw,-0.1386509129669257,0.0,0.0,0.0219290024370786,-0.3983687649596789,-0.4201306310587603,0.0,-0.2217127734342647,-0.2478718084569988,0.5,1,0.09907477221800448
UCz2O2oQ81NbGahInpXfMIIQ,1.05405332220521,-0.2,0.0,-0.2213160591269133,0.7540377659592177,1.0598970277673383,0.0,-0.2217127734342647,-0.2478718084569988,0.0,1,0.11547958467511527
UCz2POMkqDL2YC10rAYBWp9A,0.4585076235718404,-0.2,0.0,-0.2386817169139837,-0.1620552989398859,-0.2413213871187031,0.0,-0.2217127734342647,-0.2478718084569988,0.25,1,0.15515711775986535
UCz2r6dEc4pNpuh56_S3_dGA,-0.2750261035699988,-0.2,0.0,0.4833578249961964,-0.2270364569743635,-0.4115235736970213,0.0,-0.2217127734342647,-0.2478718084569988,0.0,1,0.15983805089749298
UCz5Y9KB7mBB0UZC9q_yB15w,0.0857913224186448,5.4,0.0,7.053853323999999,-0.4335718384253791,-0.4387383088130872,0.0,0.6913574657089212,0.7154674764909068,0.0,-1,-0.10764062347603742
UCz7RScuxt7XGAb3DEC4jPzA,-0.1994858054693148,-0.2,0.0,-0.0095906207512039,-0.1359215723390633,0.0684400596630788,0.0,-0.2217127734342647,-0.2478718084569988,0.25,1,0.15069867754262634
UCz7SWewxlCnq149cIzHyGTA,-0.1811880230937591,-0.4,0.0,0.0661495770989811,-0.3389170595032903,-0.4158969252283026,0.0,-0.2217127734342647,-0.2478718084569988,0.0,1,0.15852328701629465
UCz7hwWeDlDbicdhZKfyMemQ,1.8588291394794385,-0.2,0.0,-0.2671247848327254,-0.2856607625924249,-0.2217399732942876,0.0,-0.2217127734342647,-0.2478718084569988,0.0,1,0.15854882905240303
UCz8fYR-oR9sgAcp7gZTQlbA,-0.2804596605509717,-0.4,0.0,0.306006518894192,-0.2160179127859086,-0.1231965841305127,0.0,-0.2217127734342647,-0.2478718084569988,0.0,1,0.15578835203770458
UCz8qNiSWZqDa6GJMVh51u_Q,-0.1851073100964281,2.6,0.0,0.2663410604091987,-0.3622255183634834,-0.3817667272864281,0.0,2.517497943995293,1.6788067614388125,0.25,-1,-0.01391686604798803
UCz9JOOzj82qqyVI16ROMOAw,0.3788569621180171,2.8,0.0,3.62597334453751,0.2871622718201988,-0.0872055659767129,0.0,11.648200335427152,6.495503186178341,0.0,-1,-0.1699953235180055
UCz9OmtEcn0HlvuTN5DMFMjQ,-0.1034639808460252,-0.4,0.0,-0.0180864319826324,-0.3643444691689554,-0.4742487040891618,0.0,-0.2217127734342647,-0.2478718084569988,0.5,1,0.10244760128059943
UCzAbY7B-GIP1t9Q6jbbOZqQ,2.9596412028015826,-0.4,0.0,-0.2886814823023751,-0.1100703725123037,0.0906611170461903,0.0,-0.2217127734342647,-0.2478718084569988,0.0,1,0.1396695605211981
UCzE9IrS5quydJpMGq4p_CDA,0.4380744720872239,0.0,0.0,3.208419803390686,-0.3469085311124993,-0.2807385043917421,0.0,-0.2217127734342647,-0.2478718084569988,0.0,1,0.11261870330897428
UCzEqxqEIv6d7krLx6tnpGmQ,0.2394100070985046,-0.4,0.0,-0.2085586097101098,-0.3906194591568094,-0.4568520873664553,0.0,-0.2217127734342647,-0.2478718084569988,0.25,1,0.14355851427416128
UCzGi_b9QEH16KN9irjS08QA,30.437215205328247,0.6,0.0,-0.3004851078143286,-0.1668582540989559,-0.0445201461815766,0.0,-0.2217127734342647,-0.2478718084569988,0.0,-1,-0.005447687502551535
UCzHUJXSl9hSbcFZn8l-76IA,-0.2539400405601232,2.8,0.0,1.18527061528694,-0.175576223127184,-0.0975930294318077,0.0,1.6044277048521072,2.160476403912765,0.25,-1,-0.004566462605184229
UCzIdkqzUTwRaDY6UrY0eWuw,1.9401168768535169,-0.2,0.0,-0.2818803511739316,-0.3640619423948925,-0.4889073522324699,0.0,0.6913574657089212,0.7154674764909068,0.5,1,0.019284675393041795
UCzIf1o3eihSCpXWcJLsaawA,0.8503631048355175,0.0,0.0,-0.2671795413847594,-0.2131119231098326,-0.2699924727006461,0.0,-0.2217127734342647,-0.2478718084569988,0.25,1,0.15045578552753192
UCzJBgJaSUbkytISW5MPSRqQ,59.055842536338126,-0.2,0.0,3.727034589680249,-0.2771849593705365,-0.449268641421329,0.0,-0.2217127734342647,-0.2478718084569988,0.0,-1,-0.09521423698647158
UCzJ_xq59sskXg7F9SwAgUvw,2.978279024327261,-0.4,0.0,-0.2842760505561386,-0.4185896097890412,-0.5064766287179827,0.0,-0.2217127734342647,-0.2478718084569988,0.0,1,0.1278524269905844
UCzJczNP4kWGfW9iCeOV5Agg,0.153601374994616,-0.4,0.0,-0.0369141328292136,-0.3906194591568094,-0.3254092489232401,0.0,-0.2217127734342647,-0.2478718084569988,0.25,1,0.14786179948686684
UCzJgClz4DQOfsh5FD8jV3Gw,-0.3100491934432356,2.2,0.0,2.524838771551261,-0.3845451335144561,-0.4948342548575236,0.0,0.6913574657089212,3.605485331334624,0.0,-1,-0.002769553875109687
UCzKsHi8zlEZ4vfPNYbBzcxw,-0.2750261035699988,-0.4,0.0,0.0396235512045883,-0.4923290978194701,-0.4356752988718105,0.0,-0.2217127734342647,-0.2478718084569988,0.0,1,0.15659052297017473
UCzLjekZQGmOT7t32oDUvJTQ,0.6265018095168692,-0.2,0.0,-0.1206787611110564,-0.1387468400796928,-0.3895347244222235,0.0,-0.2217127734342647,-0.2478718084569988,0.0,1,0.15512157163221169
UCzM2P-kp8VnOMgRoA5rcs5A,-0.3177062179844992,0.0,0.0,2.3002719695459053,1.061891047268521,0.2494892854665341,0.0,-0.2217127734342647,-0.2478718084569988,0.0,1,0.07238640402683927
UCzMhMbmX9Y68ioTZzXVOIUg,1.2892302357524208,1.4,0.0,-0.2528602823112433,0.3263124105117785,0.0891133473073174,0.0,-0.2217127734342647,-0.2478718084569988,0.0,1,0.11653714349806038
UCzO5g974rha6E0uvpWj3GLQ,0.0840415714129757,0.4,0.0,-0.0914980666341109,-0.2797747881327801,-0.542074521300594,0.0,-0.2217127734342647,-0.2478718084569988,0.25,1,0.13320299739084374
UCzSP8iLR2Dv4FgYSRdTjFmA,7.057851009340225,-0.2,0.0,2.101019306672248,0.9913602561720926,0.9375373574409352,0.0,-0.2217127734342647,-0.2478718084569988,0.0,1,0.025489127895516772
UCzSZPh4pUD-7b9RO3pBr7Xw,-0.356179521945068,0.6,0.0,3.18408097092062,-0.3783295444850713,-0.45884551139383,0.0,-0.2217127734342647,-0.2478718084569988,0.0,1,0.10632182537575496
UCzTg5Idg-Li_34sKe-kS4Nw,0.4884440967156804,0.0,0.0,-0.2711042214128611,-0.1840520263490724,-0.2635175797768072,0.0,-0.2217127734342647,-0.2478718084569988,0.0,1,0.1628006820105316
UCzUagso-6LPy4BwWySBJ0Nw,-0.0823872090751788,-0.4,0.0,0.0608840415179146,-0.3092517482266809,-0.4372584108114293,0.0,-0.2217127734342647,-0.2478718084569988,0.5,1,0.10230625608816102
UCzUpjMFkGA7bk5Fsn5cEU-w,0.7043884484476142,-0.4,0.0,-0.2468333218269009,-0.3592589872358224,-0.4355057168405003,0.0,-0.2217127734342647,-0.2478718084569988,0.0,1,0.15722838981223303
UCzUvpFvxKW_M6jdL5OS0qUw,-0.1689211637737173,-0.4,0.0,-0.078978293784746,-0.3262033546704577,-0.4820051632281522,0.0,-0.2217127734342647,-0.2478718084569988,0.0,1,0.15718931760417276
UCzV34XvrRX5af8MLttcTdtA,-0.1507291870658022,0.4,0.0,0.1078365541851045,-0.2637649376025466,-0.404488879551475,0.0,-0.2217127734342647,-0.2478718084569988,0.0,1,0.1563492009839998
UCzVRCWPGU_X-7_sPOxS8QRg,1.122020814945345,2.0,0.0,-0.2326756235118456,-0.010654186486154,1.0307400336248187,0.0,-0.2217127734342647,-0.2478718084569988,0.0,1,0.08562024270694824
UCzVc43-TAE7m5zd7YLwHdyg,10.954250761520118,-0.2,0.0,-0.291270172442565,1.2442217189584297,1.053788046867432,0.0,-0.2217127734342647,-0.2478718084569988,0.0,1,0.03779999483309948
UCzVucuAJui_GM6MCTbKHA0Q,-0.0449673498354109,-0.4,0.0,-0.1723911743670914,-0.2533114469622176,-0.208003977229281,0.0,-0.2217127734342647,-0.2478718084569988,0.25,1,0.15262181159776184
UCzWQouYjreVJfdnTXzs_bqQ,0.5723161114323505,-0.4,0.0,-0.1969625026769741,-0.2643299911506724,-0.3104020741434101,0.0,-0.2217127734342647,-0.2478718084569988,0.25,1,0.15000202063588702
UCzX1Q9J5snjPxwqv8Lq4ftg,0.1497693448454387,0.0,0.0,-0.200336398147277,-0.5152137665185688,-0.5324829558802119,0.0,0.6913574657089212,0.7154674764909068,0.0,1,0.07872713319840019
UCz_YXGYAuhTDQj5M6xFPtcw,-0.0598011159207289,-0.2,0.0,-0.1019075264817836,-0.3174450246745064,-0.3762372630939012,0.0,0.6913574657089212,0.7154674764909068,0.0,1,0.08989257478032353
UCza9KK8nWbL0yyfAWvml0vA,0.8127616119719012,0.2,0.0,-0.2213964391023901,-0.4680671110968146,-0.5348981874131356,0.0,-0.2217127734342647,-0.2478718084569988,0.5,1,0.07340145326116843
UCzdDDXoO5dfQjKAxf9RHIew,-0.2830731245031225,0.0,0.0,1.3280795682777065,-0.1973711456977541,-0.3301536106841112,0.0,-0.2217127734342647,-0.2478718084569988,0.0,1,0.1470839498854946
UCzdJlzyRkykOfBaHFXvEfsg,0.3127778721257396,-0.4,0.0,-0.2056988534932073,-0.3262033546704577,-0.3238531034405366,0.0,-0.2217127734342647,-0.2478718084569988,0.25,1,0.15192069115533285
UCzgbZ-yDu1Gy3tPDpnaMT5Q,0.0393775586503273,1.0,0.0,-0.0719655498657673,-0.1768879545781906,0.0976299262285276,0.0,-0.2217127734342647,-0.2478718084569988,0.25,1,0.13046122968595875
UCzhRHCsNa7cq0CMR8X6LONw,0.2494047545089905,-0.2,0.0,-0.2140097065661131,1.5564138042979851,0.3952339514423845,0.0,-0.2217127734342647,-0.2478718084569988,0.0,1,0.09451031113122138
UCzjFEkyALx-hizNVZQmKBcg,-0.2131646301466107,0.0,0.0,0.8536601218495099,-0.0811315586547133,0.0833495024371766,0.0,-0.2217127734342647,-0.2478718084569988,0.25,1,0.13787336184554688
UCzlxtAdfUIItFJCpWJ7jTUA,-0.2804436365300373,0.4,0.0,0.5378027367195426,-0.2364540161097951,-0.3176157532510595,0.0,-0.2217127734342647,-0.2478718084569988,0.0,1,0.1574512912139875
UCzmgZAZuVbbfpmSFTv5FmOg,-0.0071233253356138,-0.4,0.0,-0.1119435315956779,0.0136763545272667,-0.0988738802510692,0.0,-0.2217127734342647,-0.2478718084569988,0.25,1,0.14922434583294303
UCzpsGTH8AUFflDKbm07eH7w,-0.2521042129180258,-0.4,0.0,0.2527294832039369,-0.3745154330352215,-0.5335601538578526,0.0,-0.2217127734342647,-0.2478718084569988,0.0,1,0.1490068252672585
UCzpsMuwchACUHJKNrMlAd0A,0.4056860880930488,0.4,0.0,0.2704238298950767,-0.013728742556839,0.1293834295204513,0.0,-0.2217127734342647,-0.2478718084569988,0.5,1,0.08555045858489913
UCzrNl1tgLGuYYtWDSQR9V9g,2.155271170292782,-0.4,0.0,-0.2672322118997347,0.0001150693722452,-0.3013815801841795,0.0,-0.2217127734342647,-0.2478718084569988,0.0,1,0.14932491891239819
UCzrYWiwKpnZVzM7RblOevsA,-0.2387387655745085,-0.4,0.0,3.094782220775954,-0.1812671195761662,-0.1935211536209742,0.0,-0.2217127734342647,-0.2478718084569988,0.25,1,0.07538823654793303
UCzs4tHyf_syvqjF2lf7XQbQ,-0.2924628304676954,-0.2,0.0,0.3950903740223537,-0.1881890255407084,-0.0825895150855184,0.0,-0.2217127734342647,-0.2478718084569988,0.25,1,0.1501977742392805
UCzscIrP5knxQGyXTaZttjRg,-0.1619775784670408,-0.4,0.0,-0.0182137094055208,0.0213045774269662,-0.2390036529451403,0.0,-0.2217127734342647,-0.2478718084569988,0.0,1,0.15663418340103397
UCzsiCl8VmXd_yvnNRZtUubA,-0.3368279245457066,7.6,0.0,2.421622748322091,-0.3414598004698568,-0.4101421732078895,0.0,-0.2217127734342647,-0.2478718084569988,0.0,-1,-0.008901128101420741
UCztFtM85bX-HIgxqoclJD3w,0.4641490215302276,-0.2,0.0,-0.1117243419631499,-0.4685968487981826,-0.6003272946293761,0.0,-0.2217127734342647,-0.2478718084569988,0.0,1,0.13453150993683227
UCztpqU0JhxCcxCXe-BWK74A,-0.3523896053467079,-0.4,0.0,2.290800885951534,0.0407989248373095,-0.3612919046862108,0.0,-0.2217127734342647,-0.2478718084569988,0.5,1,0.04186155065706382
UCzw15U2oFjJoy21T1aVNK5g,5.939829652493143,1.4,0.0,-0.2881873861461249,0.4259030983689671,2.6499830642636573,0.0,-0.2217127734342647,-0.2478718084569988,0.25,-1,-0.014777436135346766
UCzwuq8q3KnoIX2gNEnyYlhg,0.4965799903699531,-0.2,0.0,-0.2216770179952183,-0.266590205343176,-0.3346470959515025,0.0,-0.2217127734342647,-0.2478718084569988,0.0,1,0.16454615024859953
UCzx2jDCwqLgPEUkCnCVzTBg,-0.3081887574832746,3.4,0.0,1.007889504238472,-0.339517428898174,-0.3664846294757557,0.0,-0.2217127734342647,-0.2478718084569988,0.0,1,0.10470878803296657
UCzxIy3D-Lc-KpOuMaYajqSg,-0.3240383993663623,0.0,0.0,3.714071377407143,-0.3911037907694888,-0.3062762695518928,0.0,-0.2217127734342647,-0.2478718084569988,0.0,1,0.10286849530744224
UCzy-CspcnpLpYpeXyBDx5mA,-0.3061200681630077,0.2,0.0,0.5759820827329306,0.0765032459095144,-0.1611006145010891,0.0,-0.2217127734342647,-0.2478718084569988,0.25,1,0.1340825491392647
UCzy7gBvoCvMR3bJNc7d1gsA,-0.2562398242033096,-0.4,0.0,0.7313914198669174,-0.2355122601962519,-0.1476976700700216,0.0,-0.2217127734342647,-0.2478718084569988,0.25,1,0.13918197719248782
UCzzdqjrfILcLtElzYZKwp6Q,-0.2373814367424154,-0.4,0.0,0.324738231853121,-0.1397356837889131,-0.277937194329453,0.0,-0.2217127734342647,-0.2478718084569988,0.25,1,0.1491344437980745
