umap_1,umap_2,if_label,anomaly_score,userId
-0.08492859,0.5938363,1,0.08962430065779625,UC--FsVX4q4Ek_2DD89J5cOg
-2.1672003,-1.5372571,1,0.036578540405225235,UC-1YF8d0KYSg3ksrpQJi3Kw
5.144489,8.562891,1,0.08238413175096088,UC-3Nj6oYW1QqHjBmm3iL-oQ
10.093067,6.2345114,1,0.13950737136236196,UC-3PP_G2wsXPI0In8hr1z4A
0.35872868,7.6881456,1,0.07694803413591106,UC-3rwZnz8xmpX4wByAA5CQw
11.562089,10.266399,1,0.1418643072597482,UC-4JFXwbKLjHEpRYu22yROQ
5.0586605,10.892928,1,0.02948134716509415,UC-7-qCkA4GVQznRkXeop4Lw
9.115061,11.793901,1,0.08748441389048361,UC-7CsrBveGCDiDQtCSi75NA
10.644557,3.321807,1,0.1463349538999426,UC-7UGGUfegIlYvAMQEEZoWA
4.2238703,-0.056779284,1,0.1111752044232533,UC-8JKGrT19vvhAvsSxAYjSQ
7.915434,2.9083536,1,0.1288711040169639,UC-8SI97g7bH6iCOyRhC6Emg
10.774827,12.169108,1,0.12460173050008866,UC-9oSS0x2AoD2EC2WWP6XgA
6.4534206,7.421947,1,0.0435104723990975,UC-AAsyvqCmt4FS4x02OFxxQ
12.203973,9.138362,1,0.1428012412834373,UC-AbeGBC9-f2huFbou2g-zQ
14.326432,4.5748997,1,0.16310109951111873,UC-B97mdpY4nQf6U5g5sLgAw
12.084837,7.723654,1,0.14667879284628815,UC-BU1Oft2db2OJGvjJu0cVQ
4.5686607,8.793953,1,0.06978416397941173,UC-E_u0tONL7jX233EX8yy1A
11.63199,6.3143554,1,0.14694360188853445,UC-EzdIsompamqS86hM6BoFw
12.050617,2.342151,1,0.16528669987412142,UC-ISj9vvmY4p2GaXHlCJrtw
3.1341276,0.9516799,1,0.10728516692989243,UC-JVRGWnjzZuEGi88c9eLAA
2.839968,8.01634,1,0.004588997525903193,UC-LDOX6xdSyeUiFMggIRC0w
5.198777,9.099931,1,0.10557531126922443,UC-NuZui4n3wDtTmgMBKT9Sg
8.540161,2.7035582,1,0.14177628746765275,UC-Nw5S0c6bq3ldlu9CT-GHw
8.060454,12.394115,-1,-0.009434786590913125,UC-OYdlMvgSQIzV9mhqVLnRg
3.1479144,5.851667,-1,-0.04318922930873692,UC-PDPi-5c3jTo6E1lizbJFg
10.269056,5.2402844,1,0.11214758995984542,UC-PETw1P1_voShih9WRmkMg
10.005478,4.74371,1,0.1481147730305743,UC-RAnK0D2x7DewvatyRqcHQ
12.543264,6.9463296,1,0.15218045056885882,UC-S7pAVa8NuLbGZRT--xCBg
9.659098,6.143918,1,0.14161188726083018,UC-T9vpeDnjGxmKSzIiM920A
9.392773,4.7813406,1,0.11021553020903596,UC-TdHGwX918DS0qknMVDUUQ
4.672459,0.4751418,1,0.1170877748511745,UC-UGpuEQAvfwbzcdAWvBLeA
9.2746725,4.9082584,1,0.10373830791597694,UC-W82dsdqQfqgyuHRSalQBw
-2.6770585,-1.6155146,-1,-0.017030621484593556,UC-WgwqxLnjpffl0hPn3hS-g
11.932353,2.3226364,1,0.1442195904810194,UC-XCNEk1uZcaM4h-rNp-3cw
12.96305,2.0539386,1,0.16084965735464757,UC-XFuI62LLtCjTXM2Kd74Xg
14.806215,5.0301423,1,0.15731387972102945,UC-XRuhdgwtAU3ZPyHp8v3ZA
13.992869,3.9277453,1,0.1627488462470606,UC-XwCzDwf3LWXpkMYHQ2RlQ
9.690473,5.5081887,1,0.14908806956555215,UC-ZDi9r-41GiPdxTe3HwebA
11.804308,3.1108418,1,0.16152667850677033,UC-_rI_t4-KRvrbgWFEZa5uA
8.738318,7.800207,1,0.1512045798459275,UC-aQ1VwwK6EsHxkO2s4MQ1Q
7.051364,-0.17857532,1,0.15536818678413983,UC-bNysdfGc8M00JORt9wFSw
7.6503606,1.6589588,1,0.1353900366287158,UC-bPEgY4UCenObQ02iWK0cQ
9.975254,10.0289345,1,0.14023467669236123,UC-bu3cnBZmFtmOd3JOlhtng
8.687744,2.510246,1,0.14993902001868853,UC-dRtPqdUtIYwsYfxnp_t4g
0.059773672,7.2566547,1,0.08317855151313414,UC-dXrO29mz1F846RHJAPS-Q
-1.2986388,-1.405319,1,0.06394830954360714,UC-dtn_v6-lmpa6j7Vwl-BgQ
5.0945816,3.7487476,1,0.01821748304830373,UC-edhzZuiP2P19s_tu88CQg
7.4186196,6.7126985,1,0.1254580091765642,UC-gCpMc94-3CWd9MJw107_w
9.21902,8.749574,1,0.14778175696250911,UC-h6mJDreiBJG8fPtQ3OA-g
10.438035,9.419827,1,0.10398425931717853,UC-jznjjSTKr15h65W95yDoA
2.1510096,7.50184,1,0.06114261787781755,UC-k-axvrivMCH12r4Lg9tbQ
9.660306,13.890364,1,0.11732246184034612,UC-k0fXW2TZgXNyZiAPK_AQQ
3.874564,8.666148,1,0.0031920755707861015,UC-kAVBFQAr54Etg76uska7g
8.561347,-0.06326459,1,0.12019281708085183,UC-kEpkvZNXjfm0eeLljdiPw
3.9947567,5.7112994,-1,-0.22478627472298762,UC-mWbS71hcXLB0jOqv8-Z7Q
7.549099,6.8465652,1,0.12809650289089136,UC-mwgFQEo2PS0IGEHAJpoYg
10.243924,9.348431,1,0.1513929814431912,UC-nf2ZdwpfjBQYW79Gi1AHA
9.919419,10.855621,1,0.13066490449169943,UC-nyyAcb8rt4vTYr2HbMUAg
8.386985,6.9472466,1,0.13591924888407364,UC-p42GezfAlIR-YMhvst8jg
7.4240046,5.6570773,1,0.1462002728327937,UC-pSt_GMFA_b-owUKoE8KOw
10.360207,2.6579368,1,0.1444602502695192,UC-qUUzLEE1BM8VDWZaE1lrQ
7.5548124,8.307612,1,0.12035303650077156,UC-qrLi0LFsZcMa8iFNSto7A
6.637876,0.030615455,1,0.14695042479444193,UC-shWlsEYm5Qd3eaCoWusPw
6.3350654,12.843337,1,0.07320920258170166,UC-t2zx9mcjh4CR-V4CcGlPg
12.501863,9.809501,1,0.1368130880334602,UC-tAztCfSbLUftcrb3r4lHw
8.912586,8.657896,1,0.13198056908271827,UC-tP9luhDME3Y0yO-WqbbcQ
9.934438,3.3847215,1,0.15313469554335163,UC-th9WaXgUbwOoJ1S5mX5uQ
7.09008,14.085584,1,0.08784736345728528,UC-tukbjmNwzijx2trCa1yHw
2.125964,8.158212,1,0.04896261107072364,UC-uTPn6USADmLGXeBe44aBA
11.612305,6.5295296,1,0.14966951730638606,UC-xW1QyTj9XfHwzTWDVarpw
11.350709,5.7908425,1,0.14826068847569457,UC-xnXR4fv772MVr4WUN5uTw
3.928553,3.158441,-1,-0.12755038018307518,UC-yPYOzjhFnwzbTJkw4Oo3g
3.8359528,8.580911,1,0.02368375476584822,UC-z-vIKgXF_ORkE9pZWZ6EQ
9.419311,5.088595,1,0.10891020016789227,UC0-uMmXdJLxnBsZhnQKIb0w
7.8062725,9.0979,1,0.14611107100217524,UC0-ysskkXPHysgsUGBYhsGA
7.8731413,5.1675553,1,0.14697817467133206,UC007tubOj6VJhslWWKSWnYg
0.0014355503,-0.92501354,-1,-0.08376820923765349,UC01O-uumR9ZROb21Hs1Tfwg
11.338359,2.6189024,1,0.14944759710019623,UC025gI1MY50e0WLX9KHNScw
0.80915934,0.7114225,1,0.1040559976485268,UC04iSUzuD5h5WR9fe-mINjA
7.678601,8.372036,1,0.14546986161602593,UC04kVGgTePaBx-2TS6U6VnQ
10.809567,5.277846,1,0.14335401440673362,UC04o2mBHApVFKXeWRkkITzQ
-0.16372682,7.270889,1,0.04269180594819871,UC05d3jeIXecQvsHDqfOJ4Vg
14.023283,2.837461,1,0.16510561383430383,UC09xnooOZiUMUa7ntYIXcow
8.231736,10.591417,1,0.10529944136905611,UC0ALhDTSr9cSr69qFh8lcSQ
8.387178,7.8335276,1,0.14227878371581815,UC0B140mvBpAYyQaQzAt_ZUg
9.653216,2.4786818,1,0.13816860626372424,UC0B4K8eXgbayzhjXCr3Gb6w
4.8423185,-0.9683252,1,0.14192956714954819,UC0CSjZtlEdmz4reiLuSLY_w
4.401366,2.7822921,1,0.02155210076043257,UC0Emt6egSgzy6-3Lv6-tMWw
12.384936,10.206338,1,0.1442438997318008,UC0EtW3yQzTBYwrRBFh7aEcg
1.4106461,2.0381358,1,0.0665715319269829,UC0FCSAxhpuGQTQRzsF4KrSQ
9.6434145,14.057987,1,0.11052865034455811,UC0FWQr_e5lJCEGvqYZ8LW8w
5.9842467,0.9862601,1,0.12708452381514046,UC0JK4HrDpgWyWOLeMdCeU9g
11.876332,9.349467,1,0.11900285611121514,UC0L1X3iro6II3nJB0ySwmpg
-0.83238405,-1.3023905,1,0.05990343418155758,UC0Lv5YLenCRITzqrIBIPAPQ
4.0616918,5.789777,-1,-0.27381208940667334,UC0MY8ErvkPIu65fCEGBmmWQ
1.1462828,6.3010173,1,0.009162048993024086,UC0NgDwAaPqWvrlXwzJq-eow
12.14783,8.591533,1,0.1299627685227504,UC0P7ZJSN8jgQFvUXVAlTnfw
12.022714,4.3089027,1,0.14841525676346534,UC0Pah0FnvKA1xJ_Ts-ajulg
0.9498626,-0.9134854,-1,-0.07498772856193148,UC0Qpf8nNz09Cu2bJ-vtfkHg
4.8600945,1.676197,1,0.07100768599106011,UC0R8mCvGGGEEKMgWJmAoxtA
7.1750984,14.069662,1,0.09087315407168811,UC0RSVKxl1or-AIBO6lbaEKQ
10.627043,11.845037,1,0.13063835381373562,UC0STFkkGT2ZDc18gZp1QjTg
3.816174,8.485698,-1,-0.001675399572991676,UC0TrFwDaV06zckO6v5f6mIQ
6.2131515,2.8421876,1,0.12358374173562048,UC0VRhMJvKrtMCEYdRCQReVw
7.7043524,12.743283,1,0.05437182715041322,UC0WmntVL_fy1qRU_fhyvJnQ
11.686888,3.9973006,1,0.1640564961671045,UC0WtOA7yunwSsSiy_OmLq0g
8.304961,12.525891,1,0.06851106623642855,UC0XuK0OcU1tj9i_ksTZeayg
12.874603,1.7290305,1,0.1630974138246487,UC0Ype554r1Bz6DkNMPiBc9A
9.9511795,11.387931,1,0.09863114277217472,UC0a8VrAO1wApos7B8dNQNMQ
10.552624,2.9213896,1,0.13127785941722664,UC0aA0vamcbHv0tif7rDY4UQ
9.590117,2.453233,1,0.15038959972477467,UC0bD9jiD7wlQlYgIxzVZzBg
10.288382,6.9950066,1,0.15086306533836247,UC0bN8JagMTQ1ywkfOTYCPAA
4.57585,1.660616,1,0.030869428030881996,UC0bf0SDC-epak0Q24x985dA
8.053855,0.03796401,1,0.16055928117182022,UC0ceZLTdPJQhwrt5pf7Q3vA
-0.1409997,7.2529917,1,0.07985857646972927,UC0cgJ93XWryCESv7H_XyJPw
5.606712,-0.26886916,1,0.14414255184492042,UC0cuFt4J3uYqRZcbsxHLZuw
9.098728,12.942865,1,0.11615607682648449,UC0d4HVGkA4MvrWfrefCbR_g
0.22048128,7.2199755,1,0.09411557507219503,UC0hnhAzWDUfUGDiTNDtPaKg
6.2561884,3.0699925,1,0.08633278205752298,UC0jJxJsBKdyLKNMM81Fb1Ng
7.768603,-0.025435776,1,0.15436058268228253,UC0jYnPQ3azaq0WyopIn_hYA
7.400107,5.3256326,1,0.14561287187673805,UC0jjiAQJwS8oqPWAKYVY2nw
1.5895132,7.2718287,1,0.06635818604966465,UC0k_vomz2tNwySnlk3Zs5Rg
10.079677,8.074373,1,0.15576351456644727,UC0lETRLeo0sWFMUgx_arffA
11.85743,9.803997,1,0.14810685943168894,UC0lg9ewe4uVGFvEVbfCW7XQ
0.35419723,7.653741,1,0.08612046891424924,UC0m-h-L5fnz-01ZDmiUhERg
6.305525,3.0957842,1,0.09941609268047041,UC0mwka0AAqmYFilSucI0MtQ
7.938798,0.8818842,1,0.13620208799419514,UC0nPIiUXNalTlxDnkt_XowA
9.59184,13.825375,1,0.11611579406409883,UC0nhSdpIFWWJbwn5w1J1dJg
-2.4690964,-1.5300834,1,0.012588073980455916,UC0o6Pm-SRQSvCjLQwlL9wfg
12.083654,4.886838,1,0.15889095635041567,UC0ps7AWv5TuIsngMzdxMUOA
2.9896188,0.42846283,1,0.09145389288191969,UC0qMcKM_p4Vp5lDM7sSOlZQ
3.3700113,6.3403354,-1,-0.06576416481740932,UC0ss0Q6It-5M5sC8A-byypw
11.317734,9.579029,1,0.1138759232609981,UC0viMufzTU9aYptcTaSr_UQ
8.343265,0.058717363,1,0.13975184568588406,UC0yv-OovB0Gm2FDLILaDHAA
6.4914427,8.938731,1,0.1168556037202595,UC0zy_5p_Cekk9SJlvz0aFmg
9.380056,5.205685,1,0.1067108433848521,UC1097hTvhbfwlob-QabxODw
12.991233,2.153032,1,0.1604885754362203,UC13bTSnfoE6-yCX_VxpJAKg
9.359636,3.2640991,1,0.14664583397453024,UC15g0XAgYN2S9VXFYS0mMOA
-0.20847107,-1.0553086,-1,-0.03040801579375374,UC178EW-8X5DhhH7CbE0x30A
9.500501,3.4507766,1,0.15284146486883288,UC178K2GpAD3ixne4n9bc3Sg
8.281786,9.16662,1,0.125917223749545,UC19_brJuQg39ocRlhv-J1FQ
9.595163,4.896823,1,0.11342393993884547,UC19lAxVK1IKP2q02012gxJQ
10.01631,7.5128226,1,0.08628692368903906,UC19vDD0xuulm-XddkcozXbw
6.47048,8.681804,1,0.07484122176423558,UC1BK8uYkW2kZFH2JpjSkvyw
8.163755,9.854095,1,0.0970736575256057,UC1DGACDHQr-2psPAk9Nr-Fg
11.960813,7.603568,1,0.14463653302629054,UC1ESGKRTPh_MTwT08XPVMDQ
7.9250574,14.092443,1,0.09074694477552286,UC1F5xbRoE-T_YEcy6XFPsMA
10.089012,5.0091314,1,0.10741186878016012,UC1FVFKyx2KcJIT899O-FsUQ
12.62336,3.0082867,1,0.16264429377679324,UC1FY06yrvjVD8v1CEEqHmDA
11.29681,1.6271175,1,0.16493257461905325,UC1JbxMi_Zv6VeWSLahrbVxQ
12.576275,9.495484,1,0.13305057644920232,UC1K6jBYLly7LD1GvH31uJ9Q
4.865105,10.631676,-1,-0.06657839799171705,UC1K6y3vwIyi767YFiV3sPgw
5.6764255,3.314459,1,0.018051953238914453,UC1Lw2zuslznBBzq3aR4hT4g
7.544436,6.81488,1,0.14187752516094532,UC1PZN8T53aaa2T2G6t2qu0A
9.786995,10.169956,1,0.13551503331627668,UC1Q3T4ZSDZTr7X_Fo6oAkxw
1.9278808,-0.11003479,1,0.13007945494131168,UC1SgB6EBoN-7MSL4vlJZCKA
8.4989195,3.1931252,1,0.1359344416226569,UC1Vubzpcxtyd1h0z5h813nA
6.827258,-0.45422554,1,0.15273319056227064,UC1WwkL3Oedh9vKzDrUdAQsg
11.436257,2.4588857,1,0.15404947253775575,UC1Ybc_HA5Gy-vScsaO3gOTg
7.071186,1.2136981,1,0.1452110909851227,UC1ZhA4pAPE3yV7pwR-6fF3Q
10.545925,7.3118615,1,0.1329940327997317,UC1_yIinfNbWInCUj59ZaGQg
5.616819,-1.2986351,1,0.14233285699177262,UC1d0iP0k7JQzOlVYzemM8rg
10.395051,0.36627123,1,0.15419531095916178,UC1fjvIU-p43y8tgyUMH6A4w
2.0910923,7.0902815,1,0.0413036866103319,UC1gAxNW48V2LUejs6Hh7MUA
1.0358045,7.1679764,1,0.06444324899656378,UC1gGxPtQgGVe6BeRY6nA9Vw
6.9870777,0.32479724,1,0.15178827750976837,UC1hbivnVC5srFXFHFRddb_g
1.0524536,1.6722456,1,0.07126113577579657,UC1i8xDoIwEynr-AYgZ8wMYQ
7.823878,10.810752,1,0.11588863539140987,UC1ig_r4dKD--Rn81iwTLkdw
1.3857944,0.58405995,1,0.11795621256076855,UC1ipeFUAJEcExghnzuI-R2g
7.225479,1.5195014,1,0.1283542659188972,UC1jGCBnlGYRQF3-8QrAcFRA
13.440168,2.5755754,1,0.16305492231929597,UC1mT-pNI5yc2PCORvvC2M1Q
2.9798987,5.77692,-1,-0.13864652204388395,UC1ohzUUnpwG_hH2xCVgId8w
14.798467,4.926963,1,0.15816837086400837,UC1pAiw_R2lQfCC_fTdxkWPA
10.588928,11.377956,1,0.1328622119285634,UC1pcDtNf5SpnasVTawbLeSg
11.696334,4.478305,1,0.15103599975423543,UC1q6FvCP8TIaNrS8HncMFGg
0.6949111,1.2164826,1,0.0770186376646862,UC1q9Hue0A8JjCrW4LG-v5bA
6.6681433,-0.2771217,1,0.14586683182845522,UC1qdCRkGSO0kUnmCi78Wmjg
8.284902,7.028454,1,0.1322521133271265,UC1qhTWmjLxasqDsx0tiIswg
5.913636,-0.94964427,1,0.15187050534544982,UC1sCQrneggy6dr91CTJmbdw
6.1474442,12.956821,1,0.07232897214203554,UC1saEQ0b2qE12Pd8C5N08Lg
8.503297,8.069197,1,0.14907520237222138,UC1uyEUXbFjsCaRWgM4hQK5Q
2.3307726,0.09136315,1,0.12514193809903895,UC1v8CKUyRK7I96rGss146Sw
10.302973,5.120567,1,0.11227001984326201,UC1wGFcfiIw9h1ufd9p-mx_A
9.589986,1.1266707,1,0.15473385242482013,UC1xYeInNy3E4eTcZvnt1cZg
14.952608,4.690006,1,0.1508888096930785,UC1xwbtx-4X5LHS7zXM5VmCg
3.9344435,7.137843,-1,-0.0579209880930448,UC2-04aOECX8Sv7TO8fKZynw
2.7596538,8.054179,1,0.011941770521309958,UC24fyZRs2_oDc7SDsftguLQ
0.048319843,0.08315713,1,0.0566323809523277,UC25D-qOqoscFTegm7tthTGA
12.437523,9.672308,1,0.14771253999145328,UC25Rc78s5wAfXa6XO21mkLA
9.016731,6.4933763,1,0.14047690489548492,UC25m-hK3Y2apJHXX1U4qh5Q
9.565238,3.3234131,1,0.15145386849600073,UC25yTpQxtfwOAKxmaZ0Qd6Q
3.5109031,5.838764,-1,-0.07319781985477192,UC26QvVvAcpQHXLdlNRZ20hQ
12.546056,8.461916,1,0.13201882093165962,UC26WMjABV42q64Nzn620i0Q
7.0682707,5.3922453,1,0.13458188365386925,UC27bsIR1rlIZwQPphj2uxdA
9.90349,1.9536351,1,0.13848870061741692,UC29AQCQZRSBpPKCa_PDV-jQ
5.7253466,-0.258023,1,0.14185675037393608,UC29Q8C0ZR51rpCHgSWtXhew
8.193418,10.812741,1,0.0976872802128737,UC2ARbzc3qI6cRSdO1glEWJg
4.2263103,2.8756695,1,0.0018893435255208924,UC2AoKEeDzqbSlXcJ9Ev74kQ
7.675931,5.100963,1,0.13324786121051113,UC2B1Z1N8t3CzrS3MKqB9znw
7.2365694,14.028652,1,0.09680855352645429,UC2BJ_2PiQeTQwXDiewus6SA
8.359003,-0.43286747,1,0.14089827249283587,UC2Bxf7dJ9mnd1QzzBsyonQw
14.275143,2.842326,1,0.15802750171537933,UC2Jz6Fd0n0wLrTnTzE3vjrA
6.386742,7.0985703,1,0.10993596872054473,UC2K_o5oJJOjIS8VZpua18KQ
9.6427765,9.267471,1,0.12774648011456102,UC2KkMHjVYIa-4qSoqhmN0WQ
14.937456,4.767447,1,0.15621388756495003,UC2LXWAhG9BTaB2bzIlRaGlA
5.8472023,4.026075,1,0.044664642573449265,UC2NE3OJ9s2Rnd-LVmibOjmw
5.144124,2.998915,1,0.04869884088790788,UC2OLP8gzstoepaNjTMvxckg
7.7633867,14.193603,1,0.04049364823421614,UC2PaUhvF_PfYfREKaG4YcAQ
8.034725,8.927598,1,0.1257601605169184,UC2Pq1gLK9e9lGLMiMTMj54A
6.621407,6.421824,1,0.12531964787827593,UC2Qu0bdXN6dr5biJqmDUeVg
8.822247,5.9484653,1,0.14791277206466058,UC2REi0zKf9eAhByMFHvU8sg
6.7207203,11.305194,1,0.045804308249664305,UC2RvgSK3oIGq5B19k-cWlmA
10.255083,1.2242891,1,0.15165311000656256,UC2SMfWk1FvG6vVMifl1TcNA
13.787583,3.3744843,1,0.16364546457910478,UC2WTklSvpH8xuCk2zouisHg
7.147204,7.1391544,1,0.13290295500938132,UC2WtNrUJp0UnOOMDJdCG5DQ
9.842776,4.332577,1,0.1128393610872846,UC2ZVho-u6jiyJ1BsGs-6IMw
5.6076684,-0.8206409,1,0.14733355008889626,UC2_5i5-K-uNJHFTtV0ieIMw
11.532837,5.83246,1,0.13690598949932908,UC2aox3V4wQa4fOYSg8rkOAQ
11.873874,7.048614,1,0.1472582365991853,UC2bp5OW1v4_DufXp7owOZ_g
1.5210067,0.352602,1,0.12331983779730465,UC2fAK4L9LsihWAp12hsNL7w
6.4379315,13.702692,1,0.06940797511089519,UC2gwwB8nIpnZ0TjOwGIBUDw
2.7244031,7.999244,1,0.0122742987643355,UC2hZe__NLW92DEsiP_E8CcQ
0.28183195,7.362247,1,0.07764930387672309,UC2hynKRJ4KGgxCQomOheztg
11.2854805,3.0581472,1,0.13701613147030384,UC2ib0Bwvza2oi9W10sSWJ-g
7.794875,0.19329031,1,0.14496626839653276,UC2jDkoeUUF1KSgUWi2oRPiw
6.7554092,13.240426,1,0.05754223750369314,UC2jkAGVjHa-iOBeANBlJjxA
0.15900998,-0.51858824,-1,-0.0032011838720691355,UC2jwtnKMUzXoNP-s7pK3XHQ
12.176398,10.473295,1,0.14616184541373056,UC2lXZ5Vpmj86A21klDNYZzA
7.4115467,3.556439,1,0.14215759447610038,UC2n5Zo0oD2ehypn_NIRxN4w
6.1121006,2.9502716,1,0.08246505005504323,UC2oXCtQWFOi6dt1pPlJSPXA
8.90715,6.073359,1,0.14762991498128353,UC2ouDDp9vM9axTeAZbLFfgQ
9.249966,3.2187452,1,0.1480696540428587,UC2ppVpKjU_uY2oAMWh4GRbQ
6.026059,7.1143866,1,0.10863494038007737,UC2rqJDlMDh_7fZsnhKgb_qA
1.827814,8.082488,1,0.055099760526320485,UC2sECp-IRVOirad8PXk1iNg
10.633299,7.535315,1,0.14694389726934337,UC2sbWjxcqkU1IV5PIGtLgOg
11.744434,6.673506,1,0.1307757363350318,UC2tFnaBeXc4md7cPpU26qVA
12.232395,10.527302,1,0.1415977489089032,UC2udVDs5xe-u011Tka-NNgw
6.289058,1.4585263,1,0.04509559176581124,UC2vMm3YS6hg1v1YLZ9ngj3Q
7.942685,7.9427304,1,0.07552978493738621,UC2vNeM12dENw_Tl9O5aanBg
8.00138,10.671704,1,0.12300128751821582,UC2vTkBYAbh2xLT6phBwNUUg
4.8822894,8.849394,1,0.10763033387703974,UC2vfpW_j4TTYO6lpzzDoR8Q
6.200499,-0.7655105,1,0.15426480427224526,UC2wjIMtYLzpQotTEZYETc2A
12.59161,2.3500357,1,0.1627711584112358,UC32h7-CSTjtSbYts--EhpOQ
-0.809087,-1.1172595,1,0.06043982354336258,UC33cr7U_NQcUUm-eAb9T9gw
11.178076,5.1775427,1,0.14338255464486582,UC343wQEBzmnnz5NsIE9jCnA
0.9978789,-1.02019,-1,-0.08121337724232236,UC34WFQ-cgdb4z_3_Qm2agWg
12.763152,9.1066675,1,0.15140606555186525,UC35jhAAwv4jDLm9PHkV9dYg
7.79673,8.473303,1,0.14017264943324492,UC35v6Ll1NeccUd3dW7GWzkw
6.9814124,13.300069,1,0.07745305400008651,UC36IlB3MDFL8s1qFLNlzlPA
13.644559,4.870211,1,0.16008906843668608,UC36QqtZHuMit7OQgv6WCdHA
11.239669,5.1840677,1,0.14701769037424234,UC36ZJH-VhJCs-QWMIgbjanw
9.9195,3.8549914,1,0.1093457151146427,UC373Id-2O4B_TqDmzG1xxyw
9.085743,8.408855,1,0.14925973682934202,UC38AKgSLz6b7OymnCO3ksvg
7.1447406,2.536528,1,0.13113369815097298,UC38OeYuWYNN8lZQeSlbmSGg
0.08769828,0.82535124,1,0.11256114533168765,UC3C2O78cOsT4kvR_d_ZEImw
9.737388,0.96612036,1,0.15599474505766425,UC3CXT6XKj30C_PUPCy3O0Ug
13.508244,8.241558,1,0.14512585220105223,UC3EHztyZ4tEQqy8PuawZXtg
13.146988,4.899196,1,0.1641398022066416,UC3FShP-VH_s0BvVD1m1vLbA
7.639114,4.771795,1,0.1429995269475538,UC3H2ijtlL7-OGurllsKNrwQ
5.27416,-0.37662107,1,0.13832445595689147,UC3IOkYdbtpq8oRBzQKGEInQ
12.67906,2.3131044,1,0.16206376743514656,UC3Jgo_95HK0jQT3mmeHa3Xw
12.692799,7.0297093,1,0.143152274002046,UC3KRoaMtuAEWasHUQMtFh8Q
5.38361,11.337224,-1,-0.11285750285844054,UC3KZgktE6pCCjIaxKyGs0Iw
3.659842,4.156495,-1,-0.0107278589349743,UC3L03q1hl5K2gkLso2IFz6Q
7.003669,14.065169,1,0.08811798530801374,UC3Lw6okOlAEnfaaaQ3mhg3Q
1.9863532,7.3579893,1,0.013297700192871909,UC3Moaf59U9kRkW5KTjOPz9g
12.222419,10.393722,1,0.1457440644726125,UC3Nx4RQajSzJ6MGBK4X4BMA
0.40284818,7.0315537,1,0.07648406865095153,UC3OI-scmfgqginG2fVmdqoA
10.37509,10.879926,1,0.08979355226794405,UC3PIn-e4HzfOQmvXgls6oow
10.301718,6.362054,1,0.14570417213809106,UC3RkKV3O97deF-cA5PKVD-A
12.464279,10.2747965,1,0.13486419850817094,UC3S9S2IkjfgAyEjBu2JrvNg
9.664761,0.260069,1,0.15932444098061865,UC3TtOthQfVHS6vCCsoDLK2g
4.1144233,6.9988966,-1,-0.12221776308773247,UC3XEpDanrCsH_k3yxkq_hZg
9.495319,13.986768,1,0.0913084824328515,UC3YZrdCPwT4fDQFGZFpS6vw
4.885585,8.525653,1,0.0389177063974771,UC3YfJCacGDPSZCCmPD1rTEQ
9.531686,3.1496468,1,0.15306579617705257,UC3Z1G2iWoVkkInN_hXljfIg
3.9048333,6.347637,-1,-0.15451670009496332,UC3ZRMUyFm1AXAGiN8JUGDLA
1.3537545,7.32996,1,0.06899060625052728,UC3bDPYPCUw1kwDaNyyc0zfA
13.63413,8.051013,1,0.14686736866650724,UC3egsNvp3cMIh3Evby0fzhg
7.3989625,2.6377347,1,0.12030506653241085,UC3f2saeTnp73YrQLqH5Pqcg
6.5243664,8.197151,1,0.11947519503545156,UC3fm3y03XaYZwCoeurb3pyw
4.572857,-1.0153096,1,0.12761052644938792,UC3gRVNPrfYCPID5v_xiIDGg
2.7116852,-0.25703785,1,0.10398943903181407,UC3jTZ0S5n6rOFPwvcadjPOQ
3.267451,-0.51673436,1,0.12949702307526212,UC3kH3tw7DUUOxiwKO_lhCNg
2.0997071,1.5810908,-1,-0.09484103992230031,UC3kZ_gVFkfXBekteQCL4Thw
11.114716,4.792194,1,0.14454763568349493,UC3lp5a-PD1A4-CQGaAwxizg
10.574213,4.180291,1,0.15118445571990885,UC3olOvZu7sZjvrbe--iUQuQ
8.249158,5.2740173,1,0.1451703481531394,UC3pB3o3hKPi6Y6U1P4Ofx6w
2.136344,-0.2197179,1,0.123481417130135,UC3ptpMeNPg01hTTW-6H2PRA
6.925191,13.603257,1,0.0894316855356892,UC3qbPF-TD2ODzz7KwTz7XJA
14.652443,3.4149718,1,0.1618065250407264,UC3qdncclBAW91ax0WJvVA7w
14.53732,3.7044163,1,0.1645634853330165,UC3rA9hB_LZkJb4cqY0VjoTw
12.252466,7.554289,1,0.1474224579619282,UC3rjcoyYR5KZP-eNUGP67Ag
3.1419692,-0.777439,1,0.1045489008916039,UC3topO6CyNKCnPN9qzrKHTQ
0.5325503,6.865561,1,0.0747126544075476,UC3trDIRbTI2opyZdCWA2pBA
9.21929,14.2634735,1,0.09906524282874452,UC3u_sEZm_UmreDRsOF5g07A
8.893847,13.191997,1,0.1176518449172721,UC3unQf1s6eDTYcxoRH_SFKQ
9.601382,8.229065,1,0.14431573009767684,UC3vxMtx_12w8yAz0SZ3rcdw
5.897151,7.5514917,1,0.09442684549577113,UC3xKM8nFvIF507sPttmxp9Q
12.768841,1.4663608,1,0.1603201993072737,UC3ygKXVlsnN6QhECu5qnubg
3.3753788,6.106917,-1,-0.03751304592819127,UC3zv2LeAnGc779wsY2cbX_w
10.213043,12.545976,1,0.12740153104730606,UC403T30BeENa6WKoJg8jTuw
7.531933,13.923816,1,0.09543326398834467,UC41yDqYqNLXtVShN7TnEe_A
7.365991,5.3730803,1,0.14074409717745973,UC43sDIATvY6v4mF0ajyDIUw
7.891723,14.169296,1,0.07304013805722065,UC45v7I77Dcp8kEl1Xa65_yQ
10.933757,6.0207,1,0.14426365610630504,UC45xYpkdcSRjPJzTnf6Am5Q
10.723,5.3843036,1,0.14481129779161384,UC46C2trYQlyreUYs5wl8K_w
10.350618,8.976383,1,0.15442014558640438,UC46axpz_GsFizhya3Hj04Cw
1.3112288,6.6003675,-1,-0.002167703837933743,UC49-EJeh-aff1bJMTX50qOQ
13.0440235,2.7516866,1,0.1475312261999236,UC492VniSZS4aFSiMixnRhSg
8.735468,2.7598915,1,0.1413775318598502,UC494xD1tQzrm45FNRyK5l5A
6.779973,8.9953985,1,0.1182602100277933,UC4A949Cm86URf_mfq-KyO9g
5.443541,1.0431389,1,0.1257697994058809,UC4Aw2p1UvcE8S96BepTr_2w
5.8348346,-1.2166775,1,0.13597850021133262,UC4CQXThX52kuB6azr9TK4KQ
6.0688353,3.4621027,1,0.12935516783836298,UC4CabbN_XlGmt5t5WxOaQDg
9.061352,12.800443,1,0.12007254627960673,UC4D-bBmqHV4rF4srkBYAyGg
0.6126653,7.5536103,1,0.08710710337227162,UC4ErvUt-aioI3zm0Gyjruzw
-1.3885378,-1.3847412,1,0.07746775968880426,UC4FIpXYKh9B_5sNaPNkREVw
11.732894,6.66283,1,0.14189825543057538,UC4Fo0S0K7dnZcChZYkAj-0A
1.7332479,7.0249395,1,0.054225510802415555,UC4Gn6sFAfXkorAMW65tqwdQ
12.522624,9.173556,1,0.15338420478487308,UC4Ihi6CkdzSinbxf5T433-g
8.861302,8.613791,1,0.12840705795773738,UC4JPLBZkXO6xj9cH91YSDCA
6.919625,-0.75939584,1,0.14918978671600286,UC4KDffGz6fGkvJLjINa4VKw
4.8641014,0.39806455,1,0.12401675214179991,UC4K_xs9lV6j64LwYQ8Amp0g
4.587229,-0.85949886,1,0.14025291163896986,UC4LDJW1kdONyfOHiAFGL1NQ
10.095859,4.5491834,1,0.14831902140348036,UC4Lcj_GF-yRAOyeFiWJVqhQ
13.052591,3.8068373,1,0.16623364434810195,UC4MLGn0sMiY7P5SpuhhZjKw
9.531981,11.799557,1,0.13046039722044717,UC4Mip8tK3WQka_sca5s-TdQ
12.713621,1.9085007,1,0.15371787946036214,UC4N9viSQiOxpZZr6VmVIyCw
1.3896946,2.07247,1,0.062022961637706764,UC4No3Yti85UTcZqV2SzWJlQ
9.860422,11.771454,1,0.10941395494064587,UC4NuuTSgZ6MHkZnngREFYDA
8.9563875,11.55556,1,0.124198997554126,UC4OOoVnTxelrcBIivjzKVVw
10.385622,7.231182,1,0.14998019537211704,UC4Q7HfmEFo3hs4EmRcQbB9w
7.708482,5.093841,1,0.11384409949400309,UC4RYlyYUDYjJmDTtRJfJxxg
14.275706,3.9107618,1,0.1640332840657594,UC4T340TyV8MD0ix89WqkrEg
4.5456285,8.311134,-1,-0.0016300308508901962,UC4U2WM_IVm9gMS6S_vXWpKg
4.2420654,9.717598,1,0.017771318213322007,UC4UEscCqWUQSBccXXGrB2yQ
10.012597,4.13853,1,0.1505029803038001,UC4W8jjB03fLEi-2Qn4uui8w
8.128186,7.1332426,1,0.13308384989541633,UC4X2-qTh7TIb86O5cnQS4xA
2.729922,6.6610937,1,0.003364300635612827,UC4Y1ko2RlihrsOeugAvsEzg
13.438879,3.7348115,1,0.14115723878477487,UC4Y9hpIj_ELiJBfqxCyyi9A
0.06226149,-0.7761079,-1,-0.051970688764649386,UC4YAFHsGQoAb0fBAazdB-0Q
10.056672,12.138046,1,0.08209354408350428,UC4YTDsXlHDyBxP0quuKchCw
3.7291353,6.0416327,-1,-0.12785749359487342,UC4Z0NiP2s185zHJCE-6wY0w
4.8916426,9.459401,1,0.007002952427228981,UC4ZQ4ek2kDuwmtNb6AxZi-Q
6.830459,-0.51045406,1,0.14714275721604714,UC4_M9OKVunXe27EOUzHW--g
6.0126376,9.006885,1,0.07357691324300475,UC4aACN36C38rOP2rlA8t6PA
2.1559267,6.0283656,-1,-0.04825706331935198,UC4aOQVdgshdRTJTvDGFR0yA
2.1582026,5.70248,-1,-0.01075204157609555,UC4b4RMlS6lfdlNYRV1paZlg
10.073965,1.4212493,1,0.1486283734926387,UC4bDEe8-2UIBA6ZEXEwKEYg
8.144171,0.2351833,1,0.14667826617797092,UC4bUzJ3K4JB11AY0chnHZTg
-0.5023105,-1.0487907,-1,-0.03740815887237914,UC4brXKBCSEaDIs7Tam7firA
9.438889,4.4580755,1,0.11106104581488369,UC4eL0AnOPkUJjDi4W-n0gVA
6.571977,0.57501614,1,0.14515259681319065,UC4eOOEiL_hafripFxG1u_7A
9.34858,11.892128,1,0.13058803172195327,UC4el4QaPEv4A1S7yRCK8Rvw
4.317389,8.767683,1,0.07121205878872766,UC4faAEanWbfwQlhuRPiBNyg
6.857617,14.029549,1,0.07447366856902027,UC4ghCfH0JKBA4Dvn1lO3h2w
10.209914,2.7349432,1,0.14113581664029046,UC4hdml6cjgdGFFa0khQBWaQ
10.050017,8.819053,1,0.1369014981107189,UC4jBrZowue9myHVU86RlaSQ
5.3983283,9.809126,1,0.09950764863757178,UC4jGtCVMc2KWvIySIX-OCFQ
1.4630672,-0.12787662,-1,-0.06979431862475816,UC4jpaiaJDHrjCL18XySDDrA
13.836669,4.547771,1,0.16011636786180838,UC4jzdMmyaI3uQdha_78uIjA
-0.051092282,6.2604346,1,0.06759601022419798,UC4kf3M7FiGHvLE-VLiSgCAw
-0.5095242,0.56410056,1,0.09265934749310734,UC4mR3QCYUXscW6Q9-J9QhsA
11.160523,11.663578,1,0.14055618920453622,UC4p2Tc7O9Att8lqwXNE7Uag
4.808014,-1.0303054,1,0.14232046705011198,UC4p9nYAaAG-i9WJSGsYsg0g
9.733939,5.038228,1,0.11339410330444827,UC4qpdrqJqrIj5l6-4bdPVzw
10.113506,0.54720294,1,0.14862934956028645,UC4qxlzoOR_GpMQQylGmvIpQ
11.039352,11.466266,1,0.14184561269600626,UC4s3K-Td0OZP2IqMfwVbEiw
12.535034,7.962451,1,0.12553460973327735,UC4uyD_SEjbuPrV_TPdr5D5w
8.389947,3.8702815,1,0.13537725001843703,UC4zSFYCbPrz9kkblfv8VdeA
8.129784,0.68297213,1,0.14974796457670025,UC5-Nhj5EAZsc1c8jaFeDBuQ
0.66143215,-0.80746925,-1,-0.1410543003296425,UC5-jYiq6vsEkZ1v6ngeUPRA
7.1913333,6.9514523,1,0.13764608819933088,UC50A87xuO9Bb42JM8p3Hi-w
0.10366171,7.0609393,1,0.08090845841254274,UC510tIqqxvIb1-AE8U5OK7A
2.1856241,-0.24129161,1,0.1314064126663158,UC51YiiEjaoERO__aQc2pz_g
7.2263603,6.5384717,1,0.12660841976780102,UC52H_yYy4GgF9s-Hpt9N9VA
12.345475,5.551214,1,0.15893562514168386,UC52bodhD1hI3f1LGwW8ftvg
11.972864,7.7807097,1,0.14491876456636216,UC57OnleANxJNZUhQ23J224w
8.295616,0.5586361,1,0.15048032376271736,UC58DbgrhLOeaR_whwDQbC2w
0.6096455,1.5254579,1,0.07675019486640966,UC58UxSSINjt74QHgp2p4grA
3.680039,-0.56580055,1,0.14101723986898052,UC58XpyAMPT9N-duiX5N97aA
6.8828635,3.9479752,1,0.13246302686209865,UC594Mp21oUxj3iklukovrJQ
6.4909225,7.788049,1,0.1194270735354172,UC59GrL3iE1Aubxh7jM68jWQ
4.5626945,-1.2435237,1,0.11456133253238815,UC5A2MoAN_SR-HElogxl9pAQ
9.044238,12.100062,1,0.1257054057014257,UC5Lz9Jp23PE26lIrNr8Zweg
-0.8315556,-1.3485308,1,0.05560313814539697,UC5ME-dq2HgEsYxdYsITxs5Q
14.154405,2.4026704,1,0.1584816892446449,UC5MGhAHzb7Gfa02AQBrmpLQ
4.683625,0.47046003,1,0.10631969198801727,UC5NlQr0Bx8OgtGQYcLP3Hhg
8.551253,13.265517,1,0.11191946466925273,UC5OuIwopIq14lgAbHz6zlNA
11.299681,8.647638,1,0.14663502266386302,UC5Oxr1b8kvWhT4DGdGYvCdA
7.1409636,1.3948838,1,0.1346720506986856,UC5PJza19Mgv_6UL2LV-_C5Q
11.221204,4.8494725,1,0.1404019131198374,UC5PcgaKK8HFFuNbTPUyFttw
10.183711,1.7559367,1,0.16032163807332117,UC5S6NhV2Ouj6Jyj4SIrmEUQ
4.8349037,0.41293195,1,0.12748703044782728,UC5U2rZHyEbEiSn_1HJjr_xw
11.610647,8.245463,1,0.15800487093276705,UC5UZ8Dn9pE77SJA5OrCDh3A
0.71401554,1.3116405,1,0.09881820774062633,UC5WHSdJK0w9AaE4wdCBoO7w
1.4016502,7.1938257,1,0.08160889859706794,UC5XboaFcKw1ESbzC_kICHMw
6.550898,7.1200943,1,0.13811277521655602,UC5YZlvxNE9LSJVEfSEWXjag
3.4047208,-0.3494011,1,0.13573220606691777,UC5ZsRQK6u0-47oXnWXEBxZw
6.926377,13.086346,1,0.09036124115294697,UC5aEhB4qXglWYbOP7lb94FA
4.7864027,9.610006,1,0.024370323605902577,UC5adToZwdzD65qq4TkHBIbw
8.270635,2.4667711,1,0.14078061846284895,UC5c-liGCQvgdB-ggkO1DetQ
9.43805,3.385336,1,0.149003865452426,UC5dcjY3aWgH87IS54MfTmpg
11.003857,6.1201396,1,0.12784803882163354,UC5eDMSgJtHv9n2dYRnpcLEA
9.803232,1.713169,1,0.15772526829054545,UC5em__jWSmKXXj5lmrkyAvQ
11.607925,4.578683,1,0.14763886755216699,UC5fs7NDS0LXMxyphy3okG9g
4.2741776,-1.2163842,1,0.1266057905608009,UC5hBEWjn0xHblxa_VpntCxA
9.764529,3.1005342,1,0.11223478319319696,UC5hF9u1xBTx8wKh9hE1LnXg
10.528265,12.192816,1,0.1345064906916551,UC5hZ9rSvywA7sdyG9pKIJIQ
12.558866,1.3710486,1,0.15937908214375146,UC5i1BZ2BJ_1mtpYKIF7QKrA
1.3079556,1.9283212,1,0.03470725259442725,UC5iNBq3th3BDQpO6dlGs-zw
0.4804552,0.7876497,1,0.1073556698913779,UC5mHOm3cx4BBvDNmkoWekAQ
7.909008,3.006585,1,0.14752287758500482,UC5n21EG4ZLzV1_RqK5bOGwQ
7.845593,2.434015,1,0.14188579306177124,UC5nO_u3qUK8DhwrQxTSh3XA
4.5458035,3.3048916,1,0.033443539648036646,UC5oM1NWo72GNZTmc3mGyeZQ
5.0156584,8.861055,1,0.11164523986998937,UC5pj2AEdQKnjU55Cg-wVtjQ
10.350386,2.6664793,1,0.14471518241540893,UC5q2dZ2RmyK1pKk-iJA3lZA
9.567835,4.2003083,1,0.1470749178670186,UC5s2tx8kT-IBf3mCnCtJkow
3.3072762,-0.014341016,1,0.1222277840017782,UC5vB70VlaMSe2DFFT69DrZg
12.122654,6.5590615,1,0.1469772816157109,UC5vvZ1pVezgHVTYtsyvDV_A
-0.043126546,0.12647331,1,0.07669303365749486,UC5w7gOfUIINxlBYz9jfpyJg
6.534369,3.6638746,1,0.1078336647002216,UC5whgfTi1uxBF4wuRv7fTrg
5.0678763,0.4793961,1,0.13534626267918243,UC5y0xv-7duPKoKPLjgpSpUA
8.088462,0.3472664,1,0.1595004590699589,UC5y5aLBPYj44j9cLhqLvE9Q
7.836133,7.108485,1,0.13549285987547977,UC5yZPfAo-iPYINF3_afqP7g
13.969808,4.1884484,1,0.16001768836951752,UC6-0sqmV4X7qGsEL6luxHlA
12.526502,5.2354684,1,0.16199719547427016,UC608o8zcADaTKqLJ5RlHkHg
12.28737,8.080095,1,0.14376112828962562,UC61VZNNDf53zcGgaohUwtcw
13.572338,6.657306,1,0.154852593564145,UC61f0Gy1kMxxYDSvhniIrig
9.258039,14.185885,1,0.09172552426398495,UC62TjRKnWx07sWvUvMwqEKA
10.950423,11.29356,1,0.14163015186155253,UC63DKLqyQwe06Fqb-H5_dpA
9.675548,5.194169,1,0.14761505292154858,UC64MbaEbKlit8DXeUfJgO3Q
7.0094805,12.213765,1,0.00704889769392214,UC64RiOUiMOmEC5nGSx_D9Jg
8.711656,5.7688723,1,0.10610376509888592,UC64qjU9oXT4NZMZ-24uDtdg
7.362682,2.9058526,1,0.13411749474168155,UC64rDRGjrrL_8N55q77Fcig
4.2321577,2.6024873,-1,-0.01883979621559384,UC654iHwyqxCSDh6DXx7Zo9Q
4.4829288,3.2596266,1,0.040346479621328424,UC66GMbg71SH6DoCMc0a2Q0Q
0.7673974,6.6852446,1,0.05468708411314255,UC66R1qBWIAPrioMbXmqGJVQ
14.184663,3.817237,1,0.16431636082914014,UC6775lAYD18Vyr0_xT9VAtg
7.91361,-0.08229032,1,0.16129659995770246,UC67rYMrvcAISJLafiMBGLUw
13.435576,1.7544599,1,0.14946085075297083,UC68YlmC5kxu6gU33mPVZwpg
9.476512,4.321839,1,0.14688025379963315,UC68mcOGfZFMzdI2kGX3jwRQ
0.31502622,-0.69060785,-1,-0.09597158172317544,UC6AHdxUHk8nx4h_mB93tH9g
12.390664,2.6716273,1,0.16568913379130606,UC6Bz1DB99wSDyFE5IuSQ8uA
3.8436635,0.030275473,1,0.11148346571062895,UC6E7u8mMp3ccAjBIDLox6Dw
9.307534,3.2606723,1,0.13982397297093857,UC6F-JIL3kJpmdYaGhFWxRxw
12.283591,9.862365,1,0.14986811260714672,UC6HydYNXcAJ-2w02PyQORtQ
11.48376,5.947218,1,0.1305730997212124,UC6IPVLzyOcCl870YqCml_Dw
6.3044167,3.8306146,1,0.11089403135032072,UC6Ie9yG5HNoABD1sz7oM2Bw
8.7189,8.326335,1,0.14236823599849696,UC6KbEa3JA_BZixvZ2TB9yqA
8.570726,9.630734,1,0.12746895694624877,UC6Ls8FLzq9ClLp0fs8_y8QA
7.97109,0.8841785,1,0.08720554613629716,UC6NOihAZ8N4s5daUf6kPCRw
4.071512,7.005498,-1,-0.09320076266034538,UC6OyAAeXclPUfSXxrAMtEmg
10.42477,12.390192,1,0.1365130278394428,UC6QO4NlE5E9RDRaJaAhkK1g
5.4500346,9.694205,1,0.10050064896293726,UC6RUSSN_Z_YDT30BGtEFt8Q
6.9643416,13.601863,1,0.08190989617305944,UC6RtHzv-6pHC02m4QrNKNEw
1.9604318,0.5504898,1,0.08604470390315239,UC6S3qNL6FWV9muKRlDPcbfg
14.060922,2.344348,1,0.15963679542763543,UC6TgaFUM1kdhYINH8ZzE_0Q
6.2546754,0.19271722,1,0.14820840242034972,UC6UAQzp4bqwdDJmf7FeyZEQ
7.309535,10.22542,1,0.0988304989409684,UC6WV3j4sMlUhx1JK5o_fPrw
11.172605,7.438283,1,0.09303189492727759,UC6Xqg-0RPyO5ampqEuigqCw
7.8346987,3.8731785,1,0.1317122903391999,UC6ZCwWBZQm7I2308A2mDpFg
12.819826,7.708179,1,0.15718758313101416,UC6_JufbI6FsAwTa3EdkHT3Q
9.199183,13.242409,1,0.1200535971108398,UC6_su8-WzjsoowXTUNdCmBQ
10.828327,5.6267896,1,0.14561854207427216,UC6_t_QixcXNbYU7vzyF5sFQ
1.2215503,0.753029,1,0.1018796619692251,UC6avWoJ6ZsOxFvkozDYNSdA
1.878462,0.70081323,1,0.036586941016857666,UC6bYAwpr3B-4UEUW8l99HVQ
7.2938743,10.898627,1,0.09008559738741817,UC6bnFDmc7SzET3ZCtRoPBLA
12.729496,9.531439,1,0.14905757403403802,UC6f1RqNI_0MLcn8E7sf_3HQ
10.311163,11.837742,1,0.13280137305560458,UC6fJ8RpEsxuRUrUMD7UBm0A
9.086541,6.5525165,1,0.14441484664570348,UC6gWyg1Tfm8N8KKjKFh6kCw
2.0493455,7.7281594,1,0.03855925371253294,UC6go1s-xIqdUA7cLRMgGlnA
8.889361,4.75042,1,0.14765860667450798,UC6hBEBavyQUBFOmrSFKUb5A
6.9050965,2.6291661,1,0.08420693314836203,UC6hzVjMe6SAsO9bKPbduixA
14.598871,5.392535,1,0.16098117932013517,UC6i8rwX1tcutmOD6e3YmEDQ
3.176366,5.6284857,-1,-0.04385980337731421,UC6iFcNVNzw6BuFBXhhFqehQ
9.621944,0.015186516,1,0.1533094585170638,UC6iTV3pZcOTqDsj2av06aQQ
11.374376,6.7907276,1,0.15065768710102861,UC6ijYlBqUdwO8o2t6Q6T6Lw
4.3382382,0.5341278,1,0.1058507665352898,UC6j0zds21gc-vAyK3UoRItQ
8.015362,14.130734,1,0.0948006408410052,UC6lRPBNqMhMizaFpw50SW0w
3.7415833,6.1116424,-1,-0.09780153609213493,UC6lV6VuuP288neus2M62TTA
13.191853,3.49858,1,0.14855084522894324,UC6lgJxQP_5DIKMdNgTwKDKg
0.49246097,7.2180905,1,0.08066696938289214,UC6oCXyWQ3euJ17NcyyVVvnQ
10.118256,9.184517,1,0.14202824256751434,UC6ovhvd2Vi673O5Ha9BU52Q
5.615401,3.1609368,1,0.1009930453203538,UC6pOSsS5bNbfqTU5761s59Q
10.130609,0.9523878,1,0.15953954531771158,UC6qMCsx3sQPw6JPSMZUuzdw
9.822091,5.499032,1,0.10563878902708523,UC6qtZM95tKqhiUEC3I_Wgvw
10.913706,2.7246585,1,0.13153215074370755,UC6rDCBjaBOAtuJTBhSUUuRw
3.9140894,5.679209,-1,-0.11565855471204856,UC6sBBrdwoOiKozAC0m9tVnw
8.489109,9.474199,1,0.12927982420173323,UC6sdQWmyPSfDAExfX2PGAEg
3.2569861,0.87999773,1,0.08443850948345,UC6uVYJChxOZyHzebID-Fz6g
3.797544,5.7394543,-1,-0.06968116788398704,UC6vCr4E4rxWGyoPzLxnP4Ig
6.731796,3.707809,1,0.13687399520574411,UC6wUO8f5IM0ZtGfdwUBZXRg
10.281085,1.1016043,1,0.16310777971849083,UC6xhFw_JuChyPaD_UK4vS-Q
12.704719,2.8399756,1,0.16030753609718523,UC7-JMqy2bn858FObKykUKRw
6.6763887,0.5190934,1,0.15115961615760914,UC7-VeFEddqp3kYF4qTEmgBQ
11.870447,1.420521,1,0.16260601142019177,UC70kw8IOdRbbEfKnYlSI2bQ
10.742062,11.472145,1,0.14105235398821325,UC74FShHozIYkwzmqHf6HLuw
12.636817,9.885042,1,0.12181586645768178,UC74WFSxB3jgqjHmxw1TeeMg
8.6546135,13.309085,1,0.11728824427189444,UC74tCd0BCk90bxYx8_SRQuw
11.6863785,2.976085,1,0.15838676722858774,UC77AmJ-pGTH7kehrRW112kg
-0.36172986,0.85462755,1,0.11164025605905464,UC78GS5rpJd7kikd5Rw6MAQg
9.949392,9.375569,1,0.14195978405934379,UC79VfI_KYuCToVp7OAOrJZQ
13.0018215,4.4767175,1,0.15633789423525402,UC79fBLH9Y4rwOF5yYPZmIFw
9.271253,4.816309,1,0.14865236882386962,UC7As1Gp59jLNWOeUWVyjOrA
8.351176,0.9185057,1,0.13647254780113127,UC7BdIUFT18MPHmSA2WL09pQ
11.643666,10.348088,1,0.11462423103044567,UC7DPOUD6UtFBkmgmEkMMihA
7.6114864,5.504921,1,0.14499375874821285,UC7DUl54uby1kgU8lQrJcrhQ
9.129032,4.1394634,1,0.14153389375000153,UC7F0cTeOtWqr1xfFWAVASiQ
9.430698,13.133858,1,0.12262245102898117,UC7GMWBDGjr-4_C3DgYiQbIw
13.698416,4.578616,1,0.16051882824241465,UC7HFQmnGGXd8bDBPJ7pmfmQ
1.2521358,-0.68104076,-1,-0.06605476629869234,UC7IYnS66R24-XwUR7gdxYlQ
8.619312,7.683891,1,0.1541720795729885,UC7Ic8lvjPqqwCNbtpJ_toZg
11.36698,5.24632,1,0.14436391675895605,UC7LWv1EMV_oazncor2Bs4hQ
1.3250718,1.9775634,1,0.01581815438183154,UC7Lsn0GF30lPeyvmp-SUf4A
12.784401,3.3642821,1,0.16519273794465922,UC7Nn2LPIbWPfZBvG9T0atCg
12.752122,3.9466274,1,0.1582184456262679,UC7Nuq6vWm1wWwmWFvqATaCw
8.420071,6.5446844,1,0.10020256228203872,UC7P5m5O6Ei2CacES6tiRGVg
11.418135,4.1702795,1,0.1512448922641918,UC7RYehfeXhmAy4-tPluPrOw
6.309171,3.1109018,1,0.11084973954954352,UC7RZl2LQ5EipCtuG9NK0lhg
0.6443372,7.342347,-1,-0.008582293877575808,UC7RwKs1359DW1pf7yWwfylg
14.583536,5.4922657,1,0.15660256323498278,UC7V23X7ASxoDBxXo8kgzlHQ
1.0283935,-0.92132914,-1,-0.16749755524008414,UC7X7G6T9Qra2Ehf8l61iyeg
9.115337,12.18111,1,0.12177041308231151,UC7bWUQP6sXnrz_EmJkj1iWw
12.202714,4.4639015,1,0.16230803575802083,UC7bY4ZYmRgqEUkT69ro7eeg
10.451929,5.308753,1,0.15293025103886299,UC7bnkYpXPdmyu0Aj7SQCgDg
12.625945,9.200079,1,0.1492020677564606,UC7c8hy8BwXvS7IplJuBXq5Q
7.0548453,-0.55085146,1,0.15781823336099887,UC7dVsiyJVPNLlEfnOQARrTQ
7.3544436,13.18702,1,0.10698258224648177,UC7fY7MYRqJX-Mw5iwr1nlow
10.1360855,5.342576,1,0.10157124094816955,UC7fYBo-qbr-e9RK25CGqfkw
8.794543,6.3660955,1,0.13082873450161148,UC7fbSuuLNc893O6_Jn0jzoQ
3.470933,-0.45817432,1,0.13363626895949532,UC7gwNinqwqxbdutEeuDEgAw
2.738128,6.233842,-1,-0.1133097797796977,UC7hV6LtH6GD1_wggLpZlMpg
1.6353122,7.5612516,1,0.06876863938466765,UC7halm3jzebc_q0sQUs1LPw
12.072117,9.471695,1,0.14448678884891242,UC7iHaDNj9YoPJ3-xHlMsG_w
3.0294297,5.5956597,-1,-0.04436953630262663,UC7iTI44nyA4mNGO3yv4SOsg
7.930766,3.7745302,1,0.1325844119794386,UC7iUr7ByRqKJeRs1hZEqwpA
9.349721,5.8581243,1,0.15068119047451367,UC7jP5PmYlmh97umGfVnrNww
3.0802662,1.3506702,1,0.12530468647456716,UC7l-ReHmQ-vmmgUIqw1IEqw
9.488873,5.8144045,1,0.14596611830079265,UC7l4tDRQJK6MvfiCoUvbpTQ
3.447449,6.162488,-1,-0.07310054614132555,UC7lDXRL5vZt-yRF3BCPu6IA
12.778548,5.3335915,1,0.159127833742707,UC7luQxKQrI-LcB69hiPgy9Q
7.4716096,7.812747,1,0.09301160367828848,UC7mUW9Us-WPBl-Tm0mH7cPA
9.136851,3.6126337,1,0.14375321397908492,UC7nvDbIO9Q7ZwmskhpC0fwQ
9.87428,11.508057,1,0.13616910805765503,UC7nydkMEMjHIOHVVvXe3A7Q
0.71968067,6.842355,1,0.06963878332613271,UC7pg904ryeNYNJsVVLR4Sgg
7.701288,13.325662,1,0.09784766538487588,UC7qqe8CihxjtaXb79-C0WFA
11.019266,11.616255,1,0.14378572444259058,UC7rDdDWLKpJ8slc33kA991w
10.100313,7.0849667,1,0.10183991990122204,UC7r_jS3XLZu-QFgIUGYwiiw
8.021007,12.586809,1,0.03213237897895055,UC7ss4YV7qGsx_sPfo3R2caA
7.819738,5.310063,1,0.14532042683059815,UC7uTn5RYQjqF1hUV4txYm5Q
1.2575341,7.896679,1,0.0799225641016656,UC7vr3LZULmd5KuGcisMrMzQ
5.363008,9.878216,1,0.08885752486942394,UC7zVlvrs_Uqc8rd32FCXGtA
12.877683,3.1973588,1,0.16170512750876553,UC81iGvzVHDDpGrTI63n_DVg
13.370843,3.9276905,1,0.15748488802463212,UC82CrDe4dMsfUwPjQN_3k0w
10.664986,3.523173,1,0.13711243454786387,UC856jQ19ooOGZjUs8v-JlxA
-2.0482898,-1.5257268,1,0.0001816788141454917,UC85nuGLJFY-M0eyEs3LcTBA
11.431918,2.2968132,1,0.1590187381189897,UC86ElgDU_mispgIMab_SVzw
11.699552,8.509968,1,0.14632817300262918,UC86S4UCiVamj5iLqsdjX7DQ
2.229633,-0.30311367,1,0.13326418083307773,UC86XsdejS2XfwxoYWfepHPQ
9.592062,5.4431095,1,0.15157788534493738,UC86pnWLjPLu-gHLrUr7Zs3g
7.825645,14.052241,1,0.08471923248063468,UC8717GfKidzurrq1pHO5BOw
12.046954,7.750241,1,0.1320589616616405,UC87DIrva7SxY68qjqXw2fVQ
2.2648575,7.028644,-1,-0.02497558574847214,UC87qHreU8T2aEw9Cd2GJ06Q
-1.3152018,-1.3450307,1,0.059255262131507114,UC88Mayyqdzypt-avzbyapSg
6.544976,7.050378,1,0.05351787077571757,UC895dogyBMHai0816Ko7pKw
2.8421483,6.8367743,-1,-0.013405653767829762,UC89z8fybC4G3CAujFCDrTxQ
14.839474,4.9751625,1,0.14397495979715347,UC8BFlm9kWiVWNScc_NWSRow
11.653884,7.523522,1,0.09151092526586213,UC8BnLISTjGRD5L5BTAzz1aA
12.99129,7.46071,1,0.16019313776070432,UC8Bo7fR7Ju87SSuBftYPYww
0.3420144,7.3792167,1,0.07141933644177023,UC8CAwrilPdOe1Tvl6u9Q62Q
8.268691,12.373238,1,0.026295197777565282,UC8CidO3_doF3ay2xSyHNVvA
13.388879,4.9360137,1,0.16557090142272174,UC8DFXsqqMkQmq0YSJtfYYtg
10.14697,2.336773,1,0.14127570651130344,UC8FOOSJ9E15HCQXTxEtWxdw
10.661094,11.225658,1,0.13043707645489172,UC8I4eIk2ttQkhrH2xkiQ7Xg
11.015094,2.0953202,1,0.15758134442713884,UC8K914ktRiWW6U24xNjUGGA
5.749194,3.6380668,1,0.10788602626335841,UC8KZbe3eimh8G611QaQtgIA
-1.6679506,-1.4245958,1,0.06434710556706352,UC8Kw2ASMAjH9E7TRyuZ-4bw
1.1578463,-1.19197,-1,-0.02906683987094416,UC8LCYq5dRjj177Rh-maY6CA
1.6182519,6.0440116,1,0.0010542942727524984,UC8LZcoy_lluHGqQqNLUz1eQ
6.3454065,1.928376,1,0.09672863270670462,UC8PE-cPFP6oJSudk6ezf71Q
-0.6000776,-0.85090494,1,0.0900807140130957,UC8PPzBD52fFX88zt65pwf0Q
10.547262,11.31458,1,0.14331988382668204,UC8PqonHPepD7dJGdotlTzdA
11.572685,8.565852,1,0.149367962040803,UC8QE1hwQ7hTPzex_V9ElfVg
8.584777,13.712465,1,0.115058483196397,UC8QLDWJM18dx9WvosvQiH-A
5.128573,10.564205,1,0.006489444442234649,UC8R9BNF0dOmEbP-2R8T-M2g
8.149618,13.932106,1,0.0957448318058719,UC8RwDfK9sKEveKtSpT0MIJA
7.0609226,5.2508593,1,0.13171893959430198,UC8SjIn0tx_Kpf20qfQ4LG9w
7.9355807,8.067211,1,0.13673296735136314,UC8SqVJZAXXm0SXhP_1G7eOQ
12.669011,2.8138607,1,0.16071602303101318,UC8ULaeJmdcDvGY9Jj5gkdTQ
5.935615,8.511998,1,0.10449689055449402,UC8UuJpP1hlJgHyp2vwxm2nQ
11.899033,8.924725,1,0.11816528937265036,UC8Vyp3ZbFNthwN0f6m6kO1w
9.626511,4.6748815,1,0.1476885111118843,UC8W1IWY3FwFqQmbdGu5BCww
7.645128,-0.50820136,1,0.15349523765813855,UC8Wc7_4BVViYV51vB-EO7DA
10.00614,5.838234,1,0.10064693934370805,UC8XV_bw2TOLvrrgxyoVOCaA
8.528378,7.275543,1,0.13744147913449972,UC8Y6T7EuToAWvV6S4DAs65w
13.190869,4.69807,1,0.15866790292137767,UC8Y7E0w7LdcsyMerXRZEELQ
9.7282505,14.031036,1,0.110192351696696,UC8ZQT4qBIAXbnHoVVBvmn8Q
6.5144243,2.9002497,1,0.0412362501185673,UC8bgwskNm3PinnLRogsWHuw
10.002867,2.20741,1,0.15871894318819596,UC8bzNsH5sNaMgkaNPQDHdyw
7.2060432,3.0971286,1,0.13875980288940498,UC8desUWqq_1htmYNBfpvGgA
11.108831,9.732249,1,0.13074050821434152,UC8eDQ24Vmz9OCxHix6V2i9A
2.402597,-0.48494163,1,0.1324538030552722,UC8ePMpIpadjvemT0x2KEq1w
7.6972313,5.624384,1,0.14669828271083024,UC8f0rFzClsfWN3UmEPP426Q
6.9869447,11.208873,1,0.09814588744191793,UC8g4p6UXi7qpIoVAS5ZA75A
-0.019941682,7.3901258,1,0.0869643407024846,UC8hkAI9yLo-hWYPMLEVOigg
12.495878,5.35509,1,0.16109605681211336,UC8is_9-Ip2WkeMx-NcN6jJQ
0.9749489,-0.99789447,-1,-0.11710977291756064,UC8jd5Od2Z0JaF9wsB40VaDA
11.195642,4.756626,1,0.14520368281232304,UC8jw4cyRm3WhgYZeBcyPiXg
10.227499,12.61664,1,0.11330743855341685,UC8lj3GnciSgj_CKIPLF0Xnw
8.701767,5.946072,1,0.15856393903908383,UC8m1iUmSTLZBkqg-ybCkqhw
9.076585,7.4796705,1,0.13527123501953087,UC8mcpxzInjecz0z2oIoLpFw
0.9573162,0.9969603,1,0.11715832918232261,UC8npnXRk3594QNQClrfrPwQ
6.409272,13.098075,1,0.04861229377306148,UC8oxq9NB0rXBfT9_8zxDLXw
4.456111,10.081687,-1,-0.05528508802267118,UC8p5pTvsPgNTSDTFm6qAcOQ
1.260517,-0.9778743,-1,-0.10727828362073177,UC8pf1GjbgLFCggSV66hEQHQ
13.972698,5.7648067,1,0.15809188340099162,UC8q7vqg4A8G-mTJF2Iw5rPQ
8.001695,7.3044806,1,0.1332007953291589,UC8rF1hiZtJUfQDH3gTbBaBw
13.764079,7.219983,1,0.1572306548960456,UC8scW9SpxWDXHLrNtQwT_SQ
8.98127,1.9941031,1,0.15014402391106085,UC8tmn5A9Gf3IqLfuD00Pbtg
1.1917273,-1.1413039,-1,-0.07518532510046294,UC8vaB5oqxQUV2sTFN4-zkJQ
2.0229723,-0.035757687,1,0.10592683976425349,UC8xUTZbTcnm6fV9RFkUMq_Q
6.6471825,6.4746933,1,0.1355837728077569,UC8xwzIXxCNxDFWOYh01QzDA
0.09529628,0.99462444,1,0.12411630472030383,UC8yxWXFOE5cxvazDaB2YovA
2.9097154,6.6639404,1,0.0026940096981903916,UC8zCmHaOvKTnA32rXL-Qa0w
10.891985,1.96594,1,0.15971358048189394,UC8zP6_lbEir3iJ9XF-smz-A
6.182382,-1.0766306,1,0.15206581500742206,UC8zm9Jr-MzctGPVwbUSG1Sw
6.9456997,8.168792,1,0.12668328604587598,UC9-b9sdsE6uRm63AQqEIS0w
9.487779,4.5934114,1,0.10764490987435338,UC90ew9zUWFd7lOSgL0_SrHA
8.438853,13.425028,1,0.0982277564686424,UC90zSMndNMgIZ8uNdEr4rdA
12.454207,4.5688295,1,0.16129714124187627,UC91WqQFsNFl1YB4PMamGOhQ
5.355796,3.4844573,1,0.07432947356828051,UC92OdpEh1sy-OuAd6geyGXg
5.595678,3.1829555,1,0.08442256131557169,UC93AYYx8O7_wKGtIpeBEXJA
12.453456,7.006019,1,0.15244778871127385,UC94Fn4BR2rx72m1q4IfKBGA
11.767999,6.8698125,1,0.14404480052779922,UC95d7DIbyJ32qYidbI0fyyA
3.950237,-0.13185361,1,0.13322615985971564,UC95v2Sac_BAmAWGAgUt0Rzw
13.141555,3.9510157,1,0.1652892935509323,UC97Qh3rU4YJVVPi0zL9Z8pA
8.062173,10.960538,1,0.11371597316778431,UC98I2SkFcD73Lx8b-8ZjQxA
10.833206,1.8444062,1,0.15960756576160146,UC98i0C-1jDfCO3zIUJfdBdA
8.571608,7.309801,1,0.13526809194143113,UC99jvrjs_qCb8Ko2lkDTWfA
11.220308,10.013681,1,0.14013469473824575,UC9A2XqHl8WszXfOvwmygTYw
12.49018,5.2314553,1,0.15760394518485565,UC9AgkxjklF7AgCPfJHs8n3A
4.9014325,8.498157,1,0.1008036974751993,UC9D-ZwQzXEEvm5AuEgFnI4g
2.8234837,5.97367,-1,-0.09931343843845442,UC9DV_i9rRNOXHO1WN3k4kWw
11.777599,5.38959,1,0.15701375386176508,UC9FoTn18uusGNabUFB1dvSQ
7.4600263,7.861014,1,0.01967987456255582,UC9J-LCaHVtR858a3JBScWXA
7.687916,-0.09901487,1,0.1477454497514285,UC9JPyIBPSi_EIMgDqisVwRg
9.287812,6.175795,1,0.1395055852014282,UC9LES9No7l5T94n8CuZFozw
7.7115293,0.032584075,1,0.16034099051971878,UC9MLHh7O4f3pROQfkmWMU2Q
4.250016,3.0380175,-1,-0.01850173794358556,UC9MN_c4EADW5XHtolTlY1Kg
6.9930315,7.182545,1,0.06357431529271368,UC9Mdofy_wqa6XxhIc28n8vA
9.634437,2.3001702,1,0.14738996983630426,UC9ORV__cLL7-lAkdwbEgNmA
9.7692375,5.645522,1,0.15345679123561318,UC9OoK579TBNaJQK-6L_ITkw
6.9715166,13.169962,1,0.06228452046246863,UC9RU0W6038nJJYKDiglcw_g
10.107745,12.502205,1,0.12081088197963535,UC9UFhr7c23xG9SHgLYJcpdA
9.957105,0.47254956,1,0.15122665188569195,UC9UIMfirtcsVUmOu1e-cqog
1.7061545,5.9025393,1,0.05166367762633145,UC9UZbofP6B9j7zCFYYWJdhQ
5.9865336,2.964926,1,0.12215467667803348,UC9VNqwPcpmfUq7baC6e_Xww
0.46110123,1.3531721,1,0.09529050249823218,UC9VToXRWBZTC6ZzGuH_Q13g
6.453517,4.040257,1,0.12854201954495398,UC9Z2iRoiuBRGlEGKSp5aX0A
4.6637225,3.4070446,1,0.042751030222676956,UC9ZAL-3woZTbhmSMphqV2tw
9.957811,1.647466,1,0.15815797251291897,UC9_19pECBe7OK-LPTt7kfCw
-0.64147294,-1.0936719,1,0.07953345672265855,UC9_QFb4LYFe2WoUV5-FAkeQ
0.8542379,0.6555616,1,0.09084460256348187,UC9_nhEkB8_81m5eqZr7duTA
12.323828,9.069331,1,0.14949055106428888,UC9bHnZhPsz7lELQdOlI8HUA
7.180105,3.5677273,1,0.011967372137357657,UC9brqiMi5bCnRPE6d7ZCUag
10.079784,4.093226,1,0.15110166113557993,UC9csDDQDexOZEFPkAwb2tvA
7.5768557,13.533754,1,0.11007722421391214,UC9dVgbM0sGBpiCR14hyKU9A
8.029079,5.5108075,1,0.13599299649191698,UC9eRRf9gEynV4wzE3z5SJwQ
8.809183,2.3266351,1,0.15212296455929858,UC9ecbVMjWhlD19KCDkZQLcg
8.895069,0.2229135,1,0.13496494980336743,UC9fyQcu11s2Lvo0n5aR7JXg
10.097894,0.7415274,1,0.1602275421608516,UC9hntnMFZcvNFpyAaJDrdow
11.642064,8.072661,1,0.16036462063335327,UC9i9VL5oQ5Y89P9gf95w2rw
7.582441,-0.5492914,1,0.1550063203614087,UC9jV35h-F5yHW5-WYhGRsJQ
14.483817,5.186271,1,0.16277722625680285,UC9k2_CYulDFOXmgtlc3Zp4g
5.1328506,11.086887,-1,-0.015149246613397671,UC9ktLYdqdHILeW8x5X1OmzA
6.8929973,13.849157,1,0.08092909211969379,UC9lbZcM5g5kkddI0aMkCe8Q
-0.033478294,-0.7809464,1,0.007692579399553812,UC9ltqPiwSyLlyyl1Dy3RGnw
10.227653,9.327053,1,0.12616267025407846,UC9m1oHRQfWrWc0hnNtX0Jew
13.232854,7.816087,1,0.15699627886716144,UC9m2PWKzAW9agOCbCNXgiQw
10.309433,2.4944527,1,0.1367234269209347,UC9mqNHYybS_Ym0BO8jmqesQ
2.8749702,1.1711609,1,0.08400602609316316,UC9n0ucXLFsUad9ZVILZD2CQ
9.903057,7.754589,1,0.15578194482898566,UC9oSL-zMWiaNxQ28JIG_K0g
8.909129,2.145923,1,0.08941033135165827,UC9ocoJzAYQ3kjZbxr1Ia6Mw
13.356523,3.8758872,1,0.1547520159524135,UC9pGMK4ugyFM6FiDDJORUPw
12.718585,2.2828758,1,0.1614700953615371,UC9rDURdPGVcvZuYLrLGKkzA
11.933864,10.723816,1,0.1414501936254547,UC9rNmcNlmTLBeKe2vqx98Lg
9.69866,6.9612036,1,0.138056049455206,UC9s8UzFLCBKVmwrYnkOEiJg
7.682184,2.646263,1,0.14769189427253193,UC9uVdOMCsWvOTElzE3e--QQ
10.542635,4.3032255,1,0.14936848361101318,UC9uZJd0lkwJuLBOyKdPg0eQ
4.7954817,-1.1894567,1,0.14051948800301567,UC9ubK2iKe1SuvfzbeUF-2Ew
9.764661,5.532196,1,0.04128011661326547,UC9v36oRzfmPVEIvo9-w3L2w
7.6362357,13.406417,1,0.07226264697191775,UC9wSfcbymWt3iZgaQeFRQ8w
8.454237,13.686389,1,0.11307214481567884,UC9ymYmlkc3DCNFg58tPQiJg
11.919178,5.8325367,1,0.11609561343513208,UCA1uGM0bo9ul-OkN-do7TPw
6.943807,9.034091,1,0.13444580174649923,UCA1uZ6yNk0MDlmlL02SE90A
10.504306,4.7726054,1,0.12952357608570858,UCA2vr_mab5x_tl56R3fNPKg
10.062219,12.208401,1,0.11434681807777591,UCA34qLHakUMd_oVLWwlwZVg
1.5489869,5.8397446,1,0.006759404413808234,UCA4oIm81v91S8vJ6Wnyynwg
9.417456,13.207334,1,0.11774164195097103,UCA4soPNWJ336GKa8NGo8J2Q
1.412724,5.9458976,-1,-0.028814106385774862,UCA6r22NbJ88uc672iZlFFeg
13.434238,8.323827,1,0.15335383021647064,UCA6ra5i-3ju5OfeTSPd7hhQ
1.9431489,1.1908423,-1,-0.011870118172761623,UCA8yb5OtZppnmuwBqUnAPJQ
8.368275,13.805674,1,0.10321736065587622,UCA9sCaTAliLuZ5_pKugL8sg
12.40801,1.2494285,1,0.1544864981877449,UCAAyZD0j8WFRCmqW0VWZkqg
9.1587,12.54775,1,0.12717239625490323,UCAD-wJutlrwvaU-SIP045lw
14.978913,4.6046467,1,0.15969440715752775,UCADrB9XMjnNB7o0Per-ePPQ
3.3774717,0.17332518,1,0.11824285876943863,UCAEXuCLh5JIM4ResNk-543g
11.181184,10.000628,1,0.13619943638674908,UCAF2SpNe25TsaNSMo-_avkQ
8.504865,3.633938,1,0.0965736818274584,UCAFB0tUYdwlKJ8p2CE1U_Ww
8.183634,0.111817814,1,0.14846964538361923,UCAFbj6B1ugyUfqar0q0Sl2A
13.335437,4.1338844,1,0.16215793648058519,UCAG2KSvHOq3wM5UhUnOd9Hg
13.357469,4.692493,1,0.16315501575780772,UCAHiK8RpEGPmJNwHYdW1Cvg
4.149535,7.485727,-1,-0.021390494461228315,UCAKggySl9ZdokP_q1GGvNSg
3.0762403,0.99306256,1,0.012198068179431476,UCAMo_qgoQJcEJQY3nmHMGkw
3.9352481,-0.14443792,1,0.11198600629473499,UCAN4m_N1N376qwO2n3ZgAXw
9.392738,5.6747804,1,0.08896141830849014,UCAOK9QQdvqTXPJEbZTAlJmw
3.0675013,-0.13467619,1,0.1310680977344526,UCAOQYZXcweb0brCj9A-uldw
-1.0782534,-1.3753313,1,0.04728467624203175,UCASIifKs6WvO2WwQe8luAAg
11.885421,3.000444,1,0.16375909123565147,UCAUJoWMicKCLyzfv6jlccwg
8.66621,10.34429,1,0.12884107250152405,UCAUOD5xx6muOmpc5VqOZfTg
5.246291,-1.2988957,1,0.12806350952354995,UCAUcshGYx9HNwVflYIXGCbw
8.773153,13.102963,1,0.11290385982713358,UCAWm_L1YvjANZ-VXJaAE_DA
12.804453,5.942227,1,0.15192506277953532,UCAX07OUOngQNbmkLcqUHc6Q
11.642901,6.3574796,1,0.13539803649656795,UCAXVhnopwiAQpShjhUQ-Pdg
9.253166,10.212138,1,0.1349087276693512,UCAXh7cKLaTmfV7LU2DOrPxg
10.243141,3.522292,1,0.14659419668803125,UCAYM0tS4Ev0MMGKGjde2hQw
7.0601897,2.0305786,1,0.1298041918739607,UCAaU7tz-UfP7GQMGNnG5_8A
8.760964,1.2329209,1,0.14704225711229763,UCAbgxASDzupy65LJeDTYeaQ
11.666123,10.412367,1,0.1437960663695,UCAePXvgwY5JRt16MtP5zrqg
7.7779593,7.589365,1,0.09421119231625463,UCAgO97nOYvuhhcLmtPc2aEQ
9.419181,6.0574064,1,0.14868228061501243,UCAjhTOmMT99N1YzDr-gKBNQ
3.3764105,-0.56934106,1,0.11395637829771843,UCAk5oi5nMMyk5R_wgamFfkQ
8.880332,13.003612,1,0.11978642195867911,UCAmMfDSFgTLcXjotPHIPFWw
5.1085,8.26757,1,0.03455644122507934,UCAm_4xDZcBHa28RHeqKABgA
10.808829,5.5975084,1,0.14515582014517503,UCAnnj_4dqYKB_0xsIJ2vthw
8.413944,10.50295,1,0.12116277829790878,UCAodV6aIILldl3P4zjSfSYg
6.914007,5.3315644,1,0.12816716387810084,UCAopgKsa2GvA1Mf3pikD7lA
10.586239,4.361879,1,0.09423576170492082,UCAqYgMES6ZG1CPK_kfgd_-Q
7.107311,3.129133,1,0.11557028106582506,UCAs49XS_oOqCeo99NEuRHVg
2.1256661,0.028956702,1,0.1252643905476276,UCAuJXo3BE6qsgOQAq_ApOpQ
6.529925,11.364107,1,0.07936384422752824,UCAug43P3rkpaJRBGBDq-pZg
4.2780185,-0.7955153,1,0.1481734698208207,UCAvjFYm4h-TLEvucfjiFDFA
-0.39760447,0.53387326,1,0.10626385848813497,UCAw4Rw8UT5JAIw76fPdQYmA
7.189345,0.059555553,1,0.14715998373741312,UCAw4WFG-uhugjVTM_IREEgQ
6.817433,9.688051,1,0.09435835976982476,UCAwtL6d46-7kj-wIG0jtHKQ
6.1680093,8.439704,1,0.1285191527501094,UCAwvA7OVxnoYCN0qPvp-y1Q
11.52447,6.6180243,1,0.14665408689828258,UCAzKg4xGAnkj7dyEmoVeOMQ
1.5581282,7.890944,1,0.06913727337111408,UCAzmxb-aGdxEuuXQHtOJtPQ
7.1400223,2.6392987,1,0.13041276112908168,UCAzn6BC99RNT4cdzNxQPXig
7.974651,4.788937,1,0.12320792829298594,UCB-E7le4rWSJKHbF4vqC0Gg
13.439777,6.7758327,1,0.14793384714010444,UCB-MBnk6XuVC87HSSnkofPg
1.0281093,-1.0244855,-1,-0.11246924627704269,UCB-r_XzE_9LeQOelD__d9nA
13.522858,2.0130246,1,0.16149954912099868,UCB0zSUXPYQfGT55Pow_GEEQ
11.767327,9.245766,1,0.1241518177494782,UCB2BZSYssUrn-MAT_u1gIuw
4.3741364,3.073307,1,0.025447080418207646,UCB5g27rz7ngDx8K0vhv5Bvw
7.6425557,-0.3650347,1,0.1590153623187588,UCB5uwyuPUUGipThwdy18A5w
11.779453,2.5315895,1,0.15343489712797564,UCB5yKRjHzgCH4oTqHsFncqg
7.167271,7.6427493,1,0.071234687478753,UCB6YOHE115rfDo5PoGfXoOQ
10.196303,5.6021857,1,0.13648040972507786,UCB9DWxQyF_zrNfSVq_roYsA
4.7016253,10.451278,-1,-0.07520779656884569,UCB9EBkeTe_kngYVXitoPblw
11.826536,2.3781185,1,0.16274849780003353,UCB9oDZDawozevm3LzDcbY0w
2.9488766,0.026785927,1,0.12454754238499238,UCBAEMW6blRkY2UE3vsBM0nQ
12.486548,6.156422,1,0.14834426933032646,UCBAcgAjmTzxICt7ZbfcW0Rw
5.2491865,1.7038721,1,0.11000659279159664,UCBAg5RJVtoIySvpvAaMdO-w
4.6319127,8.718097,1,0.06529182143199963,UCBBvZ9jWvpU4An_-1FgOyng
11.884781,3.1752248,1,0.16384657352216153,UCBCuZiu_Df1iF_S1jCf-Fig
9.643025,4.4328856,1,0.1530018026320623,UCBJiCKGqeqaIxxDDKSKsF0A
4.3626895,3.494133,-1,-0.09551481934652717,UCBK1sUZO_YGojC9dsH2Etnw
10.324789,4.5958915,1,0.14891176967046377,UCBLU7CKnkpa1021wvqZnnFA
10.093022,7.7258577,1,0.14066535973576477,UCBLeYZcUhw8B_aOfQrfDw3w
5.3553553,0.97254384,1,0.117036162580343,UCBMgDSiu14js6H6zq5T14EA
2.819187,6.581583,-1,-0.017464600978646994,UCBN-K0VQVfgfj64c0gY1xxg
8.597557,0.9298843,1,0.08904501595317099,UCBQBN3o-auWYncjheyKZ26w
10.457106,11.998546,1,0.10162348725495257,UCBQBSTBtYk7WKUlEilNUhBg
8.749979,6.4963946,1,0.10400971849061125,UCBQLSyQg_J-IZyenXuOyBJw
7.0708604,1.8375227,1,0.11508139430277481,UCBQnPTcvyxcqXvEER1N4APQ
4.8220663,1.6061624,1,0.08892053279130352,UCBSF7r-SK47FbphYpCaI18A
8.218034,0.88213855,1,0.13807621532267117,UCBUG52TcRk2our-apB6kT0A
7.995735,4.3176003,1,0.14279481492865265,UCBVBp9C490z4OF5Hb8Hi2iA
13.443771,3.844551,1,0.15919813039696468,UCBVgvALLbRbZq5ZHcF0j-kQ
5.258159,-0.5145541,1,0.14132027648715673,UCBWiEHfYf4rUVN0k8WKx6Bw
6.806524,8.671826,1,0.12799995425008331,UCB_-7iKYhryvuCwVOZjLjyQ
3.173932,6.6941032,-1,-0.00900064416495272,UCBcVvd4jvx7aC9smT59ZOuQ
5.2033687,3.0811927,1,0.05378660751130393,UCBdj2yDh80KDz4gbaNDFDHg
1.6844444,5.840788,1,0.046465370806431816,UCBe-0vSHIhA8Wx6xqQ-Y0LA
14.15748,2.8452373,1,0.1529230880551486,UCBffLFQD8katUYew-7dSgUA
9.536523,2.9126978,1,0.09118654632401668,UCBfjfZ5KxviN8jrMFN_k9_A
10.010737,5.036317,1,0.056394481175359445,UCBgAncleUdGK-ofhWudgsQQ
10.148393,12.038268,1,0.11475499812053147,UCBgN2ztjU7ZFIFgXoWvcRLA
13.277239,4.78709,1,0.1607608310967687,UCBgpP40ca9NXdbyZj3lNF9g
4.1250935,7.599517,-1,-0.04017801413658029,UCBhVMNGLRn_VA0IPYatqf3A
11.261967,0.9281414,1,0.15921957681477872,UCBhqJ2KqpMvHCaD-a-q4b4w
9.5910225,1.5532045,1,0.12665490384093303,UCBi9CFPF4ZiOKMBv-Kd6q5A
12.491674,9.188501,1,0.15606297911869665,UCBiGW-Vgukkw_n7M4PiYSJQ
12.225231,2.5058026,1,0.16490248118590584,UCBjEQQUGgIH3QOxOCjovWkA
-0.43134114,0.64522153,1,0.11156274377937792,UCBkCTVdl87z6FidwHr06s7Q
12.793668,3.8956177,1,0.15418283833459895,UCBlZ7uzSxgc4i6x27ccsaeQ
8.302208,10.249536,1,0.11290702791724033,UCBmZMAj3-h5yYDye2l4dnCg
-0.7117967,-0.5542422,-1,-0.07791473856285291,UCBokKzzfSbawYpd8cLyuWgw
12.600964,1.2424039,1,0.15458110789519475,UCBpWlER5Lxm1d6kEmaZhbdQ
-2.38215,-1.5843778,-1,-0.08748423583368714,UCBqRJ1dhDNbgTVkDTGfZ7Gw
1.0053328,-1.0931236,-1,-0.05671566779251214,UCBqc0wjS8LZXPza__W3R-ag
0.3339992,6.2052064,1,0.02406010147029769,UCBroBYphdsNaMkT71hpL4iA
10.111208,0.9204835,1,0.16272234299694927,UCBshpJ-bCV2i-OQhIRVzyqA
8.954658,14.303682,1,0.07304301167767424,UCBta2_DUdjgqjacWO89bUYA
8.105724,10.622188,1,0.1255597270154361,UCBuI2GcON8MkVlQOej1r_XQ
3.8698857,5.9929156,-1,-0.13145608000116993,UCBv9abEQU1fwOwLyZ0ipgsA
8.450303,8.042144,1,0.14807702037290982,UCBzAJvJ-QqHnb4w1jyx-WTw
2.3498168,0.49318233,1,0.09669407758347542,UCC-b5VmHTdLq5BmTNRduU1w
10.2743025,4.8647094,1,0.11352743052831638,UCC-jP_LIL00yt4pRQVMY9aQ
1.6175514,6.942742,1,0.017335394814795846,UCC0PYKwfZleV0nLKHznCw9g
7.2924733,8.458018,1,0.14509300916040768,UCC1SXvUwgrkw4P5e8JmUjdA
10.625767,4.2024617,1,0.14365741972504337,UCC1nRgVTJTyobWW7XFhn6fQ
8.626463,7.7432027,1,0.1444080412914373,UCC2feCWJxxUxYUqKjJqEcJQ
0.34275928,0.5429415,1,0.04506792019532657,UCC2yhPH4Q9J9K4xr0bI3Cnw
10.109107,4.945358,1,0.10761195322272898,UCC319UDOXCc5Y0l5qzXapEQ
11.048194,10.482519,1,0.14158258034274585,UCC3MP7vnV0f1ejlx885GftQ
9.925547,9.044361,1,0.15191944092813497,UCC5PdCc2rfvk2cH_DWusvcw
11.28094,4.9088435,1,0.14521392192098137,UCC5V9ZwcDLOivazam0bwIeA
-0.6247838,-1.1847945,1,0.06054201358656308,UCC6Edg-EbQdSB-_i99mjpsQ
11.846776,6.8296523,1,0.14038780233486947,UCC8F4FUnUk0zwRpONNzZJXw
1.9962333,7.220064,1,0.07384351841307396,UCC8RTTIuqXlptNwsgyLiT5g
7.0693493,8.726652,1,0.14135667569142274,UCC8mTNqaDb7Wpxghc_p-nBg
8.61727,0.44753543,1,0.09761398660603549,UCC9G_M1MWEgRTWYdCQoo5-g
11.816116,10.857396,1,0.13929054556436204,UCC9JgWuu3LFV98968d-f32Q
9.187702,4.4361978,1,0.04628996316779549,UCC9d7a0W2GBfTAKiD8Q-Uyg
0.9091157,0.78855306,1,0.03652143680348202,UCCC6_3Ij68phq8gxXN7ePrA
14.869657,3.8971097,1,0.16065624472022244,UCCD_usbJs1Lm4kceySQEhTA
10.882002,5.986593,1,0.14620368959682206,UCCEHhMeUlHapVFHAds5AtvA
13.014077,8.09756,1,0.15634081330847133,UCCG6eFnrFvSOhEKU5-TzJWQ
10.387908,6.358496,1,0.1396235075680073,UCCHRRXAPC15Lfle1PlFm6yg
11.558812,9.937119,1,0.1532456731455874,UCCIf2S5ZIjWmsP1D5kgZ9ww
4.8582807,0.0036193791,1,0.08806864174052242,UCCJ5h_r49dHmnokZRhXv0bw
3.8969095,8.682768,1,0.03605041699390854,UCCJINsHPps35nZbNn193BhA
6.814767,8.932621,1,0.139471527246799,UCCJTGKOCXzYTkL4vn0qBBTA
4.893623,-1.1049746,1,0.1259049893189832,UCCOSgdLk0JMCCAovByT4hTg
4.405405,10.044513,1,0.035871437790099714,UCCPj7JOSc-yTbsUa-uCfYhA
7.078948,0.24780996,1,0.13619432892634387,UCCQ4sRhpha3v83HTRoIh5BA
10.059142,4.3876185,1,0.14674014271191188,UCCQa32HMX1VMIPRnmcDfqDQ
10.204552,11.930862,1,0.0965490588611907,UCCQnnXtf6yJch3FZOdIX9nQ
4.1403008,7.051512,-1,-0.1229617407240522,UCCQqgcQyleyNjgXAeywkNmQ
8.879468,3.2252052,1,0.1432615064285963,UCCQyF8vB9mgntYrE0gwUbag
9.229042,-0.095535725,1,0.1567765525455727,UCCR7Omm7dilajDY_kZ3A9LQ
8.789975,3.9092336,1,0.13467038743335402,UCCSiJNH26GIzBk9y6E8J4Jw
3.7391424,6.0099263,-1,-0.23544891330961837,UCCSmtEwvhWXglcJZVJFdQ-w
11.079456,11.266572,1,0.1360790709815553,UCCTTbX_dDOsQrbC9m9cuBVA
6.163725,8.319813,1,0.10784029335952866,UCCVRL75z1cqEqUjnnpQ5Gdw
10.083655,9.628171,1,0.1438397228942821,UCCWt08UICpo7EqhBYuSI4Jw
1.6724032,0.41570073,1,0.11926507795112079,UCCYF_NyV8NtagqhLVOSh5ww
-1.6995057,-1.419038,1,0.06171573069843678,UCCYxQJxlhRW_l5MfltjguyQ
9.54901,5.039232,1,0.14654865883804885,UCC_uJfRk9L7pQdKXYt54WMw
4.482312,-0.9431159,1,0.14433961822461444,UCCaJlvvRcnZ42U836K-cFQQ
13.783251,2.5858219,1,0.16586717030960263,UCCbXlpjKj9lTP2cK7nmPO2Q
2.4782717,-0.40011,1,0.13009481406918277,UCCcNvPclDJbAJFUK6mnLUQA
5.5276155,7.6167455,1,0.04101629766172621,UCCdkFRowAgGdQbAKC9QzPLQ
5.468176,3.7941287,1,0.08408877234580703,UCCeWvKmgERhfZHEOzYIaf8Q
10.157535,2.3719683,1,0.1422337177324539,UCCee0Fz-WoBdaANCF8iC-AA
13.236147,3.8745973,1,0.16019079911011153,UCCfb0rdM_z3kw6_Nrc2w6rQ
4.552477,8.315265,1,0.06906471395605568,UCChaBuFnyDLQi6VGYCzm5Gg
11.378652,5.170473,1,0.13994778302058147,UCCi8_Sl8b-AQMPnNxfqbAdA
9.504775,9.702143,1,0.11813783578219472,UCCin6iY4wLlSFOZ6gYv31kQ
-0.41252825,-0.16663861,1,0.11527074950690414,UCCl1qWoRZvfwahw1rfVfAyg
9.7886305,5.7756314,1,0.15178115525465435,UCClYmUwCTDXpJLUuHqTITTQ
8.173056,13.58575,1,0.1108090358125377,UCCq2a7h_3lTf36MQY-p9BNA
13.043959,3.5094476,1,0.14422057956647905,UCCqzsuOyzjYgqQMp_Getz5w
8.591949,4.0415387,1,0.10141391118730886,UCCr6O6NbPFcFGIEGlUvW2bA
13.025733,4.0545406,1,0.16344647426286346,UCCsZLYbBHS8re17hR7eIsUA
3.923639,-0.25935227,1,0.1391306292402908,UCCspP0gCKn3r4Cc-4kuarhA
5.8754287,12.361077,-1,-0.006845430542483655,UCCtWnaI870dRrMQc2b-YJuA
13.919272,4.047516,1,0.1605676297475861,UCCuBv92C1QBK-3RdxMJVb6g
4.4069576,0.3310802,1,0.10135471903321891,UCCue1m9UF1W5xR8I7w_fyRw
6.5413213,2.8643916,1,0.0348877162169593,UCCuvKqjGlT0jUkrcfjQD2iQ
11.595701,8.035711,1,0.1578129546096384,UCCv64fcljDThLjOGC7Z7beg
12.370125,7.0717783,1,0.14658956185391536,UCCvzmqP9D_PUoZJXU10Aihw
7.050045,8.834549,1,0.14255001265995965,UCCwYYV3nT5OpE5J1jYRQdoA
2.951549,6.660947,-1,-0.03693042234566346,UCCy74Mtqewf_MN-CBxp-c0g
9.752666,12.352074,1,0.12153914501342472,UCCysEPNZVExI8tUfzXXz9jw
4.2930703,-0.3750889,1,0.12249107019160133,UCCzDAIWcyIvBacOm88IMAeA
10.597405,10.954889,1,0.14202977766101432,UCD-3v4zPl6-Q9lWeFKoGSwg
9.555952,4.566923,1,0.14951648804587897,UCD2Uu4Exo53wl9mVCxbppjg
11.268679,5.023581,1,0.1423868074261458,UCD4KYtQ-fYVlRWTgUUxFuiQ
6.563141,11.8691435,1,0.08617239223577694,UCD4OLJLdE7N8UG28YpecQwg
13.519141,2.602797,1,0.16324195298204175,UCD7KtpwR0OgrdvYNOrSOLzA
10.496813,11.313005,1,0.1424333587454924,UCD7u-9FzZq2JmwmRJkTPsaw
2.1464143,7.6675396,1,0.04869501290150685,UCD90z36bO3Zl7uaIrG0Pkng
11.905861,9.91806,1,0.14070977970743537,UCD9U_RGrP7JMRlD-CP4B-Yw
8.742932,13.654347,1,0.10416498927850304,UCDBZ7VWdGY8Ho4xBHz9c6eA
10.294984,11.68558,1,0.11756992403734684,UCDBdU5IbL0NnRNLDvtMaWew
4.9399757,10.76029,-1,-0.0610068196709046,UCDByNAU1WpFz1dKAAqPRnbw
8.492458,14.255025,1,0.0572270448153025,UCDDp8g48EzeJXaG_D5GL4PA
11.051341,6.3321753,1,0.13405642895590003,UCDFcYAxXhkD7X9N0-WQQpWg
10.039454,7.5897975,1,0.09861564633134579,UCDGrBM9N3YjIN_FlVOfpgIw
9.2470875,5.055488,1,0.10320439052952224,UCDHJB4f2XRB0RFDj2tlsjwA
1.5789471,0.33391494,1,0.11862992715389165,UCDI-0TT4g1myeFIMAfdAdgg
10.090652,8.563639,1,0.13852702906411357,UCDLcMIecm5zxamcLL3hixUA
8.605687,13.333218,1,0.11914263818043125,UCDMkeY2MoXdO-JxXNXjFmTA
7.6392617,5.7486267,1,0.14841212809101123,UCDNr2wzD90OFJeg-ioF-Row
7.9534135,4.083153,1,0.09052277502594136,UCDO0f2FNeU-G1EbA9W5mcyw
8.570604,3.5721173,1,0.09705269655024656,UCDPgbYfof_dzQZuOfEe6z5g
1.5282364,0.7912832,1,0.02481219569798032,UCDRFfOBwSK87gSMJZi0R2Qg
11.657125,7.9679046,1,0.1538137688056999,UCDRJ0V_Y5qoQEr9mqyKXVQw
14.239437,2.4429898,1,0.15928893039668668,UCDSP3bFF-Hk4Bc_9IFvW4Og
12.985855,7.1804376,1,0.1594179181311467,UCDTTc6_ImAZXItYMTsSO67g
4.1011996,-1.0203644,1,0.13664031447787373,UCDTcRTk949dRPpdT6p7IkiQ
5.358336,1.829608,1,0.04037514870313891,UCDTfySTAkgvPMZPHe24aJDA
10.904734,10.620069,1,0.14215234676403765,UCDUJnGevGUHE3vMzZHhhusw
13.523472,4.011041,1,0.16135717982665898,UCDUdrGjj5a47veA7Q6ro6Og
13.111088,7.980686,1,0.15936097954543144,UCDXITmQLven8Tp3QqnzOFGQ
1.5017272,7.294443,1,0.030511474484746837,UCDXqP0gqBY7NBH5w_J49cUg
1.029027,-1.1416698,-1,-0.07858154015649244,UCDXwuTpVjsgHphbEWxMXFnw
4.0821114,6.279412,-1,-0.1760794759186357,UCDYQFG5CkxQFKG-cgD_vpBg
8.761277,1.9712675,1,0.14111537602603852,UCDZ4SfXBO6t3scGKUNwnxPQ
4.688196,3.5642807,1,0.005981582317309164,UCDaxRt13m6OLy4ghXrWgxVA
7.2072735,14.108692,1,0.08611952126661127,UCDe6D78tNje1O4jMZeO-1tg
6.181068,7.223202,1,0.07739335673143494,UCDhBMz_rmDf7ZrGth5JOxSw
10.432824,1.9667579,1,0.15858251443670063,UCDhHJYzhRUxW3TrrlnPT3qw
4.779565,10.57883,-1,-0.012572520087787642,UCDhyswSIqpVBF-q2mXa4GfA
6.065168,12.910532,1,0.061928066706451124,UCDlrg9TFOVWdpef8B9BzeoA
7.137476,13.465274,1,0.09877451870667903,UCDn1u-bjtOvxUMcH2-3R55Q
12.217504,8.21939,1,0.13434429281515098,UCDpQfuq88OQCCke4mkkWVIg
4.120524,5.755617,-1,-0.23393600675850612,UCDqLSztdEKhWwPBla9kaTaA
7.1401234,1.9909507,1,0.13202430162406364,UCDrd-kV2v-7elk0Ve-z7QNg
12.568316,7.617711,1,0.14768392587605655,UCDsZ1i_j0GTrmTCIPNIOLGA
12.048233,1.3829409,1,0.16089233840870404,UCDtCbN12sZlpUWpz11jMwnQ
10.624808,5.367171,1,0.09940044948394905,UCDtpOFhhNN2h26W8P4KGyfw
6.886905,2.949109,1,0.11613114777454536,UCDvCc2I4ZB9EAiDILaBs6Bw
5.099062,3.4682715,1,0.06272277428148254,UCDw1JRxTd39ex6OgdhXshrw
8.025066,0.1005154,1,0.16142119944367644,UCDxZVNr5C60lYoy6P4Hhw7g
9.271534,1.5006392,1,0.10244070427179969,UCDy9MbeU12vGfQZ3c5UKsOg
-2.6007473,-1.6168011,-1,-0.042089031025320245,UCDzke-Pm3W_1AgqW8Lc80Tg
7.5311947,13.6795,1,0.10353759678827795,UCE-iOAGuWToKBR3UuVn_pNw
7.9269423,1.0261449,1,0.13183884785490058,UCE-mCWs5-ahaRFKjdTxLGOw
13.596888,4.145238,1,0.15331804642256547,UCE0BTyUu5DQJzSgRU72dEqg
5.74669,-0.8448717,1,0.1444225033570371,UCE0MStrYeTURgogcBoarsUg
4.1259365,6.7194953,-1,-0.11322460787144217,UCE0OC7ZMMNG5hKXa4W7M13w
8.780232,6.965202,1,0.13656345733827252,UCE1-nvHZdRP2Cu_RGyAMnNQ
7.7335467,-0.506582,1,0.15090152350708247,UCE2DOOn7IgUWtMR3-guHlfw
9.595001,14.182494,1,0.09202653004969341,UCE2n8UE7HUVcsvvHlApgJow
5.890748,7.406297,1,0.06588882899467369,UCE3huRw13OfMB1SgJQV7fgw
8.746926,7.2112274,1,0.14719468737741603,UCEAWHBzOQHqjOAU-6zRsaLQ
4.164128,2.6368623,-1,-0.017232168967356354,UCEAZJbZ47pt7nFMRmCaQ0Ww
1.4488528,2.0180376,1,0.08556586696481078,UCEDN7Ipad-v1uHDCQVC3cCQ
13.132306,4.925162,1,0.16251177802567546,UCEG4hSnpCCI-B1LkAQQdz9w
9.715193,7.8919563,1,0.15189758019772187,UCEH2llxZpHaH8VJbs-ccbOQ
4.3657575,9.969981,-1,-0.03224668969275368,UCEHkgIIBjKbcuiE1SNucBUg
6.3576746,2.9756114,1,0.07593236089034439,UCEHpezvAhnBEQr1egE1-I3A
4.9853635,-1.1512926,1,0.06791777673418525,UCEI0NLOWmBMoU7WOz0ASFRA
7.0313296,12.904564,1,0.07912771923708906,UCEIU6OKVVtFtwqDO3FySxkA
11.966927,8.830482,1,0.1569036463874275,UCEJhsPS9UHx9JdUwQxKfLKA
7.5081973,13.31625,1,0.10799547207353555,UCELHfre64haTZ-jCRObe34g
8.386297,13.847666,1,0.09652709984012253,UCEMSMwFU1D6fZy_D_ZsRFzQ
6.8319592,6.147675,1,0.12717021122392974,UCEMe3R1TfhEEFwXp85xY0dw
3.1301806,6.463342,-1,-0.015756267328245865,UCEMotgV3wtB_IFnkKDTjlRQ
7.7244606,8.415816,1,0.1443254771018005,UCEN2jAYaqBmS19SfETu1p1A
14.803377,3.5558069,1,0.15674877469578402,UCEPm6Q9ero_ovH5QXLO9BXw
11.642007,6.587636,1,0.14451689775301163,UCEQyqOWdd2G-kpXYJDIfQsQ
5.3163605,11.196657,-1,-0.015515006014443111,UCERe4RCslT6x4HOSHqEo17A
5.308524,2.8503027,1,0.04271243191291518,UCES3opk08Ftfnh_kSHUjlRw
7.695528,8.598839,1,0.1264301978043188,UCES5_uC9Qc7vyWL98eyiNXA
0.73812157,1.5712574,-1,-0.023984939327306498,UCETTl9LR8zjBYuku2co96GA
10.584712,7.7334266,1,0.152770987884154,UCETsko5d9pUveqzNJlB4f6Q
14.644768,3.2300732,1,0.15871522569306024,UCEUfF2h_v3YGNjK0TE2w2qg
-0.4432012,0.12084355,1,0.11807665216043772,UCEUqdGSY7POFitTZdYIEZqA
5.4000716,11.318066,1,0.013677351591025955,UCEV07swyCZst6xyPzZ2JPbA
8.560609,12.98541,1,0.10254526550078469,UCEV1jsSewDFV3a5oGXNT0_Q
10.011345,11.303511,1,0.08973511246382443,UCEWE9W3dUOqTHc2aLKgH4kg
14.875126,3.588654,1,0.15924311816830233,UCEX-6ml9RE1zgU24hBd9UBQ
1.0255418,0.9329421,1,0.11305699574454314,UCEX8tZ8V8Ci9x1lksQqfuDg
-3.2278905,-1.6928124,1,0.013296583150226304,UCEXZEZr4ZWLASvf13NGxziA
9.61651,5.3831224,1,0.15379206170581922,UCEYGDSXVOS6zHTjDt2y1s3w
-0.18066695,-1.0898248,-1,-0.15074689836863608,UCEa7wFgMYANJgr27kC55Ndg
9.591396,14.006521,1,0.09865552419189577,UCEbszsKVcWvWn1INOKxD0jQ
5.03678,8.832909,1,0.11306841138344981,UCEdf86yOoB3soQnTyhoqiTA
5.2934065,9.618008,1,0.09963880693771832,UCEeDwXqK5Oq3yMTwQ1Nu9pw
8.355293,2.97339,1,0.13719066483539027,UCEebZyssW_53VYxpvHsGn7w
5.8870125,0.77516836,1,0.13648232937504318,UCEewwawaBcGhprBKiayorSg
12.385169,6.6056685,1,0.15562786705586268,UCEh-zTuCVe4N1vQl0ElRnJA
12.356756,4.74729,1,0.16406169955298483,UCEhXNCbjL5yHp2naW7hG_EQ
9.040332,11.467043,1,0.12278760376602127,UCEioiIdnuSu2NDUyJl4QR6A
6.5820646,0.30297056,1,0.15208769969632185,UCEiseDQyevwOmrnwJV4DSdQ
6.3432236,9.772587,1,0.09285328798282877,UCEizkZ_X8YEih_vNsd_fWgA
13.676847,6.2149286,1,0.157901711895445,UCEjGMkr1FWE-tQaXTaUR90w
8.541295,3.303168,1,0.12774517693449933,UCEjHHc_TR4O_SpgkDnIPm0Q
6.9405994,8.854139,1,0.13073453296382642,UCEjiXbG-2OngOcVM54HqXOQ
5.309206,0.1100557,1,0.1344614771764271,UCElv92R2uprtwDloZbQMuwQ
2.5059934,0.04472523,1,0.12170834907088146,UCEnKHc84sOOgIxES6SxDdrw
8.07395,9.383434,1,0.12877356231996057,UCEnR7ce-9DoSlrO9g2qLatA
4.5004396,1.492221,1,0.0796521268319616,UCEoL_6YqJ5b00j4fR1NlcyQ
11.318455,6.1551566,1,0.09337159678370138,UCEoZ12TIVYg0StnJ0A5GYOg
10.828356,8.577318,1,0.154616625328714,UCEpaUS3avfjjvS05zOOe3IA
-0.62610346,-0.70841634,1,0.0800232144488559,UCEqzrEN5pj_9w8DtHHxWwMA
10.097603,5.9348006,1,0.14201936654416542,UCErc-JqLN_uvgbKtxCYd3Sw
9.76717,11.70541,1,0.0983000567660492,UCEt6Npnli1APQhR9kbCVEVA
4.047312,1.5478437,1,0.016231284609864116,UCEtHoEr9rYiXXtd5enAZfFQ
0.9170126,-1.0250814,-1,-0.12275333538465993,UCEu5f96McuLVXG6U-bHB-mg
7.7517734,3.1019022,1,0.12742687673751185,UCEuCg-v6WhAbIOBNYzf-uyA
13.034454,4.1296926,1,0.16041655207981792,UCEuGSmqzdiCAGma5lz_vQEw
7.6450396,4.0828805,1,0.1160175821663968,UCEwKwjMKaQ8ZuOGUe4ZWjkg
3.1764493,5.341502,-1,-0.0664951385998016,UCEwsUj_5EpxlihhZvUV95_g
3.2487102,-0.08657263,1,0.12619010232931238,UCExOYald_VcfY96EG0bzOdg
7.0169964,-0.6652903,1,0.15510698843767073,UCExREirOaigLUGcUTs5dWWw
6.2631125,0.86474824,1,0.13724873515133795,UCEziuXcdtMN5f5RVuBjw2bg
1.076141,7.2533455,1,0.034514519136361665,UCF0wDDlP-4WhFt0G44yNQ0w
6.5359406,-0.10166555,1,0.13666438420577215,UCF26tNCLPlPjqJhvabQQDpw
8.17424,3.6162515,1,0.1323398841243853,UCF2CaYLUCCY4j1wHZ3J6Fig
6.9056973,8.229492,1,0.12370401455257846,UCF2iH0FLm41bLZ7OhdQ1_3A
7.9148607,13.961382,1,0.10150334524329963,UCF2pmb2kYiAHVqQ3y5Aie8Q
12.366629,9.556008,1,0.1540551630501194,UCF4w3k0dTQPm--5CaPl9BYw
0.6252234,1.343996,1,0.09578669939774115,UCF5Ilg972RSdjxL6DG6oNCA
8.862533,0.76931506,1,0.14988775717858227,UCF5PXhjp5GPCkBKKd1Vgk-g
10.056544,5.7742043,1,0.10827761201491937,UCF5VLpS90p2MT-XX0o-CaSA
0.7007518,1.0487664,1,0.12406117270404476,UCF7bO2cyH3L3PQvWdLYKstQ
0.14455642,7.16904,1,0.09391639072629154,UCF7my9js5jmUINg3BRbXC2A
9.852445,4.1037035,1,0.14900920120833122,UCFA7ZKk0ib5JOkqRfFpC77g
6.728573,7.4499407,1,0.0654542641466534,UCFBMN8ZQ00ra2CFDK3ItevA
9.009403,-0.22988561,1,0.14967763673685286,UCFBZ4rvfaQh7LIMZn1ZHKBw
6.183307,11.810441,1,0.06902545919041903,UCFD11PNrqA8XIxK2BdqiwYA
4.2456536,-0.61394864,1,0.11951130428764478,UCFF1MiF5_f7X97saaCAEu7Q
8.566636,13.625971,1,0.11714502008593386,UCFFCrzAripcuGcyxGggdFAQ
9.340109,12.344728,1,0.09356003025723442,UCFFneaCEaEG6c8uTLzFj5JA
5.460032,3.2226799,1,0.04636226138214361,UCFG44AeT5appUuPl1LsLMFg
10.721239,10.533094,1,0.12160635683910553,UCFKEeZLtP7TRatSqbK4P3uQ
-0.014961425,0.6904201,1,0.04193939966176341,UCFLwCL8ygk7vXPbBKeF_CQA
2.760727,0.75320876,1,0.08793830833009186,UCFMw87q0hBblwJSKQ1rtO7g
8.542525,-0.23210998,1,0.15631346756504955,UCFNiyGDS2KAHPHVa6_s0K0Q
13.930292,3.1201215,1,0.16230311615365484,UCFONKHUkz0Q0CptEK80yaSA
9.631919,13.74646,1,0.11750937403150669,UCFP1gufbMYkHeeUT0cQXthw
-3.7446105,-1.7267572,-1,-0.02233965701101781,UCFPJIveu_8kE0DiXQzdmRhA
12.393118,4.59071,1,0.1598958469456498,UCFQ1H1gbgaPYtlDVMugjOZw
12.637462,5.5987697,1,0.15986804842680102,UCFQ3EdtuKzsl9H8fDj33Rkw
11.723562,8.246807,1,0.12590893849831541,UCFQbaI6INxsm3t0It77KCMg
12.767462,2.0230799,1,0.162633591676364,UCFRjzr55O442fJeohQkAGxQ
5.2010975,-0.023419669,1,0.1355873633344744,UCFSZsQ9oRTX6nw1mCrH3ibA
7.752476,13.345282,1,0.1080283326655429,UCFT_lnUyQJtTTzHr5GS7wXg
10.331482,5.059394,1,0.11426913493153928,UCFTpOwzktuN0VJ3ehdLyrww
-0.14796661,7.3578925,-1,-0.015606595965708236,UCFVc4M9rrIoUe-MBpKlyK_A
4.039201,1.5709623,1,0.00826612040178859,UCFWvl27zWOHHZO36ZhFjIMw
11.3809185,10.5111,1,0.12458500069503686,UCFYAxmKsQkdOnmv_ZjAt81A
12.4253025,6.9925222,1,0.154291400446056,UCFZjC7CPTyy7QqwtABoXAlw
12.531769,6.8489695,1,0.14833253660990087,UCF_Z4iwGp7i5iLc7t37Kozw
13.313485,6.8474464,1,0.15746279152906917,UCF_kEO3NPmJqDSDPwS0VrTQ
-0.5369117,-0.8473778,1,0.10542342132545734,UCFbsPCqC9H4HdnMMWip8w4A
10.811016,3.8536751,1,0.14834547602893555,UCFfmkWQGP6cb6wrEtPjXupQ
2.3343968,5.6720123,-1,-0.0035200040325616966,UCFgRdy_SQEzRyFZSuJnCUtQ
6.511433,7.3042994,1,0.09576366074734122,UCFh4zJBOEcDzK9j2U0b19JA
8.732443,12.718339,1,0.10333050213922829,UCFhLjJZaBj8lNr5kUFnbbMQ
2.1666276,1.5507767,-1,-0.06427506270525407,UCFi-HP0WG6piAsLc-uI2awg
0.8366504,0.5897598,1,0.09528564275024298,UCFifa1MM-ndOSeccOPc3bPA
6.2264585,8.181707,1,0.10056480466277973,UCFimYrpn31WMnbCXok5Hhvw
10.45353,10.759205,1,0.037844348639942516,UCFjdwx59JjMLMCvmpDh9A7A
9.847443,3.3348022,1,0.15472298692120123,UCFjjXgsfsVZ42wrGoo0uubA
3.0288844,6.2867293,-1,-0.07916610680164626,UCFk3bmH_mFp7t1Cw2aqwwSw
1.8119107,1.0867062,-1,-0.002201531920359545,UCFkKVRIUuMtYKGNqD0wvHcQ
8.570039,13.719019,1,0.10906245482735194,UCFkOVGsH0mZXGGpDSufKzFQ
0.8987703,7.8495035,1,0.0912142028388997,UCFkbH4lzSYalbzO71vqxb_A
7.5827837,8.583408,1,0.057711195351747235,UCFoszg6el2SgTsfthCGCAlg
8.676071,7.5486736,1,0.14673842099968087,UCFpFS2aw2xYomSPX3ux6qIA
7.748163,2.424103,1,0.14437748331109274,UCFq5oXlqKKMJ5cDOII5VUOw
11.095559,4.643099,1,0.13440125486119614,UCFr4aPMID8LuUSYplHLmCmA
9.818316,4.326561,1,0.14471533542193638,UCFrcjRqrexBtb7vGbkg9b-g
11.153697,4.7348595,1,0.1507097956120882,UCFrdd6aXpKGd-T3-2z6zgnw
6.7032027,3.9652057,1,0.12693245112235352,UCFrjDWNckEdHldNr-kpt0VQ
6.4488673,12.282986,1,0.061687568324297115,UCFro1ie1XI8kPDunhndSkSA
6.7022815,-0.2575703,1,0.14072839985600677,UCFs_wD14ujDPl4VVjf_d5ag
6.852042,4.869315,1,0.1222933764177288,UCFtGU5UOy1skFyDuS7QAyAw
-2.122482,-1.5080154,1,0.046848081557205046,UCFtgY-icGYqV5k_x9FSfhjg
0.48540178,1.0431712,1,0.12736140243856414,UCFutqmK7dOqgg9P6M_OhJnA
6.833862,8.194706,-1,-0.0011374453254828776,UCFx9iJ-XldmGe8OSu_oAufw
8.424653,-0.056464843,1,0.15815488769350178,UCFxmune2KzFb93XzUEGbIiQ
9.144337,4.3319902,1,0.1359355775775941,UCFxsxT71HsqcjPSYPKrvEmA
13.596687,2.8399153,1,0.16448786190662001,UCFyPxB6dVl9Vx6zHRvqBf9w
10.360269,4.9801545,1,0.10596342614580517,UCFyeEDMHqL1Io_YjORG8x0Q
1.5757068,0.31734943,1,0.09682599243373657,UCFzkk8FC6CW73LGPBFMNvvA
6.4181247,9.08843,1,0.07035481632160023,UCG0702rjqlPx86GVg5qMqcw
13.364023,2.7172995,1,0.16246903089227926,UCG0ElPvd-Bdk_NONqJvEbiQ
4.703458,7.9650865,-1,-0.025062103491206966,UCG3-ryhuVLBadlg4txxIrXQ
12.1165085,4.698805,1,0.15932892466730758,UCG7Use9WgzsKghwDtK68B_A
3.2904248,0.24323036,1,0.13092863920884978,UCG9WEAVAum76VW_EMvpedDQ
7.032079,6.601556,1,0.07386871699816427,UCGAW5yKwtl8PlHO2l6sRzRA
-0.06670958,6.154736,1,0.07178716391047818,UCGBY8Kx2WORoZlYuoBXQBQg
4.7891903,8.407268,1,0.042108176849719736,UCGCiRUEhEmAnjFpblyxlvuA
11.989866,9.71365,1,0.1433500736798497,UCGEiUm1x-K8Q6AAaz0yVWhQ
3.4020689,0.26856202,1,0.1202139454936233,UCGF-PkGdH58RtCXD0YCABDQ
3.021899,5.5582213,-1,-0.06468089123828225,UCGG0Nrc_uxFUIrIazV44Vww
5.7301397,9.113025,1,0.12373916220551312,UCGGefblb_5ZEObps4mbozWg
8.649486,12.278757,1,0.1226991164198557,UCGGum1Ol2mmMF-nZ3i095Gw
6.52246,5.884632,1,0.08280162674522301,UCGIA8g4ugbpDzPBJjtxKXkg
10.15537,6.0523224,1,0.14517319282268443,UCGKSQz37YNkhsv-7iRErnvw
6.013031,7.145113,1,0.08773803543685832,UCGL2semgUuZPXcPw-GreQSQ
0.009347628,6.1733522,1,0.07861978778228801,UCGL4_K2DAkuQqdXY5_qiZyg
12.032794,7.4848523,1,0.09475783357032064,UCGM54ibslU4euGBaVG0T-Dg
8.686769,5.892683,1,0.14531769434572323,UCGNbT9of1Ice_oq4994SdLQ
9.531812,14.241858,1,0.07295731955425161,UCGNn3ao84U5kI5fGXgtJekg
9.141639,4.859065,1,0.13990640346739514,UCGOo2UEcpkhHYLvP5n4LCLw
7.1370597,14.067535,1,0.08498950714542575,UCGRE6ow-MvhfpZG9BNPuTsg
7.6531186,5.3322797,1,0.1461567795231859,UCGScNGi7DFUYtxGDPspEBNQ
14.877943,3.5105283,1,0.1575020047791606,UCGSgH8DyLEM3rzDlPVyxb0Q
11.660268,2.101937,1,0.14875264094416002,UCGSjkhylxdTJ0eb_J0psA1A
11.632658,6.400639,1,0.1438894269010212,UCGTs1gZfi0Wmyp8TfJr0HNA
13.976959,4.9907246,1,0.15832623754112723,UCGW4QXJknpv9kuZz2c-UE5g
10.467524,1.4405214,1,0.14096739022165194,UCGXjOcHSckAyeB7NvASQl2g
3.798623,8.551978,1,0.05093959528992431,UCGY2u_qOjKAO17y3a9oQAKQ
5.984835,3.3878047,1,0.12448153810891893,UCGZj5i2i_vK0DKkjwyPfZZw
4.7284675,8.711731,1,0.08857067170961452,UCGb8thn_4H8mPBkD-bVAEIw
9.996829,1.5496697,1,0.14022361203091782,UCGbUqpbM7GzGw5i0Cf6RWMA
6.3956842,9.938382,1,0.12358835890432446,UCGdCr4Q4JfWc9xVmNQG2ERw
9.223637,1.8562328,1,0.14827866624203984,UCGhWBdpDf1pN6PcjyCr8s6Q
10.598482,3.3124442,1,0.14479396356825874,UCGhjKYxXrxOc2Av35LkCsaA
11.472177,0.8899023,1,0.15286481843282002,UCGiB3Tj2S4HAc3xyZEKeHVw
14.023865,5.1615725,1,0.16126123406234694,UCGisurWQjw7mPLI1xBwAjcw
14.860294,3.7214096,1,0.16091454893751195,UCGk8Saz-4lYn6EzY93TgF_w
6.1027784,2.3951032,1,0.12353010510238932,UCGkDkm75Fl-HWCvlcLOzr2w
12.547675,5.3454366,1,0.16571549045965367,UCGme1EUtgJm7vElf3fWkT1A
12.859474,3.3032248,1,0.16093847487042923,UCGnRWglqdjWgA0y6kags7zw
6.4658523,9.849302,1,0.09290801308873814,UCGnkBITT6ipjqiJp0e47uRA
4.8413153,1.9304707,1,0.007431418431447956,UCGoYoocZUyxtcR_TCTxkH8A
10.21854,7.3447046,1,0.09755916437821521,UCGoa1Gsm8DtYYRDhPu8cMOA
13.4058485,6.76828,1,0.15447656101440727,UCGrMixoh4EWVisi2axrE9Zw
6.478201,13.738515,1,0.057421716846539406,UCGrV362sUxYyOjp7XE2RQpA
3.7706685,6.7342935,-1,-0.060446513366107735,UCGrdbvMduAXuikgeWOf5NMg
12.387999,4.7558775,1,0.16425542711129354,UCGrfoN1kUdpin1wIFDtsneQ
12.30579,3.984946,1,0.15525775247540274,UCGsOXxLWJO3mVq6hnXEvn2w
7.8787613,8.036132,1,0.11472843516175596,UCGsPlcv1_GPR15ThOnAA57A
3.9093,3.8506055,1,0.0033250189111003192,UCGtyWwYj4UJMloE3pprjPVQ
10.129184,1.3777125,1,0.16031109518337028,UCGzlIbXcr_WFZs6Ou_sm-yg
-0.8010747,-1.2936934,1,0.08154168240939963,UCH-ItWqf9ZMlPxjjDSl4U4A
8.871136,3.336388,1,0.14360254998676447,UCH16yczDotyaxgZ9NpF7qSA
11.844841,9.819073,1,0.1482769514183715,UCH26vrbT4dg-cFblacg5vAQ
12.392594,6.6931744,1,0.160280674406321,UCH2CAE9cxoUJwH8XmC1Gk7A
9.453131,5.837323,1,0.09535479949575315,UCH2Hnz75mVKqI7L1JN8ZIGg
12.06853,5.401406,1,0.1326322051083847,UCH5isavuGQ00bDzZNqLSxaw
2.2028978,-0.2882111,1,0.12477086802423326,UCH5sJtjqJ14Ho2uW0-LvcAA
5.7825146,-0.8604313,1,0.15206881283113738,UCH7AIR1vA-yS2PwC9rhXqZg
13.002368,3.0946126,1,0.15477392111857513,UCH7p5El406DKOjwGjclbHeA
10.330689,1.273621,1,0.15149430198095148,UCH7wQWfnK816kkIxPpxDD5w
8.333375,2.198117,1,0.13742169570300927,UCH8UBPASi-RoOApMgd3afGw
2.1650004,-0.3408483,1,0.13072239858242884,UCH9UBdaSn3rwVy2ou5tWFNw
11.026036,1.6085203,1,0.15679234628569455,UCHApgi6_6kR3auqTvdW8mLw
2.0642273,1.7237878,-1,-0.05180763153315748,UCHBRgZYreunE0XjPJAYWo8g
7.9056115,5.8174653,1,0.1477141013364604,UCHCCPoV2RJLtcCXNU1isDHw
12.009398,10.839677,1,0.09973948832904761,UCHCPP0VIYSpuTAx38wI9zaQ
5.05745,10.861268,-1,-0.006647068875639817,UCHDdQOm521KCiu7E_El3avA
8.118036,3.3069475,1,0.14936082081237534,UCHEFvfUj69tsfJyHgEVe1Hg
11.322605,8.955477,1,0.13932887273839095,UCHFv_2y4gXBOFpUbxEHnP_w
8.3395195,3.074284,1,0.13481089153271264,UCHI-VdlvnkvE53TYDY8n3dQ
8.818344,6.728513,1,0.12838453750825862,UCHJ3GWaBeVdEkutJa2Ltq7g
0.8464472,0.65836966,1,0.06503980804791976,UCHKB0mWZogpwQdm_0VHXF1A
10.779663,5.755266,1,0.15289179726646973,UCHKiVdxnfHpcUkArc-_SL0Q
9.119909,6.9409738,1,0.12106690487537486,UCHKirits1xhUghdH2wYJEBw
-0.05472046,6.2674327,1,0.07356731807317451,UCHKnZjdTkiZ31L7t9Poy8sQ
13.663132,4.3089385,1,0.15933351230511156,UCHL2QC1zY2DIqs0EjyEM6vg
14.878717,3.5829637,1,0.15755307264464452,UCHMnj7e-Tci2LFVcKRoKa9w
7.45283,3.5379071,1,0.12305835521669312,UCHNV3KE2FfnD8p2I4P4dC4Q
7.7498484,13.931316,1,0.09837305200087876,UCHRRhVXewlF8SEKVaCdOzsQ
9.910694,7.056968,1,0.13944112977021939,UCHSyxtC5VWeckH6vqE9W7sw
-0.043815527,0.13415879,1,0.08939815877316137,UCHUmT467VSQmbnoCKfck1XQ
0.029308882,7.3810577,1,0.04214875607861368,UCHW4-rA2uYHrej1e-tVRhIA
4.4405155,9.93117,-1,-0.009418532144977232,UCHW_eWsY55vv-dTBb2j-GTw
8.849002,7.5365086,1,0.13680190642027357,UCHXLcvHC5iPkszbnh41m50g
3.1239114,6.827999,-1,-0.07039656376957781,UCHZ3SwjNlrRfzb1iX6jeSsw
-0.62125504,-0.83470196,1,0.10098154851751079,UCHZq3MuhuWADyGTFLSjuGIA
11.199459,2.962725,1,0.15663813834437174,UCHZt8nTMrHnHh3_-OzJlLHg
13.1087265,3.4174008,1,0.15986590922665556,UCH_DE6VIdrF1UA2-WXE3vNw
-1.2030745,-1.137289,-1,-0.0455419902063231,UCHbITMHZoRw0eZQlZE0Ea8w
7.3397303,10.981764,1,0.025408666205336383,UCHdAu6riUiqViLO3736o_8g
11.708236,3.7798848,1,0.15920720016720963,UCHe6Mzr1N7kJGCucYUKzUqw
12.77876,9.467803,1,0.15114451104004473,UCHeXaExM_ERKw93cr_ZzyxA
1.9698526,6.1017966,1,0.024341697615395397,UCHgRlC6TL2vc8XXhOeMycnA
9.700473,7.0161595,1,0.14632497098976494,UCHgcKFlOTD1P0HjJdTLhPRQ
3.8781059,6.5648394,-1,-0.06590977924742836,UCHgp8gG_UIfF-qHiqb5QteQ
2.4003935,5.490346,-1,-0.06241632419310128,UCHh72EAMz4KbJKgmQMuL46A
14.088146,5.0811534,1,0.1619457739224579,UCHjVts7pc7o73oRmF9HvroQ
12.371023,4.5145893,1,0.1636170933039413,UCHj_wHp37pkg-mEgPGOHLIQ
8.508829,6.2432637,1,0.15271309388166632,UCHjkSlyEFmx9TZo4GWdNbGg
5.703343,2.9795408,1,0.09219694887781266,UCHmQXFu6cbUh9wI9BLmW43g
8.850684,6.0981894,1,0.15992653388877826,UCHml6xRdPPpjTklBZB-6IMA
1.6177286,6.481245,1,0.015664448925773677,UCHn8Ha9haHJbVLQiVYxF7Ig
3.3749635,-0.46589544,1,0.13795553089498097,UCHounbmpBVBFlkNZ_9n7JjA
3.235731,-0.19103575,1,0.13705683567380983,UCHq6TBb0dPN2kdo186YMiCg
7.7149906,8.077725,1,0.14611087683235402,UCHqtlVLOvvdY_0Cfv4S4LFA
10.825157,11.076559,1,0.1410078560992416,UCHrdGvuRuJErIQTFIikwpLg
1.7867904,6.0516376,1,0.0539137191788851,UCHtdSSRRFnfCX5oI4FN6gOw
6.5194173,8.886593,1,0.13462185809845711,UCHu6ZVZNIHMeadyhsyJwbjA
7.6911097,6.0077367,1,0.11964214608181034,UCHuDttKPWFeWe5B3VZv76LQ
11.31254,3.1589224,1,0.16352233915126835,UCHuG9TECjndKDdr4m98XwrQ
10.11747,9.636214,1,0.14276391909978708,UCHudXXrGZWkCZqFRsD2fU3Q
4.612986,-0.8735829,1,0.14105362808934518,UCHvNDk9ZoxxsyP2NIsYRVTQ
3.0107956,6.703973,-1,-0.006581507191367741,UCHwN3xtmg7ai4LFERmfAXqA
6.67559,9.615547,1,0.1152692286939272,UCHwQM9LCCcvYAqTSFQL09hQ
7.9370766,5.4710097,1,0.14540074639870337,UCI0TzL6rSa4XgtfpwE-GiNw
14.538861,3.1892753,1,0.1624501569851985,UCI0VZYWpcMV1gI4r2z_QkBQ
7.966594,4.4655232,1,0.13460422179048515,UCI59icGA3Yr9IhuugvF9g5A
5.7584777,3.588108,1,0.0530829154050102,UCI8R66KwQO4Pl1VMDhchQOQ
12.392331,8.116072,1,0.14200432331329227,UCI9gH9OakYiZ7qeOusxNnZw
10.204069,1.8701985,1,0.15463380846003616,UCIB-7-yqD_HbBnXM2kJEnGQ
11.154527,0.7273005,1,0.15685418996990796,UCIChgrdXrnOi6ATjyuUg5Og
1.8698937,6.3584223,-1,-0.018162839930464192,UCICugCI-jYbsJ1qpBJdI6Kg
6.368284,-0.4099124,1,0.14203360609863958,UCIFB9HYsSdUoGdfKp2wI95g
6.5019293,6.3288302,1,0.12291050856376912,UCIFYyW40aODb7pNSjI0PXYQ
8.872412,3.9728448,1,0.13374284998091007,UCIFqWs7BMEt0yh8_L7ugI3g
-3.8240204,-1.7416234,1,0.006486164491565749,UCIGS88I04MYi9HTklEovIKg
8.566697,7.0132384,1,0.1178162230775554,UCIHM2_JlqJVosSlHu_EgbLQ
3.4527464,-0.05029615,1,0.13054794400917014,UCIIuNcopOb3_obFMXWM6I0w
14.037783,5.3067527,1,0.16106199805761368,UCIJxypAnMMl1cLjSE9v-Weg
9.485979,13.052726,1,0.12480063682202563,UCINWBKC6Z8IVDab_qaUOZBw
8.201165,10.572935,1,0.10579969145290247,UCIRZ6M6cxlLOUoVhg_UVdlQ
2.7673757,6.6036954,1,0.006494334324540996,UCIWO2ze7Layxv_-j3oZTWSg
7.0138927,5.281114,1,0.12251178700115439,UCIWUGDTfoT54Q0NHIkNae-w
12.022995,7.071659,1,0.09121252245692191,UCIY50ZRS92XsX-8OwPvao4w
8.850974,1.5995692,1,0.14650715567181405,UCIYWz9veQch9ZhonEbc5Hsg
8.158461,7.423806,1,0.08377575763665812,UCIYis9dawTENxxF11hmQTcA
9.2609,1.4864689,1,0.15639828632425096,UCIZLiaoFRm5_E43LmSaiQEQ
2.2530873,0.5765308,1,0.02534045474068658,UCIZjTh0NJer4J35KQNpqRFA
10.596723,7.5204225,1,0.15888129464788447,UCI_oezs0oX0NUhx6ic88pfw
10.14021,3.0170336,1,0.09965605211563444,UCIcx84vN5-Ea2rSAZT0CIOw
5.413899,10.970479,1,0.054391801776384696,UCIcygDdlHbyifvGSCCwR73w
1.0534087,7.582165,1,0.09380885108667397,UCId8qcsQlSQW-xBkFi4wwFg
9.872068,3.6784492,1,0.11107381557777352,UCIe7t1hfh_ZtcaTDD3_qwyg
3.1564608,-0.4623073,1,0.1289848170804319,UCIfnYcZpWfA29lReIKrDsFw
6.5201707,0.56027013,1,0.14454260920917683,UCIh6nJbibP71pdRvNV6AfCg
8.046161,3.6490254,1,0.12423387868144342,UCIhntUb5sVPhbTY0KkvbWfw
6.892267,12.709189,1,0.06420484012738997,UCIiSNSUseFm7SN99n7zw_9w
6.104453,9.97246,1,0.0752898021659611,UCIjz6hUaP8qHamCESVTXuJQ
2.657806,5.588922,-1,-0.044357890214468454,UCIkBmLnAvv2fApQ1WSuclDQ
2.1279705,5.765511,-1,-0.043234223644360914,UCIlWLFsf3XF-ZzNLtWAQUEg
6.7281795,13.82158,1,0.07641039913766373,UCImBsxvOXfK2QwTwBkhvHjA
9.477989,6.917268,1,0.1480606826271441,UCIo3_dlfHgNvTGx2MEfOPFA
6.7688146,13.864879,1,0.07326603988526764,UCIp8kFqQRf_1J9zlGCfD6ag
12.584739,6.639191,1,0.1536444486151886,UCIrBoaQsbP6I-BklX-hBoXw
9.308885,4.7303543,1,0.1088663152396177,UCIsz8huZX0674iyT5Qrq0RQ
2.1135955,1.1393641,-1,-0.00012751241358299747,UCIuW9GPH7Xf7MnjyRdCyiRg
3.6841586,8.226222,1,0.023383948848338165,UCIut4kCQ2XHoqQNlZeyxltA
12.48092,2.5934408,1,0.16423268705814564,UCIv96egh9ZEqq0LGZCfTs9Q
6.362261,9.858229,1,0.1013258704350053,UCIzEDge8YALYLYR-cdbvmTg
7.5877633,1.4660975,1,0.13371304481856744,UCJ-PRvq0JvqP5lTSPghNlvg
3.9473176,5.8343124,-1,-0.13114805849781086,UCJ-fC7bPLw5uCm2z6mRVzCw
0.9153471,0.88511354,1,0.03907085028892521,UCJ0jTXCPEbm2FtHqWj_09wg
0.7498718,1.3195516,1,0.015783512825299995,UCJ10H7JDjKikK7LG1ItesPA
9.415234,12.9499235,1,0.1263469201345752,UCJ1CyNmjy1SGIFeORxlyPAg
0.3995297,0.44523996,-1,-0.03294688265311552,UCJ1f4W-pr94N6mMaTdVMOUw
10.976985,2.0852342,1,0.16443673527610808,UCJ1w_7wVsY95U__eo0xdpbg
9.795427,5.714661,1,0.12783254994222587,UCJ22QVKUqxACcXxeDY11P5g
6.979496,3.5968416,1,0.11599704543927952,UCJ4S0vDCeOUQQbEBSuTr_Vw
7.7521615,8.533757,1,0.12718702315006963,UCJ5RYEq9Vj0T-VfihkqY6rw
2.1121905,7.504018,1,0.061350153685655384,UCJ7IhXj8cs02NFkdDYDOYzw
14.797205,4.7317696,1,0.1632691169681722,UCJ8efZFZ8NgCHhUAigzqI5w
8.414915,8.102604,1,0.13112726174293088,UCJ9igqsG4YRsPVP6ypfA--g
6.0817304,8.462261,1,0.10209374983448088,UCJA0xWV0LuNTFwKdeX_c1pg
9.314024,2.5876424,1,0.14509772502646662,UCJAvjBImqTOxcKhRa4dfXBA
9.151478,5.6118345,1,0.10537720200324907,UCJB36JSkIPDSaZdTMuEquqQ
5.7828245,12.478521,1,0.004227326787994423,UCJBkt9-oZdjebUNjUBcqt8A
14.079883,2.3567762,1,0.15091589764824598,UCJCLl_yLTgIHySnhujMBxbQ
4.21602,8.404992,-1,-0.03337981881750918,UCJFhyccskiDJ5AJ5sKNHDiw
7.883235,-0.44815433,1,0.15278476925316647,UCJHEjhVZD_8xbKaYvsLkMGg
7.5906587,9.351692,1,0.134907125127324,UCJJlnST3Sdk0Wi319dCPX-A
1.8313277,0.028755402,1,0.11589898796791909,UCJKZfNmEW0MWpyw0VRVkz1A
0.21793814,1.161128,-1,-0.024038111970461795,UCJMgVeEoQkWL_ppHrSN5QQQ
8.496079,3.3056045,1,0.09301842493290335,UCJNU85vNbc0XVLVUFh_n8xA
9.352082,13.156051,1,0.12532755885687702,UCJNkqBt4Cly0S1ugI5xg_-w
13.727712,2.930504,1,0.16409239806317027,UCJO5OTLmo7wOAm9kAdZK_Dw
8.594965,7.2639103,1,0.1308708753301146,UCJOMnbsM59uzLl7cUtQl2WA
10.878039,5.958632,1,0.14797545099434617,UCJPQGeUxT9LaCYa5r7HMuWA
10.329224,12.476458,1,0.12745765037688955,UCJQr0Ol9FKFUvy9Y8ygJeGA
3.9725637,8.915137,1,0.03076094999030088,UCJQw9j7CYrxv4rjVazw-KFg
9.771678,4.71813,1,0.13622552011909533,UCJR3ooZUg4yyhK9TkbuK0-w
1.5365702,6.908847,1,0.03825941227115526,UCJS4DGBn25_RSHFUNDo1agA
0.68259186,0.96355414,1,0.11732443561153844,UCJTojC31Q7K7zBE37-ZSxjw
2.4944963,6.687515,1,0.02295398426274642,UCJULrzO4zV57_AVJRbDnznA
9.299772,11.984537,1,0.12623635741020295,UCJUpTjrz2fKlscksJWWle4w
-0.102947526,7.523587,1,0.07250527231760573,UCJWF7zV80aFlZwc9Xz8_V6A
12.882559,1.773419,1,0.16275841638424476,UCJX0Z73fXAvEfyZ7BLRTbVQ
6.7333274,13.538827,1,0.08310594586916292,UCJXaNoaAAekMOjiTA52DocA
11.725384,6.6596055,1,0.12954446283893012,UCJYFMvBeWFACoaJ42LSXMXA
8.731306,4.018981,1,0.13631765801117207,UCJYQ9HhkLAqIicJ9DrmsdLQ
1.7839382,5.969407,1,0.043924752478650686,UCJZC8Ne57-pQv0wY3la_zxQ
1.693753,0.19069204,1,0.12336837184948724,UCJZmMp35VWVxoxVwKhbp7PA
-0.12814286,7.4402947,1,0.07815213355507555,UCJaMo-yoEyrfsojR3--qRLg
6.0879197,3.2733085,1,0.09342722735113451,UCJbzOc5EU4CP3eTp7xwc_CQ
8.131907,10.425099,1,0.10672767263168115,UCJd1jEOP47wUCypDh3zVFjQ
6.5496974,-0.92432344,1,0.12445102519812384,UCJdTxETmZZxm1evck_IA6uw
6.1566935,12.505559,1,0.06717251130491197,UCJeO8r3kD3jEHecuOAcQ_ag
7.1896663,4.027261,1,0.14189528408082086,UCJeX9EdxerDA_UwTXh_NpZA
9.841287,8.620379,1,0.13360070120059409,UCJelg0VQxWMY2RQz54c5weg
6.6168838,6.575736,1,0.12196087784844178,UCJfJAewcxF60YrGvDtpJTpg
13.833842,5.557968,1,0.15422106502187538,UCJhN9x3_1hDvxASC1Z41ETA
9.062368,-0.16899385,1,0.14718801406398824,UCJi_YSz_syE4_-zEEHpuFzQ
5.3072686,2.9317007,1,0.05836713277776984,UCJicAXh0_sdGP5zOmkNWEQw
10.60364,11.585984,1,0.14207901566090747,UCJjr7Fvt9itt4LMeU7EYTpw
11.564836,5.919476,1,0.1427265067293474,UCJkCKwWQTe1gmTrss409nZg
7.50161,1.9705942,1,0.057394928887818275,UCJkVKu8RezbgbOZ6O_yjBrg
0.9398696,6.5464754,1,0.05291214487898499,UCJkq1E0mhfWHEW8b5_OQ0Og
6.386962,8.99865,1,0.07179761897187315,UCJlZJIc14IZ7jKkKTuicCiA
13.30304,5.639535,1,0.16442646517916804,UCJl_BAwNPpp7c7knvzz9xqA
4.1512623,7.498351,-1,-0.016877319703021643,UCJmuTfLf2YxbTLVaKdVQeGw
9.459162,0.7589777,1,0.159361739165647,UCJnEET48xtf1DFr3ULx605w
2.8388402,7.9200845,1,0.004702457876205157,UCJp5UaAYXanpEWtSzQOEbXQ
6.754507,13.857702,1,0.08776833653868082,UCJrO9dyQQnKjRNOxAKho5ZQ
1.164181,-0.9357464,-1,-0.09697268019454575,UCJrd0Li-F3K3VgT-YL1t5RQ
8.133766,3.8035767,1,0.13502274218804616,UCJs1iZV0tf7Yuj6NjJNnvzA
12.839774,1.4139497,1,0.15545573698077875,UCJt38Oo-PA6VEu0w3wkSaTA
8.622713,6.4859095,1,0.10529871741835728,UCJtmGL916BF9-EousyS3BHQ
12.447522,4.477161,1,0.1633596851369727,UCJvK-fWapn0Wxcn-9WLybJw
6.1433606,13.04159,1,0.021824327726653547,UCJwSwlV2b-wNMiy4Kyq45fA
10.371468,4.9749184,1,0.10730679366714801,UCJxaNTe5NEF1ewIv1qCbIKQ
8.080264,5.8858523,1,0.1360039591791738,UCJy6XBK4s2e9qY3wBclOeMg
8.454532,0.032027952,1,0.16180806604999126,UCJydCjxYk8EXl5DGwxsArsg
11.037025,6.200617,1,0.12970701508862764,UCJz3aHk2yzhYnn79l_vMaHw
11.743055,10.070551,1,0.13878917884719,UCJzcjyFJfsc5yIGPFdCFOHQ
6.106299,-1.1452509,1,0.11927215267116287,UCK-MpPSnKHIbevDsJizLN4A
11.36977,8.132085,1,0.15710576300245543,UCK036Q0eohGBZC_N5DHYkSA
4.1840663,-0.95346427,1,0.1291682603454874,UCK0y3iTYCC0niTi0QS3p_rw
7.640724,2.4170842,1,0.12374614648457283,UCK2rn6pdf5jMmgPFaX_vU1g
12.571588,5.0856633,1,0.15831690846289248,UCK42_mpjxeX6oX0GzQ1N6LQ
0.7592132,0.9197102,1,0.12689631988735406,UCK8D-7ipayTAflMD09NlI-Q
6.0963945,12.71878,1,0.04568895831915615,UCK8Fy84XupSnTEPsQbYRodg
9.927483,3.5269196,1,0.1530899464395637,UCK8Ie3Wzo_v79xCBgYMaWrQ
9.976543,4.0362616,1,0.15194174821003842,UCKAR1Xzu55ZGZe6pZVg-Cyg
1.3044556,7.253514,1,0.07100677360942281,UCKBYRwVjh6bn9dJyMoeDr6A
8.205965,13.093329,1,0.0846011391362288,UCKBeO4KkYnTEnYJPFGQZitQ
11.16262,9.976978,1,0.13372637737003545,UCKCG91b9Yez3AEaVqwcFfBg
12.521679,6.8423443,1,0.152573983486467,UCKCncIyOS831QUoacCrJLPA
10.287789,9.468245,1,0.13253588208016015,UCKE1pFEf1puwkU76z2Z02Og
4.3582015,0.05688257,1,0.11655800486377788,UCKE98tJiYD3_Kkbd8cf7Kbg
10.369966,6.773089,1,0.10544926061311682,UCKED68JWmO_n20tke_BRJQA
9.839104,9.474086,1,0.12280230766336658,UCKEdInYW3ajoEzolFDeXesA
10.248943,2.0755146,1,0.15646293378422665,UCKEy2jZPzhyM2_mB1xxxgCA
10.896088,0.56190234,1,0.15589236711233806,UCKF5zVkzv9lG1m5BtqYzmzA
8.344063,0.26279336,1,0.08604703761241822,UCKF95oyzOefzQpWOX3C4Pew
9.678619,0.14408086,1,0.15840520762638077,UCKG2TD8hFxHBZLFj8_upznw
5.7376757,7.3399434,1,0.03377012342739755,UCKG6PCKy5kVATpmSB50VJZw
8.24521,11.131158,1,0.10646958919836846,UCKGU7SRNk6wa13UBT8xMP_A
7.174759,4.2323523,1,0.12826522836961163,UCKH3o0lnmgLJ5erzPFcHkDw
11.10409,8.173493,1,0.15076944278766957,UCKHN3NcDui5tws5VhlTh3fA
13.439945,3.662343,1,0.15341913953023834,UCKIJEO7ZQldZMzjYACzSzXA
3.2483616,-0.307535,1,0.13057354614323285,UCKJSXnMQv8znickZQpiQyyg
13.64356,7.5325813,1,0.1580962443935235,UCKNK94GclrIH3FYZLBI2cRQ
10.184109,0.9551017,1,0.15953954531771158,UCKNXK-jSe7Uws637VrSnDAA
12.273059,3.9660096,1,0.16001580653549208,UCKQ5aXoMGnL_nNMKn4UhspA
4.125351,7.5708523,-1,-0.0032968647189639544,UCKQoepgoXPPXCm4EXBZ0RHw
0.91523623,-1.0471787,-1,-0.16919001280407564,UCKWILPzNeVFhnlHyCfiCzwA
3.3203838,6.6152344,-1,-0.12840954463402654,UCKYzQfwdX_aYo50RUKlwZUA
13.386692,4.0431848,1,0.15811562694255837,UCK_Bf5cbN8i86JM46h-zOLQ
9.401774,14.279674,1,0.07576587019745856,UCKaPp5CQo4Id55X4OIlk65Q
8.360892,2.099731,1,0.1409218725137658,UCKcUfoeKp75eh9dJKy8KNwQ
7.2372622,0.029792374,1,0.15670844820671825,UCKdCoO2xMJpzInq54XcRrSA
11.401136,5.56321,1,0.1353887905383767,UCKga2g4ArDsV3QRzgTVHkTw
7.635883,7.3224096,1,0.1200895757249244,UCKhkVHPnUxB4VDK23fqafzg
5.257189,0.73390293,1,0.1224617321881859,UCKj4L52BQ2eLJ45IHSH-uyw
9.05137,12.360701,1,0.10529856110351438,UCKjHuspfgaAH7EOnEwH0a1g
7.693551,4.677325,1,0.12979294344754072,UCKk7L-IIr_H-TS0C2FPk-2g
2.2664325,5.8603516,1,0.02152013776830558,UCKkC7aNFOEL4Fzkojh8_zGg
11.423536,6.028011,1,0.14977371781044013,UCKl2ZSGMKMnIN5QiPAmb9Vg
11.305749,6.823972,1,0.1532152390395874,UCKlRPQI_KGGmefo_Esw-9RQ
5.2805085,2.962329,1,0.05119259555887784,UCKltxhASFYKqfH-B0xSzXRQ
5.415059,-1.2720077,1,0.14234198390953506,UCKmKXCwuHwi6TYJRrDYovag
10.911173,7.4274936,1,0.14144973372901004,UCKmoUByX84VlPofWHGJwPbQ
5.66009,10.327698,1,0.000805203479946559,UCKnU-wOy9EeFU0_VJeYQ6jg
10.472713,5.0922728,1,0.10454831182296204,UCKnUFvifVMD_Cm9EbP-N8lQ
3.2538338,-0.6289141,1,0.11251587189781581,UCKnsn7hPNmhCqziJfZTYa7w
10.35684,2.7318344,1,0.13450519807349348,UCKoNd1bK_QcDaQ9VsOZVauQ
11.816248,8.813196,1,0.1350078246112006,UCKoOXrdJ8G444u7VYhQ6olQ
11.134146,2.9891424,1,0.16337365980101853,UCKpcGZGw11y6sMkqLACXL-A
8.98808,5.0644493,1,0.14419333707253845,UCKqErh0-wWVJQ9K-5j4LKsg
12.396891,4.0793934,1,0.1555032596193724,UCKqnolV4Merceiwp1vIfiDQ
11.07104,7.4152265,1,0.0932957527979541,UCKrGHsSd7KAvY0XzfXYgntg
11.5428505,10.229121,1,0.14129110020205088,UCKruRnsA98g_W9nrwZy41Xw
10.069532,5.7841473,1,0.09341865899355506,UCKsYLVrkoi5XM_ldCuM3nUw
10.694264,3.3188922,1,0.14519581567451473,UCKumhTl9x-hlvku3EZlCKug
11.792278,4.428108,1,0.14984621808016196,UCKv1S7WgHRFzDxr17RtTCKw
5.435437,9.9196415,1,0.09542080770996186,UCKvz4reZG7X0cKkQa6t_PZw
10.143891,0.6438907,1,0.13105889123454384,UCKwJJysQwopS4dmdi3zTClw
8.22498,5.7509027,1,0.15833238008239842,UCKwbC24BFP-f6NLsC3Cv5_w
0.5649778,6.53702,1,0.029050724762466285,UCKxQlxka5eaVOR-Xna0e9vg
2.081343,-0.19677636,1,0.004242685180460726,UCKxlnGDhVxkjqAQDDn-oaWw
9.088953,1.0708115,1,0.15190529658006274,UCKxyGnx_ZjvTKbTuB5jVKvg
9.65146,3.5802999,1,0.1546279712186137,UCKyrQ7sZrzynReVrxLJQXDg
7.6786423,3.3645833,1,0.1332603848085776,UCKzIVR2hZppwMHFOOjTjMUg
7.462556,13.852206,1,0.10722513285776503,UCKzMS7xpAWba62Mbso53t3A
8.84116,3.9527187,1,0.1382094126825965,UCL1ER-jYd0izRIlPYuQFbMw
10.021025,10.846518,1,0.11288902677458784,UCL1WcxlDxvedLFkJA2H8fWQ
4.1574283,9.317999,1,0.038211669045895125,UCL1sLmduA18r2QqGnWYps2g
11.518093,10.364317,1,0.1448898317488747,UCL2krQC--M9cQ15_ckj6uEw
13.947421,3.0952442,1,0.16247545255151846,UCL5Ap6B_5sZWDeo-JbOaC-g
12.701927,9.026646,1,0.15702192988966795,UCL6935wR_nH2qU1HhhBMevA
8.628982,11.009655,1,0.08440719653679862,UCL6faS2AxWRHyhe9PST-BGA
6.3748574,2.0210347,1,0.10530308394349269,UCL9DzZ00vJegnZue-sTdLYQ
10.660792,5.499158,1,0.09853878958470724,UCLAbDYTF06nFXXtUKvhhh_A
9.2562895,3.578573,1,0.14623721176054172,UCLAdj5BwJOuPbRSAymyZ0gw
12.511312,1.8554126,1,0.16406392916975165,UCLAydouMu612cGgFtZSFB2g
12.613634,4.409905,1,0.1593611568831707,UCLAzDSXXhkaffpsZgskYBSg
12.363938,4.8059874,1,0.16436180058917943,UCLC2l-SBIcOUEr7fnapodEg
11.377921,3.2610037,1,0.1620071455741019,UCLCKgdY-CupG8q06lnv_uLw
10.647135,12.076979,1,0.1334641382274206,UCLDC3YLAhzljtL3tElB_3lg
12.906365,7.4363384,1,0.15559798411438314,UCLDKpaAlA0Ap6V4hQP_-8IQ
11.933654,4.506524,1,0.15095981206465692,UCLEcCbIAoe-08hV4RRHvWLw
3.5122886,0.494278,-1,-0.027816708804501933,UCLEkptekQRH0pLYhQg1TQrQ
-2.0390239,-1.4839841,1,0.022582692618607847,UCLEna8M8WAfgWliReqL-sug
10.6909895,4.4727845,1,0.13167791474370966,UCLFHCsLpHqjpm4ZHkTnXZBA
5.905651,8.508045,1,0.10064303885046039,UCLGPv4eWxcoGspJMW-R8fGw
10.265427,1.2015117,1,0.1634441571620906,UCLGi8FtHW9VDu23UgFSZsdw
4.8076444,0.36940983,1,0.1273340460883728,UCLHH7O65atyGeiiAvdeuYgA
12.256304,7.6543894,1,0.1375779475701122,UCLHODIo7vxDr1nws64huSTA
6.8759093,4.0899773,1,0.137575569566392,UCLKO63b6ffdn5q84ftPRb7w
4.590068,3.0957043,1,0.053055684528171,UCLMIFbJIUEn4oaMy5Mvy8TQ
9.966664,9.331546,1,0.14873374893954627,UCLOAAt2Dn6tuY77ckWiKpxA
10.879032,5.818561,1,0.14110481128482877,UCLPrt2I7dVmli5WeJAEu9pw
8.813896,2.1190639,1,0.15003407456356982,UCLRGB5QAOLLZGF5wM3mrd3g
6.054536,3.5791118,1,0.03504981093235798,UCLUt8H_RWr6L2qArTCPIAdg
12.288873,1.206985,1,0.15663165946887858,UCLVGqFdlqiUZopgnp6DTWkQ
8.139751,14.028339,1,0.10320504652095092,UCLX-iBfkiBa1MtFJkBvxjLg
9.220029,4.4788814,1,0.151281714499098,UCLXIh_LSDBDz5mZ-5EI9fSA
6.755899,-0.752481,1,0.15467106943188935,UCLXg9208qefNkM1ptY9MEpA
2.9879704,6.7460027,-1,-0.03311070347957379,UCL_KO4NMP4tjspOMgQIHRxA
11.385873,9.938007,1,0.14949265807521178,UCL_Pw62I9qIhDhm1eno_whg
9.905362,7.745776,1,0.15629644261249798,UCL_TrpYcl3Lbj209zxlFg1A
1.1432271,7.5580397,1,0.08219271324149441,UCLbajGW4KYIKCUF89LaZOPA
9.886427,7.4819775,1,0.14153043422053424,UCLcHUhR-yjQgh1hOGq2xAmA
-0.339195,0.46933135,1,0.10729260911048832,UCLcaNshR03MPgXpaKZPQtHw
10.689628,5.323053,1,0.15254715950144,UCLgDK_z0EeoTdLXEC4_ARaw
1.3810774,1.9232806,1,0.06409248193802192,UCLgn78loM1JEeQeA3t1Ok7Q
7.499959,-0.29080188,1,0.13526179251106352,UCLhPVbIGHSInWL156c1a_Qg
5.6330557,12.222813,-1,-0.0061205158883218536,UCLjBBYf8XEYYzUKeB7PfX4Q
9.961396,7.4121118,1,0.1457817949471958,UCLjFChohT8YDwy92945ntFg
13.805013,6.0184298,1,0.15358858299780026,UCLkLNBPS7TMMYAiNAat8pFQ
9.561923,1.6689954,1,0.15331945063328056,UCLkWMXPCsuhxaZzTL1RxeFA
7.455649,8.764238,1,0.13759046868472619,UCLlumAMcmoP3o3OXc7pVSqg
10.250683,4.799377,1,0.1322700045698702,UCLm6qNhePyDd8xMR77NW0dQ
12.781125,2.7916474,1,0.1573384912613497,UCLnoRyq-YxUT7n8Z9KjytvA
4.695712,10.50689,-1,-0.14892448626288357,UCLpJqfrTcLpvrEme3Vp8-vQ
5.100552,8.446677,1,0.08591895193794313,UCLqcZGfLm06xYitWZTeF9Ww
8.061455,4.807244,1,0.08604444152566332,UCLqhWi2NJ65pHfGhbvmgc1w
6.7218966,5.597711,1,0.05687646485762521,UCLs-zwOMDNwWaTa8dI4qsjA
7.0724497,7.496857,1,0.07586347013982364,UCLsU3Kbv_qpfnclM-EDMv_Q
0.9891576,-1.0052546,-1,-0.18082987457656585,UCLt7ivYV0_Oe6iOSo-y_UFw
10.399026,11.033125,1,0.1258721754702703,UCLtCvtRATucCy5GfFV3NDvA
6.1770425,9.287538,1,0.10037739260852835,UCLxf7BbSIQzwlp-4Nzd76zA
7.6173267,8.847048,1,0.00956723720678393,UCLxmocXutWCN0e3HELNrDJQ
8.093611,5.142584,1,0.15772135561944056,UCLzjELvRi3-FYl8nLIujqjQ
8.748844,6.3272305,1,0.09584193775927013,UCM-1CgVJYCMnDUUof06arkQ
12.376385,5.0385685,1,0.1373108830933648,UCM-5cLUaC9H7zz2-pSp9wxA
4.7478485,8.296307,1,0.0906073422507131,UCM-KCKTyhibGDR-Gu8uYwjg
12.48562,6.5375204,1,0.147157442246157,UCM0xjvQEw0uaGcJuqV81cww
9.852728,0.25917566,1,0.1583703255566145,UCM1e0HvRXcTS-wLT7BxsahQ
10.592883,1.9599954,1,0.1531790878386992,UCM2IiH-NaaZ0ttd6tdcXCow
13.314863,2.0043142,1,0.16297710995622622,UCM2jxaOY97bci7UHdklU4RQ
9.652763,13.042275,1,0.11996841696193128,UCM2obt59EEQuYLqnOfWXn5g
11.117496,8.44705,1,0.15216702350097738,UCM3xdIIhq-rUMBXUjmxVL1w
0.13385399,7.2192736,1,0.04486036424817613,UCM4USSyFycozS4FgCd3ZLLA
4.482413,-0.3117952,1,0.1265128666111071,UCM4ytcATXD7BknyhC3ej7LQ
10.466601,2.9217331,1,0.14579015166829584,UCM678nXZtJeqVMGgrT5QEqA
13.495079,4.069998,1,0.16083250417210682,UCM9wm9xAHHLx2c4TShu6roQ
5.789365,11.561992,1,0.035076725955796695,UCMA3oZvKkdkS_YI7qus98nQ
11.255373,4.9705167,1,0.150622462115999,UCMCdR-NxEi3UZArlV1iQGCg
11.121376,9.63084,1,0.1465038917205081,UCMG4vrEq3fFEvxXr_fMiSRA
8.75492,1.0405037,1,0.14607605469006757,UCMGgC1x6oejPaDx1ku-PcwQ
4.3152747,8.659139,1,0.06799324426822678,UCMJkf1_BT83re1Oop0U-iaw
3.2316804,5.929451,-1,-0.029038094390087865,UCML8L-NJfdPqt4Ldw1CEoOA
9.490643,7.2506013,1,0.15713125065217298,UCMLiDHwjl53Gy6BWoxCqMKQ
4.058721,7.328889,-1,-0.1084444873131909,UCMLkTrKuK8a9PwL4x51dG3g
0.9389926,7.410628,1,0.08208291999013945,UCMOY5KeLaRAt8ulUmJqRSrQ
6.54954,3.187206,1,0.11307270516279683,UCMOrZFrLv5PmJLK6BdG2F2Q
4.0666704,-0.88025373,1,0.1221830683722595,UCMQt40_NQZcynX8k5x_MWjQ
1.0652894,-1.1130847,-1,-0.04638948650807895,UCMRFUlKSjiL7SNaRevcsNCQ
11.665479,6.8134017,1,0.14924754898189546,UCMRPv_JDHY9eL82XsqeSs3g
9.810566,2.5775354,1,0.15169575642324407,UCMSobC7lyIxCukAx-4viKTw
4.632021,8.202573,1,0.0952790577778167,UCMU6ZtfiqOJJ88gWdSX4iDg
7.0427637,1.808022,1,0.13670633280784306,UCMU91wEB_tzUT7E-79u8pgA
-0.75881654,-0.9900238,-1,-0.025655758147270946,UCMUaVI67Zarw-K-cxfc-5Hg
9.009024,4.8360534,1,0.13654665422115492,UCMUxNxR6ZmPh6kSUk9wHtFQ
10.205373,2.2561896,1,0.14344936384234697,UCMVUntv8DALJMDCgsElhndg
9.652325,11.862749,1,0.0963855386537047,UCMVdVnDIK6U9BRL_1aCSwuA
-0.90564376,-1.3901861,1,0.06727108400638643,UCMWAKDQiH3mE4gHJF1ZgNZg
6.425684,-0.9632646,1,0.14679305356924272,UCMWZt0fx1rg-v1SE4yeCryQ
9.945007,10.575045,1,0.13381589424537266,UCMX0YCcUgTaPa8lq9htHdGg
9.639672,13.0136795,1,0.12562197944164238,UCMXJ1E1iuvkGEQxBDkYRDzg
14.304145,4.857612,1,0.1637008105143884,UCMY6SbDXkB0mq9b7vuT6LTQ
-0.757062,-1.3352085,1,0.08649170502610726,UCMYIWB7GC_LYwq11Ai5o8jg
10.745558,11.630417,1,0.13358880510926807,UCMYngNZP8uJhMJtdTlQiTrA
3.0738006,-0.31133056,1,0.06175374097428915,UCMZNBr8C0TLvHhHMw6m5RPQ
2.6787465,-0.17357963,1,0.11449618469325029,UCMbD_E_1AT3ptdQ809cSqoA
1.5618417,0.49831083,1,0.11693852418569306,UCMbquPz0eKVjKKaSMkPr4Zg
10.450644,7.1269917,1,0.1315369933940187,UCMdP47I4KgNQ2U-bbHdX1cg
8.349407,13.751857,1,0.10624793585691128,UCMdxF12nhZUs8y1Xlf9JXqQ
7.8223543,9.288935,1,0.14185014218656106,UCMe_4S5x94XtmKxj2L_CS-A
7.433951,3.5521646,1,0.14554724549591913,UCMgH0CiOhHEUAO2THBFMECw
10.466176,3.047337,1,0.14792568198104772,UCMgIMWSzAr1_4BptPaMdLqQ
8.4094,13.683722,1,0.1086878339229958,UCMgxlaKqhDiA2LM05KyvZ2Q
15.014721,4.4679513,1,0.1373981569651327,UCMhwhHNMcIN_agMNjhtURQg
13.577173,2.6962533,1,0.1642662925521433,UCMi3o_s3DkCY0VoThHuufoA
9.849001,0.97790605,1,0.15676678375039904,UCMjhKYSfaM8uUxRQbdHSHsg
4.083885,-0.73897135,1,0.1448028221571464,UCMjkExwd9qR-E54XsxZmWFQ
2.3359168,5.6669645,-1,-0.0016791508539755196,UCMlKsztqDZx2S-Hqwjg_ohw
13.631667,6.293088,1,0.15526586002498777,UCMoc4RbV0-QfMg0_TUl3y9Q
11.945956,10.988154,1,0.09306226684546126,UCMohUwkYIMKOxGjMA9mreFw
13.2936325,3.7841535,1,0.1572816257010951,UCMq5wUMWEA5ZComYJg-XWlA
6.2002707,0.31344485,1,0.1306125998554149,UCMqUU_y-tZUzQi43pr1fH6Q
1.1558809,7.9428053,1,0.0756436644068727,UCMr_8ULu56JMFUR983cEieQ
9.402451,1.519181,1,0.15563304184962373,UCMs2aCr-xMCuJzUnYBT5Cxg
12.603073,5.2767158,1,0.16133308789247225,UCMt30rzhJLXqzVGZzby-4wQ
12.321402,10.273806,1,0.12076394929001039,UCMt6_IDmq7bx-tdq4fT73rQ
9.021244,1.4232559,1,0.09748572205934086,UCMuu5BumdEb9pldKjzQCLvg
6.2215257,8.768691,1,0.10822482540532319,UCMvPNLVVT3Bc5T5k4t8fZ1g
3.7913554,-0.21066442,1,0.12653900922879419,UCMvgnuYTIg2AvHJuQiaJWGw
9.895405,9.593955,1,0.09644130070465728,UCMx53_rtRk9ea0hZLh0cS7Q
7.185858,6.6654572,1,0.0756546458787064,UCMxgQFNb99YYZnW96nETJFA
2.0976973,7.500689,1,0.059586916146668,UCMxv92zAEm4ud0XO-uhs28w
10.042041,10.617915,1,0.13558473311550773,UCMzUyEMJEvHvgmf5hpoBPQw
12.482601,2.7295988,1,0.16568913379130606,UCMzcnTMWhEshylJI3yjLwfA
5.857134,12.445119,1,0.03137241565203247,UCN-cEdQkMszwEfbU6UkSl9w
10.449129,8.431722,1,0.15881184229606643,UCN2atYDqj7l_a2jjbBlxJLg
1.1206905,0.9528679,1,0.11479111852641888,UCN6LhhVRj4HqqyCsVdUdKfg
-3.9297025,-1.7866231,-1,-0.14344482224661803,UCN6rzZOB6vJu8NkHFVakA3g
4.494802,10.253445,1,0.005685045945468814,UCNASD8o9gbXmLprttmvG3yA
7.289125,0.44415933,1,0.14046148837730044,UCNCCdmeoEoLf8yHUK54wtLQ
1.300275,0.43499953,1,0.05708079630770285,UCNDc2ZtP60SCVFo74NRQ68Q
8.103456,0.43004486,1,0.14881180398465776,UCNIb7iUMK5z7pgsNi_itedw
10.551998,2.882115,1,0.13469665118014912,UCNJmQsnr8QL3qtPRYTUf76g
10.010247,7.842212,1,0.1567781274959596,UCNKtaPsZEcCoF1pZuX-6M_g
-0.028328829,0.3591454,1,0.05414634879271413,UCNMJBrUazekd7kif0zWgGbg
10.513337,5.2060976,1,0.09885554629621002,UCNRXyB_8cro_Y7s8Uvd11cw
0.79450804,0.63252234,1,0.0006749039578869964,UCNStoqqT7LKJDQ6vh-D6S8A
9.859405,7.1911354,1,0.1036644774663093,UCNT-1gDY4IwtQ25JCXg31LQ
13.024167,3.8603225,1,0.16456145232783098,UCNTp0NfNznrIAL2PMWMOwIA
7.7630925,5.8317094,1,0.15404607129097125,UCNWjHyfqVi0II7Hj1vCs_nQ
5.0723515,9.755472,1,0.002409296413228179,UCNWkn1DIu-IdJ1AdwSpehLQ
4.253734,-0.6808534,1,0.13445648499676577,UCNZ3HreDsv3_AgP9Mitwnnw
7.9897356,0.93512994,1,0.1494675803019926,UCNZ7472fqApbBviqvWEjOxQ
10.383596,4.1312566,1,0.1513961966825968,UCNZNPJTYmnT_cMTE9824nZw
11.435604,9.887409,1,0.14415605474361315,UCN_W8danXa80CyLkWKZBCRw
7.9501114,5.9034677,1,0.12911948856354583,UCN_cD3fKU1hJ6f6a8_49_pQ
6.2090526,3.390941,1,0.12307853954784026,UCN_ki28vlXdUbpBqr8KYRLA
0.80347764,1.028475,1,0.12651229074645903,UCNauCZB1B_hzrXgtV8EH86Q
8.729334,2.4179106,1,0.1502764086650732,UCNbYCngSJqfAhQ7stfUKqkQ
6.4252753,13.60958,1,0.05365210864971465,UCNd-tBDNq7m8iBA3eTV1Uxg
12.471967,7.0448856,1,0.1475228518518189,UCNdTyTFYcy061xWT8sxdZjA
5.5927114,-0.6916689,1,0.14777829124104402,UCNdjO23xxDPtLEAIluSuDIw
10.514772,12.40938,1,0.09584644901013017,UCNhaLlMCpSlI99xl5D5zT8Q
13.210981,7.947452,1,0.15977763355659075,UCNi2SscoEJI1XtBWo-3vbRA
4.059603,6.631292,-1,-0.17938951950633264,UCNiwLeKNdIisbd74yA5MitA
13.63828,2.9823868,1,0.1587278682346448,UCNkvaxO8PxehbRmmbHQGFTg
10.932373,6.124537,1,0.131955731099899,UCNma11iqW58LQ9E4qaBkntw
2.165751,6.4535723,1,0.009829092235004888,UCNml2Rf4TQq61kmTnseivig
9.674027,0.045944028,1,0.1550416013189861,UCNpMK6H4t-gI3MkzR68FtOg
10.867041,0.5219178,1,0.1335556228239732,UCNpP4A5GxQrl-jTQgwlw7tQ
3.950587,6.6102753,-1,-0.08379288241363592,UCNq7lnAS8kHAVRNsx_su7tA
6.1964784,-1.121419,1,0.1301014569794991,UCNscPzLD1jN_0NhRnHqTvlQ
4.901114,10.531913,-1,-0.021820628180156287,UCNt6PhWZYrrKRfHDj14521Q
11.405647,2.3537676,1,0.1539243506885689,UCNtc35PKUsHLdu_lsnlsyZA
4.0892696,0.6230482,1,0.08242702763106419,UCNthl3PYE3ZlVB4X_e64pjA
5.8350616,12.226375,1,0.011054347972518808,UCNuAznZGQMkS-uE-opwntUA
4.855003,10.711462,-1,-0.005785016756298722,UCNxI_HDUisdTY7XEPB4tnwQ
9.622027,6.1938853,1,0.1429786813582073,UCNxlK7dJBpQkXTxsXUlL5cw
4.7929387,3.5429974,1,0.016191056232111534,UCNy35ptog4P0UO1rGmQMLVA
2.6914508,6.6253214,1,0.005090313606931407,UCNzibLvHdIudTgwVxo0SxIg
13.407876,2.6774936,1,0.1630540400185631,UCO0FkOCxGlWgsD2BaDzL1jQ
10.603927,4.2405033,1,0.13995651787530078,UCO0NO0k1C5LzmhXxx-Wm_WA
11.082674,2.430453,1,0.15792509060929477,UCO1ZOk2VbyceXfOHIDa1LQg
8.920664,12.233301,1,0.11254207626325341,UCO25VJKh1rJ097G4oeYVcBg
-1.3700193,-1.4065001,1,0.07803364677116659,UCO2RdNSI57z2f-QZpheo7jw
5.232872,8.635217,1,0.04883016987205341,UCO34J0tfaisSaxDS_odnrwA
6.3666825,-0.17247033,1,0.13462367169345596,UCO8791kVrVRd22l8eb7LAFw
2.644468,0.760398,1,0.07017935478857334,UCO90TjJi5T1SvGfH1WCAvjA
6.227376,1.2672439,1,0.12971956841003995,UCOB2TfE-J1QyQW40N1n4kqQ
12.903957,3.3630633,1,0.1631114718829808,UCOBNkglJN0RPvIjXWmzY9xg
12.664088,4.615184,1,0.15380836885842358,UCOBRw0YHPSxv3m-QHRfedew
6.884063,6.115594,1,0.13671281094733861,UCOBue1PH-JNU-lVaZmg9M1A
13.409931,8.207988,1,0.14393998684412795,UCOEYfejyDmEUT33-HJx63ug
-1.4881864,-1.2818838,-1,-0.18641311116744208,UCOFlYbL1XlJuUgUg8BOITaQ
4.338639,1.6423379,1,0.06347845273996888,UCOGS7MVA2Nh359RS2ZkDr9w
9.595702,4.6322117,1,0.11411695165424107,UCOH7P4vi19uqPXT4t5Bl68Q
-3.8648913,-1.7638046,-1,-0.08919229064423395,UCOHBX-VEGAjsP1amx8S9ZYg
11.965454,10.251385,1,0.14620007397303791,UCOHhIeXoMQU62_gVqQ9s2nA
11.136387,4.903917,1,0.14498355831451226,UCOHl1cyutua5NuXsNtGXJXQ
8.172545,1.0660214,1,0.14233390196094792,UCOIwaSMx6CbtVsp_ufHb0fQ
11.830126,7.8054266,1,0.15355970298763583,UCOJOBZNJLZCIW1FEaySuaAA
5.9465613,0.33826047,1,0.12631137803901404,UCOKIPfw_xp5YeR_LUMDnHMA
12.887544,7.6663594,1,0.15494202786701683,UCOKXaauDtahsPXzhZ5mx70Q
10.615924,3.1461823,1,0.13978339389472094,UCOLNChBfTnznJ1I5PesdplA
4.9640775,9.346448,1,0.06584775434317391,UCOM4a2QTWooucQrESCL22Ng
9.664584,13.696664,1,0.11395757351759211,UCOMbDLR7ma8bpUaI9M15S1A
14.149357,4.2215953,1,0.15411564939433564,UCOO-PqTx5q4lc5M5Ehp49EA
9.379801,0.87311184,1,0.14178419119863506,UCOOYzLfBjWHsXTMy2q7_DWw
-0.050142426,6.0876055,1,0.07030233323186352,UCORKyLSn_1kB6FeTglUJAlw
11.762787,4.5550776,1,0.14943118066424943,UCOTml_gIIqTMOWYzVKfbyxw
12.683939,9.329762,1,0.15328669282785828,UCOWXz88XBCezFdNJITdVo_Q
6.415501,7.430081,1,0.10812849428608484,UCOWlNOZjIXy-5LLeFIoIj1Q
10.727683,10.748703,1,0.12483402710943886,UCOX-HcA1qSeNCbNq_up7q0w
9.895506,3.5121152,1,0.10862145704666548,UCOYvo3AjQuR19MepKm_Fbqg
7.592595,14.020284,1,0.10163436796315894,UCOZ1ypuDGFTxDXBsSlsbk0w
2.3230107,1.3650613,1,0.006679289123128818,UCO_cJQMTRU7LC5SuxCMNh-g
7.071457,7.37414,1,0.06535932325403715,UCOaFox655s6MzVAC83kTI_Q
11.593618,10.155732,1,0.14143798046202127,UCOaHbz8qAE0GL9MLo-3kAvg
2.759869,8.017657,1,0.026104287072337418,UCObVMTiout7KscK0I1_0PPg
8.583949,9.415357,1,0.14045863122092134,UCOcGyutuwSVLTne2lJAkYqw
9.183261,8.479295,1,0.13561780076470242,UCOhaqXJiXe2y-Q0DRyF4gPQ
6.5952296,3.9305282,1,0.09715809092408317,UCOiWER0zk6Sd8jwO_etqTvQ
2.792317,0.8187995,-1,-0.014123220512235801,UCOjaA-WqeSVv5yYzcZVHRSw
0.36033896,7.2949195,1,0.09117947554025319,UCOkuyzzPVBvlX5sWhpJf3mA
1.0111994,-0.8550542,-1,-0.051759817777259465,UCOlE-jjlntU6MdyCVSecwCw
0.40460682,1.0654384,1,0.12568753093815288,UCOljzDRpDcHrQgvQFjuiN1w
7.4466796,6.175923,1,0.13829531831054614,UCOlnVMMaCwpT6JQqgYH92vA
7.299331,8.309062,1,0.10408861111568263,UCOmuYcwzKikgTT-y5tPQRnQ
3.8879054,8.873688,-1,-0.029486705174066596,UCOnULsxLCgbXeD313udb7Ow
8.436287,7.090487,1,0.14162400519951135,UCOnUmG2umqGw6-BIdE2Dz1w
6.022023,12.239044,1,0.05389443541908634,UCOnesLMmE6xQw8TYEBx-Zuw
10.160526,12.64871,1,0.12134912208291404,UCOp2OQUz-BfGNLBvmDMbSRQ
12.03934,1.4737118,1,0.16413409765545767,UCOpQ4iXUaX1QjPKJKOxuwdw
7.4070687,5.4240546,1,0.1465920469873631,UCOpUI8M0Dd-mK6wmL98E2wA
12.61508,2.4037628,1,0.16193952443580717,UCOq_lWI50yTa9F3Y_FxVdzQ
0.6543263,1.6860033,1,0.04709869791205035,UCOqhn4eQQ8kQCN1FpmYUTEw
9.948462,10.454333,1,0.135096693141545,UCOsKYxFZmG37huU0f2AFM1w
10.678639,12.291732,1,0.1302147821278959,UCOt-Xm-JhhDuVqJvinDa9Ew
6.940793,1.5055776,1,0.1349712346374311,UCOvmYM5PJctApj3vD9zzk8w
3.887616,8.369678,1,0.014371978412034747,UCOxMw8uERlc4rM80LqvQsUQ
7.231114,1.8752787,1,0.13852534999742527,UCOzz0A5l00GQy-NSyFvC_vA
9.730766,13.035287,1,0.12276121374537752,UCP0J7_ZJsnLryTJxyQzeQxA
4.876108,-1.2192483,1,0.13964680676562008,UCP1WR1zpq41mtwrTHy4CNBA
10.971272,5.2193856,1,0.1442363324682605,UCP2WOW299R0Zyz8LooMD4ow
12.385144,5.6793294,1,0.14697604179074242,UCP31odWRcEMmtMTHs3n9zEQ
6.983038,1.0718759,1,0.14342473798829541,UCP3NXOW-3FUS1xhTVMcRW2w
-3.9082236,-1.7964363,-1,-0.036898352908664056,UCP3O0bqJF8uKF6SYSnFUynA
0.99218524,6.8727565,1,0.06169324133164539,UCP3UzMEFEUu1C-qGLClvapw
3.9619212,7.3910027,-1,-0.07162084586921835,UCP55Rzf5jGZBOJ9eRgLQBsw
10.108223,7.9096007,1,0.15305953725607674,UCP5zn7jDrjoP_oGTi8CITrQ
5.318,8.507699,1,0.07622391802368828,UCP6LmAM_xtRUIfNszHJs86w
8.3344,7.8005376,1,0.14867038379479852,UCP7RwmfnS9EA2uSDrSjJhRw
4.137772,9.185387,1,0.052370474146378077,UCP7UJ77QFGFI2V5WY0J8hVQ
5.624097,7.3886647,-1,-0.07257408817745825,UCP8uQCp9tzhkm_-5J8o-k4A
8.693943,7.078369,1,0.14730955173899152,UCP9r66BsJpwwef9sOymzCsA
0.15515819,-0.9617874,-1,-0.17064968682052117,UCPACLGYMFAxvWEtu958suwg
7.051146,11.0684805,1,0.10387631509374101,UCPAFLmpLQt0c6Fk7bOkxglQ
6.0454726,2.4080143,1,0.11481709479148916,UCPF1wTA_kIj-KltiK0can0Q
8.855055,6.705962,1,0.14010852970207271,UCPK0iAz4nv7pOvXwi_ob-KQ
13.032661,9.013886,1,0.1415863487547117,UCPK4S5GzQARdJC4qAfTrDLw
9.771129,4.7849026,1,0.10718339347684191,UCPMPqj6RfOrfqUnhh1b_oXQ
9.974108,11.070515,1,0.1361597776260367,UCPN-UUTa-ZzmrR7U3fIO8BQ
13.404785,4.120398,1,0.15862627102004662,UCPOKPWQMtZscKv5roshke_Q
7.6329083,13.768275,1,0.10565895964032385,UCPOZVGwr_tI3CTYyXxREPpg
3.030843,-0.52095187,1,0.12219205444350756,UCPOe9yAAKmedmzNrcEtw5qw
4.062059,5.7856774,-1,-0.18887051776964126,UCPP7rQOIv-DqkAG1Yq-7oUg
9.057829,5.3481326,1,0.1456899507966431,UCPQs-p_ccMvK1YuEjP5rW5A
14.704958,5.037324,1,0.15618607864206968,UCPRPPv8tzX2EbZj3JSy0JzQ
4.9864783,3.5704997,1,0.0032409149089879796,UCPT_76MwHgN5085vjZQQbMg
2.8703718,5.884892,-1,-0.16712728451071301,UCPUeGS4s08TG7wgfeaIt3Lw
8.7489805,7.269586,1,0.12480801669159763,UCPUp2eMTThfrXCyRnXKSmrw
10.325729,5.3827467,1,0.037410445373425194,UCPWL7ZC5t0CYrlr7ztyiNgQ
5.6592426,11.918538,-1,-0.028595047179833744,UCPXB8a7JUa9Hi4npX-B3idA
2.5015664,5.6904345,-1,-0.0050001577660310215,UCPYZov-3cu5T00MLD_tL-zA
11.945369,3.299451,1,0.1605090299980702,UCPYt0AodY3elxHEQiLTbNRQ
10.626069,12.231644,1,0.13335606632142882,UCPZigcEwXI1yvcr9ycPFWPg
11.514603,10.015991,1,0.14579211775182888,UCP__YUyDBvcTDvcJ_IVo1tw
7.044627,7.5045934,1,0.12509848302875365,UCPa-HQx8CJXw3AowL0N1FOQ
11.929276,5.1994457,1,0.1570104785928645,UCPbqYVwuet5H6Jm-8HPUZGQ
11.384712,6.79037,1,0.14843707646000293,UCPcTPyYwVZiyzmXuk_u5Jyw
5.2340837,-1.0481575,1,0.14684324367806073,UCPco6E8erUp1HxRvhf3HsZg
4.635461,3.2038577,1,0.07783309110688935,UCPd5xl8c4YpMECLBKWpCJNQ
13.570155,8.13535,1,0.1334192460523157,UCPdD3YpXTI2gROpI-LtEiNg
12.099745,2.4977396,1,0.16087118082966068,UCPeZOW8GUyv2rL9P_e7BMzw
0.67731297,6.517097,1,0.014187652768359427,UCPessuZQy5_st-CzifVsuUw
8.549914,10.453349,1,0.1280972354836914,UCPfUe_j5kVggThOU4Xp8-1g
7.953661,-0.36114287,1,0.13311877745400086,UCPgEkm1wDqJE34YKNVeYqFQ
14.47232,2.8038523,1,0.16042386380025808,UCPi-Xsta1dTIphd5Su316RA
7.3964157,5.2766037,1,0.14495161852418803,UCPjX5Wo5KiLclR-FpZGMj9A
8.542341,3.9072182,1,0.12964600722614789,UCPkIKAY6qaQTynmJV43cAFQ
5.919714,2.5380008,1,0.0984399602792419,UCPmgpaTGmxNKoceOnFbgk4A
1.4788553,7.3260117,1,0.0627480679011641,UCPpzmjPrlbsfTgGQFhOzV9Q
12.386709,8.103762,1,0.14240523381471104,UCPqh3FoQvdQEoW6z_dgWESA
-3.764656,-1.7706147,-1,-0.008035577866525867,UCPquI0r7ma8No-lF_cP_cig
5.6347914,1.8234917,1,0.09253481368037264,UCPsWVFUj9DAR-MYVoM8v20A
12.018541,4.8070083,1,0.16109401400347906,UCPszdnrj_8eyEJFglR2yd8g
10.086561,1.1659002,1,0.15418416235030102,UCPt5_QsxGU1ZQ2ektIK_K1A
10.352869,12.296378,1,0.13629838445967002,UCPtIEoB1-cgGymoVE4prZyQ
7.228176,7.964263,1,0.07421944289905352,UCPvFVAH-ZkS9M3qezMKAo5g
5.049547,-0.38714567,1,0.12238926206413048,UCPvjq_ahVgFMFnSpVDR9B5Q
8.266928,13.426738,1,0.11134170502429735,UCPyILZ97cIKMveQzjggwN3w
1.6814976,0.244266,1,0.12129190831138281,UCQ-ZSxvPWWtxpC-MVNnQk5Q
6.54267,7.3503895,1,0.11462385575844863,UCQ1rKvydNl_JLCrWsD9VByA
8.503721,5.1780767,1,0.14054228846827782,UCQ27c9LVOyiR8_3ZcrISUiw
1.8864858,0.5945248,1,0.0703791162122982,UCQ2BQpQhF0UpdKa6uH3DLFw
7.965671,13.098328,1,0.09052903576411614,UCQ44fJIOlHecPBtM12GPhbQ
7.752131,13.181825,1,0.015687338192120093,UCQ6qMcRdFqernyfpskLObmA
12.613633,9.857824,1,0.1250003570367249,UCQ76yTYSle9F8qcfkIltS_g
7.565095,-0.39423764,1,0.16093173092801194,UCQ7FZZPTBHLy9lOVZN5fXew
-0.6387936,-0.79410505,-1,-0.01510139953580436,UCQ8vn1PsMKP5Lp8wd_-RIBw
4.054156,7.246805,-1,-0.11231676866368678,UCQ966uhlk8H3sfvxjDULIXA
13.663852,3.9395187,1,0.16028319462788249,UCQ98jn4akS3KpFAYfWDaNIg
4.292206,9.867937,1,0.005680722118192649,UCQANb2YPwAtK-IQJrLaaUFw
13.3698225,4.1934137,1,0.1598541016907447,UCQArSxIgNNSI6WyN4aBzAPA
7.415101,3.8744,1,0.12744948528525046,UCQCyztyqmA8dc2wPGR1ymog
9.559537,5.3977566,1,0.14462652631785128,UCQE3zzg16zALp1A3Ru54fEQ
6.649791,13.952387,1,0.0702051005783495,UCQE9PyvVDQwmsR17i-PvCmQ
9.047381,4.03652,1,0.14390841051154674,UCQEsf2Y3AeAzelDcfTA7v1w
8.113898,7.300447,1,0.134097141257414,UCQF-RBaGpjFJpx4EbwRMpNw
10.92364,10.3193245,1,0.12756448700399303,UCQGFNbtx9aLWj3qCW0J0wTQ
6.139486,2.1369739,1,0.0993368829718686,UCQG_f0SLQvkZpqCQxkHEtAA
1.1792475,6.948918,-1,-0.02574011665812348,UCQHmbWpdleFVdJOBb2mZIqg
8.676883,7.367404,1,0.15356142243520948,UCQKbUkkZ4kDmEL7GWdeEIXQ
8.038273,6.90678,1,0.024117742552515253,UCQNNgFrabu5-gaIv8h9tnCQ
4.413171,0.46301383,1,0.11418553288908773,UCQNRkfW2-DMxs6SPerh6rJQ
7.8986506,12.924036,1,0.0918673734898689,UCQNnnqyPfqzi-Jgnbd79QSQ
3.1031733,7.207353,-1,-0.06273596698916462,UCQOHekr5ykscySeOjzbU-iA
3.6548505,6.038792,-1,-0.09139745298989177,UCQOUQXFYKzb0O0uT0I-5aNg
-2.0231876,-1.4559581,-1,-0.04467390030228702,UCQQGl92ujpYeXQ_0ZsN_kLQ
7.0575566,6.9382954,1,0.12711550412300998,UCQQYC8P3PrpXREuOmAYoIqw
5.8939075,-1.1677153,1,0.13139765010675275,UCQQkSWu7z_e3jrYjWhjRJLQ
9.906243,8.819061,1,0.1478418339393776,UCQSSAFhoaOYMV29cMnuwH7A
6.540929,9.8749485,1,0.12273246870280796,UCQSgJb6uMhddEhjMmMbm7Nw
10.881852,11.938308,1,0.13966206775300777,UCQV3aaUP4YUpOEwayB30Kvg
-0.50328666,0.5637379,1,0.11381270662368592,UCQVbKy2KgIMzeUbmodbkgaA
8.770207,7.4836793,1,0.15074728556647154,UCQWTks93HFXUh9KKcW-Q3dA
4.9030137,-1.3056042,1,0.1305053752602,UCQWcsTQAO_IvosDt5sx9Fkw
6.6781454,13.573385,1,0.08567131798916433,UCQYZzbVyNL6mUhTQI0vNqag
7.0605655,3.741105,1,0.1381555494116286,UCQa4nYh-3sGpPrJGcQQDkPg
3.9882655,6.036255,-1,-0.14835485927626135,UCQaT1yPnnvH7949yyvEMxrA
9.034662,13.110989,1,0.12718423208025376,UCQaUGLgCQg6Kf3yh5Lm9_Fw
-0.3902282,0.54807276,1,0.026368646153279385,UCQbBXHs3kS4fE4JQN4b6riw
7.9402742,0.20222098,1,0.14706650453865105,UCQbnEjUaQen0Vfrkswq4hqw
10.959637,11.421159,1,0.1007313196000742,UCQbz6ZDEVMELTKz77eVoMXg
7.312121,7.740792,1,0.12575627554838853,UCQdJdpuO9gchZT4aVd-7SIA
9.281887,4.948787,1,0.09527744255921272,UCQeKX3uCsng1t5G7Q3zBnAg
5.9775057,9.160339,1,0.12288503111654853,UCQfGxIQAQ4-0lWbOkoe9LPg
-3.750599,-1.7188765,1,0.009751356899433905,UCQglK45dlF_bXAvHrOmP1uA
6.8812556,2.7000673,1,0.061917796234428224,UCQkRji1TJMI_M_CrfY4QgTg
-0.11816657,-1.0322526,-1,-0.03989245624140192,UCQlIllfrYJYT-QVq4CcjakA
6.325249,0.12393302,1,0.14440638296589076,UCQlZUMBAkmyJ8tU9USLUehg
10.402296,12.109448,1,0.12881316869778348,UCQlsN4pD3nqhAlendcB6R8g
11.272827,5.265598,1,0.1441922667880377,UCQmaal1SpzrWiVVIHjd_RuA
10.06129,10.309961,1,0.14207251275462468,UCQpFkb-rTn03Np-89OWCA6Q
-3.556788,-1.7204145,1,0.0122073438852629,UCQpV0iCHTga5D2PBrJz2r5Q
10.078913,5.7615814,1,0.13771947493160724,UCQqRcukWbDR56i7EIS218Lw
9.639332,13.785644,1,0.1161604533787487,UCQqWCUmjqwywrGYTET0s7dg
5.112136,10.401534,1,0.017739630945112606,UCQtdV-wVWcF90eTU614NI0w
7.938234,12.691601,1,0.07252591579370199,UCQtvUmn5rG0QiOLQo2YwEGg
8.712877,5.062156,1,0.13913808555290608,UCQuTblxRC3HQIVf7QNeZ4Yw
4.253144,0.043202233,1,0.13030050893293926,UCQv5e5zUSfTL6E_YSZzo3Fg
0.2860797,6.9834886,1,0.07697966746885176,UCQvA2-D5unfK9Qamk95Ga_Q
2.9254105,6.2821655,-1,-0.006031814992131679,UCQvJGoOlnlsiFYCuJUHOomw
8.974413,12.617378,1,0.12710101427281628,UCQvm7pd5-dgTG2EtgTblJuA
8.050376,8.16981,1,0.14726690655644237,UCR-A5BhmwnBH82fXLYbX3DQ
13.572178,6.364201,1,0.15708686934300953,UCR28u2Ke2t-cExWCvC3Vr9w
11.27488,11.581755,1,0.139886621651853,UCR3BnWuIwK2Dxzvem79BlSg
11.976539,10.440597,1,0.14484357389525332,UCR3PsGYkNWVJUBFF8wjXQYA
1.775214,1.3690841,-1,-0.07241170464368307,UCR4DFNGrs2GlKcmjT5Khvsg
6.956929,7.649292,1,0.12391633450532002,UCR70gfrDqTz2gsEqen2BVFQ
7.3970885,-0.32417545,1,0.1369068749052907,UCR7PyWuSQtYKIbN4rJxeong
9.409875,1.918689,1,0.15302984476816262,UCR8JGN56uZJD43Xite3vG0Q
6.1035523,8.580927,1,0.12223472975864463,UCR8rshYkNNQSqs6W6FMd02Q
6.598497,6.776916,1,0.13362715068438563,UCR9UuIBwPdhhW8bpPmnRo-Q
13.526335,8.236099,1,0.15257023760772687,UCR9z6OFrajaTWBgu3Umfh8w
6.8331904,6.2543426,1,0.1413276959750398,UCRA1PRX4eCYPq6lKUCFF6EQ
7.830396,3.5247471,1,0.1331965528156514,UCRBfb6hc7QJD0IjAPRVKTyw
9.954591,9.1234455,1,0.15162278865889095,UCRBpFIalBn-M7mmRV81tO2g
11.714134,6.6377482,1,0.14545710857034572,UCRC1RnPWiE3h8yA4mHt227Q
11.4374075,2.60972,1,0.15959117477418644,UCREdcQjCGJF-LcChGdv1sAg
6.3239,11.027554,1,0.006562062338227981,UCREzd_hIP92_wI5K1TKjwDg
6.8910117,7.67275,1,0.11108422162809894,UCRF0f3n46KQfBGRNc8WP9vA
1.5377772,0.41625777,1,0.12110754934435697,UCRGAJrSN_BLSJ9fOmoEW2Ag
13.726869,6.178956,1,0.1551288557339865,UCRHNGkLkUbGZHwfjSx3qqfA
6.122611,12.955405,1,0.06022453833142577,UCRJmRbuqfi60SuxtYiW3oew
0.50703067,6.7907763,1,0.06143045039372341,UCRKUzPDYdsc7gUJb8Cbx-1Q
8.026407,5.5685287,1,0.14799930671855188,UCRKXbLrqPThjrlRYcUWjFaQ
11.957307,4.5054064,1,0.1576727785285132,UCRKp9xGVz9nIw_eHduy1E6A
5.3487034,9.080699,1,0.10793381758582021,UCRMWaAC3bJ2FOZRRDuNHM1Q
1.7296727,0.33072522,-1,-0.017082652997864933,UCROecyVH2v_irQucpSXVCKg
6.7792234,5.0322313,1,0.11573702599777735,UCROh_jMW6Pu3x_o0KegRV7g
8.940364,5.4301314,1,0.10152236114048668,UCROqGDh9OMFavfKReiteO0Q
1.541985,6.0161815,1,0.005069958964763421,UCRQeF8gEJzqzX3IFIPxL3cA
1.5575526,5.902663,1,0.0381371069999053,UCRS18GYITkjpW5W0SqvMtHg
10.681596,4.469976,1,0.12917124596498825,UCRSbGeloMR4L_oZz_bBAxsQ
8.484412,-0.3243883,1,0.15120394311764118,UCRSlhe2nkHIIHCWQAMvYMLg
6.832345,4.7846003,1,0.1337632533478017,UCRT817aaVgXP3cWlxAq-_iQ
2.1603324,7.552233,1,0.022511133261869876,UCRVCVTtNANjyhPgUsjC9rkw
-0.6165093,-0.80410326,1,0.10128263203921095,UCRY3A47Jie-_Olsa591jqog
10.088909,12.248504,1,0.12298117878655884,UCR_30faWJ88xF-QiH4ruwEA
11.1744375,4.6533976,1,0.1362723079368185,UCR_YSxno8pxJNVId28VSw5Q
13.246374,4.170128,1,0.16429742012345283,UCRb2TnINcmAFNklQxvB4itg
8.768591,-0.19948503,1,0.14945780026531108,UCRbUMOwFnjHZkX_nN1Nx2EQ
6.021909,2.8652682,1,0.05214316109147299,UCRbzxb55iqh_yFaF7y8rZ6Q
11.835713,4.903031,1,0.1548034736163314,UCRc3gIC2TXbnHV0Iai8u7sA
11.287864,10.003337,1,0.12757138094597426,UCRd_9czd0mkQLf-c6hxRODg
10.523017,3.957797,1,0.14286069997138667,UCRdjGa8Gg1hTQ2YKZRdZT2Q
6.787545,13.038325,1,0.07626535105287735,UCRdyhvvXLO4jNo60djOFkMw
2.1727266,6.0818496,-1,-0.007303351818814474,UCReXeTcGQPqZdHHzSnnnwsw
1.3431718,0.2702372,1,0.056953928376148266,UCRgqAkj_qI2UTSGbRsSPfnw
6.6427083,6.1385584,1,0.0924094295625944,UCRhuU8B54CT4kWDmg7oLkOA
9.07158,12.137795,1,0.08935234086550736,UCRii9yjmoGpOlNzZCBRf2cQ
3.229355,0.34018847,1,0.11579789166498727,UCRk4aTSxez8bnZTOHOJG2Vg
4.333462,-0.93758523,1,0.1444147014572975,UCRkP97bcSb4iIwE7xF3lvng
10.312303,4.255811,1,0.1494761269559316,UCRlO38cIew3bRGLRIJBSxqA
6.807927,7.034177,1,0.139780761390708,UCRljB1MO6gJr4D_FQ6thizw
6.5034246,3.0781777,1,0.12639943039335305,UCRllauuwNU-Oycwi3DRkl3w
7.25807,3.0705588,1,0.13551995220412477,UCRnmCEmz3iTiZUIA_K8L3qA
10.224774,8.157255,1,0.15740055572926315,UCRpi4ZOzNkh60r4FBYXLj8Q
10.871707,5.357262,1,0.14295911227724045,UCRqjdA7uJzu1J6PvD5wqrYg
2.2893155,0.69542867,1,0.04084916642499986,UCRr73IzPT9vO8ICaLzMt6_g
5.816215,2.652188,1,0.080984691076599,UCRsrOw4Bqp2toVJBwF5YD8w
2.2961583,7.381573,1,0.013105675286066598,UCRt-kh-2FC24gW91i7ijslQ
1.1778486,6.9169903,1,0.007809167713638876,UCRtPH-t8SifJkJX6cqmwj2A
10.818496,6.838291,1,0.15030830662502792,UCRu9mL0ujOnxUY--PlqTt3A
3.041815,-0.34259972,1,0.09908465554988083,UCRv0M_jcnCPoZG9Q_d7iUWg
11.337466,10.002245,1,0.1446008732302232,UCRvMSJ5Ss-7wgXgXbTihZYQ
1.4056156,0.6674008,1,0.0852940180435367,UCRvkmG7fkSysN4SMaGaZ-7Q
9.413106,3.5671391,1,0.13999742598128373,UCRw14qvBPk_pnRx7mHQ9dOg
9.380729,5.5412025,1,0.14699801235371757,UCRwsjitJW1YHmQL7GzJgyuw
1.6920831,6.940925,1,0.05100507306906016,UCRyMCXAVxGh4ShHxpVVJP8w
2.083794,6.2245717,1,0.022404561137981616,UCRyhBjm5HW73BhI_mgLlX8w
6.369592,6.719402,1,0.12062032096054393,UCS0BKkADiDte-YltNS20lFA
-0.18552141,7.3842244,1,0.0744061034320983,UCS11wAYOnWu8ksrRAQyqf3g
12.517108,5.697567,1,0.16360131286586493,UCS2uGFIavn4hetsaXZbBClQ
8.673209,2.793052,1,0.14097332862401957,UCS5MrdaDOdaEtve7jXfp9UQ
11.170955,2.3634732,1,0.1576554206173083,UCS6903cdTxHUQH2wnE5PXEg
5.7451954,-0.81345946,1,0.14817336516473661,UCS6Iurq14Z6uc9EgnYFEjkA
11.877961,4.644669,1,0.15788868876182943,UCS7bb3vxlu8QPW63fgv8unw
11.681011,10.955671,-1,-0.020658476072061616,UCS9GHXdFBfcoNR59oAgGjjg
-3.9615533,-1.823306,-1,-0.014431585908091016,UCS9fwF-italmITMm-fq2cxQ
5.354894,10.064117,1,0.003377734810915467,UCSAHT5CECANBo1ZBgvPE1zg
1.279879,0.72749937,1,0.11703516123675684,UCSCm490iUWT2tSn64O-YkqQ
13.153939,1.5482695,1,0.15792358878595947,UCSDdGp66w8Df5FNqosEkL8w
-0.44991252,0.119847625,1,0.10982827178400756,UCSEjNVXZbdns-GDtG1U3JMg
12.478365,4.9443355,1,0.1643495948941392,UCSEnTsBo7CaSPJy8qSOwchQ
-0.03760733,6.2471285,1,0.07706025056209292,UCSF6UomQwIxC8T3wnPvainA
1.7375654,0.38000482,1,0.11603374687094076,UCSF72pFFjfyuXnp_ZH3IebA
-0.3456732,-0.17804797,1,0.11559958016839122,UCSFnvHBtXEfniAWp7IFMi_w
9.85748,3.1164896,1,0.11069240406477832,UCSH9j3351LbD_isZZnT3swg
-0.33807385,-0.9172202,1,0.05393724219907997,UCSIUusiaGHzvdQEWiShs9KA
10.004717,1.4408398,1,0.15566592038823257,UCSIwJtVU38K6jn-T55Sx3sQ
3.2013032,5.6002135,-1,-0.060830399314391936,UCSJeAvoN75qeUKLRKVvEXzg
6.190534,8.367864,1,0.1317847078467591,UCSK3GvCts3xjt4MNerjrQWQ
8.915112,4.0173492,1,0.14060794532621268,UCSL5_XX844vS-YAbLgO0lSA
11.716065,10.691042,1,0.1453627329951364,UCSL5vxKWOH2v-LXUU2jsAUw
10.750063,5.602424,1,0.14723526727981995,UCSLQYMjdxUCYP1sEUwuvbCw
10.280766,11.904875,1,0.1310604975830884,UCSLa4Lll44idGWrO0IhFieQ
8.458511,5.4435635,1,0.15984271812966566,UCSLaYPgIdARlxHkHO1W1s0g
12.9612875,3.7261636,1,0.1648155442865492,UCSLz4GtoLvp1AhxFY6jCX5w
4.8347054,2.9260676,1,0.028918171733342157,UCSMvFrrT9XyHB2PVoFHSWcA
9.987687,9.12867,1,0.1492895436663748,UCSN63doDgnvcppEluN_P0tw
9.787204,4.4912834,1,0.15215426888519984,UCSOzCFRSlMcmCnSF81whhZQ
10.004828,0.87880075,1,0.1619702724369222,UCSP3gcMnOhvoudPk_8y0-Ag
12.825098,4.224588,1,0.16220229015301396,UCSPA3ltspWsJ_oYsmwCdo1g
11.707888,9.61069,1,0.14692663945531664,UCSR_QSO0HJyMqJsPHKFqUGA
7.4067388,-0.47370505,1,0.15474780242737485,UCSTjtpyqIt5CeqRYGjI-ecA
-3.1218379,-1.6666968,1,0.02639210257190361,UCSTzzyk6HvlFnzsx7muZ97g
5.986461,-1.1710941,1,0.10883620059953758,UCSU7sG44tJRYCf_mZWs2N-w
3.7984238,5.585044,-1,-0.08908104815198314,UCSVz193DQGmnwOncMD3LxXg
14.85877,3.6673987,1,0.15918111139097119,UCSWfx2gNSjAM3wXx9AJH6XA
7.0129805,1.4816811,1,0.1254987650280504,UCSZid2wzqxgPDUpuUDaB6Cg
8.652828,3.0505326,1,0.0952379545521404,UCS_5IEhg2wqMeTDwEFizitA
2.162759,-0.31515864,1,0.09263708345898752,UCS_8UngNbgwoCEDecrueXzA
10.95723,6.177,1,0.13002531375618032,UCSclSvMq4D3GCi7r90bAFWQ
12.596856,6.963882,1,0.1471162809172939,UCScpOrZ3XaroUs4TDhP5KIw
8.608461,0.21856345,1,0.1405283280616501,UCSdpxZ3i3HFqPkk_Dt3eyTg
6.0349417,2.012391,1,0.11481883753461536,UCSeN4d16aIIluNOdkY30tWg
6.914808,7.1517143,1,0.13755865732839373,UCSezhcz1LOLfPy_BvLgGHEw
13.501973,4.1425514,1,0.15301070274055023,UCSgpgSpedoYZCNgNfvPevOw
0.5329388,1.216631,1,0.11409464475066372,UCShjx-A9up3IXsksClxr8uw
6.778161,-0.60445017,1,0.15732844301634186,UCSj6YzM0Tnf-AVYbHjSLGsA
6.702981,2.8645418,1,0.05154806421103897,UCSkUwNioVrXLtwUNWZ7p7rQ
6.054611,12.830981,1,0.04893936202871502,UCSkvzJvM2N6C-3AoB9JQG6w
2.8694797,7.4362516,1,0.012004209423952583,UCSl3cldrsFxmGNwkTOw7XIw
8.747206,8.340171,1,0.1411513582117253,UCSnFbM8agTkZsBJYpLnoDOA
7.2304883,-0.37331864,1,0.1281039607378282,UCSqUuCs4GNpkcqRFuOuxPaA
12.397972,10.07383,1,0.14287039542415192,UCSr0cVjai_tDvk8plNPgr0w
12.388812,7.379828,1,0.1500113839689851,UCSs7CXaQq6VXGqx9Rybw8nA
9.832708,3.8098009,1,0.11307916748012792,UCSsdoUpOAqTqwpOojiWy9wg
10.154377,6.02003,1,0.1394734563287613,UCStb05Z0RVc_kGNXymqzb6Q
2.7627883,6.6380587,-1,-0.002529054442792278,UCSvJAXq4Klh3vH_rzFkeF3w
9.596998,4.50353,1,0.1490341314939418,UCT-8oFVNQHeH-ma0K9moZVQ
0.8810521,1.0282843,1,0.1241368572781773,UCT027MsUrcJw70UteguhLmg
8.490561,13.612666,1,0.11017202713277263,UCT0cX1LIBjqseP9q4y6IkRw
-0.07526846,0.0066096145,1,0.09245017401654987,UCT38sbSPio9wLTp-oR-CAKw
10.191087,2.76431,1,0.14707170425928595,UCT3_dxZ_pmfCKpJJmyAfdAQ
0.25226343,0.31216657,1,0.038186787522968946,UCT4700WW7RNXRnqn9cMlPYQ
4.074913,8.54275,-1,-0.001671631532002671,UCT4h4tL5nDSO1rmkCXxitpQ
9.131355,11.510354,1,0.1220975699725555,UCT6Fi1ZtOq-XDZMdBJZYoHQ
9.82997,4.0761485,1,0.11553627166094083,UCT6fmYeQhbDITHf5huyjFPA
8.344059,10.564997,1,0.12783113850373523,UCT7wdwhxwUvSJkHHMrc4Hkg
6.5222225,3.049422,1,0.12331039594083198,UCT8m3FXCoQz2R8oPgR0DN-w
10.644695,3.9279842,1,0.1521513518394299,UCT8rzlmv7RBp4i8sf3iVwtg
6.4406066,7.3046203,1,0.10888443524020341,UCT8t2SuqoFfnI5Ub9RXavPg
8.352431,12.531151,1,0.07190670325461251,UCTB2-6cbIjyH3cQLipK3jmA
1.4670378,0.6962748,-1,-0.07710902403754716,UCTBLOjmW2hYr6uRFVlMLkjA
8.282214,6.0677767,1,0.14093054640631297,UCTFIxp3ac9LgeSbleTkdd6A
1.1651272,-0.8876642,-1,-0.09884477566250394,UCTFrl0KTzHTqpYYKAl8p0pg
2.7597253,0.96943253,1,0.10193090952759593,UCTFxVVYzyaWaL4a27duBS4g
7.6669707,11.100353,1,0.11251537597698041,UCTG1OPWCER0zdGkMOgtlJjA
10.209616,12.197369,1,0.1252558980660411,UCTGEPPRerDe-_wOEemVmm4g
3.7794816,8.588006,1,0.019244281567380783,UCTGUaQxmF7ApDZhMM_5KRfg
12.078123,10.463163,1,0.14505321880158584,UCTHJez5byxuR8cd9-92KX1g
12.197635,7.93852,1,0.14040874074800097,UCTLn6KtFGPipBKO_reldlvQ
1.0370194,6.3086843,-1,-0.03090321086607206,UCTMIhzxjycbx2aaixQKPaNw
-0.070850596,7.21628,1,0.08380966821644287,UCTMXFWOOHSX7jRYSk9A6bLA
7.4373584,10.790629,1,0.02794528808505531,UCTNWJL89ZKGPwI5vsaKOc1A
9.811351,13.285836,1,0.11580839875413423,UCTNe1PH2LuC-sV8txr__DUQ
10.05669,3.809427,1,0.15494806987356974,UCTPTnBO46Q7gUbnZeamoRDg
3.8898003,8.701086,-1,-0.008044730593179117,UCTRzwbjZxwzSwuIt9GfqqHg
11.622825,10.469896,1,0.11363516889945391,UCTSUFE45B-liBKLuJgfbvAQ
13.6054945,8.133478,1,0.1479959761413281,UCTTK3BDWg-_WRBpQq5Bb_QA
7.742857,10.905731,1,0.0728031495332046,UCTV-WQyRb6uYh7F33nyrifA
10.388067,0.9488831,1,0.16138271559797018,UCTVmgKyPB8f7pdR6EAz3Y5g
5.5404077,11.87228,1,0.012828620264914492,UCTWNBGi-GCLeop4Xa2sYaWQ
0.11431004,0.997656,1,0.11820294364365302,UCTWVdFpZaBtYDd-Sra7-wkg
9.513231,13.072778,1,0.07907193393521728,UCTW_udshchHbLB6NDD21oDQ
6.857734,1.6540425,1,0.06575776514344844,UCTWqdUVXwbpNW4Rc7UWUSkw
9.907854,2.3388429,1,0.14571299800506754,UCTXPIcL4hmR-y4sDn99cL_A
2.4878302,5.256287,-1,-0.03297893798505014,UCTXfX3bgc6a-SGZjjLX7WEg
8.014226,1.4247992,1,0.13668370956509251,UCTY0NEGXgkskpHE2UQ2jC_Q
9.18563,7.5082855,1,0.1478829917201172,UCT_YRvViA6I5pKSzvAjL8ZA
7.1557283,4.596842,1,0.11633373561717208,UCTaJU7c1y_Bxw1UBC9idMUQ
6.6792817,-0.2745582,1,0.14586683182845522,UCTb40Otegvfv42VUd0MWNBQ
8.527199,7.0908475,1,0.1338780843045425,UCTcN_m1rruYCI3lkWxCnn-w
7.659144,8.301628,1,0.13215223579469015,UCTdSnPV0W7h3-FtPkPTND6w
11.466287,10.390463,1,0.13975148309985813,UCTe19yIBjNLXb0g--EummIA
3.9241428,5.742808,-1,-0.1297277877672236,UCTf6DpyUcgfOxXWs3OKoLEw
9.873211,0.81333816,1,0.15062058367772563,UCTfIVF6hSBPXSnLoNqIUbmw
4.413162,10.13222,-1,-0.009611011026917637,UCTiw2Kk7TAAQDsxpHK0C4gQ
0.51951456,-0.9629079,-1,-0.17056881560711135,UCTlbHzcI7qr70LrriWUNfPg
8.079744,4.0420694,1,0.13994474094392184,UCTlfDryLc8PfDf4_I9mXBqg
9.994276,0.86307657,1,0.16316958049904723,UCTp3b5p_bImdxeoBkDJbgUw
4.306685,9.906973,1,0.017989651436405407,UCTqA0l_3MfL52auQ834ItBQ
10.774151,11.937944,1,0.1432268287231227,UCTqAo8XD8qDaOVKKRhMRWjg
2.2363794,7.6457286,1,0.031315704983100046,UCTqnYf3KeKyZ__cN_-FGy_w
-0.0758336,6.1135635,1,0.045497993119095304,UCTrQzL5qwQG-MQYUXMtQmVQ
7.7769895,11.026268,1,0.080054985069195,UCTrxIWNCl0sVZmE3JKJem8g
9.318068,4.156122,1,0.14500566453555264,UCTt4H-yiLhxMBNtdg4jbvFg
6.5501585,9.793282,1,0.062044323662865164,UCTwXFoAN_jz9ZitdPAHJJ0A
7.623619,-0.50527537,1,0.15247143261177798,UCTxY-2FMHlji_V0_3VifdEQ
8.77964,5.2931037,1,0.1485684719001849,UCTzP4kyP71GCcsemgVQkBDQ
9.833576,11.905332,1,0.11587287883943931,UCU-Ct6Q9jjU7PGeBUfKX4HA
9.856311,4.7624745,1,0.054424677649160313,UCU13CW1HqrY3k22Lz83wf9g
-2.4254382,-1.5576619,1,0.03677236632130282,UCU17oKMQKIuVNmOLiooMV8w
1.9675517,8.090351,1,0.04246953743907811,UCU21FOWGN-pL0XXZU-KQEkw
12.643545,5.7857122,1,0.15927876045592815,UCU3K3YwRZXKjnhAVcy4gGFw
5.4858403,11.998059,-1,-0.03818136418971885,UCU3jA93DwrRu15m5fRIn9cw
6.388677,-0.85476017,1,0.15623472613084788,UCU74vVs6dNI7tKakVEO_nkQ
2.1324458,-0.25222573,1,0.1279205507277415,UCU9cSKi__6qzJ1qW9rw_aKA
9.509082,1.6673499,1,0.09549076880937046,UCUCQPwG8XSG6Ah4ahZMhzsw
4.0802736,5.747783,-1,-0.1646889547649768,UCUCn5RLzBPoyl8kB-0OYE6Q
7.0546985,1.761453,1,0.13783285247564248,UCUCrZKV_ARlnodDuMMOmJWg
8.40634,3.685293,1,0.09768254459147258,UCUEYQ20eOQ0eLzUrPgPrvWA
4.0243435,9.042751,1,0.051689830474198895,UCUEnZzmPJukk_Whs0riexcw
12.575021,6.8568215,1,0.14620309330485243,UCUFhQHlcIFbRMyi8fxg4Tow
6.8799734,4.0414557,1,0.12541896026740185,UCUGRF0yjFAfhUH1TQccTalA
6.649346,12.368261,-1,-0.00015419576824160508,UCUH3Sx4ZPmwhFgtNI6PDeDQ
10.78265,5.62917,1,0.15100395992171606,UCUI-X-3pHnhsZBr5AJ5a6dg
3.4336967,0.34958923,1,0.12292795105298654,UCUKG5Sa2n6Xo92Rd_uTx7eA
9.757522,7.95276,1,0.09501582497573424,UCUMjr51IH7WYuKuQ_W-_QFw
9.695356,7.8894243,1,0.14995127301768452,UCUOgwTU_S01F3EqqLuY64vQ
10.111368,11.113483,1,0.11963653649422967,UCUP1QRlC4di3B0eyqSUMCTw
8.898622,5.8278513,1,0.10343061086072508,UCUPMXMaExZBJEwNZayvqbwQ
6.0201397,10.148417,1,0.06542210266852172,UCUPvAQk12H1q8OB_1yvP_5Q
11.518065,1.0745647,1,0.1583957331281579,UCUQdGOO2l7gazdxXNLqChkw
10.527212,9.8432865,1,0.14178570187147943,UCUR7-JiGUdY_KyQqDAI4D3Q
2.9562442,-0.46349233,1,0.12742530060261542,UCUSC0H8kN839IPP3Tg-oPQg
7.300983,2.7148561,1,0.11220689840779713,UCUT7WJQJxuqwNlA1nSEonnA
7.841669,7.7199235,1,0.1276007181622325,UCUWLxg7B7FZDhrg02WBv_2Q
12.553984,4.230591,1,0.16018593996274094,UCUXXBMefuAOpnhVMVcLYZrA
5.809217,2.9722884,1,0.11062678950565358,UCUYIcYAUyrQ30Ll0orLMEiA
2.7395134,1.2903513,1,0.0907940193138782,UCUYIpLxQ1nsxNNAsF8ho15A
-3.8325853,-1.7350326,-1,-0.01045628129567766,UCUYfUcLocDsoyPP6TDf4G5Q
6.9164696,3.5236394,1,0.13382507792336396,UCUYrz6xb_yaVCIi8VKeijAg
12.017775,9.341711,1,0.1355221814859397,UCUZgtC6qc9WVEgBgr7GM4Jw
1.5305817,7.191483,1,0.07673032011188952,UCU_m4npIjhqpVFc5IFLvkVQ
2.769704,7.057213,1,0.0030375893001878262,UCUaiVwYIJC8YnaEz-_dHQ0A
7.083709,5.4382877,1,0.11128120850498519,UCUbz8JgxFWoYEL_tjJnG1DQ
8.445399,10.0361595,1,0.10040993101534207,UCUcIj_OAk2kd51GMBoqF5Dw
13.086828,8.4395895,1,0.15984662555130996,UCUcYgGJOQGb9vLjH3804qgg
7.451084,8.6216955,1,0.05188872710168896,UCUcc61QgH1PpVTTYM7sPokw
6.646752,-0.38566068,1,0.1383472770725458,UCUdeDQRwJJv2lIMVjq0jwbg
3.8757904,5.7297497,-1,-0.16874680802109776,UCUdfMjM7jwdYc6hxPs7_P_Q
9.45572,4.2002163,1,0.14527913557721023,UCUdkIjy2FOWOX-gBzsiOSIQ
8.77761,3.931909,1,0.1420870031901071,UCUeAIcI2klubl2pUn2JX9fQ
5.7256956,3.1779604,1,0.09937907424681441,UCUeSfdhkSWR65NsHfOkBu_A
10.410599,2.7222338,1,0.13198787424778363,UCUi6SmD9t7L8YnZxDQLwvbw
7.606442,13.463327,1,0.10034395537382984,UCUjOlqFAlN3YfPGiCMCrwdQ
13.295548,3.7940977,1,0.16122192271924113,UCUjZOJznRf_NnwFu31KXr-w
3.981333,-0.3321843,1,0.1284803214125877,UCUjtx4qHm6XMrNdZXt8Ee-A
6.152025,9.209986,1,0.13027041954335006,UCUkeYMqyGxfiOkEqBpqm7YQ
7.8992496,13.9934225,1,0.1049972909569824,UCUqQ92MRE9v-JzP6r4-Gg9g
10.4513235,3.422557,1,0.15218125626096046,UCUr8JbXBq7Wqm6VlF_UoCrg
9.863397,4.5947227,1,0.11585120115614733,UCUspgbblsfoVfy9H_nZE7Jw
6.2798057,8.904171,1,0.12449409817026402,UCUt5zhiX8GZTPUThiXGAOEw
6.4316163,8.06734,1,0.09874787972544596,UCUtedbv70CB9HVJty-RG4Sg
3.2954905,0.87985194,1,0.08127504402227942,UCUtssbb5P6_9IIpmDAIB4bQ
9.582058,13.187949,1,0.11833015327475671,UCUuBEBzneee-q4b-U5tXQ_A
10.986744,8.847231,1,0.14911501145081935,UCUv6iDRbILxcN73nmGSJosg
7.85229,4.330051,1,0.12883644261100508,UCUvFPA0ktTkZ9flnVrqbTdA
12.794006,9.136447,1,0.11347287412774154,UCV-z7WGW4VW2BHhSAx1cBWA
9.322818,0.15150106,1,0.1567465035129147,UCV12cNem0ZVh2uO3neqXdRQ
9.23413,7.4961762,1,0.15106854528276464,UCV298b0dGtqTDCeOOo9fYaw
6.0530243,9.3679495,1,0.11347362499476588,UCV2i20IfuXEfRoB30s1SRuA
10.60567,11.411584,1,0.13465923547553982,UCV309AtZqwaitkSXgoNScFw
8.763882,13.328117,1,0.12018052533192658,UCV3VsxMT_zBnOMxfMMmn_yQ
11.463097,5.2752576,1,0.14138938896325315,UCV5saiNPvDIkOnGgcMdC4tg
13.717294,2.0448804,1,0.159840181420012,UCV5zjmNdYEDfKLRRwPR4L2A
4.976061,8.9498825,1,0.10605403004180752,UCV6FwihAYyx5n9aSOZGDlbw
3.76101,7.6771846,-1,-0.006708692813320094,UCV9ZPHxCFnrf1BfbGWCLncQ
13.702276,4.0163975,1,0.16097880485234473,UCV9uANSvyGm8Ku1szG2zv4w
8.535124,7.998318,1,0.142684984905389,UCVCRUztC2VDqLtdcSqjyPSQ
-0.9705702,-1.3248324,1,0.07928492606191295,UCVCUs-xHFWERqMyXxgLhWWg
1.3792104,2.038032,1,0.031428922132778314,UCVD4HmAHzpBa34MFYvPcLdw
8.356673,9.238543,1,0.11555263598767779,UCVDtkX7LZmOSzOkc2VVELFQ
1.6404741,0.26995298,1,0.1243550588764219,UCVG4fnmDpfQ6U1ovDWdYtoQ
13.007842,4.235193,1,0.15424593526853847,UCVG5Q0liFyRhlsbfiNPNK5g
10.595471,0.99667287,1,0.1628732922936717,UCVHX6pDzR8y3lQ1jnWncLzQ
7.6457095,13.8692045,1,0.1070299809271853,UCVHbZr9rieS7kIGIJJypyLg
6.3156424,6.8932586,1,0.13871947066754847,UCVI416YJyz2ziQxP7MN_07Q
3.9644527,6.4593425,-1,-0.11923448480141596,UCVIZe_89OvywjoCT4SDaNVQ
8.545591,2.5759408,1,0.15048363596408154,UCVJqQMNwonLqzJS_hCYNUYw
9.386871,14.189817,1,0.10210178549714494,UCVJub7H_4OycMS7x6gECOqA
7.424713,6.7986317,1,0.11755841569777675,UCVKyc7iMFgWTNlKE5VSH21A
1.2872441,0.60314566,1,0.11640693294747084,UCVLFzpX6L1cWJbQuPyTVACw
8.12516,7.466381,1,0.09596771863136078,UCVLG01tK4sd2XcL-qrO0x_w
6.200916,7.1176376,1,0.12778057733400794,UCVM7wBVTe0s6xQrP7lVVk-A
13.220139,3.9533925,1,0.16270494192034268,UCVN4yg1Bc6PO8D038HpFa0Q
12.272095,9.493734,1,0.14557382796408053,UCVQIik5tW9CAEddxsRk0leg
5.296506,11.061913,-1,-0.020683992949992014,UCVQXS0L9lR5SSoonw_szjEQ
9.690244,12.62844,1,0.10472271656917265,UCVQowlIpahvL6vw9iJBO24g
8.5773,12.769198,1,0.09592212465660532,UCVQsfW9lNwK2duAKaGirZrQ
1.155703,7.833675,1,0.09254983716935528,UCVRBIt5M04nObbs7RN1YAWg
9.993927,3.0798674,1,0.1446776516421363,UCVSAOO7G90-R0DgwPtMj0lg
-0.14202082,7.38721,1,0.0395520741151304,UCVSBJTfR3DtmJy7MCOdjCOQ
7.0412407,3.8209376,1,0.12135625518661097,UCVW62rS-YeoqFArCGMTNkcQ
5.910057,0.8874839,1,0.12998148700210638,UCVWNT4WsexV9-D4fTaIcuPw
14.885208,3.8325129,1,0.15741417034353772,UCVXWHdGpNz-UIzurXREdt5A
12.997847,1.4279957,1,0.1516588360602491,UCVYR_d7nmNN5IrwZikGrFOQ
8.603788,7.539617,1,0.13887563821443222,UCVZC976cRqHEH2kO_LpvG6g
5.292419,-1.0150543,1,0.12179761932579825,UCV_nC_NwihEsrye1zKn4rgQ
4.081442,3.5172832,-1,-0.023243339201460045,UCV_wLMJaHua5Ve0-f_pb9UA
10.238622,2.9633856,1,0.09201174101638526,UCVa0CBM-4g01NA-vvM98vPw
6.4492555,4.2753024,1,0.12946660467208065,UCVaK2_XYMPNGGwAi_fk-gPg
1.687188,7.1309066,1,0.046060087190066934,UCVbSw9d0zu5PxG1qXp-Vpuw
12.068739,10.440868,1,0.1390875141781457,UCVbvDTLdcrjBZr9ivHLlmyw
3.6876953,-0.55483466,1,0.14237993199960014,UCVeGgrpXnrDLO8BRcmwQvmA
8.973237,13.568527,1,0.11079723147194609,UCVfh0b8WgMb0swTr_WHzmxw
9.682578,13.973824,1,0.11883022892464618,UCVhXJ4Bh4Y1YwCcPE_A5lBw
9.769325,2.4654825,1,0.15257173875372554,UCViAuJMUEl1qLnhTIjIW-oA
1.8098052,0.09346346,1,0.11552433947816271,UCVik1TAuxknvPJmiw8wKRbA
8.740748,4.5799427,1,0.09166763884121837,UCVjKLwgkH5byOastzJgEoSQ
7.875352,0.31508425,1,0.15507595953926362,UCVn0hWuuttq4y7sKY6BayDw
5.148006,0.3356807,1,0.13777309448916608,UCVoK0gfOyfxlt7Dn6unO8kw
9.043993,2.2215009,1,0.14158297878553933,UCVod8JmNjpPBHx6psVU9NvQ
5.9039745,2.425021,1,0.11068067499067563,UCVowaBKY8M7I7u_JHWEvS6Q
8.212115,6.2730393,1,0.02790209609661881,UCVoyI7ON2kx-yPZyCeOFi_w
6.627049,-0.5341135,1,0.1565559081024675,UCVpLv94y2gI0dC9rByI9bUQ
3.2850735,6.3850822,-1,-0.030064383307593312,UCVpjhrIANLoaBnTcdA3zuJA
-0.01866826,6.1605663,1,0.06905137473555606,UCVpmOLPFirArA-TCAn4IX9A
-0.56549054,-0.8411407,1,0.08662743787285515,UCVqdyGEzaf7tj8oBStzFhEg
10.995206,6.058885,1,0.12746211878726033,UCVrn-chmHzhwD2IGpQkws6Q
1.5049455,6.360527,-1,-0.010410944899286512,UCVs-XnCruTq4wkybY_GuyHQ
6.9334316,-0.21649097,1,0.1539758776357975,UCVsWBPtH3uPr2BdT1XwItmQ
8.817329,13.322907,1,0.11050524468923772,UCVt9MPJRkAN3-8qsWXrEgsQ
9.38433,3.2734096,1,0.1526960546578795,UCVtVBlTSq50vq01uNm_pJbA
9.558921,13.958363,1,0.10449777862993154,UCVvJtUy3rbzBmNU_ZKXjumQ
14.979037,4.2997236,1,0.15450568104351392,UCVwm1ZTG5LcdrecJQvzJ-6w
8.506018,13.996863,1,0.09449800613823117,UCVx8F2HImxTEalRqFKtlXzw
8.292331,13.134658,1,0.10814205270897237,UCVyL8wxWp1HJjVsyMK_bJ4w
8.787189,2.3323894,1,0.13410365325233875,UCVyTWVHxxAGZweLMKNu8rxA
-0.7940853,-1.3179766,1,0.08895255501380045,UCVyWD-I3p-5vvNgPG4fhrRA
11.382917,2.2917845,1,0.15013755200681528,UCVye602vK1Nwas3QkJfbfwQ
4.0665617,5.8526926,-1,-0.2121051455957068,UCW06dnIv7L5RkGagM3Pneug
13.625828,7.8038983,1,0.1539945664935239,UCW0ROCevI2v4IPDs_1LXIrw
2.0222108,-0.1190619,1,0.12478939961247015,UCW15IE4KgOefUdfIAYq9Efw
0.16634181,6.716031,1,0.07885552341549967,UCW3IL6JICkJLuGwiTLC63GQ
11.523691,5.391062,1,0.13311742085016942,UCW41CKWFYU6-J4noJpzxmkA
6.189748,0.29797485,1,0.134483467549056,UCW45YvM7iZR-lonKDO2HJ0A
11.948563,4.2369113,1,0.15860932402240885,UCW4z0FG7FJWnXhBz9SKtxcw
12.04622,10.971605,1,0.13535148072994735,UCW5DJXxg8O9FntzoF9yjvCQ
13.382254,5.6599965,1,0.16351532820906256,UCW5FUVS6jZtSzRqNEz7vuzQ
5.622785,3.3255987,1,0.10212275268881482,UCW6UQh-EtCpVbu1NjNGS5BQ
7.2379622,2.8769968,1,0.12966655601117683,UCW6_RAVIrP2dJhOTydzhnSQ
14.05949,5.647644,1,0.15951798360532538,UCW6uaPPRC5DsEI_bLu1TqCg
6.168091,-1.1719763,1,0.13127550781377745,UCW6v6HOZ9aEbiTpBEnOWc_g
10.063617,5.9735928,1,0.15069161415566634,UCW7RoHzkSKJEomcdB6EWQcQ
9.367909,7.6120014,1,0.15143269136649112,UCW9L9KVcoIaNopqypht32gA
11.483834,10.160405,1,0.142348598938022,UCWA6iumOviQ5ImqJVKiq74g
7.702486,4.573739,1,0.1146814441060085,UCWC1K1JQboHwrChyg0iZZ3w
6.126638,9.326013,1,0.09845765967180287,UCWCzB6NxSqKU7j7nMjxxTlA
7.711338,4.660626,1,0.13950453745295077,UCWElNlzxxV1ThxxwPlnCV9Q
10.40296,1.7363709,1,0.15108624474757754,UCWFg5RJpyxcKpe_OMk3-SvQ
8.672885,6.043637,1,0.030324493220080406,UCWGX1-XAiLtGJpq1cY4NN5w
8.034845,7.6273575,1,0.13962256342418827,UCWH9-wvO4QtoAVvW3lkpGuQ
5.665506,0.5099984,1,0.11673226714357005,UCWHjnNwHbqy9CbVJs0cT3yQ
-0.64872193,-1.0919728,1,0.094644311011506,UCWJSVicdIws2XQAsS8E0MKw
9.926925,5.720406,1,0.10452540783175979,UCWK0nYOOJxldD3eNaMMS8Bw
10.173637,5.849773,1,0.14414686207772043,UCWL6D9x9NTVlTNqWLpMKnsQ
5.5031347,8.5757675,1,0.0972485950141343,UCWLWuEPoL3JspLu-tb3OFSg
5.442362,-0.22859938,1,0.14378383999491323,UCWMXjC1mJ1zwMN9sQctxfIw
3.1246204,-0.72381985,1,0.11613507372269832,UCWNzkbM0KRGCf1R3QC7ZtiQ
10.001724,7.595237,1,0.08783312424232026,UCWSWTBReFOvTiRoh0OqG3SA
3.965184,5.691332,-1,-0.24881599057014336,UCWTJUG7teA29F875p4R869g
1.4696741,2.1547449,1,0.03963171350165251,UCWUGaY-MfpwfjJ2RcHm3qsw
10.865193,12.086559,1,0.0860696474541291,UCWUdhxKgdDNC-BO15AVj80A
7.959351,7.9548874,1,0.1412756336225111,UCWYL7LbGgjjlJcNnoC8mSGg
10.499359,7.410947,1,0.09732350425454989,UCWZCu9jQ6CmMVtJbxUF6sDA
8.432294,5.5647807,1,0.14362809311636443,UCWakdecp98pAe66ZqkDgb0A
5.304801,8.902977,1,0.10548890497659608,UCWamAT8Rm1adeRK1CuYG8Ew
7.191779,14.099771,1,0.09139269587507881,UCWbBXg0jbhjgeieRYmr9zkg
2.0767052,6.165427,1,0.02912781611843185,UCWcoqhvDp6-0LA0OUC_K7nA
8.194583,5.179555,1,0.14409427747468184,UCWgzAQxVHjb0HJRHsaQHuZQ
3.1977203,7.131176,-1,-0.08184492173961544,UCWiFUTvzJgG7XoiGB-OvZ_Q
12.484219,8.692113,1,0.13420411273343985,UCWjBAfE91nBdj0R2mrYHcBQ
9.970223,5.792385,1,0.10493426906207909,UCWjVrEuj6j1Chqmxon51d4A
8.003449,0.49526903,1,0.14567619432461004,UCWkQfUFIJK8zUvfVnrcIlgA
4.0682144,6.668666,-1,-0.15672648863375993,UCWldQvEUGvhqMKOwcWV2JMg
11.343682,2.6649427,1,0.15401853538037225,UCWlgrPymojtiMJLWDUlzQxw
7.854241,5.861546,1,0.1469662325937997,UCWnjwkVos8xyUexam5s202w
6.50977,4.057687,1,0.13163265890981157,UCWq8uNX3So8mlRsCfRlX4Yw
14.45989,3.7063556,1,0.163168514242986,UCWrBPtZxyBIowmbsFbnigSg
3.1425493,0.9236875,1,0.07914160336758658,UCWrya5CScMak0zApNygJDUg
8.673209,12.845996,1,0.09817017935079092,UCWtFYzhucdXffX7dfZii-dw
13.545617,7.926575,1,0.15230116712150787,UCWtNc69664m4sRUF0OjZ9eA
6.626493,5.4212036,1,0.050977457765036815,UCWwF2uJkkBkpPhWO-B36l7w
12.675717,7.413593,1,0.15352373055452578,UCWxZfmOsuvljH6qrIBv-cIQ
8.718228,6.2641306,1,0.0354523333003855,UCX-N2V1gTQ2eGwkOXarRMBQ
5.4898367,-0.4196626,1,0.14048930915489655,UCX-Zm4p1ddD8FIAHfg7PxaA
7.27274,2.5045412,1,0.1335964419586222,UCX-ZuUxKsoU0dEWBdWLQS_Q
13.276589,3.7248824,1,0.1450441418457742,UCX-iwdNZUH_FXrWkQitHw-A
11.971287,9.571391,1,0.1502347688684323,UCX-qX5S2lw-s3Kk8A8bLKGQ
13.801132,2.1812475,1,0.16132569361896987,UCX0VevQSmnZ9ApLYcVsBYZg
10.768138,11.662134,1,0.14093836475686872,UCX2y_mlOSyclJlMhiftNR_g
2.7394588,-0.14813033,1,0.12413802011663227,UCX526cq3cCBZIaFnUKaBngA
7.534528,3.4356048,1,0.14020261925738708,UCX5BqUmPQ801xipR8rlgUUg
1.8032991,7.287485,1,0.027270544684429077,UCX8J4DGT0-e_DYwsH8_0FZw
6.9603033,10.98025,1,0.10369204207722155,UCX8W4liwnD6Z235h4z0nnCg
12.518539,7.470008,1,0.14886314011346158,UCX92uMjmM1UW6qv6npMphLw
12.212305,7.79174,1,0.14272253523598422,UCX99P4RCXopzBCRYisfWelg
9.44157,4.6621394,1,0.035716411714058205,UCXAMpzrM5M9tHn4THru_XXw
12.813917,4.3258214,1,0.14591171986535495,UCXBD33PtLif6ssMTrJG3KPA
6.9783387,6.2762127,1,0.14325363906766458,UCXBzbLJWq68_2kcV_n18aYw
1.8350838,1.4096253,-1,-0.07579359529093299,UCXDR6O9X8TiuM5cmMhBY8yQ
14.6740675,3.5437114,1,0.16193254935194173,UCXF6AmFN3PSkK4L9wdOBb9A
0.51600456,1.4641168,1,0.10436094799078482,UCXFQk-XL4zrERTrR0xfD8Xw
12.371152,9.1343355,1,0.15524406450247796,UCXFy4E6UuTE6iEuAJR2gePQ
7.5172224,3.2401764,1,0.1325963310476857,UCXHQmITVzZA-O6GMoMI9fJQ
6.2577133,11.662663,1,0.04441316420373065,UCXHi5PcbD1ZKBJmscllLQbA
12.427629,4.3729253,1,0.15658324355903935,UCXHmYMvW8bv3IsoC7XDRN0A
14.8879175,3.6731582,1,0.15899076322535022,UCXHr3gGC7gg7YEPrN2-o0wA
3.0127826,6.384646,-1,-0.016575389727170653,UCXIJgqnII2ZOINSWNOGFThA
5.095208,9.216593,1,0.1137646624962983,UCXJKaA-iUjowh386J9IHl_Q
6.829645,4.0355487,1,0.1134655854834224,UCXK-HLThVl5Co6TZMdYtIlA
11.439431,5.6527133,1,0.12868519708159887,UCXLI92C_uigZZesZY-Tdakw
4.940893,0.27558246,1,0.10995834364599177,UCXLU2euBUjGmYFETupvOKaA
0.627914,7.2972374,1,0.0906396844723617,UCXNsZ-xUc4UYP2MXuTASKww
5.598232,11.196977,1,0.052126359654058485,UCXNtXq8h4QeA6b0qHhxEDUA
-0.46810782,0.66058564,1,0.11209190461539587,UCXOHvKAvl19adqLbuapVuCA
6.7894573,8.346626,1,0.11660842724858095,UCXP5hD8nCSVa0Hnl9WMHjuA
6.6856837,4.023148,1,0.10873975020016818,UCXQJY-uttpKZ6lPPGooYpyQ
6.799501,6.1881304,1,0.13768160915790256,UCXSThWtKEoXD7sxVAdFpANQ
11.560482,6.028351,1,0.13995802569294014,UCXTn5mNIPuf0ebK_Zf3wdug
9.223556,3.6803648,1,0.14993067857235898,UCXUd8BgXOLOc6EVbVY4AMyA
4.391955,-0.9786531,1,0.11493633155891525,UCXVHX0Y7P2RHBHR2dwN5xVg
7.7180586,5.5742855,1,0.13344958667129864,UCXVIkv29htA9rNr1Tibgdaw
2.442022,5.3154073,-1,-0.03866052633523642,UCXV_GeMRDlgaZY6lctkCs3w
2.3620386,-0.48520577,1,0.13274651202449533,UCXWJ6Ud2EZChwQAxWzAQfWA
8.225409,5.304387,1,0.1562156957267657,UCXWSBvj3019Lc60oYhhFBRQ
4.245911,0.31093094,1,0.12433240954012725,UCXWeeA9ksZMP3dkr7dTSizw
0.96299726,0.84096557,1,0.11726545722555382,UCXWtqGeTomxiWZYqJTcLW-A
10.270161,5.5486917,1,0.10490748357755669,UCXXQdiW_VYuMhNJE67dZhuA
11.549525,2.7805927,1,0.16316373472257556,UCX_y-cDDMqRkKaC0o5NkAAQ
10.4331255,1.4004636,1,0.16229457400665565,UCXaKQI7nYn_ynNykHGzdKWg
6.990263,8.439643,1,0.14418623939407288,UCXai_F3g7Dh60eATRpdnVsQ
11.85676,10.555369,1,0.10114117912393611,UCXakE3_Q5xlr86TBW71leyw
-0.21994345,-0.1477785,1,0.0945500199117692,UCXb02p8d5Cvyc70qZnNqH8A
6.6257315,6.802264,1,0.12164490654382665,UCXcbM2lA0cMbWFWod5KX8UQ
0.82571095,0.9418542,1,0.08459419462571544,UCXdPkCQZDgWaxopiqOg2Rhw
2.3504333,6.344436,-1,-0.001866053894229669,UCXf0hVKWTlPy4G8AZQV1xow
13.165339,3.8228605,1,0.16291027638225014,UCXgC1XAWYlZFrtWbvBZl18Q
10.678274,10.5600605,1,0.12011949374298897,UCXj2xNgzLlQv4vkvb75djYA
10.968711,0.5939325,1,0.15509318263288746,UCXjtCu2Iy60jzCfliLtGu5g
8.166976,3.8532596,1,0.08432181088275287,UCXkbNIDuZL9wzjfIbHBmukw
9.41161,4.1435676,1,0.14286850965083653,UCXn4Lz9XWLCcb2s3GDh9COA
0.11477218,1.0047892,1,0.1244818570555642,UCXnBfpSjd9ZBABQr5xetOOg
2.749954,-0.29105657,1,0.13162310071647632,UCXncRhMyfyZC4KPuwrECTfQ
13.467602,6.4847336,1,0.15854563338650884,UCXnnVj7Q3imjvyDEroqFpTQ
2.783907,1.1295161,1,0.02083601574920496,UCXpguLik07jLPBK7XxwpTHg
1.1794212,8.013162,1,0.07487958976060904,UCXsNNbUQbMmHs-CaLnwZdrA
11.554193,10.524559,1,0.11085446906370777,UCXsXVM0yB4pr_O8Ym9JdkNw
8.823857,8.535959,1,0.14512740662732582,UCXtBfk1oannBCGGI8YSABUg
0.06615769,7.2989564,1,0.07630920033095862,UCXtOnwla5LobF9TKpGlD02w
7.7049584,7.459304,1,0.11852991745328151,UCXxZrzmQ_Lgz-wfS_hJkVfA
9.100779,5.580184,1,0.10772771513197643,UCY-FEREOBP-MqXdVAN3uM8Q
1.7291298,0.9492616,1,0.014426380777650627,UCY-QQLqkedR1LeeA8XrzPDA
8.874927,1.0356239,1,0.14692764122655128,UCY-YziUr4rws9oruHdFaLQA
4.269601,3.55198,-1,-0.05481893382046199,UCY0scOkoXHUZ7UDP6JNCDlg
1.3690461,7.4871902,1,0.07716195438097107,UCY1tAp8R7A_-RUpj6WqIqFQ
12.890404,3.2702296,1,0.16423878511378343,UCY2a6trgIn6ds7V-Z5TslLA
6.2411504,8.250592,1,0.13281705111143854,UCY3oJLso_yBnkBLHrd7G8Zw
12.300407,9.305865,1,0.15171538097122922,UCY4PKr-Nz-EMZm9BYhxyVHA
9.55961,2.046185,1,0.09595767186293125,UCY5bieqDuJqvS8KliPMjCQA
5.235815,-1.3376329,1,0.130077328647986,UCY6dM250bnwdWvolOvLZ4rg
8.618865,11.924339,1,0.11426398090178003,UCY7VQKeXxVvhOqOJVuMCrQw
0.11127428,0.7043851,1,0.07563879916485161,UCY9r4ng5QpxueoCIli5bMCA
6.551996,13.757323,1,0.08558505252639315,UCYB8MsDWw0poWJjYeqqp7lg
12.571206,9.393401,1,0.1506203869897867,UCYCbHnYHitQPluMJmUc1iCA
1.7770213,6.1849246,1,0.05173130368612955,UCYE_gsOQkdnReSPncZOBeZw
2.5789871,-0.22636858,1,0.12174318784546156,UCYINwzr06RTBQXwH3-ND-xg
10.37185,5.006238,1,0.1106230104337475,UCYJdaylPGoi02oPXEBxg2tw
9.939928,5.813173,1,0.1098890260834473,UCYN4O52ELctv5jXCuwL59iw
13.578531,3.4020994,1,0.1391535894726218,UCYNwmZ3hiWD0uHhYmeoVxBQ
3.4594905,6.0046306,-1,-0.06290095690024955,UCYPG3NEE1yB5CCA07Jsy8dA
6.387732,2.9841855,1,0.10723363296378097,UCYRS5awJwNdxmLBJxCYssbg
9.968893,7.7469516,1,0.15444283471693354,UCYRsduRTz3am5vlZTPLljjg
7.053217,8.642914,1,0.123449314769775,UCYUIylRaMPkchohdbsBKCFw
10.861062,11.220032,1,0.14021229495040194,UCYUU-4lEN8TtDH1J_Kn--Iw
12.801316,6.45657,1,0.15309133440025036,UCYV2Xdsba1FNZgROVBvn4_w
12.304345,4.69929,1,0.16163988276399704,UCYVItPIo4v-RUQGs1JuKC6A
0.11731114,1.0960475,1,0.12539171330329074,UCYXnKZh_LiPZvZX3ftYUdsA
6.997698,-0.14270328,1,0.14315871791444734,UCYYWMXeiVa03HkGqjY5-yUg
11.513179,3.213513,1,0.1510639167119262,UCYZu1kH-8vavb2GoEddIFxQ
14.771734,4.174484,1,0.16097435241907504,UCY_DxPM3NledgNzkSLcVZ3g
10.93221,8.273128,1,0.15734197187586324,UCY_G8H5wzdQVZgCVaBnDhTw
-3.4008994,-1.7036214,1,0.008463886249612917,UCY_snYiHAD9kRR9Zl7QAGOQ
-2.0467455,-1.5137676,1,0.05493888434708488,UCY_wvoaFSLelDTpQjBcy3Wg
5.890786,11.967703,1,0.03329140727031088,UCYa4gI0xjeammMXQKZNqCrQ
-0.58058566,-0.7598136,-1,-0.012070279261090722,UCYaIvjrrHn01u0ka3jam4SQ
7.8406687,14.123167,1,0.08330755525644551,UCYaJw0xq3QBG70TaMW9xRyw
2.642693,1.0149235,1,0.0839014452003446,UCYcDtJAJgxxmrPOu9SkFyIA
9.008922,12.190679,1,0.08565525950176178,UCYcz_T-YBkpZPopvikFigNQ
7.944518,4.12034,1,0.14670867759464695,UCYeykUtMFITDWrFrxsAzOTA
3.724909,5.6986504,-1,-0.0691018527027345,UCYf0LdbCik2vYpYfkcKtYYw
12.673575,1.8115015,1,0.16499035891583191,UCYguH5ur20smWpmqgfpB9lQ
14.313707,5.66197,1,0.1458759862547938,UCYh8JBtZDvuztWjzZRDC1fQ
6.6703453,7.4655223,1,0.09485308940005083,UCYimwMx8oFM5yGNDHzikeGQ
11.041219,10.420383,1,0.1431774932671871,UCYkMq2gR6KBnJKIDYgurm6A
14.726819,3.385702,1,0.1465265910739641,UCYmPJQQQw5PSfcS_1P0AnBw
12.371486,4.320335,1,0.1646037618423561,UCYnF61nvh73kk0ZuBZIteaA
6.820935,13.518566,1,0.08825943763366212,UCYo8jHuwRR5_L7tj12n0KfQ
1.674385,5.8081365,1,0.044952738528308,UCYp01tbXes4vx2ZlBc2Bk3w
4.96788,10.50852,1,0.002555234491914582,UCYpihZIr67Zv1cWadjaktLA
3.6711981,6.146341,-1,-0.08810475144873475,UCYqMjj0iV_DouX_pmwr61Kg
6.288636,3.999882,1,0.10687124142587151,UCYqn_Tt4fbyBGgc0zXAsMog
6.2637424,8.549275,1,0.06807456035524467,UCYr3_K15IoPX7MCMCTtwJZQ
7.0063615,0.47070163,1,0.15344932862596405,UCYrhloUV9s0FHoOrzjpTilg
3.479744,-0.10801129,1,0.12379807860514319,UCYtKb_g5W7HsmrM6N67zu_g
8.836918,11.366872,1,0.12722802109086218,UCYwjk6ITE41i-xm9-Ghk1mg
11.933336,4.837821,1,0.1600370093546587,UCYx1T58vCGlDXrKBur1giOw
6.1338816,0.33337283,1,0.12412984654674036,UCYx3ahm6xdUDR5768L4Br_A
0.47398275,0.8471077,1,0.11684406321019003,UCYy-mdQNBMf-xMe5UhGXTig
6.728309,3.7738535,1,0.12952638959850815,UCYzVj6yIMG7hb3fIIGy6pvw
13.252751,3.461013,1,0.1545837879999048,UCZ0x_B_vZdYKfNT5C7Lpy8w
9.554975,2.741121,1,0.10554498908207671,UCZ19M3sVDanKWSJ-HJd-zfg
8.583136,2.2991729,1,0.1475446593555937,UCZ1PLzkX0NDv9qP41G7Ojtg
12.874499,3.815537,1,0.16328849847645244,UCZ2Ex7i75pJIe0D3Rp6S3iQ
-0.044681344,7.3407135,1,0.08126083058319256,UCZ3BezaDAGVkAi8nBLAfcJg
9.587797,6.8648095,1,0.15559218283262632,UCZ42DcQM-dSL8QGIqWpWqEw
8.845432,0.29531628,1,0.13741120431757198,UCZ4920aB2h9g2uMu6-YvJ-w
10.852281,11.400894,1,0.1423919044981135,UCZ5bC-ukRfXLj4LrNpir1ew
4.080174,0.22821687,1,0.11764140912282178,UCZ6Q7fw-fQXc-3U0Ex6rVBw
8.582621,12.255637,1,0.11743847065850782,UCZ6fJo1q-MLfiQhBwoYNBug
9.562885,5.2394824,1,0.15086633805961247,UCZ77R8-HDdtT96IyVz03eqQ
7.5898943,3.0129008,1,0.12517309360562784,UCZ7P2OBr4fKPtEojOBoiJSA
10.502429,4.2375627,1,0.14863930665483077,UCZ8FdDKlPWVCsUxjKq-3ysg
2.8471212,0.68355083,1,0.07122076814343703,UCZAMQaHr3N8rh-DMw3Qa1cg
1.495823,7.4850945,1,0.06676640802611594,UCZCZsrxwH51w5NFgFlXa1rg
7.1002727,1.822928,1,0.13777667417973877,UCZEwl50kq4uTCknw_9MbJNQ
4.0698094,6.263129,-1,-0.1920806347631273,UCZFhmduJg0xnWAKZTxLsEFQ
13.325895,2.644649,1,0.16195529716856233,UCZG3O15BF7CbmjSXNbQ7hQg
2.1879652,7.3081074,1,0.04199098971803311,UCZHHzf2q57b9ygeQskJ6nNw
4.0771184,3.4901452,-1,-0.03531170403552297,UCZHsGZLCHVl293Qz6lV2J0A
11.62221,6.765789,1,0.1506745454958872,UCZJ4MywxLLotC80ryojvDOg
5.9113946,8.890616,1,0.10511736098754304,UCZJIhNvtqbpAh9KMdxhftYQ
6.969047,11.397943,1,0.0806864119157566,UCZLxLL-AWWmdupXTKM-ImsQ
6.206438,0.3450954,1,0.12238246741179809,UCZOGu-eOnDaOcvEsTd-aNng
8.445071,0.692663,1,0.15335943594018242,UCZOQL7pTXkvwvjg8tc3iVlw
-0.14013042,7.547626,1,0.05449563613261815,UCZOd3_lRxKKKTkmMP69LXUA
8.541369,9.488054,1,0.1339725085535356,UCZPftIhYeCpUhitisYULO8w
5.8678956,7.331209,1,0.08045178672615133,UCZQUGiBlm9S6BwPxnWoEUAA
10.332411,4.8526373,1,0.11018136861478967,UCZRzMEvyYclXYMAmX63COFw
12.445309,4.94108,1,0.1633732356001027,UCZTXxXcmmw3OUEe7hBHVvVw
8.780191,7.3056235,1,0.14585078913849575,UCZU6WSYDo7EZL6uWyTiSnvA
8.761407,13.325897,1,0.11239552869885716,UCZUgI9EwkPTyGnVI7wcAr9w
8.868839,7.684983,1,0.017343804379336858,UCZ_V8XcGJySMuYpDV6lLisg
5.6380568,11.438083,1,0.03385484445358167,UCZ_oyFiitOuX4aEQrIcSiRA
12.365934,8.237416,1,0.14403888141145482,UCZb777DMB5rqO3zHnapML7A
7.326331,12.8189125,1,0.10290571845343233,UCZdEnGWnGcbSx4lFf_ivXuA
9.029902,4.799768,1,0.03607379052943721,UCZdcSr2XVOvykMX0ABE57uw
4.3592467,3.0326934,1,0.021675720207615823,UCZfoMQlyYjnzGugeYPew1yQ
0.081394605,7.577764,1,0.06300501096278271,UCZg6Mg0JI19wx6CeKnIGcQQ
6.7249837,1.5840126,1,0.12993474468813387,UCZh60tvQwBhaNTgpFPtSYpw
5.7033825,-0.56234646,1,0.15147842425603603,UCZlHyBLK5hDG4jGQEvByFvw
13.116684,5.075257,1,0.16266285708964695,UCZl_3gUANpkk3ieQaGWwS7w
12.723936,1.7674052,1,0.164958637071003,UCZl_TpXWqlbDhZbBHneaHZg
11.859185,10.849542,1,0.06725816435413906,UCZmiJlWiRgbQBrFpyuCR1DQ
13.4516115,7.953448,1,0.15611322960810675,UCZr58Ghknr7KN-JhgH4nTOQ
7.2881656,1.3325353,1,0.1453997610784633,UCZrUFS8ez81-5EOE1Qk5nOg
1.070211,7.9424324,1,0.06304532327259671,UCZsZAS_4dAC0LRH7BYO1CRQ
1.6977774,5.9079137,1,0.03340754977510141,UCZuEcLFgCPaMrMAtTA_nD7Q
10.5182905,6.6120076,1,0.14441129621624266,UCZuiianifWmcvo8BRck1eAQ
8.054482,4.7235394,1,0.14527309073481248,UCZwE1bPmPcWQ6g4xd66uG-Q
6.424313,12.003792,1,0.059219245621087824,UCZxUabREVs4T7slSDd5QUwQ
6.014686,11.941696,1,0.027125223989923897,UCZxk1By3u8Ud8WdliERahsg
11.019405,10.046662,1,0.12923040055549567,UCZys-FEh1c0pMfgi_tjiPOA
2.4005957,-0.38512078,1,0.13436510201610496,UCZyzx4BV1o4l7C3ifnAyLvw
0.34971,1.0117984,1,0.09884517569179962,UC_-tzh5XNxxYKm89EIyWdnQ
-0.023003614,0.95527774,1,0.10943765987545312,UC_-uGeOCDGgSlHewGYwETDg
8.167305,11.335938,1,0.11159406245230691,UC_0JK8xSBjl27pXyl5eYJYw
9.183656,2.0083885,1,0.15416539771018944,UC_0pJiuIUhpfUnwwedaT5Bw
1.0610609,-0.9428044,-1,-0.16386187906995864,UC_1RwtUkgklSTtvIw2nQv7A
8.093469,8.240377,1,0.13918873236775664,UC_2dKf-g1wNPfj1duSF2pIw
8.753818,6.699255,1,0.13873718354886816,UC_2n3DjvV1-qXD_47BDoAhQ
7.7054443,7.874403,1,0.13139149706093584,UC_3jHCr_fXw68yLN2HbvRfg
9.327447,11.595953,1,0.13251596128157606,UC_68oY8bUO3UYqQRogUXo1Q
8.229802,3.851708,1,0.13252469303592956,UC_6O5Oru2O4-Aj2zPF8XSTQ
8.304683,0.25349241,1,0.14686278867274416,UC_6pp8Egac-EDfRUEnpVJhQ
1.014022,8.030034,1,0.07923662501793305,UC_7nAoNyUvWWmWr7VOYtaaQ
9.869181,0.37689638,1,0.1524360105878364,UC_8HyubQNHvT3Z8_y0F8L3w
11.06081,10.642825,1,0.12878760555722712,UC_8ZCYTGO2PoJJ3K0sbxN9A
7.9756975,14.012702,1,0.06620712059882006,UC_9Ei3EC9cY9m-sFo88Lq3A
6.9985642,7.2265615,1,0.13415854633992852,UC_A07C8TbKgS_awIgcoP-xw
4.976002,8.712,1,0.08545283583417546,UC_AhrJI9w0AQR7C0s7sol8A
8.848018,7.73653,1,0.14338146451142342,UC_B-_DhHdcufhDDpdeCIVMQ
10.308245,4.2802715,1,0.14846631742043515,UC_G-2z0nn8dqecpVT-zF13g
4.8404193,-1.1799877,1,0.14095748193149737,UC_GiTX8ajeIFynGdFRDS0Kw
8.602491,12.013953,1,0.0027633478062723538,UC_IDdQsJpvgqYEvgbbLp9TQ
12.384896,5.0288434,1,0.15323440667387422,UC_KTRulcc2sMICLD-Tnrynw
8.983723,8.353427,1,0.13246165879350197,UC_MB45H-uXwuWQkBAiMSb6g
5.440225,11.427368,-1,-0.024189339038129587,UC_NdIzCcPJlv-henfTLHHTQ
8.133275,9.47566,1,0.05202047582243663,UC_Qx5PaLlOXG8x2QJw4nuHA
10.397621,10.249272,1,0.14374115509532248,UC_Wwql7XQrMm7BQWQ8Yi3uA
3.1178448,6.9385214,-1,-0.07658603126658003,UC_YWn4PChuaMtLGfs_PJ5kA
1.0618001,-1.0643158,-1,-0.030425992898117427,UC_Z6W4o1PDjN8YHPkvbUpVQ
-0.009067741,1.01648,1,0.08843963946616584,UC__Dih26WBv5UVB-qabW2-g
8.188351,3.8738031,1,0.13725213563558086,UC__dZlylIj2mAJPA3Y30S1g
7.6562624,6.9162908,1,0.11834173364266742,UC__eDVXNDXFgf2B8YPWeszA
9.093141,2.1083205,1,0.0916685287797449,UC_bIIu-t-5v1hcGI9w9KLlg
6.058007,1.0655127,1,0.13434982212462093,UC_c4ZR47cgFTCTx8mKNI1FA
8.859569,7.420426,1,0.14197858952815023,UC_dWbkcmdjmk7nkN3JWlFOA
5.602896,12.167468,1,0.00943355656209921,UC_fX6---2V2e7gn3aJMA-BQ
1.5113882,0.5279382,1,0.1107870482599766,UC_fxE8dgQBUKoOnI25yf5-Q
9.688957,1.9610782,1,0.14565976602031677,UC_gHyU4rBnatxCsXASXjt5w
9.75549,13.010794,1,0.11634869323189395,UC_h9-o7r-PqF2jTF4oG_tSA
-0.7288204,-1.202888,1,0.07644529214921508,UC_jx0cHe2odFbtjqzoToW-Q
-3.6329973,-1.7272563,-1,-0.08056261092508143,UC_l53DTpSycyUFO6whwSBLg
9.530398,5.270312,1,0.14656140668441692,UC_lBXxHOtjNPl8hBYZAa8TA
8.850927,5.522919,1,0.16082406917293124,UC_lEWEvBl5VkwS6YywayYoA
9.121197,8.447342,1,0.1373501329638292,UC_mty0aB-_h_a5NeFFUMNdg
1.8500767,1.465351,-1,-0.08483923711921337,UC_nJ9xk77KKhDLQY2we0kgw
7.121307,3.9093888,1,0.14263571445926415,UC_ntpLnJrCVNxvq8GvKae2Q
12.491437,9.713386,1,0.15194811932988322,UC_oZV2rNP1G3DlnjJDBtV1A
11.526267,6.123667,1,0.14100167578147843,UC_qrNNh5_-yFULcm1rkyIng
8.6241255,6.95058,1,0.1392661818620501,UC_teSySwSqDm_Iv1JyP1Pjg
6.4713016,3.0318532,1,0.09033225920573662,UC_uppEi5wesk_xi1CnYGoAA
6.4959226,-0.63677907,1,0.1514556215035397,UC_vlX8H4TniygFd5YnommWQ
7.081754,9.019193,1,0.13996250424577145,UC_vy9wknYR459CHvDzsnk6Q
10.6501,7.6524253,1,0.14289104301218497,UC_wcYzBVwRVKfrbdr-UjoiA
7.507228,2.135302,1,0.1242480476162326,UC_y5l6s6mSGni-xd6nVUc4A
1.9958239,8.037597,1,0.057976532548497495,UC_zumCPjENy7PTqDBOX6-TQ
13.193271,4.0335283,1,0.1626119937133339,UCa-0WKXVWRt_F2PAgVZBmKA
7.863138,10.905068,1,0.12109844641980677,UCa-y0S1DujyXS6Or9cAeSiw
10.4165535,8.332839,1,0.1578405752025765,UCa2x-ifN-0XlOn7y6jzvXMA
8.360283,4.7077913,1,0.09380748439114422,UCa4tJeOKbZM9PuFRbj--nMw
8.2498255,7.720327,1,0.09242403515462744,UCa5N4qRDauavcuisJWA9S2w
12.283431,4.1851783,1,0.16037494534916613,UCa5zkVteixdOHx1_zmRyJ_Q
11.992943,2.498706,1,0.1477826119052046,UCa6WXJmONhrq-auC5-8QpSg
12.507917,2.656916,1,0.16006681870660483,UCa8C62ScOIzjH-AzVVaE0bA
10.272602,4.2981844,1,0.1486479039566141,UCa8e2ZywSle9qN7Uw7GvzCA
7.7515993,8.170333,1,0.13860737425184483,UCa8lwT-ihtMT3lcrwRZQjFQ
1.5803757,1.0656444,1,0.03051940514544127,UCaBD9dfGg9ysV4Wj0cP3ccA
12.053886,5.0005975,1,0.15660604299020098,UCaDI8AoOQPY_ymKjFgwrNJg
10.053837,9.626067,1,0.1083348715561041,UCaFX2-ecM9CzDQQ5Hmjymeg
4.045019,7.2843757,-1,-0.07575029907157327,UCaHpXr6WfAavnmt4Rbnd4CQ
13.39784,6.1222367,1,0.160429040986253,UCaJQ7n0FCZdSaHWQn8M3Zlg
13.298788,6.3923535,1,0.162086101812631,UCaKJjx_yGft0_qLK1DN9A2g
9.343685,5.4097037,1,0.14959340801229037,UCaL0hXxgrn0icnkgs6_JTfA
13.243964,3.8314414,1,0.1611015312500425,UCaN4iKHB0HMXz29NFwjSTww
8.70057,6.8794765,1,0.13978682611365256,UCaNI-oJ2kO_626qs9g79jXw
4.790127,-1.1682827,1,0.11575041936003194,UCaOhBPe7jwAqiwZhS9NIgwQ
12.720835,9.407028,1,0.15133443603482782,UCaPHzcj3fFYQV-t9OFamjbQ
0.94797474,7.320672,1,0.07781374821146786,UCaQuKN-Z1VtrtCc9Gji2pAw
6.450536,-0.1648896,1,0.15183813102996352,UCaRDJHvHkAvPvYcRSbg4Uvg
12.660982,1.8896654,1,0.1609659572697994,UCaRiLmr7ajpQEAwuhSTNLuA
13.774516,4.4415936,1,0.15219936127578498,UCaS7YxxHk4KpF4RW70_ZU9g
10.886321,11.462959,1,0.11147471719873397,UCaUNr9xoYgPNavKHqsTAHVA
4.5523896,-0.6498582,1,0.1393234551385355,UCaV3zGTX97CrTGXzHdWEFbQ
9.426845,-0.102942,1,0.1550944766492668,UCaVVb5mK2XSGCAGDFT_nh0w
8.85061,6.138813,1,0.11102605338111193,UCaVejI6C8VSzFKfMuOCMGIA
9.681577,4.750311,1,0.11846502949794274,UCaXY4FXAAMXjxUFQ50o8d-w
13.892487,3.963315,1,0.16060735206711424,UCaYwxG8OGnuWZSk1SuR7Bqg
2.9278724,0.95396817,1,0.07209245577545997,UCa_8NRDv31fTyhk6WT05I4Q
2.049484,0.5308193,1,0.014756516896274774,UCa_SRtyMKNTATB3hNTqfSag
8.44029,3.1832743,1,0.14687757284088415,UCaa22TRx3oy9oWbQ64YtVnA
14.753694,5.0076656,1,0.15743879911707848,UCaaYdDw_YRhfLu3fZoU-4nA
4.047406,5.8168173,-1,-0.1452684522189509,UCabXdzM648jvcRl30OaPjRw
13.516758,2.7711766,1,0.1627188415842835,UCabae30sDHbx4SoGfkoPYGw
10.586452,0.90380126,1,0.16076423470115236,UCackWv-uzBLhE0UhHFGUPNA
9.192286,3.7391994,1,0.1325193672768994,UCag5M6T6BZWo0TSIkVOk9Vw
1.5904413,5.809033,-1,-0.01687917113614268,UCagbyRfPgZ8x5Hxtm1yQcCw
11.74922,10.554363,1,0.13995947642898698,UCagtBb8oFmImZQGBg7OVX-Q
13.883908,7.152612,1,0.1553083551267589,UCah1NkJCqsQdFx8rFPLelpw
8.541397,-0.17379107,1,0.15702315206745554,UCai4b_SK-vwQg8B7zLsqLLA
-0.612433,-0.4832625,1,0.07948696859301585,UCaiaq7nXs_Aef6PQn8epsNw
7.500707,3.5533338,1,0.01653385558718745,UCajcy7K0SoZB0f4sqa38ULw
4.7120166,3.702656,-1,-0.007370975198067509,UCalno-3qR_9o7oE8G4Pf4ig
9.540091,12.883965,1,0.12131123190337789,UCamC-rEdtevcaOMEATd6iZA
5.9208026,8.499417,1,0.08137528412959016,UCamGP4oDtI_5P84T2DY5Uvw
0.31794322,1.395157,1,0.07643198491245268,UCamo-TUszAVRCBtgh5ehqNA
1.706834,5.9243975,1,0.03549511568621305,UCaoKfuiXh65zjATLQHenR0g
14.802867,3.4504652,1,0.15727813834053234,UCaq2spPs0ECFC422NVP4esg
12.949111,6.4199533,1,0.15643063264896606,UCaqGpcRt2DIAKejrA4w13dg
9.205391,11.657198,1,0.12517699990260306,UCaqpLEe6hP6xDdpaat1qpIw
6.257698,7.773069,1,0.03862741838419964,UCatanT79m3Fx2GAuOj3wh1Q
8.20664,3.1273966,1,0.13276034729717812,UCau1ICCCgOgaz6ke_ObT5oA
7.7193303,4.6188064,1,0.12052485263756513,UCauL193i_LvE1FksCn7_avw
9.5156975,6.872496,1,0.1594509513810755,UCauPYWkHDZHao4si3ORiSpw
5.282773,3.208587,1,0.04138194559042302,UCawDrwSkDB_wTniiaTN2G1g
7.224871,3.8173304,1,0.13214155438436986,UCay_iuggORd-7CLACIvQNNw
7.7443132,6.171332,1,0.1323358962710312,UCazMuTEKX7d07MgipOc7dUQ
1.8333237,6.6587367,1,0.020287786463076884,UCb0EdkwM0pBHLOfZnpcNa0g
7.9381433,6.7073846,1,0.13528728132487688,UCb0WEJ6xNG_gQaVAQjMMhQw
11.840763,3.024356,1,0.16220286472626338,UCb1YcPHjeijbjTqc3FNBSJQ
7.6908064,8.492602,1,0.14021827230897482,UCb3DD6dE3RhhqAU0O1xJyog
9.765425,4.8366246,1,0.11846502949794274,UCb3tc9EzUT34qIX0qA8tbKQ
10.635573,3.5181758,1,0.14485810446377462,UCb6vQxauHlFzOCwHUHgGeMw
6.51013,8.925891,1,0.11284909347793776,UCb8R-4OAIAOG98P_3gIESWA
-3.5763257,-1.6894428,-1,-0.041307372895094674,UCb8UjjFpMCGiN4PZO_k8e4A
7.189857,3.5446756,1,0.08256126396673674,UCb9BIXjzeMCb8pSCv3wTCUg
13.302576,8.102492,1,0.1490024605505652,UCb9cobEB0voDWO2wXuHkWnw
9.955149,10.112293,1,0.13956774763479635,UCbBCfHBg0E1i1WT4mv1-sbg
5.55307,-0.38384888,1,0.1430228839070058,UCbDax9lQl9hqYlIryJJuhew
6.044058,9.142588,1,0.1119435119582593,UCbE4dsop37iURoMsQeRCzpw
11.33398,5.167013,1,0.14536777190285827,UCbE73iycaKF0ZYu6CZvF9rw
8.204515,5.6623874,1,0.14702115007609495,UCbIuy0Cq4U3RKhwiHoshgyQ
14.446853,3.1935475,1,0.16185956380294897,UCbK6uCU8ERLOTIbLe-k6iUw
3.90579,6.3229485,-1,-0.13043079289759507,UCbKFPCQAdYjhfCClH8WAVmw
6.8059773,6.8149486,1,0.06498922762475984,UCbM1YWf9-yCq0o_4ofSVyFA
9.343487,0.0037029618,1,0.15566041539092906,UCbMLCCCCYgsFa5CB_8VE2tQ
5.6053157,-0.3147855,1,0.14301080058302312,UCbOFAfe06fMKCKC3__xO2zQ
2.167111,6.8226643,1,0.020588879731812226,UCbOghTKH54IjBu9qxQdCPUQ
2.3556936,0.06236171,1,0.1228457102294907,UCbRLpInyhpPXz48d1RntbHw
8.987414,4.232424,1,0.13117796823587458,UCbTFTaodP-EgUKolj3Sntpw
12.292868,7.8027043,1,0.13588959003622342,UCbTuq_flXapL0xgT0hhVQ6Q
9.891358,9.03705,1,0.12996963057220096,UCbX7Q1rSFKgvI-H4iG6dUHA
6.081888,6.9504786,1,0.07367065157312513,UCbY8HIzZsSRaGR1U2R6sLPg
7.396884,8.42871,1,0.07392549718785746,UCbbGyMG034S0vbM_Xu3ActA
11.600368,8.108803,1,0.16136102279769815,UCbblzKwFMluLCZTuNqxl-kg
0.96814764,7.3957705,1,0.04816227011741625,UCbbywMGti1ejbQpjMLDxsFQ
12.055465,4.759509,1,0.16203803256936977,UCbdOYagMB-l8HDONlr8TuyA
10.978507,5.723308,1,0.15033560190422385,UCbda-zMTh1eJUGFpeQmhkdg
9.743921,0.14819656,1,0.15766606093927021,UCbdqJvSpFLmhEyt0vLzQ5tA
10.1990185,0.88303876,1,0.16265112549469773,UCbeJW22lAKCRh-Epx6EUkhA
4.235093,9.111919,1,0.04914280776893093,UCbenCPhjqXDmCfvS6k9d-wA
8.304999,9.108644,1,0.12554508370456685,UCbfT2_X810bglVueFLm-T_Q
8.103137,-0.27343625,1,0.14077744242549578,UCbgtpdJkG42-3OHEVv1ppIw
9.05196,1.107123,1,0.14491680568774423,UCbnlDSOWeJ0DrFvwDUG-F9g
7.4093995,2.8432488,1,0.14059196091916176,UCbo-n9BNnxGsxryQ7xNm1cA
6.0123014,7.552772,1,0.08615590034065823,UCbp8menGVaIDpK9Lm3iSNbA
11.959717,9.511288,1,0.14527415271773853,UCbpFEN7jVqwByEiwFRtmzlQ
-0.012886484,7.0069265,1,0.07810371675031225,UCbpnqXFG_Kh0aVl-fuKywTw
9.108292,11.39743,1,0.12984546357180887,UCbq2YIyiohjqVc47NlRPUZg
8.882758,13.052463,1,0.11457972792898447,UCbqUawpg9pc8ykD3ylJYy-w
7.595937,9.1921,1,0.13405819842584926,UCbsCF5Ki9rzIsffjcqj5Mug
12.928126,3.9038923,1,0.16339431869225107,UCbsnWUEPi6Bjp_wrBg28WqA
2.2636406,6.9035935,-1,-0.06948222921882397,UCbt_fqJeYzdQFpzIYck97JA
2.232307,5.844305,-1,-0.0037266585073114644,UCbtyNUu7HGVNV8Lj5aFKo4w
2.2373002,5.665811,1,0.015729836302662725,UCbuCQHIIADQmwb3LzMxlTtw
14.359722,4.431642,1,0.1602577735323889,UCbuOP4w_bPW4riebUqp47zg
1.7930838,6.162648,-1,-0.0028830716670080747,UCbud-YZ24dfuY1jQa5cB9Fg
11.6326885,9.095999,1,0.12170792009848941,UCbv_35a2qYMzzwuMRPi-hJw
9.4519615,-0.0063276086,1,0.1532665180682501,UCbx9EFxHm8HF8bbqea--1Jw
8.874095,0.16568193,1,0.1262185736618605,UCbxz5K3SnNIkiLcnvK-xXoQ
8.560984,13.84581,1,0.10618083122775163,UCbyYvedHDL5PWt1jLRUdFuA
10.583882,5.373804,1,0.10221869598687872,UCbz73BCCs32gZJzFwpr3Vkg
6.2570553,-1.0537088,1,0.1493147164555041,UCbzTcQH_fMOqV5cGVEZdTtw
5.892545,3.3489754,1,0.12269687706216004,UCbz_65Ycf-zn2O74BxGtshQ
-0.30526626,-0.16149034,1,0.10879718557641826,UCc-NFNw3YReZnFTRi1MU9Fg
12.014922,4.782254,1,0.15249464514839772,UCc-zs5wExdiExGjJ_nujS1A
7.278073,13.152439,1,0.10460493706825436,UCc1Q7rwlDtVIungUX7YZZ8A
6.608823,12.596443,1,0.045203084433388496,UCc2FEqbXnvW7venA7D-Ljog
6.2758913,7.124508,1,0.1374593403673483,UCc2UhG6ANBB0HOGqlDXkqBA
10.287656,8.353123,1,0.14206362243796228,UCc3wFZAYT1vfEZ8TktmYydg
-3.9578605,-1.8092897,-1,-0.06897743145179525,UCc4hIHKYk1zsZn_92exyxGQ
8.376715,1.2458501,1,0.07427522292598365,UCc5Z0NkUigAMsggzbIRVq-w
4.4691005,10.224513,-1,-0.001073888396931677,UCc7k-pvR5orqROnP8b2-Ntw
1.993202,7.3126616,1,0.053507003100706885,UCcBIRI-d6E1RGfh52jYuz5w
6.0086102,3.4066272,1,0.11193670272087719,UCcBVW_alxRFuMlzZSPAvUMA
8.384106,3.3433676,1,0.13053497456981655,UCcEnCDOhsSKT_5r59Yznf7w
0.7005733,7.0052285,1,0.06597087589408762,UCcFAaY4LkX2W-tTW9erJjog
9.035375,13.474604,1,0.11215122026252983,UCcGDMyCgqfpDPdMzNWvudOQ
0.069547296,0.8687773,1,0.11717070099816518,UCcGOY9puCEb8XNPxjQNF4sg
7.252283,13.55222,1,0.10229529442978297,UCcGVwkAS0EWigy7K5KTRiXQ
3.2338498,0.47054255,1,0.12179529998283922,UCcJPXekDmebMyaF-xGmpQ5w
9.923479,9.477819,1,0.1008965626265243,UCcJoWrE7i5vtupMbTZ7KFSw
5.8350515,-0.123035096,1,0.1320634834151712,UCcNKQzyiz1tT37_jVX3YJ_A
11.408831,10.559273,1,0.14053337539408733,UCcNq3j-h8CtA_KJ-dlpo54A
12.993345,1.477192,1,0.14707709620234993,UCcOc68Hgg9ctQTT3uIa4ZNA
7.026813,5.279545,1,0.12246201847767463,UCcPF8igiXUVHhISUqtapZAA
6.7874203,12.897361,1,0.09032500749441458,UCcPipJq8PutvbRvB1fcDUOA
5.7496314,7.4417744,1,0.05637270998426558,UCcPukUVpEzWPfWjwVtvDTDA
9.568183,2.8234887,1,0.10851475418463613,UCcQJ1aU3i_iDNT6gZ6hAR-w
10.634471,4.2726493,1,0.14389102147581423,UCcQgdsisYxkR1IgYUpyNWNA
9.318779,6.4223723,1,0.1420247953387857,UCcS8_5MTtjGgj8kg-IQQJOw
8.663578,5.110906,1,0.14787026322911379,UCcSxRhOkp_Mbe-RgaMoKmDQ
13.351845,6.4916415,1,0.1553165899463519,UCcTK5xZk_5eKWWqviKg7Xeg
6.7008877,3.6820486,1,0.1317824660810784,UCcTVjdQ4paHpqpLdGxM2bgA
7.9768357,2.6094863,1,0.12773549785045551,UCcU2E-WoWpKeIxH_sux80gA
12.745911,9.244674,1,0.15479841185588689,UCcUXPjhE1SFWTdrjPaTPSOA
1.2626319,1.9196602,-1,-0.07978668023624669,UCcUqT5BLbdSVsDhDRXLdYjQ
8.552392,7.608493,1,0.1513830563980157,UCcUrmfgbW3eCsg3Hm8S_HEw
5.840177,-0.70722973,1,0.15297277794144287,UCcVEXvLinFBPyBakr64X_ww
0.5863321,1.4803041,1,0.08665886965779229,UCcVOtvm8t7prWGGEfeE6fMw
9.123319,5.8553033,1,0.13860908714229442,UCcX0frIe4fKB732wozeNXOg
7.4417715,7.824544,1,0.13382971060859955,UCcXDD282uCpwG6w3VIKxl4A
11.237912,5.62353,1,0.1507470978380579,UCcXbdJFrIfZOFdvWlQPFLVQ
10.164943,2.3446934,1,0.14255265442875986,UCcYD6kYz0-axczQg8HW1aIw
11.109547,11.615487,1,0.13866729802619104,UCc_dnCiVDKZtFqlOHdai3Zw
12.481184,8.544052,1,0.1348573552288076,UCcaPWa7EDCUFja-a2PuTRRg
6.463555,6.534571,1,0.13273621560463317,UCcaVG-QcHwqzrDDY48kxbWQ
1.245819,0.9637755,1,0.02375148203369587,UCcbdLLqyjOrSaZ9cMkGfXpA
6.400991,3.6180754,1,0.12591625018644315,UCcd0JUDk_XoKVRiXb7XcFJA
7.629956,14.130266,1,0.09672788618342515,UCcdwaEivBWawsOV99aMb4cw
14.641336,4.2843294,1,0.16154501354998219,UCcf0OZCyL4QMo0umz54CF5Q
5.6726966,3.2251608,1,0.09610447514489584,UCcfVfpXVIlWE5Hg4fw_uFZg
1.7116306,5.86499,1,0.056751618888819744,UCci7OWMYF-XypoSAiETtwPA
1.1317484,-0.8200595,-1,-0.05299839747809387,UCciCNgN6MeAdNyx4rE5MQgw
10.05579,2.3879282,1,0.14312135811826016,UCcisnfkS0kSwXxDjNjaprVA
5.25395,1.3530812,1,0.09767582663262592,UCcjp7yVx0SypoC1ToMQMEMA
14.060735,5.492,1,0.15722421681298837,UCckZo6-NMmq7LF-QVhXbCNA
4.961651,3.5387905,1,0.013669174353834745,UCclPdruTLudptH6txOaElQg
9.761154,2.5416348,1,0.15090893739465405,UCcmwa40drRRPN0zDwRcOcMw
5.6551466,7.515919,1,0.07116459457073365,UCcoAw8nEt6uoL5aI5HDlhnw
9.041437,0.78848183,1,0.08570148625907303,UCcpH9lwNJF8cDdPWU5Nljgg
1.1498774,0.84900016,1,0.12048753486988423,UCcpN5xXHMl13GHKqlNju9ZQ
12.560489,5.4456396,1,0.16564490497224732,UCcpZaYzofGsiZIkhAj4AiqA
6.734803,-0.81541115,1,0.13378833716431127,UCcpwxfrfiREuIGRbW8BYnEQ
7.436198,7.330353,1,0.130288849102902,UCcrKcHtkunbvGd3ic9YHRuw
5.3229833,11.600747,-1,-0.03309971121598332,UCcrqVQmqZOuBNl1-O64JD_w
8.471698,8.055509,1,0.13411745162598343,UCcs0yVIeUZn397D50ylyB8w
7.3225045,2.9087207,1,0.14093472817681985,UCcuJTD-AcQNJXcMmlYsrKkQ
7.139851,7.058446,1,0.13914443984390973,UCcv172PO5qBIk8vclNgsM2Q
9.71949,0.8761192,1,0.1557398053743813,UCcvsMjepSSh6yOZaIPHKeLw
6.5683556,6.316366,1,0.136229977100929,UCcw385g8Qkp5GfS0EduBtDA
8.891073,5.745468,1,0.09417573826787834,UCcyRedFc-OcJEoIDzv6y5nA
5.9540234,12.310541,1,0.044323740087037156,UCd-ESqaEMKfvedTAHvcnR3A
13.277193,4.1408668,1,0.16435849606676345,UCd09aTMf0SFNVQcqiqUuP0g
0.13484116,-0.30692196,-1,-0.042726191740395714,UCd2-hUfajoG3u65DNjzWfsg
5.8139973,3.26508,1,0.10858009257633472,UCd3Oy4Vh6JXvpmE5yS9t5ZQ
4.85235,0.3880504,1,0.12216459304454508,UCd6fKa7Bz4hfxk-Jz-Lp-9g
3.1053824,-0.20391493,1,0.09380842375450471,UCd6ff1aKHAY2fpsgzrrdFTA
13.062031,4.754868,1,0.15982138441399202,UCd8VIyi98KnxLX4DIW_lpQQ
9.940931,0.0880732,1,0.15252232882995947,UCd98urfvT2GODjUMhLq7hpw
11.387944,3.1962042,1,0.13645713523643177,UCdAtPRvoxy187DJRmU79Ncw
11.354384,2.5273027,1,0.15379020014311606,UCdB36Wo2E0LGNin-F-JxzOw
5.4199634,-0.8305277,1,0.12829313894579913,UCdBBgWX3ihUEvSnk1aHB4Qw
1.652273,1.87225,1,0.09543683880455234,UCdBEdEcfSpPIjauQT1Wz0UA
7.7221956,5.4404626,1,0.1353765612265988,UCdDXAjqakA6JH9jCBV43UIg
6.229387,13.410035,1,0.053256271003717215,UCdFg65wZ2fqPO3T1hayO5Ww
3.1761787,-0.7609266,1,0.12424809674830917,UCdFjxJYoT-rOPb3Qf6chm8Q
5.95983,11.34303,1,0.06492849058509326,UCdHEraw9R6OuIWEVZ_vOdQQ
4.057165,0.8477063,1,0.08748144985324174,UCdM6TvhpT7jLWA9Bq_ZlZ0A
8.554238,4.7577224,1,0.0950040856987936,UCdMESel15DpTZOImnd76U4A
9.732322,0.1815522,1,0.15894971679805564,UCdMNt-bpqmTKcWKjwztd-9g
9.730454,4.077428,1,0.1128588104589548,UCdMyyCV2DvVNpazyuivr2vg
10.262759,12.412281,1,0.13585309294412018,UCdN_S6_3S6PD_7VtVPc0IWg
7.467874,13.744623,1,0.10409383645885023,UCdOQOI5S4hFtKp-FLMwS5gA
8.266451,13.675013,1,0.11164053746588282,UCdS0QrJi7lpu23uL-b3rwsg
7.4224906,-0.20419961,1,0.1347048309855604,UCdSEDBdiiPFiq56sjz1YA1Q
14.911747,4.8398323,1,0.15727796809306277,UCdTayR_23TzbaDM-QPiU8Ew
11.283562,4.863345,1,0.14969697246368263,UCdTuniOjNjIfyxPTdD0qCKw
10.154964,5.1420517,1,0.10876837924260135,UCdWdHe6VlbVNU8o-inONkww
10.944732,4.227691,1,0.14992184737088182,UCdbia5G4AGaHQiWlbWecxVA
1.203,-0.28068048,1,0.008134994887090075,UCdc53-_lxFbzSXPnvNvgXNA
8.749744,6.1540236,1,0.09458112574134026,UCdcPHfeG21tqh8QZ_jZTNTg
11.937079,10.964194,1,0.10766707391309244,UCdcTbWtgfYJqqcvUr6sQEaQ
4.462311,-0.7459257,1,0.12074751317342086,UCdcZ56tqvc3yK08kXoMU1fA
9.975904,8.8526945,1,0.15003231885944068,UCdcjh6c9VbPNhYizwTCqqZw
12.922848,7.1420054,1,0.15764206389814522,UCdeGiH7VRDhLw0Jn20m10ig
7.5255136,2.627267,1,0.13959993142858207,UCdfJSbeuC1EDckRtP7iALlQ
10.736953,12.233215,1,0.13609388378530446,UCdhMce3pr4rpkGUaiOgbdvA
2.8539412,6.5151744,-1,-0.007702283798817988,UCdkGURXW3wZ15FILaR4sbHw
8.715333,6.311882,1,0.10437384016967294,UCdkGVtBzwm8VgngJ2VJPOPw
14.01173,5.4099426,1,0.15722133901646862,UCdl7fi0kG3InjDg9JhfYYJA
1.2807808,1.8758594,1,0.06981421265089982,UCdl7qCnJl0yTbskcZUkk2GA
5.6407804,7.424347,1,0.04908521159495771,UCdn0s4rhv0A6JYgn-M1_Kxg
3.8472066,5.8112984,-1,-0.1602966702651033,UCdniaSEiEAKm9jQOL-JBjlg
6.9144316,11.371109,1,0.06408478516437499,UCdo9xBEnBj5i_SDDm-57yVQ
10.122101,9.68044,1,0.09913528126780113,UCdqjCt80md8GIiviKzq-X9A
9.72036,11.753349,1,0.08277029108002282,UCdqky2Ngy8XTkwnIi_lWMoQ
14.048096,4.137007,1,0.16078436665593937,UCdsqyKGdwJX7JYONerKldeQ
0.31309918,7.2647915,1,0.09696879237154826,UCdtOM2TIdJmuLAV3MVlc1lA
4.1249313,8.508968,-1,-0.018088365737079726,UCdw8AzxUBiC5hS1bAJbo1AA
7.6812997,10.730034,1,0.08160358947718782,UCdy2TwQ-DVTxhCVtckNmETQ
5.856624,4.091325,1,0.05582893597351152,UCdyQFWNKirPDm10HLHm5MIA
7.250983,9.185554,1,0.13778585116184727,UCdz6q9P2rRZye0MXJRLwK9Q
4.7396984,8.588989,1,0.09189325313648444,UCdzHfhwdqFgniL0R-NW6EXQ
13.188176,5.0445666,1,0.16136782947512557,UCdznNFCOdBujOQ8Iodi2irg
10.652034,12.237245,1,0.12727438307483557,UCe0K08hbRs4Eds1qXPyk1dQ
0.74136925,0.7710195,-1,-0.041284476421244665,UCe0quJfsQS8SAWaw-4TRapA
7.5278945,9.245122,1,0.13599192754216816,UCe2XprleOhewzgESpSBQiEw
11.6359625,8.391285,1,0.14640249182903564,UCe2nsJ1G7J1E1dhemmyfWgw
7.0474486,3.8748739,1,0.13996857543710023,UCe4_J_mt6JTcSLRR2lOa0rA
13.683349,6.378544,1,0.14853508856564618,UCe4hxuprNciIY9owFgw7beg
10.535474,2.9572692,1,0.13040404057704935,UCe72BSa5xqG2HbTA21kBN1Q
13.973647,5.6451936,1,0.15689343975643255,UCe90buaIKeLy7fcSujOfwtQ
4.5427966,-0.9921092,1,0.14347808058636474,UCeBdclX0Yk3vELXLw09e-xw
3.8576245,-0.99864954,1,0.13561866832518105,UCeCdGj1ruErQsCOd9wuhR0A
9.551375,5.500408,1,0.15171359770741366,UCeGH4YXlScuoYSof40aepeA
8.772006,9.168466,1,0.13868019567481554,UCeGaYSWw66ydETLSLB71xIQ
8.311984,9.378567,1,0.13870012763294975,UCeJ8VEAX4lLtzfZBsxuFXdw
1.4441053,0.56087554,1,0.1256365797193762,UCeJiU7fmLILz3n87FAYpg1A
4.610639,-0.8805905,1,0.14250388490881577,UCeKyH_dvObiDhw0DFFWr4WA
8.860962,6.073372,1,0.15913761344223754,UCeNshU_zKBr2aul1-HRQPfA
11.171539,3.0864828,1,0.14625340367225298,UCeOPlcsFwKd9Bb-af19gDdA
8.699587,6.379001,1,0.15469413579599994,UCeOqc5WuwceX2EYIW0Rj8uA
0.59553564,0.616272,1,0.09840208935457384,UCeOrO8v1kEZVMkCmr5CwnqA
8.064061,8.320674,1,0.13515976571419946,UCePj7zIKFqzDg6-YZFCVeSA
9.573039,14.111225,1,0.06854954335474767,UCeQ0pe577clYUZi5MQ1PbWg
10.470199,8.5462885,1,0.13601660597244658,UCeQmlwcUQq5tG5d85xt88Dg
10.046956,2.77789,1,0.08579859015628538,UCeQw9K2hKM0PJu0Ynlu4Q2w
7.791388,13.745075,1,0.11031905575132683,UCeSj3buhtUTgF2XU7PaEtgw
13.662407,7.6335125,1,0.1578338750351344,UCeTi-vYIt6ZRoDT9BJHjyoA
-3.948686,-1.8043643,-1,-0.039260681333388336,UCeU6YELFTKt39aWqMiaGLdQ
0.4757147,6.818708,1,0.04662319646997437,UCeW5c-FlNwtS-IMDiztdQeQ
4.6588397,0.66879654,1,0.11746406625129757,UCeY23ji5nV16Lxb7QTA2UUQ
-0.31248665,0.55199957,1,0.10750822199452381,UCeZIDa0yjK7KEH4XuDyZF3Q
5.465588,-0.34019145,1,0.125696988914492,UCeZdyMwXeY2un04OZneYpzA
7.0930004,14.098963,1,0.08770570010651751,UCe_Z9uywkehIbk5XXp3wtaA
-0.51841414,0.4070487,1,0.1197075595841453,UCeakZEw9heyntZWRi9xsp8g
0.4863009,0.9041725,1,0.11102831170615202,UCeanHOodyKzjWGnqVZnVsPg
4.17854,9.009638,1,0.06850695206966934,UCecdlboAiNojl72fty50e2w
7.8556256,9.01508,1,0.1044710681611985,UCedXqbHWaCUJm1PcXGbSL4w
9.828575,8.845605,1,0.13154225355763127,UCeda0ikD6cYxD62Z44QK7FA
9.466143,11.226384,1,0.09629244001056525,UCeg4cmFPakq7jCrbAwexCkA
9.541848,6.170578,1,0.1473468735044099,UCegNnqoN_92grPoMqmZPS6w
10.45437,6.3955073,1,0.13757757640560503,UCegtMtXqBiGyqi2l2aTaUFQ
8.170796,1.0062407,1,0.0918154047697276,UCehLaCUo4WHIWg-KdeeCvRg
12.1700945,4.509879,1,0.15774125001366096,UCej7gKc_oWXrgHr1vmoKaKw
13.408442,5.0737457,1,0.16324893831159898,UCejIMHbKwPZ1ZzL2JgQQbcQ
6.489283,13.013652,1,0.06607327016844516,UCejSXqcYhd70vcsFYUPUXzg
10.249212,4.2594953,1,0.1499755320817583,UCekIjbBrhO3r6eTfVdIWocg
5.6912217,8.733824,1,0.10957280506485628,UCel2ca3OALNUQoX7svVhmHQ
3.8404047,8.250525,-1,-0.00545717529921419,UCemjetjmfQE950C3Bea8bDA
5.2000527,1.6046791,1,0.10714656291211494,UCenWoaDQZgYOMCB_M-Aiz3A
5.3977604,1.3478012,1,0.10191706115731347,UCeokT5vktbbx4qJk7nrp55Q
11.887612,3.004117,1,0.1597593144656188,UCepiqzCVO-Qc0mB4Ul1T2Ow
12.473316,4.6464925,1,0.1586722055949203,UCeq3jtiWQqRj__g-pf9y6Hw
-3.5680685,-1.6628267,1,0.008347782089872413,UCerXPtQHBaeVawAxcRrV7HA
11.769956,7.8811145,1,0.15865682964939176,UCev-syYBxDAm3e42aU1qYNg
8.581133,2.2622266,1,0.14043873612190977,UCevizsJNK050wfi1MpCfSKg
5.006627,2.246707,1,0.017695615061238457,UCeweO3EhpPBnvsBqaERVNXg
10.528673,11.540481,1,0.13621127915154885,UCexYGUOmxnAhE4JujBpa-IA
6.7300997,11.642474,1,0.09292582536032856,UCeyXmm_ImxlMyVW-Xg8hOMw
5.6880274,0.81283146,1,0.10249680358292018,UCf-XUn2a_yczCcXBOHoMWzw
9.619323,1.4891019,1,0.14384837829231129,UCf0QDT7-O7V_wLGSK631olg
8.80253,12.203439,1,0.1232243399234908,UCf10bu29lDxT-FhMXGLKWBA
7.158517,7.8973947,1,0.07804579829590513,UCf2HjecnR2SBo7T2NUMEYPA
6.539617,3.227125,1,0.12639706339842405,UCf2QWxGlxDJ_f47l7hgcU0w
8.874247,7.5537057,1,0.15395091248774478,UCf4k57Uj3MyceSuI1r6TGHg
10.551483,5.350578,1,0.03140455141473897,UCf7hZnSEvwhKOZ-INfdqm1g
10.059217,5.5504313,1,0.1413417609058959,UCf8Q9LTRNC7axAJXN5ThNIw
8.184236,-0.44441548,1,0.1525340159095444,UCf8qdVExBSqPK2EPiBHc2TA
3.1234808,5.5904536,-1,-0.0473536947681652,UCfCxvUObC4GU_o71BSsHJvg
9.716594,4.3849883,1,0.1469811497457153,UCfFC6o5NwJA16C74sFhqjcA
8.224993,6.462486,1,0.09669096902539476,UCfFMSLBAkOWCNwPIhcPZLIw
8.747247,2.4388855,1,0.14168411090662625,UCfFatPUuakjjmx7m_YfXLFw
10.80686,7.677823,1,0.1272463707478716,UCfGmKwtRdjElxWNcQo2qCuA
2.4669766,5.602539,-1,-0.06967839408284948,UCfK_X9UAfA2uxZ1LMcsLSdw
10.557483,7.2447824,1,0.14057139415153425,UCfKphprwMqUiUkiqkPqr5Ug
10.85598,12.026754,1,0.13579049996733195,UCfO0qq1sMSFzaauQJLHKW4A
6.6007476,3.604583,1,0.1266562452554763,UCfO1HKtG2B7a7fZzfFUQPJQ
0.89309436,-1.0551485,-1,-0.07329434031883952,UCfPBiFxACzYq6_5luZe7V0g
9.2585745,4.1880374,1,0.1487497342542735,UCfRcL6-wgBLdcOMtUfbpoHA
7.8421,0.260543,1,0.15172216282450002,UCfTua2_UbsITlPlIp-hAmSg
6.772127,7.7966523,1,0.12001835178983306,UCfVSb4bcPyZkZ9kAPGT4z7A
4.927614,1.1774614,1,0.10821778117864633,UCfWEcQeRNDDHj6eR-14SwsQ
9.052748,6.606543,1,0.14651627911927495,UCfX9b0EVGcBH4484epE4LUw
11.122233,11.42423,1,0.13731386525333722,UCfYdiAvayx5DLzAB6prtBvg
3.4440176,-0.5683153,1,0.14432429162280375,UCfZ2ZGPNHu0ijKS_mW19V8Q
9.478896,13.2379265,1,0.0992731437285912,UCf_zARG85NCdJ9jn_yVRsPQ
9.185348,12.900916,1,0.11893171815768583,UCfaNrgo-P8H_DZWe5oXxJaA
10.04717,5.9797325,1,0.1452250667038119,UCfb1uygb6mMS4pXOoKQP3cQ
6.5910463,5.4830565,1,0.08734919770549021,UCfb3NfQ0gWFnZXwBWk0Nn7A
6.865369,8.899482,1,0.12659310924875533,UCff3Y1aAbdEkrGMJnO-1_5Q
13.309683,6.5629096,1,0.16101270119099048,UCffX4VZEnw2rbm1e0ljumLg
2.5841935,5.2400293,-1,-0.08699880312417718,UCfjW2aG07v3hy0MdbrpnAag
1.6835161,6.9760685,1,0.03773668387222223,UCfkMzoCpfwCMb6jkpWKJ7rA
7.7665615,8.969421,1,0.14631492969284443,UCflReQC_vSa_23iza_9j4mQ
7.3031673,-0.36243317,1,0.13697107369593464,UCfllxolJ-MCm0cZNJ35HpgA
6.6135654,8.31355,1,0.13620177030882613,UCfm6Gwi5VAY4StJrW2SMlMw
11.785951,10.001847,1,0.1403035371231386,UCforrMIC-59nj76y2m0bZBg
8.851685,0.465016,1,0.15068468048691658,UCfpwK9hyMMv0gJ7rY_5Ngzg
10.379185,3.1199062,1,0.1378950982003176,UCfqcyRB_2LMIXoJ5lViXFVg
7.6209097,7.422389,1,0.11219833048589473,UCfqdCHugkV1Gbx9AdGJzJEg
8.824991,2.7224934,1,0.15183685146980758,UCfrqfvncpNB_WKLSC5oDwvw
4.3486805,1.8672282,1,0.014067694881752413,UCfvnh19iQqhZh2EY1Leqrjw
5.862515,3.3805568,1,0.12261279152639426,UCfw2hsnT4tTjDbISbqH8_Ag
11.061371,10.297421,1,0.13691300054988026,UCfwTOKnnLmpqLq8Y2Agbi1w
10.270005,10.999958,1,0.08039953812524214,UCfx-YJzVyVI8gkIGqZBTuPA
14.370421,3.2220669,1,0.16345050909312703,UCfx8EB3XuIRyEphmhhcJTkA
0.07286799,6.0266824,1,0.0014891967390141536,UCg-CIINkX1-oN_kNRRbrHEg
9.33048,7.5202327,1,0.13875468705584404,UCg-MOkF1f4X2_nQb2WjCcVQ
2.336434,-0.43911922,1,0.13314743692295322,UCg04cjQa479on35AlujlqaQ
4.1527696,7.409443,-1,-0.03175509341423166,UCg3mpGTW0LSm7ZTXHStTmkg
5.154269,8.368769,1,0.017500769955869744,UCg7ECHe6c2EnhhNHrcNXt9w
13.115986,3.1103752,1,0.15557847134500502,UCg7GShLwLfDYiwUitRBVeZg
10.830398,1.2076038,1,0.16045410890852296,UCg7SYgpNySkthGRJmdZnO2A
11.642849,2.8220224,1,0.16151153381830596,UCg7dXPcr3LJXa6ckHri51Ow
3.964366,8.645751,1,0.05581497549748843,UCg8O7iNGcUymnkzyKgSCTfw
0.71813744,7.521219,1,0.09360973999187572,UCgBNYsFGcYDR7Frfs4iOBnA
6.5439715,9.959826,1,0.12215135220839596,UCgBrTYJJH5aX4wo6z9FL8PA
2.7155714,-0.33803192,1,0.04097453252646699,UCgCv-rDUK2CmqkOmJb8sVKA
0.9436539,-0.87123525,-1,-0.09800770252054092,UCgCyFfGl_KGKvwKRWT0KtnQ
3.3762543,7.759743,1,0.008110165477751341,UCgDep9894-BCiBu_UMdRTWA
9.893718,3.439658,1,0.15297805087051108,UCgEg8CHSu-XJJ3DoHxiQTeg
8.294716,3.9710128,1,0.1355236576375401,UCgFWZNCHQuWBoUlipgA9r1g
13.629856,7.3112416,1,0.15837329460631727,UCgFx3ykayCyZLVAgG3bm2iw
-2.5402784,-1.6092376,-1,-0.06773022408035168,UCgGg_7tCIl0P0hj8CitpcrQ
13.38338,4.255021,1,0.1587458721689865,UCgGitc96tDJMHrqSGGAHJIw
12.015118,4.9615946,1,0.16028756354850587,UCgHpRxImkGOIrj2jfJeOFOw
12.040951,7.3807096,1,0.15752726524954458,UCgIZ9eKeokf0N7IVMI89_bw
6.384377,7.9079404,1,0.06080417702151919,UCgKDV2cheuOaTZFmNFgRPtw
10.067207,6.7215595,1,0.13412327364789262,UCgMXYeH8WTSUtwpGyh9kkHQ
9.001554,6.1309423,1,0.1037266022046065,UCgPB_yIfy6u5h_dhu3U-WOg
14.369096,2.7176661,1,0.1577373969284963,UCgRHV2oivxE_PXaSgevoyYw
8.828991,3.9927847,1,0.13268558174178996,UCgRVfh_p9FpJu6zxOhXzOwQ
4.5727463,9.185998,1,0.09166137560760246,UCgUltJd_Y-QyqH3Nq0xWfoQ
11.1122,11.765655,1,0.14379231134980847,UCgVWPXna4H0bkJ_ue6wNDWA
7.248889,3.5845718,1,0.12681260587205168,UCgWi0Z8D5h5lJRJWhTJJf9Q
15.054468,4.568574,1,0.14839541214631657,UCgYdHms9B2Ji2NWyy_pTlbA
4.7121644,3.2208064,1,0.08132415826314876,UCgYi9ZnUoAbF-VBikT5vmDw
14.96205,3.7555408,1,0.1582112182385249,UCgZSxnw2Dt2oMo6ttTCrFag
3.74013,5.7574244,-1,-0.16111943777833282,UCg_4UGZAf188RFzSQEPrptA
3.0317209,6.283865,-1,-0.026334576392071152,UCgcqOJ2MC50VxI14OD1sL-Q
4.729621,8.720607,1,0.06332168457045073,UCgdZ8MQyddRjDZTFFLUEH3w
4.704274,9.180396,1,0.08818185111217847,UCgdbCpZJgQNGK6wA18q65MA
0.36314932,1.261781,1,0.11465047827495733,UCgeT0_G-e0sN50pSbDSgeRQ
8.186565,7.221643,1,0.1282897245500237,UCgfVkOjBNMtLDWePxjCAoAg
8.360441,0.22807802,1,0.1422089507447452,UCgfxHhZM2Nv5u9M_M16hV_w
3.139245,6.8703966,-1,-0.09974918989297432,UCggCn5JCoKyeI5FgDZCnflQ
11.473465,4.5047483,1,0.14887965453848057,UCghWl7LwYHJXDKybVewcheQ
5.0720105,8.911801,-1,-0.008504544620124288,UCghzfrjsrgC1voCfnDhJ4Pg
7.4240165,10.63457,1,0.11293117671842029,UCgiAMEOQJcBxrh2ifgqeqew
5.719647,3.8114226,1,0.08345902630349,UCgiVlN2P1aPbrrt_4IIETZw
7.7799034,5.305348,1,0.1320597443437243,UCgjoHOa11Qqlqtpv7ZUleag
-0.17375629,7.3613257,1,0.052183500854029174,UCgladwV0yey-vu95kL5ZsYw
1.1290098,7.3691864,-1,-0.0265234333622969,UCglmksJGHLN6XYUQ-4FgRSQ
0.9420565,0.78569365,1,0.10700136905718394,UCglzV-YIKIWrUhomfTuAaSw
5.7490296,12.392026,1,0.027889047508507014,UCgm4z7bCH2FMMbtarzsNpNg
7.02963,7.587151,1,0.0047479139763155764,UCgm9mvmWmbTGjC86I9iqfYQ
3.6950848,-0.84616137,1,0.1394809545191648,UCgm_netCczXftX1MulWeIqQ
7.8954887,1.652304,1,0.029059308380894378,UCgnulkRvISjE1FQxx1HuIqg
9.04726,13.276104,1,0.12072377809163237,UCgo-Ds3cB-n-wSJAYlWr5NQ
11.993843,1.3028766,1,0.16136627911554496,UCgpxVHkTgVST0OxDt-_fiZA
8.588265,3.929392,1,0.13306852980104622,UCgtXSGedtXX1inAP-JSBWhg
9.674999,0.25377586,1,0.16032443080935815,UCgvHPrH9Gk2bq-hWuD4u4UQ
10.343137,5.5797915,1,0.1059611122685073,UCgvJ2H-XzM5qiNq7Wbm7zXA
13.390108,6.5620537,1,0.15904217224713413,UCgvfHDOYhJiqx8GxYh28vlw
12.67472,5.6684656,1,0.1623391933699786,UCgxWBcwjrec8vDpF-oHuIXw
10.234667,11.073053,1,0.11745626770793843,UCgzLwcAWqMdm8Sp-RkWDG_w
12.269359,2.5141559,1,0.1660876384709794,UCh1-v4ls6fZ416cafzg4Afg
10.526554,4.001458,1,0.1486656125222217,UCh56sbMM6Jo4mp6w_-7C_8Q
7.8041816,7.0596275,1,0.1423612349049148,UCh5kS0zAIaVkaCQoC_4zMhw
0.56533945,1.5774521,1,0.07594867728124655,UCh7L43_gs6bD6xWIhry2r1A
-0.2021595,-0.2895838,1,0.07763132609438445,UCh7Qn-oHIXq82keENk_8bjw
8.772514,4.1371026,1,0.10597713876803888,UCh7bMZrYplMAN85X0WnfrtA
13.325094,6.7393594,1,0.16068219255658017,UCh8UvqOqb6faO0uRTPPx8uQ
4.0364923,6.6312428,-1,-0.1020474280084468,UChAV7SZikJzAxI-Vo1H0nwA
8.387202,6.212953,1,0.03425595590311259,UChCGuc5WnD-rqTct9fk3nrw
9.692329,10.747733,-1,-0.035410446251214256,UChFBBjRo3vAXqXtrvhw0upQ
4.1075654,7.262337,-1,-0.12187873166093777,UChFFmVfItxMzpWSCze51hiw
9.65183,8.399548,1,0.13753402407345583,UChHpngVe4JLIulxoy1ZnggA
1.7027609,5.753376,-1,-0.00496975915455844,UChI6c2mn4ZcT8Xhd6QIVk6Q
4.585924,-0.19791533,1,0.12867508800176847,UChInLg-gyzPLn7I8rH-V5pg
7.4056563,7.712863,1,0.12807915558066774,UChKKNayV4YjoIMGRVYrRGlA
14.643597,4.5598407,1,0.16283535029550167,UChLlcpUcu3U46xvgOp-gS-Q
9.790258,0.64127004,1,0.15784787001058603,UChMFbg871kPjzNHBB90an1w
12.023746,9.752363,1,0.147770270084513,UChMaGXnK6x8YswCh47jpdkw
6.22538,4.143313,1,0.10536433744815654,UChN4gY1SGTOC9oRYD1CE_XQ
5.864358,11.599844,1,0.04383907755720462,UChO8pcn0DyVX2rGaGH_T7IQ
9.698746,3.285052,1,0.14981042234044772,UChOkC-4zej-AjnsVQjI2MOA
4.693364,8.656376,1,0.06662214987439918,UChPR2aFr1wDsxahYmfaxY0w
13.181718,3.2725978,1,0.15152769917027697,UChQ87jC37oMk9Ww-o9skp9Q
8.269367,3.407799,1,0.14323105810779818,UChQhywXtjJbJOksO8ejoEnA
8.910208,11.634357,1,0.07163263158706701,UChRDWFJcdDdcx1jD0Vc3adA
13.25143,2.2264297,1,0.16355893443693242,UChSCUyftsIPzfIe0KA4uhVQ
3.0407538,5.6219935,-1,-0.02635157505317709,UChTPAYQWYZbcrqenAC82hHQ
6.5450463,6.242028,1,0.1378733592296732,UChTyuDqufxv9z45zMYveBOg
11.507658,3.781509,1,0.14870528011386736,UChUEZAI71CnG-R1No79cuRg
6.1318417,0.17136343,1,0.13973340082837438,UChVEu3NVJZJ_CVwIw311pVw
1.3693703,1.9539762,1,0.030466470750689034,UChVNyT2xW00eM9GCpfTUJtg
9.451588,4.829547,1,0.11035492288673726,UChXKlhn0g00wcfGuQmSRSTw
0.30590874,1.141193,1,0.11448839419033607,UChY4T2grLAKOSdNllD2J3nA
13.327885,4.624992,1,0.16339475634822126,UChZOC11EwSKPdf1bOsGGXyQ
9.472784,6.747074,1,0.16039839980896387,UChZbOg0D7anRGiuBEIhPgog
12.314914,4.8323994,1,0.16235654989500697,UChafr20EBGfwP6VRA_qk03g
9.590699,5.0793962,1,0.15372601476666503,UChd2niRs5P2rH1SZdwT9g2w
12.192928,6.8813,1,0.14457591544540177,UCheD5L2g4_yFTKFNGjJX39Q
4.1235867,8.758939,1,0.04343137073401393,UCheplchK5_7Q4BoWvii-VHw
3.4351,8.029305,1,0.03459609184934831,UChfIEPbj8vTTkQTlXgSUYhA
11.225269,7.288236,1,0.15201603432151606,UChfn7JlK8r3uZX6511LNyGA
0.39692748,1.1440792,1,0.12110231714673358,UChjBHcMAYQ0GXy1yOU-5Gew
2.3611903,0.29876256,1,0.08215084543650786,UChk8i-kt6sUEGsaaedRpHzw
8.510316,12.231762,1,0.04264800878668734,UChl-l5L-mf7unvtnaYefk3g
6.33924,6.0013094,1,0.06063029588434632,UChm_MMON9skUAkGOWwJgPDw
6.1449504,13.240686,1,0.052639585758800456,UChnYqLm23qTwTRdEFXem6MA
13.0911045,8.091238,1,0.15992590413450303,UChqZMAWIioeV1GyXlC5hSjQ
6.961928,0.06032508,1,0.1545969063362932,UChqoRfZGlzadj2IqCnx2Pag
8.324883,5.594361,1,0.14318840694260604,UChrA8SCzrf-u2s9LcHsAudQ
6.6413584,-0.78102034,1,0.1570326154978196,UChs9JhzfEyrBU0PiOAKn95Q
6.9778814,6.9142103,1,0.13880637339757879,UChsFHIjjYr1lvos3t0_8Bag
5.7320623,2.9475253,1,0.06661333610377362,UChsoPSB2sSlzhCLdEwOhTqQ
-0.34511325,-0.29656458,1,0.08767660549533773,UChu6Pf2fZ8ctN612i4hKSdw
8.107306,1.256309,1,0.1424044630012537,UChwFT4NWIMA5V7xhife_aMQ
13.357505,5.7276278,1,0.16380124752132685,UChwuwWuB3kr9EgOfueZ9CEg
11.042155,6.133925,1,0.12709571675441106,UChx6Sqxa21lQ9UZYsRVE7oQ
13.976862,4.390171,1,0.15835228789961647,UCi0UkigO1Vp6x3MphMaOl0A
11.528552,5.64488,1,0.14167557819945936,UCi2DYF6TC34m42mS9YyHRRQ
9.908232,5.4480424,1,0.14791265900478923,UCi4uvelj5_X36j2Duh9q5jw
9.748693,6.8302417,1,0.12484503277080172,UCi7jriYZGYJoCLhA09b8kMw
6.17107,6.674723,1,0.1057207329778706,UCi87tUXsHxbCG1vukGRe49w
5.1240892,2.741673,1,0.042898164199986544,UCi9WBCmPYK6xgiem-Gc9s-g
12.737658,3.9084349,1,0.15667511886239394,UCi9y_ghOw79oGRQz32NCzHQ
0.17025188,6.904439,1,0.0917159010141449,UCiA78C08jmX7_ESQ6vYS5zA
10.8699665,10.52927,1,0.136800682745652,UCiAoOLUnBa1kDgRaDTqZpfg
8.253128,10.289357,1,0.09857313837740617,UCiArZqlqVrs1IcQOJdsV7cw
9.301789,4.572762,1,0.1322753362638192,UCiBDVh5EtZafTckEhE8V9GQ
11.116234,8.385615,1,0.15916125129336073,UCiBSOz0rYBjd9p6XjZ326ww
7.8301315,8.590854,1,0.13941900825000558,UCiDlOjcG66FzQRCML5vW3vA
14.348784,2.741053,1,0.15941651628530507,UCiDq596Bgw8vfmvUgXTgc6w
2.4614089,8.132304,1,0.03551670059854983,UCiEbMX-9RNkk_Rfy3QZ85uw
12.305093,8.458935,1,0.13546663480930804,UCiFU158dDmLTnxsdK_FsQyQ
8.754854,3.8108177,1,0.13223363560225443,UCiFsW5fgolvk10GB67RdlzQ
8.815229,5.2664423,1,0.14113919038043138,UCiGCuVpbWXq9zmp_-y8QjpA
8.518676,3.6447692,1,0.09583134786914704,UCiHxb9VWUeWD4YhzA8jY7DA
7.845335,1.6434629,1,0.12998428305289766,UCiMWVSLT3AIJjYSbE8sSuqQ
14.167268,4.2116904,1,0.15768977283362617,UCiN2it7IB_hdpJ0NtCz1ywA
9.959723,5.620723,1,0.14575896311099668,UCiQfSPZUyJS9lxxwMMHQ11Q
2.6233816,-0.40323728,1,0.13371680049953022,UCiR_QuMS8tE5cBN0AYWkmLg
8.545123,4.9449906,1,0.1453797395143599,UCiSUNyjATH-DkPS4yCdsjdA
3.1923337,-0.6740697,1,0.13413528074354297,UCiSrWKrp3h0FSWyZgmU7UmA
10.526837,1.6699635,1,0.15407676101534445,UCiTA3-yLl_UqPPPCwjYML3w
12.193714,4.586751,1,0.15531578741973123,UCiUE2CBDPLqfjOswnnv-gRw
7.3593483,3.8677304,1,0.14484064963674026,UCiUGvYm_tfuH7UHO2QGdrVA
9.688603,13.76845,1,0.12160275884629518,UCiV4wlEkMi0x8XLkMOOu_jQ
10.51782,11.368003,1,0.12665859356516285,UCiWY7Xpez35T_N_Tdta8WMw
1.6244234,0.30641797,1,0.10621753793593153,UCiXaXmxb5Vn8tG0mpzZmB-w
7.616273,13.0355425,1,0.06483465265012917,UCiXmbhawhRmSQxONnaVjFyQ
7.618074,14.152331,1,0.06739557479253244,UCiY0YFbPKvrYCOS4WFZ0WSQ
3.4511948,0.23143558,1,0.11933331060883406,UCi_M2Qm5zCaQTrNd7Ap2RIg
11.918868,1.2486068,1,0.16326886575377603,UCi_P5fY5feq7gvNQV9MMmrw
6.447577,1.6322695,1,0.12776166019405488,UCi_zTvddu89yWvDIu9vwykA
9.992155,4.2856317,1,0.10493022193557316,UCiamX0YGBnQJBQYRUWA4Ltg
12.5295925,6.06034,1,0.16133131146697077,UCib99A-2JEPcqWlz-jlGz0g
5.0442557,8.796316,1,0.08365695226160952,UCibLFWHbliMMtl8_5FWqDvQ
1.8613383,5.975876,1,0.013261373702894486,UCicTgzKgO-JX4J3g9AGoMjg
2.1075673,5.7646346,-1,-0.031089320690368072,UCicoau16YIB6Yz4Gx1MjTtw
13.62072,6.536569,1,0.15867785725871414,UCid-D0Xta9hKNmPG1mHngFQ
7.4644613,0.007052113,1,0.15464902123528335,UCidUv0381GExeVo31M4hUlA
7.1141133,9.003741,1,0.13858321768035586,UCidZOOAqSwhDgXDTIw3qpow
3.6438837,-0.41706872,1,0.13789577402156927,UCifSCsg5nqeAIJGKXsq9YsA
3.2987041,-0.835252,1,0.12837911986533418,UCigc5_jiC8PSoj5qbQopzUQ
9.795261,8.285444,1,0.13472576789919521,UCihlPx12DUnYci0OAQg7hLw
13.535854,8.247636,1,0.15013114752296253,UCijCnPndnzBd6FLQOaHZJVg
5.979309,7.4450245,1,0.11730890065266558,UCijl5SWc84KibTwA6-veX7Q
8.16361,2.61208,1,0.14737928213071216,UCikDjzHmPdk4xDmLbUiuzrA
9.195303,4.293791,1,0.13268325154029575,UCik_e5NCkKNiWKTdaRqiCQw
9.444036,1.9450654,1,0.14963528358974487,UCikmq0xQC0dDZ2Z8fQpNW9w
6.967709,7.281019,1,0.11273922789986729,UCim02EQchW8hbocfO4XwZJg
9.42253,7.6524873,1,0.14073757163410866,UCimNcavwsd8LdNf95zXfdyg
9.954658,5.987881,1,0.1048587745907904,UCinhWk4qeIpRAL5h9GjtoKg
9.728004,7.954489,1,0.1507442638215093,UCioH5PLeTI0nF-A21hRivaQ
9.519866,14.244948,1,0.05713306777616084,UCioiWBB9C9Jau5jKOUOoTSQ
4.250795,8.002895,1,0.02142805510552903,UCipBbKmba3w-ksTReLsBnhg
8.596757,4.0828943,1,0.13319684674217153,UCipduDR0208cqq-R8eGy18w
6.644769,12.982122,1,0.08118306594568564,UCiq7nezpfYoouQthrqwNzqA
13.808441,3.2149324,1,0.16305828231543668,UCiqCgCUincHiu8Zz2JbVYEA
-3.8948817,-1.8117193,-1,-0.16119780799072603,UCir4njC1lhnE6ez3pUj3iOQ
3.8525674,8.676776,1,0.013246489764875413,UCis65cHFZVyUa1HEBxxVitA
11.081361,5.3389683,1,0.14498304089747854,UCisEJar4FXn3Tg15zMUvsxQ
6.881064,1.6727777,1,0.1342312051509112,UCitH54dr9YjERa7umagensg
7.0023108,12.669791,1,0.09080466711945906,UCitSLdihZ4-M_-vRkIuYOhA
5.4156985,8.96113,1,0.12210660997945616,UCiu5i_eARJZeyKBLie8BXxw
5.670106,3.939508,1,0.008842204488677508,UCiuVtXvIjkOVvgCeFskN3HQ
9.568654,13.112851,1,0.12416588435461545,UCiv0dWVTlRcWaQi6CXy3NIQ
11.612302,2.875073,1,0.16214214989554426,UCivUqN1u3rYQOunpLBjMB9g
10.329712,1.5677946,1,0.1606418562804493,UCivvxYRLj4LpOV7Iyf_MnUQ
12.350888,10.437965,1,0.13661680603492676,UCiwfRx4vjEzmj-KpPjVro5A
0.1488213,0.41287306,1,0.062350282827355,UCiyQfMPxUW5bFKiSw23z-Og
9.941599,5.182276,1,0.10872873486971646,UCiyaRqXkEBInSxYBC7xD8SA
3.2060812,-0.49118847,1,0.1409646643851249,UCiyqmEhkxq58CKOQB8UHQDw
11.961515,7.757442,1,0.09699440529616937,UCiysaxEwvLzT_ChJUu5JtXA
3.2945378,-0.013552042,1,0.12255371912496849,UCiz5UyNBR0g5kEZqp1Jde9g
3.930709,8.569465,1,0.028121595642178032,UCj-MdOznJW2YvAoC3tiREvg
1.1190941,1.6191951,-1,-0.054627077630704735,UCj-_y8gm7SC6xbdx0tCpueQ
7.5280337,13.625865,1,0.10353759678827795,UCj-bPeU8TLn5XIjV4GrTuvA
13.429298,8.415546,1,0.14777289944680716,UCj059NMJW0oSAYV15F8HYoQ
10.160271,11.817789,1,0.1321060128279199,UCj0MesvcTO5Aa8BDpDcAy4Q
0.24368992,7.0832577,1,0.08849593420533197,UCj0x143FVw5oDzuCXGqGf2A
7.6780667,4.799047,1,0.14137158102294062,UCj2BrnA3QpFHFMINKznvo0w
3.293686,6.1001506,-1,-0.05339147392472898,UCj33bhIi4eENR1jHyOmcV6Q
6.7021317,0.4640351,1,0.14094730990743481,UCj6YdqoSgivhyZtWTAcinPQ
6.1028795,-1.070265,1,0.12562208395841817,UCj8AAiVt_eEca5SFLRXwF_w
7.356847,8.682091,1,0.14117602734494328,UCj94TDH5Crkdbm1bG7hZ-Xg
9.64683,4.1197786,1,0.14656576595497856,UCjAuMAsq-lKsIxYWJOtsmTw
7.443725,12.969069,1,0.10598381116384731,UCjBcaT1zOgi8sCfdyT_vhtg
8.705852,3.5702016,1,0.13232528886119654,UCjBhTIeYEdQdoANkqedebsw
6.0942044,8.481188,1,0.12117142753768984,UCjCB2LTjWI-khZARtPtIsmQ
7.3496532,13.666834,1,0.0962555085115433,UCjEX23AgXa0jgQfZV95Cb8w
2.9274282,7.9014535,1,0.002171892798426611,UCjEfc48D_yhlc0ABH9qGHtQ
11.427308,6.0837555,1,0.14848406335345737,UCjEktGVuoRsUb0Z4RS1Owrg
9.745162,6.2964587,1,0.13790780797037405,UCjGoTlCIflDtlgVHT2ydhyQ
14.44865,3.03116,1,0.14296991283578842,UCjHLcSGNlAOwMjJ_WkqKC-Q
4.308202,1.7660304,1,0.03088451107518142,UCjJ1A1BGUmckFbMfmMDwHCg
11.589937,10.239332,1,0.13825249338997914,UCjMO0NeVo-xOUoeKx_ayHYw
11.848495,4.126341,1,0.15760589203124886,UCjOy5Fe4MpcUfbOt4LQAuWA
0.84754,6.4313307,1,0.02037095593370669,UCjQ9hcb0r_vZmE5Q4hBn5bQ
8.782482,4.489771,1,0.10887297455093209,UCjQo3FaH7HUs9QALmqWMVJQ
6.5725055,3.5848458,1,0.11666652708819009,UCjSAadOQPblpoqPEcAJ1RQg
6.465753,12.939667,1,0.0703315050561204,UCjSWI3RvpbsPLasLZGqxHMg
6.2273006,7.01186,1,0.13164846658236257,UCjSY3gh5Y2oloL0PYKY3OUw
8.422341,13.195389,1,0.11162844820214807,UCjUgg0XV11kam2NKxCllcww
6.405798,-0.9540098,1,0.13271345550208352,UCjWKaxWZIGjakUwdfu61Prg
8.685962,1.5800236,1,0.13335569952494458,UCjWi-wrYZjjjz3a8uBXBx5g
7.741428,0.96080047,1,0.15294654799484614,UCjXJRWIhGo_OzCURcfpCCcg
12.306551,8.153161,1,0.13963184334029227,UCjYWBr1DZlZ_20U61guYS6A
10.21546,6.0964127,1,0.14233090271517784,UCjZSr26T86eJwOOnmKQCkXQ
8.939535,6.1911373,1,0.14078836715230186,UCjceiw8kyRms991vK9YT5Sw
12.544096,7.268611,1,0.14583560921351763,UCjcivFlotjtvC0LbjkwZgqg
11.564832,1.9561621,1,0.1641910781371455,UCjdh2spLvoQPOovqY7w8ScQ
9.715352,6.342219,1,0.1430910049176125,UCjeXAsX0rvZb6gQdfWcr1Yw
6.24226,1.280484,1,0.12812121412065147,UCjfefRehiE0OMyIGKO154vg
9.402238,5.109991,1,0.10337241568740568,UCjfjtrg5bzrZjtT8gU_Wr6w
7.458866,-0.3236829,1,0.13567442856416628,UCjfse3v6f1_XW5-AxGbx7VA
10.155198,2.3923879,1,0.14492474697190144,UCjghC8Cn7RwmSyCd52a0z_g
10.891623,7.109544,1,0.15168213896299826,UCjhNjPX-qUlgyMRh70mNl4A
13.107418,7.8476686,1,0.1567549376666767,UCjhXVtJNIiSdWUHNWmFyXmQ
6.8188276,4.727436,1,0.11759660928158039,UCjk4noCTWuz1mf6CEk97mjA
10.054519,1.1268275,1,0.16131101373118395,UCjkZTO73RyYlSE9z93P_jqQ
13.376584,1.7216794,1,0.13910609635005983,UCjkcdH5KBzWzkc8f06L_gpQ
3.9078035,-0.017400118,1,0.10878674637009167,UCjkjwyI_5S_RzhhRDgbQGHw
11.452246,0.8375003,1,0.13451483796174435,UCjlQQkv7hcGlRLZ4LLwRjiA
6.61484,0.059629176,1,0.1343499057392542,UCjleVoEecWRYNq9_wZg86FA
12.530721,2.8104076,1,0.1591058402923986,UCjolqPx3szlQSsrpvfwBtDw
1.4659652,0.5359312,1,0.1306176351122999,UCjpEy0Dmyhr3DFVSnS5Prvg
9.516666,7.627709,1,0.017383359013780963,UCjqkDbo69GLct65EguloWmg
9.471571,2.298643,1,0.14953741718899238,UCjrUYr9gm1phmweLHajznmg
6.5055346,-0.6650899,1,0.14432515430842935,UCjs9VVfbkxAuZarl9L3tnJg
0.37928966,6.6038566,1,0.017923407048420603,UCjs9tWymZkShBa-wm8wNRng
9.274679,10.865042,1,0.08757966789307386,UCjuLUktoKq4UAJ7aIKk8_Uw
8.293633,2.7632575,1,0.13541150416442232,UCjv9NXGWHTqmr_q86MinVYw
-2.5898383,-1.6118194,-1,-0.010048316062990947,UCjvxfiAlNBQ5our6GAgJA6w
11.2330475,4.812258,1,0.14384692988910114,UCjxZPjWr_m8Chym7FLePWVw
7.442666,3.4303246,1,0.1377414160647507,UCjx_fi1Nl8jOR2x__rxs1rQ
9.55081,8.063013,1,0.14084464331089613,UCjykmzIHE0lu2O1GfLzAIRA
3.242982,5.63926,-1,-0.11691068306497632,UCk-On1dS4fBBe-4BD1x5y-Q
5.4059153,-0.7525109,1,0.14774733696626668,UCk0--G61CAiyFY63Bpbpguw
8.367403,12.254763,1,0.0590275423233928,UCk0KvwbSJlgbgfnEjvJg_mA
12.142171,4.8782206,1,0.15448753799878767,UCk0jMxuiWu9_G1Pi4Gbnz_g
10.340552,4.7265973,1,0.15212411010360066,UCk1NaZKiquS5xXfSTxXcY7w
6.143588,7.6076565,1,0.10684149221814093,UCk3l23AyVR5itMh2b6nzMWQ
8.63303,11.964945,1,0.02239371666626283,UCk494q-qX-TKV2d6flmSN-Q
8.43415,3.7186806,1,0.09999890106167775,UCk9mjDpONHDr_saq2o4lI_Q
12.989408,7.012592,1,0.15999084966840138,UCk9w6Az3DAEq80GHNKzvNfA
14.292135,2.9332397,1,0.1635872563293318,UCkBwdtUkXHm6FlKh2TZk5kQ
1.3359591,0.6240563,1,0.11347165358944933,UCkCI-MARNzJvEMYcmXsy7KQ
9.204846,10.474822,1,0.13111827949938193,UCkCkluKH2zTTmg-n4FwHnKA
7.9110203,2.9875023,1,0.14772350293557301,UCkDEWPlMF2jQz_n4knt2TWg
12.373268,4.2811227,1,0.1549856719662176,UCkDX8gA2pEhTeLVArcHCPww
14.535118,3.2505808,1,0.16260059205804356,UCkHDQT12msOhfi_9VWJoNig
9.760551,-0.0048390864,1,0.14989688446883553,UCkI4HlJkgnwT3UtoHiKtRlw
11.254976,7.728374,1,0.13224096160739024,UCkIDKzpvyTGXQThHrbA1iEA
3.1353364,6.529222,-1,-0.06939979152526587,UCkIl3oIejXL4Pp0SOnmGl4A
10.2422085,5.4541636,1,0.10990744594002849,UCkIwJuXJShmoyk7-yJbVkDA
5.312895,9.428477,1,0.10031805824592693,UCkJMggkJtlOjIbS70Ns2gcg
9.788488,8.232501,1,0.09286725029900994,UCkOD_-bbJv5hH2sjcyAe0vA
10.157753,12.66337,1,0.12560972744961774,UCkOWC6MhgoIoKNwNxN1hdaw
13.588366,6.3683386,1,0.15488573447669413,UCkOhwGzBUreod_YXiTHPqTQ
8.248537,3.3949654,1,0.1356070649084552,UCkPMdqL9qNwVJxV__jfCjXA
9.253422,7.5336027,1,0.15079470818097096,UCkPTgjdBYAa1QCbsSSeH70Q
8.601579,5.137632,1,0.09713438526173895,UCkPqAlzd2MXyQSTJ8ZIUsNA
0.61668766,1.021915,1,0.12013070864665837,UCkTJy_XeHkGYaOsPb5wGYhA
10.553383,2.9774208,1,0.1366865430553032,UCkUQc4FSIR3gSgQRlWg52aA
7.3314276,4.8980274,1,0.11959917757380506,UCkUayHA5A1DZE3sAaSEA_wg
12.325934,4.659613,1,0.16469740497496577,UCkWW21VdIMtMow0IFgCCnjA
10.597005,4.5327225,1,0.14838399305827532,UCkXBEj7jj0LQeIJ3OfKy__w
5.758867,-0.2708021,1,0.14651383139842228,UCk_Rn4ZsfAyoi_akYuMcwqQ
-0.72751564,-1.3663294,1,0.07392316268553761,UCkaBZWBqlFsaQkxNeA3WQdg
10.138762,2.7032413,1,0.1468790110906648,UCkaN-UKt9rx6_bLhn7sI1lA
9.359435,9.089171,1,0.14955169212228886,UCkahSaPKLq7OrAsuEV8_Q8Q
4.837199,-1.3198694,1,0.1361247554003111,UCkcsayEv3-RIerhtwALy9lA
4.919198,3.355516,-1,-0.01656057270568334,UCkeBEGzRN2iHFY-9mVHKzBQ
7.1301146,2.8892102,1,0.1309041484749715,UCkf23FPHN1C9iFK3oJtEAbw
1.1194535,7.5963917,1,0.09412575472055734,UCkgRHjhSrknRHnKbB3mcVLg
0.2603754,0.33592996,1,0.06744225780534674,UCkjIJM-dkwih10jLn_RnVwg
8.301693,1.357006,1,0.15013432994397463,UCklTh6Aw3xE7l_VKrALrAeQ
2.8229194,4.989829,-1,-0.12553830101071317,UCkmQ3Ur80WWmOWAg-hHluvg
3.6616142,5.668288,-1,-0.05912122388458163,UCko0zGTAesGtFjqY6a0BuDQ
10.31402,4.0327363,1,0.14994128589539252,UCkogT1RffUMQNDnQP38F1Lg
5.565768,-0.3016465,1,0.1405569008477235,UCkqDXVEX5jwE9IYMJnGFDpw
12.615868,9.818223,1,0.14556303489127204,UCkrpw73M5b6J4L7A4TuPMUA
5.0201645,-1.1299605,1,0.127134664360943,UCkrtjKBqVkSAIxpiG4CcS1Q
-1.9728204,-1.5059078,1,0.06874311668116584,UCkrw1UpqW3XgEsXeQdkwx4Q
7.196461,3.6412418,1,0.12292315192268088,UCkssM2t66HU5QMfw2QQYPVA
6.7212963,4.0696263,1,0.12535113225459393,UCktIXNS8Wg3JI2Y1SSupAag
4.3882165,-0.6675205,1,0.1381353357832401,UCktbJLFe6xOeQD743MqiQVg
6.840449,10.685728,1,0.10490242715355164,UCku7OV38sYh0pTOUchQUFRg
-2.0089772,-1.47297,1,0.05900855295727592,UCkupizo-TRdbCQ3R0GcOYgg
9.938333,9.041105,1,0.15422520880407897,UCkwBfSceDx2FgZGMKmL3K7g
0.27590248,7.284251,1,0.04819176881477266,UCkxR3BZtn69zgM7tJHXNjsw
5.5662184,10.154962,1,0.08417534537451993,UCkyCr9IxUtvHq4SVw6KCXmA
1.4822417,2.1836038,1,0.07067011162149889,UCkyhVOFNrzL5PRTcMcR8lEw
10.117624,4.9403167,1,0.11482018646282538,UCkzMzmiFqrPI1hCvT2UsygQ
12.895402,4.7779293,1,0.1438904745740377,UCl-e_h_XG7BvbkvgtyZFF-g
7.9748344,14.129956,1,0.06859384122651496,UCl-x-UQb4sA23HerFki0lIA
8.938265,3.3517652,1,0.10487464029224625,UCl0Qy6k6L_XW98-09OzOr4w
6.1180058,7.5922217,1,0.11067174794315299,UCl1k0lAQa2hdnJcJt96X5OA
6.3254805,-0.024326673,1,0.1485378608146516,UCl5-icX5jgKt6XXFPgUO3_A
12.647229,9.3740425,1,0.15325386277050645,UCl6KZGd4CSEuPtW90OZqXjA
13.271161,6.865135,1,0.15961482863035464,UCl6lGvaZBXfNMjct9NFoBCw
1.9321699,7.89442,1,0.06747165502648855,UCl7L7kKRc-WNIRASQ0sqYXA
9.96327,12.3254175,1,0.12742462620424322,UCl9zOE9zwurOPaBu73J2v2w
13.223087,8.486796,1,0.14438700683514227,UClBD-JLk1lDV9MJ3GGsv0PA
1.3535074,7.4183936,1,0.07289000619936287,UClDAWDnZiMFQLGpqOKVM9vQ
6.8091264,12.501641,1,0.07928420965191163,UClDCUXwK7Buil24NVQBiLyA
14.024719,3.5762906,1,0.16417811259093046,UClEQyizJ34gh3y6JwYVpe-g
12.320574,2.5520895,1,0.16437438544084637,UClEpO34n3EE-LDkgYoPERcw
10.552087,1.3581482,1,0.1494553130492992,UClHCpBmS-LG9oGv7of7QFzw
-0.78199697,-1.303678,1,0.08138427043343777,UClIDSvoYszj4FXUSoqjeyew
13.130185,1.5691448,1,0.15452458936107094,UClIqFqXpzAes_2DGXrSwhZw
0.2011371,1.0908204,1,0.10267005737598528,UClIu8lclAdZv7fERfPyfLpQ
2.8292193,0.5482899,1,0.03999651291198586,UClJsofC2pBYKPQEz2jVUqtw
6.589937,0.12307849,1,0.13766038458199953,UClMDD5NoF-T1HPigkWo_yIQ
7.5535774,13.727182,1,0.08845503611991501,UClMEsbqsItjAMNkX7a2MAQw
4.472624,9.359814,1,0.0645229683277132,UClMi0VipeA_4gbOmKrG84Xw
11.489269,5.385385,1,0.13534545265145798,UClNAQ6O61tB_vA4TrdhEV3Q
11.858913,1.1879332,1,0.16014019787213551,UClOTL6fi7TkC1NSyN43rRvA
12.476689,7.382486,1,0.14501453312437157,UClOgf1JvURsOaeBiucembgg
2.2407117,7.4342384,1,0.059506958292430634,UClPwtiqhbxYFxMNubLYwnXw
1.3024988,7.2192063,1,0.06325309088477504,UClR510WLgZ7nPOtJjgrdnxw
11.83979,10.2193365,1,0.14538037176149438,UClSK4MuffFnYMJxExhMNw5g
8.243569,7.3894854,1,0.12689377837395588,UClSxkyXrixsj2NI1CPKHXIw
-2.7447178,-1.5983617,-1,-0.026958038870105616,UClUlb1-r2J1a3EEtYqW-7tQ
7.58274,3.8797288,1,0.1449949925196285,UClVMURIvK9VoR2Fg3LEq11w
12.537803,5.0495276,1,0.15714949320775523,UClVRaMwIzPktDPpGSsyJuLA
3.141343,0.08121551,1,0.12971850346800595,UClWJ8lKwK0fKRlWkB-V1pgA
-0.32285705,-0.7938812,1,0.058054686839091374,UClXyckDK7lhTLKp5YzG2pLQ
6.805997,6.3092813,1,0.1303175232244405,UClYVNsTKWVWj_FN0w37Xmzw
8.666607,12.813648,1,0.10661532842628002,UClYg88ERWwA9H5XihP5HdQA
2.1216037,7.818918,1,0.06230927069250769,UClZBEDu_6X3rNYepOb_HtBA
10.074644,4.740678,1,0.11760843619939909,UClZy7ZxTf5Nd-Hn2zLw7YZA
9.393831,0.8483861,1,0.1560340659909767,UCl_CrB-1OM1JGMVNnJV3ziA
10.160103,11.739387,1,0.11896851289561183,UCl_fy0HUvG17kudGBz5aPYQ
0.89124477,-0.8962932,-1,-0.18319380409005215,UClb-Z04EF_w4U6_LtHBTqbw
6.1244574,9.496548,1,0.11196244540226163,UClb8OyOGdG6MIpKWl9HTr8A
12.251276,4.8224754,1,0.16151957022619123,UCldYeOazRwLxnzrzTp8hD4w
-0.076792695,6.7470503,1,0.015257161021909826,UCleOqSXIaCwtZxKAmlB-2uA
11.143251,3.32398,1,0.15315670512624718,UClexjBX2QLRyuXdeegbHCqw
12.349855,7.962148,1,0.1429588641206615,UClfdB_HN0o7pNWM0qGesovA
3.0451894,7.396589,-1,-0.07072998330905644,UCliFWkvpHyMtCtjkCwLRoug
11.0792,8.39106,1,0.15185491841450421,UClia3YcynxGt_oRUSso9_kw
10.103731,0.18250121,1,0.15614326355738595,UCljUDyeC1ws6Ym5tu1b_trQ
12.905534,3.565765,1,0.16597188890617193,UClmr_Z4k_YeAk4-V7vfMFDA
5.645774,2.8876128,1,0.0639118555742314,UClnQYcSAl1NzvB5_ZFzo_Cw
11.369968,6.535282,1,0.1322205067302913,UClpAhg6zLZAg9HZjLNJgnDA
-3.6608222,-1.6711729,-1,-0.038151286858911004,UClr0ToN5VOpeUDOuZtcyzRw
8.083462,4.7243037,1,0.13874999506779628,UClrDIOnuNoqhz0EwNHNNTGQ
10.483439,7.242785,1,0.14988205054394327,UCls6_y3uRnFuD_Lm1yJOmxg
6.0466666,0.4306347,1,0.14066951960541124,UClvHBK_SS9vTYLWQ1oxXrGg
10.305463,8.248398,1,0.14191482771211034,UClvI_lnimSAyTjnRO2tJK3Q
6.4618382,5.723625,1,0.03831603550842694,UClx0VDc7fL_1-E7vl3VFugg
6.003772,-1.0243665,1,0.14614894633171044,UClx8mZgbSuILUrTq_7kNyEw
11.42959,0.9152192,1,0.15918730853834934,UClxo3t7Bq5C2GJPrbm2V-ZQ
8.167783,6.900829,1,0.090671426422124,UClyJz6UbQb_BEjpXbMxQscg
0.11716157,7.428023,1,0.08548301447036888,UClyRGBjluCRzSEVWjDvWQeg
9.371406,8.510571,1,0.13192865594012476,UClyxYfy9R4BtgriamFSrheg
10.436954,3.6030653,1,0.14640158833516026,UCm-gK9chDJXFg8q7kABI81g
4.8777103,9.229304,1,0.036954764743436896,UCm0gI5ZNFaiBiQVZE4Tl_wQ
9.337309,11.531346,1,0.1322371087753248,UCm1AzOxi1cmjltWa8pBYc9A
2.506609,6.6519585,-1,-0.0026125130064644786,UCm2bVkqIkduZKWuotbzmYUQ
10.007252,4.159392,1,0.102984074350704,UCm3l0s6nNdQzEaZnGEVoFfA
7.5394325,9.302705,1,0.12125649454867216,UCm5GsZcyO3gdxyfwvwvAC6w
0.79680496,6.4511633,1,0.010230804002884064,UCm6i-_Lww3ma8BgW10xESiQ
8.497387,12.318428,1,0.060928231985949266,UCm7cicB21aD_4DiUBZ9OteA
2.3418634,1.1831023,1,0.07959560338835703,UCm7psdRhqGLvocNIFUN9GGA
1.9927387,8.122495,1,0.02730720554633509,UCm7uA2okIOW8mA44wfCNwRA
4.0719533,7.710661,-1,-0.03550918860388319,UCm8seTE4f5HqU_rLFwV725Q
10.236643,11.730441,1,0.1368348572582086,UCmDRqo5OB-s1tpAc15yZwqA
10.064175,5.2864327,1,0.1384679706254187,UCmDrmP20DKXVr5nd8T3a7cQ
8.423146,13.5028715,1,0.11835866996884659,UCmDuGnCdTy-MDT5bPKtD8DQ
12.612579,2.4186413,1,0.16148154066653564,UCmFVnVKQJBaKJlovKcvjRQg
4.986907,8.774953,1,0.1124922853132388,UCmIS4gBF0Dcv63NdgO1qvSw
12.243495,2.4369364,1,0.15844471050588743,UCmJ4D1SsMlw1l6FXfoTz92A
-0.69018435,-1.2384225,1,0.05798845268551178,UCmLU3Dfhe1KE1koULU16hgg
2.622401,0.9493194,-1,-0.015578539713875239,UCmLWwIwaQIHMkFLA2EOF6cQ
8.7361555,11.991533,1,0.03499282940783505,UCmLjQflWGZmGjHPW8-jpmrg
0.14979988,1.049138,1,0.12508107594638573,UCmME33iDmuH5Hgv2-32OPXQ
7.7168417,1.4534739,1,0.14544998654195895,UCmMQVmQ6JNb6lA4ABUcQyCA
8.331747,12.61363,1,0.07748300420059068,UCmNY4YNFu32n8gLd04-mzOg
7.92918,4.6611414,1,0.08875552589761615,UCmNvby4Z2EGilzHa3lR_5mQ
7.4171515,2.511401,1,0.12026916502557183,UCmPYfaqz1cb9fp94YPvIWrQ
-0.7423293,-1.2265214,1,0.0878846498778591,UCmPmg4m32Ul4ghBWXjxLJkg
7.668265,7.7307982,1,0.09186505506879178,UCmQL-9Pg8hh9q0nyWi24Uzg
6.3059316,9.172048,1,0.061782010580229973,UCmQtvqTenIgaycLDaBpU3Qg
7.238597,13.5776415,1,0.05054374538306666,UCmRckKExkm86wHx1joSLRzg
0.73527306,7.7369437,1,0.08465768687085551,UCmRp5HbobdoL0FWNfTd3N3Q
-2.020631,-1.4742348,-1,-0.007650029252202595,UCmSkLg0ShdU8J4ZPG-_7pGA
10.372709,6.504063,1,0.14549806583691505,UCmSpW-HyJ0sXsfOOMw0Ig7A
9.508718,6.170943,1,0.14846069577148985,UCmT3G6VWNQGCMqBskycl1HQ
6.75145,5.932875,1,0.10133652585240982,UCmTrXwp-CaFQ4G55Lljkmeg
0.15586866,0.9697611,1,0.12528401056705107,UCmVqNqU0HwehgI_aIr_gMmg
11.801423,4.0411477,1,0.15274760883531507,UCmWcilypWEF95eA4r4bowDg
14.021755,3.4148948,1,0.16412470550909408,UCmYgL3aMt5bNG6gguSHVgow
5.510514,0.033351965,1,0.1391516067917033,UCmZlzaSFzFisGhAhFRVTKLw
13.66801,5.0139074,1,0.15815711235290142,UCmaQeZLdVbj52H0_cGTLvVA
11.312573,10.380693,1,0.1469097258217653,UCmao4JuiMEpLG_EjP2xTliQ
6.087974,-0.08377228,1,0.13042039539495448,UCmc1hE8YoW128wjJ2q8i6XQ
12.686376,6.006117,1,0.15591078201920933,UCmc_SwTHV4Ye8O-ySX5mcBg
6.2104,10.864169,1,0.07163985206862206,UCmcbTqBYW4ydNAhtgoCYvhQ
1.8655304,7.007893,1,0.0011302695792413942,UCmdFR0EtpJKnRK9IWPNGI3A
1.6344333,5.8384376,1,0.04600780989142117,UCmeJvi149W2I1DnP6jXbS0Q
7.2800164,7.189512,1,0.08538996902149909,UCmePvckb3FzBDSr6sv5FhHQ
3.6410758,8.216028,1,0.008433821533578523,UCmf5rP-diqNqY6OsD2V5zpA
6.8386126,7.234524,1,0.12320546245802838,UCmfSQrCJsLEJuSJl6QSL1Dg
5.9316254,0.7591442,1,0.14084152794187643,UCmhLLO_VrQBAL_MN9_YeN7w
14.831261,3.8538575,1,0.15937720849910553,UCmiORrVtqFb_zWP2fJcjpjw
7.095563,4.0842786,1,0.12183755470603413,UCmi_ZnB9Ak3ZLUDW5aHGR8w
9.436279,2.39921,1,0.05313275814959739,UCmiyRT7P-EkG58Y7fUJGAfQ
7.235417,-0.42305964,1,0.15952145229691544,UCmoRCoinqD_MFhpX1n55Ruw
9.355064,1.6592281,1,0.1443022369094521,UCmq8wIP_ZgIM6S4JIl64-ng
13.044581,4.5215178,1,0.1615573605598123,UCmqfW44mrMSxjEe7zZAEbbA
9.780715,5.758603,1,0.15100615063864398,UCmqy0Uo1JRsz71UrDZ0VnqQ
1.6699022,6.6075387,1,0.020886873778478032,UCmrZbr2gL2mbfz6K2bfo1MQ
11.01151,4.303715,1,0.1414055750329234,UCmsHi9NVaqYCn7TfBxQwddA
4.7141943,-0.81076795,1,0.14305842800634982,UCmtC_vOjh_g9BZr-GnEMfzw
12.657207,1.8411543,1,0.1647530233475879,UCmuPaN_Lv7BP_leq6Z9S8Gg
-1.81113,-1.5007925,1,0.07151440481042265,UCmuXdy5gwZ0Q2h-YrXAO6hQ
7.3978157,0.09194,1,0.039933771567181364,UCmvAlKqPYr2TNWKJ_QI4Eag
8.704325,3.1002123,1,0.14201764458950034,UCmvZpvKYvp2Kb0IR7EvJ9HA
7.7955127,0.94009453,1,0.14331154352107756,UCmvfVgiFu8jnpmrQ5WrHCjw
8.690667,5.6698384,1,0.1473867278690305,UCmwgpZOg5ZKTd03pXT8tUfw
8.769797,0.20673159,1,0.13995871960480982,UCmxTwnIndIzZ0XojtRYD8Gw
2.2142653,6.316979,-1,-0.04548739781856426,UCmz7Fa0JLv88R-J5wuuln9g
-2.7549334,-1.6156409,1,0.03906274900350459,UCn-kqOTqfaVXx7Z2O7L68_g
6.8323436,13.2355175,1,0.08992762757308087,UCn-uIoNpG13Vy996F8doA8A
1.0570834,-1.100752,-1,-0.046975919798875165,UCn0n3tgApvygsAsYoy7HtQQ
13.505656,6.4411335,1,0.15941481933655222,UCn1992lfvkaRm95qZjAi69A
9.242278,1.6847546,1,0.1500240435597004,UCn1fwz9Ze0obbGo8v0y-z4A
12.080601,3.5201895,1,0.1632778381518672,UCn3ZghRTKz_ZtL4MvSp4QXw
8.415033,2.8183918,1,0.14675713913544097,UCn4U9igAejNPLaF-Tj2o69g
2.340083,0.33993798,1,0.11236461656104818,UCn4hWEyf8Bkedpy9-n07K8A
7.6128674,7.6008387,1,0.1356943764959363,UCn7xx7LRKgkVauIClfdCfbQ
12.943642,1.4994526,1,0.15875300883115456,UCn8Kxj1xbtUCeKmMTJNu8UA
7.70641,13.2612915,1,0.09600128753215476,UCn8lFdt8N-vuKcSftTS0taA
12.076893,2.5646455,1,0.15361024772248028,UCnAgCA1y5OmKoT6SrzSiudQ
5.173747,10.696649,-1,-0.05781459451391768,UCnBgsDPs_wdpDxKM9Lfxobg
9.696666,11.009276,1,0.10065843726475387,UCnC36BS7R5un32OeP_cludg
12.107576,4.500115,1,0.1499045055520155,UCnCNwrKiG-aBDwWKY0yFDdw
6.7139535,7.6182775,1,0.09187385631920675,UCnCWD5WK-qKflByYYH3QF6w
4.2435102,8.715736,1,0.05592841025993056,UCnD9_JyJpduPq5B3UOyJIBA
3.997264,6.418435,-1,-0.13315108249732577,UCnE2_0tfPNMzhI78gSc_ZZg
8.149346,7.3742685,1,0.09686820365592858,UCnG1OvQpAJ8ru0LdJimuJUQ
9.054114,1.8952657,1,0.09097195305750233,UCnGeTCCH-DAN4LyZsnSt3kg
7.077048,12.729097,1,0.09465093064375668,UCnHxhZFucjltYKPE1alR4Kg
12.051246,5.374849,1,0.16005375240395514,UCnITzgPncaJelxljuCDR-eQ
-3.4008439,-1.696891,1,0.009925771018475082,UCnIhtlcDwQBBeDH-FIy_Ytw
3.549691,6.1987457,-1,-0.1151758636201412,UCnIqkaQWU4N_cciqP90J75w
5.2917023,8.085717,1,0.07854740288637208,UCnIrA-JiiEN0KLIQuSibO5w
8.243133,3.290238,1,0.15062249750176565,UCnIyVBUzhFsJkqP57shW3qA
3.3768878,5.8911057,-1,-0.06288672381956639,UCnJxWC0YGBwu8biT_0UXvxg
4.892782,10.524663,-1,-0.0401739955236331,UCnKIqSLmSPezuKxJhMFqXXg
8.640171,13.562123,1,0.1118893407933339,UCnK_BexIt85dzjwcJrkGngg
8.656508,12.854244,1,0.10794814564315147,UCnKa14SQPVk_9rgQMf1Mngg
10.261328,2.494061,1,0.14426261543497215,UCnKh4GWEx7wgYilsBEZV-Tw
5.4392047,-0.8273318,1,0.14197959635333246,UCnLijCHD1jWR4inx_Ks-nRA
12.196807,10.683009,1,0.13886263742426197,UCnMkswDGz_DSGoDIj8Q7A4g
9.370194,2.4802167,1,0.09874738881775114,UCnNhzuuJPqQ6rCYK-SgUuNA
3.0015452,-0.5959183,1,0.13681735414675328,UCnOu_S6Vi6SUIIe9H1xYmbw
12.192996,7.722771,1,0.14200771341055807,UCnPN1FvmTXmBhDKkFvsuw2Q
9.45371,1.3326786,1,0.1503202579766083,UCnR-rBc7kKWhl_BQHoMbWYw
5.1131163,9.082364,1,0.08513059791793681,UCnRIcQcIwi3mHurrKrZPlqA
12.3853035,7.829611,1,0.13584676578930144,UCnS1wQs5Y6gz2s4qYNxCEOQ
10.478922,2.8519993,1,0.11926853662499687,UCnTovy65ZfihvnQ_pfltpdQ
7.2343445,8.258305,1,0.1028380754438013,UCnU6Yx37CKGLrE5eHl9n_LQ
4.054745,5.878555,-1,-0.2136077602413391,UCnUI3X3zqEie15Miv8XV-eA
7.7231274,5.9866414,1,0.1336705248245112,UCnUNvG1VUFYOTy8amtoyZJw
9.77697,3.1357503,1,0.15029768330019844,UCnVy1vdIejX7_tHKg7rMeYQ
12.60961,8.714271,1,0.1272685186522054,UCnYmmnKPmhKSjrJSoyUx4qQ
6.484967,9.769905,-1,-0.013924041534572384,UCneQAuSH0utRNqg2xcUYk1g
1.4789356,8.021806,1,0.06404315349209766,UCnfuweTzzNsOctBL80dsi_A
12.527209,8.639114,1,0.13647388219599532,UCng4yL2lwo5OlO70MxCHOUg
13.406966,4.680507,1,0.16006115905931406,UCnk9_qm-aBzZde1l0O_81mQ
13.428294,4.726196,1,0.16346083626245295,UCnmBpLhupMscmhGpg9iQ5kA
6.02078,3.7624695,1,0.07117392124994065,UCnrTOSI3er_05QlX1VGs6aA
8.5084,4.9971795,1,0.14066903947053916,UCnsfjEFtF8mt-9PxA-ah2tw
9.0218935,5.7627177,1,0.09685257786813906,UCnsjHUJCEsqGtxDPO2FFT-g
7.491883,2.794677,1,0.14401028150966216,UCnsmcolZ6ykSiEGmb9IwSVA
8.6800165,5.101305,1,0.09593215934000754,UCnswp4cGdLGwsSpj8ziXFxQ
7.1537275,14.173793,1,0.09023835999190594,UCnt0yt-axQPlRqasAi3z61A
7.570428,8.008323,1,0.12925480876635204,UCnu5r1M-6wLW967k9MEoMag
-0.035087906,7.393493,1,0.060286610545074726,UCnuQPpwN31RaA5jxN5Bp-PQ
7.7068515,5.107688,1,0.14861959137451924,UCnukuEvJA21qcZDwJN__ucQ
5.683815,0.06571018,1,0.13304456342061038,UCnuvV-vdMi2mgY7gqPZwvjA
8.474036,-0.044386182,1,0.16180806604999126,UCnvcUWr3WIzK2dmBbiFVtkg
-0.7366516,-0.8919447,1,0.043774280548434075,UCnvhoIWKObU3SzadnSdCxuA
6.6465034,-0.596244,1,0.15324757220465185,UCnwZ4IQ0kybagkkITn2A5dQ
4.3360677,2.1923802,-1,-0.011482323449854448,UCnxFBoh4ax43T0FumVOk_Fg
1.6124972,5.8401833,1,0.047672326666633125,UCnxPsAMNeUyP4qkvvA6Zeqw
11.640945,2.9317627,1,0.16006124965390234,UCnyD6c_HyLINjHGBFN5y8Gg
13.59473,6.5075746,1,0.15730213515218888,UCnyx2yGaiqdfkTeIZsUXygA
9.572724,1.6483614,1,0.08668051317302544,UCnyzEJXnDtlKd9aHKTos95A
7.6110206,4.9282436,1,0.13523317057309786,UCo-YZyMRXa-PqNan64vqfqQ
10.820715,5.655797,1,0.14603371509904922,UCo-xKZRgUtQBYqxamqLvS0w
8.83578,0.5327649,1,0.09015873159975962,UCo644qXtwea3FkWBunMXUqA
12.194013,2.5045161,1,0.16387484863763785,UCo692PX41cQuc0ntVBxGmFA
1.1797837,7.612377,1,0.09495356291986701,UCo6To0yXfqqkucSN1syyQZQ
1.1480281,-1.095156,-1,-0.08354551614720751,UCo80WyNufaC09efdikjDDCg
1.929952,5.92778,1,0.02305958881155823,UCo9Un8mtNR1peruUYaiMIMg
5.146165,1.4315569,1,0.09434872147071205,UCoAdOUWUyFkaoXH59v1yixA
11.401813,10.156717,1,0.14406523136944177,UCoAjoaXkaMiHOsrdXqv5fcA
10.533418,5.288317,1,0.09015473639700444,UCoE61yzGABNWcnZteMhnoyA
4.9410396,-1.293364,1,0.13689186104063095,UCoFZYdhGqDOsCKyCN2aQ7aA
10.59961,4.890639,1,0.14753282294160813,UCoHIplFemvK3BGijcR5m3AA
2.226887,-0.4482189,1,0.13237619423190394,UCoHs2mBUawrBl13QXf0hJmA
4.1615157,7.258113,-1,-0.09735729777295499,UCoHwVlGCKCfsYh_l9Y9mCPA
12.980967,2.952509,1,0.15760814813911062,UCoLTdU-qfyWW9InIFn944mg
11.901512,8.129941,1,0.1394155489673175,UCoMCXr3-FFgrAegjJKgvyHQ
4.400775,10.092622,-1,-0.03604680118848613,UCoMiGy0vSUgO8bzxq0zFqkw
4.0388346,0.14496313,1,0.12948665557860095,UCoN3BaMW3hm2Yh-dGD2XTtg
3.9274662,8.916496,1,0.05357829141908693,UCoOJg6dZZvzCEeFUj7ECQCg
12.171732,3.8891385,1,0.16250782522896895,UCoQ5wZ1I-b1WS4yLcDL2c5g
8.7544,3.403892,1,0.12398259954254948,UCoQ9DeCb-x67_qPOj0grjAQ
12.723965,1.3083463,1,0.15031365724073992,UCoQFcvIe6bEEPvVR_KllA8g
3.8448093,8.555062,1,0.013091355094287715,UCoT6vowpfEpzwUMS3Sd32vA
0.6769287,6.64605,1,0.05505566523281069,UCoTfU6RDfVUZBITSwVW5H2w
5.502704,2.9744215,1,0.09185715639365943,UCoTykBskGswv1-1h1IPsRgw
-0.47044292,-0.4261571,1,0.11436959263062119,UCoU2cBEl3RVeWQRfQhLX2EA
11.698768,4.298549,1,0.15146440825521457,UCoX1aqVdv0QaHJWEvpr02-w
8.96117,12.925293,1,0.10645185768474269,UCoYJQdrKWt6lO9tO1ZSbtAQ
10.687363,0.6361249,1,0.1338268860565301,UCoYruH9TE4Qw8xlIjzJvG0A
14.0287695,3.485453,1,0.16136708841631736,UCoZYaRKL3tHh7No5IbP2yCQ
12.238641,6.791932,1,0.1417356201021206,UCo_ZtKR6Ef02Cf0zc6Qm3SQ
-2.3481836,-1.5554124,-1,-0.11608185437382301,UCodMNQYuae8t4aDzp6frEJw
0.538442,0.7597848,1,0.09907280635523569,UCoeeSoodOxq3ArEKvdmw1qQ
6.8394012,5.4829645,1,0.10294944290795338,UCogTx8XkGLjU2eCDUIX03-A
4.148878,2.8394275,-1,-0.01737028359299342,UCogijBbz1NF_apLFKEoW5Xw
10.384518,5.0332537,1,0.09527563228285818,UCojPceuskcvEQs6u23rWfXA
7.7066345,8.710601,1,0.13865073677880974,UCojgq_MLjvFOIJ3zSfR-UAA
8.277335,-0.50823164,1,0.12966415868271441,UColvigIS38WMwusu36-i0lA
9.560444,6.8667283,1,0.15964380561725916,UCom0ItMmRbPhdjMI6u5yyLg
9.795837,4.7303276,1,0.15025566285513497,UComdrRSBLfUSuteF_rmEcYQ
12.725342,4.9977484,1,0.1550277723193711,UCoo28J6j7DOymrlv8smBGng
6.684665,13.850884,1,0.08099806595963155,UCooMft_ypFrZazlgoP00Yhg
13.232335,3.809741,1,0.16197451960282727,UCoqjDBvxpPO1YciG38iTkQw
11.854386,9.535708,1,0.1436685180462159,UCovWmXuyKO72RNDbnEp_2RA
5.102711,9.024042,1,0.10918804741543964,UCowPYvagfgj_c7qwVGodb2Q
12.045159,10.845063,1,0.10668589848792714,UCowcCEvOysqBDma_LslGJ8A
8.704593,1.136411,1,0.14166019228542126,UCoxqYBfVRsV_Td0W9DRPGoQ
7.9605956,11.16792,1,0.1132951970058863,UCoyPlDOy79M2IMMA3HC-_jw
8.43789,-0.20895599,1,0.1542900444255308,UCoynbeJQZ6hcNhHO3KrR8Lw
10.375324,12.476494,1,0.13471283658013145,UCozFHmcBJPwOri74VPIoWiw
7.3643994,3.2839134,1,0.1364197950351353,UCp-6mIXaLqZxjeTkGWCGJrA
8.857598,12.678079,1,0.10438352803963258,UCp-Z71UrhORLob0U6BMXjsw
-0.06372197,6.1398716,1,0.08094363506984403,UCp08R7iRtuA2M0MlXOiggog
8.065723,3.9809263,1,0.12634425512239805,UCp2dXItjl0dE7Im8JtRW1dA
4.232078,8.7520075,1,0.08436672003218881,UCp33YwpB5FcSNLhUx6hB6HQ
8.468162,7.1646943,1,0.1379117499541322,UCp4fW0VER_W7Mn9fo5KeE7g
9.418245,1.9685298,1,0.14871741395646576,UCp4ktIQJ_VAoFPHysD0AGgA
10.033943,9.15382,1,0.14823754884948265,UCp7DTZS0eRQIOIsAZBhpLdw
1.0507228,-1.0347389,-1,-0.04579690742528375,UCp7cuNFujGu_XQjyTnnhjAw
4.4717784,-0.89569694,1,0.14437809461934625,UCp8PDbSPfEK5y86sXragZXQ
12.202087,7.924515,1,0.13258052128322967,UCp8ZlX0KLPdg1KItQ6qVyoA
7.1348753,10.993135,1,0.08864957951349672,UCp8d8gMpwZPUdHJ5mTFH6_A
10.817325,1.0075734,1,0.155981571370243,UCp9L1QhJd4BRzgh2klJ1Y8g
9.100436,8.410731,1,0.14683826559998275,UCpAYnyGIcOmjrlgmLZzrt5Q
3.786903,8.626029,1,0.06271999136705997,UCpAm_Itq_-7F-NDB5A1watw
8.283699,14.185414,1,0.06567657086014633,UCpB6rV0FW18j2oWexkGpf9w
4.39777,3.0435839,1,0.03254266346611712,UCpC2_ae_kd4Q_Rk2veEY_Qw
8.495403,8.153134,1,0.11371246754726722,UCpC62U3jguClK3_iZHHPr9A
-0.084901676,7.082342,1,0.08991400219726248,UCpCIqWtn3rHaKugfOE-e42Q
12.251406,7.205917,1,0.11795520307360724,UCpDWoBWb5GEm3AlrdXaXiRw
8.011677,7.9085994,1,0.14255642339704971,UCpF0GKx6SJTtkoqpuzyb2Iw
5.447619,-0.8967577,1,0.1398510495018649,UCpFkSc7mzP3OdTRX0pZLj_A
12.156885,10.549809,1,0.14537991024432223,UCpGfByhEqQGAuUWle1Xka7A
14.374349,5.2728205,1,0.1592503751138109,UCpGoQhkei0XZxLSEN3a-mJQ
7.12992,3.7370033,1,0.08575168361450147,UCpJTHHz16IR06i2t0JzwZ3w
11.06663,9.298724,1,0.12908568904880047,UCpKuo-jXS_IDN32RXu4HiOA
11.221326,0.7309866,1,0.15356401152313004,UCpNYXy-lbcqcC3gAF6BHpFQ
4.304664,-0.8303378,1,0.14448241695239133,UCpNik8dt107T4cusNd8MpNA
6.506186,3.5661643,1,0.13309108088917854,UCpOusZb_Kt6z0UycO6bXhnw
7.4658413,5.626525,1,0.12412802913787813,UCpOxOFiD74OqNXerWWkc4dQ
5.349688,3.0384398,1,0.025269180306979167,UCpP-udLxmI-nJRdSBaWLqGQ
5.851202,11.451625,1,0.05610094965346957,UCpPdp3vI2rxEPxTFTb_6CgA
10.196096,1.6274052,1,0.14684237237947528,UCpQ_HC3Mec7kbm9a0nQGELA
11.8406925,10.45868,1,0.14507430192441884,UCpR4vzdJ-xJy_XYzyJ6r7Tg
11.742825,2.922205,1,0.16331459839190277,UCpRp9c3v4pDsSTGTBKF7TUw
7.8596315,4.9270396,1,0.1394108676122519,UCpS9AcD10Y1fVdxKg7Fzqmw
10.851372,11.410119,1,0.13609644396721393,UCpSK84XGllQ7NokTBpJLTYw
11.989162,7.181148,1,0.1458909783715962,UCpUQqSHhMhPVA1iZYpXv6Og
7.8623238,5.5335574,1,0.1512063425432485,UCpUww68nJFx0dGFIXzgPy_g
6.7954974,13.647864,1,0.08166477239190689,UCpV6HLZ8e_OZaR4lAwNBkWQ
7.4937367,6.7239537,1,0.09817435723343204,UCpVwN_26jL6arM4yM03770w
9.477167,6.397014,1,0.0921419739170764,UCpWXJPjR6_MYdO3CCu95n1A
7.346177,0.08568976,1,0.1528773707098558,UCpYWiUZ-YP21Kzr5axzqGew
12.437007,10.002932,1,0.14458168104688718,UCpYXpWvwZiNL9cTmDktlVlw
7.2717137,8.232662,1,0.1294505814735819,UCp_58LybrkbVyvW58LGzgfg
2.2441738,-0.010933135,1,0.09953181373989234,UCpc2wbejKm1C8Lky19qlOKg
5.976289,2.3652253,1,0.11215690404561046,UCpcnz26gq7JDuAOVWGLl47Q
7.7948747,4.467422,1,0.12569198321335873,UCpcqX1wtK3S7QC4b7K-k8FQ
8.87002,2.5663204,1,0.15523447126827966,UCpcuT8NsgzbhHh8L8trRGtA
12.710827,5.981555,1,0.1604125540977171,UCpdXdtxaS6of0CroCqyP3Kw
9.272726,5.8968506,1,0.14892277952692806,UCpeBLoggNonGutdbS4WDnvQ
8.00813,6.4939504,1,0.09181357674219387,UCpgLy7wx0OVMuyhPtryOB3w
3.7840583,-0.42690763,1,0.13659925046590976,UCpiI1evZOZYOiUBCn9wJCEw
3.6204085,5.706489,-1,-0.057637172108056745,UCpiKAGe27le2DBcUsopLApQ
6.520219,-0.07131699,1,0.1461779146633786,UCpijOBQmHni-VITljlIDRqw
5.100513,9.433532,1,0.10171521827589936,UCpjexoE4MnR65AqpxAsT_fQ
10.128839,6.914644,1,0.150176292641521,UCpmTzaCYFayfSDVxMQyIqxQ
13.2027235,4.502257,1,0.16676380991699924,UCpnt-lNJhewVspZJxHwb5mw
6.330427,8.057533,1,0.14158672552982887,UCpolSc4fu09jk6A1JlAk4Jw
9.5564995,3.8813179,1,0.1527933507262177,UCppd6BClODIJSrQYTSZX9mA
1.3604774,0.55683386,1,0.10827808376093695,UCpqhplEG8-E_T896b2MQe9g
-0.6386423,-0.89810634,1,0.0432756494544122,UCpsxvI_4J0OuOvPQTqiAlXg
7.3851595,13.644094,1,0.10018388668007633,UCpwrxvKLuBcQwLZosZ-lLDQ
12.257482,2.3824728,1,0.16113514888105734,UCpxetUWFBzzUx1DADMqHRfA
6.3965325,9.680299,1,0.10205478089129205,UCpy6SAM6SGEWqo4tY1X1ECA
3.1257951,7.317578,-1,-0.04758791510782512,UCpziFMD2P9exl1mHaAhjXSg
8.908523,3.9238906,1,0.12362648612327681,UCpzwGD0xJV0mu4qZDV48VUw
7.202513,13.871898,1,0.09887500017213796,UCq-9TvVYgr4onqvX6fC-YDA
11.838545,3.1339738,1,0.16180058443679007,UCq-g0LTHEC0icWYOTStv4zQ
8.437353,10.345535,1,0.13353918819409522,UCq01OSJO_abJddWEXmqgSOA
13.709081,2.7831724,1,0.16476673687825966,UCq119kYAubeVfrWhYFykIlQ
9.498032,1.7907876,1,0.15131494648106902,UCq15xzbYB8IJisLWbvO5AMA
3.5330248,6.565738,-1,-0.06449537933545302,UCq20xIJO2Q0DAU0KHMYLbzQ
10.324996,9.366696,1,0.15588738820842057,UCq3mPiOPEle27lj8qnnLSPg
9.56214,5.981929,1,0.1005401487529331,UCq3rP5x7uZ0mECyPW2tmZ3A
12.014639,7.3134465,1,0.14626062659189315,UCq4Y78rboT-gqem7y1fmLyA
9.089391,4.4518504,1,0.14972828538729205,UCq4eJXEEmcnCLAfbRXiBOWA
0.83821636,1.6496996,1,0.05457211162858677,UCq6ELOz1Rf_VgNBgs_92A9Q
10.79244,2.203745,1,0.14982661686803683,UCq6nfVndj-E3C9By_uW4_OA
8.664296,11.997593,1,0.07985972927746565,UCq7LuBnCMDn6s01_wmWsIoA
11.73193,6.5270543,1,0.13694331222298978,UCq9AJnrPqNsoujSA8v4zL9w
12.186301,3.7683716,1,0.1635176952550914,UCq9PEZg1opT2a6X469kIGmQ
8.154946,0.49418947,1,0.15044742303877418,UCqA7P6F7M7hH9HF3QhSho_w
6.151604,11.596548,1,0.038962604249363375,UCqAlovQUyJM7QCRch_QYPQw
7.725388,8.404402,1,0.12160201004748228,UCqBDFiI1X8oEjCd_oRNLAIA
8.763204,9.059632,1,0.1461377931853916,UCqBw_4n-0ZbiESnEYSz_Xrg
10.038041,0.8297478,1,0.15896701892256015,UCqFQzK13crK1tRI72pCfU3A
9.671002,3.2881465,1,0.15154392789030263,UCqG01a5zwy2V1AzkBKPmoCA
6.0815377,9.245571,1,0.09841759328917143,UCqGUd1lvGgoulG-e0RMBt4g
9.199333,1.7580675,1,0.13477682257315582,UCqGniKDUlbTL8XlbBqmAIGw
1.2572098,7.977416,1,0.07350650774573875,UCqGyYR-9di6-4xk00y_1vEA
3.5707092,6.44224,-1,-0.059192049421269544,UCqHp3k1fQiqW0GSWM_x2nZw
8.823427,4.664167,1,0.13716037267051073,UCqIYIaVqtEuIm_8d-M1aG6Q
7.6580896,7.155862,1,0.10768885998150712,UCqJqNDGymdfCpmGYklZXVHQ
10.343035,4.900267,1,0.10547990427460657,UCqKcD9HqCb9ePC4tROYfZ7Q
13.350503,6.775081,1,0.15902672128068562,UCqLjmaxQzyql8-IGrS3vVZg
7.3734226,3.816352,1,0.1473342522413359,UCqO9xAV3uhv_OEaiVSOz8pw
9.875508,3.8160193,1,0.14868484770432683,UCqOrNyhlncLMtYSfaM_-etA
9.7041445,10.585942,1,0.10337797669601367,UCqP6aBsNKQTVm8ELSJVQGSA
13.979726,5.097985,1,0.16126123406234694,UCqP92ZwT6KcWu_WZudXN8Pw
10.298132,11.233221,1,0.13131988437424846,UCqPDJtlv_d8KmIy_9EnyJuw
4.760965,3.2121944,1,0.07621587837521565,UCqQ0GC6MbDfQM13CDPSI_WA
8.829874,-0.21272048,1,0.1526345007609578,UCqRHiSJ0GYM4NuPTglpQFYA
6.1550665,7.653777,1,0.07666836885253636,UCqSl22KxPQ2cbQ_-OeuY2iw
7.8766513,0.7577728,1,0.14987070231652588,UCqUggwObbmuAwztRIlf8c7A
0.6766664,0.51757294,1,0.0641625612439719,UCqV4LHtNRHrtWCLeHt9uaMw
3.553969,5.576343,-1,-0.06842269603451523,UCqV7i_LqvXGbJxjJ0XOygsQ
2.3318167,7.2057724,1,0.030885563215850675,UCqWg85o9jw_dw5_1GruQlww
8.695451,3.7613351,1,0.10401646586982327,UCqWiGS4zfIyQm2zJiIu-itw
12.596586,9.058573,1,0.15710482297346906,UCqXKSekqRmPqzC4F2mPidOQ
0.6802541,7.284227,1,0.08233987093722567,UCqXW_nCiHlRiI59Q_8N1Y3w
13.865343,5.229882,1,0.1563811868821916,UCqXiUEGnj8yhQyRannjwJNA
11.821931,3.0442355,1,0.16363919933632376,UCqXicsPP6RKupSu7HBylVbg
11.0470085,4.59872,1,0.14573460493368828,UCqYbpPvmr-7d84Dg2yPKF_g
7.119873,-0.4745782,1,0.0783053439897694,UCqZJcM9b0B7OlfgF5Aa-SEw
8.345393,3.971473,1,0.08773022367860189,UCq_s2lcGCvg3OogL3nkcpzA
8.365713,3.912266,1,0.12991431971198564,UCqb_OqYFKABD4dmnwvngvbg
8.107203,10.609862,1,0.12738080112766653,UCqbnfostWBV94jO-Vv4WIUQ
-0.52444,0.6297688,1,0.11593202220742371,UCqbo-OEbMMzsgyVlZzqsWVQ
7.9542685,9.15363,1,0.06681044355153343,UCqby6TQTzysGi1Nn43QdsjQ
6.443494,1.929032,1,0.12946315866262692,UCqchqzuaHKUJPdU-TjRk-yA
8.140398,3.8880045,1,0.08465750384826592,UCqeZoWSVkXlfXVKmtQz3m4w
9.592715,6.027669,1,0.1404067226037023,UCqflK1qV7JOqpLX6RB1h4uQ
13.116656,2.7383292,1,0.15780087592898873,UCqgjbtDc8NFc-8FqVmQQfrQ
3.9954522,6.781901,-1,-0.0699289446342547,UCqhnAU_fXoUKINKnxijG0CQ
9.5548525,13.141955,1,0.10277967005752925,UCqhvTbBWu20Aq2ZP56k0uXA
8.788939,3.9350438,1,0.1294996765776944,UCqi9t5RPOhg74FGrFQnfrFA
8.847807,6.7405868,1,0.13243858283410437,UCqjhqpic_bqdKnrHxGtIYUQ
10.442552,7.088198,1,0.14616712878158272,UCqjnrL9Mb9LxLWU9kztvxOQ
10.783209,12.204969,1,0.09008132105396582,UCqjuMzCcvB-3QPoT7xSKbeQ
6.9011183,0.49062103,1,0.15246945325338807,UCqkMnInkRmectJ50NNI9GJA
6.068479,8.222579,1,0.039913955934059,UCqkcSrAiUudfBxk-BASXj-w
5.5818343,-0.7071514,1,0.14821075047814014,UCqlmIO-ip1j77Go7bD-b56g
9.696961,0.024025774,1,0.12781044154140664,UCqm2a570tcEqMI37Vc8LT5g
7.3224554,5.1334147,1,0.1414794839391399,UCqn4rh0CiItdJ5gN30C25aQ
13.251037,4.5823483,1,0.16450641394267973,UCqrTg0xrPzTVsf0hhM857Kw
2.2140007,7.608986,1,0.05475683871570247,UCqtj5TWPo0MlM2PgeETV6pQ
1.1009668,1.6477991,1,0.07946077445223132,UCqtyUhaabeICdL9nkXiAIFA
7.3174033,13.775508,1,0.09859829509387197,UCqulS1oZEKBrZeVyXZ4bRww
5.4201484,9.052687,1,0.11800339238128776,UCqvEP3DIC-NleJg-zsX36fg
3.0571334,0.46905938,1,0.07805757716511558,UCqvciUz7kR6fwgf2JAbKRiQ
9.428904,6.0171404,1,0.10831580540898544,UCqxv6qyr8l_yu3iaGbAJOug
6.740897,-0.8949683,1,0.13682374466224273,UCqyUSD-HqLpWt8uCr_zjI6A
12.051068,10.386639,1,0.1460668534972699,UCqzzCQlNtaOhMHHIrto6fBw
1.6700743,0.2418054,1,0.12426097127510838,UCr-6q0QuR9W0VvTD-wBf-ng
8.788532,6.396802,1,0.14228186782543012,UCr-BSK33xvUOtvVnuBsy2EA
3.7775497,-0.9489279,1,0.1076909366878212,UCr-FnUC0ER_uxLoa2qbJpAA
11.018555,11.827361,1,0.1432410422203133,UCr-af13Tows760eSvmZKNLQ
6.842589,11.095258,1,0.08486059656935885,UCr-o4MTND4KX6lguu7qGesQ
-0.15654726,7.41528,1,0.07980405831311638,UCr11YlR9AkuS8wLjUlye-ww
8.191795,10.670936,1,0.12848958477700345,UCr1xxXMSfRHGWyjFRF-TJaw
8.77165,0.28469738,1,0.14162624808611457,UCr3vs-1V2EuzYnzqgpwSjGQ
-2.6551156,-1.6218936,-1,-0.024106388845670623,UCr7n8G6hHacM42_W8qoYVEA
9.931544,3.5504115,1,0.15401739128539055,UCr7uJPi8MwKMMUexq8WygCg
14.673711,4.0214677,1,0.14016817339638238,UCr8fyhCxAiQmsXvw_KcWPhw
6.252724,7.9150653,1,0.10323589830063429,UCr8jIVvxi3HJElD6BstMBPQ
10.90676,9.350969,1,0.12332812305790014,UCr9ggtjL1Xc-SrS9QR44yww
9.753567,5.2008266,1,0.1515538599115866,UCr9uS3hKv_zivKamtwOdoWQ
4.2296953,9.772963,1,0.020551429714595892,UCrANN6j4YMWU3l9Wkz51fkA
10.219224,4.863675,1,0.11044491534971856,UCrCFkOV3cMcTnFbAYdRazmA
4.915379,8.719574,1,0.08032938299382153,UCrCYmYYlKZ9MFgSsH9mys8Q
13.631403,2.6921701,1,0.16414407045611262,UCrF5mQQgViJqtRsgBLuW0Tg
2.42694,7.4853396,1,0.045249937764403836,UCrG9Co7DeBN3bcETvHwMBlA
2.0599759,6.3698473,1,0.022549897652568707,UCrGKTVo_6r05NzT8L9M23cg
8.039353,13.251982,1,0.05862156194191509,UCrGTXbYBop5_fyG2irmjdaQ
7.4093328,5.3278527,1,0.12151849035608986,UCrG_1cvT6XyzFvmItevItfA
7.6004887,13.526131,1,0.1073987745925773,UCrHBRHEtorBzNhyGcF9WyYA
9.551366,3.3639889,1,0.15099244284806612,UCrKK0YEit1N0TZ8VXQ6zFcg
1.3322241,7.994862,1,0.042450210118360754,UCrKpgHkZL5dkuCNhId3EdDw
4.3975644,-0.59592694,1,0.14210535230527915,UCrMkagdXeD-zXHtLBj-EBdA
13.582179,6.5606723,1,0.15542353088027405,UCrPqCMsj-E3wz8fVyoJuGOA
0.6117669,7.747351,1,0.08765237953586713,UCrQHMfazqWin1eKB7kO6APA
10.684497,4.902536,1,0.14144190020217373,UCrRHqDPal1wHhm5t-CLsuVw
2.4083366,1.1976066,1,0.014455359197467599,UCrStuD-TSbRS68M6dhtTtBg
8.660222,5.839024,1,0.15647726158081432,UCrT87YEYEYsEuQ2pNyS57cw
1.2805707,-0.66137505,-1,-0.15106324945271132,UCrVKbnxk9Jv168Iz4_h6J_w
8.304325,7.2164884,1,0.10194446968065479,UCrWeA4rv2Pc2FDjx03eYMfA
11.288397,6.631951,1,0.1512568042470337,UCrXeKXI6nvcupRXPec1U_3Q
4.707142,-1.0045741,1,0.1268800432861925,UCr_HWNJvC_ZDrFijQsTI3Yg
9.281687,5.6415734,1,0.03925612083831426,UCr_XBmTabkXp5JE4sx17CDw
8.23751,5.7946353,1,0.11205502887028795,UCraMhcDm48YdIWpHrfNFA6A
9.272628,1.14465,1,0.15190529658006274,UCrc45twYwIsfKG3GW9aproA
10.695418,3.8580153,1,0.14301443651635926,UCreaVioJnjm_7m5saZMrMDA
11.989703,3.3262887,1,0.16482218186752007,UCreppFR8mYg3iJ37tpaVMuw
9.453554,3.7051363,1,0.14607442614599936,UCrfZGIXpOqzWYzDvmD21fcw
8.794604,0.19540478,1,0.13725320232899546,UCrgi6dYLDhaaNDkeNr7G8VA
3.1101594,6.6408105,-1,-0.05072578478689571,UCrh4Ba8xcuhoo3BVf417X1Q
6.915292,3.6587176,1,0.13541557543857402,UCrmvhSlOMq88NSU8FPH7eNg
7.82597,1.1527046,1,0.15122730218371083,UCrnLJK-fGeSelv1Ml7dRb0g
9.030262,7.306122,1,0.15169684238564773,UCrnqZg84Xj9Pe74V0j8ZEjQ
7.595704,2.647197,1,0.12122572270009618,UCroDSIbtaSRjPHVH6BnqF5Q
9.707717,1.2595054,1,0.1583143766609557,UCroKi9aRk-Qx4Y5syjCMAQw
4.5556016,3.5191205,-1,-0.03776127002065488,UCrod9DLIVXGHeIcq63B-OVQ
-0.2159246,7.2914658,1,0.08384446215519714,UCrpFsgcZAh3JuBYBjiJbP5A
10.149149,0.95383614,1,0.16176494447876277,UCrpNVTmkKMG3aBouwly3v0g
4.165673,7.562063,-1,-0.032246147666587066,UCrpO2yRm9PeGB3LbYg6Roug
-0.8099205,-1.2717055,1,0.08923306218280352,UCrqhMQXp2fUm8qMIBdTbYVA
9.890718,5.778746,1,0.14991334573475756,UCrvjZYTceiyoeoaqZdXFacg
1.4941993,0.53465056,1,0.11834846604297733,UCry95EQyBG1oAQyPVT1BxaQ
2.1462336,0.62601876,1,0.08399204983841196,UCs-MzMvNmSjpteWvDkHJaWQ
6.140626,-0.089958176,1,0.12959748275277905,UCs0lqtSZQT24rK5ybaYHecQ
8.731861,6.2121687,1,0.04575575326311082,UCs2MTQZFUDTJhwOHdHlcStQ
6.470636,7.214587,1,0.1355466905135156,UCs2aoVQw6Bv0ViJuwZpgJWQ
6.7066345,13.542996,1,0.0566853676755657,UCs3MrfpdShe923KbyNqcdNw
10.398416,1.3557421,1,0.14861387272706017,UCs5ILGpV9rVga_5_rdRBslA
-0.20756236,0.65543365,1,0.11138887240743373,UCs705eUgnXrJJMqkB2TL0xA
11.932575,10.821346,1,0.12863866609884617,UCs7JAoDGvrKBSvCSPPwOViw
3.38935,8.046462,1,0.0161809875229052,UCs7wsLlxVswl7LwiU26Wg0g
7.6082797,0.5566279,1,0.1540840870865789,UCs9QgURclINVyVemNdShdAA
4.027898,6.8139296,-1,-0.1283533848174525,UCsAiaZORZN0MRMqY-G4qIGQ
8.298577,3.3178442,1,0.09072707229845445,UCsBjpHLviYP3s7e_U1-hVgQ
6.0732584,0.24750826,1,0.13792293200087663,UCsDwHJN7iX9nNygvP09aQHg
10.976226,0.6770233,1,0.15665161990919585,UCsE3wP-oh3Gay6OqC3mucdw
9.499275,1.8485769,1,0.1503210851784198,UCsEGf8fQkks35UvUuAABgnA
3.4466882,-0.8499049,1,0.13210968982515725,UCsEvUt438j81f_qVUSio0WA
8.606915,7.319097,1,0.13721011514303638,UCsFC4BMQhMuLWuzagvPc2Jw
10.76759,2.1653285,1,0.15647924614222836,UCsG5jPI3lkfAbBd4gW52uWg
11.11911,7.4056153,1,0.09303189492727759,UCsIaAJws2xwpJMv35PVJTmA
4.979796,9.043098,1,0.03151554388512906,UCsIqUHHwuoqtYYKB3eVhWlw
6.5277867,3.793318,1,0.1255361027862809,UCsIw0zVS-5p5NiNwQWoZ2Aw
10.473417,4.2991967,1,0.15165777868983932,UCsJ0ZOlH5Vpo1qIXLgqcx1Q
8.098228,10.853665,1,0.11999376543331847,UCsKywuOT1ywUcM-1RGbrZbw
-3.8680675,-1.8037565,-1,-0.06734092959422999,UCsL97YWc96rxaRCtuhBz7ng
7.161504,-0.33453813,1,0.13916477895850282,UCsMnC8pJA_kkbYnRD1J_vcw
0.61834675,0.6416911,-1,-0.13967246005370182,UCsPlCeOrdcjtqJoY7EVrQIw
8.047664,13.309752,1,0.11735034473491968,UCsQJjIWUBVgvYik6TTqnxMw
3.2500038,6.4518433,-1,-0.044239687746101874,UCsSHmWIa0gokQyGyHbNuItA
10.064324,12.429544,1,0.12416808139985586,UCsU8f1gpPQuA1NbarsqW3Ew
13.604278,4.2606773,1,0.1603030579336751,UCsUpCuSK88s0Xk6ZaOa8cgQ
-3.817719,-1.7319924,-1,-0.016286146618436192,UCsYfn-SJj3GO4SsEbQXy-Mg
5.346256,2.5870945,1,0.04336985728824416,UCs_VA2_jYc9t-lBGBTsJSWA
9.678614,0.26522872,1,0.15859285281410707,UCs_Vih4sAzyEukxnOeRrU1w
-0.5654093,-0.5830721,1,0.0997776985517212,UCsaFVkxNeLte2x0fnYB5pug
-3.6578605,-1.7370257,1,0.02734450068624722,UCsay6JV2v5An0HrX25ceVyQ
13.561032,2.671107,1,0.16320318879342766,UCscI5PoqMhWt6R1jmndwSYg
11.834106,1.1312424,1,0.15755283173249773,UCsd0SZYJAtnqxV2mpJuAlFw
0.53868854,1.6380508,1,0.02282827913038843,UCsdDQOZWFL3zJ4i5HNIU57Q
-1.8179857,-1.4667726,1,0.06033902455299894,UCsdIkFj9JJH1JjUVZzGR5ZQ
7.2860775,13.9874325,1,0.10175847962988566,UCsdburCBGzmF5Hn0q3jrjWQ
6.435584,12.904399,1,0.08457016412768731,UCsdlnM_yEEXtvU1Z_0XS5jQ
9.0730915,1.827676,1,0.14746580139855053,UCsfi_a1WFjW4iHaFyF83ENQ
3.1040814,7.1864233,-1,-0.07722839484835586,UCsh2R5-BBlpWMB78mlYRTvA
1.9991838,0.3542229,1,0.07685634827515625,UCshc46Fc2cfE4CmtVoFUxcg
11.703971,8.771563,1,0.11315941223765408,UCsiLtHKJ8hDm6hHEDHEhZ5Q
13.43105,4.0608687,1,0.15624787816763086,UCsik3TNGbD0mr2fuK0Idicg
7.8706393,5.180012,1,0.141721927507308,UCsk9VljGVFL1K-c2I34HOBg
7.3514786,7.1154284,1,0.1206795254974693,UCskJpZotL-gfjokahw_MFEg
2.8635788,7.667517,1,0.01794320508584535,UCsmaBJ0_7jkbld--DNWHclQ
7.251985,3.2722337,1,0.12410069855567496,UCsnMRtv5WviCEUe7IhoLmDA
6.4445295,9.095975,1,0.10970195615762252,UCsneJ_kT20f0Jj3NGmXQczQ
4.9677362,3.8095253,1,0.033823489326852973,UCsq2cmhJSIAw1NAx0oNOGZA
-0.61196923,-0.67731947,1,0.10506725248814985,UCsqj6PDEdDvtI7jClLFuZoQ
8.863214,6.1426926,1,0.16136446757164674,UCsrirxIE-YSoEFNDCdbfyPQ
10.478023,11.473737,1,0.13540352282437473,UCsrjDVEqGfM4XAjWxLH3wpA
0.2458726,1.1540917,1,0.11655594472401926,UCsrvHrmBOk-x-vxDS7O5O2A
-0.35734716,-0.11687158,1,0.11591012440102183,UCssJQnjXvur6aCtfQ5BCG5g
5.471272,11.951004,-1,-0.027592295806424527,UCsuOuvzHQ6AzYpyJGORdymg
2.9859092,6.2011995,-1,-0.08554397233803623,UCsujSplpwd7pYcD-dQfegBA
7.5633616,4.4616346,1,0.0740880823005266,UCsuxyZxomhWEOGNBpto3JYA
-3.798762,-1.6974022,1,0.015103811833169889,UCsvimz54Wz24ww9t7X0u2mQ
13.002737,3.6414466,1,0.16512141411523718,UCsy4nl-p4QkkxNdAyHXpspQ
9.775953,7.6424584,1,0.15549800929376617,UCsyW2UbCgdqlmfmdf0xoFrQ
12.344229,8.333484,1,0.1345975597212989,UCsydp4vWTzFX5iSKGcpojAg
11.640939,6.5835676,1,0.14955859851685022,UCt-05T0jt190k1pwcTvSthQ
1.0101925,-1.0394646,-1,-0.06980032366221023,UCt-9-2Eddp0hVMnWCcwGNVA
6.6545124,3.7506237,1,0.11793030272456911,UCt-9z2A7nk4G_gPpZY7-VcA
11.833533,2.370508,1,0.15794826957643565,UCt2aP11HkjKlPiaKopvWRhA
-2.5832293,-1.5250416,-1,-0.1796067740356676,UCt3or7cdWH5hrYblE7FjNww
13.644996,5.2920837,1,0.15508361507099228,UCt3tVTd1CUcW8eCjSQ_k_Qw
0.5203764,0.8264412,1,0.022031598259495022,UCt51Z9Uk5xYacFauFzJqRlA
6.897746,13.42401,1,0.09689094943733728,UCt5waZfn7ABisiEgnEeQ-_A
12.210359,3.7770772,1,0.16020455601975758,UCt6BkPFLJ9IAY1YvNut-0Wg
13.879113,5.478969,1,0.1601357428353904,UCt7EdS8f6DVtA9AmdpD3GCw
7.15254,1.8285345,1,0.13720496640827395,UCt8yPqspuLLAwZJ9CooBD9Q
13.373484,4.387088,1,0.16230629092469762,UCt9w9bHdMAm1bAL7rH3JbZA
-0.5722375,-0.5018919,1,0.09905512874668121,UCtBMdTpz-6A8S1HlGsZ7edA
13.281869,3.4516828,1,0.15477749296511012,UCtBne5ZbUqhgqakr_4lsMJQ
4.895668,8.755937,1,0.07384689528241817,UCtC3NOywYBxszkFduofTfsQ
9.773005,3.919475,1,0.11239695405045752,UCtCt6fJW76W94KFF1QOvgrA
1.1278853,6.952913,1,0.015026492619747589,UCtDT0UdfTANQy73gvTe2XJg
6.875697,3.6795185,1,0.1388573595452985,UCtDWzTvmd3EV7lDRdJ-WNjw
11.212436,5.1879725,1,0.14506889967001474,UCtEMxAhuwzzQF_RcA-3eSiQ
9.661484,9.775613,1,0.07202916659470715,UCtEcFxSN6dyRZsptbUjyo7Q
9.803437,8.310661,1,0.1282385165083515,UCtFnC_O9GXJr9gbi2FgAd7Q
5.2708473,0.69848496,1,0.12474500055558102,UCtGg-vpr2mSHSB4nN93NRwg
10.390894,9.3091,1,0.13920037864257767,UCtIEk806i-8fyn3cbXFohIw
14.789711,3.5365534,1,0.16195863310408953,UCtIJbTDsf1ZRTMa7sIyek_g
-0.40010944,0.57669437,1,0.09748071383383333,UCtJ4STG4jjQLrJky9JhNfUw
10.150461,7.9312673,1,0.157560615356437,UCtN3TFRvyK7t_D5PExEBKSg
8.1158085,3.1708372,1,0.147131805281759,UCtObCLVvuiQf4wl4YeOGT-Q
-3.9241457,-1.7809569,-1,-0.08017337142766867,UCtOcrZJ8rQK00WMxplAdoXw
10.645012,1.1478065,1,0.16193419226197664,UCtOg9NycT7FokhHcKDgHW-A
8.398459,7.470327,1,0.09163758151540918,UCtPR-lQIO-cxmZdd3exO9mQ
10.024728,2.422623,1,0.14379009986525604,UCtPZkkDa6ymGRPS08EROlxg
8.023512,13.567718,1,0.11090281335901403,UCtQOVyilS5Ey0C8V9hDDFxA
9.999333,1.0023907,1,0.15659799204112346,UCtQS9F0BG2HQnUhE-nERROw
13.095092,3.6057093,1,0.16281918149614805,UCtTqsrb7-_Nc5-cT-qpG8dg
2.9581676,6.408119,-1,-0.03228437053376776,UCtUrkh16OXYe3J1O6lbWl7Q
10.1592455,4.213987,1,0.14891810805435618,UCtUzPq40JV_73mgZYF1tMcA
7.875991,13.425005,1,0.10725432658984857,UCtVGviM4f-N8DAfZ7zjINKA
13.336102,5.974317,1,0.16138068678684292,UCtWd7InmaM1gBHCtk9ZTrVA
6.2605577,12.901113,1,0.07156214133650834,UCtX0ew8Vhvg9Y211IvW4Z1A
10.10442,0.27960837,1,0.13497651986924214,UCtY-zMZ5knL5zl-uHKrTbhg
12.389486,8.331741,1,0.13779411176886236,UCtYI6njqoKz1T5odI-ZIcXQ
1.7418131,6.4292135,1,0.03805337302530243,UCtYwiZ4ksdRzBo8jAs2oFTw
6.388616,0.17640734,1,0.13734410344969428,UCtZa1TJrrfj24mDRUrzRA6Q
3.9155507,6.242086,-1,-0.12291024913484705,UCt_CC36lmVA8RkV3xG74WDA
10.695595,1.9586402,1,0.16081020083621766,UCt_IqmSacIwu9zTD8Zjz8SQ
10.431549,5.384084,1,0.10754647962577774,UCtaMLkady-p2eGO8jZ6Izsg
13.586463,6.492142,1,0.15744691692731988,UCtasfal92yyLYV-Zv5ro42Q
-0.44575885,0.12825358,1,0.11231901167468966,UCtbQAoYxNO4lnUY5mWc-FIw
0.04217639,1.0012789,1,0.12794536724047334,UCtdeoxrzE8c_wGn3Xmdlr1w
7.5370193,7.9590716,1,0.08282799873848512,UCtfWQOhlf4eUNeXP25fR78w
0.21406485,6.646962,1,0.07767613895247616,UCthJU9ITZbTY3PZUem4r0qA
11.451062,5.617099,1,0.136407857759405,UCth_QqlrDeDr_1o3ujUJkJw
9.698913,6.8787494,1,0.13513630347663058,UCtjZPCJfyv0oJX40B0DfPkw
10.910156,0.90576226,1,0.15632654800634915,UCtlMRE4IPd92aiW9_h0ut6g
11.073253,11.519631,1,0.14074683388483733,UCtmI2fIHy-d740M8gnkJSmQ
13.73638,7.507475,1,0.1575119908801299,UCtnjcvGKjNw5fBJl7S-6XqQ
12.5674515,2.8075118,1,0.15490132218087704,UCtnlYTmDUfFCyL0ddk_PiCQ
4.176933,2.7222235,-1,-0.0186140500601345,UCtqnsmmFXdxMxJcnGNpWXYA
-0.13835584,7.2948203,1,0.07789493381601026,UCts5p0NV7ksSVNL0PUtX5Gg
-1.9790138,-1.4398044,-1,-0.07056671526232339,UCtsP3SHibwpeJu6x_1-DX8A
1.5505044,1.6945152,1,0.022222320856245537,UCtsTDXqQ07qxrAHhb2Hp5fw
10.582634,7.6594005,1,0.14603998802424317,UCttfMrawsqADhybndvS2-xw
11.087554,8.262668,1,0.1575365644962315,UCtuGkU-7CbRQjm2Ir8lvSNQ
7.54191,13.456125,1,0.10616412518888729,UCtuNvVuKxChsGryr9LwNWBg
8.163089,3.1308994,1,0.13556383168591662,UCtuomBdrOJzV5xS29pejPKQ
6.917913,-0.6883641,1,0.15088494845425438,UCtw9QO3w9327bZnZLWNZnAA
7.007156,-0.6680416,1,0.1495410108325531,UCtwSr9fLXCCd2dHC9KIam3Q
-2.5348485,-1.6373312,-1,-0.009454302850403828,UCtxliviwU_cJGq75Gkhld8A
-0.03941039,7.4118156,1,0.08133362039505271,UCty2nCbnDeXy2tln-EXpWiQ
13.154316,3.228427,1,0.1592881010474,UCtyNnZhqmJggoFZAA5OSl1g
0.17863353,6.7866435,1,0.08727683895819793,UCtywaV3fTGGQX-f932m2UuQ
11.491511,5.4921503,1,0.13947306586648395,UCtzvQvrNpDPBegh4CTfusWw
2.4143345,-0.4713812,1,0.13117043708212028,UCu1NzPyodaSoLRB4JxXKLQQ
5.0670753,8.376568,1,0.051622143178171265,UCu1oTg1OkgGUbRG0S5rqnGQ
10.154402,11.158893,1,0.14130393252632578,UCu2oQ7UTal3-HWu0bWWB-3w
2.2623553,6.9742365,1,0.025891304633682277,UCu2wQb5xZ-w75PFPXT-FO2Q
7.634351,7.949648,1,0.14098748241386128,UCu5Bjejci_OGaj5fSNPc8iw
1.3682097,6.9123015,1,0.05039840297663345,UCu5GAuT6IAYek2hTeaMko8A
11.784193,9.564118,1,0.14419867208590126,UCu845l7vWxle4zMBrb8BBcA
8.70109,-0.31315222,1,0.1469025038367603,UCu9kEzZh6CqJgnb3uv2slmQ
8.229522,6.8520923,1,0.09904604691911023,UCu9lwxp3iYDHbzxrH_dxQKQ
2.0774047,-0.2248018,1,0.11284348868535105,UCuC8hTPaluOci-c-KtoVMSA
12.563824,8.364368,1,0.16012604510305384,UCuCDDTndtTA5nrF6ASzO8YA
10.326915,4.242567,1,0.1493436572357016,UCuCoPM8IwlcCR-IWGjBlihg
0.44902122,-0.40799543,-1,-0.019361301562746736,UCuDZg23emme3-PVUBL2bwPA
10.09318,12.1154585,1,0.12932502774614518,UCuGAccKAO0csFFZSAavlXyg
12.625621,1.5820168,1,0.16378199803972365,UCuHcviwM8H4ceBVojynZSWQ
0.58205783,6.8101807,1,0.0520461544573988,UCuIcb1zH740tUX3XII0t3mQ
10.693597,2.142797,1,0.15921596434674146,UCuImGSS0vOnuq0AHYUUCnCA
9.703905,13.995181,1,0.10818494954263885,UCuJ8BGUhNIAVImhkQGKihug
8.278377,9.421399,1,0.13637061749728674,UCuJklxRjT3hKWyviJxqnQuQ
1.5907041,0.30348536,1,0.09267103141624344,UCuKNQKkvdbznwuc0ljTc0Yw
15.026905,4.520373,1,0.1590744940092182,UCuM4rKEMZkH9bnzHbBtPr3Q
8.750249,7.67018,1,0.15226553313147834,UCuM6kpppW-mtPXDufwkUcCg
5.858729,2.2304044,1,0.1133017019384231,UCuO4v-AgrtjS9W5sTQX9XwA
9.9015255,12.816458,1,0.13327235861085912,UCuOopMHeNLvcJJcA6Xcx6Tg
11.8819,1.0768837,1,0.15619567247502092,UCuP7cfsbdHOFnS7frW44Mxg
13.343578,7.7168093,1,0.1503338693688135,UCuPeEwAkTRPdwfuDmLlsI3g
2.371524,7.384497,1,0.055805127494784945,UCuPhLIuzUqywEO8mflnThRQ
12.106862,8.666265,1,0.13183142240275864,UCuQETkt2upgjn7dJhh3kqdQ
-0.6528207,-0.7863051,1,0.1040639964197469,UCuQt7qDBrCE-JaNnhHAIkhQ
9.241229,8.609327,1,0.13553664935731574,UCuRn0JsYOXmPPUrKsExUgNA
7.5721974,5.6631756,1,0.08703226064619157,UCuSctxLDMvxKMWaWgt4c8Gw
0.33559865,-0.9404009,-1,-0.2199722214657368,UCuSkDhKSZP5BrmZ1XTCy-qw
-0.444567,0.02027459,1,0.11519806464975696,UCuStEhW9cZFvO0HNkl2_lOA
8.822743,6.6098247,1,0.13366357564259568,UCuTBZ5z09pHgrjZ3pjnKnFg
6.3264437,-0.75705934,1,0.1545440479783065,UCuWc3nJmuPGNN2-roO0GmvA
6.297115,7.067873,1,0.11016807440422738,UCuWeHxzmG_KtdsdowssH4Gg
9.6663475,9.496994,1,0.10202567376084198,UCuXlFx7wWe6gDSsaWG5vnKw
8.236778,3.5827305,1,0.14403046510795103,UCuY7tGv7Ju1BU-8QVqFo1Xg
10.190651,6.9208193,1,0.1430242116106224,UCuZ2pUdWeoq-c4c2cDTH4Xw
4.810848,-0.30423695,1,0.12870131386407418,UCubbEx2_cLEiFGYxCtqa8Pg
11.443915,5.312717,1,0.14116281410719583,UCudFHoEF0HLhpWZ9lHgBnLA
13.131932,4.3234515,1,0.16477437286789948,UCuew9r_wVa0s2zUui0Ux46Q
4.300823,9.655174,-1,-0.06857041163590183,UCufYjNoxf32o2NFXt_4J_IA
1.9552019,7.74953,-1,-0.009954615850468973,UCufbybbxUwsJI2Zlfjmv1ew
8.824922,14.319942,1,0.06677279842825673,UCugJeFQNP8Wm8lqnqJJCH8g
7.5267777,8.339891,1,0.1365575986544813,UCujEiTELXl8JqQYuG4kg14A
7.472979,2.5542579,1,0.06179413396852279,UCul3KWP7-qOJlYksjCGimgw
14.347573,2.6633453,1,0.1603920239870435,UCumrvhbd16MTb-nbV5vt_Cg
10.621448,5.257583,1,0.09593229693612176,UCun8tgkE8I704Z9j1lIHXJw
7.414794,2.8730335,1,0.14169941406678654,UCunKymEvNYuDanvOGaJB-_A
10.86108,10.810826,1,0.12615042745955457,UCunllKCqzQar8fUAB2px_Yw
7.750499,-0.54194707,1,0.15267109177001204,UCuoLf-ObavcyjSWDQgb2E1w
3.1421113,6.5676293,-1,-0.08309323864030971,UCupC0GKAnfAYgwqynEmb5Lw
0.39979103,6.935617,1,0.05621000837550677,UCupGFdgE2xEAJTlmkf-fIAA
6.3973503,1.9477413,1,0.11013325617768893,UCupl4_0BK-mmGb-wBccTl1A
7.278334,3.9479456,1,0.14247153601704898,UCuq26AoshCSGBS9zfT2CTdQ
13.68764,7.9331326,1,0.1508095903833428,UCuq_l0SXPRLVhR5zbrFezMg
10.567305,1.3618261,1,0.15257241056953336,UCuqj2l5FENgEbw_dDr5_jDA
5.906124,12.461518,1,0.029520615857575705,UCusXikZ2Un8GOhOCoEmWg2Q
2.010229,6.0588593,1,0.024722981884988837,UCusgQXwdKkz6IIgRRuc2GEg
0.8117145,6.218395,1,0.03941497259990506,UCuueeFqN5mTyTUxiDws4Jvg
10.124994,4.319348,1,0.14764065385442476,UCuvdnEZBdaogzBUrnL2-hUA
10.808197,7.413149,1,0.09144906325729385,UCuw0t9oJwWIGlWGO2FLTA_g
6.763555,-0.1807505,1,0.15215698759490537,UCuw2ltVq7-mr4VQGkhlkcSQ
5.994499,12.881281,1,0.04758479618892558,UCuwo7hyKOH6kqc0ChYA0CZQ
4.4824,3.0624938,1,0.039242654958759726,UCux86zxs8AnBqqDH7MUWkoQ
0.3185066,6.813693,1,0.08708999628100611,UCuzvCm2IbyJN_-1Q81JFK0Q
1.1954937,-0.7823846,-1,-0.166732968591095,UCv1bgBA2rbrRYuNoeVHXChQ
11.612129,8.178884,1,0.15749629896564504,UCv2w1mgdDPa0h5kn1euC1Og
8.415285,5.9202957,1,0.15508802685159012,UCv3SeMcqld2wZ9gi78r-ttw
6.703029,11.765781,1,0.08233902218614869,UCv3u3iQ9SqP_0_o6WjTE_qQ
9.274739,13.225398,1,0.12040670591537372,UCv42kGNb7RkytfSgq0Yz3Ew
11.539981,8.082791,1,0.15775258520859925,UCv4CMtMWjVXJWqnYV5vXlcw
12.557945,9.892839,1,0.13747288731033985,UCv6OAi0THV-RCf_RJdCf8eA
9.880595,13.461046,1,0.12573866016796986,UCv6kbIolFcEXEPYf5sLNm5g
11.54357,5.7595687,1,0.1416166278172169,UCv7G1DFos8K93ogCM7-jv4A
10.030925,0.93624765,1,0.1580909272714654,UCv7XXl8sULrykyOgHvMwHfQ
7.697191,6.040196,1,0.11301786547149067,UCv89AloCrm5pk21rMGkxRkg
-0.18060896,-1.0613204,-1,-0.12426576842480441,UCvAOzvc0066dojKWd3lcH8Q
8.503188,9.082829,1,0.13057350513156246,UCvAVnOZNM7c7i8R52es8TGw
3.5032325,6.338455,-1,-0.058203150986410934,UCvBHzja-3o5nfzvHECqqEww
7.403499,7.359248,1,0.12008709715521715,UCvB_4UBGEV4MUR6AGTfL1Cw
3.8528328,5.8914332,-1,-0.15175590362068192,UCvC1IppwEaKf_RYLt9U46lA
13.328474,3.5624259,1,0.14852966047274796,UCvCBQMmYcQ3eit4QPWTieUw
13.394252,5.8775263,1,0.16169211015304769,UCvCcFRgOdOBDA6IV0u9F1Xw
-1.853993,-1.4151257,1,0.05987712030805725,UCvCcg2HohJd4lofhZlPx4zQ
11.416598,11.26939,1,0.14353569978477665,UCvDYnGJgiZcIvRRIDIiqOdQ
7.1724377,4.4970503,1,0.012775823137370634,UCvDbkT8b00rkj_nIALVBwsw
2.2738795,8.223368,1,0.01323416583092768,UCvDz6P4FNSZpuC0ywgjsGQQ
9.158741,2.6767926,1,0.1529122198811479,UCvEH3GIyS-cv4gs-ZLiJ8vw
10.326394,5.5233583,1,0.10356936807111922,UCvFSJLnpz3tcdPAxS3z5iVw
5.5731235,12.125064,1,0.012231177599182075,UCvFdtH-KTGTyILlevYhvFYg
9.115285,3.4631824,1,0.10329283372906933,UCvHcQfVrevr95DQQ9uaPMNg
8.717339,8.376562,1,0.13759529371482537,UCvIeVVOYt91VMEK9ofkMpPg
5.8859553,11.78715,1,0.03722810500849438,UCvIt400iVwJsI776V26Urww
6.4128804,3.7840989,1,0.13006084074979202,UCvJbG5DUkERB_VA5OmZndzQ
9.487309,5.350904,1,0.11637625332454138,UCvJlM6iY14SI3GyRbR1WMRw
2.4115453,-0.5338315,1,0.12947167191664516,UCvLKHlGfnoEmI8LLYc3zEZw
2.4466004,8.131097,1,0.039575748969522595,UCvO73JiNlu0NmbyaQzsHuUg
8.241309,3.5793262,1,0.09577717884078574,UCvOLgJosZa045VvVyIO2_gg
10.666948,7.813522,1,0.14300501757753226,UCvOaP1a4YQPX5se-bBGSiQQ
6.9216475,-0.091655225,1,0.15604438503069878,UCvOxkNkujEwF5bMExiEfBAQ
12.483168,5.127057,1,0.1629820393075771,UCvPnexfkxsEspKROsZ4SsLg
1.8651514,0.08398495,1,0.11568264680166512,UCvQG1gpFQidfdnfHLnbvfZg
3.4615016,6.9085107,-1,-0.073551142002938,UCvSdknes7CWqms1z9mlFXxg
9.635337,7.3559504,1,0.15949190391256163,UCvT5SaQ9nfCqAN5QkqwcZoQ
0.83988893,1.0214914,1,0.12676250025931862,UCvTsrQlZALZSL28kk0lHX4Q
12.06416,4.244032,1,0.15272909850853617,UCvXrBe-9HXoB1SGHaUxbn5A
1.0378603,7.138112,1,0.059870085594340705,UCvZBDRPQBJgYZm2ib0O5HHg
3.0368042,6.998701,-1,-0.05116375137722118,UCvZwz1YWYa3GtFk_T78ALgw
12.286778,8.541133,1,0.13728537548344993,UCvbQI5pcHAEzYm8hxIQ9GtQ
5.6703844,8.345906,1,0.06583327870277472,UCvc_RLwBg1cpZxBAXQCiaUg
9.369731,13.30731,1,0.12028818978151301,UCvd1s1BIM-uHQ0eODb2mTdQ
7.7636914,6.5551543,1,0.13641081584476134,UCve3oJ1EDu_e15uApvBEHlQ
0.018699149,0.89351,1,0.11462356218800779,UCvfcOerzve6p1pR5VRuh1sg
11.101842,10.334191,1,0.13576678856465285,UCvh7Fx-bTbWJj-stquZHK4w
9.655113,14.094801,1,0.10226428589795084,UCvi-lNywv_TLhZdNYqvJ6QA
9.77418,3.8768892,1,0.15371207394234954,UCviE9tLOQYnTLHu57Wzxdog
10.678463,4.2885203,1,0.15317748109147622,UCviJuEJ0YCMzfns7rZi4FFg
3.6527824,4.19708,1,0.023593488886234193,UCvmsnD5JQb5fS0qF8B5nyNw
9.268782,1.0392363,1,0.15605638804166094,UCvnM8N-cYxG5pc9zPaWgHUQ
8.626536,5.8217077,1,0.15822005288502067,UCvny3UPuQjZifIueChOOFcg
8.707112,2.1912997,1,0.14616537099645,UCvnyrmHHeEqvHJMN0WV3rdQ
9.226873,5.7835784,1,0.11077837443141775,UCvsW-AeUsLPpAg1PgNtkF_Q
12.93254,2.8482175,1,0.15426253556839736,UCvsswm1DY-c9k3v_eIPS3hQ
6.9279256,1.5850667,1,0.1145311477655892,UCvuw_MHo54xaqkZ7i7GCheg
8.740907,0.05945288,1,0.12837826708709593,UCvv2toXBlGXzdbhTMS1W9gg
3.6336985,0.37225562,1,0.06623997442368235,UCvvA-5rTTGRnEMMCJNoh9VQ
6.791147,6.6843476,1,0.13438659526229485,UCvw5oiSM8eiMx3sSm-fCuvA
7.541944,0.14615935,1,0.1575999399617748,UCvwmrYxlpF3ToVZ4KVByHhg
9.354584,7.6850247,1,0.1493419181118813,UCvxRWmS3T5dlVGIKEkARUEg
14.52368,4.796636,1,0.16405724747938677,UCvxsLFNQhz_mYMgJdMfnQMg
8.807357,12.075671,1,0.12616967618616237,UCvyvx9FKa1skq-ki04DN1iA
12.087722,9.20165,1,0.14919791026323725,UCvzDP-jbRZ0AIit24B1-gjQ
9.806906,9.266152,1,0.12791295279723996,UCw0aiVa8jmupdggWGoTMZ9w
-3.8918364,-1.7556757,-1,-0.09297090917705764,UCw1CsjhWLOpG9QjWuc_e5pA
8.7552805,6.2908416,1,0.14344320666840538,UCw1Mh7VGpASBPWTqpdwUcWg
10.794602,0.6191375,1,0.1612823956364835,UCw1fsbAq8P417QRFkTbZLtg
7.8958745,3.5669389,1,0.15128224063587492,UCw1mt9PMKJAzMCAiki_sW6A
8.397632,11.338613,1,0.024343597323748856,UCw2w0xPGqfgCKtB1ZM9sPiQ
-0.46698976,0.65097624,1,0.11018893241445904,UCw4W-rrf_ROlNHAQ_-Au70Q
8.962814,4.4848847,1,0.14843605101635493,UCw5de7keOLCD-TUhiwNMSsA
13.764565,3.6865292,1,0.16253610509987593,UCw5zGcM3LH4mDyUZdxL-4Bg
-0.26596168,-0.25120142,1,0.09483456614377272,UCw8_VBsxY5Da8opoPvofLvg
13.563878,4.292526,1,0.1583238712768244,UCw9wNv0CEM9Ohkbwq0mpqIg
-3.1838849,-1.6714758,1,0.010480295447125698,UCwAJwDJ7C2-aX0bpCcxG7_A
8.0070305,8.125116,1,0.07709599062505645,UCwArk2bil61-c_ZhxeK9yvg
11.876665,4.9265146,1,0.15316284019643095,UCwBU-lCVV_p81Rlcx4JRkBA
11.576036,1.1612431,1,0.15901057728063617,UCwByvoipmZjgPB-HimwlNmw
7.694712,2.8112555,1,0.0819628433045031,UCwC0n9XEqXbtoLiqfB072rA
1.2180233,-1.0260421,-1,-0.002253675568370306,UCwDFsVenL4otaf46j65UM_g
10.574885,6.397128,1,0.13273888807441825,UCwDyweH08X6j3VjqVhHSmhA
5.7427115,-1.2425832,1,0.1439175664879676,UCwENr2gU3dRpnGWQ31WtFgQ
9.902308,11.016579,1,0.12154752030306348,UCwEZIq8J0Atls4eDi9v5yUw
6.040554,-0.6301004,1,0.14828731742360723,UCwEm61nheRTfYODCuhI4maw
12.566274,9.340751,1,0.15447126792726806,UCwEoebx9YVz1iwGcCkMFaiw
10.022311,10.956202,1,0.0941644719674784,UCwG-RtMUooLvNKIs5xRxF7Q
10.782281,5.364865,1,0.1416278155438131,UCwGV0V4tUE_4OsrHvm4aP0w
3.9840844,6.6833277,-1,-0.07360837339044324,UCwGeM7b5rZoryH-Tw5JKzAQ
10.455941,9.078558,1,0.14933148450924194,UCwINxOPhFFhkYqntJpZllCw
-2.0900967,-1.5243745,1,0.05464822731740304,UCwK-EelLcGG81WiSk52upUg
1.5544724,7.240902,1,0.06042527581346363,UCwL7Vf1NOoJkNCYgI4APWCw
8.930729,5.4052505,1,0.10504716992187446,UCwLVjfClE4GbmyoNU6Kxmqg
-0.46839496,0.6078584,1,0.08286842249219112,UCwMFd117WPD_VnDCjV4pPhQ
12.022695,4.277907,1,0.1534239416593572,UCwNy-SWv8RabzYm5yTnbTiw
6.4872017,8.736878,1,0.12485980205569225,UCwPRzw_OqvxHVhF7kcLdeig
7.8629203,12.142925,-1,-0.03745374879722363,UCwQqksTFqw7_YtgaM5UBYaA
9.390878,13.30468,1,0.11990380855659466,UCwRCqtgdnEktzoD6cZLd2yA
12.673064,5.980694,1,0.15815299311877756,UCwRFPnu8iCJ_q0kDpEIOCig
8.692985,3.9537575,1,0.13547606544069707,UCwT8_uSCOTc7tEQGprrHyLw
10.867074,11.974802,1,0.1381595843410069,UCwU8-JKkah0BwajPj1E5OVw
8.726322,4.398807,1,0.10210842732687964,UCwXd5AjebcnG1gjcwmqkrhg
9.759432,5.4899955,1,0.1531706564258103,UCwXhWtJRz_d3IydUhkFXyew
14.052077,3.2313051,1,0.16239456048747875,UCwYLSfwM96geIXKHGAbseTg
9.533183,4.9640565,1,0.10516602114713602,UCwYa9bEawSy6NJS-UGGVWvw
10.445975,6.5358014,1,0.14500149296642967,UCwYt9itmJ9Tm4jPwZDk8Bag
6.5002236,10.135554,1,0.12230239189602177,UCwaU8nkUu8PrO383wJ5P96A
12.435999,8.883028,1,0.15824873295358138,UCwayLuKs9LZcL0sIFqydz5g
0.22710468,0.9080614,-1,-0.023028511067724078,UCwb0iCr2PPMRoWweD5TY56g
11.937939,3.3615558,1,0.16561096856549667,UCwe-Sxf0ebGC0UwTUU-MZkw
13.447168,2.0777135,1,0.16372318144953557,UCwf76iVY2Wx1zTdwDyErMog
7.7297144,6.434272,1,0.12593870535023788,UCwfLxITnONK2bFkZ2uYm3fA
7.477791,1.9947841,1,0.12278139783962949,UCwfdKWE6sv7CR0zN0EGqpow
-0.045846727,7.347459,1,0.04526463258595004,UCwflsjf9WHtCp-K3EahIJJA
0.37391362,6.864453,1,0.040803905382921,UCwgULRKbPFiW_nLz4maC0Mw
10.839652,7.03824,1,0.1537362146679882,UCwiKRQcAIS33FNvr5Zzc3pw
11.91476,4.41154,1,0.151502102184161,UCwkDzM6UpYiOghg9r283IWQ
8.201771,6.3121285,1,0.09394270338079164,UCwn0w3T_PL-1J1nwYI0ju_g
1.701636,5.7409415,1,0.05144183706763261,UCwn56BB4cPWKgH_FzK4NFpw
6.8505387,11.292096,1,0.08738042433432541,UCwnz5XO9m52Meg-fOdqRcjg
3.2546847,-0.72939926,1,0.10534542740996805,UCwpKvsz71caPbHAwMo-dWOQ
2.076,7.009192,1,0.037357208246601215,UCwsNrEYUpNKc_sJdVguokUQ
11.516074,2.6865594,1,0.16451989372971854,UCwtUHgepwhPd6M0QpEs7IdQ
11.101948,4.705239,1,0.14855801447074873,UCwtigU3ZDsRplnJBFlkgQQQ
13.086318,8.027085,1,0.15811071067259452,UCwvQIsGJD1gtQPqW9b1eaJQ
5.9577975,0.2582996,1,0.1326000948877909,UCww1DQ8UH_dVGdmirVYlwdg
9.032778,12.802877,1,0.11757221813475949,UCww7Qg_OcVgu9V-7YFbiREQ
13.047635,3.064049,1,0.15597523070241215,UCwxHv6Apdat5dR5BVdB8BXA
7.4974437,2.610172,1,0.12376337573003515,UCwyQOFpCRB12qo7-pQADNzQ
13.2518425,6.989662,1,0.16140300722152473,UCwzC_XfxNKJ4KvYwTpCfmBA
10.773639,10.913869,1,0.14043316466753336,UCx-HMIyqBgGgDhoslrR2w4A
8.460812,3.5910943,1,0.10007103307741216,UCx-leoPVPDvDsicSc87whEg
1.1643203,-1.1239443,-1,-0.057287743840089056,UCx0uF-Us4LOlUi4xHPEgBQg
12.2852335,6.068359,1,0.15238250411352944,UCx1F73tIa4LqpIZ8QuIruOA
14.544561,3.0072577,1,0.15713589926388277,UCx1QpGtVIE20i1GDlSTNX0A
1.5873735,8.047136,1,0.04001968195376682,UCx4J3apzbBWZiCYAmMt277Q
10.953334,2.0285249,1,0.16387195643128827,UCx9h9k06Sn_u8R7PbMigwIA
6.429123,9.846362,1,0.10166341550492752,UCxBnbpZD8gnbqe0BLFh3t9A
9.624607,0.21719655,1,0.15979284956308232,UCxBr4QBh04Nw1mhe1ZreNaQ
13.143741,4.8944154,1,0.16071952285779256,UCxCZ-0NeRGaG0cEdB2h604A
8.5147505,5.4248557,1,0.1472969566449746,UCxD_3fJ1Um79W6iFcctyl9g
7.5742664,6.937452,1,0.11762766423942383,UCxEpLcr9jxrtoo1KSunP3mw
5.0605426,-1.1565552,1,0.14419622103536578,UCxGWC4_TeM2o7QgPjhEqsRQ
1.6229553,5.818936,1,0.04947542630413282,UCxH1kSpAKBE0XIQY_XE9cUQ
9.262776,4.640324,1,0.10250873295372803,UCxHU9_KkRJllIt9QlXc_YoA
10.765132,3.6509266,1,0.14459985433367417,UCxHdueQ2lCp08kZ1136FiLQ
-0.09492087,6.9061637,1,0.03057834095328399,UCxItpghuARpCVGkMbIJL7yw
9.876956,0.33646396,1,0.16001174711161503,UCxJcQOJ0HFfbdlohj8IDI3Q
6.771877,3.0897965,1,0.05702294099869415,UCxKZCh6XF0yxv2tPw348cKw
12.312135,4.162638,1,0.1583143018364379,UCxMFnQHv5ZNxyOC5--fPXiA
7.6980796,5.794039,1,0.14936442870194022,UCxMl7BW3iQZjkb_RN47D4rg
-0.08368204,-0.97674525,-1,-0.07959325689897001,UCxPe7JmeEb10keBOYpt9t0Q
8.630411,11.753659,1,0.06027462679849782,UCxSmfVkmJ55x469SyvTYq1w
14.552347,4.1249447,1,0.15972861546205352,UCxTPtg4J_oMyTOGdAy8-CZg
10.729476,11.229767,1,0.13197863106955487,UCxVNh6FWkXJeV3sPDVRbGpw
8.219673,11.498638,1,0.07737604725596298,UCxWGNl7ar9SuYfbsh7Tieag
6.8825355,3.8066263,1,0.13713734119304355,UCxWe2kcHeJMQq0NlPe2f7kw
9.100349,12.295204,1,0.0959006404025659,UCxY-6OgplQOC2uEXgqODjZQ
5.59527,-0.82564026,1,0.14857713483455465,UCxZ6za_Q-6hPBzK5pmGQ__Q
6.02021,13.028604,1,0.038103613278340165,UCxZyAlH0YwAUBcvtFFOmMbQ
0.58921474,6.881924,1,0.07878943085430856,UCx_hrkHT59HJymoUCjomcdA
2.559086,0.7890836,1,0.021630414709360113,UCxbckLYNUgnfNTZlDBS9-Mg
9.73492,3.5061994,1,0.15065761267793287,UCxcIOIDdOfo2-ljOB2HYZNw
9.891342,11.710698,1,0.10740497271003085,UCxccuedyzOB2AYkgNp8ZCZg
5.2819257,9.585,1,0.08699019750417414,UCxd3C0YYPbYtR3lI9bLjNxQ
6.8453064,4.0271196,1,0.12818371709118098,UCxdX5hzccz9fAK09wyHzOkA
4.113383,3.2602868,-1,-0.04058273626726028,UCxfDgjdRD5p2gIxFnnWUXDw
3.7630858,8.741296,-1,-0.0483964277616139,UCxfUlvIr4_Z6FPcSbRbzgHA
10.01343,2.2630486,1,0.142464307513321,UCxgZLb-KLWNV-NLeabziaeA
7.023747,-0.485198,1,0.14590231263259873,UCxh1GquHVU7JCRit-MSaY5A
8.050192,3.7031417,1,0.12708958550174565,UCxh6YHnBlR_-wVKlWxCqWTw
12.68453,3.0537684,1,0.15787953751084588,UCxhDkf9Z8qMJKwgWVK7oGew
9.885761,4.4675527,1,0.11413182055364773,UCxhR4vIbMaAJc58iBicqtGg
9.953447,2.153407,1,0.14456607794427945,UCxhnw1vZr7Nvk4-s2bL_W0A
7.7290764,4.765352,1,0.12989690799680087,UCxiQ5PZLh1WG3sFNKOM09RA
10.815439,8.0914955,1,0.13671766469832597,UCxiXO-vPZ_9-Ys4n3g1Vy6w
8.9969225,-0.24251698,1,0.13988035889950934,UCxiiJTaF23I6UkPrch33fjA
9.707301,13.681065,1,0.12105535196258138,UCxiuxeSAkQi2HzhNVJWqgQQ
-2.3139987,-1.5600852,-1,-0.0003604094216681508,UCxj874R7MXcAVDmPBIyi11w
12.040453,7.526764,1,0.13493495197437633,UCxjI4tRiaoDHPkI6oopb6OA
9.489128,3.2754178,1,0.1495571439482521,UCxlJZ0TzEJz-aaf9mlIFTWA
10.426969,12.507591,1,0.13457342437208197,UCxm1uq58gOhHKy_4Onhj9ww
1.5000359,7.250661,1,0.07188950686772538,UCxmqmV27H2mPhBd0EOquaWA
6.7561016,3.6626935,1,0.11564402512002575,UCxqJN-3-4GqnYi8zn1PNkLA
8.092887,4.859619,1,0.08750851257062292,UCxrOOdgG72z1cr2YBwmPtuw
12.689029,5.615705,1,0.15183218881215893,UCxtRzVIV-vKM_ioCmMp4rhA
7.4903913,13.155482,1,0.06950492500660915,UCxuoqLjhSKnAsR5SaH_kjQg
6.0837283,12.885057,1,0.05986258060649985,UCxv6iTNeUhGnr6DvreiLkKQ
9.433698,4.501268,1,0.10519705332431661,UCxwZb8v5Y_Y5Nuha0ahxMXQ
10.086794,0.44095084,1,0.15194989918957091,UCxxtvFq4smMi-eijLBl1NKw
9.15214,0.539387,1,0.15703216870325087,UCxytAMQsv79hFpadDAL3_-w
6.337629,8.356555,1,0.11608831647093903,UCy0itkdGFy4T6_7fqx91hhg
12.135849,4.1850615,1,0.14748037056809926,UCy1Femtnx6dhHm48VkwE5jQ
1.6992236,5.9192505,1,0.018334823488821816,UCy1fu11nh90dQD_s2AIHmvg
8.303291,9.368823,1,0.1391541244427698,UCy20AjSN4uND2pWD9sRj3wA
8.506923,6.591569,1,0.10029091807251506,UCy2IJHBkj92UQn8X8Lw3VWw
4.435597,-0.8376624,1,0.14108806478661584,UCy2WsKh7Hsi4zp0FNRZSN4A
6.3083515,-1.0240058,1,0.1501195670829502,UCy2_ht2OpXolYScleUi-hXw
8.1806755,7.2465696,1,0.1450120843741866,UCy4SLDCaAhuOE1Us3e4Nbgw
9.600582,2.6504056,1,0.15285181769377432,UCy55EzgAdWWLTyv01QQh8Dg
9.696874,10.487772,1,0.0998832322684719,UCy58VY5cMB3Gk5eDDyNnBTw
8.806759,4.0077887,1,0.1314318841408218,UCy8R7L2_e6Nwr8TgCyyvG_Q
11.447881,5.708828,1,0.1442317526413079,UCyBqrGC6mA8f7Lyn_YeWWTQ
3.2977107,-0.29314008,1,0.13083685119621558,UCyC82JPaJQcT9UWXtMGVJCA
3.224596,-0.21377961,1,0.1373539625815145,UCyDZbhS-mnuULBRHSUkeIiQ
14.807436,4.819385,1,0.16158243874950828,UCyD_rHWmWGdUvaHXSBJKLfA
3.8411796,7.6783805,-1,-0.025551390227271153,UCyDfdHsjP0uHqL6_0MmvsSA
10.476988,6.4704323,1,0.1449445526227775,UCyIReiFZ0Lswnk6GmioBTOg
4.827535,8.796003,1,0.10101991732121118,UCyJH71Kt5lqXLKP3N8JPAww
14.63699,3.7816296,1,0.16171609697125167,UCyKEa7mUFM3bexIqVZ-hVSg
9.094408,1.8462577,1,0.15353237945655457,UCyLZcoGJS7DYeVhntOQGjyg
13.150684,4.2597675,1,0.16418440260956474,UCyN85-EeKDRP-wMVsaALIEg
6.159711,12.409628,-1,-0.0008099396656289226,UCyOscbfRETZZFY8KW81Yp3Q
6.51029,0.4640691,1,0.15192893870562013,UCyPWksZVGLMpZOVF8tkKtgw
1.637754,5.843939,1,0.035198330300477254,UCyPiTgTAAfOLqR8SlIcJDhw
3.8810568,0.59921545,1,0.0735029676752268,UCyPzsRZpTrCWfL8UWSrkrEg
7.152116,13.424972,1,0.10170338419284414,UCyQ5j8QEonS3PN-IS_jaouw
4.6392136,0.5679492,1,0.10602268055159714,UCyQqUXELmRgQq-gAFoUFhSA
4.1422234,7.4157996,-1,-0.13088034450525632,UCyQwpzdUBWaUjStqO9qrX9Q
6.7168765,12.68928,1,0.08136817688391135,UCySAFRW_AgNdZC-QfcIFRyA
14.287635,2.5283537,1,0.16012463923273657,UCySW6nzt2S9YObwxmjrO8Bg
8.529466,13.600421,1,0.10420855479207142,UCySxd58HzQrp2lI7Hdxbhsw
7.575872,4.9230633,1,0.13770167166091773,UCyU6IjjMV30cQo6wAChcJ3Q
1.1452804,1.2714423,1,0.08791979841366138,UCyUUi7WXEUVGUVAs1Y5OsVg
8.465117,13.777421,1,0.09359398983721312,UCyUxlkhR36LV6z92gZ2k63A
1.8574461,8.026367,1,0.025145616778442736,UCyWJzK1vOwM1aamTvKCwnpw
14.074082,3.271619,1,0.1615512110693884,UCyX1_7CtaD9Xy8jVcEEDb9w
14.244227,2.6094117,1,0.1631392223693393,UCyY5I2IJozOprouQx7tFtEw
12.831397,1.3449829,1,0.15653549219642143,UCyYkTpKrEvhZO1mQH2LobyQ
8.184632,2.3070745,1,0.13347702163929148,UCyZUaJpulr8Q172sDs_e4Eg
8.286902,5.079993,1,0.11776325247093616,UCyap3DSP4ommUuqdykny3SA
10.150755,4.959203,1,0.11437405932786965,UCydTp3Asrsq4Sc6wZKVkBXQ
11.151888,9.985349,1,0.14450315980705442,UCyedzPQKtOp-u8xQGc6zP6g
9.297899,12.454601,1,0.12176167554220363,UCyg8IjVbMSDOlQkt05Eth1g
12.472303,9.68544,1,0.1532269085283886,UCyi4HWpphXKkWnZTFsa7mEg
3.0697234,7.509702,-1,-0.03378344748434814,UCyjNvAMA0VMNGEdbYLijiRg
6.4750524,0.56501156,1,0.14485697181711016,UCylEWSg0sCbS_RJkvOPbYcw
14.983105,3.96012,1,0.1518146446343306,UCylqw8wnHdEsh7GjvgUiQ1Q
10.391862,4.3580794,1,0.15572182728076883,UCym8LNWNco9O0irlAD0FroQ
3.3079648,-0.6210252,1,0.13675953512383898,UCynGzcb3acF49Kpm309U3_g
9.594263,11.550106,1,0.056846261555612176,UCyoxOd1fNdZ1B2FGZpyjfSA
5.820951,7.3189816,1,0.020077335499956384,UCyrQvJIQ1S8FDC_99XXBlIQ
9.312852,5.9326777,1,0.1077074881060679,UCyvj6H6ea9-87mH1MqHbrdQ
9.04587,11.258583,1,0.12212160996782562,UCywgWR3-dgvf64UcqpX7VrQ
11.499434,6.468227,1,0.15064785664892755,UCyxfgZ-8RJVeuMCe6j2pX0A
4.183925,-1.2334894,1,0.1304247023206111,UCyyo_PN3vqPzm0t8qcqyvhQ
3.4988043,6.3020144,-1,-0.06815640755167263,UCyzOCRhSuisP8lsOkepBYvg
7.264839,7.76254,1,0.08418958903039381,UCz1QsQvay74_nPrXz9oHtcw
9.193312,13.841474,1,0.09560782919941085,UCz1t-3lcXRLttbVC53OcBew
10.061231,5.807752,1,0.09907477221800448,UCz1wqbZVrukzfEQmg2aOJPw
6.076739,2.1075757,1,0.11547958467511527,UCz2O2oQ81NbGahInpXfMIIQ
9.749455,2.8840036,1,0.15515711775986535,UCz2POMkqDL2YC10rAYBWp9A
13.432339,6.6931715,1,0.15983805089749298,UCz2r6dEc4pNpuh56_S3_dGA
4.7361684,10.605515,-1,-0.10764062347603742,UCz5Y9KB7mBB0UZC9q_yB15w
9.522879,4.4691477,1,0.15069867754262634,UCz7RScuxt7XGAb3DEC4jPzA
14.882721,3.9486284,1,0.15852328701629465,UCz7SWewxlCnq149cIzHyGTA
7.087633,-0.45928252,1,0.15854882905240303,UCz7hwWeDlDbicdhZKfyMemQ
13.86735,5.417369,1,0.15578835203770458,UCz8fYR-oR9sgAcp7gZTQlbA
2.7570927,6.6614475,-1,-0.01391686604798803,UCz8qNiSWZqDa6GJMVh51u_Q
3.9818156,5.707985,-1,-0.1699953235180055,UCz9JOOzj82qqyVI16ROMOAw
10.460748,5.103039,1,0.10244760128059943,UCz9OmtEcn0HlvuTN5DMFMjQ
4.419026,-0.5268849,1,0.1396695605211981,UCzAbY7B-GIP1t9Q6jbbOZqQ
8.531427,13.579984,1,0.11261870330897428,UCzE9IrS5quydJpMGq4p_CDA
10.682386,3.4791005,1,0.14355851427416128,UCzEqxqEIv6d7krLx6tnpGmQ
-3.9321039,-1.7852296,-1,-0.005447687502551535,UCzGi_b9QEH16KN9irjS08QA
2.8484514,6.606145,-1,-0.004566462605184229,UCzHUJXSl9hSbcFZn8l-76IA
-0.023351831,6.164437,1,0.019284675393041795,UCzIdkqzUTwRaDY6UrY0eWuw
9.345027,1.7468283,1,0.15045578552753192,UCzIf1o3eihSCpXWcJLsaawA
-3.9707057,-1.7796017,-1,-0.09521423698647158,UCzJBgJaSUbkytISW5MPSRqQ
4.42106,-1.2718868,1,0.1278524269905844,UCzJ_xq59sskXg7F9SwAgUvw
10.862444,4.0366797,1,0.14786179948686684,UCzJczNP4kWGfW9iCeOV5Agg
3.1407564,6.6810036,-1,-0.002769553875109687,UCzJgClz4DQOfsh5FD8jV3Gw
15.038333,4.234775,1,0.15659052297017473,UCzKsHi8zlEZ4vfPNYbBzcxw
10.85115,1.2511573,1,0.15512157163221169,UCzLjekZQGmOT7t32oDUvJTQ
9.537115,11.498952,1,0.07238640402683927,UCzM2P-kp8VnOMgRoA5rcs5A
6.419879,6.4842863,1,0.11653714349806038,UCzMhMbmX9Y68ioTZzXVOIUg
9.254694,6.381482,1,0.13320299739084374,UCzO5g974rha6E0uvpWj3GLQ
0.70807374,1.537229,1,0.025489127895516772,UCzSP8iLR2Dv4FgYSRdTjFmA
7.872612,12.4927635,1,0.10632182537575496,UCzSZPh4pUD-7b9RO3pBr7Xw
10.863136,2.0623186,1,0.1628006820105316,UCzTg5Idg-Li_34sKe-kS4Nw
10.458834,5.2770705,1,0.10230625608816102,UCzUagso-6LPy4BwWySBJ0Nw
11.037984,0.65138906,1,0.15722838981223303,UCzUpjMFkGA7bk5Fsn5cEU-w
14.899751,3.5817072,1,0.15718931760417276,UCzUvpFvxKW_M6jdL5OS0qUw
9.615381,7.212968,1,0.1563492009839998,UCzV34XvrRX5af8MLttcTdtA
5.9979615,7.258208,1,0.08562024270694824,UCzVRCWPGU_X-7_sPOxS8QRg
-0.06286239,-0.54749805,1,0.03779999483309948,UCzVc43-TAE7m5zd7YLwHdyg
10.470344,4.2874784,1,0.15262181159776184,UCzVucuAJui_GM6MCTbKHA0Q
10.056376,2.3257773,1,0.15000202063588702,UCzWQouYjreVJfdnTXzs_bqQ
-0.063612394,7.1385694,1,0.07872713319840019,UCzX1Q9J5snjPxwqv8Lq4ftg
-0.13080229,7.3288317,1,0.08989257478032353,UCz_YXGYAuhTDQj5M6xFPtcw
9.66142,1.9434215,1,0.07340145326116843,UCza9KK8nWbL0yyfAWvml0vA
11.471544,10.232498,1,0.1470839498854946,UCzdDDXoO5dfQjKAxf9RHIew
10.510597,3.3069623,1,0.15192069115533285,UCzdJlzyRkykOfBaHFXvEfsg
7.656495,6.9138975,1,0.13046122968595875,UCzgbZ-yDu1Gy3tPDpnaMT5Q
6.3679447,2.93401,1,0.09451031113122138,UCzhRHCsNa7cq0CMR8X6LONw
11.500585,8.573418,1,0.13787336184554688,UCzjFEkyALx-hizNVZQmKBcg
10.222883,8.145765,1,0.1574512912139875,UCzlxtAdfUIItFJCpWJ7jTUA
9.627394,4.0386524,1,0.14922434583294303,UCzmgZAZuVbbfpmSFTv5FmOg
14.896834,4.862207,1,0.1490068252672585,UCzpsGTH8AUFflDKbm07eH7w
8.0822935,5.0004315,1,0.08555045858489913,UCzpsMuwchACUHJKNrMlAd0A
6.231315,-0.7800961,1,0.14932491891239819,UCzrNl1tgLGuYYtWDSQR9V9g
8.876395,13.184766,1,0.07538823654793303,UCzrYWiwKpnZVzM7RblOevsA
11.564861,6.971729,1,0.1501977742392805,UCzs4tHyf_syvqjF2lf7XQbQ
13.9375725,4.2000103,1,0.15663418340103397,UCzscIrP5knxQGyXTaZttjRg
4.106242,8.140518,-1,-0.008901128101420741,UCzsiCl8VmXd_yvnNRZtUubA
12.495395,1.4699535,1,0.13453150993683227,UCztFtM85bX-HIgxqoclJD3w
10.527963,12.202983,1,0.04186155065706382,UCztpqU0JhxCcxCXe-BWK74A
1.6313084,0.38191846,-1,-0.014777436135346766,UCzw15U2oFjJoy21T1aVNK5g
11.271604,1.5174708,1,0.16454615024859953,UCzwuq8q3KnoIX2gNEnyYlhg
5.089655,9.264391,1,0.10470878803296657,UCzx2jDCwqLgPEUkCnCVzTBg
7.3269634,13.415834,1,0.10286849530744224,UCzxIy3D-Lc-KpOuMaYajqSg
10.856009,7.651835,1,0.1340825491392647,UCzy-CspcnpLpYpeXyBDx5mA
12.281904,8.052579,1,0.13918197719248782,UCzy7gBvoCvMR3bJNc7d1gsA
11.569503,6.686491,1,0.1491344437980745,UCzzdqjrfILcLtElzYZKwp6Q
